date,stock_code,open,close,high,low,volume,amount,amplitude,pct_change,change,turnover,volume_log,volume_log_diff,p_SMA:5,p_WMA:5,p_EMA:5,v_log_SMA:5,v_log_WMA:5,v_log_EMA:5,p_SMA:10,p_WMA:10,p_EMA:10,v_log_SMA:10,v_log_WMA:10,v_log_EMA:10,p_SMA:20,p_WMA:20,p_EMA:20,v_log_SMA:20,v_log_WMA:20,v_log_EMA:20,p_SMA:30,p_WMA:30,p_EMA:30,v_log_SMA:30,v_log_WMA:30,v_log_EMA:30,p_SMA:60,p_WMA:60,p_EMA:60,v_log_SMA:60,v_log_WMA:60,v_log_EMA:60,amount_log
1999-04-01,sz000901,17.8,16.15,19.75,16.1,207388,347353216.0,58.87,160.48,9.95,69.13,5.316783623390745,0.0,16.15,16.15,16.15,5.316783623390745,5.316783623390745,5.316783623390745,16.15,16.15,16.15,5.316783623390745,5.316783623390745,5.316783623390745,16.15,16.15,16.15,5.316783623390745,5.316783623390745,5.316783623390745,16.15,16.15,16.15,5.316783623390745,5.316783623390745,5.316783623390745,16.15,16.15,16.15,5.316783623390745,5.316783623390745,5.316783623390745,8.54077132418227
1999-04-02,sz000901,16.17,16.21,16.4,15.68,47445,75761528.0,4.46,0.37,0.06,15.82,4.676190450971404,-0.640593172419341,16.18,16.19,16.17,4.996487037181074,4.889721508444517,5.103252565917632,16.18,16.19,16.16090909090909,4.996487037181074,4.889721508444517,5.2003121374963195,16.18,16.19,16.155714285714286,4.996487037181074,4.889721508444517,5.255774749826998,16.18,16.19,16.153870967741934,4.996487037181074,4.889721508444517,5.275455031621756,16.18,16.19,16.15196721311475,4.996487037181074,4.889721508444517,5.295780568557324,7.879448725172571
1999-04-05,sz000901,16.25,16.67,16.76,16.0,32401,53241888.0,4.69,2.84,0.46,10.8,4.510558414150438,-0.16563203682096628,16.343333333333334,16.430000000000003,16.33666666666667,4.834510829504196,4.700139961297478,4.905687848661901,16.343333333333334,16.430000000000003,16.253471074380165,4.834510829504196,4.700139961297478,5.074902369615249,16.343333333333334,16.430000000000003,16.20469387755102,4.834510829504196,4.700139961297478,5.18480176547685,16.343333333333334,16.430000000000003,16.18716961498439,4.834510829504196,4.700139961297478,5.226106862752639,16.343333333333334,16.430000000000003,16.168951894651972,4.834510829504196,4.700139961297478,5.270035579888245,7.726253447505937
1999-04-06,sz000901,16.67,16.19,16.67,16.15,15842,25888868.0,3.12,-2.88,-0.48,5.28,4.199810008953807,-0.31074840519663116,16.305,16.334000000000003,16.28777777777778,4.675835624366599,4.500007980360009,4.67039523542587,16.305,16.334000000000003,16.241930879038318,4.675835624366599,4.500007980360009,4.915794667676805,16.305,16.334000000000003,16.2032944606414,4.675835624366599,4.500007980360009,5.09099302676037,16.305,16.334000000000003,16.18735222046927,4.675835624366599,4.500007980360009,5.159894162507554,16.305,16.334000000000003,16.16964199646666,4.675835624366599,4.500007980360009,5.2349462169067875,7.413113061168687
1999-04-07,sz000901,16.11,15.75,16.25,15.7,16651,26439062.0,3.4,-2.72,-0.44,5.55,4.221440320811741,0.02163031185793418,16.194,16.139333333333337,16.108518518518522,4.584956563655627,4.40715209384392,4.520743597221161,16.194,16.139333333333337,16.15248890103135,4.584956563655627,4.40715209384392,4.789548422792248,16.194,16.139333333333337,16.160123559627934,4.584956563655627,4.40715209384392,5.008178483336691,16.194,16.139333333333337,16.15913594818093,4.584956563655627,4.40715209384392,5.099348753365889,16.194,16.139333333333337,16.155883242484144,4.584956563655627,4.40715209384392,5.201716515395474,7.4222460432701
1999-04-08,sz000901,15.62,15.38,15.98,15.3,18465,28561912.0,4.32,-2.35,-0.37,6.16,4.266349311986998,0.04490899117525693,16.04,15.868,15.865679012345684,4.3748697013748785,4.300949676621044,4.435945502143107,16.058333333333334,15.922380952380953,16.012036373571103,4.531855355044189,4.366922727599085,4.694421311736748,16.058333333333334,15.922380952380953,16.085826077758608,4.531855355044189,4.366922727599085,4.937528086065291,16.058333333333334,15.922380952380953,16.108869112814418,4.531855355044189,4.366922727599085,5.04560685392209,16.058333333333334,15.922380952380953,16.1304444476486,4.531855355044189,4.366922727599085,5.17104873823454,7.45578727674753
1999-04-09,sz000901,15.3,15.59,15.79,15.25,11758,18232106.0,3.51,1.37,0.21,3.92,4.070333455853063,-0.19601585613393535,15.916,15.718000000000002,15.773786008230456,4.253698302351209,4.199437594780439,4.314074820046425,15.991428571428571,15.839285714285714,15.935302487467265,4.4659236551597425,4.292775409662579,4.580950792485169,15.991428571428571,15.839285714285714,16.038604546543503,4.4659236551597425,4.292775409662579,4.854938121283174,15.991428571428571,15.839285714285714,16.07539368618123,4.4659236551597425,4.292775409662579,4.98268598953054,15.991428571428571,15.839285714285714,16.11272495756176,4.4659236551597425,4.292775409662579,5.134959712582688,7.2608368371328975
1999-04-12,sz000901,15.4,14.82,15.4,14.7,14078,21113968.0,4.49,-4.94,-0.77,4.69,4.148540960867229,0.0782075050141664,15.546000000000001,15.352666666666666,15.455857338820305,4.181294811694568,4.164385147619112,4.258896866986693,15.845,15.61277777777778,15.73252021701867,4.426250818373179,4.26072330993028,4.502330823100088,15.845,15.61277777777778,15.922546970682216,4.426250818373179,4.26072330993028,4.787662201243561,15.845,15.61277777777778,15.99440054513728,4.426250818373179,4.26072330993028,4.928870181229682,15.845,15.61277777777778,16.07034053272367,4.426250818373179,4.26072330993028,5.102618114165788,7.3245698590094035
1999-04-13,sz000901,14.8,14.88,15.2,14.6,10055,14988868.0,4.05,0.4,0.06,3.35,4.00238207493276,-0.14615888593446869,15.284,15.130666666666666,15.263904892546872,4.141809224890358,4.104747568698509,4.17339193630205,15.73777777777778,15.466222222222223,15.577516541197094,4.379154291324243,4.209055062930776,4.411431050706028,15.73777777777778,15.466222222222223,15.823256782998195,4.379154291324243,4.209055062930776,4.712873617785389,15.73777777777778,15.466222222222223,15.922503735773587,4.379154291324243,4.209055062930776,4.869096755016977,15.73777777777778,15.466222222222223,16.031312974273714,4.379154291324243,4.209055062930776,5.066544801404049,7.175768834988551
1999-04-14,sz000901,14.9,15.4,15.65,14.9,9869,15143483.0,5.04,3.49,0.52,3.29,3.9942731489731704,-0.008108925959589897,15.214000000000002,15.169333333333334,15.309269928364582,4.096375790522645,4.055568876726113,4.11368567385909,15.703999999999999,15.45418181818182,15.545240806433986,4.340666177089135,4.170003805847575,4.335584159481872,15.703999999999999,15.45418181818182,15.782946613188843,4.340666177089135,4.170003805847575,4.6444354778985115,15.703999999999999,15.45418181818182,15.888793817336582,4.340666177089135,4.170003805847575,4.812656522368989,15.703999999999999,15.45418181818182,16.01061418823195,4.340666177089135,4.170003805847575,5.031388353783364,7.1802257743524756
1999-04-15,sz000901,15.25,14.93,15.42,14.88,6347,9560704.0,3.51,-3.05,-0.47,2.12,3.8025684983139563,-0.19170465065921416,15.124,15.074666666666667,15.182846618909723,4.003619627788035,3.957633112656551,4.009979948677379,15.581999999999999,15.313454545454546,15.433378841627807,4.189244664581457,4.072167864252088,4.238672221087706,15.633636363636363,15.366818181818182,15.701713602408953,4.291748206291392,4.108764587925306,4.56425767031903,15.633636363636363,15.366818181818182,15.826936151701965,4.291748206291392,4.108764587925306,4.747489553075116,15.633636363636363,15.366818181818182,15.975184214847298,4.291748206291392,4.108764587925306,4.991099178194203,6.980489872616928
1999-04-16,sz000901,14.8,14.9,15.26,14.8,4480,6720131.0,3.08,-0.2,-0.03,1.49,3.651278013998144,-0.15129048431581227,14.986,15.0,15.088564412606484,3.919808539417052,3.8401859080599205,3.8904126371176337,15.451000000000002,15.189454545454547,15.33640087042275,4.086753420884131,3.9743557459642127,4.131873274344149,15.5725,15.295,15.625359925989052,4.238375690266955,4.038382038090357,4.477307226859898,15.5725,15.295,15.767133819334097,4.238375690266955,4.038382038090357,4.676766227973377,15.5725,15.295,15.939932273376893,4.238375690266955,4.038382038090357,4.947170615433676,6.827377739128617
1999-04-19,sz000901,14.9,14.79,15.1,14.7,4779,7117263.5,2.68,-0.74,-0.11,1.59,3.6793370305207937,0.02805901652264975,14.98,14.934666666666665,14.989042941737656,3.825967753347765,3.7600287384278346,3.820054101585354,15.263,15.069272727272727,15.237055257618612,4.003631282521166,3.9002800386254237,4.0495939572853565,15.512307692307692,15.222857142857142,15.545801837799619,4.1953727164403265,3.9870898941518482,4.401310065303793,15.512307692307692,15.222857142857142,15.704092927764155,4.1953727164403265,3.9870898941518482,4.6124159571699845,15.512307692307692,15.222857142857142,15.902229575889125,4.1953727164403265,3.9870898941518482,4.905602301174238,6.852313044859886
1999-04-20,sz000901,14.79,14.73,15.03,14.62,5215,7707655.5,2.77,-0.41,-0.06,1.74,3.7172543127625497,0.037917282241755945,14.95,14.851333333333335,14.902695294491773,3.7689422009137226,3.7237909248994288,3.7857875053110863,15.117,14.972363636363637,15.144863392597046,3.9553757129020406,3.8482114986693112,3.9891685673721184,15.456428571428573,15.157142857142857,15.468106424675845,4.161221401891914,3.951111816633275,4.336161898395103,15.456428571428573,15.157142857142857,15.641248222747114,4.161221401891914,3.951111816633275,4.554663593014666,15.456428571428573,15.157142857142857,15.863795819302597,4.161221401891914,3.951111816633275,4.8666400720459855,6.886922295268245
1999-04-21,sz000901,14.78,14.71,15.13,14.64,5341,7922975.5,3.33,-0.14,-0.02,1.78,3.727622577969137,0.010368265206587512,14.812000000000001,14.771333333333333,14.838463529661183,3.715612086712916,3.710017717251234,3.7663991961971033,15.013,14.898363636363635,15.065797321215765,3.9059939386177795,3.80680183777242,3.9416147511170307,15.406666666666666,15.10125,15.395905812801955,4.132314813630396,3.923175661800258,4.278205772640249,15.406666666666666,15.10125,15.581167692247302,4.132314813630396,3.923175661800258,4.50130610817302,15.406666666666666,15.10125,15.825966448177923,4.132314813630396,3.923175661800258,4.829295236174612,6.898888312971739
1999-04-22,sz000901,14.65,15.02,15.33,14.1,16426,24307690.0,8.36,2.11,0.31,5.48,4.2155318184912955,0.48790924052215834,14.830000000000002,14.840666666666666,14.898975686440789,3.798204750748384,3.8766576278440272,3.9161100702951677,14.977,14.899636363636365,15.05747053554017,3.9009121892682104,3.8630814522948773,3.991417854275988,15.3825,15.091691176470587,15.360105259201768,4.137515876434202,3.957570503763909,4.272236824626063,15.3825,15.091691176470587,15.544963325005542,4.137515876434202,3.957570503763909,4.4828690572258125,15.3825,15.091691176470587,15.799541318729466,4.137515876434202,3.957570503763909,4.809171845430897,7.385743689081076
1999-04-23,sz000901,15.0,14.86,15.05,14.75,5320,7917876.5,2.0,-1.07,-0.16,1.77,3.7259116322950483,-0.48962018619624725,14.822,14.850666666666665,14.885983790960527,3.813131474407765,3.852559921692915,3.8527105909617947,14.904000000000002,14.878363636363638,15.021566801805593,3.866470006912408,3.8312631692088486,3.9431439957339984,15.351764705882355,15.065947712418298,15.312476186896838,4.113303862073075,3.931830629156258,4.220205853927871,15.351764705882355,15.065947712418298,15.50077214274712,4.113303862073075,3.931830629156258,4.434033094327054,15.351764705882355,15.065947712418298,15.768736685328498,4.113303862073075,3.931830629156258,4.773655117131361,6.8986087235103
1999-04-26,sz000901,14.86,14.15,14.95,14.11,6291,9062637.0,5.65,-4.78,-0.71,2.1,3.7987196851850062,0.07280805288995795,14.693999999999999,14.626666666666667,14.640655860640353,3.837008005340608,3.847755991951995,3.8347136223695317,14.837,14.741272727272728,14.86310011056821,3.8314878793441864,3.818944928894776,3.9168850301796363,15.285,14.969532163742688,15.201764169097139,4.095826963357072,3.9178189508434946,4.1800643140475975,15.285,14.969532163742688,15.413625552892467,4.095826963357072,3.9178189508434946,4.393045132446923,15.285,14.969532163742688,15.715663351383302,4.095826963357072,3.9178189508434946,4.741690021001972,6.957254584863938
1999-04-27,sz000901,14.0,14.2,14.55,13.86,6031,8573611.0,4.88,0.35,0.05,2.01,3.7803893284709527,-0.018330356714053586,14.588,14.462,14.493770573760235,3.849635008482288,3.8288830996621113,3.816605524403339,14.769,14.625454545454545,14.742536454101263,3.8092886046980055,3.8096542832814597,3.8920676298689667,15.227894736842105,14.892578947368419,15.106358057754555,4.079224982573591,3.9040759886062406,4.142000029706964,15.227894736842105,14.892578947368419,15.335327130125211,4.079224982573591,3.9040759886062406,4.353518951545247,15.227894736842105,14.892578947368419,15.665969471010078,4.079224982573591,3.9040759886062406,4.710171965509152,6.9331637749075306
1999-04-28,sz000901,14.21,14.89,15.62,14.19,20539,31226978.0,10.07,4.86,0.69,6.85,4.312579294906139,0.5321899664351863,14.624,14.562666666666667,14.62584704917349,3.9666263518696887,3.983197861803395,3.981930114570939,14.718,14.647454545454544,14.769348007901032,3.841119219291303,3.901161681501121,3.9685242962393614,15.211000000000002,14.892333333333333,15.085752528444598,4.090892698190219,3.9429810653967072,4.158245674011647,15.211000000000002,14.892333333333333,15.30659634753649,4.090892698190219,3.9429810653967072,4.350877683374982,15.211000000000002,14.892333333333333,15.640527849009747,4.090892698190219,3.9429810653967072,4.697136140243479,7.4945299572872575
1999-04-29,sz000901,14.9,15.2,15.24,14.52,6321,9461386.0,4.84,2.08,0.31,2.11,3.8007857903277626,-0.5117935045783764,14.66,14.754666666666667,14.817231366115662,3.8836771462369817,3.9279176746227527,3.921548673156547,14.745000000000001,14.735090909090909,14.847648370100844,3.8409409484926824,3.893828330780477,3.938026386073616,15.163500000000003,14.891285714285715,15.096633240021303,4.01509280653707,3.915351836076473,4.124201875565563,15.210476190476191,14.920303030303028,15.299719163824458,4.077078083530102,3.9300542222086214,4.315387883823549,15.210476190476191,14.920303030303028,15.62608431297664,4.077078083530102,3.9300542222086214,4.6677476041806685,6.9759547609325745
1999-04-30,sz000901,15.3,14.93,15.3,14.91,3957,5947223.5,2.57,-1.78,-0.27,1.32,3.597366050266028,-0.2034197400617348,14.674000000000001,14.844666666666665,14.854820910743776,3.857968029831178,3.8324806426324343,3.8134877988597076,14.748,14.768727272727272,14.862621393718872,3.8355497521194715,3.8495419856483584,3.876088143199509,15.0995,14.869047619047619,15.08076340763832,3.9611515865018005,3.875568335479231,4.074027035060846,15.197727272727274,14.921146245059287,15.27586631454546,4.055272991109008,3.9011248159527434,4.269063894561773,15.197727272727274,14.921146245059287,15.603261876485604,4.055272991109008,3.9011248159527434,4.632653127003139,6.774314259836558
1999-05-04,sz000901,14.91,14.95,15.16,14.75,2515,3751063.5,2.75,0.13,0.02,0.84,3.400537989391946,-0.19682806087408178,14.834,14.936666666666667,14.886547273829184,3.778331690672566,3.6800039624860243,3.675837862370454,14.764000000000001,14.805454545454545,14.878508413042713,3.8076698480065865,3.7704489378797166,3.789624478870861,15.013500000000002,14.854809523809525,15.068309749768005,3.905650565263876,3.8221765643259107,4.009885221187617,15.18695652173913,14.92355072463768,15.25484268134898,4.026806251903918,3.8594092470726773,4.213029965195978,15.18695652173913,14.92355072463768,15.581843454305748,4.026806251903918,3.8594092470726773,4.592255909376543,6.574154416181162
1999-05-05,sz000901,14.96,15.79,15.98,14.95,18831,29288122.0,6.89,5.62,0.84,6.28,4.274873383370373,0.8743353939784271,15.151999999999997,15.255333333333333,15.18769818255279,3.87722850165245,3.84551786005196,3.8755163693704273,14.87,14.991999999999997,15.044234156125855,3.8634317550673694,3.8553950352185873,3.8778515524162267,14.993499999999997,14.92876190476191,15.137042154552006,3.9094037339847048,3.857340642240816,4.035122189014547,15.212083333333332,14.992866666666666,15.289368959971629,4.037142382381687,3.892646377976492,4.217019863142713,15.212083333333332,14.992866666666666,15.588668259082606,4.037142382381687,3.892646377976492,4.581849924917324,7.466691524935768
1999-05-07,sz000901,15.86,15.2,15.86,15.18,8195,12672775.0,4.31,-3.74,-0.59,2.73,3.9135489579065177,-0.36132442546385546,15.213999999999999,15.271333333333333,15.191798788368528,3.7974224342525256,3.857624678803316,3.8881938988824576,14.919,15.052,15.072555218648425,3.882024393061107,3.864507253916614,3.8843419897780973,14.966,14.948428571428572,15.143038139832768,3.8940091658394436,3.857735425471464,4.023543786051877,15.2116,15.008799999999999,15.283603220618621,4.03219864540268,3.89425426874034,4.197441095062959,15.2116,15.008799999999999,15.57592503747334,4.03219864540268,3.89425426874034,4.559938417802216,7.102871724214768
1999-05-10,sz000901,15.01,15.11,15.8,14.6,16901,25701956.0,7.89,-0.59,-0.09,5.63,4.227912401751748,0.3143634438452305,15.196000000000002,15.236666666666668,15.16453252557902,3.8828477565373225,4.00112133463639,4.001433399838888,14.928,15.08672727272727,15.079363360712346,3.8832624513871523,3.9273959827694584,3.94680933740967,14.952499999999997,14.962142857142856,15.139891650324886,3.8920873203276813,3.8895357336535885,4.043007463737579,15.207692307692307,15.016296296296295,15.272403012836776,4.039726097569952,3.918969686000444,4.199406985817074,15.207692307692307,15.016296296296295,15.56064880673651,4.039726097569952,3.918969686000444,4.549052318915314,7.409966175770272
1999-05-11,sz000901,15.2,15.96,16.2,15.2,32279,51286348.0,6.62,5.63,0.85,10.76,4.508920071861401,0.2810076701096529,15.402000000000001,15.491333333333333,15.429688350386014,4.065158560856397,4.209812106411083,4.170595623846392,15.038000000000002,15.274363636363637,15.2394791133101,3.9615632953437876,4.041151913764776,4.049011289128167,14.971,15.058095238095238,15.2179972074368,3.9140166511280983,3.948281709990133,4.087380093082705,15.235555555555557,15.083703703703701,15.31676410878279,4.057103652173339,3.9611089992762265,4.219375572013482,15.235555555555557,15.083703703703701,15.573742288482853,4.057103652173339,3.9611089992762265,4.547736507536497,7.7100017749106335
1999-05-12,sz000901,15.95,15.97,16.5,15.8,27143,43872376.0,4.39,0.06,0.01,9.05,4.433657846692988,-0.07526222516841319,15.606,15.680666666666669,15.609792233590678,4.271782532316605,4.332645201689947,4.258283031461924,15.220000000000002,15.443818181818182,15.372301092708263,4.0250571114945854,4.126987286737358,4.118947026867225,15.0285,15.153238095238095,15.289616521014247,3.928272495419386,3.9977713476629804,4.120358926759875,15.261785714285713,15.144827586206894,15.358908359829062,4.070552016263327,3.993698574960141,4.233200234896031,15.261785714285713,15.144827586206894,15.586734344598169,4.070552016263327,3.993698574960141,4.543996223574414,7.642191155165068
1999-05-13,sz000901,15.98,16.02,16.15,15.8,9938,15869566.0,2.19,0.31,0.05,3.31,3.997298992409514,-0.436358854283474,15.651999999999997,15.818666666666667,15.74652815572712,4.216267654124434,4.241150688387583,4.171288351777788,15.401999999999997,15.589272727272729,15.490064530397667,4.046748077888442,4.121940355994618,4.096829202420368,15.085500000000001,15.247666666666666,15.359176852346224,3.9280183412932237,4.004345299757278,4.108638933012221,15.28793103448276,15.203172413793101,15.401559433388478,4.06802604992354,3.9939386027900996,4.217980799896901,15.28793103448276,15.203172413793101,15.600939775922818,4.06802604992354,3.9939386027900996,4.526071724191958,7.200565049856143
1999-05-14,sz000901,15.98,15.3,16.02,15.1,12034,18610358.0,5.74,-4.49,-0.72,4.01,4.080410007155637,0.0831110147461227,15.672,15.701333333333332,15.597685437151414,4.249639863974258,4.19586480606465,4.140995570237071,15.443000000000001,15.570727272727275,15.455507343052638,4.023531149113391,4.128060706770471,4.0938438941904165,15.080499999999997,15.268095238095238,15.353540961646583,3.932325184202347,4.018858791744175,4.105950463883023,15.288333333333332,15.209419354838708,15.395007211879545,4.0684388484979435,3.999517403071747,4.209105264881336,15.288333333333332,15.209419354838708,15.59107289802371,4.0684388484979435,3.999517403071747,4.511459864616996,7.2697547275600565
1999-05-17,sz000901,15.1,15.44,15.7,15.02,6113,9447059.0,4.44,0.92,0.14,2.04,3.78625439578978,-0.29415561136585655,15.738,15.624,15.54512362476761,4.161308262781864,4.041402983336491,4.022748512087975,15.466999999999999,15.570181818181819,15.452687826133975,4.022078009659594,4.084919478893451,4.037918530844846,15.105999999999998,15.302333333333335,15.361775155775481,3.9315094790761385,4.004947288085835,4.075503219302714,15.264666666666667,15.219204301075267,15.397909972403445,4.017421207577911,3.9813119545099305,4.181824563649623,15.293225806451613,15.22383064516129,15.58611968825244,4.059336124217035,3.986188465116624,4.487682636130858,6.975296627676987
1999-05-18,sz000901,15.45,14.89,15.6,14.82,7369,11140473.0,5.05,-3.56,-0.55,2.46,3.867408556522791,0.08115416073301107,15.524000000000001,15.341333333333333,15.326749083178408,4.033005959714142,3.9434364145834664,3.9709685268995805,15.463,15.465272727272728,15.350380948655069,4.049082260285269,4.056797760141306,4.006916717331745,15.105500000000001,15.281761904761908,15.31684418855877,3.9423160062023705,3.99884243831885,4.055684679990341,15.220666666666666,15.195032258064515,15.365141587087095,3.9904618110962904,3.971633718957987,4.161539659964021,15.280625,15.203598484848484,15.563296091916293,4.05333838772659,3.9789896827776046,4.4673457810617405,7.046903630418411
1999-05-19,sz000901,14.82,16.12,16.18,14.82,19234,30426114.0,9.13,8.26,1.23,6.41,4.284069611710083,0.416661055187292,15.554000000000002,15.540000000000001,15.591166055452273,4.003088312717561,4.027124298582114,4.075335555169748,15.579999999999998,15.584727272727275,15.490311685263238,4.1374354225170835,4.099522733127635,4.057308152673261,15.172,15.378380952380953,15.393335218219839,3.9725526352618354,4.031390400748156,4.077435625868412,15.202333333333335,15.253053763440862,15.41384212985567,3.9829121843482787,3.9905761577072645,4.169444818141186,15.306060606060607,15.257504456327984,15.581548679066577,4.060330242998817,3.9969355609501034,4.461336726328899,7.483246488141081
1999-05-20,sz000901,16.15,16.62,17.0,16.01,48125,80148368.0,6.14,3.1,0.5,16.04,4.682370742516557,0.3983011308064741,15.674000000000001,15.895333333333333,15.93411070363485,4.14010266273897,4.253551775181779,4.277680617618685,15.663,15.773818181818182,15.69570956066992,4.178185158431702,4.1986018822184485,4.170955896281132,15.266500000000002,15.516285714285715,15.510160435532237,4.020808456749535,4.098992125248607,4.135048494120616,15.216666666666667,15.34451612903226,15.491658766639176,3.9989975421337034,4.035702516298767,4.202536813262178,15.344705882352942,15.335361344537814,15.615596263359475,4.078625551808162,4.036103285611044,4.468583743253085,7.903894683573377
1999-05-21,sz000901,16.61,16.98,17.2,16.35,33805,57007936.0,5.11,2.17,0.36,11.27,4.528980940272136,-0.1533898022444209,16.01,16.330666666666666,16.2827404690899,4.22981684936227,4.383177867692835,4.361447391836503,15.841000000000003,16.013272727272728,15.929216913275388,4.239728356668264,4.262382933462164,4.236051358824951,15.379999999999999,15.67947619047619,15.65014515595774,4.0608763748646854,4.14738950463171,4.17256586994457,15.257666666666665,15.45827956989247,15.587680781694715,4.009248896115717,4.0698949935980195,4.223597724682175,15.391428571428573,15.426730158730155,15.660330812101787,4.091492848621418,4.063485377536661,4.470563979220922,7.7559353174462045
1999-05-24,sz000901,17.1,18.19,18.69,16.8,54096,98092816.0,11.13,7.13,1.21,18.03,4.733165153421694,0.20418421314955726,16.560000000000002,17.057333333333336,16.918493646059936,4.419199000888652,4.550960635712643,4.4853533123649,16.149,16.440363636363635,16.340268383588953,4.290253631835258,4.35209871469006,4.326435685115268,15.538499999999999,15.947095238095237,15.892036093485574,4.086758041611205,4.211417007351425,4.225956277894772,15.351333333333333,15.6474623655914,15.755572344166024,4.02480942416354,4.116599268262922,4.2564730426653705,15.469166666666666,15.576096096096094,15.743270785475499,4.109317079310315,4.099684284341257,4.479173853784882,7.9916372022239495
1999-05-25,sz000901,18.2,17.76,19.5,17.58,45242,82840728.0,10.56,-2.36,-0.43,15.08,4.655541795408254,-0.07762335801343934,17.134000000000004,17.457333333333334,17.198995764039957,4.576825648665745,4.629741567219177,4.542082806712685,16.329,16.733272727272727,16.598401404754597,4.304915804189944,4.418514744430605,4.386273159713992,15.683499999999999,16.158666666666665,16.06993741791552,4.133239549766865,4.26558688866543,4.266869184324627,15.423666666666668,15.802860215053764,15.884890257445637,4.044316368815379,4.157291679310968,4.282219413810073,15.53108108108108,15.691038406827879,15.80939305480417,4.124079909475124,4.128939942818467,4.4849564092479435,7.918243906795457
1999-05-26,sz000901,17.54,18.0,18.3,17.51,23786,42546604.0,4.45,1.35,0.24,7.93,4.3763214145472835,-0.2792203808609708,17.51,17.746,17.46599717602664,4.595276009233185,4.562906822513023,4.486829009324218,16.532,17.03709090909091,16.853237512981032,4.2991821609753735,4.431497582677394,4.384463751501863,15.876,16.379285714285714,16.253752901923566,4.162119636234979,4.288737542454042,4.277293206250595,15.529666666666666,15.969075268817203,16.021348950513662,4.051909050604715,4.178711359680768,4.288290510631829,15.596052631578948,15.809446693657218,15.88121623333518,4.130717843819128,4.141626172137894,4.481394606143003,7.62886490113225
1999-05-27,sz000901,18.08,18.01,18.7,17.8,24591,44713916.0,5.0,0.06,0.01,8.2,4.3907761898062825,0.014454775258998964,17.788,17.912666666666667,17.647331450684426,4.53695709869113,4.494740216037389,4.4548114028182395,16.731,17.305818181818182,17.063557965166297,4.33852988071505,4.448151042464833,4.3856114675572115,16.0665,16.58252380952381,16.421014530311798,4.192638979301746,4.310514357079879,4.288101109446374,15.634000000000002,16.12909677419355,16.14964901822246,4.064855521100499,4.200573755758289,4.294902489933407,15.657948717948717,15.919474358974357,15.951012422406157,4.137386006536748,4.154083673021313,4.478423510525406,7.650442706609617
1999-05-28,sz000901,17.98,17.9,18.5,17.6,20611,37194776.0,5.0,-0.61,-0.11,6.87,4.314099063295284,-0.07667712651099823,17.972,17.95,17.731554300456285,4.49398072329576,4.420454204238774,4.407907289643921,16.991,17.518363636363638,17.21563833513606,4.361898786329014,4.443709075661239,4.372609212236861,16.217,16.75714285714286,16.561870289329722,4.192714967721203,4.322081984126883,4.290577105051032,15.717333333333332,16.27529032258065,16.26257488801456,4.075516384911236,4.216653984286984,4.296140978537399,15.714000000000002,16.01608536585366,16.014913654458415,4.141803832955711,4.161889301815165,4.473035823730975,7.570481947578427
1999-05-31,sz000901,18.1,18.69,19.46,17.85,39468,73540392.0,8.99,4.41,0.79,13.16,4.59624511953028,0.28214605623499533,18.072,18.18933333333333,18.05103620030419,4.466596716517477,4.454542336316947,4.4706865662727076,17.316,17.827272727272728,17.48370409238405,4.4428978587030645,4.486317499879651,4.413270286290209,16.3915,16.99266666666667,16.76454930939356,4.232487934181329,4.360513427156319,4.319688344525246,15.842666666666666,16.467075268817204,16.419182959755556,4.1019722722851135,4.250249386520471,4.315502536020811,15.786585365853659,16.143414634146342,16.102621403492567,4.152887766774603,4.182572912182551,4.477075472773575,7.866525940504059
1999-06-01,sz000901,18.7,18.6,19.1,18.3,13738,25484728.0,4.28,-0.48,-0.09,4.58,4.137923512040415,-0.4583216074898644,18.24,18.365333333333336,18.234024133536128,4.363073059843909,4.34498460149126,4.359765548195277,17.687,18.060727272727274,17.686666984677856,4.469949354254827,4.43086761866826,4.36320723642661,16.575,17.203,16.939354137070364,4.2595158072700485,4.351507291714327,4.30237740809812,15.966000000000001,16.644967741935485,16.559880833319713,4.118193788886523,4.252568821343393,4.30404582479627,15.85357142857143,16.257674418604655,16.184502668951826,4.152531474995218,4.180496195896871,4.465955736356094,7.406280002698929
1999-06-02,sz000901,18.4,17.91,19.28,17.9,20750,38233976.0,7.42,-3.71,-0.69,6.92,4.317018101048111,0.17909458900769604,18.222,18.255333333333336,18.126016089024088,4.351212397144074,4.329632948559327,4.345516399146222,17.866000000000003,18.101272727272725,17.7272729874637,4.47324420318863,4.403061936267039,4.354809211812337,16.723,17.33014285714286,17.03179660020652,4.305339812852856,4.356983700645572,4.303771759807643,16.07,16.770387096774193,16.646985295686186,4.139449824570766,4.265396196321561,4.304882745844775,15.901395348837209,16.332780126849897,16.24107635193701,4.156356745368541,4.186701737040108,4.461072535198456,7.582449463205354
1999-06-03,sz000901,17.8,17.41,18.18,17.4,13226,23445612.0,4.36,-2.79,-0.5,4.41,4.121428518367963,-0.1955895826801486,18.102,17.98466666666667,17.88734405934939,4.297342862856411,4.253038322300624,4.270820438886802,17.945,18.018363636363638,17.669586989743024,4.41714998077377,4.339095448117826,4.312376358458814,16.804000000000002,17.39557142857143,17.06781597161542,4.297667569602735,4.339468339266058,4.286405736813387,16.159333333333333,16.85683870967742,16.696212050803208,4.152922298090947,4.26423353140525,4.2930469892333685,15.935681818181818,16.38065656565657,16.27940171744727,4.1555629220276185,4.183800705099125,4.449936665794177,7.370061573596684
1999-06-04,sz000901,17.45,18.2,18.3,17.45,20544,36886024.0,4.88,4.54,0.79,6.85,4.312685006388759,0.1912564880207963,18.162,18.017333333333333,17.991562706232926,4.297060051475105,4.25815237014474,4.284775294720788,18.067,18.06472727272727,17.766025718880655,4.3955203873854325,4.32010181641146,4.3124324762642585,16.954,17.528523809523808,17.175643021937763,4.317624372026848,4.340898571340917,4.288908524391994,16.275666666666666,16.988494623655914,16.793230628170743,4.172424379038268,4.274540802908335,4.294313958082103,15.986,16.459758454106282,16.342372152940804,4.15905452390231,4.1894043703725865,4.445436611387442,7.5668618444943165
1999-06-07,sz000901,18.24,18.34,18.77,18.0,17163,31556920.0,4.23,0.77,0.14,5.72,4.23459320248533,-0.07809180390342885,18.092000000000002,18.076666666666664,18.107708470821954,4.224729668066116,4.237330087148147,4.268047930642302,18.082,18.114363636363635,17.87038467908417,4.345663192291797,4.2908423282478045,4.298279881031726,17.115500000000004,17.660523809523813,17.286534162705596,4.317958412063527,4.332990840908392,4.283735636591359,16.386333333333333,17.12167741935484,16.893022200546824,4.173059758504736,4.27855169474363,4.290461006108118,16.03717391304348,16.539768732654952,16.40786814792635,4.160696669088898,4.191327299398661,4.438523712734913,7.49909460885046
1999-06-08,sz000901,18.5,17.8,18.68,17.75,23285,41894160.0,5.07,-2.94,-0.54,7.76,4.36707624226875,0.1324830397834198,17.932000000000002,17.979333333333333,18.00513898054797,4.270560214111782,4.284778945215692,4.301057367851119,18.086000000000002,18.06309090909091,17.85758746470523,4.316816636977846,4.294735610061797,4.310788310347548,17.2075,17.725714285714286,17.33543567101935,4.310866220583895,4.337668729499365,4.291672837132063,16.484333333333332,17.212881720430108,16.95153689728574,4.194431912170526,4.291068887244533,4.295403924570095,16.074680851063828,16.592278368794325,16.453511815207456,4.165087723837406,4.198650172018247,4.436181172719628,7.622153487010605
1999-06-09,sz000901,17.8,17.85,17.95,17.51,12947,22951314.0,2.47,0.28,0.05,4.32,4.11216914800166,-0.25490709426709035,17.919999999999998,17.951999999999998,17.95342598703198,4.229590423502492,4.231981923178984,4.238094627901299,18.071,18.020181818181822,17.856207925667913,4.290401410323283,4.25752697570249,4.274675735375568,17.3015,17.78690476190476,17.384441797588938,4.294791785649328,4.318745198777247,4.274577247691073,16.607666666666667,17.30098924731183,17.00950225875118,4.204880227597747,4.285761612136865,4.2835823260818096,16.111666666666668,16.643613945578235,16.499298313069506,4.1639852535074935,4.195120334303286,4.425557827646908,7.360807554649456
1999-06-10,sz000901,18.07,17.9,18.51,17.8,18093,32948314.0,3.98,0.28,0.05,6.03,4.257510583190615,0.14534143518895526,18.018,17.945333333333334,17.93561732468799,4.256806836467023,4.241288643075025,4.244566612997738,18.060000000000002,17.98909090909091,17.86417012100102,4.277074849661717,4.251546825314732,4.271554798614667,17.3955,17.843904761904763,17.433542578770943,4.307802365188383,4.315194608066895,4.272951851071982,16.731,17.38436559139785,17.066953725928524,4.220784269421737,4.2891571189493085,4.281900278153345,16.148163265306124,16.693869387755104,16.545222958542638,4.165893933705108,4.1976159442587795,4.420048081927029,7.517833196191624
1999-06-11,sz000901,17.9,18.87,19.0,17.71,20620,38104096.0,7.21,5.42,0.97,6.87,4.314288660947498,0.05677807775688315,18.151999999999997,18.229333333333333,18.24707821645866,4.257127567378771,4.260449251235184,4.267807295647658,18.157,18.136363636363637,18.047048280819016,4.277093809426939,4.258312972821238,4.279324591766091,17.574,17.984333333333332,17.570348047459426,4.3194962978779765,4.315812350520143,4.276888690107746,16.863666666666667,17.522365591397854,17.183279291997653,4.220841248289782,4.2951896603380675,4.283989851236838,16.2026,16.779207843137257,16.62144515662321,4.168861828249956,4.202191344913239,4.4165805599276995,7.580971662672591
1999-06-14,sz000901,19.2,20.13,20.5,19.2,30345,60412316.0,6.89,6.68,1.26,10.12,4.482087141826486,0.16779848087898763,18.509999999999998,18.888666666666666,18.87471881097244,4.306626355247001,4.335435776051089,4.3392339110406,18.301000000000002,18.49509090909091,18.425766775215557,4.265678011656559,4.295584487802975,4.31619050995889,17.808500000000002,18.227761904761905,17.81412442389186,4.354287935179811,4.331297192800953,4.296431399795245,17.028,17.733096774193548,17.37339030541716,4.243551293339738,4.312044234114628,4.296770321597461,16.279607843137256,16.908084464555056,16.736479741651955,4.1750035010651825,4.212956567871441,4.418728316711266,7.781125485402367
1999-06-15,sz000901,22.13,19.08,22.13,18.5,34950,70904664.0,18.03,-5.22,-1.05,11.65,4.5434471800817,0.06136003825521463,18.766,19.078666666666663,18.943145873981628,4.341900542809592,4.414376050995988,4.407305000720967,18.349,18.636727272727274,18.54471827063091,4.306230378460687,4.346087972971182,4.357509904526673,18.018,18.34885714285714,17.93468400256883,4.388089866357757,4.349312358982085,4.319956712203479,17.166333333333334,17.865483870967743,17.48349415668057,4.275087331000262,4.331392355839916,4.3126849576287025,16.33346153846154,16.990043541364297,16.813316471433858,4.182088956430885,4.225427911728431,4.422817459772592,7.850674803347289
1999-06-16,sz000901,19.2,20.8,20.8,19.2,33355,67009132.0,8.39,9.01,1.72,11.12,4.523160944988602,-0.020286235093098348,19.356,19.756666666666668,19.562097249321084,4.42409890220698,4.4747961850556575,4.445923648810179,18.637999999999998,19.082363636363635,18.95476949415256,4.326844662854736,4.385529894158076,4.387628275519751,18.252,18.613809523809525,18.207571240419416,4.400044433021683,4.362176271232642,4.339309496278252,17.361333333333334,18.099913978494623,17.69746227560441,4.312508096186817,4.347397105129487,4.326264053587406,16.417735849056605,17.131153039832288,16.94402740679668,4.1885242769697095,4.236455061108438,4.4261074101075435,7.82613399235687
1999-06-17,sz000901,21.1,21.1,22.0,20.6,31911,68034416.0,6.73,1.44,0.3,10.64,4.503940413960889,-0.01922053102771315,19.996,20.338,20.07473149954739,4.473384868361035,4.501410022306961,4.4652625705270825,19.006999999999998,19.53,19.34481140430664,4.365095852414028,4.417729121631922,4.408775937054504,18.476,18.88504761904762,18.48304064609376,4.3911229165939,4.3720711265601855,4.3549886312956465,17.538333333333338,18.34111827956989,17.91698083846864,4.320143663873167,4.359747577243944,4.3377270445792435,16.504444444444445,17.27547474747475,17.080288803295147,4.19436531654362,4.246181801212163,4.428659311873227,7.832728661202942
1999-06-18,sz000901,21.15,20.45,21.3,20.18,18640,38365816.0,5.31,-3.08,-0.65,6.21,4.270445908017963,-0.2334945059429261,20.311999999999998,20.489333333333335,20.19982099969826,4.464616317775128,4.433763702192604,4.400323683024043,19.232,19.792363636363635,19.545754785341796,4.360871942576949,4.400520040832637,4.383625022684224,18.6495,19.07304761904762,18.67037010837054,4.3781961649811905,4.360578078124382,4.3469369433644385,17.71333333333333,18.52896774193548,18.08040142953518,4.332040228876882,4.356541270414575,4.33338632609142,16.57618181818182,17.38885064935065,17.19077113761334,4.195748600024972,4.2470483764552265,4.4234719871566615,7.583944439615561
1999-06-21,sz000901,20.62,20.75,21.28,20.38,14205,29444700.0,4.4,1.47,0.3,4.74,4.152441238058954,-0.11800466995900827,20.436,20.63533333333333,20.38321399979884,4.398687137021622,4.329705342287213,4.317696201369014,19.473,20.068363636363635,19.764708460734195,4.352656746134311,4.362623549102092,4.3415916072978105,18.7775,19.273095238095237,18.868430098049537,4.349159969213054,4.339077608893693,4.328413542859154,17.901333333333334,18.724881720430112,18.25263359537162,4.329524523420456,4.344954238748903,4.321712449444164,16.650714285714287,17.506785714285716,17.307467165888312,4.194975254275579,4.243728827739568,4.4145857330878835,7.469007133829459
1999-06-22,sz000901,20.81,21.04,21.18,20.2,13358,27475324.0,4.72,1.4,0.29,4.45,4.125741439128715,-0.026699798930239105,20.828,20.836666666666662,20.60214266653256,4.315145988831025,4.238723442989578,4.253711280622248,19.797,20.353272727272724,19.99657964969161,4.3285232658203086,4.32136622055562,4.302346122176157,18.941499999999998,19.488571428571426,19.075246279187674,4.322669951399077,4.317799653647565,4.3091114377419695,18.070666666666668,18.927376344086024,18.432463685992808,4.316751902329366,4.331806942988146,4.309069158456071,16.727719298245614,17.628620689655172,17.42984529159689,4.193760625939669,4.239660297097815,4.40511542836791,7.438942822499803
1999-06-23,sz000901,21.28,21.44,21.84,20.9,16311,34824972.0,4.47,1.9,0.4,5.44,4.212480587721373,0.08673914859265786,20.956,21.040666666666667,20.881428444355045,4.253009917377579,4.204501642619693,4.2399677163219565,20.156,20.651999999999997,20.259019713384046,4.3385544097922795,4.300267551810359,4.286006934093469,19.113500000000002,19.72652380952381,19.300460919265042,4.314477910057781,4.307305428535403,4.29990849964477,18.253,19.144752688172044,18.6264982868965,4.309379327030312,4.3250797614005325,4.302837637763511,16.80896551724138,17.75781998831093,17.561325773839616,4.194083383901423,4.2387389510172575,4.398799531953269,7.541890775914368
1999-06-24,sz000901,21.7,22.97,23.0,21.55,25229,56666752.0,6.76,7.14,1.53,8.41,4.401900036760585,0.18941944903921204,21.330000000000002,21.711999999999996,21.577618962903365,4.232601841937519,4.254131682414029,4.293945156468166,20.663,21.163636363636364,20.75192522004149,4.352993355149276,4.311784938531869,4.307078407305672,19.3615,20.093809523809522,19.64994083171599,4.315034102405496,4.315631345364242,4.309621979370086,18.48466666666667,19.449075268817204,18.90672420387092,4.322866028508681,4.331048839447647,4.309228760279452,16.913389830508475,17.9315593220339,17.7386593550252,4.197605700051578,4.244177653875369,4.398901187848591,7.753328320654515
1999-06-25,sz000901,22.99,22.28,25.19,22.0,38511,92324320.0,13.89,-3.0,-0.69,12.84,4.585584795923258,0.18368475916267268,21.696,22.028666666666666,21.811745975268913,4.295629619518577,4.371792667075942,4.3911583696198635,21.003999999999998,21.457636363636365,21.029756998215763,4.380122968646853,4.354074291399866,4.357715932508869,19.5805,20.371761904761907,19.900422657266848,4.328608389036896,4.341398078080219,4.33590415237515,18.717333333333332,19.693935483870966,19.124354900395378,4.3397051881342685,4.347998437345362,4.327058181933891,17.00283333333333,18.074131147540985,17.887555769614536,4.204072018316106,4.255371330663824,4.4050219618838256,7.96531611760831
1999-06-28,sz000901,22.86,24.59,24.6,22.8,30988,74021160.0,8.08,10.37,2.31,10.33,4.491193547294686,-0.09439124862857184,22.464000000000002,22.993333333333332,22.737830650179276,4.363380081365723,4.436980643001311,4.424503428844805,21.45,22.109636363636362,21.677073907631076,4.381033609193673,4.374268942063108,4.381984589742654,19.8755,20.848857142857145,20.347049070860482,4.323355810425116,4.356882378866676,4.350693618557963,19.022333333333336,20.072817204301078,19.476977164885998,4.363203159851098,4.35777187987184,4.337647560344265,17.143500000000003,18.322890710382513,18.10730803946324,4.190312183714505,4.264785151286072,4.407847259766148,7.869355886725745
1999-06-29,sz000901,25.0,24.6,25.5,23.8,22267,54851408.0,6.91,0.04,0.01,7.42,4.3476617091216205,-0.14353183817306547,23.176,23.705333333333332,23.358553766786187,4.407764135364305,4.431741185586612,4.3988895222704105,22.002000000000002,22.682363636363636,22.208515015334516,4.361455062097664,4.36820132386819,4.375744065993375,20.1755,21.298809523809524,20.752092016492817,4.333842720279176,4.359197226361581,4.350404865278311,19.346,20.432666666666666,19.807494767151418,4.379211598271059,4.356769205631228,4.338293634458934,17.283333333333335,18.56736612021858,18.32018318571035,4.184836704683675,4.269944152119093,4.405873963023705,7.739187780110953
1999-06-30,sz000901,24.6,22.53,24.66,22.3,19350,45335272.0,9.59,-8.41,-2.07,6.45,4.28668096935493,-0.060980739766690384,23.394,23.490000000000002,23.08236917785746,4.422604211691016,4.391380130250153,4.361486671298584,22.175,22.778363636363636,22.26696683072824,4.337807064534298,4.354606034278602,4.3595507756954754,20.4065,21.52304761904762,20.921416586350645,4.332325863694517,4.354705631035461,4.344335922809418,19.55966666666667,20.638086021505373,19.983140266044877,4.379298643525888,4.35079948763664,4.3349637850973854,17.381000000000004,18.739387978142076,18.45820996650673,4.181105413937083,4.273283308337822,4.401965996018172,7.656436225729228
1999-07-01,sz000901,22.5,20.28,22.5,20.28,18318,38023552.0,9.85,-9.99,-2.25,6.11,4.2628780546823055,-0.02380291467262463,22.856,22.452,22.14824611857164,4.394799815275361,4.338138077913915,4.3286171324264915,22.093,22.43381818181818,21.905700134232195,4.313700828606439,4.340982577941875,4.341973917329444,20.55,21.511000000000003,20.86032929241249,4.339398340510234,4.34809155398668,4.3365780306068356,19.68166666666667,20.684559139784945,20.00229250694521,4.365315553931413,4.343288481904796,4.330313092812542,17.449166666666667,18.834437158469942,18.517940787277002,4.182156548032558,4.275964378526191,4.397405735646504,7.580052684384901
1999-07-02,sz000901,21.0,22.31,22.31,20.5,27911,60313944.0,8.93,10.01,2.03,9.3,4.445775396743086,0.18289734206078023,22.862000000000002,22.27,22.202164079047762,4.366837935439325,4.355129938403158,4.36766988719869,22.279000000000003,22.473272727272725,21.979209200735433,4.3312337774789516,4.364996135784902,4.360846913586469,20.7555,21.678619047619044,20.998393169325585,4.34605286002795,4.358222702199332,4.346977779762669,19.859333333333332,20.854129032258065,20.15117686133584,4.362542035813778,4.348479439505549,4.337762273711287,17.5585,18.9938087431694,18.642270597530214,4.185895465964747,4.2846076194675184,4.39899162617426,7.7804177284283815
1999-07-05,sz000901,22.86,22.86,24.5,22.5,30194,71017512.0,8.96,2.47,0.55,10.06,4.479920650712888,0.03414525396980217,22.516,22.269333333333336,22.421442719365174,4.364583356122965,4.392824176827678,4.40508680837009,22.490000000000002,22.57890909090909,22.139352982419897,4.363981718744345,4.392030112736528,4.38249668397309,20.9815,21.879047619047622,21.175689057961243,4.358319232439328,4.370972015597897,4.359639005567452,20.014999999999997,21.047720430107525,20.32593964447547,4.354100552390151,4.356052253370008,4.346933781904939,17.68316666666667,19.16762841530055,18.780556807447255,4.189454988276846,4.294247789459261,4.40164503681487,7.851365453327493
1999-07-06,sz000901,22.12,20.9,22.12,20.6,15143,32283338.0,6.65,-8.57,-1.96,5.05,4.180211922348941,-0.2997087283639468,21.776,21.730666666666664,21.91429514624345,4.33109339876843,4.331367032236337,4.330128513029707,22.476,22.289818181818184,21.91401607652537,4.369428767066367,4.358617422482817,4.3457176364050625,21.1365,21.871285714285715,21.14943295720303,4.348976016443338,4.354009414636908,4.3425507119275935,20.119666666666664,21.104817204301074,20.362975796444793,4.338256223288174,4.344833632077027,4.336177532901326,17.771666666666665,19.273098360655737,18.85004674818669,4.191286296051777,4.2939447381173625,4.3943849347012325,7.508978433114221
1999-07-07,sz000901,21.0,21.99,22.3,20.8,14935,31980210.0,7.18,5.22,1.09,4.98,4.174205226940147,-0.0060066954087938385,21.668,21.802,21.939530097495634,4.308598250285473,4.279070974960242,4.278154084333187,22.531,22.201454545454546,21.927831335338936,4.365601230988244,4.32312223336896,4.314533561956896,21.3435,21.952571428571428,21.22948696127893,4.352077820390262,4.337364577541367,4.326517808595456,20.252666666666663,21.225483870967743,20.467945099899968,4.331519017034603,4.334249696828766,4.325727706710282,17.891166666666667,19.4114043715847,18.952996035131385,4.191714033819659,4.293384703064522,4.387165927889393,7.50488131124079
1999-07-08,sz000901,22.15,21.89,22.4,21.6,9907,21710016.0,3.64,-0.45,-0.1,3.3,3.9959421629925505,-0.17826306394759683,21.990000000000002,21.875999999999998,21.92302006499709,4.255211071947523,4.174852279195935,4.184083443886308,22.423,22.084909090909093,21.920952910731856,4.325005443611442,4.255911493733379,4.2566078530542875,21.543,22.004619047619048,21.292392964966652,4.338999399380358,4.303446895884441,4.295034413776132,20.382,21.331118279569893,20.559690577325778,4.3183578828074785,4.312599577213151,4.304451220018816,18.008,19.542513661202182,19.04929124709429,4.191606701953988,4.286965953201339,4.374338919204251,7.336660143523934
1999-07-09,sz000901,21.95,21.95,22.19,21.02,8917,19451166.0,5.34,0.27,0.06,2.97,3.9502187666418633,-0.04572339635068712,21.918,21.862666666666666,21.932013376664727,4.156099745927278,4.073188177427382,4.106128551471493,22.389999999999997,21.99890909090909,21.9262341996897,4.2614688406833015,4.187768461557092,4.200900746433847,21.697,22.043380952380954,21.355022206398402,4.3207959046650775,4.266420168956966,4.262194828334773,20.517,21.43227956989247,20.649387959433795,4.306228539585698,4.288848666492789,4.281597513349336,18.117166666666666,19.671759562841533,19.14439645210759,4.190872462248467,4.279051594666515,4.3604333404317135,7.288945640221516
1999-07-12,sz000901,21.9,21.3,21.98,21.0,6867,14653491.0,4.46,-2.96,-0.65,2.29,3.8367670473942055,-0.11345171924765785,21.606,21.65666666666667,21.721342251109817,4.0274690252635414,3.9667439445830244,4.016341383445731,22.061,21.800727272727272,21.812373436109752,4.196026190693254,4.110549953686347,4.13469461933573,21.7555,22.00557142857143,21.34978199626522,4.288529899943463,4.220322182550216,4.221677896816624,20.604,21.482795698924726,20.691362929792906,4.2809126038478285,4.2585608282868845,4.252898773610296,18.223333333333336,19.776114754098362,19.215071978267996,4.191442438066471,4.267441581064736,4.343263953774747,7.165941101920435
1999-07-13,sz000901,21.1,19.96,21.1,19.8,8636,17557240.0,6.1,-6.29,-1.34,2.88,3.936312633662193,0.09954558626798748,21.418,21.108,21.134228167406548,3.978689167526192,3.9363584807159087,3.989665133517885,21.597,21.418727272727278,21.475578265907977,4.154891283147311,4.0633293069534275,4.098625167395086,21.7995,21.834571428571426,21.217421806144728,4.258173172622488,4.1867776809996196,4.194500252706678,20.649333333333335,21.441247311827954,20.64417822464498,4.274192241235221,4.236328572145876,4.2324738613555795,18.307666666666663,19.83305464480874,19.23949584783298,4.196193015060872,4.259076669444923,4.329921287541548,7.244456245796775
1999-07-14,sz000901,20.0,20.64,20.66,19.97,5720,11579059.0,3.46,3.41,0.68,1.91,3.7573960287930244,-0.1789166048691686,21.148,20.848666666666666,20.9694854449377,3.895327327896767,3.8625941011381855,3.9122420986095983,21.407999999999998,21.244727272727275,21.323654944833798,4.101962789091121,3.991057442525375,4.036583505831075,21.791500000000003,21.72414285714286,21.162429253178562,4.219884926812709,4.139084619682527,4.152871279000616,20.740333333333332,21.440645161290327,20.64390866176466,4.255538172160052,4.202986881020574,4.201823678609609,18.405166666666666,19.909524590163933,19.28541401675649,4.197493998365409,4.2446898830099125,4.31114996758258,7.063673266842813
1999-07-15,sz000901,20.95,20.63,20.98,20.3,4302,8902179.0,3.29,-0.05,-0.01,1.43,3.6336704060514435,-0.12372562274158083,20.895999999999997,20.676,20.856323629958467,3.8228729765085463,3.775375127189745,3.81938486775688,21.443,21.103272727272724,21.197535863954922,4.039042024228034,3.9059133728817974,3.963326578598415,21.768,21.61352380952381,21.111721705256794,4.176371426417236,4.083254665324312,4.10342357681498,20.847666666666665,21.433526881720425,20.643011328747587,4.239279568416167,4.162866379981308,4.165168628767146,18.503499999999995,19.982469945355195,19.329498803092346,4.1961009332535575,4.226203863589783,4.288937522942215,6.949496322583068
1999-07-16,sz000901,20.4,19.61,20.42,18.96,7483,14823377.0,7.08,-4.94,-1.02,2.49,3.8740757452230348,0.24040533917159124,20.428000000000004,20.247333333333334,20.44088241997231,3.80764437222478,3.792442716761241,3.8376151602455986,21.173,20.770000000000003,20.908892979599482,3.9818720590760295,3.8759195039717973,3.9470991543483454,21.726,21.408,20.968700590470434,4.15655291827749,4.054464600448674,4.081580926187176,20.894666666666662,21.353677419354838,20.576365436570324,4.224659259710643,4.139304843001106,4.146388442732042,18.58516666666667,20.01874863387978,19.33869556364669,4.198541819374456,4.215645660703535,4.2753354974432245,7.1709471540747485
1999-07-19,sz000901,18.5,18.61,19.1,18.3,5278,9947049.0,4.08,-5.1,-1.0,1.76,3.7224693858840308,-0.15160635933900402,19.889999999999997,19.641333333333332,19.83058827998154,3.7847848399227453,3.7640510546476578,3.7992332354584097,20.748,20.304000000000002,20.49091243785412,3.9061269325931436,3.8287553815732522,3.9062573782639243,21.619,21.111238095238097,20.74406243899706,4.135054325668744,4.013123311649297,4.047379827110685,20.903666666666666,21.206279569892473,20.44950315033998,4.2075884658239335,4.106905496302615,4.119038826161203,18.645,20.019562841530053,19.31480390582221,4.190324112164334,4.200036728457948,4.257208739687186,6.997694257318141
1999-07-20,sz000901,18.81,20.47,20.47,18.75,8528,16899860.0,9.24,9.99,1.86,2.84,3.930847191682497,0.2083778057984662,19.992,19.834666666666667,20.043725519987696,3.7836917515268063,3.812738505234242,3.843104554199772,20.705000000000002,20.253454545454545,20.4871101764261,3.881190459526499,3.8332499741349526,3.9107282534309373,21.5905,21.001809523809523,20.717961254330675,4.125309613296433,3.993675013174416,4.036281480879429,20.992666666666665,21.178301075268816,20.4508255277374,4.193047497471058,4.089051220551554,4.106897430388384,18.7385,20.07939890710382,19.352679187598532,4.193739704820792,4.191529288442149,4.24650836106408,7.227883106893004
1999-07-21,sz000901,21.0,21.37,22.0,20.6,17325,37191856.0,6.84,4.4,0.9,5.78,4.238673243283844,0.30782605160134713,20.137999999999998,20.294,20.485817013325132,3.8799471944249704,3.9643990024865876,3.974960783894463,20.642999999999997,20.374363636363636,20.64763559889408,3.8876372611608687,3.8982468439090154,3.9703546152223748,21.587,20.98080952380952,20.78006018248966,4.126619246074556,4.004471549363693,4.055556886822707,21.110000000000003,21.20264516129032,20.510127106593053,4.197264300647131,4.091994817055606,4.115399095736478,18.858833333333333,20.165677595628413,19.418820853578907,4.201072264122439,4.19300251921143,4.246251471956532,7.570447851670232
1999-07-22,sz000901,21.05,20.09,21.1,20.01,8562,17656384.0,5.1,-5.99,-1.28,2.85,3.9325752234982905,-0.3060980197855536,20.03,20.278000000000002,20.353878008883424,3.9397281579143395,3.9819416788443607,3.9608322637624056,20.463,20.273818181818182,20.546247308186064,3.8813005672114427,3.9064173825158197,3.9634856349089045,21.443,20.838238095238093,20.714340165109693,4.103153005411442,3.9859911662611918,4.043844347458477,21.183,21.13683870967742,20.48302213197415,4.18643312199072,4.074918102400842,4.103604007204982,18.957,20.206043715847,19.440826727232057,4.203608695706228,4.184199337551622,4.235967004793967,7.246901765513111
1999-07-23,sz000901,20.0,20.77,21.3,20.0,7140,14920204.0,6.47,3.38,0.68,2.38,3.8536982117761744,-0.07887701172211603,20.261999999999997,20.52466666666667,20.492585339255616,3.9356526512249674,3.953265030131639,3.9251209131003284,20.345000000000002,20.329636363636364,20.5869296157886,3.8716485117248736,3.90139877243668,3.943524285248408,21.3675,20.774142857142856,20.719641101765912,4.066558676204087,3.9622335668673565,4.02573519167921,21.246333333333332,21.1101935483871,20.50153683313711,4.1710801070183425,4.053451333999904,4.087481052661189,19.055,20.265486338797814,19.484406178798217,4.195960677654062,4.17272686266867,4.223433601744203,7.1737747611707405
1999-07-26,sz000901,19.3,19.43,19.99,19.05,19858,38590868.0,4.53,-6.45,-1.34,6.62,4.297935506359647,0.44423729458347294,20.426,20.247333333333337,20.13839022617041,4.050745875320091,4.074025981843199,4.049392444186768,20.158,20.163272727272727,20.376578776554304,3.9177653576214184,3.978905498733911,4.007962689086815,21.1095,20.589619047619045,20.596818139692967,4.0568957741573355,3.9842694554535996,4.051659031172585,21.223,20.99301075268817,20.43240542454762,4.164941719169448,4.061635553312246,4.101058759351412,19.1255,20.27778142076503,19.48262236965729,4.204246506254593,4.176070299675409,4.22587628714143,7.586484546992511
1999-07-27,sz000901,19.4,19.22,19.4,18.85,8681,16528711.0,2.83,-1.08,-0.21,2.89,3.938569756221061,-0.3593657501385863,20.176,19.84533333333333,19.832260150780275,4.052290388227803,4.0366339421435224,4.012451548198199,20.084,19.992727272727272,20.1662917262717,3.917991069877304,3.982688116661119,3.9953457922021323,20.8405,20.40966666666667,20.465692602579352,4.036441176512308,3.9730003108882403,4.040888624034345,21.227666666666668,20.86378494623656,20.354185719738098,4.144779138374093,4.047030910541382,4.090575597859131,19.197000000000003,20.280879781420765,19.474011800160326,4.209933234687177,4.167359586559557,4.216456400881746,7.21823898621422
1999-07-28,sz000901,19.2,19.81,20.15,19.05,10936,21593120.0,5.72,3.07,0.59,3.65,4.038858501559766,0.10028874533870447,19.863999999999997,19.723333333333333,19.824840100520184,4.012327439882988,4.03215664658751,4.021253865985388,20.000999999999998,19.94290909090909,20.10151141240412,3.946137317153979,4.0046640133306575,4.00325719390352,20.704500000000003,20.31152380952381,20.403245688047985,4.02405005312255,3.9732305323213315,4.040695279036766,21.194666666666663,20.77232258064516,20.319076963625964,4.128635723593132,4.040197321069489,4.087239011001108,19.278000000000002,20.300978142076506,19.485027806712445,4.220571909889974,4.161750578916035,4.2106335189367625,7.3343153982808085
1999-07-29,sz000901,20.0,19.76,20.26,19.5,3982,7895178.5,3.84,-0.25,-0.05,1.33,3.6001012556913907,-0.43875724586837483,19.798,19.688666666666666,19.803226733680123,3.9458326463216076,3.8947479185236444,3.8808696625540557,19.914,19.899090909090905,20.03941842833064,3.942780402117973,3.9417483657920047,3.9299561142285873,20.6785,20.221571428571426,20.34198419394818,3.9909112131730042,3.9328544563755075,3.9987339434800635,21.15,20.679763440860217,20.28300748210171,4.098507751650816,4.006098323140345,4.055810768723061,19.34416666666667,20.316781420765025,19.494043288459576,4.209325707761992,4.1414072787783756,4.190616067682815,6.897361953304247
1999-07-30,sz000901,19.8,19.99,20.8,19.68,5329,10741127.0,5.67,1.16,0.23,1.78,3.726645720240912,0.12654446454952106,19.642000000000003,19.752666666666663,19.86548448912008,3.9204221480145556,3.821685609830079,3.829461681783008,19.951999999999998,19.912909090909093,20.030433259543248,3.928037399619762,3.902451150905266,3.8929905880490097,20.5625,20.155999999999995,20.30846188976264,3.9549547293478953,3.9076863141914986,3.972820779362049,21.134666666666664,20.6049247311828,20.26410377357902,4.080381078724914,3.982107224339706,4.034574313982278,19.424,20.337956284153005,19.510304164247785,4.206210653800897,4.12558170541703,4.175403925143737,7.031049851587255
1999-08-02,sz000901,20.0,20.11,20.5,19.85,4556,9206532.0,3.25,0.6,0.12,1.52,3.6585837154070626,-0.06806200483384917,19.778,19.908666666666665,19.94698965941339,3.7925517898240386,3.734406132294248,3.772502359657693,20.101999999999997,19.941636363636363,20.04489993962629,3.921648832572065,3.853459571957503,3.8503711566595644,20.425,20.112904761904762,20.289560757404292,3.9138878825826042,3.8794605033399896,3.942893439937765,21.113333333333333,20.538817204301072,20.25416159463844,4.063919161303184,3.954894491222425,4.010316856009683,19.50733333333333,20.360448087431696,19.529966322797037,4.19672184236182,4.107626723830346,4.158459000234338,6.964096067015568
1999-08-03,sz000901,20.25,20.16,20.25,20.0,4150,8346737.5,1.24,0.25,0.05,1.38,3.6180480967120925,-0.04053561869497013,19.966,20.036,20.017993106275593,3.7284474579222446,3.6762382345902664,3.7210176053424933,20.071,19.952181818181817,20.065827223330597,3.890368923075024,3.798259438164781,3.8081306003054785,20.387999999999998,20.08766666666667,20.2772216376515,3.885779691300762,3.8512852856380375,3.9119557882019866,21.084000000000003,20.47731182795699,20.248086653048865,4.046996049889297,3.926128616087517,3.9850091941195163,19.577333333333335,20.381846994535515,19.550623164672544,4.1818739761093315,4.088653814136912,4.1407406099549195,6.921516755409217
1999-08-04,sz000901,20.0,20.58,20.76,20.0,5117,10494792.0,3.77,2.08,0.42,1.71,3.7090154169721172,0.09096732026002474,20.12,20.240666666666662,20.205328737517064,3.6624788410047153,3.669760887606891,3.7170168758857014,19.992,20.04472727272727,20.159313182725032,3.8374031404438513,3.765286073418798,3.790109657881231,20.3175,20.10595238095238,20.306057672160883,3.86252020080236,3.834450592844833,3.892628133799142,21.055333333333333,20.444795698924732,20.269500417368295,4.030213877530988,3.904323413963827,3.9672031439809747,19.654166666666665,20.41472131147541,19.584373224847212,4.16979660228065,4.073150254820938,4.1265856855948275,7.020973835567547
1999-08-05,sz000901,20.6,20.35,20.73,20.2,4140,8432771.0,2.58,-1.12,-0.23,1.38,3.617000341120899,-0.09201507585121815,20.238,20.317333333333334,20.253552491678043,3.6658586580906167,3.6546013876456187,3.683678030964101,20.018,20.10981818181818,20.19398351313866,3.805845652206112,3.7252128371782613,3.758635236652079,20.2405,20.10904761904762,20.310242655764608,3.8435731097087773,3.811067749065646,3.8663778678297858,20.968,20.399290322580644,20.274693938828406,4.0040505543429985,3.8776644761309176,3.944609414764196,19.726333333333336,20.437535519125685,19.609475742065335,4.16345829142584,4.05502578724193,4.109877969382568,6.925970306803242
1999-08-06,sz000901,20.3,20.16,20.3,19.43,5390,10723547.0,4.28,-0.93,-0.19,1.8,3.7315887651867388,0.11458842406583969,20.272,20.291333333333334,20.222368327785365,3.666847267079782,3.6765114233443255,3.6996482757049804,19.957,20.135636363636365,20.187804692567994,3.793634707547169,3.711711584992921,3.753717696385653,20.151,20.101380952380953,20.295933831406074,3.8326416096360214,3.8004025733968803,3.8535408104352102,20.897333333333332,20.34716129032258,20.267294329871735,3.9755840199851145,3.8600862961853535,3.930866147049522,19.80733333333333,20.451754098360656,19.627525717735324,4.1576446040596915,4.040866130643926,4.097475044654836,7.030338459585773
1999-08-09,sz000901,19.99,19.34,20.0,19.3,4963,9700012.0,3.47,-4.07,-0.82,1.65,3.6957442751973235,-0.03584448998941525,20.118000000000002,19.980666666666664,19.92824555185691,3.6742793790378343,3.6861437593835062,3.6983469422024284,19.948,20.02345454545455,20.033658384828357,3.7334155844309365,3.6939133245656763,3.743177074351411,20.053,20.024142857142856,20.204892514129305,3.825590471026177,3.7873647320217665,3.8385125689839827,20.72233333333333,20.246688172043008,20.20746888923485,3.949069044248536,3.8420321191022704,3.9156969940267996,19.872333333333337,20.436431693989075,19.61809864502269,4.1561361020498175,4.025721857566472,4.084303544016884,6.986772271537436
1999-08-10,sz000901,19.36,19.18,19.55,19.06,3341,6435510.0,2.53,-0.83,-0.16,1.11,3.523876475638131,-0.1718677995591924,19.922,19.668,19.67883036790461,3.655445054823042,3.636009458250272,3.6401901200143296,19.944,19.88381818181818,19.878447769405017,3.6919462563726433,3.6558153047851656,3.703304238221724,20.014000000000003,19.941000000000003,20.10728370325985,3.804968663124974,3.7586300657943337,3.8085472267605684,20.541666666666668,20.147182795698924,20.141180573800344,3.9216095364657533,3.8146003404822433,3.89041825090495,19.94383333333333,20.413732240437156,19.603734755021947,4.150410567368406,4.004992033749695,4.065928886037253,6.808582969485819
1999-08-11,sz000901,19.19,19.01,19.3,18.98,2938,5608421.5,1.67,-0.89,-0.17,0.98,3.4680517914542377,-0.055824684183893414,19.607999999999997,19.364,19.455886911936407,3.6072523297194663,3.5735450371273374,3.582810677160966,19.863999999999997,19.714,19.720548174967742,3.6348655853620913,3.6151072202545467,3.660531066082181,19.932499999999997,19.84538095238095,20.00278049342558,3.7905014512580344,3.726542744682835,3.7761190900647277,20.424333333333333,20.048365591397847,20.06820118194226,3.8943218972023965,3.7853385504815003,3.86316880190813,19.992,20.383114754098365,19.584268041742536,4.136810270364142,3.982619614867263,4.046326358346006,6.748840645515879
1999-08-12,sz000901,19.1,19.01,19.26,18.92,1467,2800707.0,1.79,0.0,0.0,0.49,3.166430113843283,-0.3016216776109548,19.34,19.16466666666667,19.30725794129094,3.517138284263943,3.426604298501943,3.4440171560550716,19.788999999999998,19.558727272727275,19.59135759770088,3.5914984711772804,3.529937134523854,3.570694529311472,19.851499999999998,19.75752380952381,19.908229970242193,3.767139436647627,3.6671073792147637,3.7180534732817327,20.382,19.95711827956989,19.999930137945988,3.857773632507763,3.738377790264784,3.8182179188071728,20.031833333333335,20.350918032786886,19.565439581357534,4.1115445932195875,3.950803872030514,4.017477301149195,6.447267676856736
1999-08-13,sz000901,19.15,19.31,19.38,19.0,1551,2966126.75,2.0,1.58,0.3,0.52,3.190611797813605,0.024181683970322165,19.169999999999998,19.154666666666667,19.308171960860626,3.408942890789316,3.3177621363518304,3.3595487033079166,19.720999999999997,19.471636363636364,19.540201670846177,3.537895078934549,3.4570486484577323,3.5015885781300415,19.836499999999997,19.705952380952382,19.851255687361984,3.732966239277155,3.6121999850400934,3.667820932760959,20.282,19.88795698924731,19.955418516143023,3.81593484587678,3.695335091252258,3.777727201323717,20.070666666666668,20.32725136612022,19.557064513116302,4.089238440845278,3.9206093541483518,3.990366956777536,6.472189705576187
1999-08-16,sz000901,19.05,18.89,19.3,18.8,1689,3215121.75,2.59,-2.18,-0.42,0.56,3.227629649571009,0.0370178517574038,19.080000000000002,19.061333333333334,19.16878130724042,3.3153199656640533,3.257324389279061,3.315575685395614,19.599,19.320545454545456,19.421983185237778,3.4947996723509442,3.4006367522098153,3.451777863846581,19.8505,19.61580952380952,19.759707526660844,3.7082242524615046,3.5640726907823663,3.625897953409535,20.14966666666667,19.79815053763441,19.886681837682183,3.7741918125053844,3.657379917297046,3.7422370366945104,20.08233333333333,20.28854098360656,19.535193545473145,4.064146182447767,3.8923598855819805,3.9653591762133877,6.507197423403948
1999-08-17,sz000901,18.95,19.1,19.48,18.95,1635,3150129.5,2.81,1.11,0.21,0.55,3.2135177569963047,-0.014111892574704132,19.064,19.067999999999998,19.145854204826946,3.2532482219356877,3.223390319723145,3.2815563759291777,19.493000000000002,19.229818181818178,19.363440787921817,3.454346638379365,3.349494585781699,3.4084578444192575,19.782,19.54433333333333,19.696878238407432,3.6723577807271943,3.5169577864523474,3.586623648989227,20.089666666666666,19.730430107526885,19.835928170734945,3.741968673660296,3.621207397586783,3.7081261154236587,20.104666666666667,20.256333333333334,19.520924904637962,4.040112448474235,3.8644704290098018,3.940708637878401,6.4983284077513055
1999-08-18,sz000901,19.15,19.14,19.24,18.8,1424,2694887.0,2.3,0.21,0.04,0.47,3.1535099893008374,-0.06000776769546734,19.090000000000003,19.09333333333333,19.143902803217966,3.190339861505008,3.190144242178195,3.2388742470530643,19.349,19.165636363636363,19.32281519011785,3.3987960956122363,3.294797013221967,3.362103688943181,19.670499999999997,19.483190476190476,19.643842215701962,3.6180996180280447,3.467543711078408,3.545374729018904,19.994666666666667,19.669161290322585,19.79102957907463,3.707945499072319,3.5832423211764954,3.6723444298673478,20.123666666666665,20.224704918032792,19.508435563502292,4.019732258053461,3.835401495922149,3.9148988461217593,6.4305405593909075
1999-08-19,sz000901,19.2,20.05,20.33,19.18,4969,9879994.0,6.01,4.75,0.91,1.66,3.6962689967455327,0.5427590074446953,19.298000000000002,19.413333333333338,19.445935202145314,3.2963076380854575,3.35878728725837,3.3913391636172205,19.319,19.29309090909091,19.455030610096422,3.4067229611747,3.348882995246202,3.4228610176345176,19.6685,19.519333333333336,19.68252390944463,3.6062843066904064,3.4749884138134073,3.5597456116595354,19.933333333333334,19.672731182795697,19.807737348166587,3.697956393530752,3.5824889984457347,3.673887950311102,20.157666666666668,20.22228961748634,19.526191774535004,4.008157138169115,3.824796143092381,3.907730654338932,6.99475668084596
1999-08-20,sz000901,20.21,19.8,20.28,19.78,2864,5714824.5,2.49,-1.25,-0.25,0.95,3.456973013635818,-0.23929598310971478,19.396,19.58066666666667,19.56395680143021,3.3495798812499005,3.412342412441823,3.4132171136234195,19.283,19.380545454545455,19.51775231735162,3.3792613860196083,3.358019368420951,3.429063198725663,19.62,19.531857142857145,19.693712108545142,3.5864480467833886,3.460768290665352,3.549957745181086,19.861666666666668,19.664129032258064,19.807238164413906,3.68151486843055,3.566941683613804,3.6598934382675354,20.189333333333334,20.210562841530052,19.535169093402708,3.9938717040081233,3.806724532451945,3.8929517152994855,6.7570028979243215
1999-08-23,sz000901,20.0,19.9,20.0,19.65,2027,4023976.75,1.77,0.51,0.1,0.68,3.3068537486930087,-0.15011926494280914,19.598000000000003,19.74866666666667,19.675971200953473,3.365424701074301,3.398100368256193,3.377762658646616,19.339,19.492727272727272,19.58725189601496,3.3403723333691766,3.3448543434524787,3.4068432987197257,19.6435,19.55852380952381,19.713358574397986,3.5368939589000563,3.434140262275791,3.526804983610793,19.814999999999998,19.66660215053763,19.81322279896785,3.6638510918071767,3.542769998469446,3.637116684101437,20.2095,20.201076502732242,19.547130762471472,3.9723818478275024,3.7841993535891545,3.8737353885255024,6.604655462759632
1999-08-24,sz000901,20.1,20.0,20.3,19.91,3015,6077592.5,1.96,0.5,0.1,1.01,3.47928731647617,0.1724335677831612,19.778000000000002,19.88266666666667,19.78398080063565,3.4185786129702733,3.4360545733901495,3.4116042112564675,19.421,19.612909090909092,19.66229700583042,3.3359134174529808,3.3701116131082958,3.420014938311806,19.682499999999997,19.59247619047619,19.740657757788654,3.513929836912812,3.4286539153782787,3.522279491502734,19.816333333333333,19.678537634408602,19.825272940969924,3.6486169145676426,3.5308626581255105,3.626934144254646,20.232833333333335,20.194207650273224,19.561978934193718,3.961404577901432,3.768032319774357,3.8608026648517537,6.783731577459243
1999-08-25,sz000901,20.3,19.66,20.3,19.65,1952,3873901.5,3.25,-1.7,-0.34,0.65,3.290479813330673,-0.188807503145497,19.881999999999998,19.84333333333333,19.742653867090432,3.44597257777624,3.393354973510283,3.3712294119478696,19.486,19.656363636363636,19.661879368406705,3.318156219640624,3.3618509578133304,3.396463097406145,19.675,19.590333333333334,19.732976066570686,3.4765109025013574,3.407372960751408,3.5002033316768233,19.783666666666665,19.668451612903226,19.81461017058477,3.633053040718898,3.507757038690867,3.605227413227293,20.262,20.175426229508194,19.56519273962999,3.9442956064394745,3.7460347865097425,3.8421035549658162,6.588148573907534
1999-08-26,sz000901,19.66,19.85,20.0,19.66,1549,3074593.75,1.73,0.97,0.19,0.52,3.190051417759206,-0.1004283955714671,19.842,19.832666666666668,19.778435911393622,3.3447290619789753,3.308047920171271,3.3108367472183153,19.57,19.722545454545454,19.696083119605486,3.3205183500322164,3.338559175653072,3.3589337011067015,19.679499999999997,19.607000000000003,19.74412120308776,3.456008410604748,3.3800911050616795,3.4706650541608597,19.75766666666667,19.672731182795697,19.816893385385754,3.6182657411091568,3.4791762888225,3.578441865132578,20.302666666666664,20.161918032786883,19.57453068259294,3.928772654762662,3.7213054688480938,3.820724796368878,6.487787740017497
1999-08-27,sz000901,19.86,20.0,20.1,19.85,2110,4210196.5,1.26,0.76,0.15,0.7,3.3242824552976926,0.13423103753848675,19.881999999999998,19.88533333333333,19.852290607595748,3.31819095031135,3.3012323846108433,3.3153186499114415,19.639000000000003,19.800727272727272,19.75134073422267,3.3338854157806255,3.339243558428614,3.3526334745959723,19.68,19.63752380952381,19.7684906123175,3.4358902473575874,3.3675457759848166,3.4567238542691294,19.770666666666667,19.688365591397847,19.828706715360866,3.599939298111645,3.46020962522176,3.562044483852908,20.332666666666665,20.151994535519126,19.588480496278414,3.912299278911144,3.701486118045964,3.8044479983009705,6.624302365877041
1999-08-30,sz000901,19.8,19.97,20.2,19.8,2358,4718872.0,2.0,-0.15,-0.03,0.79,3.3725438007590705,0.048261345461377836,19.895999999999997,19.91466666666667,19.8915270717305,3.331328960724562,3.3193500014267507,3.3343937001939845,19.747,19.860909090909093,19.791096964364,3.3483768308994315,3.3462723556974217,3.3562535338983537,19.673000000000002,19.665142857142857,19.787681982572977,3.421588251625188,3.361512781070673,3.4487067063157903,19.816,19.701225806451617,19.83782241114404,3.588275111940813,3.4455389479732075,3.5498186333307253,20.35983333333333,20.140103825136613,19.600989332466007,3.897931788882373,3.6837892171229454,3.7902872049389407,6.673838197209951
1999-08-31,sz000901,19.5,19.95,20.0,19.5,1307,2591972.25,2.5,-0.1,-0.02,0.44,3.116275587580544,-0.2562682131785263,19.886,19.932666666666666,19.911018047820335,3.258726614945437,3.247665543712078,3.261687662656171,19.832,19.897818181818185,19.81998842538873,3.338652613957855,3.3040721296394424,3.312621180022388,19.6625,19.691523809523808,19.803140841375548,3.39649962616861,3.3324353844949917,3.4170465997695767,19.79866666666667,19.709870967741935,19.845059674941197,3.5611227251374147,3.4150873657564156,3.521848114250069,20.395666666666667,20.126666666666665,19.61243230517204,3.8770851113042366,3.6581611449491143,3.768188463386206,6.4136303476089
1999-09-01,sz000901,20.4,19.7,20.4,19.63,1842,3673445.0,3.86,-1.25,-0.25,0.61,3.26528962586083,0.1490140382802858,19.894,19.87066666666667,19.84067869854689,3.2536885774514688,3.2498532140172083,3.2628883170577243,19.888,19.87381818181818,19.798172348045323,3.3498305776138544,3.2907334045308927,3.3040154429021045,19.6185,19.695095238095238,19.793317904101688,3.3743133366130458,3.319939193989489,3.4025935546354105,19.743,19.703505376344083,19.835700986235313,3.5286766045566478,3.3960013593514744,3.5052959537088277,20.4265,20.10385792349727,19.61530337713361,3.8629704526018895,3.6381022765739206,3.751699976909964,6.565073541832411
1999-09-02,sz000901,19.7,19.95,20.1,19.16,2186,4259093.5,4.77,1.27,0.25,0.73,3.339650157613684,0.07436053175285418,19.913999999999998,19.889333333333333,19.877119132364594,3.2836083254223647,3.2785070740712805,3.2884755972430444,19.878,19.885090909090906,19.825777375673447,3.31416869370067,3.288882419076316,3.310494481940573,19.5985,19.72666666666667,19.808240008472954,3.3604458274376845,3.3166379388466933,3.396598945395246,19.738333333333333,19.716860215053764,19.843075116155617,3.5089124356938277,3.3838061047099934,3.494609128154303,20.46066666666667,20.0882349726776,19.626277036899722,3.8476727788422735,3.620944234115291,3.738190146769102,6.629317174257439
1999-09-03,sz000901,19.3,19.5,19.8,19.3,1307,2565857.75,2.51,-2.26,-0.45,0.44,3.116275587580544,-0.22337457003313999,19.814,19.75133333333333,19.75141275490973,3.2420069518789347,3.222729494790674,3.2310755940222116,19.848,19.816363636363633,19.766545125551,3.2800989510951424,3.2529018543272024,3.2751819556932946,19.565500000000004,19.717285714285715,19.778883817189815,3.3296801685573754,3.2933836302888695,3.369901482746227,19.696,19.701483870967742,19.820941237693965,3.4843316815539733,3.3584746951542974,3.4702005126334154,20.471166666666665,20.056737704918035,19.6221368061817,3.8277058942861584,3.5969639983362187,3.717799505484231,6.409232575615487
1999-09-06,sz000901,19.22,19.27,19.36,19.02,1338,2577482.5,1.74,-1.18,-0.23,0.45,3.1264561134318045,0.010180525851260391,19.674,19.569999999999997,19.590941836606486,3.1927894144134816,3.1842125486416304,3.1962024338254094,19.785,19.711272727272725,19.676264193632637,3.2620591875690215,3.224966792933868,3.248140893463933,19.562,19.68914285714286,19.730418691743168,3.3012157604690993,3.274028958372149,3.3467162094781866,19.69066666666667,19.674000000000003,19.78539664171371,3.445282368456378,3.335385948823835,3.4480234546204085,20.456833333333336,20.01735519125683,19.610591337126564,3.805112043812913,3.573972202242633,3.698411197548086,6.411195725292417
1999-09-07,sz000901,19.1,19.21,19.4,19.1,767,1481351.88,1.56,-0.31,-0.06,0.26,2.884795363948981,-0.24166074948282334,19.526,19.415333333333333,19.463961224404326,3.146493369687169,3.0815478651534636,3.092400077199933,19.706,19.60672727272727,19.591488885699427,3.202609992316303,3.156373370457497,3.1820780699157596,19.563499999999998,19.655619047619048,19.680855006815246,3.2692617048846424,3.23436987298928,3.302723747999215,19.690333333333335,19.642989247311828,19.74827427773218,3.4101565553806426,3.2992254969201316,3.4116861584480587,20.459000000000003,19.976475409836063,19.597457194925692,3.7774678468773684,3.543797884870045,3.6717352685776232,6.170658232991495
1999-09-08,sz000901,19.21,19.48,19.6,19.18,742,1444851.5,2.19,1.41,0.27,0.25,2.870403905279027,-0.014391458669954282,19.482,19.4,19.46930748293622,3.067516225570808,2.9895180436840834,3.018401353226298,19.688,19.56563636363636,19.57121817920862,3.1606024015111385,3.0959722637234464,3.125410039981808,19.587,19.647666666666673,19.66172595854713,3.239379310575881,3.1963834158839837,3.2615504296449114,19.679333333333332,19.62941935483871,19.730966259813975,3.371208068837951,3.2644027453006728,3.3767647227597344,20.436999999999998,19.944377049180332,19.593606139354357,3.7499218962155414,3.5140580835061654,3.6454621091252104,6.159823213151605
1999-09-09,sz000901,19.51,21.43,21.43,19.51,19581,40968064.0,9.86,10.01,1.95,6.53,4.2918348674156395,1.4214309621366126,19.778000000000002,20.049333333333333,20.122871655290815,3.2579531675311997,3.39762425763236,3.442879191289412,19.845999999999997,19.882363636363635,19.909178510261597,3.270780746476782,3.3016508938879015,3.3374872813334138,19.708000000000002,19.823190476190476,19.830133010114068,3.2956495482544996,3.296617278440151,3.3596727570516474,19.735000000000003,19.742365591397846,19.840581339825977,3.394265855895426,3.323798022628266,3.435801506285922,20.4425,19.976934426229512,19.653815774129626,3.7463868037731207,3.531825721906168,3.6666546585773556,7.612445441278427
1999-09-10,sz000901,21.98,21.85,23.48,21.8,28884,65326372.0,7.84,1.96,0.42,9.63,4.4606573363226545,0.16882246890701502,20.248,20.740000000000002,20.69858110352721,3.5268295172796216,3.798525647229512,3.7821385729671597,20.031,20.246727272727277,20.262055144759486,3.384418234579278,3.5179920920416965,3.5417000186041845,19.835,20.027190476190476,20.022501294865112,3.3591518251799513,3.407570401113308,3.464528431267934,19.797000000000004,19.878817204301075,19.970221253385592,3.4187329097648176,3.392597472978409,3.5019212372560338,20.465833333333332,20.023081967213113,19.725821814322096,3.7495569942448657,3.5552444278913993,3.692687533257529,7.815088539651136
1999-09-13,sz000901,21.87,22.11,22.45,21.7,7281,16046559.0,3.43,1.19,0.26,2.43,3.862191031051597,-0.5984663052710575,20.816,21.360666666666667,21.16905406901814,3.6739765008035796,3.910312818486837,3.8088227256619724,20.244999999999997,20.624727272727274,20.59804511843958,3.4333829576085306,3.604859873218482,3.599971111776441,19.996000000000002,20.24385714285714,20.22131069535415,3.390879894253981,3.4554788969106083,3.5024010598187587,19.86366666666667,20.02804301075269,20.108271495102652,3.425519820286302,3.42120767435175,3.5251644497589734,20.4885,20.076989071038252,19.8039915909017,3.7447194907947434,3.558937347130964,3.698245024988482,7.205381917268617
1999-09-14,sz000901,22.1,21.86,22.35,21.81,3763,8284588.0,2.44,-1.13,-0.25,1.25,3.575534218319864,-0.2866568127317328,21.346,21.708666666666666,21.39936937934543,3.8121242716777566,3.8774987243255983,3.73105988988127,20.436,20.918363636363637,20.827491460541474,3.479308820682463,3.6307055569841795,3.5955280402388814,20.134,20.421380952380957,20.37737634341566,3.4089807173201585,3.473065023012121,3.5093661225331494,19.92033333333333,20.15683870967742,20.221286237354096,3.424102691006561,3.43088602261198,3.528414112246773,20.502166666666664,20.121956284153004,19.871401702675414,3.735549370447929,3.5533902890170332,3.694221719851806,6.918270915437838
1999-09-15,sz000901,21.89,21.67,22.1,21.65,3734,8184147.5,2.06,-0.87,-0.19,1.24,3.5721743136130595,-0.003359904706804695,21.784,21.816666666666666,21.48957958623029,3.9524783533445627,3.7975154049707,3.6780980311252,20.633,21.142727272727274,20.980674831352115,3.5099972894576856,3.6475901920624696,3.5912819081250955,20.2605,20.567666666666668,20.500483358328452,3.42991393353577,3.488607270278112,3.5153478550169504,19.956666666666667,20.269720430107526,20.31475164139577,3.419541320894593,3.4404390305220764,3.531237351044598,20.505999999999997,20.16024590163934,19.93037213865327,3.7248775992127903,3.548033729776545,3.6902201655488964,6.912973447910705
1999-09-16,sz000901,21.68,21.09,21.78,21.01,3969,8463224.0,3.55,-2.68,-0.58,1.32,3.5986810989071634,0.026506785294103885,21.716,21.58533333333333,21.35638639082019,3.8138475996428673,3.6795829868249,3.651625720385855,20.747,21.225818181818184,21.00055213474264,3.535900383587033,3.6637145210532838,3.5926272155400167,20.3125,20.64666666666667,20.55662780039241,3.425034538643852,3.504680333646815,3.523284354435066,19.981333333333335,20.342838709677423,20.364767664531527,3.418930679487468,3.4519964355551456,3.5355885605841184,20.474666666666668,20.17939344262295,19.968392724271194,3.711490616915233,3.54389613960259,3.687218884675397,6.927535835696786
1999-09-17,sz000901,20.91,21.24,21.55,20.85,3745,7910453.5,3.32,0.71,0.15,1.25,3.5734518220354854,-0.025229276871677975,21.594,21.426666666666666,21.317590927213462,3.636406496785434,3.599451060955772,3.625567754269065,20.921,21.315454545454543,21.04408811024398,3.581618007032527,3.670542055316638,3.5891407803573747,20.3845,20.734999999999996,20.6217108670217,3.430858479063835,3.5188153130174475,3.528062208492249,20.017333333333333,20.42404301075269,20.421234266819816,3.413659448049093,3.461965541525986,3.538031351645497,20.45733333333333,20.204486338797814,20.01008476609837,3.6946217340171037,3.5393702774753857,3.6834888170478592,6.898201381968204
1999-09-20,sz000901,21.2,21.57,21.9,21.1,3523,7615188.0,3.77,1.55,0.33,1.17,3.5469126431812423,-0.026539178854243062,21.486,21.418666666666663,21.401727284808977,3.5733508192113623,3.569619776421042,3.599349383906458,21.151,21.433454545454545,21.139708453835983,3.623663660007472,3.6642319891618595,3.5814629372344413,20.468,20.847904761904758,20.71202411778154,3.4428614237882464,3.5298680905524384,3.5298574879864386,20.091666666666665,20.524215053763438,20.495348185089505,3.4086983936485566,3.470562521857093,3.53860433819619,20.407,20.240967213114754,20.061229527865635,3.6788837189485464,3.534527356464374,3.6790109097079697,6.8816806294520685
1999-09-21,sz000901,21.47,21.62,21.88,21.29,2340,5066625.5,2.74,0.23,0.05,0.78,3.369215857410143,-0.17769678577109937,21.438,21.46333333333333,21.47448485653932,3.5320871470294186,3.5015747891539686,3.5226382084076864,21.392000000000003,21.518727272727272,21.227034189502167,3.6721057093535876,3.617968752325981,3.542872559084569,20.549,20.957619047619048,20.798498011326153,3.437357850834945,3.522854227087857,3.5145582850744104,20.173000000000002,20.622817204301075,20.567906366696633,3.4035430397076234,3.4680152614546134,3.5276760491132193,20.357333333333333,20.280737704918028,20.112336756460206,3.662576288086689,3.5243743118237703,3.668853694878533,6.70471880456811
1999-09-22,sz000901,21.65,21.62,21.88,21.6,2152,4668034.5,1.3,0.0,0.0,0.72,3.3328422669943514,-0.03637359041579158,21.428,21.524,21.522989904359548,3.4842207377056775,3.43515982914228,3.4593728946032414,21.606,21.560181818181817,21.29848251868359,3.7183495455251205,3.556284490078847,3.5046852332499836,20.647,21.05961904761905,20.876736295961756,3.4394759735181295,3.512900361960182,3.4972519976382146,20.26,20.71617204301075,20.63578337529685,3.3990360555589607,3.463453921279564,3.5151061276861957,20.342166666666667,20.322136612021854,20.16176833821561,3.6466789763806786,3.5135633603125473,3.657836926751182,6.66913405712146
1999-09-23,sz000901,21.62,21.36,21.88,21.27,2180,4688756.0,2.82,-1.2,-0.26,0.73,3.3384564936046046,0.005614226610253237,21.482,21.501333333333335,21.4686599362397,3.4321758166451652,3.3865717477752555,3.4190674276036956,21.598999999999997,21.51545454545455,21.30966751528657,3.6230117081440163,3.487213026093299,3.4744618260417326,20.722500000000004,21.127523809523808,20.922761410632067,3.446896227310399,3.5032794591112744,3.4821286163016802,20.33833333333333,20.787139784946234,20.682507028503505,3.4047702682176717,3.459545562443799,3.5037093771002867,20.360166666666665,20.355508196721313,20.201054622208538,3.631271950362717,3.5034577051395597,3.6473654371398188,6.671057632907161
1999-09-24,sz000901,21.88,21.58,21.9,21.5,1552,3357900.5,1.87,1.03,0.22,0.52,3.1908917169221698,-0.14756477668243484,21.55,21.534,21.50577329082647,3.355663795622502,3.3061437145342567,3.3430088573765206,21.572,21.512,21.358818876143555,3.496035146203968,3.408645754962054,3.42290362438363,20.8015,21.20919047619048,20.985355562000443,3.4402266903916234,3.4788980771695384,3.454391768741727,20.413999999999998,20.867247311827953,20.740409800858117,3.4047795988546237,3.4457469462311856,3.4835275925726665,20.348,20.395502732240438,20.24626594607055,3.610357222365702,3.489019008961182,3.6323990856572728,6.526067823147722
1999-09-27,sz000901,21.61,21.43,21.86,21.3,1945,4179022.0,2.59,-0.7,-0.15,0.65,3.2889196056617265,0.0980278887395567,21.522000000000002,21.493999999999996,21.480515527217648,3.3040651881185985,3.283895651213998,3.324979106804923,21.504,21.48618181818182,21.371760898662906,3.4387080036649804,3.3709883839543737,3.39854289370692,20.8745,21.26904761904762,21.027702651333733,3.4360454806367557,3.4644878786238342,3.43863251511506,20.49866666666667,20.93279569892473,20.784899491125337,3.4068225973909807,3.438272107960677,3.4709722385784123,20.324166666666667,20.4309781420765,20.285076898658403,3.590507204948182,3.4784800707085917,3.6211374633623366,6.621074657445003
1999-09-28,sz000901,21.4,21.0,21.43,20.98,2090,4410707.5,2.1,-2.01,-0.43,0.7,3.3201462861110542,0.03122668044932775,21.398000000000003,21.319999999999997,21.320343684811768,3.294251273858781,3.2892560172114833,3.3233681665736334,21.418,21.394545454545455,21.30416800799692,3.4131692104441003,3.349431708035478,3.384288965053126,20.927,21.281000000000002,21.025064303587662,3.446239015563281,3.453449860097577,3.427348112352774,20.562,20.965139784946235,20.798776943310802,3.4103768816948064,3.432680087878101,3.4612415319676155,20.325833333333332,20.45313661202186,20.30851700034173,3.5761727776775505,3.4696157782877024,3.6112689001737697,6.644508258107595
1999-09-29,sz000901,21.0,20.86,21.45,20.8,2041,4290872.5,3.1,-0.67,-0.14,0.68,3.3098430047160705,-0.01030328139498371,21.246,21.140666666666668,21.166895789874513,3.289651421403125,3.2944532608305797,3.3188597792877794,21.337,21.293090909090907,21.223410188361115,3.3869360795544012,3.330645125175836,3.3707533359009343,20.985000000000003,21.274619047619048,21.00934389372217,3.448466684506043,3.4404597638264147,3.416157149720707,20.619333333333334,20.98436559139785,20.802726817935913,3.4155879822086472,3.426194031298827,3.451473885048161,20.307000000000002,20.470650273224045,20.326598410166593,3.561766740640483,3.4608836545840473,3.601386083929255,6.632545609995475
1999-09-30,sz000901,20.89,20.38,21.0,20.36,2676,5512118.5,3.07,-2.3,-0.48,0.89,3.4274861090957853,0.11764310437971481,21.05,20.851999999999997,20.90459719324968,3.307457344501361,3.340398156728133,3.3550685558904485,21.266,21.119090909090907,21.070062881386367,3.3698165805732634,3.3380178578197244,3.381068385572725,21.0065,21.217,20.949406380034347,3.4528584820801482,3.438461613787342,3.4172360982326193,20.630333333333333,20.968924731182796,20.775454120004564,3.406628552620322,3.42696165238832,3.449926286599621,20.28183333333333,20.473043715847,20.328349281964407,3.552292473075537,3.456481010926845,3.5956844454101247,6.741318545500243
1999-10-08,sz000901,20.58,20.13,20.58,19.95,2131,4280312.0,3.09,-1.23,-0.25,0.71,3.328583449714202,-0.09890265938158338,20.759999999999998,20.54533333333333,20.64639812883312,3.334995691059768,3.34744019179908,3.346240187165033,21.154999999999998,20.91254545454545,20.899142357497936,3.345329743341135,3.3305209249362586,3.371525669962084,21.038,21.13352380952381,20.871367677173932,3.463473875186831,3.426625896419156,3.408792988849913,20.641333333333332,20.936645161290325,20.733811918713947,3.4023489004896015,3.421926484458893,3.442097716477981,20.251500000000004,20.46806557377049,20.321846026818033,3.541931884460076,3.449146288849424,3.5869270357151763,6.6314754267093905
1999-10-11,sz000901,19.61,20.3,20.69,19.56,1321,2681176.25,5.61,0.84,0.17,0.44,3.1209028176145273,-0.2076806320996747,20.534,20.392,20.530932085888747,3.3013923334503277,3.2760759006506666,3.271127730648198,21.028,20.757090909090905,20.790207383407402,3.3027287607844635,3.289716029349603,3.3259578786261645,21.089499999999997,21.063238095238095,20.816951707919273,3.4631962103959673,3.3940000814122704,3.381374877303686,20.654666666666667,20.91462365591398,20.705824052990465,3.396150536120319,3.403768672660501,3.4213754649384036,20.23483333333333,20.469655737704915,20.321129763643672,3.5300008139637478,3.4353420571495694,3.5716475531544996,6.428325363735404
1999-10-12,sz000901,20.36,20.59,20.6,20.2,958,1958617.88,1.97,1.43,0.29,0.32,2.9813655090785445,-0.13953730853598278,20.451999999999998,20.410666666666664,20.5506213905925,3.233636178043826,3.1694002925267384,3.174540323458314,20.925,20.677454545454545,20.75380604096969,3.2639437259513038,3.2312863472212547,3.2633047205265973,21.1585,21.015666666666668,20.79533725954601,3.4680247176524452,3.3481114431915633,3.3432787469965297,20.674333333333333,20.910451612903227,20.698351533442693,3.3795531425403977,3.377008348335226,3.392987725850671,20.245333333333335,20.481300546448086,20.329945181229125,3.5140850285540206,3.4173540143664476,3.552294043512665,6.291949714813123
1999-10-13,sz000901,20.75,19.99,20.75,19.93,1161,2341127.5,3.98,-2.91,-0.6,0.39,3.064832219738574,0.08346671066002953,20.278,20.256666666666668,20.363747593728334,3.1846340210483266,3.113132306424988,3.1379709555517343,20.761999999999997,20.507454545454543,20.614932215338833,3.2371427212257258,3.195084255182576,3.227218811292411,21.184,20.904380952380954,20.71863847292258,3.4777461333754234,3.3097121576759565,3.3167600301148195,20.685333333333336,20.866301075268822,20.652651434510908,3.372031556087328,3.3567037726705915,3.371816402875697,20.2345,20.472928961748636,20.318799437582268,3.502542298403113,3.4026244140774167,3.5363116886348256,6.3694250664256264
1999-10-14,sz000901,19.79,19.98,20.38,19.79,694,1390633.38,2.95,-0.05,-0.01,0.23,2.841359470454855,-0.22347274928371919,20.198,20.157333333333334,20.235831729152224,3.0674086933201403,2.998707456227164,3.0391004605194416,20.624000000000002,20.365272727272725,20.499489994368133,3.1874330189107507,3.1231236641333266,3.1570625675037642,21.1115,20.789714285714286,20.64829195169186,3.4052223635273835,3.249103904064474,3.2714837863376798,20.689666666666668,20.820795698924726,20.60925456776827,3.360408491177183,3.3224668639201096,3.3375933749775784,20.223666666666666,20.464584699453553,20.30769125930088,3.4893371161431697,3.3809462885709167,3.513526370005974,6.143212649740966
1999-10-15,sz000901,20.38,20.38,20.8,20.18,1836,3754785.5,3.1,2.0,0.4,0.61,3.2638726768652235,0.4225132064103687,20.247999999999998,20.218,20.283887819434817,3.054466538750345,3.0641954507421914,3.1140245326347027,20.503999999999998,20.320909090909087,20.477764540846653,3.194731114905056,3.1370217837614125,3.1764825873876656,21.038,20.72004761904762,20.622740337245016,3.345383130554512,3.2356420291442682,3.270758918768874,20.702333333333335,20.800817204301072,20.5944639504929,3.3583948318961006,3.3162387468677257,3.332837200905814,20.2365,20.46971038251366,20.310062037684457,3.479167065003873,3.37355401187328,3.5053410030177528,6.5745851320653035
1999-10-18,sz000901,20.59,19.85,20.63,19.81,1481,2971069.75,4.02,-2.6,-0.53,0.49,3.1705550585212086,-0.09331761834401497,20.158,20.08533333333333,20.13925854628988,3.0643969869316807,3.1028916239991466,3.132868041263538,20.346,20.201999999999998,20.363625533419988,3.182894660191004,3.1326261371461674,3.1754048548664917,20.925,20.60690476190476,20.549146019412156,3.3108013319279928,3.2189917365696683,3.2612156939833823,20.698333333333334,20.74582795698925,20.546434018203037,3.3516618738215054,3.30412005181128,3.3223673852680977,20.257166666666667,20.457038251366114,20.294978036448903,3.469968492881159,3.3634355854312252,3.4943644146736035,6.472912847591122
1999-10-19,sz000901,19.55,19.4,19.8,19.4,1709,3327042.25,2.02,-2.27,-0.45,0.57,3.232742062720737,0.062187004199528495,19.919999999999998,19.832666666666668,19.89283903085992,3.1146722976601193,3.1590066492621656,3.1661593817492717,20.186,20.03,20.188420890979987,3.174154237851973,3.1416893012424825,3.185829801749082,20.802,20.46166666666667,20.439703541372904,3.2936617241480364,3.211557520454691,3.258503919577416,20.68,20.66206451612903,20.47247053315768,3.355544089659512,3.296447805933812,3.3165851063940748,20.239333333333335,20.428934426229507,20.265634494270248,3.458333407398463,3.3556576696882603,3.4857866326423617,6.522058315995169
1999-10-20,sz000901,19.4,19.69,19.96,19.4,834,1639239.62,2.89,1.49,0.29,0.28,2.921166050637739,-0.31157601208299823,19.860000000000003,19.755999999999997,19.825226020573282,3.0859390638399526,3.0945045669213713,3.0844949380454274,20.069,19.939818181818183,20.09779891080181,3.1352865424441396,3.095691449021713,3.1377091197288376,20.702999999999996,20.355761904761906,20.368303204099295,3.261111310999271,3.1760817420251386,3.226376503487923,20.679666666666666,20.598193548387098,20.42198856327654,3.344073303818742,3.2684234163195036,3.2910741995710855,20.211333333333332,20.410923497267763,20.246761232163028,3.4363749541876945,3.3380456252043014,3.4672744824127015,6.2146424423059194
1999-10-21,sz000901,19.69,19.06,19.69,19.02,1458,2794332.0,3.4,-3.2,-0.63,0.49,3.163757523981956,0.24259147334421716,19.676,19.489333333333335,19.570150680382188,3.150418674545373,3.120444053635373,3.1109158000242703,19.937,19.756363636363634,19.909108199746935,3.1089136839327565,3.100867991119498,3.1424451932294044,20.601499999999998,20.199285714285715,20.243702898946978,3.2393651322530097,3.166809952785395,3.2204127911540215,20.65,20.49369892473118,20.334118333387732,3.3382102160310176,3.2567901402010007,3.2828602205008193,20.194166666666668,20.373174863387973,20.20785102782981,3.4235613258624227,3.329107348804114,3.4573231067264474,6.446278004212722
1999-10-22,sz000901,19.02,20.01,20.5,19.02,3860,7689313.0,7.76,4.98,0.95,1.29,3.586587304671755,0.42282978068979915,19.602,19.600666666666665,19.716767120254794,3.2149616001066788,3.265833597010833,3.2694729682400987,19.925,19.769636363636362,19.927452163429308,3.134714069428512,3.1877177403447696,3.2231983044007406,20.54,20.142952380952384,20.221445479999648,3.2400219063848232,3.199878731110989,3.2552865543461866,20.666999999999998,20.45240860215054,20.31320747316917,3.3538872732673912,3.2728144685004033,3.302455516253783,20.181500000000003,20.36713661202186,20.20136410888457,3.419109477410682,3.334452462863436,3.4615612771508832,6.8858875395885395
1999-10-25,sz000901,20.35,19.51,20.35,19.42,1132,2220789.75,4.65,-2.5,-0.5,0.38,3.0538464268522527,-0.5327408778195024,19.534,19.57,19.647844746836533,3.191619873772888,3.212128539259358,3.1975974544441503,19.846,19.694181818181818,19.851551770078522,3.128008430352285,3.173014532603632,3.1924070539373792,20.437,20.044857142857143,20.15368876761873,3.215368595568374,3.1821477330602685,3.236101780299145,20.675,20.377763440860214,20.261387636190516,3.3514669503814067,3.253456994538136,3.2864162201633618,20.182833333333335,20.345120218579236,20.178696433183436,3.3983746594188924,3.322476625140209,3.448193577141092,6.346507444303979
1999-10-26,sz000901,19.5,19.91,20.3,19.5,1456,2912426.5,4.1,2.05,0.4,0.49,3.1631613749770184,0.10931494812476572,19.636000000000003,19.695333333333334,19.73522983122436,3.1777037362241445,3.202642372994068,3.18611876128844,19.778,19.70581818181818,19.862178720973336,3.1461880169421317,3.1794059770808567,3.187089657762768,20.351499999999998,19.994666666666667,20.1304803135598,3.2050658714467177,3.177175616813473,3.229155075030371,20.69833333333333,20.328408602150535,20.23871746611371,3.3607458174156744,3.2413082477378534,3.2784642946674687,20.19433333333333,20.33617486338798,20.169886714062667,3.3854511863981585,3.3147647141749017,3.4388482590373517,6.4642549740178685
1999-10-27,sz000901,20.3,20.5,20.6,20.1,2987,6084059.0,2.51,2.96,0.59,1.0,3.475235222604128,0.31207384762710966,19.798000000000002,19.983333333333334,19.99015322081624,3.2885175706174223,3.301819535120729,3.282490915060336,19.829,19.837090909090907,19.97814622625091,3.1872283172286875,3.239232741746674,3.2394797604611973,20.295499999999997,20.008809523809525,20.165672664649342,3.2121855192272064,3.2029060312094164,3.252591279561205,20.732333333333333,20.31561290322581,20.255574403783793,3.3809068613265105,3.2486946609758185,3.2911591932440274,20.20583333333333,20.34619672131148,20.18071010048684,3.3760574650822313,3.317708453066901,3.4400412742362625,6.784193416960545
1999-10-28,sz000901,20.5,20.05,20.5,20.0,1411,2837403.75,2.44,-2.2,-0.45,0.47,3.149527013754348,-0.32570820884978025,19.996000000000002,20.067333333333334,20.01010214721083,3.2856714685719006,3.255489349499704,3.238169614625007,19.836,19.87727272727273,19.991210548750743,3.218045071558637,3.232377959296794,3.2231247156054064,20.229999999999997,19.985428571428574,20.154656220397023,3.2027390452346935,3.1969385544977156,3.2427756351986474,20.686333333333334,20.271591397849463,20.24231153902355,3.3428299328711346,3.2337669288743878,3.2820216332769516,20.21066666666667,20.34108743169399,20.1764245234217,3.3685478943832803,3.3102812251545113,3.430516216515544,6.452921138376384
1999-10-29,sz000901,20.07,19.77,20.3,19.5,869,1729619.0,3.99,-1.4,-0.28,0.29,2.9390197764486663,-0.21050723730568155,19.948,19.992,19.930068098140556,3.1561579629272827,3.139938785458626,3.1384530018995607,19.775,19.86527272727273,19.95099044897788,3.185559781516981,3.1816460874586174,3.1714692721223625,20.139499999999998,19.941619047619046,20.118022294644927,3.1901454482110188,3.1718224336609513,3.213846505793887,20.617,20.212473118279572,20.21183982682848,3.2921086808753355,3.207714660718099,3.2598924812235137,20.207,20.32663934426229,20.16309912921115,3.3554207953200765,3.296198336041901,3.414401579136302,6.237950447394292
1999-11-01,sz000901,19.65,19.61,19.97,19.54,580,1142595.0,2.18,-0.81,-0.16,0.19,2.7634279935629373,-0.17559178288572896,19.968,19.87933333333333,19.823378732093705,3.0980742762694193,3.009028795670511,3.013444665787353,19.750999999999998,19.835272727272724,19.888992185527357,3.1448470750211537,3.104894853285155,3.0972799487479215,20.048499999999997,19.891190476190477,20.069639218964458,3.1638708676060796,3.1311826760754196,3.170949504629035,20.533666666666665,20.147505376344082,20.173011450904063,3.2554832462923797,3.1736062292785903,3.2278625142776702,20.198666666666668,20.30706557377049,20.144964731532095,3.340501533289341,3.2767887359842898,3.393058182887995,6.0578923192544085
1999-11-02,sz000901,19.96,19.6,19.98,19.5,743,1465622.12,2.45,-0.05,-0.01,0.25,2.8709888137605755,0.10756082019763813,19.906,19.756666666666668,19.748919154729137,3.039639764026131,2.9333336415008966,2.9659593817784273,19.771,19.807818181818178,19.836448151795107,3.1086717501251373,3.055102442146868,3.0561361060229495,19.9785,19.84847619047619,20.024911674301176,3.1414129939885553,3.103289147137753,3.1423818197844198,20.458333333333332,20.087268817204304,20.136042970200577,3.2319983994737367,3.148800136857184,3.20483840456689,20.18933333333333,20.287437158469945,20.127097035416288,3.3280505452401488,3.2613948763276093,3.375941154392014,6.166022010991792
1999-11-03,sz000901,19.68,19.83,19.98,19.6,835,1650159.0,1.94,1.17,0.23,0.28,2.921686475483602,0.05069766172302659,19.772,19.731333333333332,19.77594610315276,2.9289300146020256,2.894015878653387,2.951201746346819,19.785,19.818545454545454,19.835275760559632,3.108723792609724,3.0211051194847705,3.0316907186521584,19.927,19.834333333333333,20.006348657701064,3.1220051675269316,3.0823628120420428,3.121363215565294,20.397,20.046731182795696,20.116298262445703,3.2103154715360884,3.1287800127287877,3.18657053817442,20.176833333333335,20.275655737704916,20.117356149009193,3.31492839621534,3.2480714642044433,3.36104755836223,6.217525792393146
1999-11-04,sz000901,19.9,19.37,20.0,19.3,1430,2800470.75,3.53,-2.32,-0.46,0.48,3.155336037465062,0.2336495619814598,19.636000000000003,19.59733333333333,19.640630735435174,2.930091819344169,2.969484552941066,3.0192465100529002,19.816,19.74309090909091,19.750680167730607,3.1078816439580343,3.029580073094832,3.0541716857090497,19.8765,19.781285714285712,19.945744023634298,3.1083976639453956,3.0855371806075786,3.124598722412891,20.339666666666666,19.98047311827957,20.068149987449207,3.1955373028213514,3.1252329524661415,3.184555409096397,20.1605,20.249202185792345,20.09285266871381,3.3072339911544097,3.2428389278519756,3.354302918332815,6.44723104096479
1999-11-05,sz000901,19.3,19.46,19.7,19.3,838,1627977.25,2.07,0.46,0.09,0.28,2.9232440186302764,-0.23209201883478547,19.573999999999998,19.538666666666668,19.580420490290116,2.926936667780491,2.9672019527031015,2.9872456795786926,19.761000000000003,19.678363636363635,19.697829228143224,3.0415473153538866,2.996009595762512,3.0303666553310906,19.842999999999996,19.741619047619047,19.899482688050078,3.088130692391199,3.067903500101377,3.1054220839574036,20.280333333333335,19.923720430107526,20.028914504387966,3.173863709374511,3.107665643808652,3.167696609711486,20.148833333333336,20.22623497267759,20.07210340088713,3.293761578711802,3.2302490926872496,3.3401698396540427,6.211648331592189
1999-11-08,sz000901,19.35,19.53,19.68,19.3,931,1812755.62,1.95,0.36,0.07,0.31,2.9689496809813427,0.04570566235106632,19.558,19.524,19.56361366019341,2.9680410052641717,2.9812062904367185,2.981147013379576,19.762999999999998,19.636363636363637,19.667314823026274,3.033057640766796,2.9828100258765953,3.0191999327220453,19.8045,19.711809523809524,19.864293860616737,3.0805330355595397,3.0565529275861527,3.0924247122453976,20.212333333333333,19.875311827956985,19.99672647184681,3.154598277301181,3.0944453839123187,3.1548742272127672,20.151999999999997,20.20594535519126,20.05432951889083,3.2816483354748693,3.2195995222698572,3.327998686910675,6.2583392602239565
1999-11-09,sz000901,19.6,19.61,19.8,19.41,1037,2034803.0,2.0,0.41,0.08,0.35,3.015778756389041,0.046829075407698095,19.56,19.541333333333334,19.579075773462275,2.9969989937898647,2.9971188741450088,2.9926909277160645,19.732999999999997,19.608545454545457,19.656893946112405,3.018319378907998,2.979668410535185,3.018577900661499,19.7555,19.693285714285715,19.840075397700858,3.082253697925065,3.050385853379438,3.085125097401935,20.145333333333333,19.836451612903222,19.971776376888954,3.1428170406004776,3.0854892857889546,3.145900325869301,20.15916666666667,20.188174863387975,20.039761337943588,3.273180040154051,3.2108824868899952,3.317761967877179,6.3085223692593395
1999-11-10,sz000901,19.3,19.38,19.42,19.08,971,1873032.75,1.73,-1.17,-0.23,0.32,2.9872192299080047,-0.0285595264810361,19.47,19.481333333333332,19.512717182308183,3.010105544674745,2.9938589528510553,2.9908670284467114,19.621,19.544363636363638,19.606549592273783,2.9695177796383856,2.9740138379897316,3.0128763241608634,19.725,19.65752380952381,19.79625869315792,3.0783730484335363,3.041334951663528,3.07580072906918,20.070666666666668,19.787075268817205,19.933597255799345,3.1312962726975995,3.075450717357182,3.1356628358072824,20.16533333333333,20.162628415300546,20.018129818666747,3.26516616412828,3.201506722619632,3.3069245010585173,6.272545371085828
1999-11-11,sz000901,19.25,19.32,19.7,19.25,498,964631.5,2.32,-0.31,-0.06,0.17,2.6972293427597176,-0.2899898871482871,19.46,19.431333333333335,19.44847812153879,2.918484205733676,2.889566885546046,2.8929877998843803,19.548000000000002,19.489636363636365,19.55444966640582,2.9242880125389226,2.9245068494663378,2.9554859639061095,19.692,19.61895238095238,19.750900722380976,3.0711665420487795,3.005035551123164,3.0397463113254215,20.002666666666663,19.738645161290325,19.894010336070355,3.1099220343361034,3.0474463992966743,3.1073768039977625,20.170499999999997,20.134912568306007,19.995240316415376,3.2573461512768875,3.182885843230499,3.2869344958683926,5.984361439684986
1999-11-12,sz000901,19.43,19.52,19.6,19.2,784,1520454.5,2.07,1.04,0.2,0.26,2.8943160626844384,0.19708671992472082,19.472,19.45133333333333,19.472318747692526,2.912698614544509,2.881510837862967,2.8934305541510668,19.523,19.48454545454545,19.54818609069567,2.9198176411625,2.91905740403825,2.9443641636839875,19.649,19.60257142857143,19.72891017739231,3.0526887113397403,2.98819264832656,3.0258958114548515,19.934000000000005,19.707505376344084,19.869880636969043,3.100036179194846,3.0335363366094703,3.0936309497194836,20.174,20.113584699453547,19.97965866669684,3.252407889024735,3.1709832173750083,3.2740617603541646,6.181973428298243
1999-11-15,sz000901,19.52,19.3,19.52,19.01,537,1036161.69,2.61,-1.13,-0.22,0.18,2.7299742856995555,-0.16434177698488295,19.426,19.394,19.414879165128355,2.864903535488151,2.8206027282479824,2.8389451313338965,19.492,19.444000000000003,19.503061346932817,2.9164722703761616,2.8845404303177142,2.9053841858686362,19.6215,19.569333333333336,19.688061589069235,3.0306596726986577,2.9574579411227333,2.9977128090019662,19.863,19.66660215053764,19.833114144261366,3.08140466852944,3.0096613757388053,3.0701692294601335,20.180833333333336,20.08492896174863,19.957374775985468,3.2441136329602105,3.153854246774183,3.2562228267589313,6.01542753108064
1999-11-16,sz000901,19.51,18.77,19.8,18.7,1961,3726735.5,5.7,-2.75,-0.53,0.65,3.292477593667784,0.5625033079682287,19.258000000000003,19.175333333333334,19.199919443418903,2.9202433029439003,2.96312741430786,2.9901226187785257,19.409,19.312727272727273,19.369777465672303,2.9586211483668823,2.952905034552555,2.975764805468481,19.59,19.488238095238096,19.600627152015022,3.03364644924601,2.982392981215031,3.025785645636806,19.788666666666664,19.59608602150538,19.76452613495418,3.080482378781331,3.0232789838122476,3.0845117045703048,20.175333333333334,20.03867213114754,19.918444455461355,3.2454296302380685,3.1554399504039394,3.257411507641189,6.571328570385509
1999-11-17,sz000901,18.77,18.92,19.14,18.35,1953,3640480.5,4.21,0.8,0.15,0.65,3.2907022432878543,-0.0017753503799298187,19.166,19.062666666666665,19.10661296227927,2.98093990561987,3.0866137277558447,3.090315826948302,19.318,19.22381818181818,19.287999744640974,2.9955227251473078,3.0132834154472774,3.0330261577992763,19.5515,19.42442857142857,19.53580551848978,3.052123258878516,3.006874485409492,3.051015797794049,19.724,19.54004301075269,19.71004057786036,3.0798443534003903,3.036841555715895,3.097814319971437,20.17166666666667,19.997513661202184,19.885708571675735,3.2477161678045188,3.1569242983727857,3.258503007170588,6.561158709123345
1999-11-18,sz000901,19.18,19.29,19.6,18.68,1735,3328202.0,4.86,1.96,0.37,0.58,3.2392994791268923,-0.05140276416096201,19.16,19.104,19.16774197485285,3.0893539328933053,3.1727335855915184,3.139977044341166,19.31,19.218727272727275,19.288363427433524,3.0039190693134907,3.0576064616253835,3.0705303980406606,19.563000000000002,19.399523809523807,19.5123954691098,3.0559003566357625,3.0247007920998135,3.0689475769686054,19.687666666666665,19.512043010752688,19.68294118574034,3.0735714657347604,3.04712898318212,3.10694239475566,20.159,19.96860655737705,19.866177143096202,3.2401000091775414,3.156648341366961,3.2578733833003026,6.522209677240997
1999-11-19,sz000901,19.52,18.82,19.52,18.8,1598,3042775.25,3.73,-2.44,-0.47,0.53,3.2035767749779724,-0.03572270414891987,19.020000000000003,18.990666666666666,19.051827983235235,3.151206075352012,3.210807866286408,3.1611769545534347,19.246000000000002,19.12963636363636,19.203206440627426,3.03195234494826,3.093907862655289,3.094720648392899,19.5035,19.328761904761908,19.446453043480297,3.0367498301510736,3.03876521289431,3.08176940535045,19.644,19.456064516129036,19.62726756085387,3.0694045765768863,3.0555164224881337,3.1131768708990353,20.142666666666667,19.924704918032788,19.83187625315862,3.235876738533244,3.155450858278451,3.2560931666339967,6.483269875036596
1999-11-22,sz000901,19.29,18.98,19.99,18.95,4025,7820098.5,5.53,0.85,0.16,1.34,3.6047658847038875,0.40118910972591504,18.956,18.97733333333333,19.027885322156823,3.3261643951528783,3.3619944694036996,3.3090399312702523,19.191,19.08127272727273,19.16262345142244,3.0955339653205147,3.1980557789744943,3.1874561459039876,19.476999999999997,19.27890476190476,19.40202894410122,3.064295803043655,3.0928619799945785,3.131578593860301,19.6,19.413225806451614,19.585508363379425,3.0855333454798655,3.090055861722134,3.14489229114451,20.127333333333336,19.88658469945355,19.803945884202598,3.240841940800092,3.1675455843824065,3.2675250590297304,6.893212223358704
1999-11-23,sz000901,18.98,18.75,19.05,18.61,1199,2259862.0,2.32,-1.21,-0.23,0.4,3.0788191830988487,-0.5259467016050388,18.951999999999998,18.908666666666665,18.935256881437883,3.2834327130390912,3.2795460653856896,3.232299681879785,19.105,19.00109090909091,19.087601005709267,3.1018380079914953,3.195016727661464,3.1677039708485077,19.419,19.209666666666667,19.339930949424915,3.060078693449747,3.094245159047454,3.126553888073496,19.538666666666664,19.358387096774194,19.53160459800011,3.088781801280542,3.089622689955617,3.1406295099802737,20.1065,19.841426229508194,19.769390281441858,3.2341674719104696,3.1622333628184314,3.261337981130357,6.354081919471127
1999-11-24,sz000901,18.8,18.64,18.8,18.6,938,1751048.0,1.07,-0.59,-0.11,0.31,2.9722028383790646,-0.1066163447197841,18.895999999999997,18.804666666666666,18.83683792095859,3.2197328320573333,3.1758027738323475,3.1456007340462118,19.031,18.916545454545457,19.00621900467122,3.1003363688386014,3.1714466968228407,3.132158310399518,19.326,19.13547619047619,19.273270859003492,3.0349270742384933,3.085876029993103,3.111853788102598,19.493666666666666,19.300408602150544,19.474081720709783,3.085694155235225,3.0821014665426176,3.1297632731027765,20.089499999999997,19.793344262295083,19.732361091886386,3.228862855661277,3.153644358440353,3.251858140384413,6.243298051194474
1999-11-25,sz000901,18.6,18.51,18.77,18.5,987,1831940.0,1.45,-0.7,-0.13,0.33,2.9943171526696366,0.02211431429057198,18.740000000000002,18.676,18.72789194730573,3.1707363667658823,3.1006642140364487,3.095172873587354,18.95,18.821818181818184,18.91599736745827,3.1300451498295936,3.1521704757012103,3.1070962817213577,19.249000000000002,19.057761904761904,19.200578396241255,3.0271665811842583,3.0820084184151164,3.100659822823268,19.444666666666663,19.236946236559138,19.41188290001883,3.090792744642384,3.0762061760545163,3.1210248137199934,20.067166666666665,19.741557377049183,19.69228367903765,3.225600617909784,3.1459543353914454,3.2434141735740925,6.262911245480504
1999-11-26,sz000901,18.41,18.7,18.97,18.41,479,895443.5,3.03,1.03,0.19,0.16,2.680335513414563,-0.3139816392550734,18.716,18.662666666666667,18.71859463153715,3.0660881144532004,2.9371972629193426,2.956893753529757,18.868000000000002,18.776363636363637,18.876725118829494,3.1086470949026057,3.070405087262114,3.0295034147564857,19.195500000000003,19.00547619047619,19.1529042632659,3.0142323680325527,3.048976888151336,3.0606289362129155,19.388666666666666,19.188903225806456,19.36595497098536,3.0713415058606954,3.049725064362398,3.092593245958353,20.0455,19.69673224043716,19.659749787921662,3.2148681688783984,3.1280767909817664,3.224952578159026,5.95203818827289
1999-11-29,sz000901,18.31,19.08,19.3,18.31,1332,2508457.25,5.29,2.03,0.38,0.44,3.1245042248342823,0.44416871141971903,18.735999999999997,18.784,18.839063087691436,2.970035782479279,2.956669299713037,3.012763910631265,18.846,18.81490909090909,18.91368418813322,3.1481000888160784,3.0732882017951457,3.0467762893160852,19.169,18.994476190476192,19.14596100009772,3.03228617959612,3.0594789697515017,3.066712297033998,19.363,19.168989247311824,19.347506263179852,3.069806478071131,3.0531549171994037,3.0946520187890587,20.03066666666667,19.665076502732244,19.64074159815374,3.210734175946319,3.125114038718026,3.2216591895254276,6.399406704029385
1999-11-30,sz000901,19.0,18.87,19.0,18.8,389,733576.31,1.05,-1.1,-0.21,0.13,2.5899496013257077,-0.5345546235085745,18.76,18.828666666666667,18.849375391794293,2.8722618661246506,2.82997390599518,2.871825807529413,18.856,18.819272727272725,18.905741608472635,3.077847289581871,2.9718062949787147,2.963716891499653,19.1325,18.966,19.11967900008841,3.018234218974377,3.0173516765828903,3.021306326014161,19.345333333333333,19.137182795698926,19.31669940749083,3.048380062691297,3.02219640902228,3.0620905725011007,20.012666666666668,19.627021857923495,19.61547138182083,3.201962076175404,3.104760446107513,3.2009473997483875,5.865445297849531
1999-12-01,sz000901,18.9,18.97,19.2,18.7,630,1194162.12,2.65,0.53,0.1,0.21,2.7993405494535817,0.20939094812787395,18.826,18.898666666666667,18.88958359452953,2.8376894083395543,2.8056668004381566,2.8476640548374696,18.861,18.84,18.9174249523867,3.0287111201984436,2.92116870586448,2.9338302838549124,19.0895,18.950523809523812,19.105423857222846,3.0121169226728757,2.996504660438053,3.000166728246487,19.32133333333333,19.112967741935485,19.294331703781744,3.0443192126518253,3.006129343652104,3.0451389581109383,20.0005,19.592836065573774,19.594308385695555,3.194196258235284,3.0915597403133552,3.1877799620338036,6.077063290815034
1999-12-02,sz000901,19.0,18.8,19.0,18.78,657,1241824.88,1.16,-0.9,-0.17,0.22,2.8175653695597807,0.01822482010619897,18.884,18.89,18.85972239635302,2.802339051717583,2.798958787511565,2.837631159744907,18.812,18.828909090909093,18.896074961043663,2.9865377092417327,2.882778569384724,2.912691208528525,19.061,18.92295238095238,19.07633587082067,2.9952283892776115,2.977975941093949,2.9827761226572767,19.312666666666665,19.079333333333327,19.262439335795825,3.032779474171086,2.991500063452617,3.030456791107638,19.981333333333332,19.55347540983607,19.568265487803895,3.185494845101052,3.0792111865862895,3.1756417786739997,6.094060356700548
1999-12-03,sz000901,18.78,18.68,18.78,18.58,592,1105172.25,1.06,-0.64,-0.12,0.2,2.77232170672292,-0.045243662836860654,18.880000000000003,18.822000000000003,18.799814930902016,2.820736290379254,2.7889530058466776,2.8158613420709115,18.798,18.804909090909092,18.85678860449027,2.9434122024162273,2.8438302052903937,2.887169480927506,19.022000000000002,18.886666666666663,19.03858959740918,2.9876822736822435,2.9567467332315966,2.9627328449492425,19.26833333333333,19.038516129032256,19.22486260445416,3.0056372875727915,2.9746963365204784,3.013802914695721,19.967666666666666,19.5108087431694,19.539142029187374,3.1797622804200913,3.065664526311597,3.162418169757571,6.043429971590858
1999-12-06,sz000901,18.65,18.7,18.79,18.46,531,987461.44,1.77,0.11,0.02,0.18,2.725094521081469,-0.04722718564145101,18.804,18.762,18.76654328726801,2.740854349628692,2.757072416080749,2.785605735074431,18.77,18.78709090909091,18.828281585492036,2.8554450660539854,2.804136081411347,2.8577013064100445,18.9805,18.855999999999998,19.0063429690845,2.9754895156872503,2.931738375841047,2.940100623628502,19.241333333333333,19.001849462365588,19.19100050094099,2.994678890713765,2.9565968031984573,2.995176566720608,19.958166666666667,19.46924590163935,19.511629175771397,3.1730729205475856,3.050757386661151,3.1480796894731085,5.994520145592484
1999-12-07,sz000901,18.51,18.8,19.23,18.51,1097,2093630.88,3.85,0.53,0.1,0.37,3.0402066275747113,0.3151121064932423,18.79,18.760666666666665,18.777695524845342,2.8309057548784926,2.856856508729422,2.8704726992411915,18.775,18.792545454545454,18.82313947903894,2.851583810501572,2.8377290925969336,2.8908840920763472,18.939999999999998,18.838809523809527,18.98669125774312,2.976710909246534,2.9379019103065196,2.949634528766236,19.204333333333334,18.973376344086024,19.165774662170605,2.990580399133689,2.9595340765443248,2.998081731937002,19.95133333333333,19.431273224043718,19.488297071647743,3.1756631082746813,3.0464011147604,3.1445428677715217,6.320900115303728
1999-12-08,sz000901,18.8,18.95,18.96,18.66,400,754377.25,1.6,0.8,0.15,0.13,2.6020599913279625,-0.43814663624674877,18.785999999999998,18.814,18.835130349896893,2.791449643253369,2.7805745875459125,2.781001796603449,18.806,18.82436363636364,18.846205028304585,2.8145695257964616,2.7923611254744585,2.8383706192130047,18.9185,18.839761904761904,18.983196852243776,2.957452947317532,2.9022208705047507,2.916532191867353,19.15266666666667,18.956967741935483,19.151853716224117,2.9614745580911497,2.934468243782665,2.9725319422202903,19.942500000000003,19.398442622950817,19.47064798733142,3.1711907097088305,3.027594455188376,3.1267565439537,5.877588582766862
1999-12-09,sz000901,19.1,18.8,19.1,18.78,501,945717.0,1.69,-0.79,-0.15,0.17,2.699837725867246,0.0977777345392834,18.786,18.818666666666665,18.823420233264596,2.7679041145148617,2.750037281750538,2.753947106358048,18.835,18.823272727272727,18.83780411406739,2.7851215831162226,2.7715007982146016,2.8131828204228664,18.892500000000002,18.82847619047619,18.965749532982464,2.9575833664729076,2.877686087509486,2.8958946236768663,19.110999999999997,18.93421505376344,19.12915347646772,2.9464849151615793,2.9175884481553163,2.954938766971707,19.898666666666667,19.36098360655738,19.44865952873039,3.144657424016357,3.012140258996849,3.1127592056557836,5.97576119588818
1999-12-10,sz000901,18.82,19.34,19.38,18.81,2547,4897773.0,3.03,2.87,0.54,0.85,3.406028944963615,0.7061912190963691,18.918,19.003333333333334,18.995613488843066,2.8946455621630007,2.962745558566789,2.97130771922657,18.899,18.91509090909091,18.929112456964226,2.8576909262711276,2.8843930458232183,2.9209730248848205,18.8835,18.871095238095236,19.001392434603183,2.9831690105868667,2.920395190222886,2.944478844751795,19.096666666666668,18.94898924731183,19.142756477985934,2.962051887445411,2.947236450078029,2.9840413591002175,19.85683333333333,19.342666666666663,19.44509692123103,3.127080284160373,3.0207098170606943,3.1223746069445646,6.689998652750324
1999-12-13,sz000901,19.35,19.21,19.75,19.19,2325,4518530.5,2.9,-0.67,-0.13,0.78,3.3664229572259727,-0.039605987737642234,19.020000000000003,19.100666666666665,19.067075659228713,3.0229112493919015,3.1200046902544463,3.1030127985597042,18.912,18.971636363636364,18.980182919334368,2.8818827995102967,2.9768897787240993,3.001963921674121,18.878999999999998,18.902190476190476,19.021259821783833,3.0149914441631873,2.956895566093277,2.984663998320764,19.083333333333332,18.956301075268815,19.147094769728778,2.9821517195675122,2.973324906192903,3.00871113962446,19.8085,19.32145901639344,19.437388825452963,3.118817482929946,3.028557117816942,3.1303761921996927,6.654997218106569
1999-12-14,sz000901,19.19,19.08,19.19,18.92,1270,2419563.0,1.41,-0.68,-0.13,0.42,3.103803720955957,-0.26261923627001593,19.076,19.12066666666667,19.071383772819143,3.0356306680681504,3.146968847442465,3.1032764393584555,18.933,19.002181818181818,18.99833147945539,2.9332682114733215,3.017239037168765,3.0204802488162725,18.8945,18.921333333333333,19.02685412447109,3.005557750527596,2.9653538781687785,2.996010638571735,19.066,18.956086021505378,19.142766074907566,2.9899122164740253,2.9811734224115134,3.0148461448716533,19.762166666666666,19.297573770491802,19.42567115904467,3.1109553079738808,3.0280648633259917,3.129504963634324,6.383736934647227
1999-12-15,sz000901,19.09,19.59,19.9,19.03,4408,8668699.0,4.56,2.67,0.51,1.47,3.6442415858437287,0.5404378648877719,19.204,19.291999999999998,19.244255848546096,3.244066986971304,3.349839153367658,3.283598154853547,18.994999999999997,19.121636363636366,19.105907574099863,3.0177583151123364,3.14650692341793,3.1338914010030825,18.928,18.98757142857143,19.080487064997655,3.02323471765539,3.0261809101036485,3.0577469192643063,19.058,18.98989247311828,19.171619876526435,3.013997386819362,3.023388220435365,3.055452302353723,19.727500000000003,19.291928961748635,19.43105898989566,3.112156429177725,3.0455496593217255,3.146381574198567,6.937953923368047
1999-12-16,sz000901,19.5,19.57,19.66,19.45,1880,3679693.0,1.07,-0.1,-0.02,0.63,3.27415784926368,-0.37008373658004867,19.357999999999997,19.414,19.352837232364067,3.358931011650591,3.359869440798449,3.280451386323591,19.072,19.226181818181818,19.190288015172612,3.063417563082726,3.193125020536356,3.159394391595918,18.942,19.048714285714286,19.12710734452169,3.0249776361622294,3.0500783512091996,3.0783574840261516,19.064666666666668,19.022924731182794,19.19732181997634,3.0179581138793163,3.040172766399514,3.0695623376382364,19.702166666666663,19.2867650273224,19.4356144328499,3.106747708350334,3.0508611812917565,3.150570960266275,6.565811586617093
1999-12-17,sz000901,19.55,19.08,19.6,19.04,1242,2390436.0,2.86,-2.5,-0.49,0.41,3.0941215958405612,-0.1800362534231188,19.306,19.32133333333333,19.26189148824271,3.29654954182598,3.2715996355284402,3.218341456162581,19.112000000000002,19.227636363636364,19.17023564877759,3.09559755199449,3.198707571946872,3.1475266105494897,18.955,19.061857142857143,19.12262093075772,3.019504877205359,3.0566634902261836,3.0798588280084767,19.052,19.023913978494623,19.18975267030045,3.0236540331196595,3.0450865394292714,3.0711468059093545,19.666166666666665,19.266366120218578,19.423954943248265,3.0987588712470853,3.050447210389797,3.148720161432645,6.3784771206656
1999-12-21,sz000901,18.96,18.8,19.08,18.7,730,1373334.25,1.99,-1.47,-0.28,0.24,2.863322860120456,-0.23079873572010534,19.223999999999997,19.152666666666665,19.107927658828476,3.1959295224048767,3.1271907416265985,3.1000019241485397,19.122,19.170909090909092,19.102920076272575,3.1094203858983893,3.1564758097879566,3.0958532013805744,18.946,19.04709523809524,19.091895127828412,2.9824327259761874,3.0417890124085742,3.059236354876284,19.02766666666667,19.007655913978496,19.16460733673268,3.020133139090963,3.034742592784161,3.057738809406845,19.62,19.237967213114757,19.40349740412537,3.087365708196072,3.042727996910235,3.139362872865032,6.137776251194401
1999-12-22,sz000901,18.98,18.97,19.26,18.65,879,1655199.62,3.24,0.9,0.17,0.29,2.9439888750737717,0.08066601495331582,19.201999999999998,19.067999999999998,19.06195177255232,3.16396655322844,3.0432105258495636,3.0479975744569505,19.139,19.14327272727273,19.07875278967756,3.0997986106482953,3.126397353274389,3.0682415056884285,18.957,19.049380952380954,19.080286068035228,2.9756912105749334,3.038127693275011,3.048260404418902,19.00633333333333,19.00393548387097,19.15205202468541,3.0177401430471207,3.0298300596217618,3.050400103966002,19.575833333333332,19.216655737704915,19.389284374481914,3.080278591823799,3.038027117135733,3.132957168019417,6.2188503779525535
1999-12-23,sz000901,18.72,18.74,18.95,18.7,451,847633.5,1.32,-1.21,-0.23,0.15,2.6541765418779604,-0.28981233319581134,19.032,18.913999999999998,18.954634515034883,2.965953544435286,2.8732805220660707,2.9167238969306206,19.118000000000002,19.07072727272727,19.017161373372545,3.105010265703295,3.04537515895251,2.992956966813798,18.962,19.028714285714283,19.047877871079493,2.959789895749878,3.007507248637204,3.0107286079864313,18.985,18.986752688172043,19.125468023092807,3.0066387201127864,3.0063743434173005,3.0248372935087087,19.52783333333333,19.18925136612022,19.36799636220382,3.0689674964051927,3.024056558121116,3.1172594425721556,5.9282081124767485
1999-12-24,sz000901,18.7,18.45,18.9,18.42,656,1219904.38,2.56,-1.55,-0.29,0.22,2.8169038393756605,0.1627272974977001,18.808,18.720000000000002,18.786423010023256,2.874502742457682,2.8235972870461956,2.883450544412301,19.083,18.949272727272728,18.914041123668444,3.1167168770541362,2.992992172347486,2.960947307279591,18.959,18.97995238095238,18.990937121452873,2.950919230085179,2.99389905279204,2.992269106213977,18.956000000000003,18.952236559139784,19.081889440957788,3.010627869999984,2.994133383369744,3.011422231951738,19.479333333333333,19.153912568306012,19.337898120820086,3.0602749521680437,3.0157921759234263,3.1074117178771887,6.086325790620784
1999-12-27,sz000901,18.46,18.64,18.88,18.2,1561,2904751.25,3.69,1.03,0.19,0.52,3.1934029030624176,0.3764990636867571,18.72,18.663999999999998,18.737615340015505,2.894359003902053,2.9298973405811073,2.986767997295673,19.012999999999998,18.868727272727273,18.864215464819637,3.095454272864017,3.0069350861671738,3.003211961058287,18.956,18.94957142857143,18.95751453845736,2.9765725995675725,3.016992735932729,3.0114247059138286,18.926666666666666,18.931849462365594,19.053380444766965,3.020597431345917,3.0059253209866745,3.0231629204104915,19.430333333333337,19.126393442622952,19.315016215219426,3.060316805270381,3.0201570267724214,3.110231100998016,6.463108947267528
1999-12-28,sz000901,18.65,18.75,18.92,18.46,1467,2754898.75,2.47,0.59,0.11,0.49,3.166430113843283,-0.026972789219134707,18.71,18.674,18.741743560010338,2.9549804546466185,3.020587710561517,3.04665536947821,18.967,18.820909090909094,18.84344901667061,3.0754549885257476,3.01983978452704,3.032887988837377,18.939500000000002,18.92995238095238,18.937751249080467,2.978668894018022,3.035074403958988,3.0261871257166337,18.908333333333335,18.920451612903225,19.03380751284652,3.0351459589507073,3.015333881147795,3.0324059651480915,19.38566666666667,19.10408743169399,19.296491093408953,3.058275313740074,3.0236361516436645,3.1120736915831064,6.440105641981149
1999-12-29,sz000901,18.72,18.7,18.81,18.61,635,1190278.0,1.07,-0.27,-0.05,0.21,2.8027737252919755,-0.36365638855130733,18.656,18.670666666666666,18.727829040006892,2.9267374246902595,2.9698521341099697,2.9653614880827988,18.929,18.772363636363636,18.817367377275954,3.045351988959349,2.9702613730299907,2.991049031829122,18.931,18.90714285714286,18.915108272977566,2.9893101002163354,3.0183224831279354,3.0049096590095234,18.906000000000002,18.907010752688173,19.012271544275777,3.018822496671514,3.000342124137555,3.017590981931568,19.347333333333335,19.081606557377047,19.27693400837915,3.0496524377264227,3.015259050383072,3.101932709081758,6.075648406573739
1999-12-30,sz000901,18.8,18.71,19.0,18.65,602,1133953.62,1.87,0.05,0.01,0.2,2.7795964912578244,-0.023177234034151173,18.65,18.68866666666667,18.721886026671264,2.951821414566232,2.920805156299158,2.903439822474474,18.841,18.732545454545455,18.79784603595305,2.958887479500759,2.9219421916297135,2.952603115361613,18.918,18.886095238095237,18.89557415174161,2.988322897306548,2.99834975846522,2.9834512620807905,18.898999999999997,18.894365591397843,18.992770154322503,3.001785638270513,2.9849081883044133,3.002236498662294,19.3115,19.060710382513662,19.258346008104425,3.040814995835452,3.006404757056232,3.0913643084973668,6.054595291779117
2000-01-05,sz000901,19.8,19.3,20.49,19.28,8248,16361274.0,6.47,3.15,0.59,2.75,3.91634865227546,1.1367521610176357,18.82,18.90533333333333,18.91459068444751,3.171710377146192,3.242314235535567,3.241076099074803,18.814,18.816000000000003,18.88914675668886,3.023106559801937,3.0960260412251133,3.1278295766186757,18.942999999999998,18.922476190476193,18.93409089919479,3.0432620614423316,3.086733163700355,3.072298632575521,18.899333333333335,18.920236559139784,19.012591434688794,3.024353944042132,3.043912253724087,3.0612114763147567,19.2935,19.060333333333332,19.25971171275674,3.0489627048884462,3.0351107785788556,3.118412975506484,7.213817117772217
2000-01-06,sz000901,19.2,19.86,19.96,19.01,4938,9669375.0,4.92,2.9,0.56,1.65,3.6935510855959133,-0.22279756667954675,19.064,19.252000000000002,19.22972712296501,3.2717400136528916,3.416261138352141,3.39190109458184,18.892,19.006181818181815,19.065665528199975,3.083049508777472,3.217925045914928,3.230688032796355,19.002,19.009809523809526,19.022272718319094,3.0893235303859816,3.1486654517149826,3.131465532863177,18.934000000000005,18.98221505376344,19.067262955031453,3.04068642106273,3.0870862628565887,3.1020075801393476,19.288999999999998,19.078907103825138,19.279393295945045,3.055045498819808,3.056244823847952,3.137269962722531,6.985398403470453
2000-01-07,sz000901,19.93,20.25,20.35,19.88,9864,19865758.0,2.37,1.96,0.39,3.29,3.994053063587675,0.3005019779917619,19.364,19.647333333333336,19.569818081976674,3.4372646036017698,3.657032154997069,3.592618417583785,19.037,19.25309090909091,19.28099906852725,3.196122529124194,3.383562055880419,3.369481674758413,19.0795,19.128666666666668,19.139199126098227,3.1527714575112915,3.2348301691627626,3.2136167262655104,18.976333333333336,19.06711827956989,19.143568570835875,3.0536626603588557,3.1485937881807793,3.1595589016521433,19.288166666666665,19.11041530054645,19.3112164665698,3.069598002919361,3.0870319571190303,3.1653612119312244,7.298105140694518
2000-01-10,sz000901,20.28,21.01,21.36,20.09,10534,21826280.0,6.27,3.75,0.76,3.51,4.022593314021462,0.028540250433786607,19.826,20.196,20.049878721317782,3.681228521347667,3.8521417251369665,3.735943383063011,19.241000000000003,19.611818181818183,19.595362874249567,3.303982973018963,3.5338294713162854,3.4882292455335127,19.189999999999998,19.31252380952381,19.317370637898396,3.201890791833629,3.3176703459732546,3.290662115575601,19.05166666666667,19.19832258064516,19.263983501749692,3.0851217980562766,3.211105443255786,3.215238541159841,19.295166666666667,19.166868852459018,19.366914287338005,3.0869517996684097,3.1182777050240165,3.19346718249156,7.338979722280758
2000-01-11,sz000901,21.03,20.14,21.04,19.88,8794,18066980.0,5.52,-4.14,-0.87,2.93,3.9441864612836874,-0.07840685273777437,20.112000000000002,20.300666666666665,20.07991914754519,3.914146515352839,3.9397943717823067,3.805357742469903,19.381,19.77527272727273,19.69438780620419,3.4329839649595355,3.6502301055462354,3.5711305574880896,19.2495,19.403000000000002,19.39571629143188,3.2689971153314152,3.388365171635165,3.3529025294525616,19.10166666666667,19.268537634408602,19.3205006951852,3.1175212521530975,3.266528969915619,3.2622674392323474,19.297666666666668,19.194568306010932,19.392261359884298,3.101607703694161,3.1463837595032063,3.2180809293372037,7.256885563797931
2000-01-12,sz000901,20.0,19.44,20.2,19.43,4335,8531858.0,3.82,-3.48,-0.7,1.45,3.636989101812229,-0.3071973594714583,20.14,20.076666666666664,19.86661276503013,3.8582746052601933,3.8474085672687695,3.7492348622506784,19.48,19.786,19.64813547780343,3.5149924912031927,3.6873219486103617,3.5831048382742967,19.2815,19.421142857142858,19.39993378748599,3.3158546841286642,3.4234120274904805,3.379958393486816,19.13266666666667,19.29036559139785,19.328210327753897,3.13894365045785,3.3000430247323367,3.2864430303665335,19.288666666666664,19.199234972677598,19.393826561199564,3.1148681975501176,3.1639372479660937,3.2318156235167126,6.931043618656244
2000-01-13,sz000901,19.4,19.1,19.55,19.02,1825,3520681.5,2.73,-1.75,-0.34,0.61,3.2612628687924934,-0.37572623301973573,19.988,19.73,19.611075176686754,3.771816961899509,3.64840465511287,3.5865775310979506,19.526,19.71690909090909,19.54847448183917,3.5217784877762,3.6411892899902347,3.524588116550332,19.2695,19.40385714285714,19.371368664868275,3.308616380320109,3.418212806982274,3.3686540578016424,19.146,19.288258064516132,19.313487080802034,3.158307895637115,3.30793458720554,3.2848185038133697,19.267333333333333,19.19304918032787,19.384192903455315,3.114824700748905,3.1687370732527294,3.2327811069683774,6.546626738205937
2000-01-14,sz000901,19.17,18.99,19.3,18.88,1937,3669595.0,2.2,-0.58,-0.11,0.65,3.287129620719111,0.02586675192661758,19.736,19.397333333333336,19.40405011779117,3.630432273325797,3.486842208052737,3.486761560971671,19.55,19.619454545454545,19.446933666959318,3.533848438463783,3.5985258596162177,3.4814138445810188,19.2585,19.377238095238095,19.335047839642726,3.3046517134947657,3.416166448925036,3.3608898256985444,19.142999999999997,19.278193548387097,19.292616946556745,3.1637287421666094,3.316245666243088,3.284967608129869,19.253,19.18395628415301,19.371268545964977,3.1167676101188704,3.1743864148910963,3.234563025452008,6.564618135377172
2000-01-17,sz000901,18.8,19.07,19.2,18.61,1459,2753246.5,3.11,0.42,0.08,0.49,3.1640552918934515,-0.1230743288256595,19.348000000000003,19.175333333333334,19.292700078527446,3.4587246689001945,3.331383214241955,3.3791928046122646,19.587,19.53218181818182,19.378400272966715,3.5699765951239306,3.5312907420579758,3.4237122895469154,19.258,19.359285714285715,19.309805188248184,3.3076642920416406,3.402776313534434,3.3421436796218686,19.14966666666667,19.27348387096774,19.278254562907925,3.182865598518867,3.316266733967401,3.2771668135339715,19.2475,19.17795628415301,19.361390888720223,3.115622830605082,3.175936830686985,3.2322512964828753,6.439845095809369
2000-01-18,sz000901,19.07,19.09,19.16,18.75,1346,2559017.25,2.15,0.1,0.02,0.45,3.1290450598879582,-0.03501023200549325,19.137999999999998,19.089333333333332,19.225133385684963,3.2956963886210486,3.2214900112378766,3.2958102230374964,19.625,19.44181818181818,19.32596385970004,3.6049214519869444,3.4511213720150717,3.370136429608923,19.233,19.343285714285717,19.288871360795977,3.281904465743852,3.385764958091227,3.3218485729805436,19.153666666666666,19.26963440860215,19.266109107236446,3.19385574886668,3.3127944411525028,3.267610571363261,19.2375,19.172792349726777,19.352492826794972,3.119087480759253,3.1763769037782263,3.228867485446976,6.408073213419254
2000-01-19,sz000901,19.0,19.42,19.58,18.8,1909,3671958.5,4.09,1.73,0.33,0.64,3.280805928393667,0.15176086850570858,19.134,19.183333333333334,19.290088923789977,3.224459753937336,3.2165265244954155,3.290808791489553,19.637,19.404545454545456,19.343061339754577,3.5413671795987653,3.3921912768162947,3.3538945202970583,19.2255,19.36109523809524,19.30135980262493,3.282236869700351,3.385660335486447,3.3179397496865555,19.174333333333333,19.286817204301077,19.27603755193087,3.2092971008278095,3.318404130154245,3.268461884720062,19.243499999999997,19.178775956284152,19.35470617673612,3.1210382874994473,3.1816791479629614,3.23057038521572,6.564897764216883
2000-01-20,sz000901,19.58,19.36,19.58,19.15,2215,4275461.0,2.21,-0.31,-0.06,0.74,3.3453737305590883,0.06456780216542146,19.186,19.258666666666667,19.313392615859986,3.241281926290655,3.2568311833693335,3.3089971045127315,19.587,19.354181818181818,19.346141096162835,3.506549444095082,3.356556104263626,3.3523452857992453,19.2395,19.37390476190476,19.306944583327315,3.294799476436277,3.3916733698539456,3.3205525097696538,19.197000000000003,19.29879569892473,19.281454484064366,3.2283988349556814,3.3271832675562623,3.2734239392903217,19.232666666666667,19.182595628415303,19.354879744711983,3.1170180612642366,3.1890344083911466,3.2343344293253384,6.630982949230741
2000-01-21,sz000901,19.46,19.75,20.5,19.31,6801,13615521.0,6.15,2.01,0.39,2.27,3.83257277484618,0.4871990442870917,19.338,19.446666666666665,19.458928410573325,3.3503705571160696,3.453928132887841,3.4835223279572145,19.537,19.383818181818185,19.41956998776959,3.4904014152209326,3.415833073491098,3.4396593747168698,19.287,19.42252380952381,19.34914033729614,3.343261972172564,3.442889874464413,3.3693163445388468,19.232000000000003,19.334473118279572,19.311683227027956,3.2653147767478385,3.366162231420166,3.309498057713281,19.236666666666668,19.199557377049178,19.367834507180444,3.129996833730802,3.2124952186725215,3.2539488013096283,7.134034264338924
2000-01-24,sz000901,20.0,20.35,20.8,19.64,7803,15828704.0,5.87,3.04,0.6,2.6,3.892261606915535,0.05968883206935516,19.594,19.784,19.75595227371555,3.4960118201204855,3.6345584828209967,3.619768754276655,19.471,19.531636363636363,19.588739080902393,3.47736824451034,3.4888985628901166,3.5219506896620816,19.356,19.523761904761905,19.444460305172697,3.3906756087646515,3.4951755539637435,3.4191206552413886,19.283666666666665,19.406602150537633,19.378671405929378,3.2937166093925327,3.40661041401163,3.3470957060489104,19.244000000000003,19.236060109289618,19.400036654486,3.1421485042631105,3.2374875063179225,3.2748770900180184,7.199445357775189
2000-01-25,sz000901,20.5,19.9,20.8,19.72,4142,8338271.0,5.31,-2.21,-0.45,1.38,3.617210094557434,-0.2750515123581012,19.756,19.886000000000003,19.803968182477035,3.593644827054381,3.674957907633313,3.6189158677035818,19.447,19.609636363636362,19.645331975283774,3.4446706078377147,3.51432435380777,3.539270581461236,19.413999999999998,19.57557142857143,19.487845038013393,3.438827286398625,3.5167502668963895,3.4379863161286313,19.315333333333335,19.446365591397853,19.412305508772647,3.3275549461668485,3.427480961441624,3.364522440791396,19.234,19.257568306010928,19.416428895322525,3.144514752128999,3.253063296163638,3.286101122953737,6.921076005912851
2000-01-26,sz000901,20.11,19.66,20.18,19.5,2105,4132947.5,3.42,-1.21,-0.24,0.7,3.323252100171687,-0.2939579943857469,19.804,19.854,19.755978788318025,3.602134061409985,3.5848269986724146,3.5203612785262837,19.469,19.648363636363634,19.647998888868543,3.4132969076736606,3.492248261504856,3.4999944939540453,19.4745,19.599,19.504240748678782,3.464144699438427,3.5057431063033477,3.4270592479422555,19.344,19.468602150537635,19.428285798529252,3.34833542531033,3.427203358474194,3.36185983817077,19.2275,19.27153551912568,19.424414833180805,3.147410170235955,3.2589235370830703,3.2873191877805548,6.61625988856138
2000-01-27,sz000901,19.98,21.15,21.5,19.8,21058,44198048.0,8.65,7.58,1.49,7.02,4.32341712135042,1.0001650211787325,20.162,20.302666666666667,20.22065252554535,3.797742739568251,3.825254685319227,3.7880465594676624,19.674,19.954,19.92108999998335,3.519512332929453,3.6577246639915395,3.649707698935204,19.6,19.75857142857143,19.660979724995087,3.5206454103528273,3.5875785750568703,3.512426664457319,19.404333333333334,19.585118279569894,19.53936413410801,3.37891503118989,3.4901118549929095,3.423895791924296,19.2505,19.33456830601093,19.480991396027335,3.1704834593176505,3.2974811420376438,3.3212896118320256,7.645403089223557
2000-01-28,sz000901,21.5,21.59,22.5,21.3,22127,48427196.0,5.67,2.08,0.44,7.38,4.344922535853836,0.02150541450341681,20.529999999999998,20.778666666666666,20.6771016836969,3.900212691769782,4.007647950747755,3.973671884929721,19.934,20.302363636363637,20.22452818180456,3.6252916244429256,3.807799246341428,3.7761103965567737,19.741999999999997,19.948095238095235,19.844695941662224,3.579570031453354,3.66608115843792,3.5917119855427013,19.483666666666668,19.72612903225807,19.671663222230077,3.411531683810819,3.552434919809938,3.4833168721778147,19.2835,19.41127322404372,19.550139219108402,3.1968417016891655,3.335987341268338,3.3548513470458556,7.685089323537937
2000-02-14,sz000901,22.01,23.75,23.75,21.6,19942,45866824.0,9.96,10.0,2.16,6.65,4.299768711919799,-0.04515382393403744,21.21,21.851999999999997,21.701401122464603,3.981714112770635,4.140833290797761,4.082370827259747,20.402,20.996181818181817,20.865523057840093,3.73886296644556,3.9304314440644954,3.8713209993500506,19.9945,20.329809523809526,20.216629661503916,3.654419780784745,3.7346715089585327,3.6591459594833773,19.639333333333337,20.00137634408602,19.934781724021686,3.4513971835096133,3.609740534526646,3.5359911844192333,19.352666666666668,19.557715846994533,19.68783957258026,3.2206546999918193,3.372148882587375,3.3858322442548374,7.661498668908346
2000-02-15,sz000901,24.96,24.5,26.13,23.0,36935,93385592.0,13.18,3.16,0.75,12.31,4.567438103357006,0.2676693914372068,22.13,22.948666666666668,22.634267414976403,4.17175971453055,4.336074620993217,4.244059919292167,20.943,21.741272727272726,21.526337047323715,3.882702270792465,4.0810814689574855,3.997887745533133,20.284,20.758904761904763,20.624569693741638,3.7438118613897045,3.8216256349177953,3.7456499731856274,19.803,20.314967741935487,20.22931193537513,3.4821704007600562,3.6817431745168006,3.6025361469313477,19.4305,19.72648087431694,19.845615324298937,3.2480838937897096,3.4163057154845937,3.4245734199631053,7.970279876256051
2000-02-16,sz000901,24.4,23.76,25.09,23.4,27279,65407792.0,6.9,-3.02,-0.74,9.09,4.435828445806947,-0.13160965755005893,22.95,23.492,23.009511609984273,4.394274983657601,4.424097531418683,4.3079827614637605,21.377,22.253454545454545,21.932457584173946,3.9982045225337925,4.181649864414664,4.077513327401099,20.507,21.08995238095238,20.923182103861482,3.769785851066279,3.8875319762908664,3.8113812562924196,19.942666666666664,20.57025806451613,20.457098262125122,3.520892753978165,3.743269500003697,3.6562969404071928,19.503666666666668,19.868431693989073,19.973955805469465,3.2694254339287405,3.4552481598130282,3.4577293224497883,7.815629488706935
2000-02-17,sz000901,21.38,21.38,22.5,21.38,17104,36983664.0,4.71,-10.02,-2.38,5.7,4.233097687864703,-0.20273075794224393,22.996,22.968666666666664,22.466341073322848,4.376211096960459,4.370371766154383,4.283021070264075,21.579,22.254,21.832010750687772,4.086976918264355,4.224357712656647,4.105801392939935,20.583000000000002,21.17309523809524,20.96668857016039,3.796763181179719,3.9316569131288124,3.8515447259659705,20.019333333333336,20.66298924731183,20.516640309729954,3.558858623712303,3.789218205415732,3.6935098918560647,19.535666666666668,19.92995081967213,20.020055615126203,3.2912563284159813,3.4868439714174864,3.4831512360699493,7.568009934842507
2000-02-18,sz000901,20.68,22.07,22.2,20.2,12738,27036082.0,9.35,3.23,0.69,4.25,4.105101244549642,-0.12799644331506066,23.092000000000002,22.66,22.334227382215232,4.32824683869962,4.2800018153507775,4.223714461692598,21.811,22.343272727272726,21.875281523289992,4.114229765234701,4.227653044708518,4.105674093232609,20.674,21.31471428571428,21.071765849192733,3.802315590227816,3.961022442973566,3.875692965831082,20.12833333333333,20.795290322580648,20.616857063940927,3.6002512365266095,3.824459664824592,3.720064172675005,19.578,20.013043715846987,20.08726690643354,3.310192187808786,3.5135274112907213,3.5035430396266602,7.431943754981602
2000-02-21,sz000901,22.1,20.87,22.25,20.75,11709,24860852.0,6.8,-5.44,-1.2,3.9,4.068519806000912,-0.03658143854873064,22.516000000000002,21.919333333333334,21.846151588143492,4.281997057515842,4.1934261377845425,4.17198290979537,21.863,22.17218181818182,21.692503064509992,4.131855585143239,4.219342143029647,4.098918768281391,20.667,21.33338095238095,21.05255005403152,3.804611914826789,3.9863752254281466,3.8940574267996375,20.191666666666666,20.84313978494624,20.63318886626732,3.637735600890847,3.8546705402745474,3.7425451812766766,19.598999999999997,20.055404371584697,20.112930286550473,3.327737871968984,3.538390611887184,3.5220668680323732,7.395516008157521
2000-02-22,sz000901,20.87,20.88,21.55,20.5,7118,15064600.0,5.03,0.05,0.01,2.37,3.8523579836678272,-0.21616182233308434,21.792,21.374000000000002,21.524101058762326,4.138981033578006,4.050213113168537,4.065441267752856,21.961000000000002,21.993454545454547,21.544775234599083,4.155370374054278,4.168524397306845,4.054089534715288,20.704,21.35366666666667,21.03611671555233,3.8000204909459967,3.9909224700796746,3.8900860512632747,20.262999999999998,20.887548387096775,20.64911216521782,3.6776749822838424,3.868517145614998,3.749629878205138,19.624000000000002,20.097404371584698,20.138080113220948,3.342156851198314,3.5555912712871467,3.5328960849384536,7.177957604638713
2000-02-23,sz000901,20.8,20.47,21.0,20.38,5420,11166525.0,2.97,-1.96,-0.41,1.81,3.733999286538387,-0.11835869712944014,21.134,20.933333333333334,21.172734039174884,3.998615201724294,3.915219197488665,3.9549606073480335,22.042,21.722363636363635,21.349361555581066,4.196445092690948,4.091911472303956,3.9958913077740332,20.755499999999998,21.33138095238095,20.98220083788068,3.804871000182304,3.9846347363265684,3.8752206450989997,20.330333333333332,20.900903225806456,20.63755654165538,3.7082448305226006,3.8721509716959357,3.748621452936316,19.64316666666667,20.12514207650273,20.148962732459605,3.359436350261292,3.5684385642491154,3.539489632531894,7.047918042576119
2000-02-24,sz000901,20.34,21.46,21.48,20.34,4432,9270564.0,5.57,4.84,0.99,1.48,3.646599751720373,-0.08739953481801388,21.15,21.041999999999998,21.268489359449923,3.8813156144954286,3.797880714154024,3.852173655472147,22.073,21.616545454545456,21.369477636384506,4.128763355727943,3.991939592127488,3.932383752127913,20.8735,21.39847619047619,21.027705519987283,3.8241378443286975,3.969561284092099,3.8534472266819875,20.424333333333333,20.973784946236552,20.690617409935676,3.723351392144532,3.8681738698377273,3.742039407696578,19.6755,20.18471038251366,20.191947560903554,3.371974411745225,3.5778537577395775,3.5430014397184015,6.967106156435412
2000-02-25,sz000901,21.5,20.97,21.56,20.89,5674,12012247.0,3.12,-2.28,-0.49,1.89,3.7538893314598334,0.10728957973946018,20.93,20.982000000000003,21.16899290629995,3.8110732318774665,3.7554052864754928,3.8194122141347093,22.011,21.415999999999997,21.29684533886005,4.069660035288543,3.9237806786241953,3.8999302210973528,20.9725,21.407666666666664,21.02220975617897,3.847475829865734,3.9628709495331598,3.843965522375116,20.498333333333335,21.008989247311828,20.708642093165633,3.742933366065084,3.870144059470973,3.7428039189071107,19.703333333333333,20.22715300546448,20.2174574769395,3.3890396625078956,3.5903755583859582,3.5499157968246777,7.079624253732917
2000-02-28,sz000901,21.0,21.86,21.98,20.63,10093,21742166.0,6.44,4.24,0.89,3.36,4.004020273253242,0.25013094179340856,21.128,21.291999999999998,21.399328604199965,3.798173325327933,3.819720966934084,3.880948233840887,21.822,21.388545454545458,21.399237095430948,4.040085191421888,3.9118461764359576,3.9188556851256964,21.112000000000002,21.492190476190476,21.101999303209546,3.8894740789337234,3.977779944141493,3.8592088319825564,20.603666666666662,21.096838709677414,20.78292324844527,3.782974917663793,3.8869883760637567,3.759656586929442,19.754833333333334,20.29786338797814,20.2713113301546,3.4008987071676535,3.61053885709892,3.564804468182991,7.337302807229112
2000-02-29,sz000901,21.95,21.2,22.18,20.95,9402,20068800.0,5.63,-3.02,-0.66,3.13,3.9732202468522337,-0.030800026401008207,21.192,21.316,21.332885736133314,3.822345777964814,3.878069940775518,3.9117055715113365,21.491999999999997,21.275454545454547,21.363012168988956,3.98066340577141,3.8996889137869304,3.928740150894158,21.217499999999998,21.500571428571433,21.111332702903876,3.9316828382819375,3.9857557696575423,3.8700670619701447,20.686666666666667,21.135311827956993,20.809831425964934,3.822762376183606,3.899262268269462,3.773434887569622,19.79283333333333,20.34524590163934,20.30176013900199,3.41227400722706,3.629303497744317,3.578195149450835,7.302521404926002
2000-03-01,sz000901,21.18,20.88,21.2,20.78,6076,12680897.0,1.98,-1.51,-0.32,2.03,3.7836177651907485,-0.1896024816614852,21.273999999999997,21.211999999999996,21.181923824088877,3.8322694736952863,3.8651606031841625,3.869009636071141,21.204,21.164181818181817,21.275191774627327,3.9154423377097904,3.863862433681356,3.902354262584447,21.2905,21.46842857142857,21.089301016913033,3.956823430121792,3.9716543341250476,3.8618337956102025,20.73933333333333,21.14778494623656,20.81435843074139,3.8183380132807825,3.8967368094957306,3.7740918474161465,19.81933333333333,20.380890710382516,20.320718822969138,3.4213459786614573,3.641478702923454,3.584930317180012,7.1031499750261435
2000-03-02,sz000901,20.81,20.99,21.5,20.5,5604,11782411.0,4.79,0.53,0.11,1.87,3.748498126613737,-0.035119638577011614,21.18,21.11733333333333,21.11794921605925,3.852649148673959,3.8372368208236463,3.828839132918673,21.165,21.125272727272726,21.223338724695086,3.8669823815846933,3.8335089407548004,3.8743804196806813,21.372,21.439809523809522,21.07984377720703,3.976979649924524,3.9518138290290437,3.851039922372444,20.776999999999997,21.163956989247314,20.82569014488711,3.82016958131471,3.8922310103559217,3.7724406396224426,19.8555,20.419273224043714,20.342662468117688,3.4304280011887203,3.652205002856314,3.590293196177839,7.071234167943248
2000-03-03,sz000901,21.3,21.4,21.6,21.19,7745,16594102.0,1.95,1.95,0.41,2.58,3.8890214220952246,0.14052329548148768,21.266,21.19066666666667,21.2119661440395,3.879675566801037,3.849360911964068,3.8488998959775236,21.098,21.168,21.255458956568706,3.845374399339252,3.8375160390294427,3.877042420119689,21.4545,21.442476190476192,21.110334846044456,3.9798020822869757,3.943436854950062,3.8546572080603276,20.81533333333333,21.204150537634405,20.86274239360407,3.816668526598295,3.8966730645998253,3.7799619804271383,19.895833333333332,20.46991256830601,20.377329272441695,3.4351655934785756,3.6672408527221014,3.6000875642407038,7.219953755268455
2000-03-06,sz000901,21.6,20.57,21.8,20.51,6156,12974799.0,6.03,-3.88,-0.83,2.05,3.789298611159441,-0.09972281093578372,21.008,20.958666666666666,20.99797742935967,3.8367312343822766,3.8192352600835364,3.8290328010381627,21.068,21.071999999999996,21.130830055374396,3.8174522798551047,3.8273204411785673,3.8610890003087346,21.4655,21.358238095238093,21.058874384516415,3.9746539324991716,3.9252936672236296,3.8484325797840526,20.800666666666665,21.18832258064516,20.8438557875651,3.8088920365028947,3.8949072636037703,3.78056434370019,19.926166666666667,20.49201639344262,20.383646345476393,3.4470069172795856,3.6788517713345894,3.606291205123285,7.113100638669473
2000-03-07,sz000901,20.49,20.45,20.53,20.0,4766,9668520.0,2.58,-0.58,-0.12,1.59,3.678154038010437,-0.11114457314900372,20.857999999999997,20.772666666666666,20.81531828623978,3.7777179926139177,3.7663761946262566,3.7787398800289207,21.025,20.959636363636363,21.00704277257905,3.8000318852893655,3.8019934881159014,3.8278280980726804,21.493000000000002,21.26152380952381,21.0008863478958,3.9777011296718223,3.897055582034226,3.832215575805613,20.810999999999996,21.165698924731185,20.81844573675445,3.8000242890604525,3.8864725540236114,3.773957227204077,19.956333333333337,20.5091912568306,20.385821875132905,3.458772770606775,3.686430365456912,3.608647363578602,6.985359999933535
2000-03-08,sz000901,20.46,20.65,20.8,20.08,3363,6887654.5,3.52,0.98,0.2,1.12,3.5267268673146357,-0.15142717069580147,20.812,20.703333333333333,20.760212190826522,3.7263398130386953,3.682712486193162,3.694735542457493,21.043,20.891454545454543,20.942125904837404,3.7793046433669906,3.75230166666595,3.773082419753036,21.542499999999997,21.181238095238097,20.96746860047715,3.9878748680289697,3.8541056522859227,3.8031214130921867,20.851333333333336,21.15531182795699,20.80757826986707,3.7963488812438664,3.868840462298075,3.7580068814047585,19.992000000000004,20.53193442622951,20.3944834529974,3.4676462658508584,3.6886583686276624,3.605961445668308,6.838071353819172
2000-03-09,sz000901,20.7,20.33,20.8,20.0,3759,7657012.0,3.87,-1.55,-0.32,1.25,3.5750723257138124,0.0483454583991767,20.68,20.542666666666666,20.61680812721768,3.69165465285871,3.6322899904182018,3.654847803542933,20.93,20.76181818181818,20.830830285776056,3.7721519007663344,3.715168518001736,3.7370805844731767,21.5015,21.065761904761903,20.90675730519361,3.9504576282471384,3.8147911244463844,3.7814024523894845,20.892333333333333,21.12167741935484,20.776766768585325,3.806809196474577,3.8545645554896844,3.746204652005343,20.019166666666667,20.54301639344262,20.39236924142371,3.482558546055846,3.6921805345248075,3.6049486876370125,6.884059327716859
2000-03-10,sz000901,20.4,20.19,20.8,20.16,3190,6502106.5,3.15,-0.69,-0.14,1.06,3.503790683057181,-0.0712816426566314,20.438,20.37933333333333,20.474538751478455,3.614608505051101,3.569668667151025,3.6044954300476824,20.852,20.62727272727273,20.714315688362227,3.74714203592607,3.6663755693273443,3.6946642387611774,21.4315,20.940857142857144,20.838494704698984,3.9084010356073065,3.772251415380674,3.7549632362625984,20.932333333333336,21.07636559139785,20.738910848031438,3.814031231885846,3.8350149739788844,3.730565041105462,20.037666666666667,20.5486174863388,20.385734184327852,3.4888799870262277,3.6928766701641957,3.601632031749149,6.8130540786611125
2000-03-13,sz000901,20.25,20.02,20.25,19.85,3864,7731768.0,1.98,-0.84,-0.17,1.29,3.587037117743456,0.0832464346862749,20.328,20.240000000000002,20.323025834318972,3.574156206367904,3.5604782047151438,3.5986759926129404,20.668,20.475999999999996,20.58807647229637,3.705443720375091,3.6372655842032326,3.6750956713034095,21.245,20.806428571428572,20.760542828060984,3.8727644558984893,3.7416453279650703,3.7389702725941083,20.964,21.01750537634409,20.692529502997154,3.8281306260808465,3.820370192421311,3.721305175082107,20.056833333333334,20.54803825136612,20.37374289959579,3.5054981122998567,3.696094936745088,3.6011535099784706,6.888278814079817
2000-03-14,sz000901,20.02,19.91,20.02,19.48,4727,9313179.0,2.7,-0.55,-0.11,1.58,3.6745856023029138,0.08754848455945785,20.22,20.100666666666665,20.18535055621265,3.5734425192263997,3.593954670026813,3.623979195842932,20.538999999999998,20.338181818181816,20.464789840969754,3.675580255920159,3.631655017281019,3.6750029314851376,21.0155,20.679285714285715,20.679538749198034,3.8281218308457845,3.7227711514321578,3.732838399233042,20.991333333333333,20.94950537634408,20.642043728610243,3.8463153108280115,3.810464061854993,3.718291009096353,20.072499999999998,20.543224043715842,20.35853821436314,3.520085529847345,3.7016387888763367,3.6035611195628783,6.969097950207706
2000-03-15,sz000901,19.95,20.11,20.5,19.88,3120,6306273.0,3.11,1.0,0.2,1.04,3.494154594018443,-0.1804310082844709,20.112000000000002,20.064000000000004,20.160233704141767,3.5669280645671613,3.5675253616241607,3.5807043285681024,20.462,20.260181818181817,20.40028259715707,3.6466339388029274,3.5986685332988886,3.6421214155821016,20.833,20.59304761904762,20.625296963560125,3.781038138256359,3.690964747924791,3.7101066082602228,21.014333333333333,20.892645161290318,20.60771832676442,3.8534269330155038,3.7877440156092135,3.7038305952203587,20.094333333333335,20.54445355191257,20.350389420449595,3.5313620169216566,3.700788594258995,3.5999740203646997,6.799772767526258
2000-03-16,sz000901,20.2,19.35,20.24,19.34,3501,6882658.5,4.48,-3.78,-0.76,1.17,3.5441921107650325,0.05003751674658963,19.916,19.81,19.89015580276118,3.560752021577405,3.559946710356784,3.5685335893004124,20.298,20.058,20.20932212494669,3.6262033372180573,3.580042746382908,3.6243160874335434,20.7315,20.451809523809523,20.50384010988773,3.7465928594013755,3.6684079834018077,3.694305227546395,21.014,20.785268817204305,20.526575208908653,3.860054212355702,3.7677933819156353,3.693531338158725,20.1055,20.520049180327867,20.3175897673201,3.5442265236556922,3.701209253073532,3.598145105295858,6.837756221501295
2000-03-17,sz000901,19.2,19.72,19.85,19.1,3565,6978419.0,3.88,1.91,0.37,1.19,3.5520595341878844,0.00786742342285196,19.822,19.744666666666664,19.833437201840788,3.570405791803546,3.557049214560278,3.5630422375962367,20.13,19.95290909090909,20.120354465865475,3.592507148427324,3.5665620549228763,3.611178532297969,20.613999999999997,20.35547619047619,20.429188670850802,3.7189407738832885,3.6498810000481425,3.680758018655108,21.012999999999998,20.701784946236558,20.474538098656485,3.8507037710004255,3.7479227575177116,3.6844041249993165,20.1225,20.507409836065573,20.29799666019485,3.5580092738741325,3.701466073090981,3.596634102964449,6.843757041914167
2000-03-20,sz000901,19.6,20.38,20.6,19.2,4444,9022733.0,7.1,3.35,0.66,1.48,3.64777405026883,0.09571451608094561,19.894,19.930666666666664,20.01562480122719,3.5825531783086206,3.5828386340487053,3.591286175153768,20.110999999999997,19.99836363636364,20.167562744799024,3.578354692338263,3.5766105825304226,3.6178322628381254,20.589499999999997,20.333190476190477,20.42450403553168,3.6979034860966835,3.643103216846765,3.677616688332605,21.014000000000003,20.660946236559138,20.4684388664851,3.8425541857788685,3.734830517470512,3.6820408943715432,20.148833333333336,20.515852459016394,20.300685294286822,3.5681353975857006,3.7044091805137587,3.598310822548199,6.955338105949912
2000-03-21,sz000901,20.32,19.82,20.4,19.6,5587,11081095.0,3.93,-2.75,-0.56,1.86,3.7471786713601642,0.09940462109133419,19.876,19.906000000000002,19.95041653415146,3.597071792120071,3.63771379839922,3.6432503405559,20.048000000000002,19.945454545454545,20.10436951847193,3.585257155673235,3.6073058514434964,3.641349791660314,20.536499999999997,20.25990476190476,20.366932222623902,3.6926445204813,3.6477960916337637,3.6842416390971344,21.01133333333333,20.583913978494625,20.42660410090542,3.846886471672293,3.728677258475756,3.686243331596616,20.163333333333334,20.505071038251362,20.284925120703644,3.587220708919571,3.7102794517850524,3.603191735624001,7.044582678168637
2000-03-22,sz000901,19.96,20.63,20.8,19.96,8408,17235860.0,4.24,4.09,0.81,2.8,3.924692703020186,0.17751403166002167,19.98,20.157333333333334,20.176944356100975,3.6831794139204193,3.7469207686992587,3.7370644613773285,20.046,20.051272727272725,20.19993869693158,3.6250537392437905,3.669021405506578,3.6928666846348364,20.5445,20.268809523809523,20.39198629665972,3.7021791913053903,3.669895918542229,3.7071417404231393,21.043666666666663,20.55931182795699,20.43972641697604,3.866934491767243,3.7336970153369116,3.7016271620110404,20.19383333333333,20.520371584699454,20.29623905117238,3.6076349585387866,3.721344107329335,3.6137327509484662,7.236432957830208
2000-03-23,sz000901,20.26,21.28,21.3,20.26,10464,21771696.0,5.04,3.15,0.65,3.49,4.019697730980192,0.09500502796000587,20.366,20.590666666666667,20.544629570733985,3.778280537963451,3.8590935410525162,3.83127555124495,20.141,20.275636363636366,20.396313479307654,3.6695162797704284,3.7407748585495595,3.752290511243083,20.5355,20.338857142857144,20.476559030311176,3.7208340902683816,3.7001357794636385,3.736908977619049,21.048,20.574559139784945,20.49393761588081,3.8568105120882357,3.7435527081893594,3.722147843880018,20.226166666666664,20.555983606557376,20.328493508510988,3.6178627716390626,3.734854362163479,3.627043078162621,7.337892261597442
2000-03-24,sz000901,21.5,22.28,22.5,21.37,19974,43254792.0,5.31,4.7,1.0,6.66,4.300465045540311,0.2807673145601193,20.878,21.228666666666665,21.123086380489326,3.9279616402339372,4.0331550435781365,3.987672049343404,20.35,20.664545454545454,20.738801937615353,3.7491837160187407,3.8554928159622652,3.851958608388033,20.601,20.505000000000003,20.648315313138685,3.7481628759724055,3.755338727584775,3.7905809840877405,21.071,20.65404301075269,20.609167447114306,3.855328595744451,3.7721755813153,3.759458631083908,20.277333333333335,20.623322404371585,20.39247732790407,3.633430139777635,3.7572347645864705,3.649122486929102,7.636034227959748
2000-03-27,sz000901,24.51,24.51,24.51,24.51,17126,41977984.0,0.0,10.01,2.23,5.71,4.233655939685764,-0.06680910585454747,21.704,22.439333333333334,22.252057586992883,4.045138018117323,4.135053143395412,4.069666679457525,20.799,21.420909090909092,21.42447431259438,3.813845598212972,3.9435786748108153,3.9213581231694383,20.7335,20.877285714285716,21.016094807125477,3.7596446592940316,3.8015761622241424,3.8327785989066,21.096333333333334,20.875913978494623,20.860834063429515,3.8531248366699833,3.796583797053449,3.790052005832415,20.367833333333337,20.762098360655735,20.527478071251476,3.652261010089799,3.7769142990096882,3.668287518167025,7.62302157767899
2000-03-28,sz000901,25.98,24.0,26.08,23.51,77451,192863280.0,10.49,-2.08,-0.51,25.82,4.88902702947648,0.6553710897907168,22.54,23.204666666666665,22.834705057995258,4.273507689740587,4.416349480515131,4.34278679613051,21.208,22.002909090909093,21.89275171030449,3.9352897409303287,4.139066207767817,4.097297924316173,20.8735,21.18838095238095,21.300276254065906,3.805434998425244,3.9091363879558045,3.9333736875323027,21.079666666666665,21.06324731182796,21.063360898046966,3.8638444675406323,3.8634161965893528,3.8609536202610646,20.441333333333333,20.881185792349722,20.64133124924323,3.6730074341503443,3.8174640045633494,3.708311764439466,8.285249548476372
2000-03-29,sz000901,24.2,23.37,24.35,23.03,22702,53265740.0,5.5,-2.63,-0.63,7.57,4.356064119338595,-0.5329629101378854,23.088,23.481333333333335,23.013136705330172,4.359781973004268,4.4438682903811335,4.347212570533205,21.534,22.396,22.161342308430946,4.021480693462344,4.215570640205684,4.144346323411159,20.998,21.426142857142857,21.497392801297725,3.8340573161326352,3.9615772566142184,3.973629919132902,21.066666666666666,21.211010752688175,21.21217632397942,3.8611856566583542,3.8951723031569636,3.8928962331047763,20.504666666666665,20.977207650273222,20.73079579844837,3.6910392053182597,3.8398593057170634,3.729549546567306,7.726447964881829
2000-03-30,sz000901,23.3,23.77,24.2,23.23,11460,27239796.0,4.15,1.71,0.4,3.82,4.059184617631371,-0.2968795017072239,23.586000000000002,23.708666666666666,23.265424470220115,4.3676793503345035,4.3436691719235005,4.251203252899261,21.976000000000003,22.802545454545456,22.453825525079864,4.072979944148978,4.222425899145507,4.128862376905743,21.137,21.69014285714286,21.713831582126513,3.849591640683518,3.983017951995051,3.981777985656566,21.146333333333335,21.385419354838707,21.377197206303332,3.8553885543172433,3.9079464296713504,3.90362451597746,20.582833333333333,21.08426775956284,20.830441837843505,3.707123589014773,3.8519296471043782,3.7403572538153083,7.4352038508029334
2000-03-31,sz000901,23.76,23.04,23.76,22.81,10586,24554372.0,4.0,-3.07,-0.73,3.53,4.024731889655249,-0.03445272797612198,23.738,23.526666666666664,23.190282980146744,4.312532719157492,4.229353351697083,4.17571279848459,22.308,22.996000000000002,22.560402702338067,4.120247179695714,4.213653525601193,4.109929561042017,21.219,21.871380952380953,21.840133336209703,3.856377164061519,3.9996979757066438,3.9858688336564407,21.17866666666667,21.507591397849463,21.484474805896667,3.852709575820763,3.9188718061447703,3.9114378949244144,20.653499999999998,21.164830601092895,20.902886367750277,3.7264804061736863,3.8623430340106233,3.749681012367437,7.390128831140302
2000-04-03,sz000901,23.0,22.25,23.0,22.22,9215,20858934.0,3.39,-3.43,-0.79,3.07,3.964495339555093,-0.06023655010015627,23.285999999999998,23.03066666666667,22.87685532009783,4.258700599131357,4.113340891829616,4.1053069788414245,22.495,22.98545454545454,22.50396584736751,4.151919308624341,4.185335009211989,4.083486975317121,21.302999999999997,21.969571428571427,21.879168256570686,3.865137000481302,4.009994944801269,3.983833262789646,21.224666666666668,21.576709677419355,21.53386352809688,3.849242093605903,3.926083790901824,3.9148609558683294,20.708166666666667,21.21717486338798,20.947054027824038,3.7434888472483747,3.87014680231821,3.7567241050621143,7.3192921099511405
2000-04-04,sz000901,22.08,22.57,22.99,21.6,8547,19106312.0,6.25,1.44,0.32,2.85,3.9318137039591394,-0.032681635595953384,23.0,22.791999999999998,22.774570213398555,4.067257934027889,4.004378593438877,4.047475887213997,22.77,22.99909090909091,22.515972056937052,4.170382811884238,4.14531580836377,4.055910016888396,21.409,22.09023809523809,21.944961755944906,3.8778199837787364,4.016345107037255,3.978879019091502,21.281000000000002,21.663505376344087,21.600711042413213,3.8518906176156134,3.9314109915697752,3.9159546815516073,20.772000000000002,21.27821857923497,21.000265371174066,3.764782799949728,3.8763213877841376,3.762464747648902,7.281176865358444
2000-04-05,sz000901,22.58,22.2,22.86,21.95,4213,9390526.0,4.03,-1.64,-0.37,1.4,3.6245914591268478,-0.30722224483229166,22.766,22.525333333333332,22.58304680893237,3.92096340198554,3.856823101805196,3.9065144111849475,22.927,22.895454545454545,22.458522592039404,4.140372687494905,4.046081016953336,3.977488460931751,21.4865,22.16557142857143,21.969251112521583,3.882713213369347,3.992228104689455,3.9451373467139157,21.338666666666665,21.72279569892473,21.639374846128494,3.848243690035228,3.9167465297317907,3.8971570542983973,20.8345,21.32503825136612,21.039600932774917,3.7782442602789144,3.8717249503801088,3.7579443119596543,6.972689919475854
2000-04-06,sz000901,22.25,22.38,22.5,22.05,4233,9443844.0,2.03,0.81,0.18,1.41,3.6266482684740105,0.0020568093471626803,22.488,22.396666666666665,22.51536453928825,3.834456132154068,3.758718057301353,3.8132256969479688,23.037,22.796,22.44424575712315,4.101067741244286,3.952676577131355,3.9136993350303437,21.589000000000002,22.250666666666667,22.008370054186194,3.8852920105073574,3.9678409670803756,3.91480505354821,21.36933333333333,21.789978494623654,21.687157114120208,3.847578640593683,3.9024500509213884,3.879704874567792,20.896833333333333,21.375710382513663,21.083548443175737,3.7854650163691077,3.866754589993062,3.7536395236486495,6.9751488044868735
2000-04-07,sz000901,22.35,22.6,22.98,22.3,4136,9359117.0,3.04,0.98,0.22,1.38,3.616580530085886,-0.010067738388124248,22.4,22.434,22.543576359525503,3.7528258602401956,3.686092856611959,3.7476773079939414,23.069,22.71654545454545,22.472564710373483,4.0326792896988435,3.864587993284373,3.859677734131351,21.7095,22.34695238095238,22.06471576331132,3.890931502858792,3.9422493975164254,3.8864027179803697,21.423666666666666,21.86937634408602,21.74605020353181,3.843001680547885,3.8875469470176602,3.862729110407669,20.961,21.431551912568302,21.1332681663503,3.7929675233064843,3.8612173937214815,3.7491457861547883,6.971234876503378
2000-04-10,sz000901,22.56,22.27,22.56,22.06,4437,9866544.0,2.21,-1.46,-0.33,1.48,3.647089428716555,0.030508898630668746,22.404000000000003,22.390666666666668,22.45238423968367,3.689344678072488,3.6508473794374123,3.71414801490148,22.845,22.571272727272728,22.435734763032848,3.974022638601922,3.7944807458330483,3.8210253149650244,21.822,22.400333333333332,22.084266642995956,3.893934118407447,3.919026342836213,3.8636109761457207,21.437333333333335,21.923978494623654,21.779853416207178,3.831103985729995,3.87490744689951,3.8488168728792105,21.020499999999995,21.474469945355192,21.170538062535538,3.8070394516968937,3.8564345053742706,3.745799676074846,6.99416505696891
2000-04-11,sz000901,22.27,22.95,23.4,22.08,7032,15967903.0,5.93,3.05,0.68,2.34,3.8470788620657155,0.19998943334916053,22.479999999999997,22.572666666666667,22.618256159789116,3.672397709693803,3.703425440768488,3.7584582972895584,22.740000000000002,22.590363636363637,22.52923753339051,3.869827821860846,3.7714000591901007,3.825762323528786,21.974,22.507761904761907,22.166717438901106,3.9025587813955873,3.9145639374703336,3.862036489090482,21.49566666666667,22.021569892473117,21.855346744193813,3.8268992729037783,3.8759380840824598,3.8487047431493075,21.091166666666666,21.537732240437155,21.228881076878633,3.824830824543692,3.8577472729273468,3.749120305123727,7.203247885748613
2000-04-12,sz000901,23.2,22.41,23.2,22.3,3380,7609166.5,3.92,-2.35,-0.54,1.13,3.5289167002776547,-0.3181621617880608,22.522,22.549333333333333,22.548837439859412,3.6532627579239643,3.6555984376297714,3.6819444316189243,22.644,22.530363636363635,22.507557981864963,3.7871130799547523,3.709416218902248,3.77179039202858,22.089,22.549285714285713,22.18988720662481,3.9042968867085484,3.8789789773638637,3.830310794917832,21.546666666666667,22.080559139784945,21.89113082521357,3.8184092374066747,3.8567134019775486,3.828073256512427,21.142999999999997,21.58097267759563,21.267606287472777,3.818373625343729,3.8480451704923944,3.7419005148009052,6.881337087220555
2000-04-13,sz000901,22.3,22.59,22.85,22.12,3696,8327319.0,3.26,0.8,0.18,1.23,3.567731962548069,0.03881526227041432,22.564,22.572,22.56255829323961,3.6414794967387762,3.627088172504474,3.6438736085953063,22.526,22.520545454545456,22.522547439707694,3.737967814446422,3.6695287430101233,3.7346888593957597,22.250999999999998,22.596999999999998,22.227993186946257,3.9054738792976997,3.8469251750628657,3.8053032870730927,21.6,22.147870967741937,21.93621915907076,3.812383698604486,3.8405406745673156,3.811277043998598,21.188499999999998,21.628415300546447,21.31096345837531,3.816276639959598,3.8398274110564707,3.7361900704647466,6.920505201776843
2000-04-14,sz000901,22.7,22.25,22.7,22.2,3036,6786096.5,2.21,-1.51,-0.34,1.01,3.4823017672234426,-0.08543019532462637,22.494,22.467333333333332,22.458372195493077,3.6146237441662867,3.574028929332696,3.5900163281380184,22.447,22.470363636363633,22.47299335976084,3.6837248022032414,3.6230440071514005,3.688800297182611,22.3775,22.59690476190476,22.23008907390376,3.901985990949478,3.8066230691510317,3.7745412375636023,21.628333333333334,22.189806451612903,21.956463084292004,3.798826376775426,3.8192450660911192,3.7900528325937497,21.221833333333333,21.66321857923497,21.341751541707264,3.8077474516868604,3.8288774152290554,3.7278658638010973,6.831620031129836
2000-04-17,sz000901,22.0,21.41,22.0,21.38,5412,11677630.0,2.79,-3.78,-0.84,1.8,3.7333577879255855,0.25105602070214283,22.321999999999996,22.105999999999998,22.108914796995386,3.6318774160080936,3.6136069439191285,3.637796814733874,22.363,22.28181818181818,22.279721839804324,3.66061104704029,3.632068186373645,3.696901659135879,22.429000000000002,22.504761904761907,22.15198535257959,3.906265177832316,3.790563240291613,3.7706190042647436,21.656333333333333,22.17572043010753,21.921207401434458,3.796961682667631,3.8150212861653228,3.786395087776449,21.2285,21.669387978142073,21.34398919607752,3.8029268595852628,3.826438409859834,3.728045926887146,7.067354710724829
2000-04-18,sz000901,21.2,21.41,21.65,21.11,5398,11522014.0,2.52,0.0,0.0,1.8,3.732232880220498,-0.0011249077050874412,22.014000000000003,21.802000000000003,21.875943197996925,3.60890821963905,3.647058765323264,3.6692755032294153,22.247,22.108545454545457,22.12159059620354,3.640652964666427,3.645090337860955,3.7033255175149002,22.5085,22.407714285714285,22.081320080905343,3.9055178882753325,3.7739887357571553,3.7669631829271966,21.688333333333336,22.159827956989247,21.88822627876127,3.7987643107413,3.8108452343945407,3.7829007518050974,21.249666666666666,21.675338797814206,21.346153484730717,3.7993942999008765,3.8241205744708253,3.7281832040456164,7.061528398587006
2000-04-19,sz000901,21.5,21.79,22.05,21.5,3009,6575474.5,2.57,1.77,0.38,1.0,3.4784221877400805,-0.25381069248041754,21.889999999999997,21.72733333333333,21.847295465331285,3.598809317131535,3.60356342135694,3.605657731399637,22.205999999999996,22.025454545454547,22.061301396893803,3.62603603752775,3.615593832965256,3.6624340030103872,22.5665,22.339285714285715,22.05357531129531,3.8832043625113273,3.733312954753797,3.7394830881474714,21.726333333333333,22.16638709677419,21.88188909948635,3.7971541547554817,3.790178000652526,3.7632569734783226,21.288833333333336,21.693054644808743,21.360705829493643,3.796751517999674,3.8135968986622752,3.719994318265107,6.81792709789125
2000-04-20,sz000901,21.91,21.98,22.3,21.86,2985,6565127.0,2.02,0.87,0.19,1.0,3.4749443354653877,-0.003477852274692772,21.768,21.757333333333335,21.89153031022086,3.580251791714999,3.562275094134891,3.562086599421554,22.166,21.984363636363636,22.046519324731292,3.6108656442268874,3.588122614408462,3.62834497254766,22.601499999999998,22.283428571428573,22.046568138790995,3.855966692735587,3.694431047416089,3.7142889212253682,21.781333333333336,22.18275268817204,21.88821883500336,3.7938165550805336,3.769390270375746,3.7446561581226496,21.336833333333335,21.715715846994538,21.381010556395488,3.8003128757775553,3.803045843497216,3.7119598925995425,6.8172431317759505
2000-04-21,sz000901,22.08,21.65,22.28,21.6,1493,3296987.0,3.09,-1.5,-0.33,0.5,3.1740598077250253,-0.30088452774036245,21.648000000000003,21.718000000000004,21.811020206813907,3.518603399815315,3.4268777661382335,3.4327443355227114,22.070999999999998,21.890545454545453,21.974424902052874,3.566613571990801,3.508703371408124,3.545747669852635,22.57,22.192809523809522,22.008799744620426,3.7996464308448226,3.6294875345579403,3.6628385294634307,21.83,22.174279569892477,21.872849877906372,3.7828255259027954,3.7294059640947457,3.707843490355061,21.381166666666665,21.725983606557374,21.38982988241531,3.7984283788943207,3.7825129560200845,3.694323824243001,6.518117234725987
2000-04-24,sz000901,21.5,21.36,21.8,21.3,3012,6448235.5,2.31,-1.34,-0.29,1.0,3.478854967528663,0.3047951598036378,21.637999999999998,21.622,21.66068013787594,3.467702835735931,3.4136282887093494,3.4481145461913623,21.98,21.761272727272726,21.862711283497806,3.549790125872012,3.4927472615059174,3.5335853603391856,22.4125,22.077571428571428,21.947009292751815,3.7619063822369667,3.598935966623068,3.6453162854696433,21.874666666666666,22.143956989247307,21.83976278900919,3.779219454228969,3.709794960328672,3.693070037269487,21.419333333333334,21.725289617486336,21.388851853483658,3.8036750401549075,3.7720351392539966,3.6872592715638426,6.80944089022427
2000-04-26,sz000901,21.76,21.5,21.78,21.36,1270,2741381.5,1.97,0.66,0.14,0.42,3.103803720955957,-0.3750512465727063,21.656,21.576,21.607120091917295,3.342017003883023,3.292328583782691,3.333344271112894,21.835,21.674000000000003,21.796763777407296,3.4754626117610363,3.4116588242484527,3.455443244087689,22.2875,21.990666666666666,21.904436979156404,3.672645216810941,3.536259522691543,3.5937436602778634,21.927666666666667,22.11978494623656,21.817842609073114,3.7601933915174035,3.666219751730413,3.65505285557184,21.459500000000002,21.727934426229506,21.392496055008785,3.8032543511727073,3.749088538624523,3.6681295813799775,6.4379694776466785
2000-04-27,sz000901,21.5,21.31,22.0,21.0,1598,3448951.0,4.65,-0.88,-0.19,0.53,3.2035767749779724,0.09977305402201564,21.56,21.46066666666667,21.508080061278196,3.2870479213306014,3.2461818408143412,3.2900884390679206,21.725,21.578545454545452,21.70826127242415,3.4429286192310684,3.362225035742441,3.409649340613195,22.184499999999996,21.897571428571425,21.84782393352246,3.6150208495929106,3.4915863377550695,3.5565849092969213,21.967666666666666,22.079935483870965,21.785078569778076,3.7505074642160547,3.6303090022762565,3.625925366501268,21.491,21.72303278688525,21.38979126631997,3.8019671986157793,3.729426978749286,3.6528983418258134,6.53768702429468
2000-04-28,sz000901,21.36,22.13,22.2,21.15,5479,11941338.0,4.93,3.85,0.82,1.83,3.73870130043471,0.5351245254567374,21.589999999999996,21.650666666666666,21.7153867075188,3.3397993143244653,3.3967329671823774,3.4396260595235173,21.679,21.652181818181816,21.7849410410743,3.460025553019732,3.4160018868703754,3.4694769696716516,22.1025,21.892380952380954,21.874697844615557,3.598996683733077,3.5033654283114313,3.5739293275005206,22.060333333333332,22.090408602150536,21.807331565276264,3.756991103871711,3.629547314290364,3.6332012332066514,21.537166666666664,21.743983606557375,21.414060405129153,3.8085226581137066,3.7273526870056446,3.6557115535834823,7.07705299123731
2000-05-08,sz000901,22.3,21.79,22.3,21.58,2380,5206280.0,3.25,-1.54,-0.34,0.79,3.376576957056512,-0.362124343378198,21.618,21.717333333333332,21.740257805012533,3.380302744190763,3.408992181426393,3.418609692034516,21.633,21.672363636363638,21.785860851788062,3.449453072003039,3.4008294148770633,3.4525860582870807,22.04,21.86261904761905,21.8666313832236,3.56658893710314,3.4821825971993783,3.5551338636487104,22.12933333333333,22.072967741935486,21.80621339977457,3.7511416846339984,3.605004466108738,3.6166448282937393,21.571166666666667,21.75227322404372,21.42638629348557,3.8009227278172113,3.7131905328726207,3.6465595995989917,6.7165275212808835
2000-05-09,sz000901,21.8,21.3,21.8,21.26,2553,5455583.0,2.48,-2.25,-0.49,0.85,3.40705081480425,0.030473857747738364,21.605999999999998,21.61133333333333,21.593505203341692,3.36594191364588,3.417908204964222,3.414756732957761,21.622,21.611818181818183,21.697522515099323,3.4168223746909057,3.393119913568192,3.444306923108384,21.9925,21.79214285714286,21.812666489583258,3.538716710865598,3.4669884903137693,3.541030716139714,22.16,22.019462365591398,21.773554470756856,3.743117576785179,3.582805055151979,3.603122633875063,21.587,21.743382513661203,21.422242480584405,3.7928358812820235,3.7002766996590815,3.638706852556541,6.73684116741821
2000-05-10,sz000901,21.36,20.6,21.36,20.55,3086,6422810.0,3.8,-3.29,-0.7,1.03,3.4893959217271293,0.08234510692287911,21.426000000000002,21.276,21.262336802227797,3.443060353800115,3.459059540991305,3.4396364625475506,21.541,21.426000000000002,21.497972966899447,3.392538678841569,3.406315103938415,3.452504922857247,21.894,21.659523809523808,21.697174442956282,3.516595821753998,3.4622912723005816,3.536113116671849,22.186,21.918817204301078,21.697841279095123,3.734524818464078,3.566435916115977,3.5957854266397127,21.598666666666663,21.71102185792349,21.395283710729178,3.7907056450681855,3.6903278485261346,3.6338114122014784,6.807725074875373
2000-05-11,sz000901,20.6,20.4,20.94,20.38,2002,4106746.25,2.72,-0.97,-0.2,0.67,3.3014640731433,-0.18793184858382928,21.244,20.934,20.9748912014852,3.4626378134331803,3.411860780772366,3.3935789994128003,21.402,21.218545454545453,21.298341518372276,3.374842867381891,3.3897560847205477,3.4250429501819832,21.804,21.517238095238095,21.57363401981759,3.5004394524548204,3.441802534337658,3.5137655887167494,22.178333333333335,21.80359139784946,21.61410958366963,3.713750530801515,3.538496513192055,3.57679695222059,21.611,21.67172131147541,21.362651457918382,3.7903425112843787,3.6742871412499087,3.622914778133997,6.613497869245342
2000-05-12,sz000901,20.59,20.39,20.65,20.3,1747,3577270.5,1.72,-0.05,-0.01,0.58,3.2422929049829308,-0.05917116816036927,20.896,20.649333333333335,20.7799274676568,3.363356134342825,3.338412477955617,3.3431503012695107,21.243,21.034545454545455,21.13318851503186,3.3515777243336453,3.3656560915571005,3.391815669236701,21.7045,21.382571428571428,21.460906970311154,3.4812216842802663,3.417217148864145,3.4879110474087667,22.148666666666667,21.688215053763443,21.53513477181998,3.6878370366016062,3.508079892171502,3.555216045947193,21.598333333333333,21.631688524590164,21.33076124618335,3.7723237743449207,3.656318301699042,3.6104353724569127,6.553551781137414
2000-05-15,sz000901,20.3,20.0,20.4,19.91,2008,4019836.25,2.4,-1.91,-0.39,0.67,3.3027637084729817,0.06047080349005096,20.538,20.350666666666665,20.519951645104534,3.348593484626119,3.3182150026656694,3.329688103670668,21.077999999999996,20.808545454545456,20.92715423957152,3.364448114408441,3.356780815946071,3.375624403643297,21.5745,21.22023809523809,21.321772973138664,3.465530843199621,3.4002211511682123,3.4702779675101203,22.072666666666667,21.549591397849465,21.436093818799336,3.6545803253660285,3.483236451647075,3.5389287983682114,21.571833333333334,21.579284153005467,21.28712972991504,3.75495446055524,3.640922889703241,3.600347776916456,6.6042083622461965
2000-05-16,sz000901,20.1,20.34,20.5,20.1,1026,2087420.25,2.0,1.7,0.34,0.34,3.0111473607757975,-0.29161634769718425,20.346,20.284666666666666,20.45996776340302,3.2694127938204276,3.205732961382229,3.2235078560390447,20.976,20.67436363636364,20.82039892328579,3.317677353733154,3.29254431528559,3.3093558503946605,21.478,21.102666666666664,21.228270785220694,3.433733739802583,3.3569465337945164,3.4265512430592326,21.933666666666667,21.437806451612904,21.36537808855422,3.6138300394023632,3.4417246474799628,3.5048783830396686,21.515,21.538896174863392,21.256076296147334,3.7334774380361733,3.6165357716776847,3.5810297304856147,6.3196098922291535
2000-05-17,sz000901,20.35,20.3,20.67,20.15,1388,2841403.0,2.56,-0.2,-0.04,0.46,3.142389466118836,0.1312421053430386,20.285999999999998,20.269333333333336,20.406645175602016,3.200011502698769,3.163391852148365,3.1964683927323088,20.856,20.551454545454543,20.72578093723383,3.3215359282494417,3.2606737902648057,3.278998325980874,21.345499999999998,20.99047619047619,21.139864043771105,3.3984992700052397,3.3291994601103485,3.399488216683957,21.810333333333332,21.332408602150537,21.296644018324915,3.555608787290441,3.4113091266229603,3.4814920013028408,21.445,21.499060109289616,21.224729532339225,3.7097266274155367,3.597155838172198,3.5666480824735887,6.453532834660603
2000-05-18,sz000901,20.49,20.77,20.78,20.2,1679,3449075.5,2.86,2.32,0.47,0.56,3.225050696138049,0.08266123001921288,20.360000000000003,20.43066666666667,20.527763450401345,3.184728827297719,3.1717382499614586,3.205995827200889,20.802,20.535818181818183,20.733820766827677,3.3236833203654492,3.2431310207900066,3.269189666009451,21.2635,20.935666666666666,21.104638896745286,3.3833059697982586,3.312680548313474,3.3828751194891087,21.723666666666663,21.265290322580647,21.2626669848846,3.517908339850423,3.3899827981615154,3.4649474009696286,21.395166666666668,21.47692896174863,21.209820367344495,3.6895469982543885,3.581264824031953,3.5554481681675054,6.537702701144574
2000-05-19,sz000901,20.5,20.89,20.95,20.5,3520,7289047.5,2.17,0.58,0.12,1.17,3.546542663478131,0.32149196734008223,20.46,20.607333333333333,20.64850896693423,3.2455787789967596,3.292342862021596,3.319511439293303,20.678,20.551818181818184,20.762216991040823,3.3044674566697916,3.283650901355948,3.3196174837310295,21.1785,20.90009523809524,21.08419709705526,3.382246504844762,3.3282269000925098,3.3984625046309205,21.627666666666663,21.211505376344086,21.238623953601724,3.500820274711982,3.3918301738794323,3.470211611454048,21.386999999999997,21.46036612021858,21.19933445366107,3.6781044145146127,3.5765761573179766,3.555156184407198,6.862670780372733
2000-05-22,sz000901,20.95,21.79,21.9,20.8,4351,9316356.0,5.27,4.31,0.9,1.45,3.638589083292717,0.09204641981458561,20.818,21.050666666666665,21.029005977956153,3.3127438539607064,3.4233462967869155,3.4258706539597745,20.678,20.753999999999998,20.9490866290334,3.330668669293412,3.344400288014662,3.3776123200149724,21.1555,20.958333333333332,21.151416421145235,3.390060870648225,3.3526404789923148,3.4213317025987107,21.586000000000002,21.22197849462366,21.274196601756454,3.487948847833231,3.400718484110447,3.4810746741533176,21.382333333333335,21.47357923497268,21.21870053714759,3.670329211826997,3.5752805726877503,3.5578916892886907,6.969246075599176
2000-05-23,sz000901,21.91,21.54,21.96,21.21,2623,5646958.0,3.44,-1.15,-0.25,0.87,3.4187982905903533,-0.21979079270236346,21.058,21.291333333333334,21.199337318637436,3.394274039923617,3.458697775663464,3.4235131995033012,20.701999999999998,20.910727272727275,21.0565254237546,3.3318434168720223,3.360423855523197,3.385100678301405,21.162,20.994952380952384,21.188424381036164,3.374332895781464,3.35537737612966,3.4210904252645813,21.562333333333335,21.219010752688174,21.29134520809475,3.4697589462010727,3.3962571578367142,3.477056842955707,21.393500000000003,21.478748633879782,21.2292349457657,3.659500519903488,3.5670336572373693,3.5533312499871057,6.751814557626011
2000-05-24,sz000901,21.55,21.83,22.25,21.11,4823,10473907.0,5.29,1.35,0.29,1.61,3.6833172619218826,0.26451897133152924,21.363999999999997,21.548666666666666,21.409558212424958,3.5024595990842267,3.5550455163295527,3.5101145536428286,20.825,21.115818181818184,21.197157164890125,3.3512355508914977,3.4243281909868073,3.4393218753233095,21.183,21.05857142857143,21.24952682093748,3.3718871148665337,3.384804458619224,3.446064409708134,21.537666666666667,21.23627956989247,21.32609713015315,3.4614757314664977,3.410035113689669,3.490363966759977,21.409333333333333,21.49306010928962,21.24893216065863,3.6566831745410555,3.5678145340248575,3.5575930864439838,7.0201087133915
2000-05-25,sz000901,21.83,21.9,22.1,21.65,3470,7579353.0,2.06,0.32,0.07,1.16,3.5403294747908736,-0.14298778713100901,21.589999999999996,21.72733333333333,21.573038808283307,3.5655153548147913,3.5676688082317685,3.5201861940255106,20.975,21.311272727272726,21.324946771273737,3.375122091056255,3.4587089044230583,3.4576868934083214,21.188499999999998,21.12685714285714,21.311476647514862,3.374982479219073,3.4008465881358276,3.455042034954109,21.52766666666667,21.259655913978495,21.363123121756175,3.4586669986552985,3.415122451968662,3.4935875479232608,21.43316666666667,21.509147540983605,21.270278647194413,3.653455344345263,3.5639996586232123,3.5570270663897836,6.879632134323012
2000-05-26,sz000901,22.68,22.0,22.68,21.79,4957,10980953.0,4.06,0.46,0.1,1.65,3.6952189189051508,0.15488944411427719,21.812,21.864,21.715359205522205,3.5952506059001954,3.6109033295952213,3.5785304356520573,21.136000000000003,21.49763636363636,21.44768372195124,3.4204146924484773,3.516908327668311,3.5008745344077443,21.189500000000002,21.204142857142855,21.377050300132495,3.385996208391061,3.431345296677359,3.4779160239018276,21.515,21.290129032258065,21.404211952610616,3.4609526870030027,3.43038386617833,3.50659602347048,21.442166666666665,21.527732240437153,21.294203937450334,3.654265663798343,3.565368956149766,3.5615579468001233,7.04064003270797
2000-05-29,sz000901,21.95,21.89,22.1,21.5,4306,9424473.0,2.73,-0.5,-0.11,1.44,3.6340740254874686,-0.061144893417682145,21.832,21.889999999999997,21.77357280368147,3.5943475943391454,3.6238444694576457,3.5970449655971946,21.325,21.634727272727275,21.52810486341465,3.453545724149926,3.555755479129946,3.5250926236949667,21.2015,21.27085714285714,21.42590265250083,3.4089969192791836,3.4549717554484456,3.4927882145290314,21.491333333333333,21.31432258064516,21.43555311695832,3.4615358035163895,3.4415529847902304,3.5148204106973826,21.457499999999996,21.54241530054645,21.31373823458311,3.652268742032137,3.5647069352215404,3.5639355231505276,6.9742570745711
2000-05-30,sz000901,21.9,21.53,22.1,21.5,3015,6580703.0,2.74,-1.64,-0.36,1.01,3.47928731647617,-0.15478670901129865,21.830000000000002,21.789333333333335,21.692381869120982,3.6064453995163093,3.5854910435033203,3.557792415890187,21.444,21.671999999999997,21.528449433702896,3.500359719719963,3.5604357686438095,3.5167643860188216,21.21,21.302142857142858,21.435816685595988,3.409018536726559,3.461666078991016,3.491502414714473,21.466666666666665,21.316817204301074,21.441646464251335,3.4559423997750427,3.4426982436908617,3.5125279530056916,21.451999999999998,21.54479234972678,21.320828784268908,3.6435231927525193,3.5590354130721646,3.5611601721120243,6.8182722906827244
2000-05-31,sz000901,21.44,21.24,21.55,21.1,3323,7083298.5,2.09,-1.35,-0.29,1.11,3.521530341278711,0.04224302480254094,21.711999999999996,21.592666666666666,21.54158791274732,3.5740880153876753,3.5571860240907878,3.5457050576863614,21.538,21.634909090909094,21.47600408212055,3.5382738072359508,3.5642849725635815,3.5176309233388015,21.197,21.305,21.41716747744399,3.429904867742696,3.472381488948363,3.4943622172444004,21.409666666666666,21.3021935483871,21.428637014944798,3.4450907824154764,3.4469297237878713,3.5131087522491122,21.452666666666666,21.537841530054646,21.31817866019452,3.635995027659627,3.555035647450073,3.559860833396178,6.850235543954435
2000-06-01,sz000901,21.5,21.69,21.8,21.24,2146,4624852.0,2.64,2.12,0.45,0.72,3.3316297176299323,-0.18990062364877858,21.669999999999998,21.58533333333333,21.591058608498216,3.5323480639554865,3.476366591504873,3.474346611000885,21.630000000000003,21.662545454545455,21.514912430825905,3.548931709385139,3.5267133199079415,3.483812522300825,21.216,21.35195238095238,21.443151527211228,3.436307514875294,3.4630219508423856,3.4788638839477843,21.38566666666667,21.32027956989247,21.445499143012874,3.4385145496605523,3.4396096550920303,3.5014004274349717,21.466166666666666,21.54562295081967,21.330369523794698,3.628461893533613,3.5450564569572958,3.552377845994006,6.665097839429267
2000-06-02,sz000901,21.85,21.6,21.85,21.3,2269,4884496.0,2.54,-0.41,-0.09,0.76,3.355834495884936,0.024204778255003667,21.59,21.562,21.594039072332144,3.464471179351444,3.4175287354813566,3.4348425726289022,21.701,21.65709090909091,21.53038289794847,3.5298608926258197,3.4916047356351774,3.4605437902252087,21.189500000000002,21.38852380952381,21.458089477000634,3.417164174647806,3.4553578537956855,3.4671467993703704,21.352666666666668,21.33410752688172,21.45546694023785,3.4314513007717813,3.4342754580742483,3.492009077012389,21.476333333333336,21.550010928961747,21.339209867276836,3.6219174996881334,3.5361178537557,3.5459338017281348,6.688819758287927
2000-06-05,sz000901,21.57,21.78,22.16,21.33,5131,11184120.0,3.84,0.83,0.18,1.71,3.7102020146553847,0.3543675187704487,21.568,21.625333333333334,21.65602604822143,3.479696777185027,3.499439013916004,3.5266290533043967,21.7,21.67145454545454,21.575767825594202,3.537022185762086,3.524394030549644,3.5059361946670586,21.189,21.444761904761904,21.488747622048194,3.433845427527749,3.4832662195106923,3.4902949151118,21.337,21.361677419354834,21.4764045569967,3.4390479756861794,3.452259375098997,3.506086040731292,21.482666666666667,21.559967213114753,21.353662002775952,3.6189371762308027,3.5390124280169215,3.55131964477493,7.048601818188645
2000-06-06,sz000901,21.6,22.35,22.5,21.6,7195,16058867.0,4.13,2.62,0.57,2.4,3.857030798272624,0.14682878361723928,21.732,21.886000000000003,21.887350698814288,3.5552454735443177,3.625217020945203,3.636762968293806,21.781,21.789636363636365,21.716537311849798,3.5808454365303133,3.5825774146424685,3.5697715771407976,21.2415,21.555333333333333,21.570771658043604,3.4563444267011683,3.523569588153062,3.5252221420794974,21.368333333333336,21.427032258064514,21.532765553319496,3.4431704093644138,3.4792260088142517,3.5287276379920236,21.512333333333334,21.5884043715847,21.386328822357065,3.6200660460160226,3.546818776280587,3.5613429612830507,7.205714901278554
2000-06-07,sz000901,22.5,22.19,22.68,22.05,3547,7878151.0,2.82,-0.72,-0.16,1.18,3.549861188471943,-0.3071696098006811,21.922000000000004,22.038666666666668,21.988233799209524,3.560911642982964,3.6234222592544114,3.6077957083531853,21.817,21.864000000000004,21.802621436968018,3.56749982918532,3.5769439149954927,3.5661515064737332,21.320999999999998,21.645666666666667,21.629745785848975,3.459367690038408,3.5324759464169446,3.527568717926397,21.394333333333332,21.480043010752688,21.575167775685983,3.437091352972795,3.4861092848857056,3.530091092861696,21.541333333333334,21.610622950819675,21.412678697033883,3.6179278318570476,3.5445169776725844,3.5609665097154735,6.896424300646554
2000-06-08,sz000901,22.17,21.75,22.4,21.69,3576,7851207.0,3.2,-1.98,-0.44,1.19,3.55339751012388,0.003536321651937069,21.934000000000005,21.981333333333335,21.90882253280635,3.6052652014817532,3.620917548301384,3.589662975610084,21.802,21.85181818181818,21.79305390297383,3.5688066327186205,3.5743798569843217,3.563832598046487,21.3885,21.68652380952381,21.641198568149072,3.471964361887438,3.5414311673774663,3.530028602897586,21.392999999999997,21.50298924731183,21.586447274028824,3.4395905303855883,3.4936129079277105,3.531594732685063,21.559666666666665,21.617464480874318,21.42373841188523,3.6183723425705354,3.5424012294190383,3.560718345794437,6.894936427846441
2000-06-09,sz000901,21.74,21.83,22.2,21.6,2369,5180628.5,2.76,0.37,0.08,0.79,3.374565060722765,-0.17883244940111487,21.98,21.946666666666665,21.882548355204236,3.6090113144493197,3.544017501381721,3.5179636706476445,21.785,21.85690909090909,21.799771375160407,3.536741246900381,3.5390632075305297,3.529420318533083,21.460500000000003,21.728571428571428,21.65917965689678,3.4785779696744292,3.5321550434570215,3.5152225512618887,21.387999999999998,21.531182795698925,21.602160353123743,3.436244554560835,3.4894177163365607,3.52146378610685,21.584666666666667,21.62632786885246,21.437058463954564,3.615030554820684,3.53440754804698,3.5546149593986445,6.714382450386966
2000-06-12,sz000901,21.95,21.7,22.0,21.5,1454,3162258.75,2.29,-0.6,-0.13,0.48,3.162564406523019,-0.21200065419974612,21.964,21.853333333333335,21.82169890346949,3.499483792822846,3.395201865406287,3.3994972492727697,21.766000000000002,21.841454545454546,21.78163112513124,3.489590285003936,3.4710310547346457,3.4627192436221623,21.5455,21.751380952380952,21.663067308620896,3.4715680045769313,3.502058513633077,3.481636061286758,21.389666666666663,21.55131182795699,21.608472588406084,3.435861374520768,3.471760932592186,3.4983089874240223,21.60983333333333,21.63010928961749,21.445679497923265,3.609343450211781,3.51957259236509,3.541760842910919,6.499997402945846
2000-06-13,sz000901,21.75,21.92,22.0,21.75,1667,3606067.5,1.15,1.01,0.22,0.56,3.2219355998280053,0.0593711933049863,21.878000000000004,21.83866666666667,21.854465935646328,3.3724647531339222,3.302685801074673,3.340310032791182,21.805,21.869454545454545,21.806789102380105,3.4638551133391204,3.42236656652084,3.4189403992959515,21.6245,21.787047619047616,21.687537088752237,3.482107416529542,3.478283998895084,3.4569026840049717,21.408333333333335,21.585526881720426,21.628571131089565,3.4272973955974124,3.4579592697087818,3.4804784462887954,21.6415,21.64027868852459,21.461230989794633,3.6032584249131907,3.506870695631195,3.5312747693672164,6.5570338517827125
2000-06-14,sz000901,21.95,21.85,22.05,21.75,1717,3709558.0,1.37,-0.32,-0.07,0.57,3.2347702951609163,0.01283469533291104,21.81,21.829333333333334,21.852977290430886,3.3094465744717168,3.2567876484170046,3.3051301202477603,21.866,21.877636363636363,21.814645629220085,3.4351791087273407,3.38071478139753,3.3854549258168536,21.702,21.80852380952381,21.703009746966313,3.4867264579816455,3.454728082574263,3.4357472184007762,21.42,21.614021505376346,21.64285686456766,3.431662948070911,3.4455381664548144,3.464626307506352,21.673833333333334,21.647114754098357,21.473977514719397,3.5959281697941576,3.4947891176065307,3.5215533111965183,6.569322165788465
2000-06-15,sz000901,21.81,21.89,22.0,21.75,1510,3265728.75,1.14,0.18,0.04,0.5,3.1789769472931693,-0.055793347867747034,21.838,21.856,21.865318193620592,3.2345624619055746,3.213297772690822,3.2630790625962303,21.886000000000003,21.882,21.82834642390734,3.419913831693664,3.334132570227681,3.347913475176184,21.758,21.826428571428572,21.72081834249333,3.484422770539402,3.425418605365836,3.4112929068667186,21.439333333333334,21.64434408602151,21.65880158298265,3.4308429538147514,3.429235843823992,3.4461973165248563,21.703500000000002,21.65420218579235,21.487617596204007,3.590675209015403,3.4811185857212514,3.510321299265261,6.5139801095891405
2000-06-16,sz000901,21.95,22.18,22.41,21.79,2417,5280713.0,2.83,1.32,0.29,0.81,3.3832766504076504,0.2042997031144811,21.907999999999998,21.970000000000006,21.970212129080394,3.236304779842552,3.2628691688581806,3.303144925200037,21.944,21.935454545454544,21.89228343774237,3.422658047145936,3.327471264539315,3.354343143400087,21.822499999999998,21.86661904761905,21.764549928922538,3.4762594698858775,3.4157856415437653,3.408624691965855,21.441,21.692129032258062,21.69242728730635,3.4189954654805157,3.426167050055792,3.442137918710843,21.750666666666667,21.669825136612026,21.510318658623547,3.5879932846761133,3.4743186329800144,3.5061559009420606,6.722692564780044
2000-06-19,sz000901,21.95,21.93,22.35,21.83,1420,3092478.0,2.34,-1.13,-0.25,0.47,3.1522883443830563,-0.23098830602459408,21.954,21.977333333333334,21.9568080860536,3.2342495674145595,3.234863690371682,3.2528593982610436,21.959,21.932909090909096,21.899140994516486,3.366866680118703,3.278313136764246,3.3176059072151722,21.8295,21.876857142857144,21.78030707854896,3.4519444329403948,3.3849312486387344,3.384211706481779,21.445666666666668,21.723677419354836,21.70775455909304,3.4115191783914005,3.408960139017246,3.423437946173567,21.7875,21.675704918032793,21.524078702603102,3.581330431512699,3.4600332251015535,3.494553685972913,6.490306618725544
2000-06-20,sz000901,21.85,21.72,22.23,21.7,1729,3736267.0,2.42,-0.96,-0.21,0.58,3.2377949932739227,0.08550664889086645,21.913999999999998,21.899333333333335,21.877872057369068,3.237421446103743,3.2360454989914698,3.2478379299320035,21.896,21.889454545454548,21.866569904604397,3.304943099618833,3.254845557337922,3.3030948319531266,21.838500000000003,21.86642857142857,21.774563547258584,3.4428942680745727,3.3645360639085946,3.37026725760484,21.459666666666667,21.741376344086024,21.708544587538654,3.4058773176737227,3.397752127074183,3.411460981470364,21.809833333333334,21.67349180327869,21.530502351698082,3.5744974472294504,3.448769768110118,3.4861353681795033,6.572437904089999
2000-06-21,sz000901,21.73,22.2,22.44,21.66,2690,5895703.5,3.59,2.21,0.48,0.9,3.429752280002408,0.19195728672848533,21.984,21.994666666666664,21.985248038246045,3.2764178430720414,3.3001557769576917,3.308476046622139,21.897,21.944727272727274,21.927193558312688,3.2929322087718793,3.2775381355894813,3.326123458871178,21.857000000000003,21.900857142857145,21.815081304662527,3.4302160189785993,3.3632844459969586,3.3759324978331793,21.512999999999998,21.789139784946233,21.740251388342614,3.4038891962828988,3.3992924472244215,3.4126410652466252,21.8495,21.68628415300547,21.55245309426536,3.569207007373488,3.444024024922346,3.4842867423376314,6.770535634357141
2000-06-22,sz000901,22.25,21.97,22.32,21.95,1532,3355622.0,1.67,-1.04,-0.23,0.51,3.185258765296585,-0.24449351470582315,22.0,21.990000000000002,21.980165358830696,3.2776742066727245,3.269769417699206,3.267403619513621,21.919,21.958,21.93497654771038,3.2561183342891495,3.2579611458667004,3.30051169640307,21.8605,21.911619047619045,21.82983546612324,3.412462483503885,3.339955183741529,3.357773094734456,21.565333333333335,21.818623655913978,21.755073879417285,3.4000156860213413,3.38518725812853,3.397971239443397,21.871833333333335,21.690234972677597,21.56614315674846,3.5568831084114283,3.4314355579690043,3.4744825463690723,6.525773033038651
2000-06-23,sz000901,21.85,22.61,22.75,21.85,6108,13589770.0,4.1,2.91,0.64,2.04,3.7858990283843834,0.6006402630877985,22.086,22.19333333333333,22.190110239220466,3.358198682268071,3.439177691603092,3.440235422470542,21.997,22.083636363636362,22.057708084490308,3.2972517310553116,3.35428490842947,3.3887639385814907,21.891,21.982999999999997,21.904136850301978,3.4169964889778464,3.3755205689682435,3.3985469931773062,21.639333333333337,21.886021505376345,21.810230403325846,3.418135890134723,3.4100829576358227,3.4229988387299124,21.894000000000002,21.714437158469945,21.600367971281297,3.5529864633681645,3.438944276656643,3.4846929228285908,7.133212106579727
2000-06-26,sz000901,22.75,22.55,22.95,22.26,4780,10723245.0,3.05,-0.27,-0.06,1.59,3.6794278966121188,-0.10647113177226464,22.21,22.348000000000003,22.310073492813647,3.463626592713884,3.546254096384442,3.519966247184401,22.082,22.18418181818182,22.14721570549207,3.3489380800642214,3.4237714839852535,3.4416119309506956,21.924,22.045761904761903,21.965647626463696,3.4192641825340795,3.400514036361984,3.4252975554091933,21.724333333333334,21.94477419354839,21.85795747407902,3.4306913630726945,3.4269405064408165,3.439542648915862,21.8985,21.73594535519126,21.631503447632728,3.5426358442193617,3.4430898974187403,3.4910776760673947,7.03032622867184
2000-06-27,sz000901,22.65,22.25,22.65,22.15,2303,5084561.5,2.22,-1.33,-0.3,0.77,3.362293937964231,-0.31713395864788785,22.316,22.361333333333334,22.290048995209098,3.4885263816519454,3.5124765448012236,3.4674088107776777,22.115000000000002,22.21472727272727,22.165903759038965,3.362973913877844,3.4261998217852554,3.427190477680429,21.96,22.076809523809523,21.992728804895727,3.413414513608482,3.3950882987839037,3.4192972108906257,21.788,21.97868817204301,21.88325054026747,3.4423962489789757,3.422527769337044,3.434558861112531,21.860833333333332,21.74746994535519,21.65178202312018,3.528113144190669,3.4371770480333255,3.486855258424668,6.70625350468415
2000-06-28,sz000901,22.2,22.38,22.6,22.2,2231,4947075.5,1.8,0.58,0.13,0.74,3.348499570283838,-0.013794367680393105,22.351999999999997,22.38266666666667,22.32003266347273,3.4722758397082316,3.4658009410118544,3.427772397279731,22.168,22.26290909090909,22.204830348304608,3.3743468413901363,3.4235681229499817,3.4128830399719576,22.017000000000003,22.116809523809525,22.02961177585804,3.4047629750587385,3.388905923229175,3.412554578451884,21.857333333333333,22.01688172043011,21.91529889250828,3.449266585784476,3.416469919098648,3.429006648801003,21.833833333333335,21.76449180327869,21.67565802236214,3.502437686537459,3.431288078397036,3.482319006354477,6.694348538418189
2000-06-29,sz000901,22.38,23.11,23.15,22.38,8437,19020964.0,3.44,3.26,0.73,2.81,3.926188049107206,0.5776884788233683,22.58,22.635333333333335,22.58335510898182,3.6204616964703553,3.617105010811513,3.5939109478888893,22.29,22.434181818181816,22.36940664861286,3.44906795157154,3.5239028879894487,3.5062112234510936,22.088,22.22090476190476,22.13250589244299,3.434490891632602,3.438565454090934,3.4614720518476285,21.935333333333336,22.09769892473118,21.9923763833142,3.472637830883448,3.447239045764631,3.461082868175597,21.8295,21.80633333333333,21.72268562818633,3.4952730853669354,3.44518153290752,3.4968720897234187,7.279232523604095
2000-06-30,sz000901,23.23,22.65,23.25,22.63,4555,10312218.0,2.68,-1.99,-0.46,1.52,3.658488381309017,-0.2676996677981891,22.588,22.658666666666665,22.605570072654547,3.5949795670552818,3.6297805724244006,3.615436759028932,22.336999999999996,22.499636363636363,22.420423621592338,3.4765891246616767,3.5619793297598985,3.5338979794252614,22.1405,22.274428571428572,22.181791045543658,3.449623585903806,3.4598985483458304,3.480235511796332,21.994000000000003,22.143806451612903,22.03480371342296,3.4763693548111436,3.4592294038566025,3.4738187077325917,21.810833333333335,21.833234972677594,21.75308937808186,3.4885948147615626,3.4505328540859486,3.502170984529504,7.013352085415587
2000-07-03,sz000901,22.35,21.92,22.43,21.89,3069,6696881.5,2.38,-3.22,-0.73,1.02,3.4869968884318228,-0.17149149287719423,22.462,22.435999999999996,22.377046715103035,3.556493365419223,3.5937863462165804,3.572623468829896,22.336000000000002,22.42381818181818,22.32943750857555,3.510059979066553,3.563871650445379,3.5253705083355453,22.1475,22.253428571428568,22.15685856501569,3.4384633295926283,3.4634579104913557,3.480879452428283,21.99833333333333,22.139032258064518,22.027397022234382,3.471316281649114,3.4599150511869694,3.474668912938994,21.792166666666667,21.83681420765027,21.75856185748901,3.4796325647411726,3.4504804630587436,3.5016734731820387,6.8258726142487935
2000-07-04,sz000901,21.7,21.83,22.03,21.65,1604,3459247.75,1.73,-0.41,-0.09,0.53,3.2052043639481447,-0.2817925244836781,22.378,22.22533333333333,22.19469781006869,3.5250754506160056,3.4766900123928877,3.4501504338693123,22.347,22.331818181818182,22.238630688834537,3.506800916133975,3.5084433567874878,3.4671584820832906,22.1215,22.223190476190474,22.125729177871335,3.405872007876404,3.441242770906167,3.4546246820968416,22.008,22.128172043010753,22.01466173047733,3.4641964840943738,3.442746540367552,3.4572841033266815,21.78516666666667,21.83805464480874,21.760904091669698,3.4669777151477232,3.4414828171311043,3.491953174518632,6.538981667132832
2000-07-05,sz000901,21.86,21.96,22.15,21.85,1272,2762317.25,1.37,0.6,0.13,0.42,3.104487111312395,-0.1007172526357496,22.294,22.086000000000002,22.116465206712462,3.476272958821717,3.3364938992916837,3.33492932635034,22.323,22.261454545454548,22.187970563591893,3.4742743992649743,3.435295392274473,3.4012182328522185,22.11,22.20780952380952,22.109945446645494,3.383603304018427,3.412539447423881,3.4212782467840372,22.012333333333334,22.1250752688172,22.01113516722073,3.4449021457407243,3.4195394840590367,3.4345230070676953,21.775,21.8437868852459,21.76743182636905,3.4531889386036108,3.429597879300437,3.479249369167608,6.441273555492476
2000-07-06,sz000901,21.95,21.88,22.05,21.76,1231,2658855.0,1.32,-0.36,-0.08,0.41,3.090258052931316,-0.014229058381078907,22.048000000000002,21.948,22.037643471141642,3.3090869595865393,3.207822263994884,3.2533722352106658,22.314,22.180909090909093,22.131975915666093,3.4647743280284473,3.365474238395626,3.344680018321145,22.116500000000002,22.185904761904762,22.088045880298303,3.3604463311587986,3.3846018044632036,3.389752514036159,22.011666666666667,22.116537634408598,22.00267483385165,3.429899765012072,3.3966592200068173,3.4123123648653486,21.76966666666667,21.847229508196726,21.771122586160228,3.4442833818336855,3.417698505999706,3.4664955555205164,6.424694653835161
2000-07-07,sz000901,21.95,22.07,22.15,21.95,1448,3155262.75,0.91,0.87,0.19,0.48,3.1607685618611283,0.07051050892981214,21.932,21.95533333333333,22.048428980761095,3.209542995696961,3.158382798086414,3.222504344094154,22.259999999999998,22.136545454545455,22.120707567363166,3.4022612813761213,3.31020046272884,3.3112415716920505,22.1285,22.181476190476193,22.0863272250318,3.3497565062157166,3.365584874053901,3.367944518590918,22.014,22.12030107526882,22.007018392957995,3.412084753110605,3.3792959165777243,3.3960837324134636,21.764499999999998,21.857076502732237,21.780921845630385,3.4365187200568044,3.408402938131754,3.456471719662831,6.499035530338879
2000-07-10,sz000901,22.07,22.35,22.55,22.05,2282,5040538.5,2.27,1.27,0.28,0.76,3.358315640082196,0.19754707822106754,22.018,22.094666666666665,22.14895265384073,3.1838067460270363,3.207973679548158,3.2677747760901683,22.24,22.152909090909088,22.162397100569862,3.370150055723129,3.3022103461299452,3.3198004932175316,22.160999999999998,22.20257142857143,22.111438917885913,3.359544067893675,3.3664000296602326,3.3670274825424684,22.029333333333334,22.141978494623658,22.02914623857361,3.402892806930429,3.3758269415436337,3.3936470812953172,21.760333333333335,21.876273224043718,21.79958014577365,3.4322143052234093,3.40583890272275,3.453253487545433,6.702476936264092
2000-07-11,sz000901,22.35,22.75,22.85,22.25,3432,7669910.0,2.68,1.79,0.4,1.14,3.535547279176668,0.17723163909447193,22.201999999999998,22.33866666666667,22.349301769227154,3.249875329072741,3.325220523931369,3.3570322771190018,22.29,22.245636363636365,22.26923399137534,3.387475389844373,3.3322825685760433,3.359027181573738,22.202499999999997,22.258666666666667,22.172254259039637,3.375224651861109,3.383162240258613,3.383076986983821,22.07,22.188473118279564,22.075652932859185,3.404768139020446,3.384385294591777,3.402801932771534,21.768333333333334,21.90872131147541,21.830741452469592,3.4303552693977446,3.409226869081873,3.4559516446480965,6.884790267895175
2000-07-12,sz000901,22.75,22.37,22.75,22.31,2747,6104678.5,1.93,-1.67,-0.38,0.92,3.438858659420562,-0.09668861975610588,22.284,22.39466666666667,22.35620117948477,3.316749638694374,3.3882149673806428,3.3843077378861888,22.288999999999998,22.260181818181817,22.28755508385255,3.3965112987580452,3.3416249812262593,3.373541995727706,22.2285,22.274619047619048,22.19108718675015,3.385429070074091,3.3892226219309416,3.3883895272158915,22.107666666666667,22.207827956989245,22.094643066223114,3.4020124162918406,3.3865846830046884,3.4051281732005036,21.758666666666667,21.928448087431697,21.848422060585342,3.4235515993536585,3.409505668754753,3.4553912189029314,6.785662796970086
2000-07-13,sz000901,22.4,23.17,23.25,22.38,8732,19840841.0,3.89,3.58,0.8,2.91,3.9411137270371017,0.5022550676165398,22.541999999999998,22.69,22.627467452989848,3.486920773515531,3.596336330161552,3.5699097342698267,22.295,22.420363636363636,22.447999614061175,3.398003866551035,3.440643604549724,3.4767368559657776,22.2925,22.36428571428571,22.28431697848823,3.4235359090612874,3.4421449702131333,3.441029927198864,22.156999999999996,22.276365591397848,22.164020932918397,3.422328549938747,3.4213654127301885,3.4397078863512522,21.771333333333335,21.97472131147541,21.891752484828448,3.4304215497996493,3.4264749188427346,3.4713165470384775,7.297560076785819
2000-07-14,sz000901,23.24,23.36,23.64,22.78,10065,23192106.0,3.71,0.82,0.19,3.36,4.002813779224673,0.06170005218757124,22.8,22.962666666666667,22.8716449686599,3.6553298169882398,3.7683006653979323,3.7142110825881094,22.366,22.614,22.61381786605005,3.4324364063426005,3.550609043217658,3.572387205649213,22.3515,22.465952380952377,22.38676298053697,3.4545127655021384,3.497314291181075,3.494533151201322,22.215666666666664,22.353978494623657,22.241180872730116,3.443894526050071,3.4588160726841206,3.476037298794699,21.784166666666668,22.026808743169397,21.939891747620955,3.4376729134109265,3.4452418771845386,3.4887426857986803,7.365340187303386
2000-07-17,sz000901,23.24,22.46,23.24,22.45,7990,17944050.0,3.38,-3.85,-0.9,2.66,3.902546779313991,-0.10026699991068178,22.822000000000003,22.849333333333334,22.7344299791066,3.764176044834599,3.850706319506516,3.7769896481634033,22.419999999999998,22.63109090909091,22.585850981313676,3.4739913954308173,3.6360836564851833,3.632416219042809,22.378,22.476285714285712,22.393737934771547,3.4920256872486855,3.539984197258394,3.533391591973957,22.238333333333333,22.369741935483873,22.255298235779787,3.450306018205358,3.4884065406366305,3.503554039473363,21.787666666666667,22.048967213114754,21.956944477207152,3.4446769969457685,3.460483643279721,3.5023100331270514,7.253920470711662
2000-07-18,sz000901,22.06,22.01,22.15,21.75,9333,20209894.0,1.78,-2.0,-0.45,3.11,3.970021265828366,0.06747448651437482,22.674,22.57866666666667,22.492953319404403,3.851070842164939,3.919321393171105,3.841333520718391,22.438,22.556545454545457,22.481150802893005,3.5504730856188393,3.7262709056483736,3.693798954822001,22.3925,22.441238095238095,22.357191464793303,3.528637000876407,3.585507585694554,3.5749753704362814,22.226999999999997,22.35501075268817,22.239472543148835,3.454072367123883,3.521936556612309,3.533648699238202,21.797666666666665,22.05625683060109,21.958684002544622,3.448621388244148,3.4777080455381664,3.517644827641848,7.305564035665932
2000-07-19,sz000901,22.03,22.29,22.65,22.03,4262,9432351.0,2.82,1.27,0.28,1.42,3.629613445378183,-0.3404078204501828,22.658,22.450666666666667,22.42530221293627,3.889221799356463,3.8455022609088534,3.7707601622716553,22.471,22.52963636363636,22.446396111457915,3.602985719025418,3.740660061968255,3.682128862195852,22.397,22.431476190476193,22.35079227767013,3.5386300591451962,3.5951243899328182,3.5801789966212243,22.23033333333333,22.359075268817207,22.242732379074717,3.456730775687424,3.533261787467425,3.5398399731827173,21.81233333333333,22.072398907103825,21.96954682213332,3.4469110643301097,3.4836422113458405,3.5213159298627117,6.974619953508453
2000-07-20,sz000901,22.29,22.22,22.47,22.03,2217,4876644.5,1.97,-0.31,-0.07,0.74,3.345765693114488,-0.2838477522636951,22.468,22.304666666666666,22.356868141957513,3.7701521925719406,3.6643502254948617,3.6290953392192664,22.505000000000003,22.483999999999998,22.405233182101927,3.628536483043735,3.6938927845299037,3.6209719223628767,22.4095,22.414619047619045,22.338335870272974,3.5466554055360917,3.5767563550727512,3.557853920096773,22.246,22.358408602150536,22.241265773973122,3.4498097151204443,3.5261027498820745,3.5273190518879933,21.819499999999998,22.085765027322402,21.977758401735507,3.4447001227530167,3.4803259696666387,3.515560184395557,6.688121097335335
2000-07-21,sz000901,22.23,21.94,22.23,21.8,3189,6919906.0,1.94,-1.26,-0.28,1.06,3.5036545192429593,0.15788882612847122,22.184,22.128666666666668,22.217912094638343,3.6703203405755978,3.5755176677185347,3.5872817325604975,22.492,22.381272727272727,22.320645330810667,3.662825078781919,3.6711869729297626,3.5996414854319823,22.375999999999998,22.369904761904763,22.30039912072317,3.5325431800790197,3.5726610325686434,3.5526920723964097,22.249666666666666,22.338666666666665,22.22182927242647,3.454112697071117,3.529576608212559,3.5257923078463786,21.81883333333333,22.08971584699454,21.976520421350735,3.4451786258159762,3.482258900699096,3.515169834718422,6.84010019504078
2000-07-24,sz000901,21.84,21.43,21.84,21.35,3886,8263676.0,2.23,-2.32,-0.51,1.3,3.589502796263764,0.08584827702080444,21.978,21.877333333333333,21.955274729758898,3.6077115439655523,3.548578486281257,3.5880220871282535,22.4,22.188181818181818,22.15870981611782,3.6859437944000755,3.657855648835553,3.597798087401397,22.32,22.279809523809526,22.217503966368582,3.528046925061603,3.578085757919571,3.556197855621872,22.240666666666666,22.285784946236557,22.170743512915084,3.4683439767291424,3.538311453321762,3.529902661937823,21.815166666666666,22.076967213114756,21.958601719011366,3.452102675624955,3.486990840713778,3.5176069809985973,6.91717328114339
2000-07-25,sz000901,21.41,21.58,21.7,21.37,1685,3595261.0,1.54,0.7,0.15,0.56,3.2265999052073573,-0.3629028910564065,21.892,21.744666666666667,21.830183153172598,3.45902727184135,3.4215412733618584,3.4675480264879552,22.282999999999998,22.03909090909091,22.053489849550942,3.6550490570031444,3.57433857807324,3.530307508820662,22.2865,22.209333333333333,22.156789302904908,3.5212622234237587,3.549376517933452,3.5248075746300134,22.229333333333333,22.243161290322575,22.132631028210884,3.4684994535751206,3.522715061610679,3.510334742148761,21.81883333333333,22.069256830601095,21.946188547896238,3.4478984245862665,3.479597307257463,3.508065765398884,6.555730423716201
2000-07-26,sz000901,21.51,21.72,21.93,21.5,1496,3215614.0,1.99,0.65,0.14,0.5,3.1749315935284423,-0.05166831167891495,21.778,21.68733333333333,21.7934554354484,3.3680909014714024,3.326842713924222,3.370009215501451,22.218,21.93672727272727,21.99285533145077,3.6286563504139324,3.487044493805113,3.4656937060402586,22.2535,22.15538095238095,22.11519032167587,3.512583824585989,3.5163926484196124,3.4914860526203397,22.225,22.210301075268816,22.10600967155212,3.4665048301873713,3.503775199672184,3.488695829334547,21.822499999999998,22.06601639344262,21.938772529932425,3.4490838891291413,3.470647575091633,3.497143333534279,6.507263910806773
2000-07-27,sz000901,21.68,21.84,22.03,21.68,1370,2962523.0,1.61,0.55,0.12,0.46,3.1367205671564067,-0.03821102637203566,21.701999999999998,21.708000000000002,21.808970290298937,3.3262818762797854,3.249719269152557,3.2922463327197695,22.085,21.868,21.965063453005175,3.5482170344258632,3.3976016241219265,3.4058804080613765,22.189999999999998,22.116000000000003,22.088981719611503,3.4731104504884485,3.480596147712034,3.457698863528537,22.223333333333333,22.1854623655914,22.088847757258435,3.4650962841828123,3.48249879560567,3.4659877479036996,21.83133333333333,22.066590163934432,21.935534086328083,3.447969618998782,3.4604061546990845,3.4853261936530373,6.471661730742822
2000-07-28,sz000901,21.9,21.98,22.25,21.9,1340,2925075.75,1.6,0.64,0.14,0.45,3.1271047983648077,-0.009615768791598978,21.71,21.800666666666665,21.86598019353263,3.250971932104156,3.183326909847565,3.2371991546014494,21.947,21.84890909090909,21.967779188822416,3.4606461363398764,3.321035763019916,3.355193933571091,22.1565,22.096,22.078602508219934,3.446541271341238,3.447643228462163,3.4262137144653244,22.216666666666665,22.169763440860216,22.08182532130628,3.4565572224480516,3.460692893294831,3.4441243318044164,21.828833333333332,22.07146448087432,21.936991985136995,3.437776343964283,3.4498859966455115,3.473581229873095,6.466137117386071
2000-07-31,sz000901,21.98,22.02,22.05,21.55,1886,4051739.25,2.27,0.18,0.04,0.63,3.2755416884013098,0.14843689003650207,21.827999999999996,21.903999999999996,21.917320129021753,3.188179710531665,3.191516828613283,3.249979999201403,21.903,21.86218181818182,21.977273881763793,3.397945627248608,3.287380408849268,3.340711707176585,22.1615,22.083,22.07302131696089,3.4359685113397136,3.4313575538964556,3.411863997697323,22.219666666666665,22.157075268817206,22.077836590899427,3.46066566724866,3.4490144717434283,3.4332480322300225,21.832666666666665,22.077732240437157,21.9397135593948,3.4360924228200305,3.44456682761066,3.4670881301527086,6.607641488531793
2000-08-01,sz000901,22.02,21.8,22.14,21.76,1278,2765092.5,1.73,-1.0,-0.22,0.43,3.1065308538223815,-0.1690108345789283,21.872,21.89466666666667,21.878213419347837,3.1641659002546696,3.164300543043522,3.202163617408396,21.881999999999998,21.84345454545455,21.945042266897648,3.3115965860480103,3.2343959045899537,3.2981333702030935,22.16,22.048571428571428,22.047019286774137,3.431034835833425,3.3999825388948044,3.3827846506616144,22.222333333333335,22.130000000000003,22.05991164955108,3.4562901959336085,3.426167064425605,3.4121695045908202,21.841,22.07666120218579,21.935132786955627,3.4310837568036656,3.4337615302664743,3.455266580109091,6.441709664236606
2000-08-02,sz000901,21.52,21.55,21.75,21.4,1875,3996213.0,1.61,-1.15,-0.25,0.63,3.2730012720637376,0.1664704182413561,21.838,21.787333333333333,21.768808946231893,3.1837798359617286,3.200579000313211,3.2257761689601767,21.808,21.78309090909091,21.873216400188983,3.2759353687165658,3.2273785747746317,3.2935638978141197,22.1395,21.99047619047619,21.999684116605174,3.439460543870992,3.3849317232976914,3.37232909079515,22.200666666666667,22.08662365591398,22.027014123773593,3.4510651623356527,3.4143419725630313,3.4031909089439116,21.856833333333334,22.067120218579237,21.922505482465276,3.4274771793092755,3.4285784979799194,3.449290668369899,6.60164862826749
2000-08-03,sz000901,21.49,21.05,21.65,20.95,8121,16992926.0,3.25,-2.32,-0.5,2.71,3.909609510490169,0.6366082384264313,21.68,21.52466666666667,21.529205964154595,3.338357624628481,3.442522225156025,3.453720616136841,21.691,21.645272727272726,21.723540691063715,3.3323197504541335,3.3425920550971053,3.4055721910279466,22.098,21.886714285714287,21.909238010261824,3.480428116748935,3.4297078153566605,3.4234986545756283,22.169999999999998,22.012387096774194,21.96398095449788,3.4752101871754393,3.4439254788955806,3.4358630767856058,21.867666666666665,22.040666666666663,21.893898745335267,3.4376129365983905,3.4443861153956865,3.4643830894230225,7.230268166170009
2000-08-04,sz000901,21.09,21.38,21.68,21.05,3835,8086144.5,2.99,1.57,0.33,1.28,3.583765368285,-0.325844142205169,21.560000000000002,21.424666666666667,21.47947064276973,3.4296897386125194,3.524324806374864,3.497068866852894,21.634999999999998,21.588727272727276,21.661078747233947,3.340330835358338,3.388309440157262,3.4379709505292286,22.063499999999998,21.818333333333335,21.85883439023689,3.501577957070128,3.439549458360096,3.438762151119378,22.128999999999998,21.961419354838707,21.926304763885117,3.4684723985054595,3.4509290389671654,3.4454051601081472,21.88416666666667,22.024677595628418,21.877049606143945,3.443304144320091,3.4491779984018054,3.468297262500464,6.9077414979414975
2000-08-07,sz000901,21.35,21.15,21.35,20.35,2248,4658360.0,4.68,-1.08,-0.23,0.75,3.3517963068970236,-0.23196906138797635,21.386,21.288,21.369647095179822,3.4449406623116623,3.4983603291363656,3.448644680200937,21.607,21.50054545454545,21.568155338645955,3.3165601864216634,3.390394071346114,3.4223028335051913,22.0035,21.731333333333332,21.79132635307147,3.501251990410869,3.425284539295991,3.4304796897648684,22.082333333333334,21.89825806451613,21.87622058556995,3.4575513455149562,3.4434015491859764,3.4393658792558166,21.903333333333332,22.00060655737705,21.853211914139223,3.4441213542938254,3.4461777414371135,3.4644775590380563,6.66823304795394
2000-08-08,sz000901,21.05,21.09,21.23,20.95,2016,4201661.5,1.32,-0.28,-0.06,0.67,3.3044905277734875,-0.04730577912353606,21.244,21.18933333333333,21.27643139678655,3.4845325971018837,3.4515436176236403,3.400593296058454,21.558,21.40654545454546,21.48121800434669,3.324349248678277,3.3881995879555364,3.400882414281245,21.9205,21.644333333333336,21.724533367064662,3.4896991528407106,3.4065453523781453,3.4184807219561653,22.043666666666663,21.834236559139786,21.8254966768235,3.4556245651752646,3.4335266577187844,3.4306642436763117,21.91583333333333,21.97393989071038,21.828188572692035,3.44901040707712,3.4415996815512018,3.4592320826031524,6.623421061253246
2000-08-09,sz000901,21.05,21.45,21.56,20.92,2610,5485670.0,3.03,1.71,0.36,0.87,3.416640507338281,0.11214997956479333,21.224,21.258,21.3342875978577,3.513260444156792,3.4289129210357725,3.405942366485063,21.531,21.38690909090909,21.47554200355638,3.34852014005926,3.4049798168028103,3.403747522109797,21.8745,21.59952380952381,21.698387332106122,3.4885882452365964,3.399587386139818,3.4183054634211287,22.012666666666668,21.79593548387097,21.801271084770374,3.457895929743746,3.4310115572131727,3.429759486493213,21.935,21.958666666666666,21.81578894735787,3.453581257764111,3.4405383733630424,3.457835637512501,6.739229678315961
2000-08-10,sz000901,21.65,21.77,21.85,21.46,3195,6844866.5,1.82,1.49,0.32,1.07,3.504470862494419,0.08783035515613813,21.368000000000002,21.44,21.47952506523847,3.4322327145576423,3.4259830604816486,3.4387851984881816,21.524,21.430363636363634,21.52907982109158,3.3852951695930615,3.4333344936092027,3.4220608567251825,21.804499999999997,21.589571428571425,21.705207586191253,3.4667561020094624,3.4011000163548486,3.4265116919042993,21.968,21.780279569892475,21.799253595430354,3.4438386901899865,3.434016391584184,3.4345795752674846,21.951666666666664,21.953256830601095,21.814287670395316,3.4582382605367172,3.442206884993545,3.4593646612823994,6.835364982217456
2000-08-11,sz000901,21.86,21.43,21.9,21.35,2400,5118906.0,2.53,-1.56,-0.34,0.8,3.380211241711606,-0.12425962078281305,21.378,21.460666666666665,21.463016710158982,3.3915218892429637,3.4086425695329696,3.4192605462293235,21.469,21.413272727272727,21.51106530816584,3.4106058139277415,3.432410143085302,3.4144518358136224,21.708,21.55390476190476,21.678997339887324,3.435625975133809,3.392857648707434,3.422102125219281,21.927333333333333,21.745569892473114,21.775430782821946,3.4345627855367398,3.429911394908159,3.431071940844525,21.96066666666667,21.93615300546448,21.80168807464465,3.4554660701739417,3.439648622081246,3.456769467198111,6.709177154544165
2000-08-14,sz000901,21.45,21.24,21.65,21.06,2409,5055244.5,2.75,-0.89,-0.19,0.8,3.3818367999983434,0.001625558286737494,21.395999999999997,21.41466666666667,21.388677806772655,3.3975299878632277,3.40541420645143,3.4067859641523306,21.391,21.371636363636366,21.461780706681143,3.421235325087445,3.427179413279957,3.4085218293017534,21.647,21.509333333333334,21.637188069421864,3.4095904761680265,3.387734870123104,3.4182673323410966,21.90466666666667,21.701225806451614,21.740886861349566,3.431057449255624,3.426509718421811,3.427895480144772,21.9515,21.912524590163937,21.78327207219729,3.4511868654523687,3.4372345476492585,3.4543126584374626,6.70374216535391
2000-08-15,sz000901,21.36,21.22,21.44,21.09,2004,4197976.5,1.65,-0.09,-0.02,0.67,3.301897717195208,-0.07993908280313544,21.421999999999997,21.355999999999995,21.33245187118177,3.3970114257475714,3.3735367828954232,3.371823215166623,21.333,21.340545454545456,21.417820578193663,3.4407720114247278,3.4054816663904592,3.389135627100563,21.607499999999998,21.468666666666667,21.597455872334066,3.3761842987363684,3.377478416887597,3.407184511851012,21.884333333333334,21.65705376344086,21.70728125739153,3.434280561030526,3.41817683248243,3.419766592212542,21.946166666666667,21.888540983606557,21.764804135403935,3.44923852256245,3.432339821476894,3.449315447249192,6.623040003100862
2000-08-16,sz000901,21.25,22.05,22.24,21.08,7769,16854944.0,5.47,3.91,0.83,2.59,3.890365121448124,0.5884674042529161,21.542,21.565333333333335,21.57163458078785,3.4917563485695404,3.5379880147956078,3.5446705172604567,21.383000000000003,21.470909090909092,21.532762291249362,3.5025083963631665,3.4872258682128945,3.4802682624364834,21.595499999999998,21.510809523809527,21.64055531306416,3.3892218825398657,3.426448019050622,3.4532017127650225,21.887333333333334,21.66774193548387,21.72939214401143,3.460476494701717,3.4476016428319523,3.450127787647096,21.949833333333334,21.89194535519126,21.774154819489052,3.4526893202212205,3.446802988653473,3.4637760923048946,7.22672731393018
2000-08-17,sz000901,22.05,21.8,22.05,21.58,2298,4950097.0,2.13,-1.13,-0.25,0.77,3.3613500243522663,-0.5290150970958578,21.548,21.651333333333334,21.6477563871919,3.46313218094111,3.4945192400565164,3.4835636862910597,21.458,21.54672727272727,21.58135096556766,3.4476824477493757,3.4615607096654584,3.4586467646029893,21.5745,21.530285714285714,21.655740521343763,3.3900010991017546,3.4237935563660877,3.4444539329161885,21.884666666666664,21.662107526881723,21.733947489559082,3.469512893749082,3.441206386680374,3.444400190015172,21.948166666666665,21.88703278688525,21.775002202456626,3.449706329380577,3.4438082576413764,3.4604178605687426,6.694613709267305
2000-08-18,sz000901,21.75,21.68,21.85,21.6,1641,3517779.5,1.15,-0.55,-0.12,0.55,3.215108581053093,-0.1462414432991732,21.598000000000003,21.69533333333333,21.658504258127934,3.4301116488094068,3.411844706760511,3.394078651211738,21.488,21.587090909090907,21.599287153646266,3.410816769026185,3.419274552084316,3.4143670948666442,21.561500000000002,21.540333333333333,21.65805094788245,3.3755738021922617,3.40713712607574,3.422611518453037,21.87166666666667,21.64890322580645,21.730467006361724,3.4713242277221474,3.424793205216117,3.4296071829853605,21.942833333333333,21.87824043715847,21.771887376146573,3.441704490416376,3.4361165281880157,3.4523749333715084,6.546268613707443
2000-08-21,sz000901,21.66,21.63,21.83,21.4,2752,5859258.5,1.98,-0.23,-0.05,0.92,3.4396484295634737,0.22453984851038067,21.676,21.706,21.649002838751954,3.441673974722433,3.415023633678533,3.4092685773289833,21.535999999999998,21.612909090909092,21.60487130752876,3.4196019812928307,3.424516672182005,3.4189637011751586,21.5715,21.546857142857142,21.6553794290365,3.368081083857247,3.413239471539664,3.4242340814159355,21.84766666666667,21.633311827956987,21.723985264015806,3.4740353207048567,3.4227496053349133,3.4302550053452388,21.9385,21.867983606557384,21.767235331027013,3.438464063817643,3.4360491163567732,3.4519576709515727,6.767842658725569
2000-08-22,sz000901,23.61,21.68,23.61,21.63,7564,16740310.0,9.15,0.23,0.05,2.52,3.8787515201730023,0.43910309060952857,21.767999999999997,21.707333333333334,21.65933522583464,3.5570447353179917,3.5607161488287233,3.5657628916103232,21.595,21.639090909090907,21.61853106979626,3.4770280805327816,3.5079984065238543,3.502561486447494,21.5765,21.557190476190478,21.65772424531874,3.4006886646055285,3.4618747511887835,3.467521456535656,21.812,21.622494623655918,21.721147505047046,3.485475462071401,3.448860327881244,3.459190264366385,21.941,21.85950819672131,21.764375156239243,3.4451218005459228,3.450484770663506,3.4659509119096525,7.22376349607318
2000-08-23,sz000901,21.68,21.8,21.95,20.93,3975,8428583.0,4.7,0.55,0.12,1.33,3.5993371329924893,-0.27941438718051304,21.718,21.718,21.70622348388976,3.4988391376268653,3.5748136147202216,3.576954305404379,21.630000000000003,21.676363636363632,21.65152542074239,3.4952977430982024,3.530236416061983,3.520157058546584,21.5805,21.578476190476188,21.671274317193145,3.4219089415787307,3.4807936529399237,3.480075330483926,21.793,21.621720430107523,21.726234762785946,3.4908247445237985,3.456206242134218,3.468231997826134,21.950333333333333,21.854885245901645,21.76554318390353,3.44641858040782,3.4555410110715905,3.47032423063368,6.925754567862275
2000-08-24,sz000901,21.85,21.72,21.97,21.55,2225,4794977.5,1.93,-0.37,-0.08,0.74,3.3473300153169503,-0.25200711767553896,21.701999999999998,21.718666666666664,21.71081565592651,3.4960351358198016,3.5243105739502503,3.500412875375236,21.625,21.692727272727275,21.663975344243774,3.479583658380456,3.503333192829028,3.4887339597775595,21.574499999999997,21.591761904761903,21.675914858412845,3.4324394139867587,3.473690898057849,3.4674329195156424,21.744666666666667,21.617010752688177,21.725832520025566,3.4710319541331267,3.4469485176692594,3.4604318699223158,21.950833333333332,21.84733333333333,21.764049964759153,3.4466802520359368,3.4522922056587744,3.4662916334101803,6.6807865736237275
2000-08-25,sz000901,21.75,21.88,22.0,21.65,1641,3538703.5,1.61,0.74,0.16,0.55,3.215108581053093,-0.13222143426385724,21.741999999999997,21.778,21.76721043728434,3.4960351358198016,3.430668389028014,3.4053114439345222,21.67,21.73909090909091,21.703252554381265,3.463073392314604,3.455246815133144,3.4389838909185655,21.569499999999998,21.620857142857144,21.695351538564005,3.4368396031211725,3.4529927234927373,3.443402030138257,21.695333333333334,21.625741935483866,21.735778809056175,3.444775114194074,3.430437332309258,3.444604560963011,21.955499999999997,21.845010928961756,21.76785160525885,3.4443348201220725,3.4446996918560586,3.4580561234968332,6.548844175604924
2000-08-28,sz000901,21.9,22.19,22.4,21.9,3348,7320612.5,2.29,1.42,0.31,1.12,3.5247854493212225,0.30967686826812946,21.854,21.92733333333333,21.908140291522898,3.5130625397713517,3.440251826861821,3.4451361123967557,21.765,21.833636363636362,21.791752089948307,3.477368257246892,3.466467189134347,3.454584174264503,21.578,21.67995238095238,21.742460915843623,3.4493017911671684,3.4613685183689333,3.451152831965206,21.686333333333334,21.6576559139785,21.765083402020295,3.432183069860982,3.435599289414235,3.449777521502251,21.962333333333333,21.852699453551914,21.781692536233972,3.44124454403317,3.447337417403572,3.4602439702451737,6.8645474190695674
2000-08-29,sz000901,22.19,22.05,22.25,21.95,1915,4183391.25,1.35,-0.63,-0.14,0.64,3.2821687783046416,-0.2426166710165809,21.928,21.992666666666665,21.95542686101527,3.3937459913976795,3.3632872397062514,3.3908136676993843,21.848,21.885454545454547,21.838706255412248,3.4753953633578356,3.4309763747812108,3.4232359204536187,21.5905,21.72490476190476,21.771750352429947,3.4580836873912815,3.4454510885725016,3.435059112568962,21.687666666666665,21.68111827956989,21.783465118018988,3.409254653610191,3.425920948023503,3.4389640541991793,21.957333333333334,21.8555737704918,21.79048950225909,3.4316635103670365,3.4421218185272267,3.4544054393618775,6.621528483698501
2000-08-30,sz000901,22.01,21.75,22.25,21.75,1559,3391117.75,2.27,-1.36,-0.3,0.52,3.192846115188842,-0.08932266311579973,21.918,21.933333333333334,21.886951240676847,3.3124477878369505,3.2963206143033053,3.324824483529204,21.817999999999998,21.867636363636365,21.822577845337293,3.405643462731908,3.37960378420503,3.3813468649509315,21.6005,21.74009523809524,21.76967889029376,3.4540759295475367,3.4201903674103646,3.4119912080565697,21.669666666666668,21.68513978494624,21.781306078146795,3.3946957426038797,3.4119591068350292,3.423085477488835,21.95,21.848775956284147,21.789161977594855,3.4257132591456516,3.4342917399967945,3.4458297238152205,6.530342870075166
2000-08-31,sz000901,21.58,21.16,21.73,21.15,2506,5291045.5,2.67,-2.71,-0.59,0.84,3.398981066658131,0.20613495146928917,21.806,21.68066666666667,21.644634160451233,3.322777998105186,3.3251650405770325,3.34954334457218,21.754,21.747999999999998,21.702109146185055,3.409406566962494,3.378392439464344,3.3845530834431496,21.606,21.698142857142855,21.71161423407531,3.428544507355935,3.4149432376113737,3.4107521469710043,21.634333333333334,21.65225806451613,21.741221815040554,3.3964695883886677,3.4122355793546575,3.4215303542094353,21.940166666666663,21.82287431693989,21.768533716034366,3.4231396517545556,3.433415274669334,3.444293702269086,6.72354149623513
2000-09-01,sz000901,20.75,20.99,21.23,20.75,2005,4158766.25,2.27,-0.8,-0.17,0.67,3.302114376956201,-0.09686668970193013,21.628,21.408666666666665,21.426422773634158,3.3401791572858075,3.3182771668607036,3.333733688700187,21.685,21.60909090909091,21.572634755969588,3.418107146552805,3.3588847685541086,3.36956422771825,21.5865,21.63947619047619,21.64288906892528,3.414461957789495,3.402902272811399,3.40040569268388,21.602666666666664,21.610688172043012,21.692755891489554,3.389751583645776,3.406148146359015,3.4138260976124526,21.926166666666667,21.791721311475413,21.74300802042668,3.421932140358447,3.429447232872667,3.4396320850457127,6.618964510846292
2000-09-04,sz000901,21.01,21.33,21.35,20.87,1528,3179914.75,2.29,1.62,0.34,0.51,3.184123354239671,-0.11799102271652995,21.456,21.30933333333333,21.394281849089438,3.272046738269497,3.2662585658453254,3.2838635772133484,21.655,21.544545454545457,21.5285193457933,3.3925546390204246,3.3163422608608113,3.335847705267599,21.5955,21.61504761904762,21.613090109980014,3.4060783101566274,3.380965262949511,3.3798073747368127,21.599333333333334,21.593096774193548,21.669352285587003,3.376238935578306,3.392881808977977,3.3990065657819506,21.92,21.772174863387978,21.72946677385531,3.422291456153724,3.4216502234917234,3.431254749609449,6.50241547718542
2000-09-05,sz000901,21.35,20.81,21.45,20.8,1197,2505539.0,3.05,-2.44,-0.52,0.4,3.0780941504064105,-0.10602920383326042,21.208,21.093999999999998,21.19952123272629,3.231231812689851,3.201607703224296,3.2152737682777026,21.568,21.390909090909087,21.397879464739972,3.312488902043765,3.2591676265673546,3.2889834225655648,21.5815,21.540238095238095,21.536605337600964,3.394758491288274,3.3497286763066336,3.351072781943441,21.573666666666664,21.54217204301075,21.613910202645908,3.3712887437516077,3.373646661547531,3.378302538983529,21.9015,21.735781420765026,21.699320322253495,3.4198940986633644,3.4103650659262374,3.4196757135700055,6.398901167147533
2000-09-06,sz000901,20.85,20.47,21.03,20.45,1756,3577617.75,2.79,-1.63,-0.34,0.59,3.244524511570084,0.16643036116367327,20.951999999999998,20.848000000000003,20.956347488484194,3.2415674919660993,3.2060386028510406,3.22502401604183,21.434999999999995,21.191272727272725,21.229174107514524,3.2770076399015244,3.2468104646630485,3.2808999842027498,21.5325,21.43438095238095,21.435023876877064,3.3861526914998636,3.335420678238235,3.340925327622169,21.531999999999996,21.470967741935485,21.54010954441069,3.3736085076863294,3.3654683239874332,3.3696716985052424,21.8785,21.688846994535517,21.659014737917314,3.42005666893685,3.4046152433985895,3.413933051209352,6.553593936585184
2000-09-07,sz000901,20.57,20.63,20.99,20.48,1279,2608585.0,2.49,0.78,0.16,0.43,3.106870544478654,-0.13765396709142985,20.846,20.740666666666662,20.8475649923228,3.183145387530204,3.161139620355225,3.1856395255207715,21.326,21.04490909090909,21.1202333606937,3.2529616928176948,3.2158764473134354,3.2492582678892776,21.4755,21.34842857142857,21.358354936222106,3.3662726755990753,3.3088223785219286,3.318634395894215,21.491666666666667,21.412774193548383,21.481392799610003,3.3726135069304046,3.348259423135325,3.352716785342237,21.857499999999998,21.647912568306015,21.62527654978888,3.418854895556608,3.3943468458753694,3.4038654280378537,6.41640499265108
2000-09-08,sz000901,20.93,20.82,21.14,20.65,1098,2259579.75,2.38,0.92,0.19,0.37,3.040602340114073,-0.06626820436458081,20.811999999999998,20.732000000000003,20.838376661548534,3.1308429801617783,3.113625271216515,3.137293797051872,21.22,20.95290909090909,21.065645476931206,3.235511068723793,3.177265655912777,3.211320826475604,21.445,21.285999999999998,21.307083037534287,3.349292230519199,3.2778061560947855,3.2921551524865826,21.453,21.369440860215057,21.43872229640936,3.3697300916553794,3.3268393478568523,3.3325803695210654,21.834833333333336,21.613896174863388,21.598874039959732,3.413143657051715,3.3819451227461057,3.391955162860025,6.354027674002568
2000-09-11,sz000901,21.05,20.84,21.05,20.66,846,1741960.25,1.87,0.1,0.02,0.28,2.9273703630390235,-0.11323197707504962,20.714,20.741333333333333,20.83891777436569,3.079492381921649,3.0458010655089303,3.0673193190475896,21.085,20.88381818181818,21.024619026580076,3.1757695600955733,3.121240073061001,3.159693469487135,21.425,21.228380952380952,21.262598938721496,3.326568908671233,3.237623121096674,3.2574137439677675,21.413666666666664,21.32989247311828,21.400095051479724,3.35812438080997,3.298300010526765,3.306437788457708,21.816666666666666,21.58127868852459,21.573992923895478,3.409395024029315,3.3660181294997886,3.3767228743413034,6.2410382405668114
2000-09-12,sz000901,20.8,20.86,20.88,20.79,1162,2392921.25,0.43,0.1,0.02,0.39,3.065206128054312,0.13783576501528838,20.723999999999997,20.790000000000003,20.845945182910462,3.0769147774512295,3.0410389808864844,3.0666149220498307,20.966,20.84290909090909,20.994688294474606,3.1540732950705404,3.1011376308716803,3.142513952862985,21.407,21.17457142857143,21.224256182652784,3.3147343292141884,3.212731427704586,3.2391082567379144,21.38233333333333,21.294172043010754,21.365250209448774,3.3567468899510344,3.2794020587360775,3.2908744555284564,21.80233333333333,21.549912568306006,21.550583319833333,3.4065185429423215,3.3547332476645426,3.366509210528615,6.378928406405661
2000-09-13,sz000901,20.86,20.9,21.18,20.81,1252,2594621.25,1.77,0.19,0.04,0.42,3.097604328874411,0.03239820082009892,20.810000000000002,20.848666666666666,20.86396345527364,3.047530740912095,3.0479354980275444,3.076944724324691,20.881,20.830909090909092,20.977472240933768,3.144549116439097,3.0908705461087482,3.1343485666832445,21.3495,21.126285714285718,21.193374641447758,3.2750962895855027,3.1920523800531786,3.225631692179485,21.360666666666663,21.263053763440862,21.33523406690369,3.350900325178057,3.262683183827908,3.2784054150991633,21.780666666666665,21.52032786885246,21.52925271918306,3.4009827437568547,3.34460491277707,3.357692657031756,6.4140739706468715
2000-09-14,sz000901,20.85,20.96,21.15,20.76,1155,2393694.5,1.87,0.29,0.06,0.39,3.062581984228163,-0.03502234464624765,20.875999999999998,20.898666666666667,20.895975636849094,3.0386730288619965,3.052952579132901,3.072157144292515,20.860999999999997,20.84527272727273,20.9742954698549,3.1109092081961003,3.075967431161305,3.121300097145957,21.307499999999997,21.089190476190474,21.171148485119403,3.2601578875792967,3.171812922400099,3.2101031485650737,21.357666666666667,21.237204301075266,21.311025417426034,3.322666074302657,3.2440820005408177,3.2644813227849054,21.76383333333333,21.493420765027317,21.510588695603285,3.3989381307390474,3.333509805907277,3.3480168972677036,6.379068721913984
2000-09-15,sz000901,20.98,20.99,21.07,20.8,1212,2503805.75,1.29,0.14,0.03,0.4,3.0835026198302673,0.02092063560210411,20.91,20.936666666666664,20.92731709123273,3.0472530848052353,3.0678957761223247,3.075938969471766,20.860999999999997,20.868727272727266,20.97715083897219,3.089048032483507,3.0709844150947903,3.1144278285431035,21.273,21.058952380952377,21.153896248441367,3.253577589518156,3.154988611185905,3.198045955352235,21.344666666666665,21.213483870967742,21.290314100172743,3.3059906493541655,3.2286521002522766,3.2528052774329934,21.736833333333333,21.468049180327863,21.493520213780226,3.3872315239298127,3.3231676580086282,3.3393442980074597,6.398600632455526
2000-09-18,sz000901,20.95,20.51,20.95,20.43,1339,2743591.25,2.48,-2.29,-0.48,0.45,3.126780577012009,0.043277957181741655,20.844,20.803333333333335,20.788211394155155,3.0871351275998324,3.094404940191249,3.092886171985181,20.779,20.804909090909092,20.89221432279543,3.0833137547607405,3.0778448777363367,3.116673782810177,21.217,20.986285714285714,21.092572796208856,3.2379341968905826,3.142912705232939,3.1912587764626896,21.32333333333333,21.159634408602145,21.23997125500031,3.298490125024665,3.2170901601011703,3.244674651599382,21.702833333333334,21.427825136612025,21.461273649393988,3.37802073526981,3.314628282699847,3.3323749956797397,6.438319409114727
2000-09-19,sz000901,20.45,20.1,20.55,19.85,2085,4161604.75,3.41,-2.0,-0.41,0.7,3.3191060593097763,0.19232548229776736,20.692,20.555333333333333,20.55880759610344,3.1379151138509256,3.1717285840945637,3.1682928010933793,20.708000000000002,20.681454545454546,20.748175355014443,3.1074149456510773,3.1207162058361613,3.1534796512646492,21.137999999999998,20.879904761904765,20.998042053712776,3.209951923847421,3.150643358796671,3.203434708162412,21.290333333333333,21.080709677419357,21.166424722419645,3.298977309409208,3.2184202203776286,3.2494766779032784,21.666999999999998,21.375273224043717,21.416641726463038,3.3773009372922362,3.3126966539798466,3.3319399485856422,6.619260830549993
2000-09-20,sz000901,20.13,20.35,20.43,20.05,1349,2694722.25,1.89,1.24,0.25,0.45,3.1300119496719043,-0.189094109637872,20.582,20.441333333333333,20.489205064068962,3.144396638010424,3.16909419603489,3.1555325172862214,20.696,20.616363636363637,20.675779835920906,3.0959636894612594,3.124824752021766,3.1492127964296044,21.0655,20.80485714285714,20.936323762882985,3.186485664681392,3.143030027922813,3.196442064496649,21.253666666666668,21.020043010752687,21.113752159682896,3.2894230241536624,3.207519229426835,3.2417692760818997,21.633166666666668,21.332092896174863,21.381669866579003,3.373659476948704,3.304588818320164,3.325319358457323,6.4305140082950505
2000-09-21,sz000901,20.45,20.14,20.45,20.14,903,1804581.0,1.52,-1.03,-0.21,0.3,2.9556877503135057,-0.1743241993583986,20.418,20.294,20.372803376045976,3.1230177912274923,3.1061912334692505,3.088917594961983,20.647,20.515272727272727,20.57836532029892,3.0808454100447444,3.0993200358130832,3.1140264244084954,20.9865,20.716714285714286,20.860483404513175,3.16690355143122,3.1210492741734903,3.1735130821934927,21.199333333333335,20.948193548387096,21.050929439703356,3.2711302537476312,3.185987921437147,3.223312403451681,21.583666666666666,21.283136612021863,21.34095937915018,3.3574844719688093,3.290884827282944,3.3132002893378534,6.256376380473403
2000-09-22,sz000901,20.1,20.02,20.21,19.97,1110,2199848.0,1.19,-0.6,-0.12,0.37,3.0453229787866576,0.08963522847315186,20.224,20.161333333333335,20.25520225069732,3.115381863018771,3.0802929626556392,3.0743860562368748,20.567,20.401272727272726,20.476844352971845,3.081317473912003,3.0928614119479767,3.1015348888408885,20.8935,20.624666666666663,20.78043736598811,3.158414271317898,3.109470172016866,3.161304500916651,21.15233333333333,20.87210752688172,20.984417862948305,3.2599673116501333,3.1714197101493427,3.211829214763615,21.53983333333333,21.231868852459016,21.297649235571484,3.3472650485934365,3.280650024227792,3.3044174266968307,6.342392673985026
2000-09-25,sz000901,20.0,20.01,20.1,19.97,1020,2018428.25,0.65,-0.05,-0.01,0.34,3.0086001717619175,-0.03672280702474007,20.124000000000002,20.09,20.173468167131546,3.091745781968752,3.0446990655700215,3.0524574280785557,20.484,20.3,20.391963561522417,3.0894404547842926,3.0796400842843252,3.0846376675538028,20.7845,20.540523809523812,20.707062378751147,3.1326050074399325,3.0952021625353434,3.1467612314733433,21.11133333333333,20.798408602150538,20.921552194370996,3.247526090708919,3.155202475317844,3.198717663602215,21.508,21.18171038251366,21.255431227847826,3.3392917699822715,3.269546257774299,3.294718500305522,6.305013315954453
2000-09-26,sz000901,20.05,20.1,20.13,20.01,608,1206618.25,0.6,0.45,0.09,0.2,2.783903579272735,-0.2246965924891824,20.124000000000002,20.082,20.1489787780877,2.9847052859613443,2.9420849980046824,2.9629394784766157,20.408,20.230181818181816,20.33887927760925,3.0613101999061345,3.024087925100405,3.02995874241179,20.687,20.475333333333335,20.64924691410818,3.1076917474883374,3.0619925027098964,3.11220335983519,21.074,20.73316129032258,20.868548826992225,3.230259619444837,3.1252913455477684,3.1719554646132164,21.479166666666668,21.13554644808743,21.21754823677085,3.3322700902376807,3.2513368088985772,3.2779704701077255,6.081569889697736
2000-09-27,sz000901,20.15,20.34,20.34,20.11,576,1152555.75,1.14,1.19,0.24,0.19,2.760422483423212,-0.023481095849523292,20.122,20.154,20.212652518725136,2.9107873927116055,2.867324063825305,2.8954338134588147,20.352,20.21781818181818,20.33908304531666,3.027592015361015,2.9693810675580563,2.980952149868412,20.6165,20.442285714285713,20.619794827050256,3.086070565900056,3.0289192394655986,3.0787004192245258,21.017,20.685806451612905,20.834448902670147,3.1925948648440063,3.094979272256051,3.1454049496977325,21.452166666666663,21.098196721311478,21.1887761634341,3.3265356797728614,3.2325877070358064,3.2610016836590527,6.061661941724838
2000-09-28,sz000901,20.35,20.37,20.54,20.3,1212,2445755.75,1.18,0.15,0.03,0.4,3.0835026198302673,0.32308013640705546,20.168,20.236666666666668,20.265101679150092,2.9363503666149575,2.924895806198192,2.9581234155826324,20.293,20.22109090909091,20.344704309804538,3.0296840789212256,2.9795466320070108,2.999597689861477,20.576999999999998,20.41880952380952,20.596004843521662,3.0702966435586623,3.028674673173238,3.0791577716631675,20.969333333333335,20.644064516129035,20.80448445733659,3.1833332846932736,3.087941062900325,3.141411250996606,21.427000000000003,21.062715846994532,21.161931043321506,3.3264230892211777,3.224619409988509,3.255182042222043,6.388413083230198
2000-09-29,sz000901,20.6,20.53,20.72,20.35,1328,2710523.0,1.82,0.79,0.16,0.44,3.1231980750319988,0.039695455201731455,20.270000000000003,20.357333333333333,20.353401119433396,2.951925385864026,2.987178375670539,3.013148302065755,20.247000000000003,20.26418181818182,20.378394435294624,3.0336536244413983,2.9965491767544243,3.022070487165208,20.554,20.414333333333335,20.58971866794817,3.0613508284624524,3.033712904742127,3.083352086269723,20.931,20.615720430107526,20.786775782669714,3.1802696011592366,3.0840613719544367,3.140236207385986,21.401333333333337,21.03330601092896,21.141211992720798,3.325796914440692,3.2179562947691913,3.250854699035484,6.433053096815176
2000-10-09,sz000901,20.55,20.48,20.65,20.25,814,1646514.0,1.95,-0.24,-0.05,0.27,2.910624404889201,-0.2125736701427976,20.364,20.42733333333333,20.395600746288935,2.932330232489483,2.973411382012264,2.9789736696735702,20.244,20.306545454545454,20.396868174331964,3.0120380072291177,2.974180227744934,3.0018075631150247,20.5115,20.407285714285713,20.579269271000726,3.0476758809949294,3.01935800725896,3.0669018309001492,20.892666666666667,20.586623655913982,20.766983796691022,3.1626354670034273,3.06666490767895,3.1254225427087743,21.370166666666666,21.003098360655734,21.11953291099225,3.318335393854142,3.204344081341274,3.2396996074241304,6.216565427788223
2000-10-10,sz000901,20.56,20.67,20.7,20.38,746,1517162.25,1.56,0.93,0.19,0.25,2.8727388274726686,-0.037885577416532534,20.478,20.529333333333334,20.487067164192624,2.9500972821294695,2.953547580339993,2.943562055606603,20.301000000000002,20.384000000000004,20.446528506271605,2.967401284045407,2.9488531041528523,2.97834052027096,20.5045,20.42238095238095,20.587910292810182,3.037408114848242,3.002697335494936,3.048410116288008,20.858999999999998,20.57225806451613,20.760726777549667,3.1291017105800827,3.047961898676966,3.1091203675322516,21.3355,20.980142076502727,21.10479412702529,3.307288586325742,3.1897343578533564,3.2276681064421155,6.1810320280587945
2000-10-11,sz000901,20.73,20.7,20.8,20.46,924,1884893.62,1.64,0.15,0.03,0.31,2.9656719712201065,0.09293314374743789,20.55,20.603333333333335,20.558044776128416,2.9911471796888485,2.9587391433702046,2.950932027477771,20.336000000000002,20.456545454545456,20.492614232404037,2.950967286200227,2.948538683639161,2.976037147716259,20.516000000000002,20.441,20.598585503018736,3.023465487830743,2.9958653218160647,3.040530292948208,20.822333333333336,20.562000000000005,20.756808920933562,3.1079795385210036,3.03741804452471,3.0998656322863067,21.307666666666666,20.95930601092896,21.091522188434297,3.299402141522401,3.178533813095795,3.2190780692217213,6.275286844435345
2000-10-12,sz000901,20.65,20.65,21.05,20.42,583,1189211.38,3.04,-0.24,-0.05,0.19,2.765668554759014,-0.20000341646109243,20.606,20.636666666666667,20.588696517418946,2.927580366674598,2.883579601726927,2.889177536571519,20.387,20.513636363636362,20.521229826512393,2.931965366644778,2.9148480051953043,2.9377883126331232,20.517000000000003,20.453761904761905,20.603482121778853,3.0064053883447612,2.971313232952091,3.014352984549237,20.78666666666667,20.5508817204301,20.749918022808817,3.088590823169072,3.015333464927162,3.0783045305103527,21.265666666666668,20.93774316939891,21.07704605110858,3.2798113886510993,3.1610343512347003,3.2042121835016326,6.0752590564760185
2000-10-13,sz000901,20.43,20.68,20.87,20.43,1116,2288580.0,2.13,0.15,0.03,0.37,3.04766419460156,0.28199563984254583,20.636000000000003,20.66133333333333,20.61913101161263,2.91247359058851,2.923607544369247,2.9420064225815326,20.453000000000003,20.566909090909093,20.550097130782866,2.932199488226268,2.935884155732901,2.9577657457182935,20.51,20.469285714285714,20.610769538752297,3.0067584810691352,2.9752426430717858,3.0175254807446965,20.746666666666666,20.544,20.745407182627606,3.083009343620688,3.012693037277645,3.0763277346452695,21.221,20.91854098360656,21.064028147793547,3.263892228907381,3.1534229678232397,3.199079462554089,6.359566098302009
2000-10-16,sz000901,20.7,20.55,20.86,20.46,840,1710964.38,1.93,-0.63,-0.13,0.28,2.9242792860618816,-0.12338490853967832,20.65,20.63266666666667,20.59608734107509,2.9152045668230464,2.9275427761937047,2.9360973770749825,20.506999999999998,20.584545454545456,20.550079470640526,2.9237673996562643,2.9344441189757395,2.9516772985080366,20.4955,20.47309523809524,20.60498196363303,3.0066039272202785,2.967387481642524,3.008644890774905,20.692,20.531311827956987,20.73280026761937,3.0629924715120427,3.0024523884028835,3.0665181573173093,21.18916666666667,20.896540983606556,21.047174765898674,3.2475877706865126,3.1422881172381416,3.1900696207018857,6.233240968202425
2000-10-17,sz000901,20.55,20.74,20.75,20.39,877,1778046.38,1.75,0.92,0.19,0.29,2.9429995933660407,0.01872030730415908,20.663999999999998,20.662666666666667,20.644058227383397,2.92925672000172,2.9368077850413696,2.9383981158386687,20.571,20.62690909090909,20.58461047597861,2.939677001065595,2.9379408814684265,2.950099533936765,20.4895,20.496380952380953,20.61784082423941,3.000493600485865,2.961329926037358,3.0023929576883464,20.648333333333333,20.534408602150542,20.73326476648264,3.05168683201409,2.9947109123934634,3.0585492177075504,21.168000000000003,20.88181420765028,21.037103462098717,3.23047074281214,3.132301619621077,3.1819689640679236,6.249943085270505
2000-10-18,sz000901,20.75,21.13,21.25,20.71,3023,6285800.5,2.6,1.88,0.39,1.01,3.480438147177817,0.5374385538117763,20.75,20.817999999999998,20.8060388182556,3.0322099551932626,3.1205349274334018,3.1190781262850518,20.65,20.728545454545454,20.683772207618865,3.0116785674410553,3.0362610898524665,3.0465247363442285,20.500999999999998,20.557380952380953,20.66661788859756,3.019635291401035,3.007038930484211,3.0479210709730578,20.627666666666666,20.56548387096774,20.75886058799989,3.061273233080389,3.0223722875653167,3.0857678583185355,21.148666666666667,20.88056830601093,21.040149250226627,3.2279844878421344,3.14049727222323,3.191754838923986,6.798360593174713
2000-10-19,sz000901,21.13,20.93,21.25,20.9,1398,2914909.5,1.66,-0.95,-0.2,0.47,3.1455071714096627,-0.3349309757681542,20.806,20.877999999999997,20.847359212170403,3.1081776785233926,3.158300666172202,3.1278878079932557,20.706,20.779454545454545,20.728540897142707,3.017879022598995,3.0605935633013046,3.064521542719762,20.4995,20.598238095238095,20.691701899207317,3.02378155076011,3.0190267285802697,3.0572149853003534,20.62,20.584989247311828,20.769901840386996,3.0528241032387737,3.027806735199463,3.0896220075502216,21.127166666666668,20.873398907103827,21.03653779939952,3.2246468458137207,3.1377930979139683,3.190238521956303,6.464625075643664
2000-10-20,sz000901,21.05,21.96,22.05,20.92,7961,17102974.0,5.4,4.92,1.03,2.65,3.9009676239191244,0.7554604525094617,21.061999999999998,21.262666666666668,21.21823947478027,3.2788383643869055,3.4225639813041124,3.3855810799685457,20.848999999999997,21.007454545454543,20.952442552207668,3.095655977487708,3.221155127177691,3.216602648392373,20.548000000000002,20.737333333333336,20.812492194520907,3.0646548009645533,3.1025682593573194,3.137572379454522,20.652333333333335,20.671440860215053,20.846682366813646,3.0727858781375375,3.0825256720175505,3.141966886025635,21.1275,20.900704918032787,21.066815248599536,3.2312687308916566,3.1599675496551294,3.2135411154632805,7.233071635508328
2000-10-23,sz000901,22.23,22.17,22.7,21.9,13609,30050214.0,3.64,0.96,0.21,4.54,4.133826214076394,0.2328585901572695,21.386,21.632,21.53549298318685,3.5207477499898077,3.707559931200609,3.634996124671162,21.018,21.24763636363636,21.173816633624455,3.217976158406427,3.409913352011998,3.3833705694258316,20.631,20.891809523809517,20.941778652185583,3.115007082817772,3.204394108225114,3.2324536970375575,20.680333333333333,20.76935483870968,20.93205769798696,3.104442640132095,3.1509798872394126,3.205957810416007,21.139833333333332,20.934885245901636,21.102985240448728,3.2403407878552004,3.1895595982841383,3.2437143973850215,7.477847569140362
2000-10-24,sz000901,22.13,23.11,23.28,22.03,16483,37157140.0,5.64,4.24,0.94,5.49,4.217036258627626,0.08321004455123227,21.86,22.206666666666667,22.0603286554579,3.775555083042125,3.9396561007465483,3.82900950265665,21.261999999999997,21.628,21.525849972965464,3.352405901521922,3.591560642961307,3.534946149280703,20.7815,21.127904761904766,21.148275923406004,3.1599035927836647,3.3093492678260525,3.32622346480804,20.757,20.92610752688172,21.07257010456845,3.1424073770728023,3.222760120690737,3.271188678042563,21.165333333333333,20.999480874316937,21.168789003056965,3.2568480604122048,3.2215824006045444,3.2756265895569103,7.570042278787191
2000-10-25,sz000901,23.14,22.86,23.43,22.85,15171,34749252.0,2.51,-1.08,-0.25,5.06,4.181014208352207,-0.03602205027541938,22.206,22.540000000000003,22.326885770305267,3.9156702952770024,4.0748091425165756,3.9463444045551697,21.478,21.918545454545455,21.76842270515356,3.4739401252351327,3.742216698748631,3.6524130691118852,20.907,21.325857142857146,21.311297264034003,3.2124537057176803,3.406597897880199,3.4076321070503415,20.836666666666666,21.061784946236557,21.18788816233823,3.173623700298873,3.289767013031344,3.3298870993528626,21.18433333333333,21.055043715846992,21.22423854394034,3.273616103992601,3.2518829300452006,3.3053114295174115,7.540945460558686
2000-10-26,sz000901,22.86,23.44,23.63,22.65,12849,29319002.0,4.29,2.54,0.58,4.28,4.1088693291162315,-0.07214487923597535,22.708,22.95133333333333,22.69792384687018,4.108342726818316,4.139208820462985,4.000519379408857,21.756999999999998,22.27527272727273,22.072345849671095,3.6082602026708543,3.8576583721815587,3.7354051163854023,21.072,21.567095238095238,21.514030857935527,3.270112784657816,3.4919708143943473,3.47441660438995,20.930333333333337,21.229741935483872,21.333185700251892,3.2070236597867923,3.3501054406969795,3.3801440174021122,21.211000000000002,21.129,21.296886460532463,3.289818583358598,3.279268281688598,3.3316575901599954,7.46714918311542
2000-10-27,sz000901,23.6,24.05,24.23,23.2,16747,39208656.0,4.39,2.6,0.61,5.58,4.223937020319982,0.11506769120375093,23.126,23.398666666666667,23.14861589791345,4.172936606098488,4.177740251630207,4.074991926379232,22.094,22.692181818181822,22.431919331549075,3.725887485242697,3.9695996117541275,3.8242290989189622,21.273500000000002,21.850714285714282,21.755551728608335,3.329043486734482,3.582811217790743,3.545799501145191,21.038,21.431010752688174,21.508464042171127,3.2464681491269896,3.4157127542797663,3.4345822756548783,21.2455,21.222081967213114,21.38715247821992,3.3080991203911845,3.3098951156873326,3.360912653443929,7.593381955746075
2000-10-30,sz000901,24.53,24.34,25.36,24.15,48686,119472008.0,5.03,1.21,0.29,16.23,4.687404094749464,0.46346707442948176,23.560000000000002,23.803333333333335,23.545743931942305,4.283652182233102,4.349229414513866,4.279129315835976,22.473000000000003,23.100545454545454,22.778843089449243,3.902199966111455,4.144420813482631,3.9811700072517806,21.490000000000002,22.142761904761908,22.001689659217067,3.41298368288386,3.7121788947445515,3.6545237481551216,21.15466666666667,21.644043010752693,21.691143781385893,3.3051359401840035,3.508676363674765,3.515409489790013,21.28416666666667,21.323540983606556,21.483967151065166,3.331630160496987,3.355118229600718,3.404404176109684,8.0772661630651
2000-10-31,sz000901,24.25,23.52,24.45,23.35,20900,49248028.0,4.52,-3.37,-0.82,6.97,4.320146286111054,-0.36725780863840995,23.642000000000003,23.790000000000003,23.537162621294872,4.304274187729788,4.361394115806516,4.292801639261002,22.750999999999998,23.29090909090909,22.913598891367563,4.039914635385957,4.220411053482557,4.042802057953467,21.661,22.336095238095236,22.146290644053536,3.489795818225776,3.7985753331471415,3.7179163708175915,21.243333333333336,21.796645161290325,21.80913450516745,3.346967278785895,3.574160902121671,3.5673279927784676,21.312833333333334,21.396846994535515,21.550722326440077,3.3518570843684654,3.38752859437495,3.434428507585139,7.692388845069879
2000-11-01,sz000901,23.4,23.8,24.1,23.27,8586,20148334.0,3.53,1.19,0.28,2.86,3.93379088414342,-0.3863554019676343,23.830000000000002,23.842666666666666,23.62477508086325,4.254829522888031,4.237899681277727,4.1731313875551415,23.018,23.481636363636365,23.074762729300733,4.085249909082517,4.201115825983915,4.022981844533458,21.834,22.539809523809524,22.303786773191295,3.5484642382617864,3.840860577520251,3.738475848277194,21.34,21.961591397849464,21.937577440317938,3.374840163961529,3.612020489564092,3.5909707599633034,21.35033333333333,21.478393442622956,21.624469135409257,3.362870244569793,3.4066083910888834,3.4508010445214756,7.304239141567978
2000-11-02,sz000901,23.8,23.58,24.03,23.55,6460,15221379.0,2.02,-0.92,-0.22,2.15,3.8102325179950842,-0.12355836614833571,23.858,23.759333333333334,23.609850053908836,4.195102160663801,4.089700679646745,4.052165097701789,23.282999999999998,23.58381818181818,23.166624051246053,4.1517224437410585,4.151112663968018,3.984300148799208,21.994500000000002,22.70609523809524,22.425330890030217,3.5848007331700273,3.8657908898758033,3.745309816821755,21.427333333333333,22.106107526881722,22.043540186103876,3.399761848420426,3.64011031885658,3.6051166798363217,21.3925,21.55149726775956,21.688584901461414,3.3612139613615417,3.4212760066110244,3.4625856829960204,7.182453999672467
2000-11-03,sz000901,23.7,23.19,23.71,23.15,6061,14050729.0,2.37,-1.65,-0.39,2.02,3.7825442840100103,-0.027688233985073918,23.686,23.53666666666667,23.469900035939226,4.106823613401806,3.9521813874288143,3.9622914931378634,23.406,23.566909090909093,23.17087422374677,4.139880109750147,4.083989362198737,3.947617264292081,22.1275,22.819952380952383,22.49815651955115,3.617768043618927,3.88462360900342,3.7488559565539696,21.500666666666667,22.219827956989246,22.1175053353875,3.4230632372264176,3.664805959862359,3.6165636220410757,21.422666666666668,21.610431693989074,21.737811626003662,3.364526943290292,3.4350901155503175,3.473076128930905,7.147698857512558
2000-11-06,sz000901,23.09,23.26,23.45,22.85,6403,14687237.0,2.59,0.3,0.07,2.13,3.8063835018241674,0.0238392178141571,23.470000000000002,23.39466666666667,23.39993335729282,3.930619494816747,3.8520346835696015,3.910322162699965,23.515,23.540363636363633,23.18707891033827,4.107135838524925,4.023353615303103,3.9219383983888236,22.2665,22.927809523809522,22.57071304149866,3.662555998465676,3.9025869859753475,3.7543347703892267,21.592333333333332,22.333333333333332,22.191214668588305,3.44571666805349,3.6895362995138266,3.6288100658980493,21.457833333333333,21.670672131147537,21.787719441544525,3.372103396539077,3.4495772158301174,3.484004239517569,7.166940102902866
2000-11-07,sz000901,23.31,24.26,24.32,23.27,7807,18495892.0,4.51,4.3,1.0,2.6,3.8924841793646876,0.0861006775405202,23.618000000000002,23.658,23.686622238195213,3.845087073467474,3.8393229117522485,3.9043761682548728,23.630000000000003,23.675818181818183,23.382155472094944,4.074680630598631,3.984326040910333,3.9165830858389805,22.446,23.11766666666667,22.731597513736883,3.7135432660602765,3.92448490796573,3.7674918569583182,21.731,22.505440860215057,22.324684689969708,3.4648292720553204,3.718360009921002,3.6458212990249295,21.51066666666667,21.76254644808743,21.868777820510278,3.381903290732264,3.4666388808407933,3.497397024430589,7.267075280843971
2000-11-08,sz000901,24.3,24.33,24.93,24.13,9399,22796630.0,3.3,0.29,0.07,3.13,3.9730816496013674,0.08059747023667985,23.724,23.895333333333333,23.901081492130142,3.8529452265590636,3.8819877704635464,3.927277995370371,23.777,23.803090909090912,23.554490840804952,4.053887374723547,3.9658534989108314,3.9268555519775963,22.6275,23.29709523809524,22.88382632195242,3.76391374997934,3.9492028492553577,3.7870718372100374,21.863666666666667,22.67311827956989,22.454059871261986,3.492931595386302,3.751150485891714,3.6669348700298614,21.558666666666667,21.854983606557383,21.94947362967387,3.391177309769982,3.486021777852894,3.5129932416493026,7.357870650483883
2000-11-09,sz000901,24.41,24.39,24.55,24.15,6048,14532459.0,1.64,0.25,0.06,2.02,3.78161178249315,-0.19146986710821734,23.886000000000003,24.11733333333333,24.064054328086762,3.8472210794586763,3.8582099557749086,3.878722591077964,23.872,23.914545454545458,23.706401597022232,4.021161620061239,3.916348845778031,3.900447593889515,22.814500000000002,23.464952380952383,23.027271434147426,3.8147109113660465,3.9508883761614344,3.7865518319989055,22.005333333333333,22.836107526881726,22.578959234406376,3.5204623964589574,3.769775014092156,3.674333380511364,21.602333333333334,21.947814207650275,22.02949088771735,3.395796325103294,3.4988229081061135,3.521800406922871,7.16233910636788
2000-11-10,sz000901,24.5,24.04,24.73,23.95,6394,15362631.0,3.2,-1.44,-0.35,2.13,3.8057726319356693,0.024160849442519172,24.056,24.168666666666663,24.056036218724508,3.8518667490438085,3.8443938066005723,3.854405938030533,23.871,23.945090909090908,23.7670558521091,3.979345181222807,3.877187211573382,3.883233964443361,22.982499999999998,23.58166666666667,23.123721773752436,3.8526163332327528,3.950037111453779,3.7883823843738353,22.139333333333337,22.96737634408602,22.673219928960805,3.545810718230591,3.788182126058395,3.6828133322161585,21.645833333333332,22.027737704918035,22.0954092192676,3.4028890149403623,3.512264754231765,3.531110971677389,7.186465599219787
2000-11-13,sz000901,24.03,24.25,24.55,23.71,9692,23203320.0,3.49,0.87,0.21,3.23,3.9864134054654685,0.18064077352979924,24.253999999999998,24.233333333333334,24.120690812483005,3.8878727297720688,3.8892426920744594,3.8984084271755117,23.862000000000002,24.014,23.854863878998355,3.909246112294408,3.8784723432538666,3.9019938628110165,23.167499999999997,23.702380952380956,23.230986366728395,3.905723039202931,3.962779689761658,3.8072424816206576,22.28066666666667,23.103548387096772,22.774947675479467,3.5784044926873757,3.8166081058800008,3.702400433716114,21.696,22.113120218579237,22.16605153994735,3.4129652916981477,3.531396701462096,3.5460389203261786,7.36555012948238
2000-11-14,sz000901,24.15,23.86,24.3,23.71,8206,19402038.0,2.43,-1.61,-0.39,2.74,3.914131512630894,-0.07228189283457453,24.174,24.102,24.03379387498867,3.89220219642531,3.8979956196940675,3.9036494556606396,23.896,24.01363636363636,23.855797719180472,3.868644634946392,3.8793605978605,3.9042007082328123,23.323500000000003,23.76833333333333,23.290892427039978,3.9542796351661744,3.963580496754796,3.8174223893359183,22.406,23.205440860215056,22.844951051254988,3.6160787571326476,3.8382679136182913,3.7160605033235194,21.74,22.184071038251364,22.221590833719567,3.423169188288742,3.547828380836941,3.5581075299099396,7.287847350840908
2000-11-15,sz000901,24.05,23.63,24.05,23.56,5211,12206061.0,2.05,-0.96,-0.23,1.74,3.7169210731667612,-0.19721043946413275,24.034,23.920666666666666,23.899195916659114,3.8409700811383884,3.8395685786078855,3.8414066614960136,23.878999999999998,23.965272727272726,23.814743588420384,3.846957653848726,3.851774495718749,3.87014986549353,23.448500000000003,23.797523809523806,23.3231883863695,3.966103781465621,3.9409749194215196,3.807850835415046,22.515666666666668,23.28440860215054,22.89559937052886,3.6479620434574325,3.8447738694914593,3.7161160239585675,21.766333333333332,22.24603825136612,22.26776818343368,3.4202784541507194,3.557459590177203,3.563314531328196,7.086575536020148
2000-11-16,sz000901,23.63,23.78,23.95,23.55,3209,7555477.0,1.69,0.63,0.15,1.07,3.506369717095504,-0.21055135607125708,23.912,23.836,23.859463944439412,3.7859216680588594,3.7280351239269236,3.7297276800291774,23.899,23.947272727272725,23.80842657234395,3.816571373758768,3.789849416309073,3.804008020330252,23.591,23.829095238095242,23.366694254334313,3.9841469087499135,3.897190722814841,3.7791383479560423,22.62933333333333,23.365978494623658,22.952657475656032,3.6620576133662737,3.8356388806939163,3.702584004160951,21.799333333333333,22.312060109289618,22.31734955446864,3.422695449029774,3.560282254536049,3.5614474882385996,6.878261887858163
2000-11-17,sz000901,23.77,24.27,24.65,23.76,6841,16457338.0,3.74,2.06,0.49,2.28,3.8351195904245494,0.32874987332904526,23.958000000000002,23.955333333333336,23.996309296292942,3.7917910597566356,3.7444344313821536,3.7648583168276346,24.007,24.014727272727274,23.89234901373596,3.821828904400222,3.793221819339214,3.8096646694383063,23.7065,23.893761904761902,23.45272337296914,3.980854507075185,3.882997644879093,3.7844698948578053,22.754,23.47182795698925,23.03764731593629,3.6857883305460257,3.8468041695363855,3.7111346871456994,21.842499999999998,22.39306557377049,22.381370880551636,3.433028965852631,3.573804357532598,3.570420344047975,7.216359588749543
2000-11-20,sz000901,24.48,24.46,24.5,23.86,3340,7985119.5,2.64,0.78,0.19,1.11,3.5237464668115646,-0.31137312361298486,24.0,24.122666666666667,24.150872864195296,3.6992576720258548,3.6550862337337966,3.6844877001556116,24.127,24.097090909090912,23.995558283965785,3.7935652008989615,3.739025012504913,3.757679541687989,23.821,23.96552380952381,23.548654480305412,3.950350519711943,3.839463545806367,3.7596390921867346,22.886666666666667,23.58189247311828,23.129412005230723,3.7062257326101045,3.836349855747066,3.699045124543497,21.889666666666663,22.478885245901637,22.44952265495978,3.434430599806766,3.576778701826335,3.5688900529910432,6.9022814198861795
2000-11-21,sz000901,24.55,24.2,24.6,24.17,3322,7997683.5,1.76,-1.06,-0.26,1.11,3.521399628115376,-0.00234683869618868,24.068,24.189333333333334,24.1672485761302,3.6207112951227507,3.5958002190969705,3.6301250094755333,24.121000000000002,24.11036363636364,24.032729505062917,3.75645674577403,3.689540362907898,3.7147195574020593,23.8755,24.001619047619048,23.610687386942992,3.915568688186331,3.7986110799400263,3.736949619418034,23.00433333333333,23.666623655913977,23.198482198441646,3.7278477592981947,3.824425590940954,3.687584124773941,21.93166666666667,22.554633879781424,22.50691535479716,3.428474734939139,3.5796301453774366,3.5673329898803656,6.902964213385489
2000-11-22,sz000901,24.15,24.76,24.97,24.1,7415,18102028.0,3.6,2.31,0.56,2.47,3.870111155364401,0.3487115272490251,24.294000000000004,24.42,24.364832384086803,3.6513493115622793,3.6789335058441868,3.7101203914384895,24.163999999999998,24.226545454545455,24.164960504142385,3.746159696350334,3.7102048010152373,3.7429725752133938,23.9705,24.08585714285714,23.720145731043658,3.9000235355369406,3.794281791099843,3.7496316704605452,23.139666666666663,23.779892473118277,23.299225282413154,3.757995732103004,3.8336038745581287,3.6993600622313902,21.981,22.647366120218578,22.58078698250873,3.432987635312004,3.5941100280143297,3.577260142847055,7.2577272323206525
2000-11-23,sz000901,25.15,27.21,27.21,25.06,30299,80063744.0,8.68,9.89,2.45,10.1,4.481428295114561,0.6113171397501604,24.979999999999997,25.392,25.313221589391205,3.8463610271660906,3.9556265003616145,3.9672230259971806,24.446,24.78036363636364,24.718604048843765,3.816141347612475,3.843890000790551,3.8772372515590607,24.159,24.394380952380956,24.052512804277598,3.9186514838368565,3.849653672964379,3.819326587094261,23.358333333333334,24.042494623655916,23.55153332870908,3.8151877234481897,3.88027694313952,3.7498160772561113,22.0725,22.818808743169402,22.73256445849205,3.451889273308631,3.628485131614413,3.6069050002984486,7.90343589504365
2000-11-24,sz000901,27.11,25.22,27.11,24.78,34468,88976000.0,8.56,-7.31,-1.99,11.49,4.537416084273535,0.05598778915897373,25.169999999999998,25.471999999999998,25.282147726260806,3.986820325935888,4.185978186064096,4.157287378755965,24.564,24.92109090909091,24.809766949053987,3.8893056928462615,3.975030862001654,3.997269766598056,24.217499999999998,24.495428571428565,24.163702061013062,3.934325437034535,3.9085836349107295,3.8877160630160965,23.509666666666668,24.162602150537637,23.65917633976011,3.8648461197705886,3.926872321257284,3.800628980934655,22.12816666666667,22.922005464480872,22.814119722148046,3.4739277316956385,3.6640761745968695,3.637413560428779,7.949272877732825
2000-11-27,sz000901,25.05,25.42,25.73,24.78,11825,29515248.0,3.77,0.79,0.2,3.94,4.072801149409849,-0.4646149348636861,25.362000000000002,25.555333333333337,25.32809848417387,4.096631262455544,4.214638460555417,4.12912530230726,24.681,25.076727272727272,24.92071841286235,3.8979444672406998,4.0083936722859415,4.011002745291108,24.2715,24.609952380952382,24.283349483773723,3.9035952897675537,3.9217717979940923,3.905343214101216,23.672,24.28584946236559,23.7727778662272,3.903130181882188,3.9402887747823976,3.81818847567499,22.182,23.029934426229506,22.899558419782537,3.4830613266971153,3.6837113686202865,3.651688563346191,7.4700464367043935
2000-11-28,sz000901,25.05,25.65,25.68,24.89,5694,14312614.0,3.11,0.9,0.23,1.9,3.7554174628109362,-0.3173836865989128,25.651999999999997,25.651333333333334,25.435398989449247,4.143434829394656,4.100900527340547,4.004556022475152,24.86,25.252909090909093,25.053315065069192,3.8820730622587036,3.982479671480531,3.9645326939310768,24.378,24.741238095238096,24.413506675795272,3.8753588486025476,3.907659623998224,3.8910645711211895,23.835666666666665,24.4134623655914,23.893888971631903,3.9302107775303505,3.9307589219390904,3.814138732909568,22.242,23.143639344262294,22.98973683224868,3.490948804772221,3.692641078001068,3.655089510869625,7.155718958854183
2000-11-29,sz000901,25.64,26.52,26.91,25.26,19234,50279968.0,6.43,3.39,0.87,6.41,4.284069611710083,0.5286521488991469,26.003999999999998,25.94066666666667,25.796932659632834,4.226226520663793,4.1477787881123565,4.097727218886796,25.149,25.554727272727273,25.319985053238426,3.9387879161130357,4.0555699531989635,4.022630315345442,24.514000000000003,24.945238095238096,24.614125087624295,3.892872784980881,3.946584458579894,3.928493622605846,24.01533333333333,24.586645161290324,24.063315489591137,3.9569984930147597,3.9535885241442354,3.844456854122505,22.3215,23.283901639344258,23.105483165617578,3.5091358630475744,3.7186450388842758,3.6757118092578365,7.701394992613207
2000-11-30,sz000901,27.05,26.13,27.25,26.05,8245,21584420.0,4.52,-1.47,-0.39,2.75,3.9161906599805376,-0.36787895172954554,25.788,25.982666666666667,25.907955106421888,4.113178993636988,4.044433501217938,4.03721503258471,25.384,25.733090909090908,25.467260498104164,3.97977001040154,4.051461361174872,4.003277650733641,24.6415,25.09914285714286,24.75849412689817,3.8981706920801535,3.948805208579862,3.927321911879626,24.188666666666666,24.723075268817205,24.196649974133646,3.9826879426337887,3.950955760722672,3.8490848415972168,22.404333333333334,23.40877049180328,23.204647651990772,3.517756022936281,3.7319910978001114,3.683596361740548,7.334140383120441
2000-12-01,sz000901,25.97,26.04,26.45,25.75,6975,18017952.0,2.68,-0.34,-0.09,2.33,3.8435442119456353,-0.07264644803490228,25.951999999999998,26.066666666666666,25.951970070947926,3.974404619171408,3.954555240654153,3.972658092371685,25.561,25.852363636363638,25.571394952994314,3.9806124725536476,4.02669303418289,3.9742352073176397,24.784,25.232333333333333,24.88054230528882,3.901220688476935,3.9436026866622877,3.919343083314484,24.324666666666666,24.84251612903226,24.315575782254058,3.9807738289013392,3.941978745839566,3.8487273816196956,22.488500000000002,23.527972677595635,23.297610024056645,3.526779853519438,3.742672677767631,3.6888405535505506,7.255705425619427
2000-12-04,sz000901,26.25,26.24,26.64,25.75,4194,10852687.0,3.42,0.77,0.2,1.4,3.622628426129325,-0.22091578581631044,26.115999999999996,26.162666666666667,26.04798004729862,3.884370074515304,3.837296509640126,3.855981536957565,25.738999999999997,25.975818181818184,25.692959506995344,3.9905006684854243,3.9616050257421036,3.9103067016470368,24.933,25.371,25.010014466689885,3.8920329346921925,3.9170700902482296,3.8910845445349453,24.460333333333335,24.966086021505376,24.439732183398956,3.9637339026364367,3.9188725908220157,3.8341403522332205,22.570333333333334,23.650972677595632,23.39408182654659,3.534088271384266,3.745815253918775,3.6866696641269034,7.035537277797393
2000-12-05,sz000901,26.25,26.0,26.62,25.96,3188,8257157.0,2.52,-0.91,-0.24,1.06,3.5035183127240748,-0.11911011340525013,26.186,26.124000000000002,26.031986698199084,3.8339902444979317,3.710345922376382,3.7384937955464017,25.919,26.023272727272726,25.748785051178007,3.988712536946294,3.87306277924004,3.836345176388316,25.02,25.472619047619048,25.10429880319561,3.872584641360162,3.8800686976798384,3.8541734748386722,24.55666666666667,25.06541935483871,24.54039462317967,3.939949971106318,3.8891812624405735,3.81280989807134,22.656833333333335,23.76342076502732,23.479521766659815,3.54117867408956,3.744812960192211,3.680664701785827,6.916830542266426
2000-12-06,sz000901,26.2,25.23,26.25,25.18,8315,20971862.0,4.12,-2.96,-0.77,2.77,3.919862253555538,0.4163439408314633,25.927999999999997,25.805333333333337,25.76465779879939,3.761148772867022,3.7389699253955855,3.798949948216114,25.966,25.897999999999996,25.654460496418366,3.9936876467654074,3.8605445458962664,3.8515300995096293,25.065,25.49261904761905,25.11627034574841,3.8699236715578706,3.884571327412731,3.8604295490021836,24.63566666666667,25.10886021505376,24.58488529265195,3.9312449059464294,3.887885280663104,3.8197165016509658,22.73616666666667,23.8477868852459,23.536914495621787,3.5524343031226513,3.7572288152566693,3.6885072444668006,7.321636991286789
2000-12-07,sz000901,25.23,25.15,25.45,24.76,4235,10479327.0,2.73,-0.32,-0.08,1.41,3.6268534146667255,-0.2930088388888126,25.732,25.546,25.559771865866264,3.7032813238042595,3.6942048059954855,3.7415844370329845,25.759999999999998,25.74963636363636,25.56274040616048,3.908230158720624,3.7938474127874153,3.8106797931745557,25.102999999999998,25.500714285714285,25.119482693772373,3.8621857531665498,3.8614217791373844,3.8381842028749973,24.69266666666667,25.14204301075269,24.621344306029243,3.9151777087981126,3.868247119935381,3.8072737218455313,22.811500000000002,23.926928961748633,23.589802544945663,3.5611006842924526,3.759668786126966,3.686485807424175,7.0203333924214215
2000-12-08,sz000901,25.16,25.15,25.24,24.97,2223,5528441.5,1.07,0.0,0.0,0.74,3.3469394626989906,-0.27991395196773494,25.554,25.351999999999997,25.423181243910843,3.603960373954931,3.5754241856270625,3.6100361122549867,25.752999999999997,25.63872727272727,25.48769669594948,3.78918249656317,3.6917945589653,3.7263633694517253,25.1585,25.505190476190478,25.12238910388929,3.839244094704715,3.8123507038547593,3.791398989524901,24.729333333333333,25.171548387096774,24.6554511249951,3.8859444568774126,3.831586587928986,3.777574737384464,22.883666666666667,24.00360109289617,23.640956559865476,3.5662063030022013,3.75264710673046,3.6753531403840047,6.742602718403291
2000-12-11,sz000901,25.15,24.91,25.65,24.83,2995,7446727.5,3.26,-0.95,-0.24,1.0,3.4763968267253302,0.12945736402633967,25.288,25.137333333333334,25.2521208292739,3.574714054074132,3.532903003217196,3.5654896837451013,25.701999999999998,25.48545454545454,25.38266093304957,3.729542064294717,3.6349244371766023,3.680914907137835,25.191499999999998,25.481523809523807,25.10216157018555,3.813743265767709,3.7777938211900555,3.76139878354399,24.74833333333333,25.18320430107527,24.67187363305993,3.8455775479432748,3.805164160177238,3.7581439044387137,22.9515,24.070038251366118,23.68256454150923,3.57535674406364,3.749702533737775,3.66882998255913,6.871965461885318
2000-12-12,sz000901,25.1,25.31,25.4,24.9,2476,6162199.0,2.01,1.61,0.4,0.83,3.39375064034808,-0.08264618637725007,25.15,25.14466666666667,25.2714138861826,3.552760519598933,3.472581865308512,3.5082433359460947,25.668,25.414181818181817,25.369449854313284,3.693375382048432,3.573871451004486,3.6287032222669704,25.264,25.492809523809523,25.121955706358357,3.7877242221535683,3.7377945235310435,3.726384674668189,24.808,25.21944086021505,24.713043076088326,3.814697693084509,3.776014037106581,3.7346346615941566,23.02566666666667,24.147366120218578,23.735923081131876,3.5808324859352028,3.7437482352552984,3.659810987732538,6.789735719168588
2000-12-13,sz000901,25.25,25.63,25.75,25.17,4679,11847407.0,2.29,1.26,0.32,1.56,3.67015304519218,0.27640240484410006,25.229999999999997,25.30466666666667,25.390942590788402,3.5028186779262613,3.511712707172928,3.5622132390281234,25.579,25.407272727272726,25.416822608074504,3.6319837253966414,3.569649207939713,3.6362395537079175,25.363999999999997,25.527666666666672,25.17034087718137,3.785385820754839,3.7265972685823403,3.7210292813847596,24.869000000000003,25.272473118279567,24.772201587308434,3.8059097651194675,3.7666885759522377,3.7304745573101585,23.104499999999998,24.232754098360658,23.798023963717714,3.5903749645404988,3.7466767781817563,3.660150071583674,7.073623308251764
2000-12-14,sz000901,25.55,25.18,25.95,25.15,2567,6506723.0,3.12,-1.76,-0.45,0.86,3.4094258686714434,-0.26072717652073685,25.236,25.287999999999997,25.32062839385894,3.4593331687272046,3.4805817707546547,3.511284115575897,25.483999999999998,25.334727272727275,25.373763952060955,3.5813072462657325,3.529184143080586,3.595000701883104,25.434,25.510142857142863,25.171260793640286,3.7805386283336353,3.6907915588601115,3.6913527658882535,24.92233333333333,25.292537634408603,24.798511162320796,3.7925495434753467,3.7411089697297837,3.709761738688306,23.174833333333332,24.300803278688527,23.84333465343189,3.5961556959478864,3.740744020940148,3.6519296059144204,6.8133623186238035
2000-12-15,sz000901,25.24,25.44,25.55,24.76,3499,8682970.0,3.14,1.03,0.26,1.17,3.5439439424829065,0.13451807381146308,25.294,25.356,25.360418929239295,3.498734064683988,3.5087853620065554,3.5221707245449005,25.424,25.32672727272728,25.385806869868052,3.5513472193194593,3.5223908151200725,3.5857176547194314,25.4925,25.510714285714286,25.196855003769784,3.765979845936554,3.6682587316362327,3.677313830325839,24.997333333333337,25.325935483870968,24.839897538945262,3.784596198757776,3.7250698986980133,3.699063816352474,23.249000000000002,24.37507103825137,23.895684336925925,3.603829717992097,3.7390321601708045,3.648389092359289,6.938668300520898
2000-12-18,sz000901,25.33,25.7,26.05,24.85,9705,24596560.0,4.72,1.02,0.26,3.24,3.9869955397243815,0.443051597241475,25.451999999999998,25.491333333333333,25.473612619492865,3.600853807283799,3.6715391870200205,3.6771123296047277,25.369999999999997,25.37690909090909,25.442932893528404,3.5877839306789654,3.6015996006482403,3.658677270174877,25.5545,25.53047619047619,25.24477357483933,3.789142299582194,3.689307845330312,3.7068073264590335,25.078666666666667,25.371268817204303,24.89538802030363,3.790616600021117,3.7381279206958595,3.7176400565700165,23.3355,24.45543169398907,23.954842227518515,3.618166634037303,3.7515949739980923,3.6594909430925706,7.390874372246301
2000-12-19,sz000901,25.85,25.82,26.11,25.55,4469,11430089.0,2.18,0.47,0.12,1.49,3.6502103546603593,-0.3367851850640222,25.554,25.614,25.58907507966191,3.6521457501462544,3.687991369478874,3.6681450046232715,25.351999999999997,25.458727272727273,25.51149054925051,3.6024531348725937,3.612949859553948,3.6571378309904192,25.6355,25.555761904761905,25.29955704390225,3.7955828359094435,3.676076231528232,3.701417138668684,25.130666666666666,25.419096774193548,24.955040406090493,3.782540805864306,3.7290694532532305,3.7132897532210065,23.430833333333336,24.536890710382515,24.015994941370366,3.623685038959813,3.752645587789012,3.6591866615046293,7.0580496120276885
2000-12-20,sz000901,25.6,27.45,28.35,25.6,25465,69344816.0,10.65,6.31,1.63,8.49,4.405943680512197,0.7557333258518382,25.918,26.246,26.209383386441274,3.799303877210258,3.9392573462675218,3.914077896586247,25.574,25.84018181818182,25.863946813023144,3.6510612775682594,3.7590390496702395,3.7932843490852877,25.77,25.728571428571428,25.50436113495918,3.822374462166833,3.7342058357761125,3.7685149045585424,25.234666666666666,25.568731182795702,25.11600554118143,3.7969695402280004,3.769288993553094,3.7579771033688254,23.549166666666665,24.668666666666663,24.128585271161498,3.644950567807151,3.778293412102206,3.683670498193402,7.8410140001354
2000-12-21,sz000901,27.69,27.62,28.55,27.43,14679,40661124.0,4.08,0.62,0.17,4.89,4.166696470479601,-0.2392472100325964,26.406,26.813333333333336,26.679588924294187,3.950757997571889,4.061721544023969,3.9982840878840316,25.820999999999998,26.21218181818182,26.1832292106553,3.705045583149547,3.8527909029268477,3.8611774620660717,25.790499999999998,25.904761904761905,25.705850550677354,3.8066378709350857,3.766998407996377,3.806436958455786,25.342333333333332,25.722623655913974,25.27755357078263,3.8098056964942155,3.793142343891907,3.784346094795327,23.673833333333334,24.802136612021854,24.243057885221774,3.6651340464765862,3.7953998351406453,3.699507415317539,7.609179379718907
2000-12-22,sz000901,27.75,27.37,27.95,27.26,5939,16208562.0,2.5,-0.91,-0.25,1.98,3.7737133252770216,-0.3929831452025794,26.792,27.134666666666664,26.90972594952946,3.9967118741307117,4.002706653259013,3.9234271670150282,26.043,26.493818181818185,26.39900571780888,3.74772296940735,3.865275946950024,3.8452748917407895,25.898000000000003,26.05519047619047,25.86434097442237,3.76845273298526,3.7638627369813236,3.80332042196257,25.45333333333333,25.853440860215052,25.412550114603107,3.8087370529389273,3.790813803813379,3.783660109665114,23.796333333333333,24.923322404371582,24.345580577509583,3.6772738855847593,3.7989598114947594,3.7019403959719486,7.209744486584036
2000-12-25,sz000901,27.55,27.85,28.05,27.35,4043,11102514.0,2.56,1.75,0.48,1.35,3.6067037413336744,-0.1670095839433472,27.222,27.487333333333332,27.223150633019642,3.920653514452571,3.872703942326668,3.8178526917879103,26.337,26.822363636363637,26.662822860025443,3.760753660868185,3.8396360873002653,3.8018983189394957,26.0195,26.241095238095237,26.053451357810715,3.745147862581452,3.7484580711097437,3.7845950238074373,25.57333333333333,26.008064516129032,25.56980494591904,3.796080064134534,3.777779396613039,3.772243569772763,23.927000000000003,25.056229508196722,24.460479574968282,3.687242278410955,3.7966460362734122,3.69881788270512,7.045421329480833
2000-12-26,sz000901,27.85,28.11,28.23,27.5,4188,11552331.0,2.62,0.93,0.26,1.4,3.622006673006805,0.015302931673130349,27.68,27.78333333333334,27.518767088679766,3.91501277812186,3.773154995178079,3.752570685527542,26.617,27.144727272727273,26.925945976384455,3.7835792641340573,3.8144093622345596,3.7691907469517334,26.142500000000002,26.440190476190473,26.249313133257314,3.7384773230912445,3.736730338769301,3.769110418969282,25.715,26.171720430107527,25.73368849779523,3.786342569480398,3.76654885524996,3.7625508667556047,24.060499999999998,25.193377049180327,24.58013598234637,3.701210663306523,3.79450716396508,3.6962994823871425,7.0626696239075315
2000-12-27,sz000901,28.2,26.93,28.3,26.85,6601,17990807.0,5.16,-4.2,-1.18,2.2,3.819609732751585,0.1976030597447802,27.576,27.533333333333335,27.32251139245318,3.797745988569737,3.7413539800546545,3.774917034602223,26.746999999999996,27.20163636363636,26.926683071587277,3.7985249328899977,3.820960356528656,3.778357835278979,26.163,26.51519047619048,26.314140453899476,3.7152543291433195,3.7444572349274288,3.7739198774247393,25.824999999999996,26.25010752688172,25.81086988503425,3.7897655247998916,3.7686951238481017,3.766232083916636,24.170333333333335,25.28745901639345,24.65718070423665,3.7188637841286627,3.7983891006681954,3.700342441415485,7.255050644601042
2000-12-28,sz000901,26.75,26.44,26.9,26.2,7675,20164838.0,2.6,-1.82,-0.49,2.56,3.885078384149224,0.06546865139763902,27.339999999999996,27.15466666666667,27.02834092830212,3.741422371303662,3.77046477858115,3.8116374844512233,26.873,27.145818181818186,26.83819524038959,3.846090184437775,3.836697347666697,3.797761571437205,26.178499999999996,26.54157142857143,26.32612707733762,3.7136987153517538,3.7606309544518006,3.7845064018746903,25.913666666666664,26.289784946236562,25.851458924709462,3.802389147035016,3.774844340580316,3.7738995871574486,24.2715,25.361874316939893,24.71563379590102,3.7322233802006446,3.8038387596852634,3.7063993575706897,7.304594737328578
2000-12-29,sz000901,26.47,26.95,27.19,26.47,3467,9273117.0,2.72,1.93,0.51,1.16,3.5399538416563967,-0.3451245424928273,27.256,27.02466666666667,27.00222728553475,3.6946704745795373,3.7033086020320614,3.7210762701862814,27.024,27.15981818181818,26.85852337850057,3.8456911743551245,3.781036194433719,3.750887438749785,26.224,26.61504761904762,26.38554354616261,3.6985191968372924,3.7440838236236713,3.7612156818539004,26.003,26.35664516129032,25.922332542470144,3.792550288742744,3.7579130305558897,3.758806313254155,24.3785,25.44969398907104,24.788891704232135,3.7391693096443843,3.797534840388731,3.7009421275407126,6.967225739361726
2001-01-03,sz000901,27.34,27.63,28.02,27.34,4838,13253714.0,2.52,2.52,0.68,1.61,3.684665864025861,0.14471202236946423,27.212,27.149333333333335,27.211484857023166,3.710262899117974,3.6999737318475026,3.708939468132808,27.217000000000002,27.27,26.99879185513683,3.815458206785272,3.751758865282944,3.738847152436344,26.2935,26.748952380952385,26.504063208432836,3.701621068732119,3.7427644585940114,3.753925223013135,26.108666666666668,26.461612903225806,26.032504636504328,3.7979142686498877,3.750952745090284,3.754023058465233,24.497666666666664,25.556300546448085,24.882042795896652,3.7520700006299963,3.7957478421717297,3.700408479556619,7.122337594777641
2001-01-04,sz000901,27.73,27.04,27.73,27.0,4133,11147207.0,2.64,-2.14,-0.59,1.38,3.616265405281708,-0.0684004587441529,26.998,27.092,27.154323238015444,3.709114645572955,3.668641233902081,3.6780481138491083,27.339,27.23781818181818,27.00628424511195,3.812063711847407,3.715541992282296,3.7165595620445915,26.345499999999998,26.82004761904762,26.555104807629707,3.7072584233600003,3.73463534778921,3.7408147641815703,26.203333333333333,26.521698924731183,26.097504337375018,3.801076461222098,3.739233463582659,3.7451354679372644,24.603833333333334,25.639655737704917,24.952795491113154,3.7644621102601463,3.7912952324881797,3.6976496902361298,7.0471660659101385
2001-01-05,sz000901,26.85,26.97,27.55,26.75,3477,9323025.0,2.96,-0.26,-0.07,1.16,3.5412046906832586,-0.07506071459844943,27.006,27.082666666666668,27.092882158676964,3.6534336371592895,3.6126712489388484,3.632433639460492,27.290999999999997,27.170727272727273,26.999687109637048,3.7255898128645137,3.6662948975251775,3.6846768581607128,26.432499999999997,26.879523809523807,26.594618635474497,3.6883255452163866,3.718820706581902,3.721804280991255,26.277,26.571161290322582,26.153794380125017,3.7901129123993935,3.7224675429027343,3.7319786435982967,24.708333333333332,25.717234972677595,25.01893334386354,3.7740543222511986,3.783975317092216,3.6925203459884948,6.969556848797427
2001-01-08,sz000901,26.96,26.26,27.05,26.2,5824,15232329.0,3.15,-2.63,-0.71,1.94,3.765221366304981,0.22401667562172234,26.97,26.834,26.81525477245131,3.6294622335904405,3.6499338253207454,3.6766962150753217,27.155,26.983272727272727,26.865198544248493,3.6854423024470515,3.6735006345143533,3.699321314186943,26.488,26.863095238095237,26.562750194000735,3.6952439427982995,3.7261441181141484,3.725939241497324,26.245333333333335,26.570064516129033,26.160646355600825,3.766239348105741,3.7208616367030944,3.7341233353858247,24.80183333333333,25.76810928961749,25.0596240539008,3.7907135357769652,3.7836857119792255,3.6949039859988715,7.18276631138057
2001-01-09,sz000901,26.24,25.9,26.45,25.45,5664,14535021.0,3.81,-1.37,-0.36,1.89,3.7531232446817127,-0.012098121623268288,26.76,26.477333333333334,26.510169848300876,3.6720961141955044,3.6911541623511694,3.702171891610786,27.008,26.75509090909091,26.689707899839675,3.6833832943875207,3.6858062603752013,3.70910348336781,26.5255,26.807095238095236,26.499631127905424,3.7155531318974355,3.731656432579235,3.728528194181551,26.267999999999997,26.547784946236558,26.143830461691095,3.74009625345268,3.7200154364821887,3.7353491359855595,24.888833333333334,25.80411475409836,25.08717736360897,3.8024711866116343,3.782453243418725,3.696812814152407,7.162415663569641
2001-01-10,sz000901,25.95,26.13,26.52,25.95,3573,9262733.0,2.2,0.89,0.23,1.19,3.55303301620244,-0.2000902284792727,26.46,26.267333333333333,26.383446565533916,3.64576954463082,3.651466463020148,3.6524589331413377,26.836000000000002,26.595454545454544,26.58794282714155,3.6780162218743975,3.6621062097960957,3.680727034792288,26.5865,26.769428571428577,26.464428163343005,3.719384941371291,3.71617832632257,3.7118143677073503,26.291666666666668,26.538881720430112,26.14293817384006,3.722770649012433,3.7079468405305613,3.7235868056769714,24.98183333333333,25.8448087431694,25.12136826972015,3.8129504154473106,3.774274942749572,3.692098722416342,6.966739145612656
2001-01-11,sz000901,26.25,25.94,26.62,25.91,4138,10750803.0,2.72,-0.73,-0.19,1.38,3.616790486329716,0.06375747012727606,26.24,26.093999999999998,26.23563104368928,3.6458745608404213,3.64180677691978,3.6405694508707978,26.619,26.43254545454546,26.47013504038854,3.6774946032066884,3.6509742578788806,3.6691022077990927,26.618000000000002,26.707857142857147,26.414482623977005,3.730536933670373,3.706407425842419,3.7027644742428136,26.301333333333336,26.516193548387097,26.129845388431026,3.718149749796392,3.7011094106800626,3.716696720557794,25.068499999999997,25.876224043715848,25.14820865431949,3.8241802636633717,3.7678434696637484,3.689629599921698,7.031440903827869
2001-01-12,sz000901,25.85,25.4,25.91,25.3,4537,11447494.0,2.35,-2.08,-0.54,1.51,3.6567687792660166,0.03997829293630062,25.926,25.814,25.95708736245952,3.668987378556973,3.645438183061645,3.6459692270025377,26.465999999999998,26.21090909090909,26.27556503304517,3.6612105078581316,3.6472059262533048,3.666859766247624,26.6065,26.591857142857144,26.31786523121729,3.7298677203740644,3.6993818873277187,3.698383931864071,26.264000000000003,26.458043010752682,26.08275858917741,3.697239722048257,3.6971493480652002,3.7128304017647764,25.139666666666667,25.887092896174867,25.15646410827623,3.8271191075315083,3.7623545685359665,3.688552195965774,7.05871042457208
2001-01-15,sz000901,25.24,24.4,25.24,24.15,5095,12442219.0,4.29,-3.94,-1.0,1.7,3.707144188342445,0.05037540907642857,25.554,25.305333333333337,25.438058241639684,3.657371942964466,3.6581571196568023,3.666360880782507,26.262,25.835272727272724,25.93455320885514,3.6434170882774537,3.65555750452318,3.6741842066285004,26.567500000000003,26.38171428571429,26.135211399672784,3.744753636357615,3.697217741419946,3.6992182420048687,26.206333333333337,26.337784946236564,25.9741935189079,3.690271506326987,3.6977883458906313,3.7124635492859164,25.197499999999998,25.862841530054645,25.13166200636553,3.836479724480388,3.758420964628128,3.6891617694863204,7.094897841248292
2001-01-16,sz000901,24.25,24.69,24.75,23.95,3052,7344539.0,3.28,1.19,0.29,1.02,3.484584529282843,-0.2225596590596024,25.312,25.017333333333333,25.188705494426458,3.6036641998846917,3.6005613150962614,3.605768763615952,26.036,25.549454545454545,25.70827080724511,3.6378801570400983,3.62667885743325,3.6397115380201988,26.53,26.202904761904765,25.997572218751564,3.7417856656976114,3.6724397312223482,3.6787769360313423,26.16133333333333,26.23995698924731,25.89134232413965,3.6783061835715603,3.684518218339396,3.697761677027654,25.243,25.84620218579235,25.117181284845348,3.8295400062364497,3.7468834172446024,3.682454318987846,6.8659645413053925
2001-01-17,sz000901,24.69,24.37,24.69,24.15,2911,6997336.0,2.19,-1.3,-0.32,0.97,3.464042205438811,-0.020542323844031873,24.96,24.703333333333333,24.91580366295097,3.5858660377319667,3.5540206502809677,3.558526577556905,25.71,25.246545454545455,25.464948842291456,3.615817791181393,3.595071957142107,3.607771659369037,26.4635,25.99719047619047,25.842565340775224,3.7156379989833335,3.645987973102463,3.6583260093082437,26.098999999999997,26.124387096774193,25.793191206453223,3.67301997621521,3.670694735879219,3.682683001441277,25.279666666666667,25.817579234972673,25.09268353780124,3.8183769394258236,3.7348998827922206,3.6752932660845987,6.84493272848444
2001-01-18,sz000901,24.24,24.3,24.5,24.06,1795,4327253.5,1.81,-0.29,-0.07,0.6,3.254064452914338,-0.20997775252447282,24.631999999999998,24.483333333333334,24.71053577530065,3.5133208310488913,3.443420122008425,3.4570392026760497,25.436,24.990181818181817,25.253139961874826,3.5795976959446563,3.529298622911733,3.5434612581954554,26.3875,25.791142857142855,25.69565435593949,3.695830703896032,3.602028587762558,3.6198249086993,26.042333333333332,26.008322580645157,25.696856289907853,3.664704847554886,3.643665347279163,3.655030191858894,25.299500000000002,25.785459016393446,25.066693913611033,3.802327409330602,3.7163978340541397,3.661482485324918,6.636212337867163
2001-01-19,sz000901,24.3,24.77,24.85,24.2,2082,5091480.0,2.67,1.93,0.47,0.69,3.3184807251745174,0.06441627226017932,24.506,24.52933333333333,24.73035718353377,3.4456632202305912,3.3784734200503,3.4108530435088724,25.216,24.86909090909091,25.165296332443038,3.5573252993937823,3.4818228100444357,3.5025557067371027,26.253499999999995,25.637095238095238,25.607496798230965,3.641457556129147,3.566090494550985,3.591125462649321,26.026999999999997,25.926236559139788,25.6370591099138,3.6446587966088515,3.6213283071255904,3.6333173230405476,25.331333333333337,25.768098360655735,25.05696624431231,3.7879518512776404,3.7005340083441034,3.6502365259757243,6.706844042141373
2001-02-05,sz000901,24.78,23.81,24.8,23.55,2978,7139625.0,5.05,-3.88,-0.96,0.99,3.473924693416157,0.15544396824163975,24.387999999999998,24.297333333333334,24.423571455689178,3.3990193212453335,3.3878939111121555,3.4318769268113005,24.971,24.613454545454545,24.918878817453393,3.5281956321048993,3.466659063503049,3.4973500679514764,26.063,25.404380952380947,25.43630662697087,3.606818967275976,3.550134983816415,3.579963484627115,25.98233333333333,25.783204301075266,25.519184328629038,3.6395611725671655,3.610313203693804,3.62303392758091,25.3375,25.718218579234975,25.016082105154528,3.7773694406826395,3.690238035955202,3.644455810154099,6.853675401593029
2001-02-06,sz000901,23.82,23.34,23.82,22.95,3236,7470169.0,3.65,-1.97,-0.47,1.08,3.5100085129402347,0.036083819524077576,24.118000000000002,23.947999999999997,24.06238097045945,3.4041041179768117,3.4248903083437896,3.4579207888542784,24.715,24.316909090909093,24.631809941552774,3.5038841589307523,3.4633523145640193,3.4996516034039775,25.8615,25.14504761904762,25.236658376783172,3.593633726659136,3.540914940546345,3.5733011063712214,25.922,25.612731182795702,25.378591791298135,3.644996807575208,3.6019549675888394,3.615741965346028,25.325666666666667,25.652726775956285,24.961128593510114,3.76547063222631,3.6814721038980744,3.6400477020487263,6.873330427108198
2001-02-07,sz000901,23.46,23.1,23.6,23.07,1335,3071441.75,2.27,-1.03,-0.24,0.45,3.125481265700594,-0.3845272472396406,23.863999999999997,23.608666666666668,23.741587313639634,3.3363919300291682,3.332016024251717,3.347107614469717,24.412,24.023272727272726,24.35329904308863,3.4611289838805677,3.3945517885221723,3.431620632912453,25.624000000000002,24.882047619047622,25.033167102803823,3.569572602877482,3.496328991883626,3.5306515977359236,25.861666666666668,25.43066666666667,25.231585869278902,3.633299622207716,3.568437835854995,3.584112242788258,25.305,25.57975409836066,24.90010798388683,3.739438585075496,3.660488845979199,3.6231766713487876,6.487342283323675
2001-02-08,sz000901,23.25,21.66,23.35,21.5,2824,6255209.0,8.01,-6.23,-1.44,0.94,3.450864692379766,0.32538342667917197,23.336000000000002,22.874000000000002,23.04772487575976,3.375751977922254,3.370173611701916,3.3816933071064006,23.984,23.522909090909092,23.863608307981604,3.4445364044855724,3.3926855537038447,3.4351195528156007,25.301499999999997,24.504523809523807,24.711913093012985,3.561015503846131,3.4850234765981294,3.523052844844861,25.74,25.159591397849464,25.001160974486716,3.635203423942106,3.556667840382223,3.5755156266328716,25.273999999999997,25.460245901639343,24.793874935234804,3.7249505585133074,3.65102740687442,3.617527098267836,6.796241824985527
2001-02-09,sz000901,21.7,22.39,22.55,21.67,3401,7475724.0,4.06,3.37,0.73,1.13,3.531606631932722,0.08074193955295605,22.860000000000003,22.558666666666667,22.82848325050651,3.418377159273895,3.4221251630387384,3.4316644153818414,23.683,23.23309090909091,23.59567952471222,3.432020189752243,3.408516504148781,3.4526626581096225,25.0745,24.227238095238096,24.490778512726035,3.5466153488051875,3.482222631653995,3.523867491234181,25.631999999999998,24.9434623655914,24.832698976132736,3.6305852101667906,3.549984176381618,3.57268278826512,25.2505,25.36568852459017,24.715059363587763,3.7182474876431297,3.644688261740631,3.614710033797832,6.873653259067193
2001-02-12,sz000901,22.39,22.35,22.39,21.8,1234,2701830.5,2.64,-0.18,-0.04,0.41,3.091315159697223,-0.44029147223549936,22.568,22.38866666666667,22.66898883367101,3.341855252530108,3.3131044965131813,3.3182146634869687,23.478,22.990727272727273,23.369192338400907,3.3704372868877206,3.3465701350478683,3.3869631129437314,24.869999999999997,23.967761904761904,24.286894844847367,3.506927187582587,3.438860708881808,3.482672031087804,25.537666666666667,24.731720430107526,24.672524848640304,3.61998151986765,3.515192560222291,3.541626812228482,25.23,25.270590163934422,24.637516433634065,3.706265531671498,3.6241331034473228,3.5975495461224023,6.431658099969618
2001-02-13,sz000901,22.35,22.35,22.68,22.25,1042,2315761.0,1.92,0.0,0.0,0.35,3.0178677189635055,-0.07344744073371734,22.369999999999997,22.316,22.56265922244734,3.243427093734762,3.205108651990981,3.218099015312481,23.244,22.785636363636364,23.18388464050983,3.3237656058557867,3.282466577243466,3.3198548594927813,24.64,23.727761904761905,24.10242866914762,3.480822881447943,3.3922836166323713,3.4384049537426327,25.434666666666665,24.526064516129033,24.5226845358248,3.6024456457503367,3.4763465085510563,3.5078359029855806,25.216,25.17616393442623,24.56251589482639,3.693520922254057,3.601562683358536,3.5785435845762086,6.364693735652469
2001-02-14,sz000901,22.31,22.26,22.45,22.06,894,1971621.0,1.74,-0.4,-0.09,0.3,2.951337518795918,-0.0665302001675876,22.202,22.279333333333337,22.461772814964895,3.2085983443538266,3.1077454603446997,3.129178516473627,23.032999999999998,22.60672727272727,23.015905614962588,3.2724951371914974,3.2147523795962165,3.252851706638806,24.3715,23.501095238095235,23.926959272085945,3.4441564641864453,3.3418564392369414,3.3920175789858025,25.32,24.321247311827957,24.376704888352236,3.567923711719388,3.434339532618513,3.4719327814249574,25.199333333333335,25.079245901639347,24.487023570405853,3.679270155870252,3.5772288012779407,3.5579794512719367,6.294823435236161
2001-02-15,sz000901,22.26,22.53,22.65,22.25,1176,2614587.25,1.8,1.21,0.27,0.39,3.0704073217401198,0.11906980294420189,22.375999999999998,22.38866666666667,22.4845152099766,3.1325068702258974,3.06168178614013,3.1095881182291247,22.856,22.51527272727273,22.927559139514845,3.2541294240740752,3.1780091404232387,3.21968000029359,24.146,23.325714285714284,23.793915531887286,3.4168635600093658,3.3062612828134808,3.36138803067669,25.21033333333333,24.141247311827957,24.257562637490803,3.54859694395538,3.402241701006947,3.446027913058194,25.1705,24.991726775956284,24.422858863179428,3.665568874909843,3.557266085404822,3.541993479811877,6.417403139017577
2001-02-16,sz000901,22.5,22.8,22.85,22.11,1515,3342343.0,3.28,1.2,0.27,0.51,3.180412632838324,0.11000531109820422,22.458000000000006,22.530000000000005,22.58967680665107,3.062268070407018,3.077650373677606,3.1331962897655248,22.659,22.50509090909091,22.904366568693963,3.2403226148404563,3.1646060874712836,3.2125404789380867,23.9375,23.197523809523812,23.69925690980278,3.398823957117119,3.28374214689243,3.3441522785016073,25.055333333333337,23.985741935483876,24.163526338297853,3.5077459090329173,3.3784878744832656,3.42889144336659,25.145,24.914005464480873,24.36965037586207,3.6523577246304586,3.54135932336969,3.530138370075039,6.5240510162825505
2001-02-19,sz000901,22.83,23.05,23.12,22.47,1217,2755613.75,2.85,1.1,0.25,0.41,3.085290578230065,-0.09512205460825918,22.598000000000003,22.727333333333334,22.743117871100715,3.0610631541135866,3.085324542951955,3.117227719253705,22.583000000000002,22.57618181818182,22.930845374385967,3.201459203321847,3.1364184444512127,3.1894041333548095,23.776999999999997,23.113000000000003,23.637422918392993,3.364827417713373,3.253881825093663,3.319498783237651,24.903000000000002,23.85636559139785,24.091685929375412,3.4716990459579327,3.351232691850824,3.4067236456158465,25.122666666666664,24.845316939890708,24.32638315042397,3.640752371226074,3.5227669579139396,3.515553196571925,6.440218343134192
2001-02-20,sz000901,23.05,22.84,23.53,22.75,1907,4345900.0,3.38,-0.91,-0.21,0.64,3.280350693046006,0.195060114815941,22.696000000000005,22.808,22.775411914067146,3.1135597489300864,3.158420389262761,3.1716020438511388,22.532999999999998,22.622909090909094,22.914328033588518,3.1784934213324245,3.1507623516737873,3.2059398714804814,23.624000000000002,23.02376190476191,23.561477878546043,3.341188790131588,3.2458364227443894,3.3157703936955896,24.752000000000002,23.7232688172043,24.010931998447965,3.4552536248835657,3.3388876368242486,3.3985705519016634,25.102666666666668,24.770475409836067,24.277649276639576,3.631995338911246,3.510950509449019,3.507841639079272,6.638079728899405
2001-02-21,sz000901,22.88,22.28,22.88,22.05,1957,4316572.5,3.63,-2.45,-0.56,0.65,3.2915908256580013,0.011240132611995524,22.7,22.66933333333333,22.6102746093781,3.181610410302503,3.217764081505399,3.2115983044534264,22.451,22.57690909090909,22.79899566384515,3.195104377328165,3.171325516096619,3.2215127722400303,23.4315,22.89576190476191,23.439432366303564,3.328116680604366,3.241112807080238,3.3134675776920095,24.566333333333333,23.563784946236563,23.899258966290034,3.44474986102771,3.3283287465516316,3.3916686340794917,25.069833333333335,24.677928961748634,24.212152579044833,3.620414962581122,3.499789705735798,3.500751448475296,6.635139039602677
2001-02-22,sz000901,22.05,22.36,22.75,21.95,1251,2776898.5,3.59,0.36,0.08,0.42,3.09725730969342,-0.19433351596458115,22.666000000000004,22.556,22.5268497395854,3.1869804078931634,3.1896463813023717,3.1734846395334246,22.521,22.560363636363636,22.71917827041876,3.1597436390595304,3.15353514016303,3.1989208699588283,23.2525,22.793714285714284,23.336629283798462,3.3021400217725514,3.219126200326815,3.2928761235969057,24.374666666666666,23.421440860215057,23.799951936206806,3.4272582155839304,3.3059098722719993,3.372674355086842,25.044833333333333,24.58908196721311,24.151426264977786,3.606800392532164,3.482636995805054,3.487522132449661,6.4435600058951925
2001-02-23,sz000901,22.75,22.69,22.75,22.25,840,1866869.12,2.24,1.48,0.33,0.28,2.9242792860618816,-0.17297802363153858,22.644,22.564,22.581233159723602,3.1357537385378746,3.1020793406919447,3.0904161883762438,22.551,22.591090909090912,22.71387313034262,3.099010904472446,3.1107234396180017,3.1489860365230196,23.117,22.740142857142857,23.275045542484325,3.2655155471123445,3.1831394635924655,3.2577716628792848,24.233333333333338,23.312752688172047,23.728342133870886,3.3974138673609398,3.2734596187544485,3.3437456409562,25.029166666666665,24.51187431693989,24.103510649732613,3.5935896960804157,3.4602592546093063,3.4690551538795695,6.271113872071096
2001-02-26,sz000901,22.95,22.7,22.95,22.62,1448,3255458.0,1.45,0.04,0.01,0.48,3.1607685618611283,0.23648927579924672,22.574,22.582666666666668,22.620822106482404,3.150849335264087,3.1104176151330294,3.113866979537872,22.586000000000002,22.618181818181817,22.7113507430076,3.105956244688837,3.121952104597763,3.151128313857221,23.032,22.70042857142857,23.22027930034296,3.238196765788279,3.1731635602352073,3.248533272306127,24.108666666666668,23.213827956989245,23.661997480072767,3.3732702066180034,3.258192179689944,3.3319406681113564,25.011166666666668,24.435508196721308,24.057493907118428,3.5878296768265097,3.4460683977496585,3.4589473967642106,6.512612096707673
2001-02-27,sz000901,22.75,23.12,23.16,22.75,2565,5821920.0,1.81,1.85,0.42,0.86,3.409087369447835,0.24831880758670666,22.63,22.764666666666667,22.78721473765494,3.1765966705444533,3.1964969598609447,3.212273776174526,22.663,22.715272727272726,22.785650607915308,3.1450782097372696,3.1770668545539444,3.198029960328242,22.9535,22.70880952380952,23.210728890786484,3.2344219077965284,3.189438855821831,3.2638241387005755,23.980999999999998,23.150043010752686,23.627029900713236,3.368907990877718,3.2605029643886434,3.336917874649194,24.992,24.373502732240436,24.026756401967003,3.580729139810231,3.4402079942290453,3.457312641770231,6.765066233428924
2001-02-28,sz000901,23.15,23.06,23.6,22.88,4383,10101695.0,3.11,-0.26,-0.06,1.46,3.6417714706539592,0.23268410120612426,22.786,22.908,22.87814315843663,3.246632799543645,3.3515552265641135,3.3554396743343373,22.743000000000002,22.787454545454544,22.835532315567068,3.2141216049230743,3.2673747201751597,3.278710234932918,22.887999999999998,22.71895238095238,23.19637375833063,3.243308371057286,3.228234052284444,3.2998191226961358,23.828666666666667,23.090623655913976,23.590447326473676,3.3674781777653213,3.2781070598580775,3.3565858485849853,24.968666666666667,24.310158469945353,23.99505947075497,3.5826962232076047,3.442209382125562,3.463360472225435,7.004394251741502
2001-03-01,sz000901,23.06,23.17,23.53,22.9,3535,8152650.0,2.73,0.48,0.11,1.18,3.5483894181329183,-0.09338205252104093,22.948,23.036,22.97542877229109,3.3368592212315447,3.4521407660938714,3.4197562556005314,22.807000000000002,22.865090909090906,22.896344621827602,3.2619198145623534,3.3281506862133137,3.327742813696554,22.8315,22.745809523809523,23.19386197182295,3.2580246193182147,3.2572893901011706,3.323492484166305,23.699666666666666,23.048129032258068,23.563321692507635,3.365215644860362,3.2897787527850197,3.3689602724267873,24.9515,24.25118579234973,23.968008340566282,3.5831460530412302,3.441084568844424,3.466148306517484,6.911298798103323
2001-03-02,sz000901,23.35,23.32,23.73,23.28,5944,13842558.0,1.94,0.65,0.15,1.98,3.774078800752519,0.22568938261960048,23.074,23.16,23.09028584819406,3.5068191241696716,3.597880625934196,3.537863770651194,22.859,22.958363636363636,22.973372872404397,3.3212864313537738,3.421270501884253,3.408894811343093,22.759,22.792333333333332,23.20587511736362,3.280804523097115,3.306437407380628,3.3664054666983256,23.577999999999996,23.023634408602152,23.547623518797465,3.372978115196004,3.3161570209070943,3.395096951673609,24.927500000000002,24.19769398907104,23.946762165465746,3.581545513797699,3.447344658933319,3.4762443882956817,7.141216351871685
2001-03-05,sz000901,23.23,23.42,23.63,23.23,3869,8969453.0,1.72,0.43,0.1,1.29,3.587598729721245,-0.18648007103127373,23.218,23.275333333333332,23.20019056546271,3.592185157741695,3.6248071611180537,3.5544420903412113,22.895999999999997,23.060363636363636,23.054577804694507,3.3715172465028913,3.469690919769248,3.441386432866393,22.7395,22.855285714285714,23.226267963328993,3.286488224912369,3.335655903249593,3.3874714917481272,23.483333333333334,23.01344086021506,23.53938974339118,3.367057360643213,3.3300035121667872,3.4075164212250693,24.86433333333333,24.148267759562838,23.92949127479474,3.566648354374477,3.447543125029173,3.4798953503096346,6.952765958503936
2001-03-06,sz000901,23.35,23.24,23.65,23.1,2543,5846368.5,2.35,-0.77,-0.18,0.85,3.405346360175709,-0.18225236954553603,23.242,23.282666666666668,23.213460376975142,3.59143695588727,3.5625275619293917,3.5047435136193776,22.936,23.122909090909094,23.088290931113686,3.3840168132158617,3.47584166770976,3.4348336923771776,22.734500000000004,22.90295238095238,23.227575776345283,3.281255117274143,3.346975725655625,3.3891738601698016,23.39466666666667,22.997741935483873,23.520074276075622,3.355464797826346,3.3324737702011413,3.407376417286401,24.83133333333333,24.09501092896175,23.906885003489993,3.5477805256395127,3.4422545350554423,3.4774511211249157,6.766886185717423
2001-03-07,sz000901,23.43,23.31,23.6,23.15,2814,6515607.5,1.94,0.3,0.07,0.94,3.449324093098727,0.043977732923017765,23.292,23.305333333333333,23.245640251316765,3.5529474803762233,3.5151566076665444,3.4862703734458274,23.038999999999998,23.19090909090909,23.1286016709112,3.399790139959934,3.487715718597554,3.4374683106901864,22.744999999999997,22.957761904761906,23.235425702407635,3.2974472586440498,3.3629822947817756,3.3949024537820804,23.300666666666665,22.992279569892474,23.50652109697397,3.352007833722889,3.338529208605812,3.4100827189517124,24.796166666666668,24.045131147540978,23.887315003375566,3.537389241367661,3.4390264553000067,3.4765289234847128,6.813954914537897
2001-03-08,sz000901,23.31,23.32,23.55,23.13,2890,6691160.0,1.8,0.04,0.01,0.96,3.4608978427565478,0.011573749657820986,23.322,23.314666666666668,23.27042683421118,3.5354491653009497,3.4844733951266518,3.4778128632160676,23.134999999999998,23.242000000000004,23.16340136710916,3.4361541932662467,3.4988262100151193,3.441728225611343,22.828000000000003,23.01252380952381,23.24348039741643,3.297948916162889,3.378549017078204,3.401187728922506,23.21333333333333,22.99352688172043,23.49448747781436,3.34681141227045,3.3455543704789505,3.4133611140358955,24.757333333333335,23.996732240437158,23.86871451146161,3.532480581033421,3.436518540591446,3.4760164290346087,6.82550141491699
2001-03-09,sz000901,23.3,23.61,23.85,23.23,2450,5731169.5,2.66,1.24,0.29,0.82,3.3891660843645326,-0.07173175839201518,23.38,23.410666666666664,23.38361788947412,3.4584666220233524,3.4357123681478465,3.448263936932223,23.227,23.328363636363637,23.244601118543855,3.4826428730965118,3.4902829174875354,3.432171472657377,22.889,23.086999999999996,23.27838702623391,3.290826888784479,3.387236366430742,3.4000428103931752,23.153666666666666,23.01911827956989,23.501939898600533,3.3378913224404005,3.3482869299688915,3.4118001443796784,24.708833333333335,23.959114754098362,23.86023206846287,3.5175655222443285,3.4318197046350893,3.473168876750344,6.758243252957159
2001-03-12,sz000901,23.91,23.72,23.91,23.56,2670,6267737.0,1.48,0.47,0.11,0.89,3.4265112613645754,0.037345177000042806,23.439999999999998,23.524,23.495745259649414,3.4262491283520182,3.4250605812615875,3.4410130450763408,23.329,23.418,23.33103727880861,3.5092171430468566,3.4800771698999107,3.431142343331413,22.957500000000003,23.166142857142855,23.320445404687824,3.3075866938678464,3.4001586876288465,3.4025636152475944,23.130999999999997,23.055655913978498,23.51600829223921,3.3285368915411384,3.3540043453833546,3.4127492487012847,24.66866666666667,23.92669398907103,23.855634295726382,3.509404198934063,3.428834319032475,3.4716391188688434,6.797110764783616
2001-03-13,sz000901,23.65,23.35,23.65,23.17,4285,9912445.0,2.02,-1.56,-0.37,1.43,3.631950826259217,0.20543956489464144,23.462,23.493999999999996,23.447163506432943,3.47157002156872,3.4936278138973202,3.5046589721372996,23.352,23.421818181818182,23.334485046297953,3.531503488727995,3.5023923850294305,3.4676529765910136,23.0075,23.20352380952381,23.32326012805089,3.3382908492326324,3.4310505097613575,3.4244100162963207,23.086333333333336,23.069784946236556,23.505298079836685,3.3334491014403502,3.37357943794581,3.426891285963087,24.62383333333333,23.883459016393445,23.839056122096007,3.505877642505956,3.4328522412398565,3.476895240422626,6.996180790614409
2001-03-14,sz000901,23.25,23.3,23.4,23.15,1717,3960397.5,1.07,-0.21,-0.05,0.57,3.2347702951609163,-0.39718053109830054,23.46,23.44,23.39810900428863,3.428659261981158,3.414694571761386,3.4146960798118386,23.376,23.412363636363636,23.328215037880142,3.4908033711786906,3.448440895289962,3.42531067087645,23.0595,23.23138095238095,23.32104487776033,3.3524624880508824,3.4211914093735745,3.4063490904739013,23.050666666666668,23.083569892473115,23.49205304242787,3.3258067044310877,3.3672130633471387,3.4144963833306887,24.574833333333334,23.840054644808742,23.821382150879742,3.499413340323149,3.4239634757531343,3.4689567176271603,6.59773877769138
2001-03-15,sz000901,23.26,23.16,23.31,23.15,1957,4501966.5,0.69,-0.6,-0.14,0.65,3.2915908256580013,0.05682053049708502,23.428,23.34,23.318739336192422,3.3947978585614487,3.369005092987001,3.3736609950938927,23.375,23.37309090909091,23.297630485538296,3.465123511931199,3.4122204324680183,3.4009979717458227,23.091,23.240952380952383,23.305707270354585,3.3635216632467766,3.4153941081933006,3.395419731920006,23.012666666666668,23.090623655913976,23.470630265497043,3.327057583522543,3.365005587297261,3.406566992513096,24.527499999999996,23.79366666666667,23.799697490195157,3.4958812155387142,3.4171496228132927,3.4631414424806306,6.653402259007621
2001-03-16,sz000901,23.25,23.12,23.35,23.05,2238,5131461.0,1.3,-0.17,-0.04,0.75,3.3498600821923312,0.058269256534329905,23.330000000000002,23.237333333333332,23.25249289079495,3.386936658127008,3.354025834197295,3.365727357460039,23.355,23.326727272727272,23.26533403362224,3.42270164007518,3.3912634452427697,3.391700173645188,23.107,23.243714285714287,23.288020863654147,3.3719940357144766,3.414093005235735,3.3910807176602273,22.957666666666668,23.097548387096776,23.448008958045623,3.328103562089803,3.366476716243699,3.402908482169821,24.49233333333333,23.74751912568306,23.7774123265822,3.4863811793493276,3.4123620446707887,3.4594272995203585,6.710241032539359
2001-03-19,sz000901,23.0,23.26,23.45,22.95,2650,6079228.0,2.16,0.61,0.14,0.88,3.423245873936808,0.07338579174447668,23.238,23.214000000000002,23.25499526052997,3.386283580641455,3.366128906133895,3.384900196285629,23.339,23.309454545454546,23.264364209327287,3.4062663544967364,3.391362396853974,3.3974357555163914,23.1175,23.258285714285712,23.2853522099728,3.3888918004998145,3.418974132685481,3.3941440658770445,22.939333333333334,23.117053763440857,23.43587934784913,3.3264142681071585,3.3726149299112484,3.4042205719612397,24.460833333333333,23.707114754098356,23.760447988005733,3.4829877203371624,3.4102920346572634,3.4582410232717176,6.783848431801123
2001-03-20,sz000901,23.26,23.42,23.54,23.25,3138,7270156.0,1.25,0.69,0.16,1.05,3.496652939250918,0.07340706531411012,23.252000000000002,23.274666666666672,23.309996840353314,3.3592240032397953,3.402918692337049,3.422151110607392,23.357,23.32418181818182,23.29266162581323,3.415397012404257,3.4077963213547346,3.4154752434681233,23.1465,23.287095238095244,23.298175809023007,3.399706912810059,3.4292370982808236,3.4039068157221752,22.942,23.148064516129036,23.43485487379435,3.3259690823175143,3.3835980699850388,3.410183950496058,24.432,23.67298907103825,23.749285758890792,3.485482944946361,3.410740074621648,3.459500430353003,6.861543729870358
2001-03-21,sz000901,23.09,23.32,23.75,23.09,2442,5666503.0,2.82,-0.43,-0.1,0.81,3.3877456596088638,-0.10890727964205427,23.256,23.297333333333334,23.31333122690221,3.389819076129384,3.4124259111267383,3.4106826269412163,23.358,23.317454545454545,23.297632239301734,3.409239169055271,3.4027688026646628,3.410433500948258,23.198500000000003,23.303619047619048,23.30025430340177,3.404514654507603,3.4280979313092805,3.402367657997098,22.949333333333335,23.172451612903227,23.42744488193665,3.3347112287811234,3.387583655616739,3.4087363188259165,24.405500000000004,23.636530054644812,23.735210815976338,3.4840054254944195,3.4075355734630426,3.4571478149187684,6.753315123030959
2001-03-22,sz000901,23.45,24.72,25.05,23.45,11148,26806794.0,6.86,6.0,1.4,3.72,4.0471969600412665,0.6594513004324027,23.568,23.78533333333333,23.782220817934807,3.5409403030060376,3.631551872430699,3.6228540713079,23.498,23.565090909090912,23.55624455942869,3.4678690807837427,3.518761128298481,3.526208675328805,23.316499999999998,23.448523809523806,23.43546817926827,3.4520116370249943,3.489305769931535,3.4637799724774947,23.051333333333336,23.286688172043014,23.510835534714932,3.354588971036507,3.4335504769883607,3.4499273279365843,24.395666666666667,23.64684153005464,23.767498985944325,3.494896197489306,3.426000869677693,3.476493688529342,7.428244876968121
2001-03-23,sz000901,24.85,24.0,25.01,23.95,5024,12183333.0,4.29,-2.91,-0.72,1.67,3.70104963072914,-0.34614732931212666,23.744,23.929333333333332,23.854813878623204,3.611178212713399,3.6849216483384,3.648919257781647,23.537,23.65636363636364,23.636927366805292,3.499057435420204,3.5611575919249163,3.5579979399470476,23.381999999999998,23.513619047619045,23.489233114576052,3.490850154258358,3.5130236740938345,3.486377082787175,23.105000000000004,23.347892473118275,23.54239453247526,3.3602370709963876,3.4559027776136912,3.4661287668264267,24.3685,23.633868852459017,23.775121970011725,3.495411140581589,3.432759998636376,3.483856178437532,7.085766114692015
2001-03-26,sz000901,24.05,24.54,24.61,24.05,2587,6227076.5,2.33,2.25,0.54,0.86,3.4127964287165433,-0.2882532020125965,24.0,24.194666666666663,24.08320925241547,3.6090883236693463,3.618794387006115,3.570211648093279,23.619,23.838727272727276,23.80112239102251,3.4976859521554005,3.5454737725242507,3.531597665177865,23.474,23.62390476190476,23.589306151283097,3.5034515476011285,3.505589985946994,3.479369401447115,23.178,23.44047311827957,23.606756175541374,3.3709531132970314,3.459293703918219,3.4626879708193377,24.357833333333335,23.63949180327869,23.800199938208063,3.495467316582341,3.430051319558834,3.4815263505778278,6.794284201087353
2001-03-27,sz000901,24.54,24.91,25.05,24.54,4028,9910478.0,2.08,1.51,0.37,1.34,3.6050894618815805,0.1922930331650372,24.298,24.497999999999998,24.358806168276985,3.6307756281954786,3.6174614330768597,3.581837586022713,23.775,24.073454545454542,24.002736501745687,3.4949998157176365,3.565001683383556,3.5449598100330855,23.5635,23.760666666666665,23.715086517827565,3.5132516522228157,3.515269787307038,3.4913427405361115,23.263333333333332,23.552215053763437,23.69083642228064,3.3905271713943006,3.4743992747946417,3.4718751637910956,24.348999999999997,23.657595628415304,23.836586825479927,3.4964864085723186,3.433645488257169,3.4855776001287704,6.996094601786585
2001-03-28,sz000901,25.14,24.59,25.14,24.45,1549,3782330.0,2.77,-1.28,-0.32,0.52,3.190051417759206,-0.41503804412237466,24.552,24.595333333333333,24.435870778851324,3.5912367798255476,3.470553362931435,3.451242196601544,23.904,24.221636363636364,24.109511683246467,3.490527927977466,3.5095565201183874,3.4804310114378345,23.64,23.858428571428572,23.798411611367797,3.490665649578078,3.4844888125962177,3.462648328843073,23.341,23.637806451612906,23.74884697568189,3.398484301359743,3.46146535520528,3.453692986627748,24.330500000000004,23.665497267759562,23.861288896775665,3.483204006539566,3.423598439378051,3.47588821710026,6.577759417403466
2001-03-29,sz000901,24.59,24.45,24.59,24.3,2102,5088569.5,1.18,-0.57,-0.14,0.7,3.3226327116922234,0.13258129393301754,24.497999999999998,24.561333333333334,24.440580519234217,3.4463239301557387,3.3810186735536605,3.4083723682984375,24.032999999999998,24.320909090909094,24.171418649928924,3.493632116580888,3.4790301171574347,3.451740411484087,23.704,23.935571428571425,23.86046764838039,3.4793778142560434,3.468485675654707,3.4493135081620396,23.405000000000005,23.70935483870968,23.794082654670156,3.4068918143581466,3.456571704258988,3.4452374850190046,24.307666666666666,23.669415300546447,23.88059090016007,3.4777443791567633,3.418333806760105,3.4708634464311436,6.706595710515084
2001-03-30,sz000901,24.35,24.35,24.68,24.16,3466,8374798.5,2.13,-0.41,-0.1,1.16,3.539828558377898,0.2171958466856747,24.568,24.512,24.410387012822813,3.41407971568549,3.412186882961047,3.4521910983249247,24.156,24.378545454545453,24.20388798630548,3.5126289641994446,3.4874294702114357,3.4677564381920525,23.7555,23.99709523809524,23.907089777106066,3.467665302137312,3.474242889380599,3.4579339891349785,23.456666666666663,23.770322580645164,23.829948289852727,3.418872345209466,3.4651482683892945,3.451340134913127,24.256000000000004,23.67080327868853,23.895981362449902,3.4633091271211915,3.4203693536198143,3.4731245976425127,6.922974366587587
2001-04-02,sz000901,24.43,24.5,24.75,24.35,1660,4043162.25,1.64,0.62,0.15,0.55,3.220108088040055,-0.3197204703378431,24.560000000000002,24.489333333333335,24.440258008548547,3.375542047550193,3.3475296737459024,3.3748300948966348,24.28,24.44109090909091,24.25772653424994,3.49231518560977,3.4342438563642745,3.4227294654371434,23.8095,24.067999999999998,23.96355741738168,3.4492907700532536,3.450666011847526,3.435283903316414,23.505,23.83763440860215,23.873177432442876,3.4233662622031322,3.4523247679267524,3.436421938340671,24.204,23.678803278688523,23.91578525220564,3.4475326540805327,3.4123955490597773,3.4648289743768586,6.606721169695243
2001-04-03,sz000901,24.4,24.15,24.53,24.15,2213,5332055.0,1.55,-1.43,-0.35,0.74,3.344981413927258,0.12487332588720301,24.407999999999998,24.352666666666668,24.34350533903237,3.3235204379593277,3.3373427958715904,3.3648805345735093,24.352999999999998,24.417454545454547,24.23813989165904,3.477148033077403,3.4074558978765443,3.4085934560717095,23.854999999999997,24.100428571428573,23.98131385382152,3.4462725227408306,3.4407317874545753,3.4266836662317326,23.54866666666667,23.879247311827953,23.891036952930435,3.4255206195658405,3.4472676809412115,3.4305225496688383,24.150333333333336,23.677032786885245,23.923464424264473,3.440387122224703,3.409033213317047,3.4608995461653964,6.726894620500508
2001-04-04,sz000901,24.35,23.95,24.36,23.85,2060,4932031.0,2.11,-0.83,-0.2,0.69,3.3138672203691533,-0.03111419355810474,24.279999999999998,24.2,24.21233689268825,3.3482835984813177,3.334125056674865,3.3478760965053906,24.416,24.34418181818182,24.185750820448302,3.4697601891534324,3.377768477384135,3.39137050412579,23.886999999999997,24.109476190476194,23.978331582028993,3.439499679104352,3.428121758657272,3.4159392428162487,23.604333333333333,23.90513978494624,23.894841020483312,3.4262631660562124,3.4400642358317484,3.4229963993914394,24.08533333333333,23.670464480874315,23.92433444314105,3.435506513541961,3.404885019813586,3.456078814172077,6.693025797665508
2001-04-05,sz000901,23.8,24.19,24.4,23.79,2368,5661853.0,2.55,1.0,0.24,0.79,3.374381698050882,0.060514477681728795,24.228,24.169999999999998,24.204891261792167,3.358633395753049,3.3428244231980537,3.3567112970205546,24.363,24.303090909090912,24.18652339854861,3.402478662954394,3.360426933547308,3.3882816302939887,23.9305,24.13833333333334,23.998490478978614,3.4351738718690683,3.4219200461759893,3.4119813814100235,23.665333333333333,23.9429247311828,23.913883535290843,3.435500645668128,3.436717044347533,3.419859967046887,24.02,23.67389617486339,23.933044789267573,3.4313794306260292,3.402880927502403,3.45340022020089,6.752958589487298
2001-04-06,sz000901,24.25,24.22,24.49,24.0,2257,5411195.5,2.03,0.12,0.03,0.75,3.353531559077762,-0.020850138973119936,24.201999999999998,24.167333333333332,24.209927507861444,3.3213739958930217,3.3411238109729577,3.3556513843729574,24.384999999999998,24.27709090909091,24.19261005335795,3.367726855789256,3.3515274601151934,3.3819634355274015,23.961000000000002,24.165904761904763,24.019586623837796,3.43339214560473,3.4141445878149126,3.406414731664094,23.71633333333333,23.978709677419356,23.933632984626918,3.4498090547686577,3.4314287161804127,3.415580714919847,23.974833333333333,23.680453551912567,23.94245315683257,3.423611461064799,3.400328538271313,3.4501258378689843,6.733293224754508
2001-04-09,sz000901,24.05,24.37,24.45,23.88,1908,4557029.5,2.35,0.62,0.15,0.64,3.2805783703680764,-0.0729531887096857,24.176,24.223333333333336,24.263285005240967,3.3334680523586266,3.3275252691313093,3.3306270463713306,24.368000000000002,24.274363636363635,24.224862770929228,3.3545050499544096,3.335682280947706,3.363529787316615,23.9935,24.204857142857144,24.052959326329436,3.426095501054905,3.3995908949352307,3.3944303163025684,23.772,24.020881720430104,23.96178569529615,3.4538027150522224,3.420510607509408,3.406870886239088,23.94033333333333,23.69340983606557,23.95647108611675,3.413536460835113,3.395638928740272,3.444566904508299,6.658681840003504
2001-04-10,sz000901,24.4,24.54,24.55,24.25,1968,4757870.0,1.23,0.7,0.17,0.66,3.2940250940953226,0.013446723727246201,24.254,24.34466666666667,24.355523336827314,3.3232767883922394,3.3143776163768743,3.3184263956126614,24.331,24.305636363636363,24.282160448942093,3.323398613175784,3.324685925336963,3.3508925703672885,24.052999999999997,24.25690476190476,24.0993441523933,3.40919921444671,3.3870127609390805,3.3848679141875926,23.819333333333336,24.07043010752688,23.99908984398672,3.4499673058738054,3.4102023738992857,3.3995905125523938,23.900166666666667,23.713071038251368,23.975603181653906,3.409437648375762,3.391720523273394,3.4396311074455785,6.677412571569691
2001-04-11,sz000901,24.5,24.42,24.65,24.4,1378,3339484.75,1.02,-0.49,-0.12,0.46,3.139249217571607,-0.15477587652371572,24.348000000000003,24.4,24.377015557884878,3.2883531878327306,3.2530350927699976,3.258700669598977,24.314,24.321818181818184,24.307222185498077,3.3183183931570235,3.2912042170452946,3.312411960768073,24.109,24.291857142857143,24.12988280454632,3.4044231605672453,3.361303237427166,3.3614756573670226,23.864666666666665,24.109182795698924,24.02624533792306,3.4332165641043932,3.390156045621725,3.3827942999729883,23.846666666666668,23.73011475409836,23.990173569140662,3.4003473709348575,3.382861886197848,3.4297825208923336,6.523679464567943
2001-04-12,sz000901,24.26,24.41,24.83,24.25,2340,5704902.5,2.38,-0.04,-0.01,0.78,3.369215857410143,0.22996663983853605,24.392000000000003,24.420666666666666,24.388010371923254,3.2873200197045818,3.2799893159624682,3.2955390655360324,24.310000000000002,24.339272727272725,24.32590906086206,3.3229767077288157,3.300458301454952,3.3227399419757218,24.1715,24.320523809523813,24.156560632684766,3.408304412154852,3.3579501609360136,3.362212819275891,23.906,24.14436559139785,24.05100370321835,3.427244112080301,3.386026967770482,3.3819182714205467,23.802833333333336,23.748584699453552,24.003938370152444,3.3962298784703315,3.381841180836382,3.427796728647016,6.756248226480119
2001-04-13,sz000901,24.41,24.67,24.75,24.39,2882,7022990.5,1.47,1.07,0.26,0.96,3.4596939764779706,0.09047811906782766,24.482000000000003,24.513333333333335,24.482006914615503,3.308552503184624,3.3374473015535977,3.3502573691833453,24.342,24.40472727272728,24.38847104979623,3.314963249538823,3.3253159866820714,3.347640675521585,24.249000000000002,24.368,24.20545962004812,3.413796106869134,3.3628444051572624,3.3714967390094226,23.951,24.193655913978493,24.090938948172003,3.416764617937816,3.3881205074090426,3.3869360588436064,23.7645,23.777016393442626,24.025776456376953,3.39487136656691,3.3839219709349933,3.4288425400513094,6.846522080946492
2001-04-16,sz000901,24.7,25.08,25.2,24.65,4966,12285669.0,2.23,1.66,0.41,1.66,3.6960067152185454,0.2363127387405748,24.624000000000002,24.712666666666667,24.681337943077004,3.3916381721547175,3.4665987055649046,3.4655071511950792,24.4,24.538909090909094,24.514203586196913,3.362553112256672,3.3945966168056576,3.4109799554664866,24.34,24.447142857142854,24.28874918004354,3.4274341489332203,3.389721605952445,3.402402451029339,24.00633333333333,24.266494623655912,24.15474933861252,3.4203782174543926,3.4061361265884433,3.406876101190377,23.744833333333336,23.820147540983612,24.060341162725248,3.3937177890488024,3.3937952610547186,3.4376020212043334,7.0893988103967
2001-04-17,sz000901,25.1,24.38,26.03,23.99,16725,42050308.0,8.13,-2.79,-0.7,5.58,4.223366126439861,0.5273594112213154,24.592000000000002,24.63133333333333,24.580891962051336,3.5775063786236254,3.743841356993286,3.7181268096100064,24.423000000000002,24.53527272727273,24.48980293416111,3.4503915835079324,3.551108073929874,3.5586865320070995,24.387999999999998,24.450952380952383,24.297439734325106,3.4637698082926685,3.465524651429268,3.4805894677351032,24.04433333333333,24.290602150537634,24.169281639347197,3.447645542996531,3.457941798135893,3.4595528770129245,23.719499999999996,23.84097267759563,24.070821780340815,3.401555170411439,3.4209968458872124,3.4633647787530393,7.6237691811615305
2001-04-18,sz000901,25.95,26.19,26.79,25.46,46525,122250632.0,5.46,7.42,1.81,15.51,4.667686381802804,0.4443202553629435,24.945999999999998,25.164,25.117261308034227,3.8831938114698645,4.107234691386346,4.034646667007606,24.647,24.856545454545458,24.79892967340454,3.5857734996512973,3.7724344008925774,3.760322868333591,24.5315,24.622571428571426,24.477683569151285,3.5277668444023647,3.5801833727159478,3.593646316693932,24.140333333333334,24.42903225806452,24.299650565840928,3.4882576192866668,3.5366541103169427,3.5374969740961424,23.7205,23.92197267759563,24.140303033444393,3.4201327265047774,3.462509344621356,3.502850732951392,8.087251112976869
2001-04-19,sz000901,26.02,26.25,26.25,25.4,16821,42887112.0,3.25,0.23,0.06,5.61,4.225851810818157,-0.4418345709846472,25.314,25.598666666666666,25.49484087202282,4.054521002151468,4.221454024502443,4.098381714944456,24.853,25.148000000000003,25.06276064187644,3.670920510928025,3.888812275650188,3.8449644942398757,24.608,24.786238095238094,24.646475610184496,3.5366995869412094,3.646667655231737,3.653856363753382,24.238,24.565139784946236,24.42547956159313,3.5137560848887204,3.5842408323512323,3.581906963562079,23.725666666666665,24.004907103825133,24.209473425790478,3.430283748579585,3.488926363779171,3.526555686324073,7.63232680201681
2001-04-20,sz000901,26.33,26.02,26.73,25.95,9561,24901880.0,2.97,-0.88,-0.23,3.19,3.9805033181933953,-0.24534849262476177,25.583999999999996,25.834,25.669893914681882,4.158682870494553,4.196781463183085,4.059088916027436,25.032999999999998,25.36018181818182,25.236804161535268,3.733617686839588,3.9451000587893468,3.869607916776879,24.709,24.920714285714283,24.77728745683359,3.550672271314422,3.6889346772557543,3.6849655975095734,24.31833333333333,24.68010752688172,24.528351847941963,3.5334673260163494,3.614353557080566,3.607622857409261,23.735999999999997,24.08013114754098,24.26883495281374,3.4356793242283747,3.5069663496681485,3.541439215237821,7.3962321359634
2001-04-23,sz000901,25.95,26.29,26.33,25.84,6040,15599395.0,1.88,1.04,0.27,2.01,3.7810369386211318,-0.19946637957226354,25.826,26.06933333333333,25.876595943121256,4.17568891517507,4.070899485891945,3.9664049235586685,25.225,25.588727272727276,25.4282943139834,3.7836635436648933,3.953721740931446,3.853504102566743,24.7965,25.071285714285715,24.92135531808753,3.5690842968096512,3.710874169380203,3.6941152490440077,24.404,24.807311827956987,24.64200656742958,3.5452848485915682,3.630325790151843,3.618810862648737,23.7675,24.163868852459018,24.33510265927886,3.4369108700663533,3.518289550140043,3.549294878299569,7.193107755196984
2001-04-24,sz000901,26.25,26.55,27.1,26.25,7475,19733482.0,3.23,0.99,0.26,2.49,3.873611196996467,0.09257425837533528,26.26,26.310666666666666,26.101063962080836,4.105737929286391,3.9702069131657445,3.9354736813712683,25.426,25.82963636363636,25.632240802350054,3.841622153955009,3.970075859719004,3.8571599379176016,24.8785,25.238285714285713,25.076464335412528,3.5825103835653964,3.739876731302757,3.7112101012299563,24.51066666666667,24.945763440860212,24.765102917917993,3.55334019428281,3.6515081352102228,3.6352495938969778,23.7985,24.255098360655744,24.407722244220537,3.4433946478615804,3.532607593645948,3.559928200224057,7.295203723871658
2001-04-25,sz000901,26.63,25.78,26.63,25.76,6342,16361426.0,3.28,-2.9,-0.77,2.11,3.80222623769107,-0.07138495930539701,26.178000000000004,26.150666666666666,25.994042641387228,3.932645900464044,3.8690363493006377,3.8910578668112024,25.561999999999998,25.894000000000002,25.659106111013678,3.9079198559669543,3.9629129658528335,3.847171992421868,24.938,25.32414285714286,25.143467732039905,3.613119124561989,3.760802050743298,3.7198783047024433,24.59333333333333,25.027655913978496,24.83058014902006,3.572255392367148,3.667565299301079,3.646022280593371,23.822000000000003,24.32006557377049,24.45271495752478,3.449031048399118,3.5443725638042918,3.567872398173795,7.213821152449138
2001-04-27,sz000901,26.05,26.22,26.27,25.45,4830,12480482.0,3.18,1.71,0.44,1.61,3.683947130751512,-0.1182791069395579,26.172000000000004,26.16466666666667,26.06936176092482,3.824264964450715,3.78613675939646,3.8220209547913058,25.743000000000002,26.013636363636362,25.7610868181021,3.9393929833010914,3.922190652177299,3.8174947448454395,25.026500000000002,25.44623809523809,25.245994614702774,3.631184845514954,3.767547575142299,3.7164562881356877,24.695333333333334,25.13260215053764,24.920220139405867,3.585333935870265,3.6747712179065215,3.648469045119703,23.854,24.39868852459016,24.51065872940921,3.456195759696404,3.5520747304387963,3.5716781271107694,7.096231358254902
2001-04-30,sz000901,26.15,26.17,26.58,25.96,3693,9620783.0,2.36,-0.19,-0.05,1.23,3.5673793076509788,-0.11656782310053337,26.201999999999998,26.164,26.10290784061655,3.7416401623422315,3.700508207129881,3.7371404057445305,25.893,26.091272727272727,25.83543466935626,3.9501615164183925,3.854551802059096,3.7720192108100825,25.1175,25.555142857142858,25.333995127588224,3.632562382978608,3.7614708572504933,3.7022584804704772,24.797,25.22774193548387,25.000851098153877,3.5925845767188864,3.6736128547956,3.643237449153979,23.877333333333333,24.474622950819672,24.56506336123186,3.460344069404345,3.555720092666816,3.5715371822104482,6.983210419100302
2001-05-08,sz000901,26.17,26.8,26.83,26.17,4704,12431729.0,2.52,2.41,0.63,1.57,3.6724673130680823,0.1050880054171035,26.304000000000002,26.363333333333333,26.33527189374437,3.719926237231622,3.6774505907051642,3.715582708185715,26.064999999999998,26.256181818181815,26.01081018401876,3.9478075762033464,3.8040619469044947,3.7539188657660825,25.232499999999998,25.71538095238095,25.47361463924649,3.655180344230009,3.7652713267828237,3.699421226432154,24.915000000000003,25.356967741935485,25.11692522085363,3.6008919580232623,3.6787665797213545,3.6451232468258565,23.92716666666667,24.570448087431693,24.63833997233901,3.463653113065211,3.562674953114807,3.5748463668287314,7.094531534348779
2001-05-09,sz000901,26.85,26.88,27.05,26.63,6644,17713120.0,1.57,0.3,0.08,2.21,3.8224296237793567,0.14996231071127442,26.369999999999997,26.555333333333337,26.516847929162914,3.7096899225881996,3.711618386221076,3.751198346716929,26.314999999999998,26.404363636363634,26.168844696015345,3.9077139259372955,3.7812659555546784,3.7663753672230413,25.369,25.872285714285717,25.607556102175398,3.679052754722614,3.7811998295970475,3.7111363118937923,25.030333333333335,25.483741935483874,25.230671980798558,3.611751180840877,3.69305933235078,3.656562367919631,23.98616666666667,24.66726229508197,24.71183702242626,3.4688601315791963,3.5744381174005166,3.5829638506631776,7.248295064828774
2001-05-10,sz000901,26.76,27.18,27.48,26.73,8375,22490216.0,2.79,1.12,0.3,2.79,3.9229848157088827,0.100555191929526,26.65,26.825333333333333,26.737898619441943,3.7338416381917625,3.7827166839279704,3.8084605030475807,26.413999999999998,26.561636363636364,26.352691114921644,3.833243769327903,3.784042480967694,3.794849812402285,25.5305,26.044761904761906,25.757312663872977,3.7095086344896004,3.804431454452882,3.7313123598761817,25.159,25.62243010752688,25.356435078811558,3.6295924860442113,3.713138921697104,3.6737509129382926,24.054166666666667,24.771978142076502,24.79276039874015,3.482151857412667,3.5893274513064077,3.594112079025332,7.3519936264964425
2001-05-11,sz000901,27.32,27.5,27.63,27.1,7479,20342406.0,1.95,1.18,0.32,2.49,3.873843533223436,-0.04914128248544669,26.906,27.108666666666668,26.991932412961297,3.771820918686147,3.8293839822718616,3.8302548464395327,26.538999999999998,26.759090909090908,26.561292730390434,3.7980429415684314,3.7914242562214273,3.80921230709704,25.696000000000005,26.232333333333333,25.923282886361267,3.734481726248228,3.820082397189438,3.7448867573378246,25.251666666666665,25.773462365591392,25.494729589855975,3.6238140384836166,3.728897053773182,3.6866601142470117,24.151500000000002,24.88495628415301,24.881522352879816,3.4892015047600617,3.602169801332991,3.6032836021137946,7.3084023178456965
2001-05-14,sz000901,27.61,28.44,28.45,27.55,13996,39114052.0,3.27,3.42,0.94,4.67,4.146003933810869,0.27216040058743296,27.360000000000003,27.620000000000005,27.474621608640867,3.887545843918125,3.954111653980102,3.935504542229978,26.781,27.104727272727278,26.902875870319445,3.8145930031301782,3.8546898911745977,3.8704471483177354,25.907,26.493666666666666,26.162970230517338,3.7741053449848834,3.85927498838588,3.7830883931924,25.39966666666667,25.979161290322583,25.68474703567172,3.638645848586341,3.7625867244394566,3.716295199380164,24.252333333333336,25.025562841530057,24.998193751146054,3.499441459791364,3.623704307203509,3.621077711349764,7.592332808795055
2001-05-15,sz000901,28.26,28.12,28.8,28.05,15408,43421128.0,2.64,-1.13,-0.32,5.14,4.187746269780459,0.041742335969590094,27.624000000000002,27.873333333333335,27.68974773909391,3.9906016352606004,4.05417846260088,4.019585118080139,26.964,27.34818181818182,27.124171166625,3.8552639362461116,3.922535939656467,3.9281378976745938,26.0945,26.70442857142857,26.349354018087116,3.819463739955503,3.898669362175934,3.821627238581739,25.519000000000002,26.154666666666667,25.84186013014451,3.6644775099551383,3.7980125580648836,3.7467113974705057,24.3485,25.152371584699452,25.10054805438717,3.517715311626085,3.646271678022823,3.6396570083474917,7.637701101426379
2001-05-16,sz000901,28.12,28.38,28.55,28.05,8463,23736704.0,1.78,0.92,0.26,2.82,3.9275243408750287,-0.2602219289054304,27.924,28.125333333333334,27.919831826062605,4.011620578679735,4.033152697805689,3.9888981923451023,27.147000000000002,27.605636363636364,27.35250368178409,3.8606552506339673,3.9356741950435423,3.9280263418928545,26.2865,26.92209523809524,26.54274887350739,3.851138702294488,3.9089608479777946,3.8317126768953855,25.634666666666668,26.339247311827958,26.005611089490028,3.6752253392549203,3.8149833213500375,3.7583767486578945,24.449,25.284551912568308,25.208071068997423,3.53287625532461,3.659708039637543,3.649095281545116,7.375420414113522
2001-05-17,sz000901,28.37,28.96,29.64,28.26,13222,38114764.0,4.86,2.04,0.58,4.41,4.121297152824946,0.19377281194991713,28.28,28.470666666666666,28.266554550708406,4.051283046102947,4.069711555854093,4.033031179171717,27.465000000000003,27.93527272727273,27.644775739641528,3.892562342147355,3.9830636318055395,3.9631664893350527,26.5135,27.17671428571429,26.772963266506682,3.9002410990571548,3.9346902242187904,3.859292150793439,25.78033333333333,26.55378494623656,26.196216825651963,3.706266863757111,3.843762148031974,3.7817909682815753,24.560666666666666,25.43245355191257,25.33108513230898,3.5523755825584273,3.6790005280801763,3.6645773101116674,7.5810932350383595
2001-05-18,sz000901,28.95,30.81,31.75,28.95,23210,70155768.0,9.67,6.39,1.85,7.74,4.3656751404559175,0.24437798763097174,28.942,29.313999999999997,29.114369700472274,4.1496493675494435,4.1745089206384165,4.143912499599784,27.924,28.543454545454544,28.220271059706704,3.960735143117796,4.069084140588914,4.036349880447937,26.833499999999997,27.58590476190476,27.157442955410808,3.9500640632094433,3.979017275780578,3.9075191021898656,25.99233333333333,26.878279569892474,26.493880256255064,3.741034944715901,3.8863046174964135,3.8194609148734684,24.698666666666668,25.63734972677596,25.51072168534803,3.573963379537024,3.7056660873555045,3.687564124221315,7.846063383241663
2001-05-21,sz000901,30.83,30.49,31.46,30.25,18237,55472060.0,3.93,-1.04,-0.32,6.08,4.260953398104103,-0.1047217423518143,29.351999999999997,29.83,29.572913133648186,4.172639260408092,4.211610264156636,4.182926132434558,28.356,29.01,28.632949048850936,4.030092552163108,4.123669277859151,4.077186883658149,27.1245,27.934142857142856,27.47482934060978,3.99012703429075,4.008625783865782,3.941179511324555,26.197000000000003,27.16845161290323,26.75169443327087,3.765072439373441,3.9198477435214594,3.8479443008883485,24.826833333333337,25.827229508196726,25.673976712057932,3.5919723922914537,3.728190350259343,3.7063637725453407,7.744074294056603
2001-05-22,sz000901,30.45,32.15,32.25,30.45,12897,40644844.0,5.9,5.44,1.66,4.3,4.11048869983667,-0.15046469826743358,30.157999999999998,30.762666666666668,30.43194208909879,4.157187746419333,4.190893410632829,4.158780321568595,28.891,29.699818181818177,29.272412858150766,4.073894690839967,4.138286759254345,4.08324175932697,27.478,28.412761904761908,27.920083689123132,4.010851133521657,4.0200887996320605,3.9573041959447566,26.452,27.552516129032256,27.099972211769526,3.794751793099995,3.942132663551344,3.864882649207595,24.9785,26.067333333333334,25.88630534444947,3.609059027651564,3.745190884932956,3.7196137701614496,7.609005461015673
2001-05-23,sz000901,31.93,30.91,32.45,30.8,21816,68257584.0,5.13,-3.86,-1.24,7.27,4.338775124933574,0.2282864250969041,30.663999999999998,31.013333333333332,30.59129472606586,4.239437903231042,4.251422536804243,4.218778589356921,29.294,30.06690909090909,29.570155974850625,4.125529240955388,4.186446838180455,4.129702371255443,27.8045,28.73961904761905,28.204837623492356,4.016621583446342,4.0513196559570055,3.993634760610358,26.67733333333333,27.84012903225806,27.345780456171497,3.827878250133539,3.9772309430244794,3.8954563573189485,25.113,26.261808743169397,26.051016644631456,3.62669943484969,3.769116002876629,3.73991414244906,7.834150912216317
2001-05-24,sz000901,30.91,30.63,31.74,29.77,20751,62992888.0,6.37,-0.91,-0.28,6.92,4.317039030398344,-0.021736094535230066,30.998,31.002,30.60419648404391,4.278586278745722,4.277289579193343,4.251532069704062,29.639,30.30981818181818,29.76285488851415,4.164934662424335,4.221266799897356,4.163763582008698,28.0265,29.008714285714284,28.435805468874037,3.9990892158761193,4.079930841381006,4.024435167256833,26.9,28.095139784946234,27.5576655880314,3.8613173104678453,4.008789703041563,3.9226552394531033,25.252166666666664,26.442693989071042,26.20114724644682,3.643790238262029,3.791750087976585,3.758836269922807,7.799291519664558
2001-05-25,sz000901,30.53,30.46,30.9,30.07,6829,20630992.0,2.71,-0.56,-0.17,2.28,3.834357112718405,-0.4826819176799386,30.927999999999997,30.822666666666667,30.556130989362607,4.172322673198218,4.1292131905175715,4.112473750708843,29.934999999999995,30.45909090909091,29.88960854514794,4.160986020373832,4.161161790859914,4.1038714966831895,28.237000000000002,29.24047619047619,28.628585900409846,3.979514480971132,4.0642420696517,4.00633249539603,27.108999999999998,28.324817204301073,27.74491296944873,3.8766498242900957,4.007050335444825,3.916958586115381,25.387166666666666,26.613442622950817,26.34078176295676,3.656075234979112,3.797998182221056,3.76131236312922,7.314520110657026
2001-05-28,sz000901,30.24,31.23,31.73,29.47,11227,33937720.0,7.42,2.53,0.77,3.74,4.050263722645796,0.21590660992739075,31.076,30.923333333333336,30.78075399290841,4.130184738106557,4.088526873666763,4.091737074687828,30.214,30.694545454545455,30.13331608239377,4.151411999257324,4.141030464000271,4.094124628676391,28.497500000000002,29.525523809523808,28.876339624180336,3.9830025011937513,4.070980092668335,4.01051642180077,27.34266666666667,28.590688172043006,27.969757294000427,3.899874229742364,4.0182512321129344,3.92555891750444,25.5295,26.805010928961753,26.501084000236865,3.6748416422555104,3.8109223949314397,3.770786178195337,7.530682662239776
2001-05-29,sz000901,31.25,31.37,31.63,30.86,6983,21718018.0,2.47,0.45,0.14,2.33,3.8440420420410164,-0.2062216806047794,30.919999999999998,31.021333333333338,30.97716932860561,4.076895406547427,3.9931459749782494,4.009172063805558,30.538999999999998,30.90472727272727,30.35816770377672,4.11704157648338,4.08514501723367,4.048655067469959,28.751500000000004,29.799095238095237,29.113831088544114,3.9861527563647456,4.057745763225217,3.994661718966508,27.576000000000004,28.850516129032258,28.18912779116169,3.9186563521314617,4.014649155487041,3.9202997642487354,25.674,26.996502732240433,26.660720590393034,3.686229533591842,3.8164699490227676,3.773188009796834,7.3368201887372875
2001-05-30,sz000901,31.23,31.73,31.83,31.05,4609,14414199.0,2.49,1.15,0.36,1.54,3.6636067081245205,-0.1804353339164959,31.083999999999996,31.291333333333334,31.228112885737076,3.941861723185616,3.855383075503947,3.893983611911879,30.874000000000002,31.121272727272725,30.607591757635497,4.090649813208328,4.0027023138956945,3.978646274861697,29.0105,30.082761904761906,29.36299003249229,3.9756525319211478,4.027027091964243,3.9631326703148897,27.81566666666667,29.11851612903225,28.41757115947384,3.9309757392657683,3.9981943397446575,3.903738921918141,25.817500000000003,27.19506010928962,26.826926472675225,3.6904715225697866,3.8157282170402325,3.7695951802338072,7.158790513561172
2001-05-31,sz000901,31.83,32.0,33.55,31.75,15119,48988456.0,5.67,0.85,0.27,5.04,4.179523067035285,0.5159163589107649,31.358000000000004,31.596666666666668,31.48540859049139,3.9143585305130046,3.9346035234538372,3.9891634302863483,31.178000000000004,31.326,30.86075689261086,4.096472404629363,4.018861087318778,4.015169327984167,29.321500000000004,30.36747619047619,29.614133838921596,3.9945173733883594,4.046443333403684,3.983741279526356,28.068333333333335,29.388473118279563,28.648695600798114,3.965651534247891,4.014229651213659,3.9215314474095697,25.9665,27.397765027322407,26.996535440784236,3.699434049176142,3.831762693907954,3.7830354388174623,7.69009375173951
2001-06-01,sz000901,32.05,31.99,32.46,31.5,4038,12818269.0,3.0,-0.03,-0.01,1.35,3.6061663146076204,-0.573356752427665,31.663999999999998,31.80733333333333,31.653605726994257,3.8687203708908475,3.831872784818709,3.861497725060106,31.296,31.473636363636366,31.066073821227064,4.020521522044534,3.9297145254966432,3.940805143733886,29.609999999999996,30.621619047619053,29.840406806643347,3.9906283325811645,4.00945751828171,3.9477817590579054,28.321,29.641483870967743,28.864263626553075,3.9735498828211404,3.991037056398158,3.9011853098094442,26.1135,27.59525683060109,27.16025559026672,3.7003969974507203,3.82870473539751,3.777236451138451,7.107829381305607
2001-06-04,sz000901,32.04,31.5,32.25,31.46,7666,24233164.0,2.47,-1.53,-0.49,2.56,3.8845688149183335,0.2784025003107131,31.718,31.752666666666663,31.602403817996173,3.835581389345356,3.837155599494537,3.869188088346182,31.397,31.510727272727276,31.14496949009487,3.9828830637259562,3.9049958514736987,3.9305803566765123,29.8765,30.80161904761905,29.998463301248744,4.0064878079445325,3.9993566118376305,3.9417614786636603,28.548666666666666,29.84658064516129,29.034311134517395,3.9877123774358187,3.985296342339912,3.900113277880986,26.24983333333333,27.77186338797814,27.302542292225187,3.702238497686817,3.8347431556423506,3.780755545032873,7.38441012144381
2001-06-05,sz000901,31.36,31.15,31.76,30.65,8775,27140416.0,3.52,-1.11,-0.35,2.93,3.943247125137862,0.058678310219528296,31.674,31.563333333333333,31.451602545330783,3.855422405964724,3.8730441780920395,3.893874433943409,31.297000000000004,31.46581818181818,31.145884128259436,3.966158906256075,3.8977893171849534,3.9328834054876665,30.094,30.92290476190476,30.108133463034576,4.020026798548021,3.9933336896655662,3.9419029688040608,28.751,30.014408602150535,29.17080719035498,3.995953724433129,3.9824276163852055,3.9028961067362684,26.378666666666668,27.932524590163936,27.42868844657846,3.708165970943761,3.8426450778538594,3.7860831378232005,7.433616500107796
2001-06-06,sz000901,31.05,31.27,31.55,30.8,3048,9437041.0,2.41,0.39,0.12,1.02,3.4840149626675627,-0.4592321624702991,31.582,31.428666666666665,31.391068363553856,3.8195040568733325,3.749241696992986,3.757254610184794,31.333,31.46090909090909,31.168450650394085,3.8806828900294748,3.8101267819870412,3.8512709613385567,30.313499999999998,31.034904761904762,30.218787418936046,4.003106065492431,3.942284943391237,3.898294587267251,28.980666666666668,30.176924731182798,29.306238984525628,3.97130868564072,3.949399309174523,3.875871516796352,26.5125,28.092896174863387,27.554633087674247,3.709477114318625,3.8352958644677546,3.7761792632279336,6.974835841880698
2001-06-07,sz000901,31.25,31.61,31.73,30.85,2770,8601498.0,2.81,1.09,0.34,0.92,3.4424797690644486,-0.041535193603114084,31.503999999999998,31.438,31.46404557570257,3.6720953972791657,3.6235669343900243,3.6523296631446787,31.431,31.511272727272726,31.24873235032243,3.7932269638960845,3.730453487266128,3.776945290015991,30.535000000000004,31.15838095238095,30.35128385522785,3.97908081316021,3.888891962779048,3.8548836522003174,29.161333333333335,30.34655913978494,29.45486872745946,3.9304684652161077,3.9152813145566996,3.847910758878165,26.650833333333335,28.260027322404373,27.6875959372587,3.7093630422513875,3.826541853147946,3.7652382962061797,6.934574092694741
2001-06-08,sz000901,31.73,31.17,31.73,31.15,2729,8475953.0,1.83,-1.39,-0.44,0.91,3.4360035356698964,-0.006476233394552278,31.339999999999996,31.326666666666668,31.366030383801718,3.638062841491621,3.544869647186935,3.5802209539864185,31.502000000000002,31.46381818181818,31.234417377536534,3.7533916061912342,3.6655037730431848,3.714955880134883,30.7185,31.21885714285714,30.429256821396628,3.957188813282533,3.83717031730378,3.814990307768849,29.325333333333333,30.476150537634403,29.565522357945948,3.9041401893778325,3.8833803513601697,3.8213360993163414,26.781666666666663,28.40819672131148,27.801773119643656,3.708948137133276,3.817579246374782,3.7544437138935147,6.92818853983946
2001-06-11,sz000901,31.18,31.15,31.36,30.95,3673,11330448.0,1.32,-0.06,-0.02,1.22,3.5650209283452936,0.12901739267539725,31.27,31.263333333333332,31.294020255867814,3.5741532641770126,3.520522342804826,3.57515427877271,31.494,31.399818181818183,31.21906876343898,3.704867326761184,3.631254558889377,3.687694979809503,30.853999999999996,31.25995238095238,30.49789902888266,3.9281396630092535,3.799820994928805,3.791183700204701,29.496333333333332,30.593870967741935,29.667746721949435,3.8902907763828956,3.8615016893580707,3.804799636673048,26.907333333333334,28.55142076502732,27.91155105014714,3.7118790511996225,3.812860321496487,3.7482331307607857,7.054247081980022
2001-06-12,sz000901,31.14,32.33,32.83,30.85,6785,21688528.0,6.36,3.79,1.18,2.26,3.831549851995756,0.26652892365046243,31.506,31.616666666666667,31.639346837245213,3.551813809548592,3.6063212054110734,3.6606194698470587,31.589999999999996,31.55181818181818,31.421056260995528,3.7036181077566583,3.6542877452956635,3.713850411116094,31.0645,31.40052380952381,30.672384835655738,3.9103298421200186,3.7906219653084725,3.795028095613373,29.69766666666667,30.77668817204301,29.839504997952698,3.89197454016205,3.8577119523008356,3.806525457016449,27.050833333333333,28.729213114754103,28.056418228830836,3.7186296943768085,3.8167839543094755,3.7509648265389814,7.336230077455831
2001-06-13,sz000901,32.27,32.51,32.74,32.2,3859,12426794.0,1.67,0.56,0.18,1.29,3.5864747785713966,-0.2450750734243594,31.753999999999998,31.95133333333333,31.929564558163477,3.572305772729359,3.6178748617520085,3.6359045727551713,31.667999999999996,31.71909090909091,31.61904603172361,3.6959049148013454,3.632988958171071,3.6906912051988763,31.270999999999997,31.538190476190476,30.847395803688524,3.8932773640048373,3.7597786259228885,3.7751658749427084,29.896333333333335,30.958129032258064,30.011794998084785,3.8824033262145474,3.8380022902627284,3.7923286390522524,27.203500000000002,28.90820218579235,28.202437303295397,3.7178717602486784,3.8124510062502814,3.7455717102121753,7.094359099059978
2001-06-14,sz000901,32.55,31.62,32.75,31.25,4438,14118065.0,4.61,-2.74,-0.89,1.48,3.6471872978959894,0.06071251932459276,31.756,31.90666666666667,31.826376372108985,3.613247278495666,3.6428353701408858,3.6396654811354443,31.629999999999995,31.710363636363635,31.619219480501133,3.6426713378874154,3.6241312096428238,3.682781403871078,31.404000000000003,31.571428571428566,30.920977155718187,3.869571871258389,3.7363414767696645,3.7629774390334974,30.091,31.069333333333333,30.11555015949867,3.8772353615547113,3.8228270626292735,3.7829646815583002,27.342166666666667,29.05300546448087,28.314488539252924,3.72474537696093,3.810133482894456,3.742345991775579,7.149775177069251
2001-06-18,sz000901,31.75,31.03,32.24,30.25,8097,25399658.0,6.29,-1.87,-0.59,2.7,3.908324139276179,0.26113684138018955,31.727999999999998,31.66466666666667,31.56091758140599,3.7077113992169233,3.74119432373439,3.729218367182356,31.534000000000002,31.601272727272725,31.51208866586456,3.6728871203542717,3.6724317189862354,3.7237891739447324,31.415,31.535809523809526,30.931360283745025,3.846704321199403,3.740032168961836,3.7768199819137527,30.25133333333333,31.129913978494624,30.174546923401984,3.8847145951722,3.8248327902242067,3.791052388507841,27.473333333333336,29.173918032786887,28.40352170190037,3.7350242655212327,3.816152458708071,3.747787898251008,7.4048278689934515
2001-06-19,sz000901,30.77,30.7,31.24,30.4,7233,22148980.0,2.71,-1.06,-0.33,2.41,3.859318465097116,-0.049005674179062986,31.637999999999998,31.322,31.273945054270662,3.766570906567287,3.791730012361121,3.7725850664872764,31.454,31.449636363636365,31.36443618116191,3.67036208537215,3.7063283271212977,3.7484308632451655,31.4255,31.467714285714283,30.909325971007405,3.8266225745490536,3.741233515999713,3.784676980312168,30.402333333333335,31.158860215053764,30.20844712189218,3.894445900420405,3.823194330219363,3.795456651513601,27.599666666666668,29.27971038251366,28.478816072329867,3.7435152385696457,3.820227678366296,3.751444638147601,7.345353730984758
2001-06-20,sz000901,30.7,30.9,31.13,30.65,4414,13537169.0,1.56,0.65,0.2,1.47,3.644832328825636,-0.21448613627147983,31.351999999999997,31.076,31.14929670284711,3.729227401933263,3.751150486447237,3.7300008206000634,31.428999999999995,31.34890909090909,31.27999323913247,3.640520605740928,3.7016865532037495,3.729594766077978,31.363,31.417666666666666,30.908437783292413,3.8033397559985014,3.723920159264149,3.7713584420753556,30.538999999999998,31.19096774193548,30.253063436608816,3.8935247342789903,3.8070902288261523,3.785738953275668,27.726999999999997,29.38791803278689,28.558199151925606,3.747208346151126,3.8169921731287872,3.747949152596061,7.131527850742818
2001-06-21,sz000901,30.95,31.34,31.71,30.8,3952,12268794.0,2.94,1.42,0.44,1.32,3.5968169359155904,-0.04801539291004575,31.118000000000002,31.072,31.212864468564742,3.731295833402102,3.7070136644413463,3.685606192371906,31.436,31.33272727272727,31.2909035592902,3.6518008030657305,3.693740431417325,3.7054533424120892,31.384500000000003,31.415476190476195,30.949538946788373,3.766241846547603,3.7042513192562536,3.754735441488711,30.687666666666665,31.242645161290326,30.323188376182443,3.886004311350198,3.787947790222061,3.773550436026631,27.859,29.506377049180326,28.64940573710837,3.7488777460955376,3.812061307219426,3.7429939979507996,7.088801874472186
2001-06-22,sz000901,31.2,31.76,32.36,30.95,3953,12523953.0,4.5,1.34,0.42,1.32,3.5969268143429707,0.00010987842738030551,31.146000000000004,31.286,31.395242979043164,3.7212437366914983,3.662223991421636,3.6560463996955943,31.451,31.391636363636362,31.376193821237436,3.667245507593582,3.6837633425586414,3.6857212463995217,31.441000000000003,31.451238095238093,31.02672571376091,3.730236235744834,3.688126078093908,3.739706048427212,30.840333333333334,31.311827956989248,30.41588590029971,3.875135711304667,3.769297629124822,3.7621553636599434,27.999666666666666,29.63427868852459,28.75139243425236,3.7523640986744393,3.807079309457046,3.738204909963658,7.097741429123818
2001-06-25,sz000901,31.95,31.81,32.25,31.65,3723,11798050.0,1.89,0.16,0.05,1.24,3.570893036218392,-0.02603377812457852,31.302000000000003,31.507333333333335,31.53349531936211,3.6537575160799407,3.6121070912639337,3.6276619452031937,31.514999999999997,31.456909090909093,31.455067671921533,3.6807344576484318,3.6662447113995156,3.6648433900029525,31.508499999999998,31.486380952380955,31.1013232648313,3.717063031919833,3.672950535281865,3.7236286186930387,30.983999999999998,31.374387096774193,30.505828745441665,3.865037361404499,3.749669069441836,3.7498158586637147,28.117833333333333,29.759207650273222,28.851674649522774,3.744425699944058,3.8011294385568486,3.732719274758895,7.071810232372041
2001-06-26,sz000901,31.81,32.02,32.27,31.55,3990,12701443.0,2.26,0.66,0.21,1.33,3.6009728956867484,0.03007985946835623,31.566000000000003,31.74666666666667,31.695663546241413,3.602088402197867,3.5945122177995357,3.618765595364379,31.601999999999997,31.548727272727273,31.55778264066307,3.684329654382578,3.651742609224665,3.653230572854551,31.547999999999995,31.53509523809524,31.18881628722832,3.694598490571881,3.6618943318310957,3.7119471212638686,31.10333333333333,31.441225806451612,30.603517213477687,3.8468696601336956,3.7326326522987547,3.7402130868587493,28.2515,29.887147540983605,28.95555416921055,3.7427577543600186,3.7964260679254616,3.7283997213466935,7.103853063580946
2001-06-27,sz000901,32.02,32.63,32.75,31.66,8266,26492580.0,3.4,1.91,0.61,2.76,3.9172954009456893,0.3163225052589409,31.912,32.10133333333333,32.007109030827614,3.656581016621878,3.6995812173821436,3.718275530558149,31.631999999999998,31.735636363636363,31.752731251451603,3.692904209277571,3.694100017690684,3.7012423597802124,31.610999999999997,31.638142857142856,31.32607187892086,3.698261158517115,3.6831035613905057,3.731504100281185,31.253666666666664,31.53972043010753,30.734258038414612,3.837854631172536,3.7371762484801736,3.751637752283713,28.38633333333333,30.030704918032793,29.076027803006927,3.7511660705638374,3.802148613715155,3.7345930223171524,7.423124254454352
2001-06-28,sz000901,32.65,31.89,32.75,31.85,4921,15665184.0,2.76,-2.27,-0.74,1.64,3.6920533650340808,-0.22524203591160852,32.022000000000006,32.094,31.96807268721841,3.6756283024455763,3.711405333519544,3.709534808716793,31.570000000000004,31.782545454545453,31.777689205733125,3.7034620679238395,3.693945318737323,3.699571633462734,31.619,31.66471428571429,31.379779319023637,3.6996834913625927,3.6825123429635505,3.727746887400508,31.37066666666667,31.58077419354839,30.808822035936252,3.8300055986445045,3.7277697151809193,3.747793598267608,28.502666666666666,30.145579234972676,29.168289186514894,3.752615468949712,3.8002104922223765,3.733198279455412,7.194935500380531
2001-06-29,sz000901,31.85,32.0,32.24,31.63,3712,11809132.0,1.91,0.34,0.11,1.24,3.5696079675468244,-0.12244539748725636,32.07000000000001,32.086666666666666,31.978715124812275,3.6701645330863473,3.6760652218866263,3.662892528326804,31.608000000000004,31.86072727272727,31.818109350145285,3.695704134888923,3.6696082095778655,3.6759418760234777,31.619,31.701,31.4388479553071,3.6691877363881695,3.670124197838239,3.712686037890633,31.472,31.62137634408602,30.885672227166175,3.8116159591352337,3.7109698680133274,3.7362977511243316,28.626166666666666,30.260245901639344,29.26113216400621,3.7589414114461723,3.7942102462747402,3.727834662671524,7.0722179770831195
2001-07-02,sz000901,31.76,31.9,32.38,31.76,4571,14573768.0,1.94,-0.31,-0.1,1.52,3.6600112212893308,0.09040325374250635,32.088,32.03,31.95247674987485,3.6879881701005344,3.672680784620955,3.661932092647646,31.695,31.913818181818183,31.832998559209777,3.6708728430902378,3.663118588923394,3.6730453933445415,31.614500000000003,31.727761904761905,31.482767197658806,3.6718799817222547,3.6692502440193016,3.707669388690509,31.508333333333333,31.648989247311828,30.951112728639327,3.788093828496348,3.7011889171845587,3.7313760395220736,28.750333333333334,30.367584699453555,29.347652420924035,3.764564386606124,3.790966633482713,3.7256109432819438,7.163571851704366
2001-07-03,sz000901,32.25,32.04,32.25,31.63,3577,11369283.0,1.94,0.44,0.14,1.19,3.5535189401489697,-0.10649228114036102,32.092000000000006,32.013999999999996,31.981651166583237,3.6784973789929793,3.627857707970433,3.6257943751480877,31.829,31.976545454545455,31.870635184807995,3.640292890595423,3.6417815156613456,3.651313310945346,31.6415,31.76828571428572,31.535836988357964,3.6553274879837865,3.657977763869465,3.692988393591315,31.56,31.683290322580653,31.021363520340017,3.764512679897843,3.6860550534202114,3.7199013879496157,28.8785,30.475442622950823,29.43592611204128,3.7647925596356426,3.784047110648052,3.719968582523485,7.055733076916218
2001-07-04,sz000901,32.24,32.4,32.57,31.75,5024,16124247.0,2.56,1.12,0.36,1.67,3.70104963072914,0.1475306905801701,32.04600000000001,32.11666666666667,32.12110077772216,3.635248224949669,3.63537512521582,3.650879460341772,31.979000000000003,32.080363636363636,31.96688333302472,3.6459146207857733,3.6528281956856574,3.660356278178763,31.703999999999997,31.84052380952381,31.618138227561968,3.6432176132633507,3.6623322536547374,3.693756130461584,31.56833333333333,31.737483870967743,31.11030780935034,3.7508647109275923,3.681960663151263,3.718685145548295,29.010166666666667,30.59090163934426,29.533108862466154,3.7728082520137938,3.7819571785527573,3.719348289022031,7.207479442291445
2001-07-05,sz000901,32.73,32.43,32.87,32.0,5453,17546034.0,2.69,0.09,0.03,1.82,3.7366354976868212,0.0355858669576814,32.154,32.24466666666667,32.22406718514811,3.6441646514802173,3.669170882794871,3.6794648061234554,32.088,32.16236363636364,32.05108636338386,3.6598964769628965,3.669322900576758,3.674225227180228,31.762,31.909666666666674,31.695458396365588,3.6558486400143138,3.6712291950284013,3.6978398797211303,31.619000000000003,31.793075268817205,31.195449241005157,3.730793390019367,3.6810426493937936,3.719843232783039,29.148166666666665,30.703027322404377,29.628088899762346,3.779335820076453,3.7807711866076104,3.719915082748745,7.244178966581765
2001-07-06,sz000901,32.45,32.43,32.6,32.15,3515,11313448.0,1.39,0.0,0.0,1.17,3.5459253293558426,-0.19071016833097865,32.24,32.336666666666666,32.2927114567654,3.639428123842021,3.6364244420867453,3.6349516472009182,32.155,32.224545454545456,32.11997975185952,3.6547963284641845,3.648600873739111,3.6508979730303395,31.802999999999997,31.973285714285716,31.765414739568865,3.6610209180288833,3.660760308299023,3.683371827305389,31.679,31.845397849462362,31.275097677069343,3.705089599984617,3.6691156777380827,3.7086227228845106,29.2895,30.81062841530055,29.719954837475054,3.783203455226231,3.773118383633164,3.714210500670289,7.053594985045868
2001-07-09,sz000901,32.42,32.76,32.93,32.15,3646,11806516.0,2.41,1.02,0.33,1.22,3.5618166643189575,0.0158913349631149,32.412,32.51,32.44847430451027,3.6197892124479467,3.6105539555790576,3.6105733195735983,32.25,32.334545454545456,32.236347069703235,3.6538886912742408,3.631695480258161,3.6347013714464516,31.8825,32.06442857142857,31.860137145324213,3.667311574461336,3.6513122841361727,3.6717951451162048,31.755666666666666,31.915139784946234,31.37089782693584,3.6960049183713024,3.6598722625338462,3.6991513642673786,29.432333333333336,30.924415300546453,29.81962844936112,3.786327371330699,3.7658598003247286,3.7092139814456546,7.072121760001182
2001-07-10,sz000901,32.75,32.59,33.05,32.34,7859,25467144.0,2.17,-0.52,-0.17,2.62,3.895367288773362,0.3335506244544044,32.522000000000006,32.56933333333333,32.49564953634018,3.688158882172824,3.7024133143541964,3.7055046426401863,32.307,32.39636363636364,32.30064760248447,3.6833281305829018,3.6756006798034555,3.6820951745967987,31.954500000000003,32.131809523809515,31.929647893388573,3.6838288924827403,3.6730318759754135,3.6930877302264102,31.801,31.968967741935483,31.449549580036752,3.690841703908888,3.6727343509468824,3.7118104561709906,29.571833333333334,31.027945355191257,29.910460303480427,3.795357966825626,3.7694348795851447,3.715317368571153,7.405980243959036
2001-07-11,sz000901,32.55,31.8,32.55,31.7,3705,11823843.0,2.61,-2.42,-0.79,1.24,3.568788212315347,-0.32657907645801476,32.402,32.32866666666667,32.26376635756012,3.661706598490066,3.662623091068371,3.6599324991985736,32.224000000000004,32.30418181818182,32.20962076566911,3.6484774117198677,3.6547752401184455,3.6614939087274436,31.927999999999997,32.117095238095246,31.917300474970613,3.6706908104987193,3.6620756207213763,3.681249680901547,31.81533333333333,31.968903225806457,31.47215928455051,3.6816665762513656,3.6648599321343966,3.702583214631917,29.695666666666668,31.101000000000006,29.972412424677792,3.8001614641914134,3.762006363043824,3.710513133939815,7.0727586544162495
2001-07-12,sz000901,31.48,30.81,31.73,30.25,7635,23318046.0,4.65,-3.11,-0.99,2.55,3.88280904139244,0.31402082907709294,32.078,31.798000000000002,31.77917757170675,3.69094130723119,3.7363239053691624,3.734224679929863,32.116,32.047090909090905,31.955144262820177,3.6675529793557033,3.6973809909680044,3.7017330237574426,31.843,32.010619047619045,31.811843286878172,3.685507523639771,3.6822773569969685,3.7004458104721083,31.784666666666666,31.90404301075269,31.429439330708544,3.6889733206936293,3.6778368653693043,3.7142106873261445,29.800166666666666,31.13753551912568,29.999874312393274,3.8099745299796988,3.764716119673366,3.7161621800858025,7.367692154707366
2001-07-13,sz000901,30.81,30.85,31.43,30.55,3233,9945612.0,2.86,0.13,0.04,1.08,3.5096057046115563,-0.3732033367808838,31.762,31.388666666666666,31.46945171447117,3.6836773822823323,3.675878704495951,3.6593516881570944,32.001,31.81690909090909,31.754208942307415,3.661552753062177,3.6686633046508863,3.666800783912736,31.8045,31.916047619047617,31.720239164318347,3.67862844397555,3.6655248028038043,3.682270562294913,31.746333333333332,31.843741935483866,31.39205614808219,3.6666427419461716,3.666264761105946,3.7010103658606877,29.907333333333334,31.171956284153005,30.027747285757428,3.816147138097031,3.7548679614645737,3.70938983662763,6.997631512452426
2001-07-16,sz000901,30.85,31.06,31.4,30.53,2285,7045399.0,2.82,0.68,0.21,0.76,3.358886204405869,-0.15071950020568714,31.422000000000004,31.154666666666664,31.332967809647446,3.643091290299715,3.56761497853713,3.5591965269066863,31.917,31.645818181818182,31.627989134615156,3.6314402513738306,3.613633023077013,3.610816314911487,31.806,31.845142857142854,31.657359243907074,3.651156547232034,3.6350731609400264,3.651472052019766,31.715333333333334,31.7994623655914,31.37063317078657,3.658400071606113,3.6464095006194737,3.678937839315216,30.018166666666666,31.209748633879784,30.06159163704407,3.8159749772136267,3.739875799704208,3.6978979142597033,6.847905593412931
2001-07-17,sz000901,30.86,31.24,31.38,30.86,2574,7979052.5,1.67,0.58,0.18,0.86,3.410608542568368,0.051722338162498716,31.152000000000005,31.094,31.301978539764967,3.5461395410587158,3.490120729293347,3.5096671987939136,31.837,31.522727272727273,31.557445655594215,3.6171492116157706,3.5734818032942015,3.574414901758192,31.833,31.7912380952381,31.61761074448735,3.6287210511055967,3.6121638271625334,3.628532670167252,31.706666666666667,31.76879569892473,31.36220522428421,3.6426013958611145,3.6304229503589727,3.6616262717831614,30.127666666666663,31.249808743169403,30.100227976813116,3.815156886648467,3.7265850969289542,3.6884785905976925,6.9019513226223115
2001-07-18,sz000901,31.25,31.19,31.75,30.55,2592,8030922.5,3.84,-0.16,-0.05,0.86,3.413634997198556,0.0030264546301879136,31.03,31.10666666666667,31.26465235984331,3.5151088980353578,3.4459525480066278,3.4776564649287947,31.716,31.405090909090912,31.490637354577085,3.588407748262712,3.5364792188547076,3.5451821918382582,31.847500000000004,31.73,31.57688591167903,3.6171611845242433,3.5916794410761494,3.608066225122614,31.708000000000002,31.7354623655914,31.35109520981426,3.624947658263138,3.6156509246388087,3.645626834713187,30.229499999999998,31.2846393442623,30.13595820708154,3.810450691348134,3.7134204448158425,3.6794673252403434,6.904765434898657
2001-07-19,sz000901,31.42,31.69,32.25,31.05,4834,15337743.0,3.85,1.6,0.5,1.61,3.6843066460716316,0.2706716488730758,31.206,31.326666666666664,31.406434906562207,3.4754084189711962,3.5023517973520515,3.546539858643074,31.642000000000003,31.40036363636364,31.52688510829034,3.5831748631011933,3.5539153820926934,3.570477547153417,31.865,31.715,31.587658681995315,3.6215356700320447,3.5980742469378053,3.615327217593949,31.721999999999998,31.734301075268824,31.372960034987535,3.63162404770994,3.6194805367554856,3.648122306413732,30.351333333333336,31.33252459016394,30.186910397013293,3.8014663666753297,3.709284574478907,3.679625991497107,7.185761456434204
2001-07-20,sz000901,31.95,31.93,32.1,31.77,2122,6718736.0,1.04,0.76,0.24,0.71,3.3267453795653217,-0.3575612665063099,31.422000000000004,31.567999999999998,31.580956604374805,3.438836353961949,3.4527974508834274,3.4732750322838237,31.591999999999995,31.45272727272727,31.60017872496482,3.5612568681221406,3.507291839631625,3.526162607591945,31.8735,31.721190476190475,31.62026261704338,3.6080265982931623,3.5699989811790696,3.5878432330197936,31.732666666666667,31.747720430107524,31.408898097246404,3.6277662347266357,3.599810945262284,3.6273883111331897,30.447000000000003,31.384284153005463,30.24406087579974,3.7791173499713717,3.6937199519507096,3.6680561353681953,6.827287576646254
2001-07-23,sz000901,31.95,31.9,32.11,31.82,1737,5498149.0,0.91,-0.09,-0.03,0.58,3.2397998184470986,-0.08694556111822305,31.590000000000003,31.72733333333333,31.68730440291654,3.415019076770195,3.386451939045144,3.3954499610049154,31.506,31.508727272727274,31.654691684062126,3.5290551835349553,3.4488451033270726,3.4740966459292455,31.878000000000004,31.723714285714284,31.64690427256306,3.591471937404598,3.534929764050873,3.5546962411557277,31.757,31.75851612903225,31.440582090972445,3.621226110819209,3.5747808538894112,3.6023826019276357,30.541166666666665,31.431923497267757,30.29835396183909,3.7626831500985207,3.676037409933521,3.6540149446494707,6.740216505060192
2001-07-24,sz000901,31.95,31.85,32.25,31.27,4493,14250191.0,3.07,-0.16,-0.05,1.5,3.6525364185930256,0.41273660014592695,31.712,31.814000000000004,31.74153626861103,3.4634046519751265,3.4656243863194205,3.481145446867619,31.432000000000006,31.571272727272728,31.690202286959916,3.504772096516921,3.471296236973994,3.506540240959023,31.869500000000006,31.72104761904762,31.66624672279515,3.594050113549911,3.5407454289259612,3.564014353292613,31.780333333333335,31.764516129032256,31.466996149619387,3.624143293827467,3.576800873745787,3.6056183320350805,30.638333333333335,31.474836065573772,30.349227602434528,3.757217035105181,3.672426041687439,3.653966468385325,7.153820685375416
2001-07-25,sz000901,31.85,31.57,32.13,31.05,3442,10908888.0,3.39,-0.88,-0.28,1.15,3.5368108659915416,-0.11572555260148398,31.788000000000004,31.766666666666666,31.684357512407356,3.488039825733724,3.490093124324892,3.4997005865755932,31.409000000000002,31.596363636363634,31.668347325694477,3.501574361884541,3.477121467787561,3.5120439909649357,31.8165,31.692523809523806,31.657080368243232,3.575025886802204,3.5352940720156405,3.561423544978225,31.755,31.750946236559145,31.47364155932136,3.61431866096066,3.5711665235628236,3.6011791406774334,30.726333333333336,31.5053825136612,30.38925292694487,3.753146600561355,3.665199609913221,3.650125301093725,7.0377804829369115
2001-07-26,sz000901,31.55,30.95,31.6,30.85,3764,11693544.0,2.38,-1.96,-0.62,1.25,3.5756496147552195,0.03883874876367788,31.640000000000004,31.487333333333332,31.43957167493824,3.4663084194704417,3.519296387332057,3.5250169293021356,31.423000000000002,31.51290909090909,31.537738721022748,3.4708584192208187,3.49058969558223,3.5236086498358965,31.7695,31.610000000000003,31.589739380791496,3.5692056992882613,3.535353474677833,3.56277840876651,31.703,31.69901075268817,31.439858232913533,3.6139578221667876,3.5686717463882793,3.599532074488904,30.799666666666667,31.51271584699454,30.407638076881103,3.748180574190667,3.659380036608102,3.6476834753121348,7.0679461541374
2001-07-27,sz000901,30.27,29.31,31.15,29.25,8189,24392876.0,6.14,-5.3,-1.64,2.73,3.9132308711135604,0.3375812563583409,31.116000000000003,30.710666666666665,30.729714449958827,3.5836055177800894,3.6682705378797635,3.654421576572611,31.269,31.128727272727268,31.132695317200426,3.5112209358710196,3.57102105047182,3.5944490537045626,31.634999999999998,31.37576190476191,31.37262134452564,3.586386844466598,3.5681177767564316,3.5961548337519433,31.625999999999998,31.544623655913977,31.302448024338467,3.6228259412740393,3.5879796850300067,3.619770706529205,30.8585,31.463874316939886,30.37164994321287,3.7500306514143755,3.6647915217531155,3.656389947305624,7.387263008074888
2001-07-30,sz000901,29.25,28.65,29.25,28.38,6702,18982556.0,2.97,-2.25,-0.66,2.23,3.8262044234992527,-0.08702644761430767,30.466,29.888666666666666,30.036476299972556,3.70088643879052,3.7491368397861518,3.7116825255481585,31.028,30.652545454545457,30.68129616861853,3.5579527577803574,3.628290775495135,3.6365863936672334,31.472499999999997,31.0914761904762,31.113324073618436,3.5946965045770947,3.590957546188113,3.6180643184897825,31.546666666666667,31.352623655913977,31.13132234534889,3.6200886174148086,3.6011008774316324,3.6330890108498535,30.898999999999997,31.391464480874316,30.315202404091135,3.7524016062935046,3.66728902247721,3.661957635049677,7.2783546897539635
2001-07-31,sz000901,27.65,28.25,28.75,26.37,9529,26072680.0,8.31,-1.4,-0.4,3.18,3.9790473269479647,0.152842903448712,29.746000000000002,29.15,29.440984199981706,3.766188620461508,3.841857135838633,3.8008041260147607,30.728999999999996,30.147454545454544,30.239242319778796,3.614796636218317,3.7048534244347002,3.6988520179000934,31.282999999999998,30.78457142857143,30.840626542797633,3.615972923917044,3.6275623864139113,3.652443652628657,31.464999999999996,31.139935483870968,30.945430581132836,3.6240795794765033,3.624259503853127,3.6554089022110223,30.933666666666667,31.304612021857924,30.247490849858636,3.759262739948454,3.6747200297117817,3.672354018390604,7.416185674413077
2001-08-01,sz000901,28.05,28.8,29.25,27.75,7378,21087528.0,5.31,1.95,0.55,2.46,3.8679386508907845,-0.11110867605718022,29.192,28.834666666666667,29.227322799987803,3.8324141774413563,3.875773812648392,3.8231823009734356,30.49,29.79672727272727,29.97756189800083,3.6602270015875398,3.7508792452842394,3.729595042080219,31.103,30.548095238095236,30.646281157769288,3.6243173749251256,3.6515591223161716,3.6729669857964784,31.395,30.968000000000007,30.80701570493072,3.6315164568786753,3.639992347170177,3.6691204989000394,30.967,31.234655737704916,30.200032133469826,3.7625205955788323,3.6782831743328424,3.678766629292249,7.324025672253372
2001-08-02,sz000901,28.9,28.7,29.25,28.5,3886,11119431.0,2.6,-0.35,-0.1,1.3,3.589502796263764,-0.2784358546270207,28.742,28.670666666666666,29.051548533325203,3.835184813743065,3.7948033522558613,3.745289132736879,30.190999999999995,29.47127272727273,29.745277916546133,3.650746616606753,3.7380202988617346,3.7041237246590453,30.916499999999996,30.319238095238095,30.460921047505547,3.6169607398539734,3.648243448157947,3.665018015364791,31.307,30.794129032258063,30.671079207838417,3.6312726522236143,3.6372817884208284,3.663983872923506,30.997333333333334,31.160327868852455,30.150850752044587,3.758638481786906,3.6726104596012,3.6758399462421343,7.046082564235004
2001-08-03,sz000901,28.65,28.79,29.22,28.65,3178,9135757.0,1.99,0.31,0.09,1.06,3.5021538928713607,-0.08734890339240309,28.637999999999998,28.686666666666667,28.96436568888347,3.752969418094625,3.6837930452986263,3.664244052781706,29.877000000000002,29.21654545454545,29.571591022628652,3.6682874679373576,3.7110034400007543,3.667401937061284,30.734500000000004,30.116714285714288,30.301785709647877,3.6147721680297495,3.637309462731031,3.649507146555893,31.208000000000002,30.63174193548387,30.549719258945615,3.6281135548412276,3.6289515458819728,3.6535432290491743,31.024166666666666,31.08795628415301,30.1062326946005,3.7516246330729475,3.664201128817085,3.6701453215414532,6.960744539351573
2001-08-06,sz000901,28.79,27.37,28.81,26.75,5006,13718989.0,7.16,-4.93,-1.42,1.67,3.6994908452722046,0.19733695240084392,28.381999999999998,28.264000000000003,28.432910459255645,3.7276267024492156,3.665966854357819,3.6759929836118728,29.424,28.760727272727273,29.171301745787076,3.7142565706198676,3.7166767813343635,3.6732362840087243,30.465000000000003,29.796285714285716,30.022568023014745,3.621655877077411,3.6453779081826934,3.654267498814589,31.060000000000002,30.384129032258066,30.344576080949125,3.632400148476355,3.633556532361391,3.6565075913861445,31.022,30.9681475409836,30.016520147236548,3.748718754940427,3.6624918242990274,3.6711074698604937,7.13732210787954
2001-08-07,sz000901,27.25,27.73,27.75,26.86,2739,7462979.0,3.25,1.32,0.36,0.91,3.4375920322539613,-0.26189881301824336,28.278000000000002,28.04666666666667,28.198606972837098,3.619335643510415,3.5692886309594014,3.5965259998259023,29.011999999999993,28.45272727272727,28.909246882916698,3.692762131985961,3.6663741379951076,3.630391874598767,30.221999999999998,29.535809523809526,29.804228211299055,3.598767114251441,3.627848018199508,3.6336317400945295,30.916999999999998,30.169290322580643,30.175893753145957,3.6269541196952617,3.6209882667986557,3.642384006926004,31.010166666666667,30.8602131147541,29.94155227355666,3.736911889914478,3.6522909481453723,3.663451226004542,6.87291221956533
2001-08-08,sz000901,27.63,28.34,28.65,26.86,4580,12705865.0,6.46,2.2,0.61,1.53,3.660865478003869,0.22327344574990793,28.186,28.067333333333334,28.2457379818914,3.577921008933032,3.583131909123886,3.6179724925518912,28.689,28.33054545454545,28.805747449659115,3.705167593187194,3.6605747463619993,3.635932529763331,30.049,29.356571428571428,29.66477790546105,3.6033709775358673,3.633762148080692,3.6362254294192287,30.774,30.00303225806452,30.057448994878477,3.618406455597201,3.623176096366953,3.64357635989877,31.01383333333333,30.772666666666666,29.889042362948242,3.7281305433848684,3.649797623164697,3.663366447381569,7.104004236638585
2001-08-09,sz000901,27.87,28.36,28.81,27.87,1467,4168319.0,3.32,0.07,0.02,0.49,3.166430113843283,-0.4944353641605863,28.118000000000006,28.125333333333334,28.283825321260935,3.4933064724489356,3.445968277427303,3.4674583663156886,28.43,28.27072727272727,28.724702458812,3.664245643096,3.5626224773903794,3.550568454141504,29.926499999999997,29.19571428571429,29.54051334303619,3.5675520311584092,3.5921487324909225,3.5914830184119957,30.656333333333333,29.847290322580648,29.94793615649922,3.6008856805575076,3.5940163323828296,3.612792731120997,31.0135,30.685655737704913,29.838909826458135,3.7154456396010063,3.6313812156387426,3.64707345283933,6.619960947968623
2001-08-10,sz000901,28.06,28.26,28.63,28.06,1287,3625638.0,2.01,-0.35,-0.1,0.43,3.1095785469043866,-0.05685156693889626,28.012,28.172666666666665,28.27588354750729,3.4147914032555406,3.318058968912453,3.3481650931785882,28.325,28.239818181818183,28.64021110266436,3.583880410675083,3.4617739144464497,3.4703884710074826,29.796999999999997,29.037,29.418559691318457,3.5475506732730517,3.548532210181015,3.54558735445889,30.531666666666663,29.692688172043013,29.839037049628306,3.585551366536093,3.562319097953597,3.580327299881216,31.001833333333334,30.595377049180325,29.787142291164425,3.698583662835664,3.6115167207962315,3.6294506690381843,6.559384440010263
2001-08-13,sz000901,28.2,28.47,28.5,27.74,1250,3507868.0,2.69,0.74,0.21,0.42,3.0969100130080562,-0.01266853389633038,28.232000000000006,28.325333333333333,28.340589031671527,3.2942752368027106,3.212098505496625,3.2644133997884115,28.307,28.26618181818182,28.609263629452656,3.5109509696259638,3.373233842143353,3.4024832968257686,29.6675,28.910619047619047,29.32822067309765,3.5344518637031603,3.505614052060539,3.5028561790826203,30.417333333333332,29.559677419354838,29.750712078684547,3.5667813262600503,3.530793849338884,3.549139087824883,30.962833333333332,30.512366120218573,29.743957298011495,3.6774375773781993,3.5917897158838508,3.6119903196601473,6.545043242632945
2001-08-14,sz000901,28.06,28.9,29.24,27.81,3559,10102042.0,5.02,1.51,0.43,1.19,3.551327988003846,0.45441797499578973,28.466,28.548000000000002,28.527059354447687,3.3170224279526885,3.2977827558970034,3.360051595860223,28.372000000000003,28.374,28.66212478773399,3.468179035731551,3.3805751182120596,3.429545967949055,29.5505,28.83752380952381,29.287437751850256,3.5414878359749347,3.507221301993938,3.5074725418370227,30.312666666666665,29.46178494623656,29.695827428446833,3.56670829452188,3.5297968597739677,3.549280307191268,30.93633333333333,30.44473224043716,29.71628656692915,3.6656104872098614,3.587654975248626,3.610001390753383,7.0044091697920825
2001-08-15,sz000901,29.1,29.35,29.64,28.55,2981,8643467.0,3.77,1.56,0.45,0.99,3.4743619760326307,-0.07696601197121522,28.668000000000006,28.842666666666666,28.801372902965127,3.27972172755844,3.3502292719236513,3.3981550559176923,28.427,28.55181818181818,28.78719300814599,3.4288213682457362,3.381699289175892,3.43769433305516,29.458499999999997,28.81842857142857,29.29339606119785,3.544524184916638,3.5008283629518138,3.5043191546175567,30.211000000000002,29.39967741935484,29.673515981450265,3.5591520393653293,3.5238390327746614,3.5444468664713558,30.889666666666667,30.39272131147541,29.704277171292127,3.6550083751464606,3.5813845322592086,3.605554196828112,6.936687978237142
2001-08-16,sz000901,29.72,29.61,30.15,29.17,3851,11369669.0,3.34,0.89,0.26,1.28,3.585573518622731,0.11121154259010035,28.918000000000006,29.156666666666663,29.070915268643418,3.3635504085143304,3.4521798689450813,3.4606278768193723,28.518,28.766909090909095,28.93679427939217,3.4284284404816328,3.4101996801535277,3.464581457703809,29.3545,28.83285714285714,29.323548817274247,3.5395875285441925,3.504737823304775,3.5120576654751923,30.117,29.36090322580645,29.66941817619541,3.554116640063193,3.525543644339655,3.5471001988682187,30.868,30.350765027322407,29.70118611649566,3.6424550150412798,3.579107979586299,3.604899092624657,7.05574782145414
2001-08-17,sz000901,29.75,29.69,30.25,29.45,3483,10382780.0,2.7,0.27,0.08,1.16,3.541953474458236,-0.04362004416449494,29.204,29.414,29.27727684576228,3.4500253940251,3.51164755759305,3.4877364093656604,28.607999999999997,28.98,29.073740774048137,3.432408398640321,3.4308405954220014,3.478649097113705,29.2425,28.864809523809527,29.358448929914797,3.550347933288839,3.504963151487065,3.5149048853783396,30.025666666666666,29.333354838709678,29.670746035795705,3.5539842448999392,3.524758923978044,3.546768152132091,30.852333333333334,30.312142076502735,29.700819358577768,3.629536922442278,3.5758128471081667,3.602835301865102,7.016313651875848
2001-08-20,sz000901,29.69,29.88,30.24,29.69,1331,3962080.0,1.85,0.64,0.19,0.44,3.124178055474675,-0.41777541898356096,29.486,29.639333333333337,29.478184563841523,3.455479002518424,3.4030317780762416,3.3665502914019987,28.858999999999998,29.21127272727273,29.22033336058484,3.3748771196605674,3.374798714846429,3.4141998168156995,29.141499999999997,28.925523809523806,29.408120460399104,3.544566845140217,3.4643755440761916,3.4776928063398955,29.929666666666666,29.32395698924731,29.68424629155082,3.539396291271797,3.4970294924022207,3.519504274928387,30.842666666666666,30.28026229508196,29.706694133706364,3.6177006048215494,3.5592437039289013,3.58714162165558,6.597923240311006
2001-08-21,sz000901,29.97,29.48,30.24,29.26,2401,7114007.0,3.28,-1.34,-0.4,0.8,3.3803921600570273,0.25621410458235205,29.602000000000004,29.63733333333333,29.478789709227684,3.4212918369290604,3.37800283058911,3.371164247620342,29.034000000000002,29.32418181818182,29.267545476842137,3.3691571324408742,3.3758014494639674,3.4080529701323043,29.023000000000003,28.95776190476191,29.414966130837286,3.530959632213418,3.4487398597825543,3.4684260781224796,29.826,29.294946236559138,29.67106911145077,3.522230453647919,3.4867711613561077,3.5105292997753965,30.813499999999998,30.23558469945355,29.699261539158613,3.6065360787784035,3.5514630991825236,3.580362950783496,6.852114288184577
2001-08-22,sz000901,29.39,28.94,29.74,28.75,3051,8847613.0,3.36,-1.83,-0.54,1.02,3.484442207642407,0.10405004758537961,29.520000000000003,29.416666666666668,29.299193139485126,3.4233078832510153,3.399052954160225,3.408923567627697,29.094,29.30709090909091,29.20799175377993,3.351514805404728,3.3967623722278817,3.421941922406868,28.8915,28.94985714285714,29.369731261233735,3.5283411992959612,3.4443096288710295,3.469951423791044,29.730666666666668,29.23778494623656,29.623903362324917,3.5194189201588206,3.484333210000913,3.508846261573268,30.773,30.174158469945358,29.674367718202593,3.6005427482050933,3.5474600214403593,3.5772180083854273,6.946826118070001
2001-08-23,sz000901,28.85,29.16,29.44,28.26,2023,5831277.5,4.08,0.76,0.22,0.67,3.3059958827708047,-0.17844632487160217,29.43,29.296666666666667,29.25279542632342,3.36739235608063,3.359948954000154,3.3746143393420667,29.173999999999996,29.319090909090914,29.199265980365393,3.3654713822974798,3.3884862044762594,3.4008608242912204,28.802,28.975428571428573,29.34975685540195,3.5148585126967404,3.4231338844400625,3.454336610360545,29.675666666666665,29.200967741935486,29.593974113142668,3.500191814871433,3.4705639817823304,3.495759140360206,30.730166666666666,30.121273224043712,29.657503202851686,3.594582567782531,3.537802747163825,3.568325479676751,6.765763709205489
2001-08-24,sz000901,29.25,29.15,29.6,29.06,1145,3339621.5,1.85,-0.03,-0.01,0.38,3.0588054866759067,-0.247190396094898,29.322000000000003,29.203333333333333,29.218530284215614,3.270762758524164,3.2570866641985803,3.2693447217866805,29.262999999999998,29.31472727272727,29.190308529389867,3.360394076274632,3.332728768908701,3.3386689447247995,28.794,29.00857142857143,29.330732392982714,3.472137243474857,3.3797002629142687,3.4166669795334363,29.618999999999996,29.167053763440855,29.565330621972173,3.4851651409402447,3.4420874444793927,3.467568582057994,30.682666666666663,30.06946448087432,29.640863753577857,3.575903941443208,3.5202362854881986,3.5516199061357394,6.523697248315703
2001-08-27,sz000901,29.15,28.47,29.15,28.42,1883,5360694.0,2.5,-2.33,-0.68,0.63,3.274850320016665,0.2160448333407583,29.040000000000003,28.91933333333333,28.969020189477078,3.3008972114325617,3.258449184696081,3.2711799211966754,29.262999999999998,29.17054545454545,29.059343342228072,3.378188106975493,3.3171753586799797,3.3270655584142297,28.785000000000004,28.97771428571429,29.24875787936531,3.4445695383007284,3.3609110321087265,3.4031606310080296,29.532666666666668,29.092924731182794,29.494664130232035,3.482363944793938,3.4285187463552917,3.455135145797263,30.624000000000002,29.99691803278688,29.602474778050716,3.570382008200026,3.5103656749496235,3.5425454934760974,6.729221017465125
2001-08-28,sz000901,28.47,28.53,28.94,28.07,1358,3843669.5,3.06,0.21,0.06,0.45,3.132899769944483,-0.14195055007218205,28.850000000000005,28.749333333333333,28.822680126318055,3.2513987334100536,3.2024500375333873,3.2250865374459448,29.226,29.037272727272725,28.963099098186603,3.336345285169557,3.2725774792197964,3.2917626877833666,28.799,28.953428571428578,29.180304747997187,3.4022621604505536,3.3312281970271793,3.37742150138293,29.442333333333334,29.028236559139785,29.432427734733196,3.473106985706475,3.405972670558553,3.434345766709987,30.5745,29.928262295081968,29.56731167057364,3.557854190783795,3.496021995006818,3.5291144861471917,6.584746037556073
2001-08-29,sz000901,28.43,29.14,29.45,28.43,2099,6078875.0,3.58,2.14,0.61,0.7,3.3220124385824006,0.18911266863791765,28.890000000000004,28.846,28.92845341754537,3.218912779598052,3.2259879392575033,3.257395171158097,29.205000000000002,29.021636363636365,28.99526289851631,3.3211103314245336,3.2699715071130404,3.2972626424740996,28.815999999999995,28.985904761904763,29.176466200568882,3.374965849835135,3.32358536637307,3.3721444477828793,29.374,29.0087311827957,29.41356142926654,3.47005290041927,3.396224635260225,3.427098455217885,30.541,29.88122950819672,29.553301451866307,3.5475002793412034,3.488289478541199,3.5223242550794933,6.783823213072155
2001-08-30,sz000901,29.05,28.49,29.54,28.37,2470,7116938.5,4.02,-2.23,-0.65,0.82,3.392696953259666,0.07068451467726522,28.756,28.712666666666667,28.78230227836358,3.2362529936958238,3.2839159971447076,3.3024957651919533,29.093,28.891636363636362,28.903396916967885,3.301822674888227,3.2829872565376097,3.3146143353442024,28.805500000000002,28.954857142857144,29.111088467181368,3.36512555768493,3.325274042889692,3.374101829256859,29.267333333333333,28.951698924731186,29.353976820926768,3.460332577325538,3.391233928991863,3.4248790034786456,30.494666666666667,29.81398360655738,29.518439109182165,3.545978312517739,3.4832139596532796,3.518074179609991,6.852293212949865
2001-08-31,sz000901,28.35,28.84,29.05,28.25,983,2807379.0,2.81,1.23,0.35,0.33,2.9925535178321354,-0.4001434354275304,28.694000000000006,28.740666666666662,28.80153485224239,3.22300259992707,3.202682838523478,3.199181682738681,29.008,28.845636363636366,28.891870204791907,3.2468826792256174,3.2267565007092296,3.256057823069281,28.808,28.958142857142857,29.085270517926,3.339645538932969,3.2897909914751398,3.337763894835457,29.16433333333333,28.92412903225806,29.320817026028266,3.4491928486010983,3.3610546348309995,3.396987036662742,30.4485,29.75973224043716,29.49619520396308,3.5384795416638672,3.465068884417686,3.50084399397793,6.448301046940705
2001-09-03,sz000901,28.3,28.8,29.24,28.3,4077,11779220.0,3.26,-0.14,-0.04,1.36,3.6103407114521566,0.6177871936200212,28.76,28.776,28.801023234828264,3.2901006782141686,3.3317955423651737,3.33623469230984,28.9,28.807818181818178,28.87516653119338,3.2954989448233656,3.292839779295873,3.320472893684349,28.879499999999997,28.95738095238095,29.05810189717114,3.335188032241966,3.315571484096015,3.363723591656095,29.060999999999996,28.900623655913986,29.28721592757483,3.4615442117012667,3.371451271143971,3.410751789874962,30.409,29.70568306010929,29.473369131701993,3.541385161260238,3.467424988345171,3.5044340502885603,7.071116533158099
2001-09-04,sz000901,28.8,28.64,29.15,27.85,4616,13104295.0,4.51,-0.56,-0.16,1.54,3.664265800147675,0.053925088695518486,28.782000000000004,28.735999999999997,28.747348823218847,3.396373884254807,3.456517249676343,3.445578394922452,28.815999999999995,28.760545454545454,28.83240898006731,3.32388630883243,3.3598882984457474,3.3829806948594987,28.925,28.93457142857143,29.018282668869126,3.3465217206366518,3.3469122238965587,3.3923466591314835,28.954,28.873462365591397,29.245460061279683,3.4619351910864213,3.384530083301804,3.427107532473202,30.367166666666666,29.64768306010929,29.446045553613402,3.5430392424569446,3.471453861751317,3.509674435529843,7.117413661234878
2001-09-05,sz000901,28.66,28.42,29.23,28.34,4949,14088585.0,3.11,-0.77,-0.22,1.65,3.694517453811156,0.030251653663480926,28.638000000000005,28.615333333333336,28.638232548812567,3.4708748873005577,3.5558984395284594,3.528558081218687,28.764,28.68854545454545,28.75742552914598,3.344893833449305,3.4272757793509703,3.4396237419416176,28.929000000000002,28.88647619047619,28.961303367072066,3.3482043194270164,3.380054674675083,3.421124830053357,28.849,28.83901075268817,29.19220457345519,3.4671920773470757,3.399535390574367,3.4443597854627477,30.302000000000003,29.58384153005464,29.41240471579001,3.5407553691538682,3.4764203604842416,3.515734862358738,7.1488673765336905
2001-09-06,sz000901,28.45,28.14,28.7,28.05,895,2502816.0,2.29,-0.99,-0.28,0.3,2.951823035315912,-0.742694418495244,28.568,28.449333333333335,28.472155032541714,3.3827001037118074,3.382881155533577,3.3363130659177624,28.662,28.57509090909091,28.645166342028528,3.3094765487038154,3.3558083615085357,3.3509327043733075,28.918,28.811333333333334,28.883083998779487,3.337473965500648,3.3423040761883107,3.376429421030743,28.755333333333333,28.793268817204307,29.124320407425824,3.446397858032432,3.366285774959453,3.4125832209371456,30.229166666666668,29.51295628415301,29.370686528387058,3.5301778400996096,3.4571111036370947,3.4972459499966777,6.398428922671753
2001-09-07,sz000901,27.95,27.37,28.25,27.35,2604,7158456.0,3.2,-2.74,-0.77,0.87,3.4156409798961542,0.46381794458024217,28.274000000000008,28.05,28.104770021694478,3.467317596124611,3.393861447595026,3.36275570391056,28.483999999999998,28.34018181818182,28.41331791620516,3.3451600980258407,3.3751109853616876,3.362697845377461,28.8735,28.663904761904764,28.738980760800487,3.352777087150236,3.3497485537497873,3.380163855208401,28.69066666666667,28.703892473118277,29.011138445656417,3.429811528325185,3.3643014602409838,3.4127804957086947,30.158333333333335,29.4192131147541,29.305090248767808,3.526318734799612,3.4533557967451785,3.494570377206496,6.854819359879078
2001-09-10,sz000901,27.37,27.67,28.25,27.05,2630,7197252.5,4.38,1.1,0.3,0.88,3.419955748489758,0.004314768593603802,28.048000000000002,27.848666666666666,27.959846681129655,3.4292406035321314,3.378074165050075,3.3818223854369593,28.404000000000003,28.192181818181815,28.278169204167856,3.359670640873149,3.3887101945369453,3.37310837321606,28.833499999999997,28.549285714285716,28.637173069295677,3.3689293739243213,3.356146521496409,3.3839535593304353,28.658,28.638043010752686,28.924613384646328,3.4162699058248687,3.3636656034774077,3.413243415242957,30.10233333333333,29.337628415300546,29.251480732414766,3.518179261619839,3.4498684857186266,3.492123995937095,6.857166739235093
2001-09-11,sz000901,27.75,27.86,28.25,27.65,1955,5406709.0,2.17,0.69,0.19,0.65,3.2911467617318855,-0.12880898675787256,27.892000000000007,27.786,27.92656445408644,3.3546167958489734,3.332042884449994,3.351597177535268,28.337,28.09327272727273,28.202138439773698,3.37549534005189,3.3762513074203526,3.3582062620371187,28.7815,28.45657142857143,28.563156586505613,3.3559203126107233,3.3487386536685584,3.375114816702002,28.645,28.586559139784946,28.855928650153018,3.393339886984333,3.3555931425681833,3.4053662117906303,30.055,29.264109289617487,29.2058584133192,3.5087097332304182,3.44242479719771,3.4855345784221696,6.73293299559834
2001-09-12,sz000901,27.7,27.38,27.82,26.8,2341,6353493.0,3.66,-1.72,-0.48,0.78,3.3694014136966244,0.07825465196473891,27.684000000000005,27.615333333333336,27.744376302724294,3.2895935878260665,3.3369710903992105,3.3575319229223872,28.161,27.91927272727273,28.05265872345121,3.3802342375633123,3.375143320810304,3.3602417441570287,28.683,28.323095238095245,28.45047500683841,3.3506722844939225,3.3500225680576916,3.374570683082442,28.597666666666665,28.50494623655914,28.76070744691734,3.376721979077861,3.3540487249367184,3.4030459022361783,29.996333333333332,29.1764043715847,29.14599420304644,3.504119217978268,3.437857311311356,3.4817269336770695,6.803012555771674
2001-09-13,sz000901,27.45,27.96,28.25,27.45,1238,3449970.75,2.92,2.12,0.58,0.41,3.0927206446840994,-0.27668076901252503,27.648000000000003,27.707333333333334,27.816250868482864,3.3177731096997043,3.2713467760185546,3.269261496842958,28.107999999999997,27.882727272727276,28.035811682823713,3.3502366067057556,3.322868122104992,3.3116015442528597,28.6005,28.2542380952381,28.403763101425227,3.326029640796991,3.3254557452186604,3.3477278222825997,28.573,28.463806451612907,28.709048901954933,3.360162574025205,3.335726058201636,3.38302491787798,29.939999999999998,29.109639344262295,29.10710914720885,3.49571761312441,3.424368833498432,3.4689726291199228,6.537815412995753
2001-09-14,sz000901,28.05,28.14,28.75,27.75,1848,5217446.0,3.58,0.64,0.18,0.62,3.2667019668840878,0.1739813221999884,27.802000000000003,27.871333333333332,27.924167245655244,3.2879853070972915,3.2543230617466827,3.2684083201900016,28.038,27.888545454545454,28.0547550132194,3.3776514516109506,3.30768000577378,3.3034379847312647,28.523000000000003,28.210380952380955,28.378642806051396,3.312267065418284,3.3198054905602885,3.340011074149408,28.551333333333332,28.435870967741938,28.672336069570747,3.3523141764922966,3.329696341611887,3.3755202113622453,29.879666666666665,29.050622950819672,29.07540065057905,3.4902138656667616,3.416860123785635,3.462340804128584,6.717457962859986
2001-09-17,sz000901,28.2,28.08,28.24,27.75,938,2598606.5,1.74,-0.21,-0.06,0.31,2.9722028383790646,-0.29449912850502313,27.884000000000004,27.964,27.9761114971035,3.198434725075152,3.149062238840607,3.169673159586356,27.966,27.896181818181816,28.05934501081587,3.313837664303642,3.2339620760952554,3.2432134126672283,28.433000000000003,28.168190476190475,28.350200634046498,3.3046683045635037,3.287418421318458,3.304981718361756,28.575,28.405462365591397,28.634120839275862,3.3280712429291914,3.30517302947555,3.3494997356859115,29.8175,28.9916174863388,29.04276456367482,3.480235695702773,3.3998761556778407,3.4462707068908944,6.414740520433274
2001-09-18,sz000901,28.25,28.05,28.74,27.83,1510,4230184.5,3.24,-0.11,-0.03,0.5,3.1789769472931693,0.20677410891410464,27.922000000000004,28.019333333333332,28.000740998069,3.1760007621874093,3.1425763129132793,3.172774422155294,27.907,27.911454545454546,28.05764591794026,3.2653087790181914,3.209441945729715,3.2315340553264904,28.3615,28.131714285714285,28.32161009747064,3.2945975439253106,3.2754478158641405,3.2929812639742715,28.58566666666667,28.37159139784946,28.596435623838712,3.319450740097165,3.295554042660322,3.338498265467025,29.75133333333333,28.93366666666667,29.010214905849416,3.473202429896213,3.3899988196644113,3.437506977068018,6.626359309593601
2001-09-19,sz000901,28.0,27.79,28.24,27.55,1767,4871581.5,2.46,-0.93,-0.26,0.59,3.247236549506764,0.06825960221359484,28.004,27.97533333333333,27.930493998712667,3.151567789349437,3.1663215753530647,3.1975951312724504,27.844,27.89018181818182,28.008983023769304,3.2205806885877513,3.206156085818546,3.234389054268358,28.303999999999995,28.07728571428571,28.2709805643782,3.2827372610185286,3.270937244967137,3.288624624501175,28.567333333333334,28.320258064516132,28.544407519074927,3.3056631091472615,3.290895062622232,3.332610412824428,29.670666666666666,28.869360655737708,28.97020785975599,3.462034782372231,3.382590102274594,3.431268602393878,6.687669972554357
2001-09-21,sz000901,27.67,27.98,28.75,27.35,4600,12752242.0,5.04,0.68,0.19,1.53,3.662757831681574,0.41552128217480977,28.008000000000003,27.967333333333332,27.946995999141777,3.2655752267489317,3.336718256130444,3.3526493647421587,27.827999999999996,27.914909090909088,28.003713383083976,3.2916741682243176,3.2865519300174233,3.312274286525306,28.244999999999997,28.04642857142857,28.243268129675513,3.3005753584640667,3.3071296802683783,3.324256358518356,28.554666666666666,28.28236559139785,28.507994130747512,3.3222073664085383,3.313933431817994,3.353910246299083,29.6055,28.813928961748633,28.93774202828858,3.461546523483023,3.3891711858585065,3.438858413190196,7.105586545760583
2001-09-24,sz000901,27.78,27.95,28.55,27.78,2275,6322978.0,2.75,-0.11,-0.03,0.76,3.3569814009931314,-0.3057764306884425,27.970000000000006,27.948,27.947997332761187,3.2836311135707406,3.3671869808785098,3.3540933768258165,27.886000000000003,27.93709090909091,27.993947313432344,3.285808210334016,3.2984259723390257,3.320402852792183,28.185000000000002,28.018333333333334,28.21533783161118,3.315484154179928,3.312501684318766,3.3273730292302397,28.544333333333334,28.24335483870968,28.471994509408965,3.3304541282114966,3.316176917920226,3.3541083853116023,29.538,28.759650273224043,28.905357043754528,3.458002747373795,3.385742821186706,3.4361739209870135,6.800921670743279
2001-09-25,sz000901,27.91,28.21,28.75,27.88,3197,9002889.0,3.11,0.93,0.26,1.07,3.504742636271688,0.14776123527855667,27.996000000000002,28.028000000000002,28.035331555174125,3.3901390731492653,3.4408908217788254,3.4043097966411073,27.939999999999998,27.995999999999995,28.033229620081006,3.294286899112209,3.3382322316004207,3.353919177061184,28.171999999999997,28.020714285714288,28.21482946669583,3.3269787699926794,3.330526301660838,3.3442653727579965,28.535666666666664,28.221784946236554,28.455091637834194,3.3440485489869505,3.327421337795077,3.363826724083221,29.476499999999998,28.716109289617485,28.882558452156015,3.455414937623501,3.3872752765604086,3.438422075586511,6.954381895597734
2001-09-26,sz000901,28.25,28.05,28.57,27.55,3018,8321516.0,3.62,-0.57,-0.16,1.01,3.479719235439571,-0.02502340083211685,27.996000000000002,28.046,28.040221036782754,3.450287530778546,3.470750875875594,3.4294462762405953,27.958999999999996,28.016000000000002,28.036278780066276,3.3131441464829776,3.371947201841759,3.376791914948163,28.148000000000003,28.009095238095238,28.199131422248605,3.344319743267434,3.34507301265578,3.3571657406324324,28.507333333333335,28.190451612903225,28.428956693457796,3.3416615905681417,3.3361742853081493,3.37130366029976,29.41,28.669338797814213,28.855261453724673,3.4541849425450106,3.3880721387838855,3.4397760808275946,6.920202452547778
2001-09-27,sz000901,27.86,28.1,28.25,27.86,778,2166250.0,1.39,0.18,0.05,0.26,2.890979596989689,-0.5887396384498822,28.058000000000003,28.080666666666666,28.060147357855172,3.3790361402751308,3.2843148979459755,3.2499573831569597,28.031,28.041636363636368,28.047864456417862,3.2653019648122834,3.2951900110247974,3.2884624025920766,28.096000000000004,28.004523809523803,28.189690334415406,3.3227681011877985,3.3018977606293283,3.312767060285504,28.465666666666667,28.164172043010755,28.407733680976648,3.32221551126671,3.3070980276579265,3.3403150110539492,29.338333333333335,28.626387978142073,28.830498783110748,3.4406837753160198,3.3696063897492854,3.421782753488647,6.3357085757219735
2001-09-28,sz000901,28.1,28.42,28.74,28.04,1552,4384546.5,2.49,1.14,0.32,0.52,3.1908917169221698,0.2999121199324808,28.146000000000004,28.201333333333334,28.180098238570118,3.28466291732325,3.221600090161655,3.230268827745363,28.077000000000005,28.112363636363636,28.115525464341886,3.275119072036091,3.2816608750447767,3.2707222779248206,28.0925,28.035380952380944,28.211624588280607,3.312677839370923,3.2893381049849824,3.3011598847270913,28.426,28.161225806451615,28.408525056397508,3.3090594512100244,3.2986255247969885,3.330674798529319,29.2715,28.596278688524592,28.817039806615313,3.431588045636609,3.361416486195389,3.4142125555684344,6.641924680317171
2001-10-08,sz000901,28.52,28.06,28.74,27.87,868,2440485.0,3.06,-1.27,-0.36,0.29,2.938519725176492,-0.2523719917456777,28.168000000000006,28.172666666666668,28.140065492380078,3.200970582159922,3.106219026112736,3.133019126889073,28.069,28.109272727272728,28.105429925370633,3.2423008478653315,3.220460993797577,3.210321813788761,28.053500000000003,28.032285714285713,28.1971841513015,3.309976149738141,3.2537039988712277,3.2666227266746533,28.37166666666667,28.137612903225804,28.38603956888799,3.2889449929006327,3.2747197360206317,3.3053744712162336,29.198666666666668,28.55655737704918,28.79221882934924,3.4214646189002864,3.3452503117540737,3.398616069326075,6.387476142688198
2001-10-09,sz000901,28.05,28.03,28.2,27.75,344,952603.5,1.6,-0.11,-0.03,0.11,2.53655844257153,-0.4019612826049621,28.132000000000005,28.126666666666665,28.103376994920055,3.0073337434198906,2.884748312916605,2.9341988987832255,28.064000000000004,28.10218181818182,28.091715393485064,3.198736408284578,3.0921441928350677,3.087819382658355,28.015000000000004,28.030047619047625,28.18126185117755,3.25628703629411,3.1800451696172645,3.1970927948553083,28.310000000000002,28.11556989247312,28.363069274121028,3.269357672470528,3.2261786682574636,3.255773437110124,29.119833333333336,28.51824043715847,28.767228048059096,3.4043769818711622,3.3162369944973924,3.3703518848423197,5.978912172837858
2001-10-10,sz000901,28.25,27.09,28.3,26.86,1248,3416067.0,5.14,-3.35,-0.94,0.42,3.0962145853464054,0.5596561427748754,27.940000000000005,27.779333333333334,27.765584663280038,2.9306328134012576,2.914375260225443,2.9882041276376192,27.968,27.925090909090912,27.909585321942323,3.1904601720899013,3.0735038613917633,3.089345783147091,27.9375,27.94195238095238,28.0773321510654,3.2278844755540463,3.1648001742889114,3.187485346330651,28.230333333333338,28.03686021505377,28.28093577256483,3.259885086646841,3.2150081465075195,3.245479317641497,29.028166666666667,28.451688524590168,28.712236964516176,3.3910577701473796,3.3061333093654333,3.3613637766621256,6.533526380004361
2001-10-11,sz000901,26.87,26.67,27.25,24.45,2960,7600438.0,10.34,-1.55,-0.42,0.99,3.4712917110589387,0.3750771257125334,27.654000000000007,27.356,27.40038977552003,3.046695236215107,3.094594892778004,3.1492333221113924,27.856,27.689090909090908,27.684206172498264,3.212865688245119,3.1245641412043157,3.1587904973128813,27.85,27.8212380952381,27.943300517630597,3.2167231884164353,3.187981815765568,3.2145145239238215,28.154666666666667,27.936193548387102,28.177004432399357,3.259446736760725,3.228647283566365,3.2600478591522997,28.94266666666667,28.37437158469945,28.645278375515645,3.3894328284597735,3.3087639303789267,3.3649679712325127,6.880838620636307
2001-10-12,sz000901,25.85,26.95,27.05,25.85,1456,3809123.5,4.5,1.05,0.28,0.49,3.1631613749770184,-0.3081303360819203,27.360000000000003,27.121333333333332,27.250259850346687,3.041149167826077,3.1334169390319744,3.1538760063999347,27.752999999999997,27.52436363636364,27.55071414113494,3.1629060425746633,3.1155269933373884,3.159585202342724,27.790499999999998,27.735523809523805,27.848700468332446,3.227290105399491,3.1828806906760994,3.20962374783365,28.081,27.858473118279566,28.09784285611553,3.2546855865009325,3.22243532474161,3.2537971182377654,28.87833333333333,28.309038251366122,28.589695477957754,3.377438700686183,3.3013451941991647,3.3583513615192175,6.580825053653075
2001-10-15,sz000901,26.83,26.85,27.05,26.75,574,1531871.0,1.11,-0.37,-0.1,0.19,2.7589118923979736,-0.4042494825790448,27.118000000000006,26.951333333333334,27.116839900231128,3.005227601270373,3.0393378472226065,3.0222213017326145,27.643,27.360181818181818,27.423311570019496,3.1030990917151473,3.042073511487081,3.086735509625497,27.764499999999998,27.645952380952384,27.75358613801507,3.194453651024582,3.138273241818813,3.1666988092207284,28.00433333333333,27.779053763440864,28.0173368653984,3.2446891333583348,3.190449925122064,3.2218690391513274,28.811666666666667,28.242535519125685,28.532656281959138,3.36492713714929,3.2810656267143057,3.338697608433275,6.185222194573994
2001-10-16,sz000901,26.65,26.45,26.77,26.15,1199,3141113.0,2.31,-1.49,-0.4,0.4,3.0788191830988487,0.3199072907008751,26.802000000000003,26.728666666666665,26.89455993348742,3.1136797493758372,3.0638683744987656,3.041087262188026,27.467000000000002,27.14327272727273,27.24634583001595,3.0605067463978637,3.0376589826477542,3.0852961775297425,27.703500000000002,27.52076190476191,27.62943507725173,3.1773968227550364,3.127260435349695,3.1583293210186447,27.937,27.67877419354839,27.916218357953344,3.2381547621277407,3.179748638008549,3.2126400161802,28.734833333333334,28.16510382513661,28.464372469435887,3.3602593534608394,3.2716850380569142,3.3301770043239496,6.497083560210576
2001-10-17,sz000901,26.47,26.4,26.6,26.25,1115,2917702.0,1.32,-0.19,-0.05,0.37,3.0472748673841794,-0.03154431571466931,26.664000000000005,26.59466666666667,26.729706622324947,3.103891805783392,3.041733413834879,3.0431497972534105,27.302,26.949272727272728,27.09246477001305,3.0172623095923248,3.0352531864634473,3.0783832120487307,27.6305,27.39661904761905,27.512346022275374,3.165203228037651,3.114867868171518,3.147752706386791,27.866,27.579612903225804,27.81839781873055,3.235300598709064,3.1674338060896097,3.2019712969030376,28.654166666666665,28.088551912568313,28.396688126175693,3.354203792207769,3.2614232516281705,3.320901524424285,6.46504093308021
2001-10-18,sz000901,26.36,26.33,26.51,26.25,1648,4304802.0,0.98,-0.27,-0.07,0.55,3.216957207361097,0.16968233997691762,26.596000000000004,26.483333333333334,26.596471081549964,3.0530249050438236,3.079421881027448,3.1010856006226395,27.125,26.772545454545455,26.953834811828855,3.049860070629465,3.0715613496941336,3.103578483923706,27.578000000000003,27.272761904761907,27.39974163920153,3.1575810177208745,3.1197968185832754,3.1543436112414867,27.772333333333336,27.48051612903226,27.722372153006,3.2317987576683533,3.166250361486515,3.202938129835816,28.57316666666667,28.012349726775952,28.328927859743704,3.3509258290438115,3.256923363600411,3.3174935140287705,6.63395318081059
2001-10-19,sz000901,26.25,26.24,26.29,25.37,2872,7352417.0,3.49,-0.34,-0.09,0.96,3.4581844355702627,0.24122722820916565,26.454,26.364666666666665,26.477647387699978,3.112029517162472,3.2144750578695938,3.220118545605181,26.907,26.61163636363636,26.824046664223605,3.0765893424942745,3.145802143319733,3.1680522933139885,27.492,27.14533333333333,27.28929005451567,3.175854207265183,3.148425715521312,3.183280832606132,27.697333333333336,27.3816559139785,27.62673523990884,3.2339816737453737,3.180855889093089,3.219405633431587,28.482333333333333,27.935852459016395,28.260438421719318,3.3471571255354555,3.2604400392242288,3.322106331128491,6.866430130541167
2001-10-22,sz000901,25.45,26.16,26.25,25.45,1663,4264832.0,3.05,-0.3,-0.08,0.55,3.2208922492195193,-0.23729218635074334,26.316000000000003,26.266666666666666,26.37176492513332,3.2044255885267816,3.2507626352219434,3.2203764468099605,26.717000000000002,26.475818181818184,26.70331090709204,3.104826594898577,3.1720390354515966,3.177659558024085,27.393,27.018476190476193,27.181738620752274,3.1735637213819543,3.1527150528502963,3.1868628722835974,27.608,27.282473118279565,27.532107159914723,3.24159296479162,3.180011410091421,3.2195015441275823,28.386166666666668,27.85971038251367,28.191571588220324,3.3453929066963592,3.2563002072138705,3.318787836639672,6.629901928138949
2001-10-23,sz000901,26.75,28.75,28.75,26.75,9116,25540782.0,7.65,9.9,2.59,3.04,3.959804316508338,0.7389120672888185,26.776,27.078,27.16450995008888,3.3806226152086793,3.502555544549129,3.4668524033760866,26.788999999999998,26.845454545454544,27.075436196711667,3.247151182292258,3.3274895302897347,3.3198676959303124,27.426499999999997,27.147714285714283,27.331096847347293,3.2229437952884177,3.227595109528999,3.260476343162144,27.606333333333335,27.356150537634406,27.61068089153313,3.2532417516268257,3.22634762633121,3.2672630133134373,28.333666666666666,27.871639344262295,28.209880716475393,3.3573929816640464,3.276444843601148,3.3398047704058578,7.407234190229104
2001-10-24,sz000901,28.65,27.88,28.85,27.58,4510,12519850.0,4.42,-3.03,-0.87,1.5,3.6541765418779604,-0.3056277746303775,27.072000000000003,27.446000000000005,27.40300663339259,3.5020029501074355,3.5937401867722225,3.5292937828767115,26.868000000000002,27.04381818181818,27.221720524582274,3.3029473779454137,3.4014941411234987,3.380651122466248,27.418,27.19090476190477,27.383373338076122,3.2467037750176573,3.2686648949184804,3.297971600182698,27.581000000000003,27.373806451612904,27.62805631788583,3.252905443017836,3.2522143869925735,3.292225176446632,28.267500000000002,27.856765027322407,28.19906495527948,3.357420317052129,3.286175452132752,3.350112041601664,7.097599125634592
2001-10-25,sz000901,27.95,28.25,28.65,27.35,3835,10688750.0,4.66,1.33,0.37,1.28,3.583765368285,-0.07041117359296045,27.456000000000007,27.838666666666665,27.685337755595064,3.5753645822922158,3.6209943261647433,3.547450978012808,27.026,27.29509090909091,27.408680429203677,3.3141947436680197,3.4525519575488777,3.4175809853423846,27.441000000000003,27.270142857142858,27.4659092106403,3.263530215956569,3.300765999039179,3.3251900542876793,27.575333333333333,27.416967741935483,27.668181716731908,3.24921370683363,3.2735601886227137,3.311034221081366,28.21216666666667,27.8561912568306,28.200734956745727,3.358202892090353,3.293596601353503,3.3577728064109538,7.028926919442258
2001-10-26,sz000901,28.35,28.75,28.76,28.15,3939,11154841.0,2.16,1.77,0.5,1.31,3.5953859808091417,0.011620612524141816,27.958000000000006,28.27,28.04022517039671,3.602804891339992,3.627668125670385,3.563429312278253,27.206,27.60854545454545,27.652556714803005,3.3574172042512322,3.5036776370290816,3.44990916633634,27.4795,27.394809523809524,27.5882035715317,3.260161623412948,3.3323713099775194,3.3509229996706758,27.595666666666666,27.492752688172047,27.73797644468469,3.2706658050167383,3.2958938837179064,3.329379495902513,28.1755,27.87382513661202,28.218743646688488,3.3585318315245853,3.3013730960655936,3.3655634022928616,7.047463384273397
2001-10-29,sz000901,28.76,28.63,28.76,28.37,3207,9073073.0,1.36,-0.42,-0.12,1.07,3.5060989599284405,-0.08928702088070128,28.452000000000005,28.493999999999996,28.236816780264476,3.659846233481776,3.5954328151998682,3.544319194828316,27.383999999999997,27.867454545454546,27.83027367574791,3.4321359110042793,3.5307106835158466,3.4601254924439946,27.5135,27.504380952380952,27.68742227900487,3.2676175013597133,3.3557939134551855,3.3657016625523677,27.637666666666668,27.559483870967743,27.79552635147923,3.273681071017814,3.3110831195186616,3.340780751646122,28.164166666666667,27.88872677595629,28.232227461551158,3.3517462996714995,3.306211362570638,3.370171125494028,6.95775440513162
2001-10-30,sz000901,28.54,29.02,29.05,28.27,3580,10195167.0,2.72,1.36,0.39,1.19,3.5538830266438746,0.047784066715434115,28.506,28.683333333333334,28.497877853509653,3.5786619755088838,3.560111746253901,3.5475071387668358,27.641000000000002,28.164909090909095,28.046587552884652,3.4796422953587816,3.552846522723046,3.4771723168439728,27.554000000000002,27.647857142857145,27.814334442909168,3.2700745208783224,3.3830572968155814,3.3836236972277494,27.682666666666666,27.648666666666667,27.874524651383794,3.2781453136229515,3.329160665042924,3.3545292855169446,28.170333333333335,27.916786885245898,28.25805606936915,3.3472076097239096,3.3128387962418633,3.3761944665153343,7.00839434405084
2001-10-31,sz000901,28.75,28.95,29.12,28.73,4252,12213863.0,1.34,-0.24,-0.07,1.42,3.6285932558512592,0.07471022920738468,28.720000000000006,28.83133333333333,28.648585235673103,3.5735453183035433,3.5767555063680265,3.5745358444616437,27.895999999999997,28.40290909090909,28.21084436145108,3.537774134205489,3.5799285155398604,3.504703396663479,27.599,27.780809523809523,27.922493067394008,3.2775182218989074,3.417201938241575,3.4069541313823692,27.719,27.73043010752688,27.94391015774613,3.289393530093597,3.3517702097028153,3.3722108319901265,28.182000000000002,27.942349726775955,28.28074275561934,3.3413667085389647,3.322064555131285,3.384469836657496,7.086853044309126
2001-11-01,sz000901,29.43,28.51,29.43,28.36,2998,8506966.0,3.7,-1.52,-0.44,1.0,3.4768316285122607,-0.15176162733899856,28.772000000000002,28.761333333333333,28.602390157115405,3.5521585703489955,3.5445176097709328,3.5419677724785164,28.113999999999997,28.51454545454545,28.265236295732702,3.563761576320606,3.5688480599592736,3.4996358024541663,27.6195,27.867571428571427,27.97844610859458,3.3068108234750353,3.4361841674428475,3.4136091311090255,27.756666666666668,27.78146236559139,27.980432083052836,3.292974537254118,3.3638629902459547,3.378960560798006,28.177166666666665,27.95310382513662,28.288259386582638,3.33484825816599,3.3265060279172953,3.387498092128144,6.929774697052945
2001-11-02,sz000901,28.75,28.32,28.75,28.27,772,2183648.0,1.68,-0.67,-0.19,0.26,2.887617300335736,-0.5892143281765247,28.686,28.610666666666663,28.508260104743606,3.410604834254314,3.3230038530998467,3.3238509484309233,28.322000000000003,28.552,28.27519333287221,3.506704862797153,3.445912737052933,3.388359711159906,27.6145,27.934285714285718,28.010975050633192,3.291647102645714,3.396260974762914,3.363514671035379,27.768666666666665,27.8178064516129,28.002339690597818,3.286137759109173,3.337710910444769,3.347260995606892,28.170833333333334,27.957786885245902,28.289300062432385,3.323150166567189,3.3118427178244993,3.3711085579710156,6.339182632211142
2001-11-05,sz000901,28.32,27.87,28.32,27.85,762,2118338.0,1.66,-1.59,-0.45,0.25,2.8819549713396007,-0.00566232899613528,28.534000000000002,28.33866666666667,28.29550673649574,3.2857760365365465,3.1467872321282746,3.1765522894004827,28.493000000000002,28.46981818181818,28.201521817804533,3.472811135009161,3.3323218476970147,3.2962861221016686,27.604999999999997,27.958619047619045,27.99754885533479,3.288818864953869,3.357242676543285,3.317651842492924,27.759666666666664,27.824344086021508,27.99380164604312,3.27331285925769,3.3116346015564093,3.3172412521057764,28.1555,27.94792349726776,28.275552519401817,3.312813517874993,3.297377301587529,3.35507073545851,6.325995256915612
2001-11-06,sz000901,27.85,27.67,28.22,27.6,827,2287803.5,2.22,-0.72,-0.2,0.28,2.9175055095525466,0.03555053821294596,28.264000000000003,28.050666666666668,28.08700449099716,3.1585005331182807,3.024030389800275,3.0902033627845045,28.384999999999998,28.320181818181815,28.104881487294616,3.3685812543135816,3.2313571885230843,3.2274169198200098,27.587,27.964809523809528,27.966353726255285,3.3078662183029204,3.3218794998383965,3.2795426679271737,27.746,27.818559139784945,27.972911217266148,3.2714896149634725,3.288679288672206,3.291451849360407,28.160500000000003,27.932005464480874,28.255698338437824,3.2997804289463324,3.2844163832818754,3.3407243346091344,6.35941872006396
2001-11-07,sz000901,27.8,27.14,27.84,26.86,2044,5560176.5,3.54,-1.92,-0.53,0.68,3.3104808914626753,0.3929753819101287,27.902000000000005,27.676,27.771336327331444,3.0948780602405637,3.074690509248406,3.1636292056772284,28.311,28.09381818181818,27.929448489604685,3.3342116892720535,3.2207934861865564,3.242519460118676,27.589500000000005,27.92223809523809,27.88765337137383,3.318579533608734,3.3221285163298018,3.282489165406745,27.715666666666667,27.7794623655914,27.91917500970059,3.2758730797691227,3.2911948548979617,3.2926795294960374,28.150666666666666,27.89854644808743,28.21911806504642,3.2976619099331446,3.2847672181184766,3.3397327463092505,6.745088577869724
2001-11-08,sz000901,26.75,27.13,27.45,26.53,2860,7654549.0,3.39,-0.04,-0.01,0.95,3.456366033129043,0.1458851416663678,27.626000000000005,27.418666666666663,27.557557551554297,3.0907849411639203,3.195186500211233,3.2612081481611668,28.199,27.879090909090912,27.784094218767468,3.3214717557564577,3.243003366887827,3.28140065521147,27.6125,27.878476190476192,27.815495907433466,3.317833249712239,3.3352510400936404,3.299048867094583,27.69366666666667,27.741677419354836,27.868260492945716,3.2828440625565323,3.3028395615663433,3.3032399490852637,28.1305,27.865081967213115,28.183409276028502,3.294253585851897,3.2899706319937523,3.343556788500063,6.883919607499155
2001-11-09,sz000901,27.45,27.07,27.56,26.8,2689,7249424.0,2.8,-0.22,-0.06,0.9,3.4295908022233017,-0.02677523090574141,27.376000000000005,27.233333333333334,27.395038367702867,3.1991796415414333,3.3081217872310265,3.317335699515212,28.031,27.673818181818184,27.65425890626429,3.3048922378978736,3.2626613753363443,3.3083443183045302,27.6185,27.826809523809523,27.744496297201707,3.331154721074553,3.3458946165232653,3.3114814323449373,27.663333333333334,27.701440860215055,27.816759815981477,3.2750718282412565,3.312307093157748,3.311391617029653,28.108999999999998,27.830311475409832,28.14690405386363,3.2986395973248976,3.2944079177764207,3.346377575835251,6.860303501252478
2001-11-12,sz000901,27.05,27.14,27.94,26.87,3195,8645616.0,3.95,0.26,0.07,1.07,3.504470862494419,0.07488006027111727,27.23,27.154666666666667,27.31002557846858,3.3236828197723973,3.409885527548689,3.379714087174948,27.881999999999998,27.51181818181818,27.560757286943506,3.3047294281544715,3.2989483979902614,3.344003689975419,27.633000000000003,27.7812380952381,27.686925221277736,3.368432669579375,3.36240091570611,3.3298613780734594,27.636333333333333,27.667677419354842,27.77309789236977,3.2799881436246325,3.3271070308515003,3.323848342543509,28.090333333333334,27.798540983606557,28.11389080619597,3.3052211359180643,3.301156483847553,3.3515609622830924,6.936795942187158
2001-11-13,sz000901,27.04,27.18,27.85,27.04,3135,8549426.0,2.98,0.15,0.04,1.05,3.496237545166735,-0.008233317327683842,27.132000000000005,27.138,27.266683718979053,3.4394292268952347,3.4674037693468014,3.418555239838877,27.698,27.384181818181816,27.491528689317413,3.298964880006758,3.3337680556288554,3.3716825727374764,27.6695,27.738095238095237,27.638646628775092,3.3893035876827695,3.374572808619192,3.3457067273204384,27.602,27.63823655913978,27.734833512216884,3.2797046405878008,3.3410586051445392,3.3349702265837173,28.06883333333333,27.76869398907104,28.08327143550102,3.3118765947873756,3.3074193169376733,3.356304456803868,6.931936957605272
2001-11-14,sz000901,27.2,27.4,27.76,27.2,2674,7290947.0,2.06,0.81,0.22,0.89,3.4271614029259654,-0.06907614224076974,27.184000000000005,27.22733333333333,27.31112247931937,3.462765329187893,3.463314494690378,3.421423960867907,27.543,27.330000000000002,27.474887109441518,3.278821694714228,3.3570765143414376,3.381769632771747,27.7195,27.712428571428575,27.615918378415557,3.408297914459859,3.3781783148328293,3.353464315473346,27.580333333333332,27.625204301075268,27.71323135013838,3.2779527128373473,3.3505719446502273,3.3409180444122497,28.043833333333335,27.746765027322404,28.060869093353443,3.3098071517027443,3.311199146712709,3.358627635365248,6.862783941234768
2001-11-15,sz000901,27.43,27.54,27.74,27.26,2935,7993051.0,1.75,0.51,0.14,0.98,3.467608105583633,0.04044670265766781,27.266000000000002,27.346,27.387414986212914,3.465013743678811,3.4649287534889583,3.436818675773149,27.445999999999998,27.329454545454542,27.486725816815785,3.277899342421365,3.3914013163176935,3.3973766278284536,27.779999999999994,27.695333333333334,27.608688056661695,3.4208304593709853,3.3838269044636653,3.364335152626707,27.561666666666664,27.622602150537634,27.70205513400042,3.297173663123812,3.36280777644031,3.349091596745888,28.013666666666666,27.730245901639346,28.043791418161526,3.3096945871952608,3.316372948479296,3.3622007655363424,6.902712584013029
2001-11-16,sz000901,28.04,28.14,28.36,27.8,2625,7278871.0,2.03,2.18,0.6,0.88,3.4191293077419758,-0.04847879784165743,27.48,27.637333333333334,27.638276657475277,3.4629214447825456,3.4496339415100135,3.4309222197627585,27.428000000000004,27.455636363636362,27.605502941031094,3.3310505431619895,3.4170794918305307,3.401331660540003,27.875,27.729619047619053,27.659289194122486,3.4188777029795716,3.383664890022807,3.369553643590066,27.552333333333333,27.659913978494625,27.73030964148427,3.3047815828178058,3.3706758825447074,3.3536101587456355,27.98916666666667,27.73438797814208,28.046945797893933,3.306920517013915,3.319960972103778,3.364067275116855,6.862064022651789
2001-11-19,sz000901,28.17,28.31,28.36,28.15,2625,7278870.0,0.75,0.6,0.17,0.88,3.4191293077419758,0.0,27.714000000000006,27.913999999999994,27.862184438316852,3.445853133832057,3.43503656249649,3.4269912490891645,27.472,27.615999999999996,27.733593315389076,3.3847679768022267,3.433093812663256,3.404567596394907,27.982499999999998,27.771047619047618,27.721261651825106,3.4287895559056936,3.383688852381131,3.374275135414057,27.560666666666666,27.70879569892473,27.76770901945303,3.320801902236655,3.3780531551204604,3.3578372006163675,27.966166666666666,27.74490710382514,28.055570525831836,3.3048734475686445,3.3236399488489603,3.365872587661941,6.862063962986697
2001-11-20,sz000901,28.3,28.05,28.53,27.76,2979,8349207.0,2.72,-0.92,-0.26,0.99,3.4740705032150436,0.05494119547306786,27.887999999999998,28.026,27.92478962554457,3.441419725441719,3.444442352290819,3.442684333797791,27.509999999999998,27.721090909090908,27.791121803500154,3.4404244761684772,3.4493306356474047,3.417204488544023,27.947499999999998,27.777476190476197,27.752570065937,3.4045028652410294,3.3880013235534507,3.3837794561570083,27.56133333333333,27.740365591397847,27.785921340778643,3.352052304258106,3.387941451957776,3.3653361233646693,27.93566666666667,27.747655737704918,28.055387885640627,3.310704988364317,3.3291873932963827,3.369420060303026,6.921645228552007
2001-11-21,sz000901,28.15,27.85,28.35,27.8,2463,6851628.0,1.96,-0.71,-0.2,0.82,3.3914644118391033,-0.08260609137594033,27.978,28.013333333333332,27.89985975036305,3.4342803272243465,3.4277905810899463,3.425611026478229,27.581,27.78290909090909,27.801826930136485,3.4485228282061193,3.4404288057693364,3.4125244745976735,27.945999999999998,27.768190476190476,27.761849107276333,3.3913672587390864,3.3867595660866003,3.38451135669816,27.586666666666666,27.75898924731183,27.790055447825182,3.361893965141196,3.390484168575904,3.367021819395278,27.9085,27.74484699453552,28.048653856603227,3.310889525894018,3.3318352432463754,3.37014282592716,6.83579377549415
2001-11-22,sz000901,27.85,27.95,28.04,27.75,2782,7688351.5,1.04,0.36,0.1,0.93,3.4443571256560275,0.052892713816924175,28.060000000000002,28.004,27.9165731669087,3.429630131238825,3.431149513900507,3.431859726204162,27.663,27.85,27.828767488293487,3.4473219374588178,3.439671405305684,3.418312229335556,27.931,27.768571428571427,27.77976823991668,3.3843968466076384,3.3918062200786907,3.3902109537417666,27.62933333333333,27.78243010752688,27.800374451191303,3.3609961456277655,3.395804372480088,3.372011193992746,27.892,27.746207650273224,28.045419303927712,3.310221441194245,3.336211230123819,3.372576081655975,6.88583323041241
2001-11-23,sz000901,27.26,28.14,28.24,27.26,1972,5500843.0,3.51,0.68,0.19,0.66,3.2949069106051923,-0.14945021505083522,28.060000000000002,28.030666666666665,27.991048777939135,3.4047856518114683,3.3862417736892967,3.386208787671172,27.77,27.93672727272727,27.88535521769467,3.4338535482970074,3.411959582241388,3.395874898657308,27.9005,27.788476190476196,27.814076026591284,3.3693728930974403,3.383283369030838,3.38113437820495,27.669,27.815376344086022,27.8222857769209,3.365387663482038,3.391540550865729,3.3670367240967747,27.875,27.75433879781421,28.04852031035631,3.310036624991485,3.3357091143668005,3.3700295514575886,6.740429249893108
2001-11-26,sz000901,28.22,28.34,28.34,27.92,2390,6680018.5,1.49,0.71,0.2,0.8,3.3783979009481375,0.08349099034294527,28.066000000000003,28.124,28.107365851959425,3.396639370452701,3.3774458567348526,3.383605158763494,27.889999999999997,28.04036363636364,27.968017905386546,3.421246252142379,3.4018767372688665,3.392697262710186,27.886000000000003,27.830333333333332,27.86416402405878,3.362987840148425,3.3841428935880473,3.3808737613233486,27.718666666666667,27.858666666666668,27.855686694538907,3.3860371971003764,3.3923799210248307,3.367769703248476,27.8615,27.769584699453553,28.058077021492167,3.3153631652293556,3.337950467676855,3.370303923572033,6.824777665235544
2001-11-27,sz000901,28.35,28.63,28.65,28.35,2252,6369240.5,1.06,1.02,0.29,0.75,3.3525683861793087,-0.025829514768828776,28.182000000000006,28.312000000000005,28.28157723463962,3.3723389470455536,3.362755528643722,3.3732595679020996,28.035000000000004,28.17490909090909,28.088378286225357,3.4068793362436365,3.3893898525483084,3.3854011033409357,27.866500000000002,27.90119047619048,27.93710078367223,3.3529221081251968,3.383150564638608,3.3781780113096307,27.791333333333334,27.9174623655914,27.90564239166543,3.395162170536392,3.3902206429008914,3.366788973114981,27.86416666666667,27.794781420765034,28.076828594557995,3.316658466332066,3.3391703109866904,3.369722430542763,6.804087647982995
2001-11-28,sz000901,28.03,28.63,28.76,28.03,1514,4299321.0,2.55,0.0,0.0,0.5,3.180125875164054,-0.17244251101525476,28.338000000000005,28.461333333333332,28.397718156426414,3.330071239710544,3.298684504683222,3.308881670322751,28.157999999999998,28.283090909090912,28.186854961457108,3.382175783467445,3.348161950533839,3.3480783345815026,27.8505,27.973904761904762,28.003091185227255,3.3304987390908365,3.3666937805470702,3.35931590310529,27.865666666666666,27.971569892473124,27.952375140590245,3.3995905374623874,3.3763473335220318,3.3547461926020183,27.865833333333335,27.819890710382513,28.094965361949534,3.3174455680857258,3.3346938325877384,3.3635061500385426,6.63339987203588
2001-11-29,sz000901,28.81,28.73,28.81,28.23,1677,4726086.5,2.03,0.35,0.1,0.56,3.2245330626060857,0.04440718744203176,28.494000000000007,28.592,28.508478770950944,3.286106427100556,3.263505112315069,3.2807654677505296,28.276999999999997,28.387090909090908,28.28560860482854,3.3578682791696908,3.319499637649955,3.3256155578586992,27.8615,28.05766666666667,28.072320596157994,3.3178838107955277,3.356601811358046,3.346479442105366,27.945666666666668,28.027333333333335,28.002544486358616,3.3998430659705536,3.3650533028861407,3.3463453455055068,27.858999999999998,27.848224043715845,28.115786169754465,3.3158209118194537,3.331647520932669,3.358949655368626,6.674501666117531
2001-11-30,sz000901,28.72,28.47,28.73,28.29,1662,4697642.5,1.53,-0.9,-0.26,0.55,3.220631019448092,-0.0039020431579936954,28.560000000000002,28.584,28.495652513967297,3.271251248869136,3.2416799764309148,3.2607206516497174,28.310000000000002,28.42218181818182,28.31913431304153,3.3380184503403023,3.2945474086096644,3.3065274599658614,27.869,28.115619047619045,28.110194825095327,3.3345344967511457,3.3473396407535287,3.3344938780427684,28.019999999999996,28.06116129032258,28.032702906593546,3.3919246187664815,3.353491235368563,3.3382347438243833,27.858666666666668,27.868256830601094,28.127399737959237,3.3129531462559276,3.3285265408549187,3.3544146181253294,6.671879963019506
2001-12-03,sz000901,28.65,28.42,28.65,28.27,1663,4682579.0,1.33,-0.18,-0.05,0.55,3.2208922492195193,0.0002612297714272849,28.576,28.537333333333333,28.470435009311533,3.239750118523412,3.224893643214376,3.247444517506318,28.321000000000005,28.442181818181815,28.33747352885216,3.318194744488056,3.273251735678613,3.2909574216483444,27.896500000000003,28.168095238095244,28.139700079848154,3.351481360645142,3.33651656956004,3.323674675297697,28.095333333333333,28.086967741935485,28.057689815845574,3.391924618766481,3.342456888946178,3.3306642603014893,27.85166666666667,27.886661202185795,28.136993189173687,3.316758791779051,3.3255081507881514,3.3500368355382535,6.670485113110735
2001-12-04,sz000901,28.45,28.98,29.02,28.4,2253,6393861.0,2.18,1.97,0.56,0.75,3.3527611917238307,0.13186894250431136,28.646000000000004,28.672000000000004,28.640290006207692,3.2397886796323165,3.2625640009478487,3.282550075578823,28.413999999999998,28.561999999999998,28.454296523606313,3.3060638133389353,3.2795365442669353,3.302194470752978,27.962,28.27128571428572,28.21972864367214,3.3732441447537056,3.336638458234201,3.326444819719234,28.103,28.144043010752682,28.11719369869425,3.3716898479403317,3.339930216233748,3.33208986878035,27.85466666666667,27.92365573770492,28.16463275674176,3.312465799783579,3.3266885573437177,3.3501261586918787,6.805763190648657
2001-12-05,sz000901,29.05,30.23,30.75,28.84,5610,16744333.0,6.59,4.31,1.25,1.87,3.7489628612561616,0.39620166953233094,28.966,29.2,29.170193337471794,3.353556076850738,3.432288728155797,3.4380210041379358,28.651999999999997,28.892181818181815,28.777151701132436,3.3418136582806413,3.3600636438882496,3.383425087208102,28.116499999999995,28.48728571428572,28.411183058560507,3.39516824324338,3.372421193139197,3.366684633198941,28.18133333333333,28.2812688172043,28.25350378264946,3.374849391919605,3.364270410641222,3.3589849005529833,27.881166666666665,28.00153551912568,28.23234971553711,3.3138774174687198,3.3409999364083927,3.3632027718907076,7.223867852372222
2001-12-06,sz000901,30.15,30.38,30.94,30.15,3743,11377786.0,2.61,0.5,0.15,1.25,3.5732198271144218,-0.17574303414173986,29.296000000000003,29.671333333333337,29.573462224981196,3.4232934297524054,3.5055099782436923,3.4830872784634312,28.895,29.206363636363633,29.0685786645629,3.35469992842648,3.402137492767119,3.4179332217365235,28.278999999999996,28.702857142857148,28.598689433935697,3.4010109329426492,3.389378486841201,3.3863546516670824,28.252333333333333,28.42311827956989,28.39069708699466,3.3744978738805855,3.377068503234436,3.3728065087182375,27.913833333333333,28.08346448087432,28.30276447896212,3.3118557903571078,3.3495029662328415,3.3700885769800095,7.056057761045995
2001-12-07,sz000901,30.45,29.81,30.74,29.58,7241,21472140.0,3.82,-1.88,-0.57,2.41,3.859798547480566,0.28657872036614407,29.564000000000004,29.842666666666666,29.652308149987462,3.5511269353589,3.6510116841530786,3.608657701469143,29.062,29.37272727272727,29.203382543733277,3.411189092114017,3.4939736053224073,3.4982723718718036,28.416000000000004,28.848666666666674,28.71405234498944,3.4225213202055125,3.4330725453686215,3.431444546506462,28.287666666666667,28.52361290322581,28.482265016865973,3.383311626102966,3.408378224111854,3.4042253499287107,27.941666666666666,28.14563387978142,28.352182037028935,3.326988715559852,3.367468302531972,3.386144641586585,7.331875330131467
2001-12-10,sz000901,29.85,29.93,30.09,29.61,5177,15368694.0,1.61,0.4,0.12,1.73,3.714078164981856,-0.1457203824987099,29.866000000000003,29.96466666666667,29.744872099991643,3.649764118511367,3.7053287606940644,3.6437978559733812,29.221000000000004,29.53054545454545,29.335494808509043,3.4447571185173893,3.5490443458438325,3.5375097888009037,28.555499999999995,28.992857142857147,28.829856883561874,3.4330016853298844,3.4608398639187494,3.4583620339803085,28.331,28.62956989247311,28.575667273842363,3.3902442662714134,3.4297180008137182,3.424215854125688,27.984333333333332,28.21082513661203,28.40391377351979,3.3319626686446138,3.38015975989007,3.3968965603864296,7.186636963616079
2001-12-11,sz000901,30.07,30.1,30.53,29.85,1142,3418761.5,2.27,0.57,0.17,0.38,3.0576661039098294,-0.6564120610720265,30.090000000000003,30.042666666666666,29.8632480666611,3.590745100948567,3.507962755826885,3.4484206052855306,29.368000000000002,29.69036363636363,29.474495752416487,3.4152668902904417,3.4786641613697307,3.450265482457072,28.7015,29.139952380952383,28.95082289465122,3.411073113267039,3.42509361806922,3.420200516830739,28.367,28.74369892473118,28.674011320691243,3.3737037021802787,3.408261345177486,3.40056748314402,28.024833333333333,28.2801912568306,28.45952315799455,3.325924507901615,3.3711664298987656,3.3857742503380166,6.533868804555938
2001-12-12,sz000901,30.25,30.15,30.45,30.11,1990,5974152.0,1.13,0.17,0.05,0.66,3.298853076409707,0.24118697249987742,30.074,30.062666666666665,29.958832044440733,3.5007231439792763,3.410665414313932,3.398564762326923,29.52,29.832545454545453,29.597314706522578,3.427139610415007,3.4574980133914153,3.4227359540848235,28.839,29.27790476190476,29.06503023801777,3.4046576969412263,3.414405995511379,3.4086436177430217,28.406999999999996,28.858731182795697,28.769236396775682,3.36271236286556,3.403432272547127,3.3940052633547095,28.063,28.349868852459018,28.514948628224236,3.3260529464795785,3.370278841980998,3.38292437578299,6.776276268137789
2001-12-13,sz000901,30.15,29.89,30.35,29.85,1594,4753503.5,1.66,-0.86,-0.26,0.53,3.2024883170600935,-0.0963647593496133,29.976,30.001333333333335,29.935888029627158,3.42657684196841,3.31125380534087,3.33320594723798,29.636000000000003,29.899818181818176,29.65053021442756,3.424935135860408,3.4166523236905215,3.382690929171236,28.956500000000005,29.378000000000004,29.143598786777982,3.391401707515049,3.395151768856034,3.3890097795827425,28.452999999999996,28.95440860215054,28.841543726015964,3.3535675858171548,3.393095237333871,3.3816493313357023,28.104833333333332,28.409770491803283,28.560032279757866,3.3232710615356367,3.366227542655769,3.3770084394314197,6.677013818016704
2001-12-14,sz000901,30.05,30.12,30.25,29.75,2769,8249951.5,1.67,0.77,0.23,0.92,3.4423229557455746,0.23983463868548105,30.038,30.049333333333333,29.997258686418107,3.343081723621412,3.316502509933259,3.3695782834071784,29.801,29.98781818181818,29.73588835725891,3.4471043294901564,3.4198137454878252,3.3935331158211155,29.055499999999995,29.488809523809522,29.23658937851341,3.3925613899152296,3.400001411544655,3.3940872249315834,28.512999999999998,29.061956989247314,28.924024775950418,3.3720577743308158,3.398821390232478,3.3855637587169842,28.140833333333333,28.475841530054645,28.611178762388754,3.3290977667199946,3.370130883449538,3.3791498989827033,6.916451395417284
2001-12-17,sz000901,30.13,30.6,30.89,29.8,7545,22576968.0,3.62,1.59,0.48,2.52,3.8776592441116087,0.4353362883660341,30.172000000000004,30.236666666666668,30.198172457612074,3.375797939447362,3.4946950167633246,3.5389386036419888,30.019000000000005,30.133090909090907,29.892999565030017,3.512781028979365,3.4980964572371795,3.481556048237569,29.169999999999998,29.63590476190476,29.366438009131183,3.41548788673371,3.446201207182405,3.4401417029487287,28.604,29.19660215053763,29.032152209760067,3.4052479167565495,3.4314408398957554,3.4173118545488954,28.18183333333333,28.556469945355193,28.676386016080926,3.33928038800712,3.388116505659099,3.395494467675454,7.353665617425775
2001-12-18,sz000901,30.55,32.33,32.43,30.35,13160,40458080.0,6.8,5.65,1.73,4.39,4.1192558892779365,0.24159664516632784,30.618000000000006,30.956000000000003,30.90878163840805,3.5881158965209834,3.742514333373516,3.7323776988539716,30.354000000000003,30.553272727272727,30.336090553206375,3.5894304987347754,3.608364613655102,3.5975014738812723,29.384000000000004,29.936857142857143,29.648682008261545,3.447747156036855,3.5132267312342362,3.5048192445038913,28.759333333333334,29.43698924731183,29.244916583323935,3.445306262747396,3.477505870381007,3.462598566466898,28.252666666666666,28.69247540983607,28.796176638504498,3.358397938855434,3.41368947291388,3.419224350350945,7.60700526881564
2001-12-19,sz000901,32.72,33.2,33.62,32.26,10734,35169264.0,4.21,2.69,0.87,3.58,4.030761590951017,-0.08849429832691946,31.228,31.816666666666666,31.672521092272035,3.734497599429246,3.890062898183527,3.8318389962196537,30.651,31.070727272727275,30.856801361714304,3.6176103717042616,3.688606630421691,3.6762760406212256,29.6515,30.30028571428571,29.986902769379494,3.479712014992451,3.568751915511775,3.55490899178457,28.961333333333332,29.723483870967737,29.500083255367553,3.4693156193970074,3.5152771818780146,3.499254245465874,28.3385,28.854683060109295,28.940564289701072,3.372594349583065,3.435734182818653,3.4392747516820945,7.546163279773205
2001-12-20,sz000901,33.6,33.23,33.6,32.25,3904,12829327.0,4.07,0.09,0.03,1.3,3.591509808994654,-0.43925178195636283,31.896000000000004,32.484,32.19168072818135,3.812301897816158,3.842400301371996,3.751729267144654,30.936,31.53963636363636,31.28829202322079,3.6194393698922847,3.6838610735653994,3.6608639985073035,29.915499999999998,30.641095238095236,30.29576917229573,3.4870696491593827,3.5793993244643665,3.5583947838998164,29.164666666666665,29.99888172043011,29.74072304534384,3.4738204119258613,3.5231606779810885,3.5052062173064407,28.429166666666667,29.015060109289617,29.081201526104316,3.3783322372411964,3.4429117388649346,3.4442660650366044,7.108203874780822
2001-12-21,sz000901,33.44,34.8,34.85,33.25,13783,47180268.0,4.81,4.72,1.57,4.59,4.139343756152375,0.5478339471577205,32.832,33.452,33.06112048545424,3.9517060578975176,3.951414254150735,3.8809340968138946,31.434999999999995,32.24218181818182,31.92678438263519,3.6473938907594645,3.7783891437945063,3.7478603180791343,30.2485,31.10628571428571,30.724743536838993,3.5292914914367417,3.641520667987509,3.6137232574476794,29.422333333333334,30.36245161290323,30.06712801016037,3.497478843723497,3.566097667931186,3.5461183165868237,28.542833333333338,29.22393989071038,29.26870311541237,3.3862753359823765,3.4678629362062856,3.467055497532203,7.673760403497236
2001-12-24,sz000901,35.0,34.7,35.13,33.97,14343,49241608.0,3.33,-0.29,-0.1,4.78,4.156639998415452,0.017296242263077133,33.652,34.074666666666666,33.6074136569695,4.007502208758287,4.019725567656712,3.9728360640144142,31.912,32.83581818181818,32.43100540397425,3.6916500741028253,3.8709793451865044,3.822183896322101,30.566499999999998,31.530238095238097,31.103339390473373,3.568203596310107,3.701268144842624,3.6654296137303244,29.67433333333333,30.702946236559143,30.3660229772468,3.5192178149208644,3.608624194040344,3.585506812188671,28.65533333333333,29.42581420765027,29.446778423103765,3.3996029792727485,3.493120793990976,3.4896648254300144,7.692332226512009
2001-12-25,sz000901,34.75,35.23,35.3,34.2,30013,104246192.0,3.17,1.53,0.53,10.0,4.477309408231503,0.32066940981605097,34.232,34.60066666666667,34.148275771312996,4.079112912549,4.176327967481118,4.140993845420111,32.425,33.43909090909091,32.939913512342564,3.833614404534992,4.013826496846264,3.9412976257601735,30.896499999999996,31.974380952380947,31.496354686618766,3.6244406474127167,3.7878496507398998,3.7427514989209127,29.942666666666664,31.06137634408602,30.679827946456687,3.5519202103563567,3.6704365548990947,3.6430424635462733,28.772333333333332,29.64137704918033,29.63639224529708,3.4158124254720788,3.5284554310060163,3.5220466150300633,8.01806019963052
2001-12-27,sz000901,34.9,34.7,35.36,33.45,23903,82996080.0,5.42,-1.5,-0.53,7.97,4.37845241147875,-0.09885699675275283,34.532000000000004,34.75666666666667,34.332183847542,4.148651076654547,4.276107800457701,4.2201467007729905,32.879999999999995,33.85272727272727,33.25992923737119,3.941574338041897,4.11288795265422,4.020780314072642,31.2,32.336619047619045,31.801463764083643,3.6843569742284514,3.8596602949366647,3.8032944429740403,30.186,31.368301075268818,30.939193885394968,3.583629910641449,3.723761213036024,3.6904882666386913,28.883166666666668,29.83572677595628,29.802412171680785,3.4307913117393984,3.560017397760334,3.550125493602151,7.919057580634238
2001-12-28,sz000901,34.46,33.95,34.46,33.25,13443,44952936.0,3.49,-2.16,-0.75,4.48,4.128496198632706,-0.24995621284604397,34.676,34.56266666666667,34.20478923169467,4.256048354582157,4.269389507783755,4.189596533392896,33.286,34.04727272727273,33.385396648758245,4.034175126199157,4.146873745488913,4.0403650203562895,31.460999999999995,32.59852380952381,32.00608626274234,3.7295551310297825,3.9019592686894504,3.834266038751056,30.39966666666667,31.611139784946236,31.13343944117594,3.6056595137430856,3.758913876777395,3.71874684289637,28.980666666666664,30.001852459016398,29.938398657855185,3.4514165884334482,3.5828929678224086,3.5690884675375787,7.652758061963757
2001-12-31,sz000901,34.05,34.02,34.25,33.45,7594,25568804.0,2.36,0.21,0.07,2.53,3.8804705928037784,-0.24802560582892763,34.52,34.34400000000001,34.14319282112978,4.204273721912438,4.144196920524295,4.086554553196524,33.676,34.180727272727275,33.50077907625674,4.077989889904979,4.118927466689752,4.011293306255833,31.738500000000005,32.8422380952381,32.1978875710526,3.7625471096975667,3.9163321698107834,3.8386664724703627,30.595666666666666,31.844709677419356,31.319669154648462,3.6210375565784787,3.7766436238135688,3.729180633212977,29.074,30.16707650273224,30.072221652679605,3.4629095696981422,3.5969603122279947,3.5792977175463063,7.407710414051044
2002-01-04,sz000901,33.93,33.95,34.13,33.75,3910,13176257.0,1.12,-0.21,-0.07,1.3,3.5921767573958667,-0.28829383540791165,34.370000000000005,34.154,34.078795214086526,4.091381073708521,3.9401645990187717,3.921761954596305,34.010999999999996,34.23054545454546,33.58245560784643,4.049441641233403,4.030597806233551,3.9350902973722026,32.015,33.05285714285714,32.36475542142854,3.7811113351063845,3.9001064219725263,3.815191261510887,30.783666666666665,32.06111827956989,31.489367918864694,3.626805804900275,3.7747816367695295,3.720341673482841,29.172166666666666,30.32694535519126,30.19936192636224,3.473803853568465,3.6011985806771,3.579719981147931,7.119792057062832
2002-01-07,sz000901,33.87,34.76,34.99,33.84,8476,29135342.0,3.39,2.39,0.81,2.83,3.928190948038757,0.3360141906428904,34.275999999999996,34.284,34.30586347605768,3.981557381669971,3.885767890462183,3.923904952410456,34.254,34.36672727272727,33.79655458823798,4.0303351471094855,4.008552225652706,3.933835870220667,32.303999999999995,33.31428571428571,32.59287395272106,3.8098828229221304,3.9141140041565623,3.825953136418303,31.007333333333335,32.31765591397849,31.700376440228265,3.6419431530610655,3.794225839552657,3.7337513040993517,29.284333333333333,30.51015300546448,30.348891043530692,3.4969977286595855,3.616096518200716,3.591145258750909,7.464420120344173
2002-01-08,sz000901,34.9,34.51,35.0,34.3,1965,6732979.0,2.01,-0.72,-0.25,0.66,3.2933625547114453,-0.6348283933273118,34.23800000000001,34.361999999999995,34.37390898403846,3.764539410316511,3.6563696148093414,3.713724153177453,34.385000000000005,34.41327272727273,33.926271935831075,3.9565952434855283,3.8745572088530613,3.817386176491717,32.518,33.52438095238095,32.77545738579524,3.787102807594895,3.864921597660306,3.7752302238747926,31.229333333333333,32.54363440860215,31.881642476342574,3.6386730911568104,3.7717367686913916,3.705339126719487,29.408,30.68148633879781,30.48532084538214,3.500283528149003,3.6094199551204484,3.5813818914053526,6.828207259915986
2002-01-09,sz000901,34.38,33.95,34.7,33.39,4125,13991552.0,3.8,-1.62,-0.56,1.38,3.6154239528859438,0.3220613981744984,34.238,34.266,34.23260598935897,3.661924961167158,3.606664462332485,3.6809574197469503,34.457,34.33418181818182,33.93058612931633,3.958986657874658,3.8125260651076824,3.780665772199758,32.6965,33.6607619047619,32.88731858714807,3.789213013883471,3.848571230545168,3.760010579018712,31.429333333333332,32.71916129032258,32.0150848972237,3.6443753187311407,3.7702368242868194,3.6995381477624845,29.529333333333334,30.8304043715847,30.598916883238463,3.5026857321794527,3.6131950510134634,3.5824980245686504,7.145865890878656
2002-01-10,sz000901,33.3,32.81,33.73,32.53,1970,6459267.0,3.53,-3.36,-1.14,0.66,3.294466226161593,-0.32095772672435086,33.996,33.79,33.75840399290598,3.544724087838721,3.4841782173306304,3.552127021885165,34.258,34.03472727272728,33.72684319671336,3.87449890487558,3.6917041684325804,3.692265854738273,32.8465,33.67157142857143,32.87995491218159,3.760946397817522,3.80145248885737,3.7156730216037483,31.584999999999997,32.808236559139786,32.066369742564106,3.6443606292496877,3.747662044121042,3.6734044754011372,29.627000000000002,30.937967213114757,30.671411411656873,3.5048741463658626,3.6063681819636972,3.5730543590471076,6.810183236893366
2002-01-11,sz000901,32.75,32.23,32.8,31.76,3304,10593768.0,3.17,-1.77,-0.58,1.1,3.5190400386483445,0.22457381248675157,33.652,33.20133333333333,33.24893599527066,3.5300967440892164,3.475616867600505,3.5410980274728914,34.011,33.666,33.45468988822002,3.8107389088988683,3.6270752836639923,3.660770251812831,32.9615,33.612857142857145,32.81805444435477,3.751194491500846,3.778413787984115,3.696946070846091,31.714666666666666,32.84984946236559,32.076926533366425,3.6490487005063614,3.7395768447274067,3.6634454794816023,29.716666666666665,31.023311475409837,30.72251267684845,3.5175429488033685,3.606832637448369,3.571283397722558,7.025050457798837
2002-01-14,sz000901,31.83,31.85,32.72,31.75,2987,9507329.0,3.01,-1.18,-0.38,1.0,3.475235222604128,-0.04380481604421638,33.07000000000001,32.60066666666667,32.78262399684711,3.439505599002291,3.4573296937721425,3.519143759183304,33.673,33.27309090909091,33.16292809036183,3.7105314903361317,3.5660746134285843,3.6270366101385214,33.049,33.507,32.72585878298765,3.7720729474355617,3.7521319528510935,3.675830751965904,31.822,32.85858064516129,32.06228611185892,3.653137595053855,3.728363071959521,3.6513028822637006,29.806666666666665,31.093256830601096,30.759479474328828,3.524149882795123,3.605445498884459,3.568134277226872,6.978058522879385
2002-01-15,sz000901,31.83,31.87,32.26,31.56,4065,12922590.0,2.2,0.06,0.02,1.36,3.609060549930087,0.1338253273259591,32.54200000000001,32.20066666666666,32.478415997898075,3.5026451980460194,3.5138480107480734,3.549116022765565,33.39,32.94527272727273,32.927850255750585,3.6335923041812648,3.5476253515365763,3.6237682355551697,33.135000000000005,33.39471428571429,32.64434842270311,3.7875833211115806,3.736606962612477,3.6694716851053504,31.93,32.86167741935484,32.04988055625512,3.667435417546056,3.7255193916289557,3.648577570500242,29.897833333333335,31.16090710382513,30.795889983367225,3.533512977504222,3.6082294551839666,3.5694761222335343,7.1113495655150825
2002-01-16,sz000901,31.8,31.49,32.22,30.25,4241,13294264.0,6.18,-1.19,-0.38,1.41,3.62746827245971,0.01840772252962264,32.05,31.85,32.14894399859872,3.5050540619607724,3.5554557022193043,3.5752334393302805,33.144,32.59981818181818,32.666422936523205,3.5834895115639656,3.5465118912235662,3.6244409695378135,33.214999999999996,33.23804761904762,32.534410477683764,3.8088323188815614,3.721357910359918,3.66547136009148,32.022,32.83329032258064,32.01375923004511,3.680866591207844,3.7229408661395134,3.647215680304079,29.983833333333333,31.21310928961749,30.818647688830595,3.540354828589199,3.611309956657917,3.571377504208163,7.123664298825425
2002-01-17,sz000901,31.25,31.46,32.03,30.95,4149,13045458.0,3.43,-0.1,-0.03,1.38,3.617943434828973,-0.009524837630736638,31.78,31.653333333333332,31.919295999065817,3.5697495036942484,3.5930854931753715,3.5894701044965114,32.888,32.29363636363637,32.447073311700805,3.557236795766485,3.552776240908113,3.6232595995907513,33.282000000000004,33.070904761904764,32.43208567028531,3.817613342835731,3.7031780166406243,3.6609448910188602,32.12166666666667,32.79703225806451,31.97803282810672,3.6941103383872065,3.7188813076634584,3.6453271483379432,30.070833333333333,31.261508196721305,30.8396756334591,3.543017478576844,3.6138538453870894,3.572904256031796,7.115459330916582
2002-01-18,sz000901,30.85,31.58,31.61,30.85,1990,6213919.5,2.42,0.38,0.12,0.66,3.298853076409707,-0.31909035841926636,31.65,31.586666666666662,31.806197332710546,3.525712111246521,3.5027866840805237,3.49259776180091,32.650999999999996,32.05581818181818,32.289423618664294,3.527904427667869,3.5057973828432445,3.5642765953760156,33.331,32.908809523809516,32.350934654067665,3.7886730344506367,3.6537722769810026,3.626459956294179,32.227,32.762086021505375,31.952353290809512,3.696709032626879,3.69338083914878,3.6229739824070895,30.161166666666666,31.31098907103825,30.863948563509616,3.5443168256966806,3.6058484551521017,3.5639189714540227,6.7933656227631385
2002-01-21,sz000901,31.06,31.59,31.6,31.06,1459,4555141.5,1.71,0.03,0.01,0.49,3.1640552918934515,-0.13479778451625535,31.598000000000003,31.566666666666663,31.734131555140365,3.4634761251043855,3.3822344109628344,3.3830836051650905,32.334,31.862909090909092,32.162255687998055,3.451490862053338,3.439642994520623,3.491509085651913,33.294,32.743,32.2784646870136,3.7409130045814125,3.5942848729279375,3.582421416827443,32.314,32.72098924731183,31.928975659144385,3.690418835965866,3.659016081682107,3.593366324954597,30.2085,31.35783606557377,30.88775352864045,3.531054341953099,3.5933808638798643,3.5508086868782662,6.658501872355055
2002-01-22,sz000901,31.58,31.53,31.73,31.13,1194,3733121.5,1.9,-0.19,-0.06,0.4,3.0770043267933502,-0.08705096510010124,31.53,31.543999999999997,31.66608770342691,3.3570648804770387,3.2534104781924893,3.281057179041177,32.035999999999994,31.71672727272727,32.047300108362045,3.429855039261529,3.3715545335642623,3.416144584041265,33.2105,32.575,32.207182335869454,3.693225141373529,3.53105547504336,3.5342864558718152,32.35733333333334,32.67040860215054,31.903235294038296,3.6680202181504393,3.619440952058074,3.5600526476538716,30.269333333333332,31.401163934426233,30.908810789996497,3.521434805035022,3.5784939781369225,3.5352741176951543,6.572072124917158
2002-01-23,sz000901,31.2,31.65,31.69,31.2,2037,6380911.5,1.55,0.38,0.12,0.68,3.3089910290001643,0.23198670220681405,31.562,31.584,31.660725135617945,3.293369431785129,3.237385861033531,3.29036846236084,31.806,31.646545454545453,31.97506372502349,3.3992117468729512,3.349579258971286,3.3966621194883375,33.1315,32.426380952380946,32.154117351500936,3.6790992023738043,3.4944617500554203,3.5128297485507054,32.39966666666667,32.62477419354838,31.886897533132604,3.6592125915466314,3.5962777785645077,3.5438551238697613,30.326,31.44643169398907,30.93311207557038,3.516855232713608,3.5715286084308615,3.527855000033023,6.8048827212203875
2002-01-24,sz000901,31.6,31.5,31.6,28.53,3176,9797304.0,9.7,-0.47,-0.15,1.06,3.5018804937550585,0.1928894647548942,31.570000000000004,31.563333333333333,31.607150090411967,3.2701568435703465,3.306889548356841,3.3608724728255797,31.675,31.59090909090909,31.88868850229194,3.4199531736322974,3.3682463038589425,3.4157927329913775,32.966499999999996,32.271,32.0918204608818,3.647226039253938,3.4775837778060166,3.5117869623796913,32.455999999999996,32.566731182795706,31.86193640196276,3.647281989755781,3.586127320642472,3.5411470832172,30.37183333333333,31.484923497267758,30.951698564895942,3.5152968079293734,3.5710376333830403,3.5270033768763684,6.991106583957245
2002-01-25,sz000901,30.75,32.18,32.25,30.49,2825,8814315.0,5.59,2.16,0.68,0.94,3.4510184521554574,-0.05086204159960106,31.690000000000005,31.766666666666666,31.798100060274646,3.3005899187194965,3.3671767512185444,3.390921132602206,31.669999999999998,31.682727272727274,31.94165422914795,3.4131510149830087,3.3738945363176986,3.4221974092030285,32.840500000000006,32.19609523809524,32.10021851222639,3.6119449619409387,3.4588973409394947,3.5059994852154786,32.531,32.548924731182794,31.882456634094197,3.6385133326615673,3.5734651569263214,3.53533233282612,30.431,31.544207650273226,30.991970743096076,3.5143787994664906,3.568930146308486,3.524512067869125,6.9451885669723215
2002-01-28,sz000901,31.81,31.55,32.43,31.23,1987,6199786.5,3.73,-1.96,-0.63,0.66,3.298197867109815,-0.15282058504564233,31.682000000000006,31.719999999999995,31.7154000401831,3.3274184337627686,3.3663794006819843,3.360013377438076,31.640000000000004,31.66090909090909,31.870444369302867,3.395447279433577,3.3529939639771182,3.399652037913353,32.6565,32.073190476190476,32.047816749157214,3.5529893848848544,3.429016665241292,3.4862088549197012,32.57933333333333,32.48563440860215,31.861007818991347,3.6465310581015666,3.551509320439111,3.5200333350379718,30.473166666666668,31.580896174863387,31.010266784306037,3.5101173801409233,3.5618422468869557,3.5170919301393115,6.792376734100127
2002-01-29,sz000901,31.53,31.49,31.73,31.25,1021,3180644.0,1.52,-0.19,-0.06,0.34,3.0090257420869104,-0.2891721250229047,31.674,31.656,31.640266693455402,3.3138227168214813,3.260248503456698,3.2430174989876877,31.601999999999997,31.633636363636363,31.801272665793253,3.3354437986492598,3.2827355026413607,3.328629075035818,32.495999999999995,31.962095238095234,31.994691344475576,3.4845180514152623,3.3772106040224403,3.440762844173721,32.624,32.415354838709675,31.837071830669327,3.6368701469574733,3.510379945212359,3.4870651032346776,30.5155,31.614234972677593,31.02599574219764,3.4997912549115164,3.5454130128523973,3.5004340223343147,6.502515062540973
2002-01-30,sz000901,31.25,31.5,31.55,30.46,2701,8331579.0,3.46,0.03,0.01,0.9,3.431524584187451,0.42249884210054045,31.644000000000005,31.598,31.59351112897027,3.3383294278589384,3.299482459245354,3.3058531940542757,31.602999999999998,31.615090909090906,31.746495817467203,3.315849429822034,3.3002047363755773,3.3473373494270238,32.3735,31.86723809523809,31.94757788309695,3.4496694706929993,3.3721636071436007,3.4398830098893143,32.67766666666667,32.34283870967742,31.815325260948725,3.644504689195052,3.4971318443884867,3.483481843941308,30.565333333333335,31.646513661202192,31.041536865404275,3.499036137506103,3.5431747613532476,3.4981746964934337,6.920727316653017
2002-01-31,sz000901,31.6,32.65,33.05,30.63,2977,9565730.0,7.68,3.65,1.15,0.99,3.473778834646725,0.042254250459274,31.874000000000002,31.933333333333334,31.945674085980183,3.3327090960372714,3.34463226150795,3.3618284075850924,31.722,31.805454545454545,31.91076930520044,3.301432969803809,3.3289191736164305,3.37032671037606,32.30499999999999,31.893571428571427,32.014475227563906,3.4293348827851475,3.374459737043957,3.4431111836757347,32.762,32.34105376344086,31.869175244113325,3.645553218491757,3.4861172731273045,3.482855843341658,30.6375,31.71486338797814,31.094273361620527,3.5088054964112865,3.542346653062776,3.497374832170591,6.98071811841709
2002-02-01,sz000901,31.36,32.07,32.45,31.36,567,1804164.62,3.34,-1.78,-0.58,0.19,2.7535830588929064,-0.7201957757538184,31.852000000000004,31.99866666666667,31.987116057320122,3.1932220173847616,3.1515902491264947,3.1590799580210307,31.770999999999997,31.868727272727273,31.93972034061854,3.246905968052129,3.229310098905357,3.2581915010154865,32.211,31.871190476190474,32.019763301129245,3.387405197859999,3.3101024204827905,3.3774418384583225,32.811,32.296408602150535,31.882131679976986,3.608084012317801,3.428570811217701,3.4358059862804486,30.7075,31.761830601092893,31.126264398944443,3.5066659645371754,3.5175852616687306,3.4729882166532895,6.256276161973005
2002-02-04,sz000901,32.25,31.76,32.25,31.56,483,1522935.75,2.15,-0.97,-0.31,0.16,2.683947130751512,-0.0696359281413943,31.894000000000005,31.968000000000004,31.911410704880083,3.070371870113101,2.9818319535820783,3.0007023489311915,31.788,31.866727272727275,31.90704391505153,3.198895151937935,3.126953946668881,3.153783433694764,32.061,31.828238095238092,31.995023939116937,3.3251930069956366,3.243106414091506,3.3113947234386263,32.792,32.22860215053763,31.87425221675267,3.5602403870335864,3.3689490769231014,3.387298963343098,30.775666666666666,31.7963387978142,31.14704261537249,3.502773324890491,3.4906108736757586,3.447118017115526,6.182681581596678
2002-02-05,sz000901,32.05,31.85,32.05,31.56,629,1984230.5,1.54,0.28,0.09,0.21,2.798650645445269,0.11470351469375695,31.966,31.953333333333333,31.890940469920057,3.0282968507847725,2.8912582120261345,2.933351781102551,31.820000000000004,31.878,31.89667229413307,3.171059783803127,3.0541822182156695,3.0892138358312193,31.928000000000004,31.80814285714286,31.981212135391516,3.300457411532328,3.1929595225152805,3.2625619541059256,32.747,32.16782795698925,31.87268755760734,3.5191700221833946,3.319814254885146,3.3493216525109806,30.854166666666668,31.83156284153005,31.170090398475033,3.4942428207902005,3.4675248841857518,3.425856791814862,6.297592120975148
2002-02-06,sz000901,32.15,32.96,33.25,31.85,2362,7666720.5,4.4,3.49,1.11,0.79,3.373279893277496,0.574629247832227,32.258,32.284666666666666,32.24729364661337,3.016647912602782,3.0062525595237086,3.0799944851608663,31.951,32.08527272727273,32.09000460429069,3.1774886702308605,3.0909495108473726,3.14086220991236,31.878499999999995,31.90642857142857,32.07443002725899,3.2883502085519054,3.1998949969672017,3.2731065197413134,32.73800000000001,32.181569892473114,31.942836747439124,3.5118956916594892,3.310401988504121,3.350867345463659,30.95133333333333,31.900606557377046,31.22877595918077,3.492858051792675,3.463558886562384,3.4241329590759317,6.8846096307897815
2002-02-07,sz000901,32.85,32.95,33.17,32.6,554,1813058.75,1.73,-0.03,-0.01,0.18,2.74350976472843,-0.6297701285490662,32.318000000000005,32.51533333333334,32.48152909774225,2.8705940986191227,2.915206510232258,2.9678329116833875,32.096,32.26690909090909,32.24636740351056,3.101651597328197,3.012044255301476,3.068616310788009,31.8855,32.008476190476195,32.157817643710516,3.2608023854802477,3.1480054308887753,3.22266873354961,32.67633333333333,32.195247311827956,32.007815021797896,3.4653678919453577,3.2608287028956657,3.3116829854162253,31.049333333333333,31.96613661202186,31.285209534289596,3.481423367834427,3.4389900902651953,3.4018174445071607,6.2584118771167
2002-02-25,sz000901,33.23,33.94,34.23,32.95,1412,4703232.0,3.88,3.0,0.99,0.47,3.149834696715785,0.406324931987355,32.692,33.056,32.9676860651615,2.9498444261836987,3.0082867095978125,3.0285001733608534,32.272,32.60218181818182,32.554300602872274,3.07153322178423,3.020804818826492,3.0833832900476046,31.971000000000004,32.204142857142855,32.327549296690464,3.2423421183836196,3.137437079577874,3.215732158613055,32.651,32.276774193548384,32.132472117165776,3.431807715222036,3.2404717225582726,3.301241160338778,31.162666666666667,32.06091256830601,31.372251844640758,3.4755127650714503,3.428118330556388,3.3935557150713778,6.6723964020577355
2002-02-26,sz000901,34.25,33.27,34.25,32.75,2651,8847427.0,4.42,-1.97,-0.67,0.88,3.4234097277330933,0.2735750310173084,32.99400000000001,33.248666666666665,33.06845737677433,3.0977369455800146,3.166141810114277,3.160136691484934,32.444,32.78363636363637,32.684427765986406,3.0840544078465575,3.084782365362649,3.1452062787176933,32.042,32.32785714285714,32.417306506529464,3.239750843640068,3.154681613801633,3.2355109747197255,32.58566666666667,32.31670967741936,32.2058610128325,3.396677725872089,3.239929916913826,3.3091230033964756,31.264166666666668,32.130005464480874,31.43447309563614,3.474298968114223,3.4264100342502113,3.394534535158647,6.946816987966464
2002-02-27,sz000901,33.26,33.52,33.68,33.26,2018,6712375.0,1.26,0.75,0.25,0.67,3.3049211619008916,-0.11848856583220169,33.32800000000001,33.424,33.218971584516225,3.198991048871139,3.235203215554569,3.2083981816235863,32.647000000000006,32.97927272727273,32.83634999035252,3.1136439498279556,3.124939957008892,3.174245348387365,32.1245,32.46861904761905,32.52232493447904,3.224543874238608,3.160888310778855,3.2421214687369795,32.54633333333333,32.37698924731182,32.29064417329492,3.36089335088616,3.2340101385931033,3.3088519168483734,31.36616666666667,32.20396721311476,31.502851026926756,3.472261630763805,3.4208566635546926,3.391596391773146,6.82687621121179
2002-02-28,sz000901,33.35,33.58,34.15,33.35,2653,8855926.0,2.39,0.18,0.06,0.88,3.423737249982329,0.11881608808143751,33.452000000000005,33.508,33.33931438967748,3.2090825202121054,3.310118615924966,3.280177871076501,32.855000000000004,33.14890909090909,32.97155908301569,3.1128652164074437,3.1813205570369596,3.219607512313722,32.229,32.607238095238095,32.62305589310008,3.2143573231147387,3.1798591084687327,3.2594182098079654,32.534000000000006,32.443677419354835,32.37382842017912,3.3374013859311473,3.2380645836960817,3.316263873824758,31.466833333333334,32.276551912568316,31.57095427194555,3.4715304498371164,3.4192657002503823,3.3926501904029553,6.947233978926907
2002-03-01,sz000901,33.55,33.57,33.68,32.85,5571,18555720.0,2.47,-0.03,-0.01,1.86,3.745933158459443,0.32219590847711377,33.576,33.547333333333334,33.416209593118325,3.409567198958308,3.4890688286740783,3.435429633537482,32.946999999999996,33.278909090909096,33.08036652246738,3.1400806487887154,3.296423819228232,3.3153030843402167,32.3345,32.73495238095238,32.713241046138165,3.2207568092962626,3.230485378501562,3.3057529668223915,32.519,32.51051612903226,32.45100078016757,3.3329168047863362,3.264421472246294,3.343984472833448,31.55733333333333,32.34550819672131,31.63649675483258,3.476977180682408,3.4282625103691466,3.4042332385359546,7.268477810528529
2002-03-04,sz000901,33.54,33.88,34.03,33.03,3698,12398170.0,2.98,0.92,0.31,1.23,3.567966906823154,-0.17796625163628876,33.564,33.64866666666667,33.57080639541222,3.493193640979782,3.5418687312956934,3.4796087246327065,33.128,33.44854545454545,33.22575442747331,3.2215190335817403,3.374221320689039,3.361241961155296,32.4495,32.88214285714286,32.82436094650596,3.234212500816935,3.2635530068374563,3.3307257230129403,32.516666666666666,32.59832258064517,32.54319427822128,3.332109809767246,3.279585994958347,3.358434952445687,31.650166666666667,32.421661202185796,31.71005423828069,3.4794578073337603,3.43124578007868,3.4096015555289774,7.093357586972464
2002-03-05,sz000901,34.0,34.53,34.75,33.45,1233,4188261.5,3.84,1.92,0.65,0.41,3.0909630765957314,-0.47700383022742265,33.81600000000001,33.97066666666667,33.890537596941485,3.426704310752309,3.40779187650101,3.350060175287048,33.405,33.70345454545455,33.462889986114526,3.262220628166162,3.35048387396431,3.3121003457808293,32.596500000000006,33.080285714285715,32.986802761124444,3.2305578900520486,3.2499102045306754,3.307891185258921,32.509,32.72821505376344,32.67137529252959,3.3042022140524785,3.2640281412053453,3.3411787023908515,31.758166666666668,32.51608196721311,31.802511476369848,3.473072683556772,3.4185082479233344,3.3991543922852645,6.622033789640414
2002-03-06,sz000901,34.25,34.16,34.53,34.03,1682,5726550.5,1.45,-1.07,-0.37,0.56,3.2258259914618934,0.13486291486616198,33.944,34.08533333333333,33.98035839796099,3.41088527666451,3.340832436737538,3.3086487806786637,33.636,33.84072727272727,33.58963726136643,3.3049381627678245,3.3438666672908064,3.2964140995410225,32.728,33.229190476190475,33.09853583149354,3.237998973285476,3.249459547522088,3.3000754525163467,32.49733333333334,32.83473118279569,32.76741559623736,3.3019509952774935,3.25897161071563,3.333736592008338,31.863333333333337,32.594830601092895,31.87980618206264,3.470312043217152,3.4104017990021904,3.393471493897613,6.757893094929108
2002-03-07,sz000901,34.05,34.25,34.35,33.94,3191,10844633.0,1.2,0.26,0.09,1.06,3.5039268041935103,0.2781008127316169,34.07800000000001,34.18733333333333,34.070238931973996,3.426923187506746,3.371846279247205,3.373741455183613,33.765,33.952363636363636,33.70970321384526,3.3180028538594257,3.3800464202772953,3.3341436822051107,32.858000000000004,33.37414285714286,33.20819908563701,3.247745762045143,3.2747860076085678,3.3194898669617907,32.507333333333335,32.9478064516129,32.863066202931726,3.2982344236544123,3.2720023080650518,3.344716605697704,31.968333333333337,32.673081967213115,31.957517454781897,3.4713048711927765,3.4115039223128907,3.397092979481085,7.03521485936803
2002-03-08,sz000901,34.75,34.09,34.75,33.66,1067,3594246.0,3.18,-0.47,-0.16,0.36,3.0281644194244697,-0.47576238476904065,34.182,34.19133333333333,34.07682595464934,3.2833694396997517,3.2389266898864464,3.2585491099305655,33.879000000000005,34.01145454545455,33.77884808405521,3.3464683193290297,3.3273485231073034,3.278511088972267,32.9875,33.49147619047619,33.29218012510015,3.2240599583286134,3.2538734987875517,3.2917445862439503,32.55,33.04991397849462,32.942223222097425,3.2893576967631746,3.2545784368244104,3.324293884002657,32.0675,32.74264480874317,32.02743491528085,3.4668591630064314,3.396974727172947,3.384996961118573,6.555607798089142
2002-03-11,sz000901,34.05,33.64,34.05,33.31,984,3278807.0,2.17,-1.32,-0.45,0.33,2.9929950984313414,-0.035169320993128306,34.134,34.010666666666665,33.93121730309956,3.168375078021389,3.1421352427969755,3.1700311060974906,33.849000000000004,33.968,33.75360297786335,3.3307843595005857,3.2630806647622683,3.2265990906920985,33.060500000000005,33.55361904761905,33.32530582747157,3.2011587906424075,3.2318673216544784,3.2632922540713207,32.597,33.12023655913979,32.987241078736304,3.271822865422608,3.2354582691900986,3.3029197688045078,32.155833333333334,32.79420218579235,32.080305901665085,3.4604357829644843,3.3814382004655665,3.372144441030467,6.5157158536007875
2002-03-12,sz000901,33.55,33.36,33.58,32.93,1569,5182741.0,1.93,-0.83,-0.28,0.52,3.1956229435869368,0.2026278451555954,33.9,33.75266666666667,33.74081153539971,3.1893070514196302,3.1512178646521583,3.178561718593973,33.858,33.879090909090905,33.68203880007001,3.3080056810859704,3.2385058618688785,3.220967063945705,33.150999999999996,33.582142857142856,33.32861003437904,3.196030044466264,3.2313400981253864,3.2568475578347127,32.647333333333336,33.16946236559139,33.01129004139848,3.262502456122035,3.2305421452006997,3.2959973929840194,32.23466666666666,32.83368306010929,32.12226308521705,3.457820025587945,3.3727558122892534,3.3663568509503508,6.714559506141994
2002-03-13,sz000901,33.25,33.15,33.25,32.9,984,3239856.0,1.05,-0.63,-0.21,0.33,2.9929950984313414,-0.2026278451555954,33.698,33.50266666666667,33.54387435693314,3.14274087281352,3.0857805469893953,3.1167061785397623,33.821,33.75036363636364,33.58530447278456,3.276813074739015,3.181231210477127,3.179517615670366,33.234,33.582047619047614,33.311599554914366,3.1952285122834856,3.2120034365982497,3.231718752177249,32.690000000000005,33.201892473118285,33.02023907098568,3.2419669410720773,3.2131545737367833,3.2764488578515887,32.31,32.86369398907103,32.15595937750501,3.4547011793090663,3.3575156507431356,3.354115482015301,6.510525707800693
2002-03-14,sz000901,33.05,33.15,33.24,32.96,313,1029511.5,0.84,0.0,0.0,0.1,2.4955443375464483,-0.49745076088489304,33.478,33.32,33.41258290462209,2.9410643794841076,2.8700483685670384,2.9096522315419913,33.778000000000006,33.62836363636364,33.50615820500555,3.183993783495427,3.0391823491693883,3.0551588378296537,33.316500000000005,33.574047619047626,33.296209121112994,3.1484294999514355,3.1453668485280564,3.1616069031647918,32.745333333333335,33.23156989247312,33.02861074382532,3.204236143241635,3.1649982767351306,3.226067921057709,32.38366666666666,32.891234972677594,32.18855087332452,3.442551367224739,3.3260678854394428,3.3259656084261584,6.0126312022009145
2002-03-15,sz000901,33.25,33.65,33.75,33.15,705,2338563.0,1.81,1.51,0.5,0.24,2.848189116991399,0.35264477944495054,33.39,33.37733333333333,33.49172193641473,2.9050693189974934,2.8390899477361353,2.889164526691794,33.786,33.605090909090904,33.5323112586409,3.0942193793486226,2.9781269552595644,3.0175279794954255,33.3665,33.60580952380952,33.3299034905308,3.1171500140686694,3.1167725263413857,3.1317575901958974,32.818333333333335,33.28993548387097,33.06870037325594,3.178577665980382,3.142027500848018,3.2016886433760114,32.47,32.932754098360654,32.23646723813356,3.4363440021837945,3.3065805985465464,3.310300805428297,6.368949074130696
2002-03-18,sz000901,33.75,33.6,34.35,33.43,818,2770568.75,2.73,-0.15,-0.05,0.27,2.912753303671323,0.06456418667992425,33.382,33.44733333333333,33.52781462427649,2.8890209600454897,2.841651275960745,2.897027452351637,33.758,33.57127272727273,33.54461830252437,3.028698019033439,2.945133123318237,2.9984780384364975,33.443,33.62804761904763,33.35562696762311,3.12510852630759,3.09730617297021,3.1109000390983192,32.885666666666665,33.340365591397855,33.102977768529755,3.1657076735557697,3.124877541989369,3.1830476537176446,32.556333333333335,32.969803278688524,32.2811732303259,3.431208353091324,3.2894136903985975,3.2972664611083964,6.44256893138644
2002-03-19,sz000901,33.63,33.54,34.05,33.27,1033,3454795.25,2.32,-0.18,-0.06,0.34,3.0141003215196207,0.10134701784829758,33.418,33.49999999999999,33.53187641618433,2.8527164356320265,2.8833443964521224,2.9360517420742984,33.659,33.531636363636366,33.5437786111563,3.021011743525828,2.942478996497543,3.00131845354252,33.532,33.63728571428572,33.373186304039955,3.1416161858459954,3.0867339629904045,3.101681018376538,32.95066666666666,33.38258064516129,33.131172751205256,3.1607091745433085,3.115096422503166,3.172147825833901,32.63233333333333,33.002054644808744,32.32244623916767,3.4255640052545875,3.2757380172323116,3.2879823253841742,6.538422313814381
2002-03-20,sz000901,33.8,33.27,33.8,33.2,1210,4009871.25,1.79,-0.81,-0.27,0.4,3.0827853703164503,0.06868504879682957,33.442,33.45066666666666,33.44458427745622,2.870674490009048,2.96003404134693,2.9849629514883493,33.57,33.46090909090909,33.49400068185515,3.0067076814112843,2.953710565004929,3.016130620228689,33.602999999999994,33.61233333333333,33.36335903698853,3.1558229220895546,3.081131028178066,3.0998814328470057,33.00866666666666,33.403182795698925,33.14012934790169,3.1609018759940786,3.110069080294982,3.1663825061230977,32.683,33.02296174863388,32.3535135755884,3.4144610470722587,3.2644993734638486,3.28125455636556,6.6031304284026735
2002-03-21,sz000901,33.28,33.21,33.55,33.17,503,1661207.38,1.14,-0.18,-0.06,0.17,2.7015679850559273,-0.38121738526052296,33.454,33.373333333333335,33.366389518304146,2.911879219510944,2.903665206362556,2.890497962677542,33.466,33.39545454545455,33.442364194245116,2.926471799497526,2.8982306202130457,2.958937413833641,33.6155,33.57490476190476,33.34875341441819,3.122237326678476,3.0378686532224823,3.061946818771665,33.06066666666667,33.416172043010754,33.144637131908034,3.140654441195937,3.0804346357183268,3.136394472505861,32.73016666666667,33.04024043715847,32.381595097700256,3.399933516371284,3.2411258304469195,3.2622484392734408,6.220423851817901
2002-03-22,sz000901,33.25,33.74,33.75,33.05,687,2273603.5,2.11,1.6,0.53,0.23,2.8369567370595505,0.13538875200362321,33.472,33.46866666666667,33.490926345536096,2.9096327435245746,2.878691045545425,2.8726508874715453,33.431,33.44527272727273,33.49647979529146,2.907351031261034,2.8819551543152317,2.9367591089656244,33.655,33.58676190476191,33.386014993997414,3.126909675295032,3.0106990732587753,3.04051919194194,33.135333333333335,33.46,33.183047639526876,3.1184903159727537,3.0608412354514627,3.1170759089286797,32.79566666666667,33.07334972677596,32.426132963349424,3.382886152864267,3.222667575387518,3.2483044490369197,6.356714729139656
2002-03-25,sz000901,33.66,34.76,34.83,33.61,1954,6687200.5,3.62,3.02,1.02,0.65,3.2909245593827543,0.45396782232320376,33.704,33.898,33.913950897024066,2.985266994666861,3.0057883174981517,3.0120754447752818,33.543,33.68690909090909,33.726210741602095,2.937143977356175,2.9516957957919083,3.001152827223284,33.696,33.692,33.5168707088548,3.1339641684283803,3.0263195384099872,3.064367322174398,33.221333333333334,33.56481720430107,33.28478650149289,3.1131538528803304,3.071966025348883,3.128291950893459,32.87616666666666,33.13775409836065,32.50265319405928,3.3758335927709493,3.21965244117501,3.249701829703996,6.825244344695073
2002-03-26,sz000901,35.03,34.74,35.25,34.14,2217,7623342.0,3.19,-0.06,-0.02,0.74,3.345765693114488,0.05484113373173383,33.944,34.24333333333333,34.18930059801605,3.0516000689858336,3.125954550314028,3.1233055275550177,33.681,33.904545454545456,33.91053606131081,2.9521582523089305,3.0259906532025114,3.0638097119307757,33.7695,33.79142857142857,33.63335921277339,3.13008196669745,3.0464911121896168,3.0911671670258354,33.327666666666666,33.66279569892473,33.37867124333206,3.114739447080486,3.0869732408478607,3.142322514907719,32.9535,33.19886338797814,32.57600882704094,3.3806352525910266,3.2186666083993876,3.252851464569914,6.882145403619054
2002-03-27,sz000901,34.86,34.6,35.05,33.85,2016,6910786.0,3.45,-0.4,-0.14,0.67,3.3044905277734875,-0.04127516534100062,34.21000000000001,34.462,34.326200398677365,3.0959411004772415,3.210251369909912,3.183700527627841,33.82600000000001,34.071636363636365,34.03589314107248,2.983307795243145,3.090051066923339,3.107569860265814,33.8235,33.87052380952381,33.72542024012831,3.13006043499108,3.063101451339715,3.1114836775732306,33.431333333333335,33.744881720430115,33.45746664698805,3.124588273270039,3.0992152460538605,3.152784967350672,33.02766666666667,33.25284699453552,32.64236919336746,3.3807292101137563,3.216170060044714,3.254544548609375,6.839527444776508
2002-03-28,sz000901,34.64,34.63,34.65,34.18,695,2376041.25,1.36,0.09,0.03,0.23,2.8419848045901137,-0.4625057231833738,34.49400000000001,34.602,34.42746693245158,3.124024464384079,3.125599271280869,3.0697952866152654,33.974000000000004,34.21781818181818,34.14391256996839,3.0179518419475118,3.0643559777136975,3.059281668324777,33.876,33.94733333333333,33.81157069344942,3.1009728127214693,3.035665677015813,3.085817118241505,33.53566666666667,33.822215053763436,33.5331139600856,3.104936947283461,3.0809827642035432,3.1327333439467653,33.10666666666666,33.30538251366121,32.707537416535736,3.3747208182392563,3.198506309043939,3.2410179996251367,6.375853976078462
2002-03-29,sz000901,34.65,34.96,35.04,34.25,2184,7522092.0,2.28,0.95,0.33,0.73,3.3392526340327,0.4972678294425861,34.73800000000001,34.75733333333334,34.60497795496772,3.2244836437787088,3.197341994497076,3.1596144024210773,34.105000000000004,34.39709090909091,34.29229210270141,3.0670581936516417,3.1227743035473674,3.1101854802716717,33.9455,34.05057142857143,33.9209449131209,3.080638786500132,3.0583589933311686,3.1099538340311423,33.61266666666667,33.91410752688172,33.62517112395105,3.1004527405963263,3.0960999052841394,3.1460571691136,33.187333333333335,33.36614754098361,32.781388648780464,3.373002979544042,3.197343417758478,3.2442388073106305,6.876338640818366
2002-04-01,sz000901,34.93,35.06,35.15,34.55,787,2730526.0,1.72,0.29,0.1,0.26,2.8959747323590648,-0.443277901673635,34.79800000000001,34.86466666666667,34.756651969978485,3.145493678373971,3.0878390240238622,3.0717345124004067,34.251,34.57072727272727,34.4318753567557,3.0653803365204157,3.0916682196759906,3.0712380715602885,34.0045,34.15671428571428,34.02942634996653,3.0470391777769277,3.040771940555829,3.0895748719671348,33.71233333333333,34.00748387096774,33.717740728857436,3.1051991297118646,3.082907775720445,3.1299228183552428,33.26166666666667,33.427546448087426,32.856097217672904,3.356641571014833,3.1817031473589705,3.232820313049923,6.436246316232401
2002-04-02,sz000901,35.06,35.25,35.75,34.36,3971,13934986.0,3.96,0.54,0.19,1.32,3.598899887063883,0.7029251547048183,34.900000000000006,35.01533333333334,34.92110131331899,3.1961205171638496,3.238974426920499,3.247456303954899,34.422000000000004,34.75236363636364,34.580625291891025,3.1238602930748423,3.1886717743202575,3.1671765834700327,34.040499999999994,34.27533333333333,34.14567145949352,3.0724360183003347,3.093330103345063,3.1380820162620635,33.82866666666667,34.106688172043015,33.81659616570535,3.135697554922278,3.114759437485091,3.1601794034332196,33.31033333333333,33.492737704918035,32.934585833486906,3.347968970977932,3.1896460429671363,3.244822922033987,7.14410653672885
2002-04-03,sz000901,35.15,34.84,35.15,34.68,1439,4989366.0,1.33,-1.16,-0.41,0.48,3.158060793936605,-0.44083909312727787,34.94800000000001,34.995333333333335,34.89406754221267,3.1668345703964733,3.226287852511418,3.217657800615468,34.579,34.82836363636364,34.62778432972902,3.1313878354368576,3.1948900472042143,3.1655191671912273,34.0745,34.35147619047619,34.21179798716081,3.0690477584240705,3.1014848438818508,3.1399847569929724,33.928333333333335,34.171935483870975,33.88262221953081,3.147677893205322,3.1162022270989187,3.1600427189495672,33.33766666666667,33.542890710382515,32.99705842911029,3.3334239576943587,3.183419545359224,3.2419782620963677,6.698045363219639
2002-04-04,sz000901,34.82,35.24,35.25,34.55,788,2732363.0,2.01,1.15,0.4,0.26,2.8965262174895554,-0.2615345764470498,35.07000000000001,35.09266666666667,35.009378361475115,3.177742852976362,3.1361850682091115,3.1106139395734975,34.782000000000004,34.94854545454545,34.73909626977829,3.1508836586802205,3.1521879348501587,3.1166113581545596,34.124,34.462476190476195,34.309721988383586,3.038677729088873,3.0850542209357057,3.1167982294212186,34.004333333333335,34.25655913978495,33.970194979561086,3.1317861040123907,3.0999988931817724,3.1430416543392443,33.37116666666667,33.605262295081964,33.070597497008315,3.32184089783594,3.169095029286935,3.230651965551882,6.436538395750519
2002-04-05,sz000901,34.72,34.91,35.07,34.72,476,1644958.0,0.99,-0.94,-0.33,0.16,2.677606952720493,-0.21891926476906232,35.06,35.03933333333334,34.97625224098341,3.04541371671392,2.9694731014571554,2.966278277289163,34.899,34.971818181818186,34.77016967527314,3.1349486802463145,3.066137624675663,3.0367923753483654,34.165000000000006,34.537333333333336,34.36689132282324,3.0211498557536745,3.0506665279482417,3.0749704887830545,34.06966666666667,34.31498924731183,34.03082756152489,3.129589343612126,3.0706970124532624,3.1130136090735183,33.373,33.65571584699453,33.13090577579493,3.2974786177787423,3.1479726048569208,3.2125193421803613,6.216154813774686
2002-04-08,sz000901,35.24,35.12,35.25,34.75,1566,5450034.5,1.43,0.6,0.21,0.52,3.1947917577219247,0.5171848050014316,35.072,35.059333333333335,35.02416816065561,3.1051771217864923,3.019265781793157,3.042449437433417,34.935,35.012,34.83377518885984,3.125335400080232,3.0770181842166835,3.0655195357799214,34.239,34.62828571428571,34.43861595874484,3.0312396887182036,3.0672038519452176,3.086382038205804,34.109,34.38275268817204,34.101096751103924,3.131087912312331,3.0749036198151853,3.1182896186637383,33.38,33.71299453551912,33.19612197986723,3.281447813767183,3.144605822559976,3.2119381099030355,6.736399251471542
2002-04-09,sz000901,34.97,35.35,35.5,34.97,1143,3996859.75,1.51,0.65,0.23,0.38,3.0580462303952816,-0.13674552732664313,35.092000000000006,35.152,35.13277877377041,2.997006390452772,3.0035554846627535,3.0476483684207056,34.996,35.08745454545454,34.927634245430774,3.0965634538083107,3.064783789728511,3.064160752982714,34.3385,34.734095238095236,34.52541443886438,3.0243608530586203,3.0697568559144637,3.083683389842897,34.17833333333333,34.462817204301075,34.18167115425851,3.118909129067737,3.070191253239892,3.1144029484528706,33.382,33.777584699453556,33.26674093134699,3.2577934274699127,3.137281180482209,3.2068924745093383,6.60171890911331
2002-04-10,sz000901,35.35,35.26,35.35,35.1,1978,6927518.0,0.71,-0.25,-0.09,0.66,3.2962262872611605,0.23818005686587895,35.176,35.208,35.175185849180274,3.024639489117683,3.1032954502655494,3.1305076747008576,35.062,35.13545454545454,34.988064382625176,3.095737029757078,3.1010861230835745,3.106354486487886,34.444,34.82185714285714,34.595374968496344,3.0395224125001112,3.095648802028991,3.103925570549398,34.23633333333333,34.53260215053763,34.25124075720957,3.118619299913079,3.081631069897532,3.1261334864405024,33.391333333333336,33.83915846994536,33.332093687696265,3.2397563253996196,3.1385412742458567,3.209821451976611,6.8405776628975055
2002-04-11,sz000901,35.25,35.27,35.47,35.2,3765,13217936.0,0.77,0.03,0.01,1.26,3.5757649805367193,0.2795386932755588,35.182,35.239333333333335,35.20679056612019,3.1604872417271155,3.287003947405229,3.278926776646145,35.126,35.173272727272725,35.03932540396605,3.169115047351739,3.1883639323162365,3.1917018490422193,34.55,34.90052380952381,34.6596249714967,3.093533444649625,3.1467195227943816,3.1488626572148575,34.29266666666667,34.59929032258064,34.31696715997025,3.123686890931559,3.111124339615186,3.1551419699305807,33.413333333333334,33.90075409836065,33.395631599575076,3.2305441384313536,3.1495579514634655,3.2218196004539914,7.121163644726564
2002-04-12,sz000901,35.44,35.47,35.64,35.25,2053,7217255.0,1.11,0.57,0.2,0.68,3.312388949370592,-0.2633760311661275,35.294000000000004,35.33533333333333,35.29452704408013,3.2874436410571355,3.3376378499530537,3.290080834220961,35.177,35.23581818181818,35.11762987597223,3.166428678885528,3.214413732683301,3.213644958192832,34.641000000000005,34.98814285714286,34.73680354563987,3.1167434362685844,3.1675629041963784,3.164436589801118,34.356,34.67524731182796,34.39135637545604,3.1092354172952645,3.1232986659660913,3.165286936346065,33.4375,33.96818579234973,33.463643678277535,3.2210761110408,3.152241387887703,3.224789087303716,6.858372050058261
2002-04-15,sz000901,35.55,35.53,35.74,35.37,2719,9581088.0,1.04,0.17,0.06,0.91,3.4344092075875,0.12202025821690832,35.376,35.414,35.373018029386756,3.335367131030251,3.386626372129842,3.3381902920098074,35.224000000000004,35.3,35.19260626215909,3.2202721264083713,3.2631374651745686,3.253783912628226,34.7375,35.072809523809525,34.812346065102744,3.1428262314643933,3.1978167871791325,3.1901482676855353,34.410999999999994,34.75098924731183,34.46481725445888,3.104783493987409,3.1442776201784937,3.182649663522932,33.46383333333333,34.03679234972678,33.531393065874994,3.218446651877328,3.159235915643333,3.2316618781326922,6.981414829075073
2002-04-16,sz000901,34.83,35.41,35.73,34.83,3114,10953138.0,2.53,-0.34,-0.12,1.04,3.4933186082321015,0.05890940064460137,35.388,35.425333333333334,35.3853453529245,3.4224216065976143,3.4392768645304588,3.3898997307505723,35.239999999999995,35.33381818181818,35.23213239631198,3.2097139985251935,3.3127822800516102,3.2973356754652943,34.831,35.13685714285714,34.86926548747391,3.1667871458000176,3.2311970135379626,3.2190216334518746,34.440333333333335,34.815440860215055,34.525796786429275,3.1181953450419546,3.1693444017426677,3.2026928212461048,33.474666666666664,34.10060109289618,33.59298673584631,3.211198779547217,3.168248110933653,3.2402407873162793,7.039538559436116
2002-04-17,sz000901,35.42,35.45,35.45,35.25,2209,7747250.0,0.56,0.11,0.04,0.74,3.344195715871435,-0.14912289236066645,35.426,35.446000000000005,35.40689690194967,3.4320154923196697,3.413201567621732,3.374665059124194,35.301,35.372,35.27174468789162,3.2283274907186765,3.33723350138729,3.305855682811865,34.940000000000005,35.19580952380952,34.92457353628592,3.1798576630777666,3.248093067830478,3.23094297463469,34.483333333333334,34.88058064516129,34.585422800208036,3.1221410025222722,3.18392507082844,3.211822040254191,33.49033333333333,34.16536612021858,33.65387241663824,3.212045998899883,3.172608666222972,3.243649145629563,6.889147570665142
2002-04-18,sz000901,35.35,35.52,35.59,35.31,4984,17534332.0,0.79,0.2,0.07,1.66,3.697578033651113,0.353382317779678,35.476000000000006,35.47733333333334,35.444597934633116,3.4563781029425487,3.501722414732213,3.4823027172998335,35.32899999999999,35.411818181818184,35.31688201736587,3.308432672334832,3.4225517819204603,3.377077928419001,35.0555,35.251047619047625,34.981280818544406,3.2296581655075265,3.2973997697898447,3.27538440882673,34.525666666666666,34.94746236559139,34.64571810342042,3.128596043504193,3.2210500405786884,3.2431611366023794,33.5165,34.231912568306015,33.71505692756813,3.213415233579303,3.18852774932957,3.2585320599909253,7.243889225350688
2002-04-19,sz000901,35.4,35.44,35.63,35.27,2311,8137690.0,1.01,-0.23,-0.08,0.77,3.3637999454791094,-0.3337780881720036,35.470000000000006,35.465333333333334,35.44306528975541,3.4666603021642515,3.470863028911067,3.4428017933595925,35.382,35.432,35.33926710511753,3.377051971610694,3.4326185588557836,3.3746637497026573,35.1405,35.287666666666674,35.024968359635416,3.256000325928504,3.310175177406186,3.283804936126957,34.57066666666667,35.00645161290323,34.69696209674814,3.1397838943726812,3.2362244858673934,3.2509442855621686,33.56033333333333,34.2949781420765,33.77161243813966,3.2145707955679277,3.193458395621366,3.261983466072505,6.9105011416669715
2002-04-22,sz000901,35.25,35.27,35.55,35.23,2474,8691019.0,0.9,-0.48,-0.17,0.82,3.393399695293102,0.029599749813992382,35.418000000000006,35.39866666666667,35.38537685983694,3.4584583997053726,3.4464428266206832,3.426334427337429,35.397000000000006,35.41163636363637,35.32667308600525,3.3969127653678113,3.4355908722525856,3.378070285264556,35.166000000000004,35.29999999999999,35.04830470633681,3.2611240827240215,3.323260831631385,3.294242532238018,34.625,35.05156989247312,34.73393228405471,3.1531307142680727,3.2525867956041936,3.260134957157713,33.611000000000004,34.35103278688525,33.82073989918426,3.2124767898453404,3.199321638235307,3.2662921948994095,6.93907069936378
2002-04-23,sz000901,35.43,35.33,35.43,35.25,446,1562782.0,0.51,0.17,0.06,0.15,2.649334858712142,-0.7440648365809599,35.402,35.36933333333333,35.36691790655796,3.2896616498013804,3.1767349796229407,3.1673345711290004,35.394999999999996,35.399454545454546,35.32727797945884,3.3560416281994976,3.2996676164970093,3.245572934982299,35.195499999999996,35.31561904761905,35.075132829542824,3.2263025410039043,3.2649951912493016,3.2328227538069823,34.690666666666665,35.09705376344086,34.7723882657286,3.1349211114389126,3.220083837181231,3.220728499193483,33.669000000000004,34.40739344262295,33.87022383691592,3.198711783780474,3.1808579683620866,3.2460640855162204,6.193898400411914
2002-04-24,sz000901,35.23,35.28,35.55,35.23,2219,7792814.0,0.91,-0.14,-0.05,0.74,3.346157302232008,0.6968224435198662,35.368,35.32866666666666,35.33794527103864,3.290053967073495,3.195566863766483,3.226942148163337,35.397,35.37854545454545,35.3186819831936,3.361034729696582,3.2978704663211014,3.2638610017549734,35.2295,35.32366666666666,35.09464398863398,3.2283858797268303,3.2764099304138825,3.243616520323651,34.76166666666666,35.135075268817204,34.805137409875144,3.1466931848989352,3.233711978522721,3.228820680034678,33.725833333333334,34.460213114754104,33.91644600619736,3.194330062985506,3.18569224765558,3.2493458303265736,6.891694310560029
2002-04-25,sz000901,35.5,35.45,35.5,35.26,939,3298023.5,0.68,0.48,0.17,0.31,2.972665592266111,-0.3734917099658972,35.354000000000006,35.356,35.375296847359095,3.1450714787964946,3.0897707388306883,3.142183296197595,35.415,35.38818181818181,35.34255798624931,3.300724790869521,3.227257895879198,3.2109163818479076,35.2705,35.34466666666666,35.12848741828789,3.23491991911063,3.2520556173223856,3.217811670032457,34.83833333333334,35.17948387096774,34.84674144794772,3.162597226722924,3.2224843919012485,3.212294545339932,33.79183333333334,34.5167431693989,33.96672646501057,3.183416684982279,3.1784245600910093,3.2402743471114763,6.518253745876105
2002-04-26,sz000901,35.5,36.02,36.24,35.43,3472,12325102.0,2.28,1.61,0.57,1.16,3.540579716504454,0.5679141242383432,35.470000000000006,35.578,35.590197898239396,3.1804274330015634,3.2216068180666753,3.2749821029665487,35.47,35.49818181818181,35.4657292614767,3.323543867582907,3.270867882358276,3.27085516996728,35.323499999999996,35.416047619047625,35.213393378450945,3.2449862732342174,3.281166074217036,3.248551483982171,34.91733333333333,35.25572043010752,34.92243554808013,3.185676913373359,3.2468703589839274,3.233474233802159,33.86783333333333,34.58979781420765,34.03404690878071,3.1821272896768704,3.1901348234196054,3.250120424796492,7.090790522095625
2002-04-29,sz000901,35.95,36.11,36.13,35.8,7782,27802764.0,0.92,0.25,0.09,2.59,3.8910912264677235,0.3505115099632694,35.638000000000005,35.79133333333334,35.76346526549293,3.279965739236488,3.4584947492220617,3.480351810800274,35.528000000000006,35.61454545454546,35.58286939575366,3.3692120694709304,3.3740583112464253,3.3836253620582695,35.376,35.490952380952386,35.29878448526514,3.2947420979396504,3.342699879286893,3.3097457451712713,35.001,35.33266666666666,34.99905260949431,3.218288177466573,3.292380959828726,3.2759011365547765,33.943333333333335,34.663311475409834,34.10211094455839,3.191997925511171,3.21337954265865,3.2711358609168606,7.4440879732662015
2002-05-08,sz000901,35.9,36.53,36.53,35.55,8545,30693610.0,2.71,1.16,0.42,2.85,3.931712067056756,0.04062084058903226,35.878,36.08866666666667,36.01897684366196,3.5364411809054106,3.6757435251621513,3.630805229552435,35.64,35.796727272727274,35.755074960162084,3.413051415353395,3.4763310380802115,3.483277490239812,35.440000000000005,35.60085714285714,35.41604310571608,3.3113827069392947,3.403363685869475,3.368980632969889,35.10066666666667,35.43131182795699,35.09782340888178,3.2488752356511434,3.338408307544221,3.3182115191678077,34.02566666666667,34.74812021857924,34.181713864408934,3.204792205097226,3.2376324653322754,3.292794097183742,7.487047970571875
2002-05-09,sz000901,34.15,38.43,38.74,34.15,2396,8969576.0,12.57,5.2,1.9,0.8,3.3794868137172736,-0.5522252533394822,36.508,36.93933333333334,36.822651229107976,3.5431070832024636,3.623425402766105,3.547032424274048,35.938,36.304,36.24142496740534,3.4165805251379795,3.4702283832372802,3.4644064581448046,35.6195,35.88561904761905,35.7030866194574,3.322454007928328,3.4098497912769012,3.369981221612497,35.272666666666666,35.64610752688173,35.312802543792635,3.2587652837645043,3.346834860967842,3.3221647639774505,34.14066666666667,34.89252459016394,34.32100193442831,3.209833579879292,3.243360157418178,3.2956364813323824,6.952771914034893
2002-05-10,sz000901,38.41,39.6,39.63,38.25,2982,11513649.0,3.59,3.04,1.17,0.99,3.474507639116976,0.09502082539970225,37.33800000000001,37.97,37.74843415273865,3.6434754925726365,3.6005589214042764,3.5228574958883576,36.346000000000004,36.969818181818184,36.85207497333164,3.3942734856845656,3.480760585778916,3.466243036503381,35.8375,36.264714285714284,36.07422122712813,3.351353079009699,3.424331089485345,3.3799361185176853,35.48566666666667,35.92529032258065,35.58939592806408,3.2845299388998725,3.3607537226034854,3.3319933365670975,34.27316666666666,35.07151912568306,34.49408383821754,3.2125921900479053,3.2520379954259715,3.3015011094564675,7.061212985611847
2002-05-13,sz000901,39.55,39.37,39.85,37.25,2403,9422688.0,6.57,-0.58,-0.23,0.8,3.3807537708039,-0.09375386831307564,38.008,38.647333333333336,38.28895610182577,3.6115103034325258,3.5129850141480308,3.475489587526872,36.739,37.519636363636366,37.309879523634976,3.3959688682170444,3.4783024558006135,3.45069953364893,36.060500000000005,36.601142857142854,36.38810491978259,3.3865104199138694,3.427131155370506,3.380013990163991,35.67333333333333,36.17589247311828,35.83330586818898,3.302656506691351,3.3669617117585844,3.335139171033988,34.404333333333334,35.238628415300546,34.653949941882544,3.210573411332052,3.257551489876988,3.304099557369498,6.97417481118379
2002-05-14,sz000901,39.13,39.4,39.45,39.13,494,1931190.12,0.81,0.08,0.03,0.16,2.693726948923647,-0.6870268218802531,38.666000000000004,39.11133333333333,38.65930406788385,3.3720374479237103,3.2070572293117374,3.2149020413257974,37.152,38.00345454545454,37.68990142842861,3.3260015935800986,3.350622106838178,3.3130681546079694,36.2745,36.91919047619048,36.67495207027949,3.3614571794739554,3.361151777180962,3.314653319569673,35.827999999999996,36.41632258064517,36.0634151670155,3.2827499196760477,3.327675933838087,3.29375773734945,34.52466666666667,35.40242076502733,34.809558140509345,3.197951886278189,3.240605704224253,3.284087340699142,6.285825030901339
2002-05-15,sz000901,39.25,39.44,39.44,39.16,1584,6186088.0,0.71,0.1,0.04,0.53,3.1997551772534747,0.5060282283298276,39.248000000000005,39.36933333333333,38.9195360452559,3.2256460699630543,3.1496298057549925,3.2098530866350234,37.563,38.41945454545454,38.00810116871432,3.381043625434232,3.3276682129606097,3.29246579508897,36.479,37.220666666666666,36.93828996834811,3.368542626816865,3.345751586493296,3.3037106393490823,35.98466666666666,36.64935483870968,36.2812593497887,3.27788290248068,3.3223214343269536,3.2876930560529356,34.656166666666664,35.56357923497268,34.96137590639429,3.1963111747805835,3.240664828518525,3.2813223517337105,6.791416093753576
2002-05-16,sz000901,39.43,39.44,39.55,39.17,3284,12848699.0,0.96,0.0,0.0,1.09,3.516403148447403,0.3166479711939285,39.45,39.43333333333333,39.093024030170604,3.25302933690908,3.246548831916442,3.312036440572484,37.979,38.76072727272727,38.26844641076626,3.3980682100557713,3.3522790353266405,3.333181677517776,36.688,37.50266666666666,37.17654806660067,3.3795514698761764,3.3598335409343,3.3239670687870175,36.146,36.87227956989248,36.48504906915717,3.284946656503144,3.337709837292549,3.302448545884837,34.78866666666667,35.72042622950819,35.10821604061087,3.2047674648865914,3.251159647327272,3.289029918839077,7.108859155237313
2002-05-17,sz000901,39.16,39.32,39.4,39.16,2657,10385937.0,0.61,-0.3,-0.12,0.89,3.4243915544102776,-0.09201159403712555,39.394000000000005,39.39,39.1686826867804,3.2430061199677405,3.3036695710835082,3.349488145185082,38.366,39.00454545454546,38.45963797244512,3.4432408062701882,3.357065097936551,3.3497652914982305,36.890499999999996,37.75333333333333,37.38068634597203,3.3719827985698543,3.364104025175643,3.333531305513042,36.30233333333333,37.07705376344086,36.66794912921155,3.3043602148304827,3.346706282318815,3.3103158367574466,34.919,35.86899453551912,35.24630731796789,3.2046485810569716,3.2583604371477217,3.2934680052512473,7.01644568388244
2002-05-20,sz000901,39.07,39.75,40.0,39.07,2144,8477527.0,2.37,1.09,0.43,0.71,3.3312247810207323,-0.09316677338954538,39.470000000000006,39.50866666666666,39.36245512452027,3.233100322011107,3.333075791434505,3.343400357130299,38.739,39.25618181818182,38.694249250182374,3.4223053127218166,3.3366985478911952,3.346394289593231,37.104499999999994,38.025666666666666,37.60633526540327,3.372924590152362,3.360222309218584,3.3333116365137747,36.461999999999996,37.29948387096775,36.86679112087532,3.3040926197300844,3.3484394801375412,3.311664800903465,35.03733333333333,36.02738797814207,35.393969373116484,3.202272680163205,3.2625104764907955,3.2947059323256567,6.928269181632942
2002-05-21,sz000901,40.15,41.74,41.75,39.75,8638,35101720.0,5.03,5.01,1.99,2.88,3.9364131997114797,0.6051884186907475,39.938,40.26533333333334,40.15497008301351,3.4816375721686734,3.5675134173346295,3.5410713046573594,39.302,39.80181818181818,39.24802211378558,3.4268375100461923,3.4301727091620426,3.4536704550692763,37.415,38.46714285714285,38.00001762107915,3.3980247897585607,3.4138878910813566,3.3907498806278418,36.684666666666665,37.63999999999999,37.18119169372208,3.338773901975165,3.3892343562653724,3.35197114921366,35.1985,36.247147540983605,35.60203595104709,3.2219865158435144,3.2865806574595915,3.315745514862897,7.545328397611329
2002-05-22,sz000901,41.9,42.89,43.25,41.9,4812,20417980.0,3.23,2.76,1.15,1.6,3.6823256186678073,-0.25408758104367246,40.628,41.24933333333333,41.06664672200901,3.57815166045154,3.63440943283434,3.5881560759941755,39.938,40.454181818181816,39.91019991127911,3.401898865207297,3.4766250925477906,3.4952441211781,37.789,38.98857142857143,38.465730228595426,3.407475140280346,3.440964160501285,3.4185189985364097,36.93933333333334,38.04034408602151,37.54950190703033,3.341554759695295,3.411398983148769,3.373284340791347,35.384,36.49932786885246,35.84098559199637,3.2386261573087864,3.3016737427980933,3.327764534659779,7.310012774075697
2002-05-23,sz000901,43.49,43.13,43.49,42.57,2872,12258538.0,2.15,0.56,0.24,0.96,3.4581844355702627,-0.2241411830975446,41.366,42.083333333333336,41.75443114800601,3.5665079178761117,3.594420357873915,3.5448321958528712,40.408,41.03454545454546,40.49561810922836,3.409768627392596,3.486858832613785,3.4885059965221297,38.173,39.497238095238096,38.90994639730062,3.4131745762652885,3.4457936171955628,3.4222966592063004,37.21566666666667,38.43974193548387,37.909534042060635,3.351558881083084,3.418923478366509,3.3787617662609546,35.572,36.75329508196721,36.07996967094731,3.2496183871442033,3.3088723748722404,3.3320405969847124,7.088438677654367
2002-05-24,sz000901,43.26,44.32,44.45,42.87,8229,35849452.0,3.66,2.76,1.19,2.74,3.9153470623241917,0.45716262675392905,42.366,43.068000000000005,42.60962076533735,3.6646990194588946,3.7107000726899413,3.6683371513433114,40.879999999999995,41.74581818181818,41.19096027118684,3.4538525697133173,3.5787821844195293,3.5661134630315954,38.613,40.08266666666667,39.42518959755771,3.424063027698941,3.4936195682487914,3.4692538404556235,37.51833333333334,38.89808602150537,38.32311249095995,3.385519575910905,3.455296909414322,3.413380172458583,35.76133333333333,37.04011475409836,36.3501345997687,3.258652839961648,3.3306995445502725,3.3511653991269905,7.554482521365184
2002-05-27,sz000901,44.35,44.35,45.87,44.21,9462,26219698.0,3.75,0.07,0.03,1.97,3.9759829437125465,0.06063588138835474,43.286,43.72933333333334,43.189747176891565,3.7936506519972575,3.8144613807744916,3.7708857487997234,41.378,42.37672727272728,41.76533113097105,3.513375487004182,3.6737149796921162,3.6406351867917683,39.058499999999995,40.62904761904761,39.89421915969507,3.4546721776106133,3.5461833697738974,3.517513755051521,37.833,39.33883870967741,38.711943943156086,3.42879877561064,3.4933913202402342,3.44967712544271,35.95133333333334,37.321710382513665,36.61242526862874,3.2791940596113833,3.3542185643453837,3.371651220260943,7.41862768515388
2002-05-28,sz000901,44.81,43.1,45.15,41.15,6969,18748368.0,9.02,-2.82,-1.25,1.45,3.843170464519898,-0.1328124791926486,43.55800000000001,43.66733333333333,43.15983145126105,3.775002104958941,3.8309679849487055,3.7949806540397817,41.748000000000005,42.68981818181819,42.00799819806722,3.628319838563807,3.7336777028767916,3.6774597827423374,39.45,41.01395238095238,40.199531620676495,3.4771607160719533,3.5831832066224,3.548528679762795,38.099000000000004,39.678645161290326,38.99504433392021,3.4504113991705725,3.520124977589219,3.475063792479948,36.104000000000006,37.55609289617486,36.82513263687042,3.2907496557414513,3.3727095940145158,3.387110867613696,7.272963469426839
2002-05-29,sz000901,43.71,43.25,43.71,42.64,8017,21452728.0,2.48,0.35,0.15,1.67,3.9040118835973883,0.06084141907749041,43.63000000000001,43.56466666666667,43.189887634174035,3.8193393579448576,3.8739712444948546,3.8313243972256505,42.129000000000005,42.96290909090909,42.23381670750955,3.6987455091981993,3.783803529246534,3.718651073806892,39.846000000000004,41.37585714285714,40.49005241870731,3.539894567316215,3.6238356987676803,3.5823842229851373,38.36233333333333,40.01096774193549,39.26955760269956,3.4786102542773096,3.5493895249715943,3.5027378628746217,36.27033333333334,37.79038797814208,37.03578402582549,3.2987596916725233,3.392816552304874,3.404058441908243,7.3314825263582595
2002-05-30,sz000901,43.07,43.31,43.39,42.75,7493,20085974.0,1.48,0.14,0.06,1.56,3.874655732598101,-0.029356150999287234,43.66600000000001,43.458000000000006,43.22992508944936,3.902633617350425,3.8924100360459355,3.8457681756831343,42.516000000000005,43.17763636363636,42.42948639705326,3.734570767613269,3.8157872062283347,3.7470155572234756,40.247499999999995,41.7057619047619,40.7586188550209,3.5663194888345204,3.6557177145088113,3.6102196048530386,38.63066666666667,40.33017204301075,39.5302313057512,3.497891235788541,3.5749408461535803,3.526732564147104,36.4335,38.02119672131148,37.24149602497876,3.30825526785081,3.4116983897122704,3.4194878612751234,7.3028928961906265
2002-05-31,sz000901,43.28,45.07,45.12,43.23,5023,13668011.0,4.36,4.06,1.76,1.05,3.700963178159549,-0.17369255443855192,43.816,43.926,43.84328339296624,3.859756840517497,3.8251865563156437,3.797499843175273,43.091,43.641999999999996,42.90957977940721,3.762227929988196,3.809676735418567,3.7386423973936704,40.728500000000004,42.16504761904762,41.169226583114146,3.6027343681291923,3.6685409230159567,3.618861849929849,38.95733333333333,40.745612903225805,39.88763573763822,3.502064509042635,3.5880422617904193,3.5379732489221007,36.625,38.3043606557377,37.49816828645486,3.312875699987097,3.4245740589027203,3.4287165601893665,7.13570531964658
2002-06-03,sz000901,45.07,46.21,47.33,44.67,6425,18392746.0,5.9,2.53,1.14,1.34,3.807873132003332,0.10690995384378299,44.188,44.724,44.63218892864417,3.8261348781756537,3.807891986810922,3.8009576061179597,43.737,44.20909090909091,43.50965618315135,3.809892765086455,3.8179758630576828,3.751229803686336,41.23800000000001,42.68709523809524,41.649300241865184,3.616099038904136,3.6880779481468284,3.636862924413038,39.315333333333335,41.213526881720426,40.295530206177695,3.5185806484637263,3.6077718503685294,3.555386144604761,36.835666666666675,38.618622950819685,37.78380211312847,3.313908032879495,3.4408034829032528,3.4411479231996602,7.264646573371766
2002-06-04,sz000901,46.11,45.92,46.19,45.31,4129,11743321.0,1.9,-0.63,-0.29,0.86,3.6158448828747023,-0.1920282491286298,44.752,45.30133333333334,45.06145928576278,3.7806697618466147,3.7377953217106055,3.739253365036874,44.155,44.606,43.94790051348747,3.777835933402778,3.7826944299282736,3.726614363538766,41.728500000000004,43.133,42.05603355216374,3.6023367217244853,3.688053742810691,3.634861206171292,39.66166666666666,41.63963440860215,40.65839922513398,3.524628504306633,3.6140469622660114,3.5592867083641124,37.03633333333333,38.91646994535519,38.050562699583274,3.314705999147021,3.4507030517555544,3.4468756923693338,7.069790932347352
2002-06-05,sz000901,46.11,45.92,46.11,45.82,2784,7930494.0,0.63,0.0,0.0,0.58,3.4446692309385245,-0.1711756519361778,45.28600000000001,45.690666666666665,45.347639523841856,3.688801231314842,3.6257951447412418,3.6410586536707576,44.458000000000006,44.9269090909091,44.306464056489745,3.7540702946298494,3.7221186658438636,3.675351612156904,42.19799999999999,43.53219047619048,42.42403035671958,3.577984579918573,3.6730377913072667,3.6167476847205524,40.01199999999999,42.04339784946236,40.99785733964146,3.5230068583968475,3.6088882994680693,3.5518920324011716,37.226166666666664,39.207737704918024,38.30857703730185,3.3206011017194013,3.4549641413224896,3.4468033493716024,6.899300240885308
2002-06-06,sz000901,46.11,45.87,46.11,45.17,4000,11345019.0,2.05,-0.11,-0.05,0.83,3.6020599913279625,0.157390760389438,45.798,45.88533333333333,45.52175968256124,3.634282083060814,3.5968813980789487,3.628059099556493,44.732000000000006,45.18363636363637,44.59074331894615,3.76845785020562,3.6944804288798836,3.6620258629152778,42.57,43.881904761904764,42.7522179417939,3.589113238799108,3.67533068763197,3.615348856778401,40.35933333333334,42.42133333333333,41.312189124180726,3.5316023342453984,3.6139885015926567,3.5551286749125777,37.42133333333333,39.491142076502726,38.55649254427556,3.3268716683838355,3.4641923016375236,3.4518937310750895,7.054805227553546
2002-06-07,sz000901,45.71,45.82,45.85,45.18,3851,10904139.0,1.46,-0.11,-0.05,0.8,3.585573518622731,-0.016486472705231403,45.94800000000001,45.89266666666666,45.6211731217075,3.6112041511534505,3.580645209932921,3.6138972392452393,44.882000000000005,45.38145454545454,44.81424453368321,3.7354804958354735,3.66122873222845,3.648125436680269,42.881,44.191428571428574,43.044387661623055,3.594666532774396,3.674993571424696,3.612513110287385,40.702666666666666,42.77363440860214,41.603015632298096,3.5278688504111186,3.617470513487969,3.557092858377749,37.61416666666666,39.76650819672132,38.79464032970914,3.328232446957656,3.4726743295142093,3.4562766749291103,7.037591379010423
2002-06-10,sz000901,45.93,45.77,46.01,45.23,5616,15877208.0,1.7,-0.11,-0.05,1.17,3.749427099121749,0.16385358049901777,45.86,45.833333333333336,45.67078208113834,3.599514944577134,3.6267195259223537,3.659073859204076,45.024,45.5429090909091,44.988018254831715,3.7128249113763943,3.6637644782805,3.666543920760538,43.201,44.466571428571434,43.30396978908753,3.6131001991902876,3.689732672981587,3.625552537795419,41.047000000000004,43.10055913978494,41.87185333344016,3.5407230888658736,3.6317645940499457,3.5695015190709105,37.80883333333334,40.033912568306015,39.023340646767856,3.340253491619277,3.486483990240901,3.4658881642469015,7.200774134312713
2002-06-11,sz000901,45.42,46.72,47.2,45.42,3856,11047183.0,3.89,2.08,0.95,0.8,3.5861370252307934,-0.1632900738909555,46.02,46.120000000000005,46.02052138742556,3.593573373048352,3.622260219473574,3.6347615812129823,45.386,45.85127272727272,45.302924026680486,3.687121567447483,3.6407303171631176,3.6519244852096753,43.567,44.80171428571429,43.629305999650626,3.6577207030056456,3.6871647516521118,3.6217986794559307,41.42866666666667,43.46655913978495,42.18463698934725,3.547147666530463,3.634694525428327,3.5705747775328387,38.026833333333336,40.32608196721311,39.27569013375907,3.3501391903992683,3.494545745441278,3.469830749852931,7.043251548290362
2002-06-12,sz000901,45.79,46.57,47.37,45.79,2978,8655814.0,3.38,-0.32,-0.15,0.62,3.473924693416157,-0.11221233181463619,46.150000000000006,46.30333333333333,46.203680924950376,3.5994244655438785,3.5823773262628418,3.5811492852807074,45.718,46.066545454545455,45.533301476374945,3.64411284842936,3.601967249157422,3.6195608867017626,43.923500000000004,45.087714285714284,43.90937209492199,3.671429178813779,3.6696603697864454,3.607715442690238,41.80333333333333,43.798258064516126,42.467563635195816,3.5746339943539307,3.629970462646759,3.5643392882349887,38.24699999999999,40.60618579234972,39.51484783429156,3.3547775528964214,3.4986042865237987,3.4699649775107413,6.937307915548824
2002-06-13,sz000901,46.59,47.34,47.39,46.59,2981,8690484.0,1.72,1.65,0.77,0.62,3.4743619760326307,0.0004372826164735777,46.444,46.7,46.58245394996692,3.5738848624848125,3.540689829759093,3.5455535155313487,46.120999999999995,46.36145454545455,45.86179211703404,3.604083472772813,3.5711034541761983,3.5931610847619204,44.3185,45.41309523809524,44.23609856207228,3.6693271201930413,3.6508920647596694,3.595015112532371,42.205333333333336,44.1554623655914,42.78191436840899,3.578907483480618,3.623501300174417,3.5585343003509657,38.48350000000001,40.904316939890705,39.77141020038036,3.3628003341897768,3.502525087282364,3.470109141396705,6.9390439643285085
2002-06-14,sz000901,47.47,48.35,48.77,47.47,6492,19428106.0,2.75,2.13,1.01,1.35,3.8123785111541943,0.3380165351215636,46.95,47.33533333333333,47.171635966644615,3.619245860991105,3.620187712648886,3.634495180738964,46.449,46.76672727272727,46.31419355030057,3.615225006072278,3.6089752793364496,3.6330187986514244,44.769999999999996,45.797047619047625,44.62789869901778,3.688726468030237,3.664516006755971,3.615716388591592,42.63533333333333,44.55189247311828,43.14114569947938,3.6068979141102204,3.6385639471210998,3.574911346209239,38.73683333333334,41.22780874316939,40.052675439712154,3.3847475704165726,3.5172653553795574,3.4813310879461308,7.2884304643238265
2002-06-17,sz000901,48.35,48.8,49.6,48.35,3230,9844597.0,2.59,0.93,0.45,0.67,3.509202522331103,-0.3031759888230914,47.556000000000004,47.952,47.714423977763076,3.571200945632975,3.5835065997622193,3.592730961269677,46.708000000000006,47.194181818181825,46.766158359336835,3.585357945105055,3.5896984641107816,3.6105067484113658,45.222500000000004,46.18085714285715,45.0252416800637,3.697625355095755,3.6474184881179577,3.605572210852498,43.06133333333333,44.94961290322581,43.50623307370652,3.605852007637776,3.6322610186192206,3.570672067249359,38.989333333333335,41.557748633879775,40.33947296627897,3.3957644605055672,3.521345845606263,3.4822449054669495,6.993197942489526
2002-06-18,sz000901,48.35,48.96,49.26,48.35,1946,5898063.0,1.86,0.33,0.16,0.41,3.289142835932333,-0.22005968639876983,48.004000000000005,48.419999999999995,48.12961598517539,3.5118021077732835,3.4894872298620054,3.4915349194905625,47.012,47.60363636363636,47.16503865763923,3.5526877404108177,3.5358411715339235,3.5520769461424506,45.5835,46.53680952380953,45.39998056767668,3.665261836906798,3.6085153910547736,3.5754360799077207,43.48966666666667,45.33017204301075,43.85808900443513,3.5857870612865956,3.6118281688317726,3.5525088910353575,39.245333333333335,41.884655737704925,40.62211319689277,3.402037619376584,3.5178500546366496,3.475913690072372,6.7707094071452865
2002-06-19,sz000901,48.81,49.01,49.45,48.67,871,2655533.75,1.59,0.1,0.05,0.18,2.9400181550076634,-0.34912468092466975,48.492000000000004,48.755333333333326,48.423077323450265,3.4050208000915845,3.298892578940132,3.3076959979962632,47.321,47.96690909090909,47.5004861744321,3.5022226328177317,3.424446701460622,3.440793529572489,45.8895,46.86314285714286,45.74379194218366,3.628146463723791,3.5394445642072383,3.514920087060096,43.90566666666667,45.68632258064516,44.1904703589877,3.552730597551626,3.570165658749261,3.5129933596787324,39.503166666666665,42.204808743169394,40.89712587896185,3.4008029166013847,3.5027018754770127,3.458343344660414,6.424151825373165
2002-06-20,sz000901,48.75,49.04,49.52,48.75,1698,5158098.0,1.57,0.06,0.03,0.35,3.229937685907934,0.28991953090027067,48.83200000000001,48.937999999999995,48.62871821563351,3.3561359420666457,3.2405315408789144,3.281776560633487,47.638000000000005,48.27945454545454,47.7803977790808,3.465010402275729,3.3749403474770228,3.4024561034516605,46.184999999999995,47.16319047619047,46.05771651911856,3.6167341262406745,3.5015199187009656,3.487778905997985,44.25933333333333,46.01756989247312,44.50334323905302,3.547745626624648,3.549340309610959,3.494731703306423,39.766,42.51749180327869,41.164105358340144,3.4032554551945764,3.497099736765752,3.450854634537382,6.712489589150293
2002-06-21,sz000901,48.85,49.47,49.52,48.53,3928,11974791.0,2.02,0.88,0.43,0.82,3.594171479114912,0.3642337932069779,49.056,49.150666666666666,48.90914547708901,3.3124945356587894,3.319876719895004,3.3859082001272953,48.003,48.612545454545455,48.087598182884285,3.4658701983249474,3.3984241796296013,3.4373134444813425,46.4425,47.47604761904761,46.38269589825012,3.60067534708021,3.499371095165178,3.497911532009121,44.58833333333334,46.35374193548386,44.823772707501206,3.5517344212912456,3.5523355259006526,3.5011471727134227,40.037000000000006,42.83565573770492,41.436429772820794,3.4181321800955597,3.503359278533632,3.45555354747435,7.078267942267076
2002-06-24,sz000901,50.27,52.33,53.95,50.27,9482,30787042.0,7.44,5.78,2.86,1.98,3.9768999509829377,0.3827284718680257,49.762,50.242,50.04943031805935,3.4060340213891562,3.54134519166972,3.5829054504125097,48.659,49.39927272727273,48.85894396781441,3.488617483511066,3.4913386801128725,3.5354200820270867,46.8415,48.0367619047619,46.94910581270249,3.6007211974437303,3.5352020098225814,3.543529476673294,45.02033333333333,46.85320430107527,45.30804543604952,3.5716059606305475,3.579765560074311,3.531840900343714,40.34683333333333,43.238704918032795,41.79359600977749,3.437131233660949,3.5216795333168247,3.4726468721795496,7.488367964161744
2002-06-25,sz000901,53.93,50.59,53.93,49.07,5548,17392896.0,9.29,-3.33,-1.74,1.16,3.7441364524012473,-0.23276349858169043,50.088,50.518,50.22962021203958,3.497032744682939,3.6540460020070835,3.636649117742089,49.04600000000001,49.75036363636364,49.17368142821179,3.504417426228111,3.537796674456542,3.5733685130042065,47.215999999999994,48.393761904761895,47.29585764006416,3.5957694968377973,3.548860605532821,3.5626349029330995,45.39333333333334,47.212537634408605,45.64881669823988,3.6066196107464674,3.590896559543388,3.5455373875732326,40.61066666666667,43.574546448087425,42.0820026979815,3.444684765211257,3.5317452781935557,3.4815481698917363,7.240371900122659
2002-06-26,sz000901,49.95,48.61,49.95,48.16,6901,20875096.0,3.54,-3.91,-1.98,1.44,3.8389120274059985,0.0947755750047512,50.008,50.02533333333334,49.68974680802639,3.676811519162606,3.76800576291477,3.704070087630059,49.25,49.67109090909091,49.07119389580964,3.5409161596270957,3.5986138746707033,3.6216491519863503,47.483999999999995,48.52652380952381,47.42101405529615,3.592514504028228,3.5720170370155064,3.588947010025757,45.699,47.42006451612904,45.8398607822244,3.627924839084885,3.6058831670698095,3.564464783691476,40.84183333333333,43.83681967213114,42.296035396408335,3.4529038707827824,3.5446707621999405,3.4932650176790894,7.319628481385551
2002-06-27,sz000901,48.61,48.96,49.61,48.32,6173,18717286.0,2.65,0.72,0.35,1.29,3.7904962769671093,-0.04841575043888913,49.992000000000004,49.676,49.4464978720176,3.7889232373744406,3.805900682182938,3.732878817409076,49.412,49.61836363636363,49.05097682384425,3.5725295897205434,3.6439920778234334,3.652348629255579,47.7665,48.667095238095236,47.56758414526794,3.5883065312466784,3.5908724439620676,3.6081421783058856,46.016333333333336,47.63045161290322,46.04116008659702,3.637061276702208,3.616371646933179,3.5790474606770006,41.08116666666667,44.10298907103826,42.51452603914904,3.461003966602676,3.5557393656813936,3.5030103048688606,7.2722428764173905
2002-06-28,sz000901,48.83,48.46,49.07,48.27,2570,7722728.5,1.63,-1.02,-0.5,0.54,3.4099331233312946,-0.3805631536358147,49.790000000000006,49.165333333333336,49.11766524801173,3.752075566217717,3.6795706441685563,3.6252302527164826,49.422999999999995,49.44527272727272,48.9435264922362,3.5322850509382535,3.614429083934479,3.608273082723891,47.936,48.73314285714286,47.6525761314329,3.5737550285052655,3.573884500351079,3.589265125451163,46.321000000000005,47.788107526881724,46.197214274558505,3.6365793289995754,3.601718217683443,3.5681368582676005,41.31166666666666,44.3449180327869,42.70945961163596,3.4704697719150293,3.5540649118036436,3.4999585939987763,6.887770767063614
2002-07-01,sz000901,48.29,48.11,48.67,47.73,3557,10679308.0,1.94,-0.72,-0.35,0.74,3.55108386518578,0.1411507418544855,48.946000000000005,48.60533333333333,48.78177683200782,3.6669123490582862,3.6125734104912435,3.6005147902062484,49.354,49.206545454545456,48.79197622092053,3.5364731852237212,3.6178470501613016,3.597875043171507,48.031,48.7497142857143,47.69614030939167,3.5609155651643882,3.571725341939698,3.5856288149496978,46.599666666666664,47.90352688172044,46.32061980523215,3.6439079651384105,3.5962023813083586,3.567036665165548,41.530833333333334,44.56781420765028,42.8865265096151,3.4740002924342472,3.556707996828914,3.50163483239835,7.028543112100944
2002-07-02,sz000901,47.55,48.96,48.99,46.78,4732,14073678.0,4.59,1.77,0.85,0.99,3.675044735955893,0.12396087077011275,48.620000000000005,48.61,48.841184554671884,3.6530940057692147,3.6152842061237798,3.6253581054561304,49.354,49.1349090909091,48.82252599893498,3.575063375226077,3.643041877567151,3.6119058964050312,48.183,48.838190476190476,47.81650789897342,3.5638755578184473,3.5825947867769843,3.5941446169502878,46.840333333333334,48.0558064516129,46.49090239844298,3.635195683013224,3.5982112052320674,3.574004927797183,41.7625,44.81139344262295,43.08565678798838,3.486984792494194,3.5632996179279846,3.5073204030067937,7.148407610324819
2002-07-03,sz000901,49.73,48.91,49.73,47.58,1526,4608320.0,4.39,-0.1,-0.05,0.32,3.1835545336188615,-0.49149020233703133,48.68000000000001,48.70666666666666,48.86412303644792,3.522022507011788,3.4587710487403283,3.478090248177041,49.344,49.05418181818181,48.838430362764974,3.599417013087197,3.5718584518203844,3.5340238304439096,48.3325,48.90742857142857,47.92065000383309,3.5508198229524646,3.546373736853214,3.555040799490152,47.041000000000004,48.18933333333334,46.64697321144666,3.6185699801782594,3.569073066561463,3.5488145797856787,41.99016666666667,45.04573770491805,43.276618860513345,3.480062369936777,3.553351084850105,3.496705128600632,6.663542628707026
2002-07-04,sz000901,48.03,48.35,48.83,48.03,866,2601599.75,1.64,-1.14,-0.56,0.18,2.937517892017347,-0.24603664160151473,48.55800000000001,48.59666666666667,48.69274869096529,3.3514268300218353,3.2639361770755144,3.2978994627904763,49.275,48.87345454545454,48.74962484226225,3.5701750336981384,3.451513157080412,3.4255682052754435,48.4565,48.90909523809524,47.96154047965851,3.517592717986934,3.4879640291451084,3.4962290940165515,47.215,48.27378494623656,46.75684590748236,3.6012144287264953,3.525134222163984,3.509376083800625,42.215333333333334,45.254256830601086,43.44295922574241,3.4763866549047893,3.5355627413117623,3.4783711208438026,6.415240482180569
2002-07-05,sz000901,48.35,47.95,48.35,47.76,387,1151013.62,1.22,-0.83,-0.4,0.08,2.5877109650189114,-0.3498069269984354,48.456,48.394,48.44516579397686,3.1869823983593584,3.0093642220745394,3.0611699635332883,49.123000000000005,48.63254545454545,48.604238507305475,3.469528982288538,3.272883326411462,3.273230525228801,48.563,48.860857142857135,47.9604413863577,3.4676995903067422,3.3994038621957725,3.4097035579215382,47.336,48.32120430107528,46.833823590870594,3.5569598921496532,3.459746901924786,3.449913818072773,42.42716666666667,45.44227868852459,43.5907310544066,3.471239734030279,3.5064258334466523,3.449169148521675,6.061080462687869
2002-07-08,sz000901,47.09,47.95,48.33,47.09,564,1679469.38,2.59,0.0,0.0,0.12,2.751279103983342,0.1635681389644308,48.42400000000001,48.22533333333334,48.280110529317916,3.027021446118871,2.8641297906158676,2.957873010349973,48.685,48.41927272727273,48.48528605143175,3.3469668975885782,3.1422924394468805,3.1783302668205358,48.672000000000004,48.802476190476185,47.95944696860934,3.4177921905498225,3.3311733396887826,3.3469964670702814,47.456,48.36081720430107,46.90583497210475,3.516136430825346,3.4077674962366364,3.404840610712165,42.6445,45.623355191256834,43.73365790508179,3.472467603217993,3.4828205668877366,3.4262875077171393,6.22517209021504
2002-07-09,sz000901,48.03,47.81,48.13,47.36,1572,4643906.0,1.61,-0.29,-0.14,0.33,3.196452541703389,0.4451734377200469,48.194,48.02066666666667,48.12340701954528,2.93130300726837,2.9206068224773736,3.037399520801112,48.407,48.26018181818182,48.362506769353246,3.2921985065187926,3.1149261929223004,3.181625225890145,48.7265,48.72038095238095,47.945213923979885,3.3983079663734514,3.3100933731319797,3.3326589503686725,47.61300000000001,48.38365591397849,46.9641681997109,3.4945791667314623,3.387142729196511,3.391396219163212,42.856,45.79271584699454,43.86730846557091,3.4724952829510176,3.473770892739716,3.4187519350609508,6.666883420348521
2002-07-10,sz000901,47.15,47.79,47.87,47.15,1891,5585625.5,1.51,-0.04,-0.02,0.39,3.27669152884504,0.08023898714165068,47.970000000000006,47.885999999999996,48.01227134636353,2.949930406313606,3.035736329669597,3.1171635234824215,48.325,48.148,48.258414629470835,3.235976456662697,3.1121067424361644,3.198910008245581,48.7875,48.631190476190476,47.930431645505614,3.3884463081448963,3.2985108552721303,3.327328719747374,47.76433333333333,48.39507526881721,47.017447670697294,3.473668488239717,3.3730854622360966,3.3839959165620397,43.063333333333325,45.9544863387978,43.9959213027653,3.4761393712585136,3.467351097523127,3.4140942168243633,6.747071814154866
2002-07-11,sz000901,46.77,47.52,47.69,46.77,1512,4448283.0,1.93,-0.56,-0.27,0.32,3.1795517911651876,-0.09713973767985218,47.80400000000001,47.736000000000004,47.84818089757569,2.998337186143174,3.1122767912867904,3.1379596127100102,48.181,48.001636363636365,48.1241574241125,3.1748820080825046,3.1018477123457076,3.195390332412782,48.7965,48.5104761904762,47.89134291736222,3.3737057989015233,3.278616139369301,3.313254726549071,47.904666666666664,48.37931182795699,47.04987040162005,3.45049835685862,3.354110191457094,3.3708059729880495,43.26766666666666,46.10060655737704,44.11146486660907,3.4741947963235806,3.457626914569247,3.40640430122898,6.648192409290879
2002-07-12,sz000901,47.23,46.77,47.23,46.43,505,1468120.62,1.68,-1.58,-0.75,0.11,2.7032913781186614,-0.4762604130465262,47.568000000000005,47.391333333333336,47.48878726505046,3.021453268763124,3.0139281886119536,2.9930702011795605,48.012,47.7450909090909,47.877946983364765,3.104217833561241,3.0161039614431906,3.1059177952683963,48.7175,48.31747619047619,47.78454835380392,3.3182514422497476,3.21476714691379,3.255162979079508,47.96133333333333,48.30610752688171,47.03181424667682,3.417242630190591,3.3059032896029032,3.3277405152545407,43.45933333333333,46.21543715846995,44.19862995294976,3.459653569616613,3.4323513926608893,3.3833514185040516,6.166761738446811
2002-07-15,sz000901,46.77,47.05,47.07,44.51,2670,7604833.5,5.47,0.6,0.28,0.56,3.4265112613645754,0.723219883245914,47.388000000000005,47.218666666666664,47.342524843366974,3.1564997002393707,3.1489475194791035,3.137550554574566,47.906,47.57018181818182,47.72741116820753,3.091760573179121,3.0747027664983424,3.164207516376792,48.63,48.15866666666667,47.71459136772736,3.3141168792014204,3.2250776058771073,3.2714818631066573,47.989333333333335,48.247311827957,47.03298752108476,3.404530567835965,3.3065012658076776,3.3341128214551885,43.65233333333333,46.33316393442623,44.29211749547599,3.461555608149846,3.4312647596034456,3.384766495319151,6.881089710062547
2002-07-16,sz000901,46.72,47.15,47.23,46.59,1896,5519509.5,1.36,0.21,0.1,0.4,3.2778383330020473,-0.1486729283625281,47.25600000000001,47.139333333333326,47.27834989557799,3.1727768584991023,3.189393730399996,3.1843131473837265,47.72500000000001,47.43272727272728,47.62242731944252,3.052039932883736,3.108535086466147,3.184867664854111,48.5395,48.01771428571429,47.66082076127714,3.313551654054906,3.221622506239071,3.272087241191932,48.03033333333334,48.193161290322585,47.04053671327284,3.3932636828402107,3.2983275732377457,3.3304822092969215,43.846000000000004,46.447841530054646,44.38581856119809,3.4589460935734215,3.4252412423854843,3.381260653931705,6.741900485173341
2002-07-17,sz000901,47.01,48.75,48.75,47.01,1816,5410193.5,3.69,3.39,1.6,0.38,3.2591158441850663,-0.01872248881698102,47.448,47.63733333333333,47.76889993038533,3.1692617215671075,3.2181733922953177,3.20924737965084,47.709,47.61909090909091,47.827440534089334,3.059596063940357,3.146185252157298,3.1983673338233753,48.5265,48.03776190476191,47.764552117345985,3.329506538513777,3.216438143394325,3.2708518700484213,48.12466666666667,48.23959139784946,47.15082466725524,3.3870785699484283,3.289672873969673,3.325877927676802,44.06833333333334,46.608628415300544,44.52890647722439,3.4550427141726376,3.418689430930128,3.3772559060711593,6.7332127982820635
2002-07-18,sz000901,49.15,48.89,50.48,48.75,2545,7839175.5,3.55,0.29,0.14,0.53,3.4056877866727775,0.14657194248771122,47.722,48.118,48.14259995359022,3.214488920668626,3.2969820806638737,3.274727515324819,47.763,47.83381818181818,48.02063316425491,3.1064130534059,3.2091110199268296,3.2360619616141753,48.519,48.07238095238095,47.8717376299797,3.338294043552019,3.223693500361849,3.283693385917408,48.22533333333333,48.28896774193548,47.26302952743233,3.3805328297932555,3.29087346859705,3.3310269508378325,44.29233333333333,46.766715846994536,44.67189315010228,3.456067582019327,3.4170712365858713,3.3781880988777697,6.894270387348939
2002-07-19,sz000901,48.83,47.53,48.89,47.39,2139,6342107.0,3.07,-2.78,-1.36,0.45,3.330210784571528,-0.07547700210124964,47.874,48.054,47.93839996906015,3.3398728019591983,3.335556035298174,3.2932219384070556,47.721,47.79145454545454,47.931427134390375,3.180663035361161,3.249801516502398,3.253179929424603,48.422000000000004,47.97819047619048,47.83919118902925,3.3250960088248496,3.22292366617323,3.288123614360657,48.282333333333334,48.24410752688173,47.280253428888315,3.3720207386582155,3.287626885034358,3.330974294949684,44.4925,46.872868852459014,44.7656015714104,3.449944794534667,3.4129447842105334,3.376615072179204,6.80223356489346
2002-07-22,sz000901,46.75,47.02,47.81,46.75,1038,3040381.5,2.23,-1.07,-0.51,0.22,3.016197353512439,-0.31401343105908897,47.868,47.769333333333336,47.6322666460401,3.2578100203887717,3.2276642191492546,3.20088041010885,47.628,47.663999999999994,47.765713109955755,3.207154860314071,3.2198986652571757,3.210092188349664,48.1565,47.84466666666666,47.76117298055027,3.2770608789513247,3.1935047466196673,3.2622258752322555,48.324,48.16266666666666,47.26346288508907,3.347579747137905,3.2646705376055984,3.310666105179539,44.685500000000005,46.955737704918036,44.83951627398711,3.4441514180018893,3.3987235566360345,3.364798097796687,6.482928081289553
2002-07-23,sz000901,47.55,46.21,47.63,46.19,609,1756733.75,3.06,-1.72,-0.81,0.13,2.784617292632875,-0.23158006087956373,47.68000000000001,47.21666666666667,47.15817776402673,3.1591658123149373,3.069933309897289,3.0621260376168586,47.468,47.406181818181814,47.482856180872886,3.16597133540702,3.1430736529515038,3.1327331164011567,47.93750000000001,47.659285714285716,47.613442220497866,3.229084920962906,3.146605357446482,3.216739343556124,48.307,48.02627956989247,47.195497537663975,3.3208624227179744,3.228350379250434,3.2767274721120128,44.86783333333334,47.00572131147541,44.88445016664327,3.434005044624219,3.377099486951803,3.3457757763159064,6.244705944951268
2002-07-24,sz000901,46.7,46.22,47.04,45.45,2218,6341712.0,3.44,0.02,0.01,0.46,3.3459615418131414,0.5613442491802663,47.17400000000001,46.730000000000004,46.84545184268449,3.1765349518405523,3.132198553063357,3.156737872348953,47.311,47.179272727272725,47.25324596616873,3.17289833670383,3.175799145025344,3.171501921021517,47.818,47.495714285714286,47.48073343759331,3.2044373966832636,3.157736464194124,3.2290462195806016,48.29533333333334,47.89163440860216,47.132562212653404,3.3165969843312073,3.229969677256575,3.2811941862862795,45.04933333333334,47.050054644808746,44.92823868576971,3.4456154893425692,3.3742128147284904,3.345781866987947,6.802206515261105
2002-07-25,sz000901,46.73,46.56,46.8,46.06,1821,5267460.0,1.6,0.74,0.34,0.38,3.26030994579492,-0.08565159601822137,46.708000000000006,46.525333333333336,46.75030122845633,3.1474593836649807,3.1601235510481462,3.1912618968309423,47.215,47.04272727272727,47.12720124504714,3.180974152166803,3.1916921648600876,3.187648834616681,47.698,47.37590476190476,47.393044538774895,3.177928080124654,3.163057659347615,3.2320237173152986,48.26933333333333,47.77967741935485,47.09562271506286,3.309461916656617,3.2263382554155244,3.2798468159319984,45.23733333333333,47.099584699453544,44.98173905672808,3.4441847000686177,3.368137223136763,3.3429795089160446,6.721601246350335
2002-07-26,sz000901,46.27,46.75,46.99,46.11,2362,6855319.5,1.89,0.41,0.19,0.49,3.373279893277496,0.11296994748257605,46.55200000000001,46.53933333333334,46.75020081897089,3.1560732054061744,3.235397054252318,3.251934562313127,47.213,46.958181818181814,47.05861920049311,3.2479730036826866,3.2266568450620317,3.221399936191374,47.6125,47.28561904761904,47.331802201748715,3.176095418621964,3.1816625939336,3.2454766864545554,48.216,47.681655913978496,47.07332447538138,3.2948252960607274,3.2304555442297747,3.2858747564059017,45.425666666666665,47.149180327868855,45.03971482535995,3.450861605085474,3.36581247537312,3.34397296414101,6.836027700387888
2002-07-29,sz000901,46.75,46.48,46.75,45.63,1760,5074664.5,2.4,-0.58,-0.27,0.37,3.24551266781415,-0.12776722546334618,46.444,46.51533333333334,46.66013387931393,3.201936268266517,3.2652102083883103,3.2497939308134685,47.156,46.82490909090909,46.953415709494365,3.2298731443276436,3.226209511267752,3.225784069213697,47.531,47.1777619047619,47.25067818253456,3.1608168587533827,3.188273760523331,3.245480113250707,48.13866666666667,47.5696559139785,47.035045476969685,3.286035634243495,3.227274084342899,3.283270750690305,45.6,47.18374863387978,45.08693729010225,3.4459438209406357,3.359079723331438,3.340744757704064,6.705407335134003
2002-07-30,sz000901,45.95,46.19,46.75,45.65,3994,11479398.0,2.37,-0.62,-0.29,0.83,3.6014080605346837,0.3558953927205337,46.440000000000005,46.43066666666667,46.50342258620929,3.3652944218468783,3.398367472477699,3.3669986407205403,47.059999999999995,46.64927272727273,46.81461285322266,3.2622301170809074,3.293761314214487,3.294079340362967,47.3925,47.05004761904761,47.14966121276937,3.157135024982322,3.2302348273596464,3.2793780129920385,48.04633333333334,47.443935483870966,46.98052641393938,3.296444475063574,3.2476206924907176,3.3037957384222008,45.768,47.20309289617485,45.1231032805907,3.4411157681750852,3.3641769115148494,3.349291095501789,7.059919113485882
2002-07-31,sz000901,45.95,45.41,46.75,45.31,4736,13414286.0,3.12,-1.69,-0.78,0.99,3.6754116937148633,0.07400363318017966,46.278000000000006,46.087333333333326,46.13894839080619,3.4311844522272223,3.5017398964336945,3.469802991718648,46.726,46.34927272727272,46.55922869809127,3.3038597020338876,3.368885237238843,3.3634124955178573,47.2175,46.8612380952381,46.98397919250562,3.181727882987122,3.2795945100960786,3.317095506394212,47.92633333333333,47.27384946236558,46.8792021291691,3.3209575930204807,3.2720701904682197,3.3277709613443083,45.916000000000004,47.19135519125683,45.13250973040739,3.4368440952860535,3.371858745139104,3.3599835741317263,7.127567561502003
2002-08-01,sz000901,45.47,45.85,46.05,45.23,8571,24297972.0,1.81,0.97,0.44,1.79,3.9330314951024055,0.25761980138754215,46.136,45.94466666666666,46.04263226053747,3.5657287620887197,3.669022244058756,3.624212492846567,46.422,46.19,46.43027802571103,3.35659407287685,3.483280108705846,3.4669795863514112,47.0925,46.730999999999995,46.875981174171756,3.231503563141375,3.3511472350594387,3.3757560767473733,47.82000000000001,47.13989247311828,46.81280199180336,3.3443940533269627,3.3115588293122147,3.3668200280383793,46.03966666666666,47.189191256830604,45.15603400154157,3.4460698399758054,3.3881271844773457,3.3787720305569944,7.385570027262362
2002-08-02,sz000901,45.31,46.57,46.59,45.31,3052,8705895.0,2.79,1.57,0.72,0.64,3.484584529282843,-0.44844696581956267,46.1,46.089333333333336,46.218421507024985,3.587989689289789,3.641974166456796,3.577669838325326,46.326,46.21690909090908,46.455682021036296,3.3720314473479815,3.506551100779663,3.470180485066217,47.0235,46.68123809523809,46.846840109964916,3.2763472413545713,3.3752501842157687,3.3861206912745607,47.723333333333336,47.05924731182796,46.797137347170896,3.340741154999227,3.3206033761480773,3.3744177377960867,46.155833333333334,47.20657923497267,45.20239354247463,3.4462377881452366,3.389389961175937,3.382241292810301,6.939813424916993
2002-08-05,sz000901,46.43,46.67,46.67,45.97,2342,6746890.5,1.5,0.21,0.1,0.49,3.369586890736344,-0.11499763854649858,46.138,46.279333333333334,46.36894767134999,3.612804533874228,3.5691732336056474,3.508308855795666,46.291,46.27945454545454,46.49464892630242,3.4073704010703723,3.506106635941183,3.451890740642604,46.9595,46.647571428571425,46.82999819473016,3.3072626306922217,3.384130150823556,3.3845460436042543,47.53466666666667,46.99129032258064,46.788934937676,3.3204973863243405,3.322464391356924,3.3741060702438457,46.2775,47.223437158469956,45.25051178698366,3.446051673477444,3.3868768169985954,3.3818263943816462,6.829103661743901
2002-08-06,sz000901,46.35,46.67,47.55,46.19,2655,7707519.0,2.91,0.0,0.0,0.55,3.4240645254174877,0.05447763468114353,46.234,46.45666666666668,46.469298447566665,3.5773358268507884,3.5062598974534014,3.4802274123362733,46.337,46.348363636363636,46.52653093970198,3.471315124348833,3.509141931277022,3.446831428783492,46.902499999999996,46.620000000000005,46.81476027142252,3.3186432298779267,3.395254140797392,3.388309708538848,47.403999999999996,46.93550537634408,46.78126171589045,3.3098283220915485,3.32914614226616,3.377329196384081,46.39866666666667,47.236306010928956,45.29705238413173,3.4582239664190078,3.3861559268982693,3.3832112511369195,6.886914603990175
2002-08-07,sz000901,47.26,46.8,47.26,46.51,176,510664.38,1.61,0.28,0.13,0.04,2.24551266781415,-1.1785518576033378,46.51200000000001,46.64533333333334,46.57953229837778,3.2913560216706457,3.0623188444411884,3.068655830828899,46.394999999999996,46.432545454545455,46.57625258702889,3.361270236948934,3.2862687573616256,3.2284098358799747,46.853,46.6102380952381,46.81335453128704,3.267084286826382,3.293051230124651,3.279471895136496,47.343666666666664,46.896537634408595,46.782470637445904,3.256715010105154,3.260480616183746,3.304308775186021,46.52133333333333,47.24946448087433,45.34632935514381,3.442319924595019,3.346394900714504,3.3459096582410908,5.708135565885789
2002-08-08,sz000901,47.49,46.4,47.49,45.6,1400,3984624.75,4.04,-0.85,-0.4,0.29,3.146128035678238,0.9006153678640882,46.622,46.60799999999999,46.519688198918516,3.1339753297858124,3.013909515777052,3.0944798991120126,46.379,46.43345454545454,46.54420666211455,3.3498520459372663,3.2471519934942257,3.213449508570568,46.797,46.56709523809525,46.77398743306922,3.2654130990520343,3.281531587158162,3.2667724799499953,47.25833333333333,46.8356559139785,46.757795112449394,3.235236068728858,3.253345972672333,3.294103566185519,46.63733333333333,47.24548633879781,45.38087593366368,3.4361486727155333,3.3366836912418223,3.3393594411078826,6.60038742819691
2002-08-09,sz000901,45.63,45.9,47.05,45.63,12404,35496188.0,3.06,-1.08,-0.5,2.58,4.093561757565289,0.9474337218870508,46.488,46.367333333333335,46.31312546594568,3.255770775442302,3.3337716583702113,3.4275071852631047,46.294,46.34636363636364,46.427078178093716,3.4218802323660453,3.382371941062957,3.3734699174786993,46.753499999999995,46.48166666666666,46.69075053468168,3.334926618024366,3.3604028879689474,3.3455143159133565,47.173,46.74802150537634,46.70245349229137,3.2580236898699915,3.308721823565006,3.3456815140164724,46.747,47.221311475409834,45.39789639485503,3.447301509434783,3.358238218613946,3.3640873859097646,7.55018171588729
2002-08-12,sz000901,46.32,45.76,46.32,44.83,9394,26701062.0,3.25,-0.31,-0.14,1.96,3.9728505558472302,-0.12071120171805871,46.306,46.12466666666666,46.12875031063046,3.376423508464479,3.5727982518385204,3.6092883087911467,46.222,46.249272727272725,46.30579123662213,3.4946140211693533,3.482548363514082,3.4824482153638865,46.689,46.38704761904762,46.602107626616764,3.362243582748499,3.4211575487139823,3.4052606244784873,47.09466666666667,46.656860215053754,46.6416500411758,3.272082579558706,3.354839685886118,3.386144032844263,46.847166666666666,47.18895081967214,45.40976864420404,3.457995272348558,3.375469334889763,3.384046834104436,7.426528535206052
2002-08-13,sz000901,45.55,45.69,45.95,45.15,3136,8892952.0,1.75,-0.15,-0.07,0.65,3.496376054012401,-0.4764745018348293,46.11,45.919333333333334,45.98250020708697,3.3908858141834615,3.612782433687828,3.571650890531565,46.172000000000004,46.15254545454546,46.19382919359992,3.484110820517125,3.482868733121909,3.484980549663616,46.616,46.29190476190476,46.515240233605645,3.3731704687990165,3.4339320697867346,3.4139382844340984,46.98566666666667,46.56623655913979,46.58025326432575,3.2661269568272564,3.3693102326250655,3.3932557761454336,46.913,47.151010928961746,45.41895655750883,3.4506613199202407,3.376727721173823,3.38772975934732,6.949045948203285
2002-08-14,sz000901,45.6,45.77,45.77,44.99,533,1503279.12,1.71,0.18,0.08,0.11,2.7267272090265724,-0.7696488449858285,45.903999999999996,45.806000000000004,45.91166680472465,3.487128722425946,3.3913962319688644,3.290009663363234,46.208,46.079454545454546,46.11676934021811,3.389242372048296,3.345162621941808,3.347116305911426,46.467,46.211333333333336,46.44426497326225,3.346551037041092,3.3723660450465025,3.3484896105857627,46.88099999999999,46.4878064516129,46.5279788601757,3.2508993793408463,3.334510248895989,3.350253933105507,46.961,47.11353551912569,45.43046617857411,3.434734679759553,3.3529921765543595,3.366057544582705,6.177039625311698
2002-08-15,sz000901,45.77,46.51,46.54,45.77,3401,9760937.0,1.68,1.62,0.74,0.71,3.531606631932722,0.8048794229061498,45.926,46.008,46.11111120314977,3.564224441676843,3.406222201804457,3.37054198621973,46.274,46.134363636363624,46.18826582381482,3.349099885731328,3.3710470328298854,3.3806600015516617,46.348,46.21542857142858,46.45052545199918,3.352846979304089,3.389990387417133,3.3659293269045207,46.81966666666667,46.463870967741926,46.526818933712754,3.2707023373380264,3.3526203942244974,3.361954107223392,47.01733333333333,47.098748633879794,45.46586073009627,3.4359583830322604,3.3561683061338075,3.3714853835122134,6.989491509715578
2002-08-16,sz000901,46.13,46.33,46.53,46.05,330,950176.62,1.03,-0.39,-0.18,0.07,2.5185139398778875,-1.0130926920548347,46.012,46.14266666666666,46.18407413543318,3.2492148781393624,3.057652034538138,3.086532637439116,46.24999999999999,46.14454545454545,46.2140356740303,3.2524928267908324,3.2200314063110786,3.22390617215643,46.288,46.21371428571428,46.439046837523065,3.312262137069407,3.310530097947971,3.285223099568651,46.76566666666667,46.43227956989248,46.514120937989354,3.268395769833325,3.304092110517392,3.30753861255594,47.05083333333334,47.0762131147541,45.494193165175076,3.4126778309914894,3.326088160456615,3.3435191066717436,5.97780433998562
2002-08-19,sz000901,46.4,46.49,46.53,46.06,216,619564.62,1.01,0.35,0.16,0.05,2.3344537511509307,-0.18406018872695684,46.158,46.302,46.28604942362212,2.9215355172001027,2.752731658875328,2.8358396753430544,46.232,46.18818181818182,46.26421100602479,3.148979512832291,3.053115210740187,3.06218755015543,46.2615,46.23295238095238,46.443899519663724,3.2781749569513314,3.2174054897652593,3.1946736378145824,46.717,46.41449462365592,46.512564748441655,3.254501591405578,3.2438377867314308,3.2447589440781974,47.0865,47.05782513661202,45.526842569595566,3.3853190111154623,3.2907365512815145,3.310434996654668,5.792086609575423
2002-08-20,sz000901,46.64,46.45,46.64,46.09,278,796905.81,1.18,-0.09,-0.04,0.06,2.444044795918076,0.10959104476714554,46.31,46.39933333333333,46.34069961574808,2.7110692655812376,2.5935680851146525,2.705241382201395,46.21,46.22781818181818,46.297990823111185,3.0509775398823495,2.9249452622103305,2.949797958475911,46.2735,46.25090476190476,46.444480517790986,3.2611463321155916,3.1379645220478065,3.1231851766815817,46.67166666666667,46.3972688172043,46.50852831305833,3.229421333212734,3.1915502515386884,3.193099966777545,47.14233333333333,47.036956284153014,45.557110026330136,3.3620002499720987,3.2598751016029124,3.2820287605649434,5.901406993146925
2002-08-21,sz000901,46.27,46.38,46.54,46.05,3245,9339826.0,1.05,-0.15,-0.07,0.68,3.511214701136388,1.0671699052183117,46.432,46.42266666666667,46.353799743832056,2.8679667640032007,2.860283230299702,2.9738991551797263,46.168,46.258727272727285,46.31290158254551,3.1775477432145736,3.0086247460747004,3.0518737298687246,46.2815,46.261047619047616,46.438339516096605,3.269408990081754,3.1617805571926447,3.1601403694868013,46.62466666666667,46.37845161290323,46.50023616382876,3.2372387722891127,3.209730468824086,3.213623498026503,47.1945,47.01196174863388,45.58409002546686,3.3554536302644147,3.2647673786902645,3.2895430536984334,6.970338785443825
2002-08-22,sz000901,46.08,46.24,46.59,45.76,349,998967.0,1.79,-0.3,-0.14,0.07,2.5428254269591797,-0.9683892741772082,46.37800000000001,46.35866666666667,46.315866495888045,2.6702105230084925,2.7519027846183617,2.830207912439544,46.152,46.271818181818176,46.29964674935541,3.1172174823426677,2.8932206885737197,2.95931949297608,46.265499999999996,46.25709523809524,46.419450038373114,3.2335347641399665,3.092582122609542,3.1013484701984564,46.582,46.35363440860215,46.48344673390433,3.216014560148912,3.164929607835058,3.1703462031189336,47.24333333333333,46.98066666666666,45.60559527053351,3.3332564585037665,3.2381238310409133,3.2650605085594413,5.999551141925063
2002-08-23,sz000901,45.82,46.05,46.24,45.47,847,2401557.75,1.67,-0.41,-0.19,0.18,2.9278834103307068,0.3850579833715271,46.322,46.24933333333333,46.22724433059203,2.752084417099056,2.8377937470591,2.8627664117365983,46.167,46.25327272727272,46.25425643129079,3.00064964761921,2.8587963118442725,2.953603841586012,46.2305,46.23657142857143,46.38426432043282,3.2112649399926276,3.063472469865803,3.0848279883062895,46.558,46.31931182795699,46.455482428491145,3.223500961222647,3.1463405013951733,3.154703442293887,47.25966666666667,46.94154098360655,45.620165917401266,3.320371795706619,3.2248329114286824,3.2540055217322696,6.380493034533079
2002-08-26,sz000901,46.11,45.63,46.43,45.6,2384,6781096.0,1.8,-0.91,-0.42,0.5,3.377306251068199,0.4494228407374923,46.15,46.01866666666667,46.028162887061356,2.9606549170825103,3.0462010250488145,3.034279691513799,46.153999999999996,46.15563636363636,46.14075526196519,2.9410952171413065,2.9272793306531795,3.030640643310046,46.188,46.17938095238095,46.31242962324875,3.2178546191553297,3.0792859280634763,3.112683060950281,46.510666666666665,46.25944086021506,46.402225497620755,3.221860794212768,3.156263423320693,3.1690649138277136,47.25,46.88810928961749,45.62048834633893,3.313195681024367,3.2266996148831604,3.2580481685957423,6.831299892729043
2002-08-27,sz000901,46.05,46.17,46.53,45.47,4350,12453504.0,2.32,1.18,0.54,0.91,3.6384892569546374,0.2611830058864384,46.09400000000001,46.025333333333336,46.075441924707576,3.199543809289822,3.27214580500619,3.2356828799940787,46.202,46.15854545454546,46.146072487062426,2.95530653743553,3.054078246982876,3.141158573063608,46.187,46.17766666666667,46.29886489722506,3.2197086789763274,3.119346369758648,3.1627598415221243,46.478,46.237462365591405,46.387243207451675,3.2338824916778544,3.183142678981459,3.1993503553197735,47.25416666666667,46.8526994535519,45.638505121868796,3.3135730872590323,3.2373649780284155,3.270521646902591,7.095291564584943
2002-08-29,sz000901,46.75,45.68,46.75,45.47,709,2018478.38,2.77,-1.06,-0.49,0.15,2.8506462351830666,-0.7878430217715708,45.95400000000001,45.88733333333334,45.943627949805055,3.0674301160991577,3.1558466136372716,3.1073373317237416,46.193,46.06363636363637,46.06133203486925,2.967698440051179,3.035049101118792,3.0883381479944187,46.2005,46.129380952380956,46.23992538320363,3.1784704060497377,3.0841975655878624,3.1330347361564996,46.37566666666667,46.185978494623654,46.341614613422536,3.2202668380444543,3.1584177592076017,3.176853315310954,47.25016666666667,46.80108743169399,45.63986560967638,3.3036727039964413,3.2221870484521538,3.256755239960967,6.305024102026252
2002-08-30,sz000901,45.34,46.27,46.35,45.33,4134,11741604.0,2.23,1.29,0.59,0.86,3.6163704722912695,0.7657242371082029,45.96,45.992666666666665,46.052418633203374,3.2821391251655756,3.3388267323679757,3.2770150452462508,46.169,46.07763636363637,46.099271664893024,2.976174824087034,3.1529894706169896,3.1843440251393007,46.221500000000006,46.135999999999996,46.24278963242233,3.162637354909181,3.1259023338013407,3.1790667110264774,46.28833333333333,46.179161290322575,46.33699431578238,3.227289594231737,3.183972832384815,3.2052092609225875,47.25683333333334,46.76895081967213,45.66052575362141,3.3039112120124963,3.232439434297886,3.268545903316059,7.069727429174422
2002-09-02,sz000901,46.32,46.43,46.59,46.13,2156,6208375.0,0.99,0.35,0.16,0.45,3.3336487565147013,-0.28272171577656824,46.036,46.14933333333333,46.178279088802256,3.363292194402375,3.3559966094843503,3.295892949002401,46.179,46.12509090909091,46.15940408945792,3.057688305750715,3.2179847310583836,3.211490339934828,46.2145,46.15585714285715,46.26061919123925,3.155090566270774,3.142189133954248,3.1937888105967844,46.251666666666665,46.188301075268825,46.342994682506095,3.22740419329651,3.1908347138224262,3.2134956799930467,47.267,46.74184153005464,45.685754417437096,3.2997124659773625,3.2334144357569747,3.2706804230930633,6.792977941418954
2002-09-03,sz000901,46.51,46.43,46.72,46.27,1698,4895941.0,0.97,0.0,0.0,0.35,3.229937685907934,-0.10371107060676721,46.196000000000005,46.28066666666667,46.26218605920151,3.3338184813703213,3.3115451066528703,3.2739078613042456,46.173,46.17072727272728,46.20860334592011,3.147236699226416,3.2493028001778783,3.214844402839029,46.2025,46.176380952380946,46.276750696835514,3.1481081060293534,3.1493174310625482,3.1972315606264177,46.232,46.19980645161291,46.34860792879602,3.234528871043026,3.1909981649586467,3.214556454568201,47.278000000000006,46.71439890710383,45.71015591194735,3.2910543090904656,3.23112673804978,3.2693445956443705,6.689836175573611
2002-09-04,sz000901,46.69,48.97,49.63,46.43,5969,17977154.0,6.89,5.47,2.54,1.24,3.7759015788916743,0.5459638929837403,46.75600000000001,47.205333333333336,47.16479070613434,3.361300945757729,3.458906139159988,3.4412391005000553,46.425,46.679272727272725,46.710675464843725,3.280422377523776,3.3636055055715617,3.316854798484964,46.3175,46.43995238095238,46.53325063047023,3.1656999587030628,3.2091072856208647,3.2523429909373944,46.324,46.37645161290323,46.51772999790595,3.2675716805849864,3.2259254364327536,3.250772269040683,47.3155,46.76987431693989,45.817036045981865,3.29421705165148,3.247023369846541,3.2859530213246098,7.254720938791685
2002-09-05,sz000901,48.96,49.18,49.52,47.47,6709,20501390.0,4.19,0.43,0.21,1.4,3.8266577918758693,0.05075621298419497,47.456,48.01333333333333,47.83652713742289,3.55650325709629,3.614025087866034,3.569711997625327,46.705,47.18018181818182,47.159643562144865,3.3119666865977235,3.462921035453761,3.4095462518287647,46.4365,46.71257142857142,46.78532199899687,3.2447572149061488,3.2720556506849414,3.3070396386458203,46.422666666666665,46.56070967741936,46.68948935287976,3.2835948889204105,3.2619955081289396,3.2879261737397276,47.359,46.831005464480874,45.92729715922836,3.300095936625809,3.2644804432965207,3.3036810465885855,7.311783307341847
2002-09-06,sz000901,48.38,49.02,49.23,48.38,4712,14360911.0,1.73,-0.33,-0.16,0.98,3.6732052817790453,-0.15345251009682404,48.006,48.534666666666666,48.23101809161527,3.567870218993845,3.6529257627602862,3.6042097590099003,46.983,47.601090909090914,47.497890187209435,3.42500467207971,3.5286007800321824,3.45748425727427,46.5675,46.958619047619045,46.99814847528289,3.2711110772111893,3.3128602284823607,3.3419125570394606,46.504666666666665,46.72827956989248,46.83984487850043,3.2973580667865483,3.2871316625069147,3.3127828903874255,47.38699999999999,46.885464480874305,46.02869725236841,3.3034099917215825,3.276713536580234,3.315796595283355,7.157181990722699
2002-09-09,sz000901,48.91,48.72,48.91,47.49,2234,6697792.0,2.9,-0.61,-0.3,0.47,3.34908316877959,-0.32412211299945515,48.464000000000006,48.772666666666666,48.39401206107685,3.5709571014468224,3.5799967460222017,3.519167562266464,47.25,47.91690909090909,47.72009197135317,3.4671246479245985,3.5147968703412515,3.437774968457055,46.7085,47.163619047619044,47.16213433477976,3.233887147771904,3.320286141965065,3.3425954724432825,46.57033333333333,46.87120430107527,46.96114520891976,3.2965515093032844,3.290468765861306,3.3151248438320815,47.393166666666666,46.9291693989071,46.11693668671699,3.2956884026820052,3.2782110177952504,3.3168879583488047,6.825931656393625
2002-09-10,sz000901,48.46,48.93,49.23,48.46,1647,5008100.5,1.58,0.43,0.21,0.34,3.2166935991697545,-0.1323895696098356,48.964000000000006,48.928,48.572674707384564,3.5683082840991864,3.461908911929845,3.418342907900894,47.58,48.222363636363646,47.94007524928896,3.451063382734754,3.469263952385826,3.3975783558593635,46.867000000000004,47.37519047619047,47.330502493372165,3.19607929993803,3.3186486611458133,3.3306048178458036,46.652,47.023440860215054,47.08816809866688,3.295590873681805,3.2853166426268836,3.3087744409506414,47.39533333333333,46.97955737704917,46.20916827075905,3.2908132539626496,3.275621024237472,3.3136028973921143,6.699673035489412
2002-09-11,sz000901,48.93,48.69,48.99,48.53,850,2569226.0,0.94,-0.49,-0.24,0.18,2.929418925714293,-0.28727467345546165,48.908,48.836666666666666,48.61178313825638,3.3990117534637108,3.248945792468214,3.255368247172027,47.832,48.424181818181815,48.07642520396369,3.38015634961072,3.3744195056548323,3.3124584594693505,47.017,47.54880952380952,47.45997844638434,3.1677314435231247,3.2932524350292662,3.2923966376428027,46.73533333333333,47.154924731182795,47.191512092301274,3.273191235854458,3.261692645983819,3.2842998915805546,47.39083333333333,47.02200546448087,46.29050701598007,3.2848178554590164,3.263772029868673,3.3010067015993987,6.409802308328594
2002-09-12,sz000901,48.51,49.05,49.07,48.35,635,1922464.62,1.48,0.74,0.36,0.13,2.8027737252919755,-0.1266452004223173,48.882000000000005,48.884,48.75785542550426,3.1942349401469317,3.050199783077636,3.1045034065453434,48.169,48.645636363636356,48.253438803243014,3.3753690986216105,3.2694408466877882,3.2197885078007364,47.181,47.74242857142857,47.611409070538215,3.171533769336395,3.25849455710249,3.245765884085581,46.85666666666667,47.30425806451613,47.31141453795926,3.244103303573695,3.2313431291733363,3.253233687303872,47.3915,47.0764043715847,46.38098219578399,3.282530448297088,3.2479673042894266,3.284671194179483,6.2838583560260535
2002-09-13,sz000901,49.31,50.22,50.67,49.15,3536,10990189.0,3.1,2.39,1.17,0.74,3.5485122563410356,0.7457385310490601,49.122,49.33,49.24523695033618,3.1692963350593297,3.168292221809004,3.252506356477241,48.564,49.018545454545446,48.61099538447156,3.3685832770265867,3.3009214208185926,3.2795564620807904,47.3665,48.03185714285715,47.859846301915525,3.1723790505568106,3.2943972701505517,3.274598871919434,47.00233333333333,47.521247311827956,47.49906521292964,3.231285995614983,3.250982416448649,3.272283917564334,47.41116666666667,47.16914207650273,46.50685163198779,3.287840024470973,3.2566880193072603,3.2933217208077306,7.041005161117876
2002-09-16,sz000901,49.65,47.79,49.71,47.42,3587,10717446.0,4.56,-4.84,-2.43,0.75,3.5547313766759667,0.006219120334931105,48.936,48.885999999999996,48.76015796689079,3.210425976638605,3.2967705690145492,3.3532480298768164,48.7,48.877818181818185,48.461723496385815,3.390691539042714,3.3347665298457523,3.3295882647344586,47.439499999999995,48.07219047619048,47.85319427316167,3.2241899223967145,3.330811777399995,3.301278158086723,47.043,47.572064516129046,47.51783519919225,3.2336242238614203,3.2718498603880675,3.290506334281214,47.38316666666666,47.181562841530045,46.548922070283275,3.2871826894303235,3.2654385554451295,3.301892529196853,7.030091303989425
2002-09-17,sz000901,47.71,46.78,47.84,45.57,2793,8041629.5,4.75,-2.11,-1.01,0.58,3.446070935701005,-0.10866044097496186,48.506,48.16733333333333,48.10010531126053,3.256301443944855,3.375318888702016,3.3841889984848796,48.735,48.528727272727274,48.15595558795203,3.4123048640220213,3.344835511056351,3.350766932182921,47.45399999999999,48.00938095238096,47.75098529476532,3.2797707816242188,3.3519433024765943,3.3150679464309403,47.04666666666666,47.555096774193544,47.47023292827662,3.2361736920269095,3.2855560998615885,3.300542760179265,47.29066666666667,47.161786885245895,46.55649839584776,3.278335539175625,3.2706480061425283,3.3066196900658413,6.905344060085945
2002-09-18,sz000901,46.14,46.69,47.73,45.95,1637,4786149.5,3.81,-0.19,-0.09,0.34,3.2140486794119414,-0.23202225628906348,48.10600000000001,47.562000000000005,47.630070207507025,3.3132273946843847,3.3612346338577117,3.3274755587939007,48.507,48.156909090909096,47.889418208324386,3.3561195740740475,3.308788932036337,3.325909068042743,47.466,47.93661904761904,47.64993907621624,3.3182709757989115,3.3456840546468536,3.3054470638577023,47.047333333333334,47.53208602150537,47.41989532000072,3.229173163826724,3.2841286796928806,3.294962496903954,47.225666666666676,47.142092896174866,46.56087549762324,3.2695007429591367,3.2685402402486368,3.3035845749624344,6.679986260096684
2002-09-19,sz000901,46.27,47.02,47.2,46.11,555,1598966.38,2.33,0.71,0.33,0.12,2.7442929831226763,-0.46975569628926506,47.7,47.2,47.426713471671356,3.301531246250525,3.171589830003809,3.1330813669034927,48.291,47.886545454545455,47.73134217044722,3.247883093198728,3.197547733681542,3.2201606889663674,47.498000000000005,47.89414285714286,47.58994487848136,3.2799248898982265,3.291019483915783,3.2520038180734137,47.05466666666667,47.530322580645155,47.39409562193616,3.2457991743370083,3.252846087389394,3.2594354314987104,47.19916666666667,47.13534972677596,46.575928759996245,3.2512570922210813,3.2513203136966218,3.2852471457217867,6.203839332330362
2002-09-20,sz000901,46.56,47.15,47.52,46.43,640,1865030.62,2.32,0.28,0.13,0.13,2.806179973983887,0.061886990861210744,47.086,47.016666666666666,47.334475647780906,3.1530647897790955,3.0064727392482626,3.024114235930291,48.104,47.67909090909091,47.62564359400227,3.1611805624192124,3.11723807564248,3.144891468060462,47.5435,47.861000000000004,47.54804536624505,3.2930926172494615,3.24590092049537,3.2095444043506016,47.07966666666667,47.536473118279574,47.37834751729512,3.23446757228053,3.2244835583343536,3.230193143917109,47.169,47.133737704918026,46.59475076786522,3.2348518205046943,3.236727621295403,3.2695400253369375,6.270685966433109
2002-09-23,sz000901,46.75,47.01,47.33,46.62,957,2788291.5,1.51,-0.3,-0.14,0.2,2.9809119377768436,0.17473196379295652,46.93000000000001,46.99133333333334,47.22631709852061,3.0383009019992704,2.9490884552475123,3.009713469879142,47.93300000000001,47.48018181818181,47.51370839509276,3.124363439318938,3.0844619620711398,3.1150770080088948,47.591499999999996,47.810190476190485,47.49680295041219,3.295744043621768,3.2161694272122627,3.1877698837245294,47.11666666666667,47.53197849462365,47.3545831613406,3.1973792449542486,3.208125130301858,3.2141104854564473,47.14483333333333,47.12852459016394,46.60836549678767,3.2277014674121194,3.2284017235010474,3.260076809351361,6.445338174814693
2002-09-24,sz000901,46.78,46.64,46.78,46.11,902,2595318.0,1.43,-0.79,-0.37,0.19,2.9552065375419416,-0.025705400234901976,46.902,46.89466666666667,47.03087806568041,2.9401280223674577,2.9213903337617357,2.991544492433409,47.704,47.24509090909092,47.35485232325772,3.0982147331561563,3.053706161748049,3.086009649742176,47.641999999999996,47.719571428571435,47.41520266942055,3.2746390579454556,3.1837372837760896,3.1656209936119017,47.145999999999994,47.50122580645162,47.30848102189927,3.1634577776774058,3.1925010846623545,3.197407004945834,47.12033333333333,47.11197267759562,46.6094026936143,3.2177701786180557,3.2194674635053033,3.2500810627346586,6.414190578825699
2002-09-25,sz000901,45.73,46.56,46.59,45.47,1281,3666416.0,2.4,-0.17,-0.08,0.27,3.1075491297446862,0.1523425922027446,46.876000000000005,46.78066666666667,46.87391871045361,2.918828112434007,2.9771973695541454,3.030212704870501,47.491,47.0370909090909,47.210333719029045,3.116027753559196,3.055403324764146,3.089925918833541,47.661500000000004,47.61652380952381,47.3337547961424,3.2480920515849574,3.1678239572807785,3.1600903399102624,47.175,47.463419354838706,47.26019192371223,3.150496880201815,3.1888940751183084,3.1916097226747926,47.08033333333333,47.09360109289618,46.607782933167925,3.208311918514536,3.215853658624209,3.2454078846038397,6.5642417394736245
2002-09-26,sz000901,46.33,46.01,46.88,45.77,1609,4588651.0,2.38,-1.18,-0.55,0.34,3.2065560440990297,0.0990069143543435,46.674,46.492,46.58594580696908,3.0112807246292776,3.073106680109153,3.088993817946678,47.187,46.767818181818186,46.99209122466013,3.1564059854399016,3.0718630139532066,3.111131396154539,47.678,47.4592380952381,47.207682910795505,3.265887542030756,3.1638681470440226,3.1645156450710976,47.183,47.38825806451613,47.17953438024693,3.166491174704231,3.1925107953697407,3.1925740014763564,47.032000000000004,47.058508196721306,46.58818349273619,3.2086952770225383,3.2157960889712416,3.2441340537676164,6.6616850277234265
2002-09-27,sz000901,45.76,46.33,46.51,45.31,560,1598317.0,2.61,0.7,0.32,0.12,2.7481880270062002,-0.4583680170928295,46.510000000000005,46.37733333333333,46.50063053797939,2.9996823352337403,2.9854091142347934,2.9753918876331857,46.797999999999995,46.611999999999995,46.87171100199465,3.0763735625064177,2.9976415669652607,3.0451416926730226,47.681,47.33085714285714,47.12409406214831,3.222478419766502,3.1145634313273987,3.1248653957315837,47.177,47.333225806451615,47.124725710553584,3.1403772212066796,3.165523495518255,3.1639039386073144,46.998333333333335,47.03549180327869,46.579718460187465,3.205539779272353,3.2006974906100503,3.227873528300029,6.2036629187185435
2002-10-08,sz000901,45.34,45.93,46.0,45.34,424,1202937.38,1.42,-0.86,-0.4,0.09,2.6273658565927325,-0.12082217041346777,46.294000000000004,46.184,46.310420358652934,2.928973118996918,2.8613036213544576,2.8593832106197015,46.612,46.454181818181816,46.7004908198138,2.9836370104980943,2.9160038022536816,2.9691824497493333,47.656,47.16409523809524,47.010370818134184,3.187164274770404,3.057886044358468,3.0774844872421694,47.163666666666664,47.25277419354838,47.04764663245335,3.1440056184305076,3.132425988123807,3.1292885784773414,46.96466666666666,47.000464480874314,46.55841621559115,3.2062006941319163,3.1817409685549807,3.2081847521784783,6.0802430203337865
2002-10-09,sz000901,45.49,45.66,46.21,45.47,145,413977.81,1.61,-0.59,-0.27,0.03,2.161368002234975,-0.46599785435775765,46.098,45.97266666666666,46.09361357243529,2.7702054119355246,2.6054352491004766,2.6267114744914597,46.5,46.281090909090906,46.51131067075674,2.8551667171514916,2.766500346205842,2.8223070956558134,47.61749999999999,46.974000000000004,46.881764073549974,3.1337357905867558,2.960191161259856,2.990235298193865,47.135999999999996,47.15576344086023,46.958121043262814,3.138236093466643,3.069030012885386,3.0668420896875115,46.926500000000004,46.957688524590175,46.52895994622751,3.1963688424361103,3.147484158984589,3.173862891524593,5.616977062732422
2002-10-10,sz000901,46.08,45.61,46.08,45.31,1755,4971554.0,1.69,-0.11,-0.05,0.37,3.244277120801843,1.0829091185668682,45.908,45.809999999999995,45.9324090482902,2.797551010146956,2.763459152055916,2.8325666899282544,46.391999999999996,46.11927272727273,46.34743600334642,2.8581895612904815,2.8372476923240875,2.8990289184096367,47.4495,46.78280952380952,46.76064368559283,3.1071545676822647,2.970718906994626,3.0144297574898626,47.108,47.05731182795699,46.87114549208457,3.1649105042961017,3.0758713694876563,3.0782895110497264,46.88983333333333,46.914524590163936,46.49883011192497,3.197165918754418,3.1490549222096953,3.1761715547795846,6.696492160993961
2002-10-11,sz000901,45.66,45.9,45.95,45.36,849,2410399.0,1.29,0.64,0.29,0.18,2.928907690243953,-0.31536943055789024,45.886,45.807333333333325,45.921606032193466,2.742021339375941,2.8072447120882487,2.864680356700154,46.28,46.029818181818186,46.266084002737976,2.8766510320026093,2.8501055339519916,2.904461422379512,47.2855,46.635238095238094,46.67867762029828,3.062267062600669,2.9537430139052634,3.006284798704538,47.092,46.97937634408601,46.80849094420815,3.1455002705996873,3.060645381484292,3.0686519742235476,46.858333333333334,46.88207103825137,46.47919633776349,3.1913695214443996,3.140259570455254,3.1680645428275964,6.382088938489988
2002-10-14,sz000901,46.05,45.79,46.05,45.39,154,434992.0,1.44,-0.24,-0.11,0.03,2.187520720836463,-0.7413869694074897,45.778000000000006,45.77533333333333,45.87773735479564,2.6298878781419934,2.6224111725750894,2.638960478078924,46.144,45.94072727272728,46.17952327496744,2.814785106687867,2.724809113739965,2.774108567553503,47.124,46.49280952380952,46.594041656460355,2.9879828345535397,2.870433838499148,2.9283072674790067,47.077,46.89537634408601,46.742781851033435,3.133656780395597,2.9988402492415034,3.0118047965856714,46.8295,46.84704371584699,46.45659973652534,3.174835670272254,3.1073464950254857,3.135915565057395,5.638481269856238
2002-10-15,sz000901,45.41,45.77,45.95,45.34,377,1064839.38,1.33,-0.04,-0.02,0.08,2.576341350205793,0.38882062936932993,45.746,45.772666666666666,45.8418249031971,2.6196829768646053,2.6045623299296894,2.618087435454547,46.019999999999996,45.872727272727275,46.105064497700624,2.7743280479307613,2.681455703470497,2.7381508916721007,46.9765,46.36385714285714,46.515561498702226,2.94934574362485,2.8312298876088864,2.894786703929177,47.06766666666667,46.81105376344086,46.68002173161192,3.1219387117247663,2.9628844150357097,2.9837103806901952,46.81283333333333,46.81230601092896,46.434088269754014,3.1727198364737066,3.0877237304331415,3.11756886948849,6.027284103887026
2002-10-16,sz000901,45.2,46.0,46.22,45.2,581,1650003.12,2.23,0.5,0.23,0.12,2.7641761323903307,0.18783478218453764,45.81400000000001,45.85733333333334,45.89454993546474,2.740244602895676,2.652726715104931,2.666783667766475,45.956,45.86909090909091,46.08596186175505,2.755225007415601,2.679609900644964,2.7428827536208695,46.83,46.270857142857146,46.466460403587725,2.9267198702858783,2.8135946865389325,2.8823476018778584,47.08,46.742172043010754,46.63614936183051,3.1015010411021704,2.9398029583044556,2.9695468807998817,46.79533333333333,46.78565573770492,46.419855867467,3.161680917657469,3.074328854889425,3.1059822223705176,6.217484765424514
2002-10-17,sz000901,45.63,45.47,46.11,45.2,91,257498.3,1.98,-1.15,-0.53,0.02,1.9590413923210936,-0.805134740069237,45.78600000000001,45.742666666666665,45.75303329030983,2.483197457199527,2.392325644913403,2.4308695759513483,45.846999999999994,45.78072727272727,45.9739687959814,2.640374233673241,2.534849243355054,2.6003661424754556,46.669,46.14133333333333,46.37155941276985,2.8782009936162187,2.7214348314946673,2.7944136771581665,47.05666666666666,46.63830107526882,46.56091391913178,3.0455194456143855,2.866095884189548,2.9043529783173794,46.76733333333333,46.742202185792344,46.38871305214021,3.13970096864612,3.0348980507800363,3.068377604991848,5.410774366180874
2002-10-18,sz000901,45.79,45.85,46.08,45.28,162,460235.62,1.76,0.84,0.38,0.03,2.2095150145426308,0.25047362222153713,45.776,45.764,45.785355526873225,2.3393189220592623,2.301098164027771,2.357084722148443,45.831,45.78127272727273,45.95142901489387,2.5406701307176016,2.456511203513125,2.5293023010331237,46.509,46.06333333333333,46.32188708774415,2.848538058078751,2.657750452535278,2.738709042623354,47.062333333333335,46.56045161290323,46.51504850499425,3.024148404926371,2.812160114442983,2.8595247225899763,46.719,46.71212568306011,46.371050329119214,3.122207621485413,3.004400150645495,3.0402181757967917,5.662980227915404
2002-10-21,sz000901,45.98,45.85,45.98,45.15,413,1165863.0,1.81,0.0,0.0,0.09,2.615950051656401,0.4064350371137704,45.788000000000004,45.78866666666667,45.80690368458215,2.4250047882232497,2.3933085405601506,2.4433731653177624,45.783,45.78472727272727,45.93298737582225,2.5274463331826214,2.470198461865634,2.545056437510083,46.290499999999994,46.00057142857143,46.276945460339945,2.8019099478445195,2.635599213828387,2.727017710150311,47.04833333333333,46.482236559139785,46.47214214983333,2.990801057571876,2.7858247368126623,2.8438102276910358,46.66833333333333,46.68363387978142,46.35396671177104,3.1090453259018065,2.9878015417986417,3.026307745497107,6.066647519685692
2002-10-22,sz000901,45.39,45.79,45.87,45.15,570,1608999.12,1.57,-0.13,-0.06,0.12,2.7558748556724915,0.1399248040160903,45.79200000000001,45.789333333333325,45.801269123054766,2.4609114893165893,2.5035985630432314,2.5475403954360054,45.769,45.786,45.9069896711273,2.5402972330905973,2.5117309205001552,2.583387058994157,46.1905,45.952904761904755,46.230569702212335,2.761967121794346,2.631214919335813,2.729766009723852,47.027,46.40105376344086,46.42813297887634,2.971541927543802,2.770668207657863,2.838136977883388,46.639333333333326,46.65483606557377,46.33547599990969,3.099473060420156,2.9762221821189923,3.0174410933717097,6.206555806573083
2002-10-23,sz000901,45.31,45.66,45.77,45.15,2858,8022750.0,1.35,-0.28,-0.13,0.6,3.4560622244549513,0.7001873687824598,45.724000000000004,45.74533333333333,45.75417941536985,2.5992887077295137,2.8353154747560185,2.8503810051089875,45.76899999999999,45.76618181818181,45.86208245819506,2.6697666553125954,2.678233646202765,2.7420552708961194,46.1345,45.90238095238095,46.17622973057306,2.762466686232043,2.6973192148272997,2.7989370777934806,47.001333333333335,46.31286021505375,46.37857601249723,2.979079412162036,2.8019275816521314,2.878003122823489,46.61666666666667,46.62272677595629,46.31332924581429,3.106804141602531,2.9879136301201337,3.0318221140629635,6.904323259195875
2002-10-24,sz000901,45.63,45.47,45.66,45.15,451,1271379.0,1.12,-0.42,-0.19,0.09,2.6541765418779604,-0.8018856825769909,45.724000000000004,45.660666666666664,45.6594529435799,2.738315737640887,2.8536114194721676,2.784979517365312,45.755,45.711818181818174,45.790794738523225,2.610756597420207,2.6753990801237406,2.726077320165545,46.0735,45.83909523809523,46.108969756232774,2.734473079355344,2.6870058677459583,2.7851503600872407,46.88466666666667,46.21406451612903,46.319958205239345,2.941688577594912,2.7809661061499322,2.863562698246358,46.60433333333333,46.58513114754099,46.285679106607255,3.104630129089949,2.9730733809488363,3.019440292024111,6.104275033695476
2002-10-25,sz000901,45.63,45.58,46.17,45.18,125,352302.0,2.18,0.24,0.11,0.03,2.0969100130080562,-0.5572665288699041,45.67,45.61266666666666,45.632968629053266,2.7157947373339724,2.639809511261224,2.5556230159128934,45.723,45.67999999999999,45.752468422428095,2.527556829696617,2.5819724284124406,2.6116832643187284,46.0015,45.792095238095236,46.058591684210604,2.702103930849613,2.626285575712884,2.7196036603654137,46.76466666666667,46.12989247311828,46.272218966191645,2.884030318299318,2.7264642632733613,2.8141012346825964,46.593666666666664,46.55154644808742,46.2625420867185,3.0838126036098643,2.940033377142872,2.989193397630142,5.5469151086552655
2002-10-28,sz000901,45.63,45.42,46.17,45.15,3536,10034068.0,2.24,-0.35,-0.16,0.74,3.5485122563410356,1.4516022433329794,45.584,45.529333333333334,45.561979086035514,2.902307178270899,2.917382017596912,2.886586096055608,45.686,45.62490909090909,45.69201961835026,2.6636559832470743,2.7676006878023354,2.782015808322784,45.915,45.73671428571429,45.9977734285715,2.7392205449674707,2.706895892426352,2.7985473361726156,46.64466666666667,46.043139784946234,46.21723709740509,2.8798738841180507,2.7693340657276653,2.861482590918625,46.574666666666666,46.513065573770476,46.23491775600641,3.0886159754522997,2.95526943133078,3.0075317208665644,7.001477039877372
2002-10-29,sz000901,45.42,45.37,45.6,44.97,614,1721807.0,1.39,-0.11,-0.05,0.13,2.788168371141168,-0.7603438851998678,45.5,45.458,45.49798605735701,2.9087658813646344,2.8793357485536686,2.8537801877507945,45.646,45.567454545454545,45.633470596832026,2.684838685340612,2.7902393037830793,2.7831344561079447,45.833,45.68480952380952,45.937985482993255,2.729583366635687,2.71155759015718,2.7975588633124775,46.533,45.960903225806454,46.16257663950799,2.86117672419677,2.763417581019479,2.856752641255563,46.55166666666666,46.473568306010925,46.20655979679309,3.0788641167500272,2.945418690205824,3.000339479891961,6.235984469108041
2002-10-30,sz000901,44.91,43.33,45.23,43.23,1395,3824908.0,4.41,-4.5,-2.04,0.29,3.144574207609616,0.35640583646844837,45.034000000000006,44.73466666666666,44.77532403823801,2.8464682779955672,2.9579385239686626,2.950711527703735,45.379,45.14636363636364,45.21465776104438,2.7228784928625407,2.873827580559262,2.848850774562794,45.667500000000004,45.44642857142857,45.68960591318437,2.7390517501390703,2.751080527392793,2.830607943721729,46.346333333333334,45.75425806451613,45.97982975953973,2.8587727444780993,2.78170128962676,2.875321774568728,46.49916666666666,46.36793989071038,46.11224636083266,3.077181809079952,2.947573119414335,3.005068487358114,6.582620993588238
2002-10-31,sz000901,43.55,42.11,43.55,40.38,6492,16974792.0,7.32,-2.82,-1.22,1.35,3.8123785111541943,0.6678043035445782,44.362,43.76,43.88688269215868,3.078108671850814,3.2799086016882044,3.237933855520555,45.043,44.552,44.65017453176358,2.9082122047458503,3.0719184929759256,3.02403763576123,45.445,45.107619047619046,45.34869106430967,2.7742932192095457,2.8533021236799474,2.9241099025248207,46.126999999999995,45.48094623655914,45.7301633234404,2.8882047306594294,2.84322424231554,2.935777047896823,46.43116666666666,46.22403278688526,45.98102516867421,3.080697983256944,2.971677929318408,3.031537668466182,7.229804461373412
2002-11-01,sz000901,41.74,44.19,45.15,40.69,1780,4683196.5,10.59,4.94,2.08,0.37,3.250420002308894,-0.5619585088453003,44.084,43.702666666666666,43.987921794772454,3.3088106697109816,3.337345711840898,3.2420959044500015,44.876999999999995,44.39690909090909,44.56650643507929,3.0123027035224768,3.1341380925328433,3.0651980660426235,45.354,44.98809523809523,45.23833953437541,2.776486417120039,2.8986475315941713,2.955187054885209,45.965,45.35597849462366,45.63079794773457,2.9031262732266603,2.8665929695187313,2.956076593342763,46.410833333333336,46.150551912568304,45.922303031996364,3.0736147884001777,2.977242585680768,3.038714138428238,6.670542380518643
2002-11-04,sz000901,44.19,43.5,44.19,43.23,2464,6646616.0,2.17,-1.56,-0.69,0.51,3.3916407034923877,0.1412207011834936,43.7,43.508,43.82528119651497,3.2774363591412525,3.364955723101367,3.291944170797464,44.642,44.14654545454545,44.37259617415578,3.0898717687060753,3.203108637981918,3.1245512728516713,45.21249999999999,44.81152380952381,45.07278338824442,2.8086590509443488,2.957233654105823,2.9967540690382735,45.741,45.196946236559135,45.493327112396855,2.8978972214650383,2.898110029535875,2.984177503674997,46.37166666666667,46.05511475409836,45.842883260455494,3.064591608540011,2.9876696648641197,3.0502855012172265,6.822600588673585
2002-11-05,sz000901,43.49,43.47,44.35,43.2,1159,3119058.5,2.64,-0.07,-0.03,0.24,3.064083435963596,-0.32755726752879166,43.32,43.431333333333335,43.70685413100998,3.332619372105738,3.293838082042148,3.2159905925195087,44.41,43.93345454545454,44.20848777885473,3.1206926267351855,3.198419850210558,3.113557120690203,45.0895,44.64557142857143,44.92013735126876,2.830494929912892,2.981559786012418,3.003166389697828,45.597,45.05043010752688,45.362789879339,2.8815422901079595,2.9088317207938466,2.9893327251129715,46.32,45.95997814207651,45.76508380929302,3.05758325698469,2.987653003468171,3.0507378925203863,6.49402352031307
2002-11-06,sz000901,43.55,43.1,43.55,42.75,886,2372652.25,1.84,-0.85,-0.37,0.18,2.9474337218870508,-0.11664971407654523,43.274,43.358,43.50456942067333,3.2931912749612247,3.165442865302586,3.126471635642023,44.153999999999996,43.69527272727272,44.00694454633569,3.0698297764783957,3.166918231147261,3.083352866362357,44.9615,44.456095238095244,44.74679093686221,2.8697982158954956,2.992696813819481,2.9978585165729923,45.474333333333334,44.88933333333333,45.21680343551068,2.864921049647494,2.9130827809086264,2.986629563614525,46.2605,45.8544043715847,45.677704012267014,3.0505473708372017,2.9840415433010357,3.0473508705324077,6.37523409010391
2002-11-07,sz000901,42.69,43.33,43.53,42.27,981,2618013.75,2.92,0.53,0.23,0.2,2.9916690073799486,0.04423528549289779,43.518,43.376666666666665,43.44637961378222,3.1290493742063754,3.064935442775494,3.081537426221332,43.94,43.54545454545455,43.88386371972919,3.103579023028595,3.15270718222027,3.066683073820101,44.847500000000004,44.30071428571429,44.61185846668486,2.857167810224401,3.0043035558656195,2.997269039506988,45.36233333333333,44.750989247311836,45.09507418160677,2.8575083939130943,2.921260068504269,2.986954689018746,46.20483333333333,45.758322404371576,45.60073011022547,3.0433407788699096,2.982111105154895,3.04552523567495,6.41797192316716
2002-11-08,sz000901,43.01,44.29,44.83,42.4,7360,19639886.0,5.61,2.22,0.96,1.53,3.866877814337499,0.8752088069575503,43.538,43.634,43.72758640918815,3.2523409366120966,3.3108782561525345,3.343317555593388,43.811,43.60909090909091,43.957706679778425,3.280575803161539,3.291488780640071,3.2121730266414463,44.767,44.24761904761904,44.581205279381535,2.9040663164290783,3.1004664134002002,3.0800889228241797,45.27133333333333,44.6818064516129,45.04313391182569,2.894927888286922,2.986380676273585,3.0437239229102784,46.163000000000004,45.695540983606556,45.557755352513155,3.070363531311965,3.0091123194325218,3.0724548284179845,7.293138962589698
2002-11-11,sz000901,43.57,43.57,43.68,43.39,3611,9750315.0,0.65,-1.63,-0.72,0.75,3.5576274884268266,-0.30925032591067225,43.552,43.64466666666667,43.675057606125435,3.2855382935989836,3.412640440090778,3.414754199871201,43.626,43.56527272727272,43.88721455618234,3.281487326370118,3.3418618143246683,3.2749829287842425,44.65599999999999,44.13361904761904,44.48490001467853,2.972571654808596,3.1627103345428433,3.125568786214908,45.152,44.57204301075269,44.94809301428855,2.9199761387683534,3.0291354891858377,3.076878991653282,46.11583333333333,45.61052459016393,45.492583045873374,3.0772218555244417,3.025088186878911,3.088362128746143,6.989018646524379
2002-11-12,sz000901,43.52,43.49,43.73,42.78,803,2160156.75,2.18,-0.18,-0.08,0.17,2.904715545278681,-0.6529119431481458,43.556,43.624,43.613371737416955,3.2536647154620013,3.28569952398401,3.244741315007028,43.438,43.54054545454545,43.81499372778555,3.2931420437838694,3.273357854126225,3.207661586328686,44.541999999999994,44.022571428571425,44.390147632328194,2.98899036456224,3.1562478479209464,3.104535144220982,45.034666666666666,44.46481720430108,44.85402249723768,2.917436259018414,3.0281509347671483,3.06577167253234,46.07566666666666,45.52443169398907,45.426924585352936,3.057407751986332,3.019432242280689,3.0823409292881934,6.334485266516696
2002-11-13,sz000901,42.78,43.12,43.33,42.33,170,454436.0,2.3,-0.85,-0.37,0.04,2.230448921378274,-0.6742666239004067,43.56,43.47866666666667,43.448914491611305,3.110267755360246,2.944627592622768,2.9066438504641106,43.417,43.482727272727274,43.68863123182453,3.201729515160735,3.0801409227797536,3.0299865563377018,44.397999999999996,43.887142857142855,44.26918119115408,2.9623040040116377,3.084005805712949,3.0212888372835813,44.91733333333333,44.34129032258064,44.74215007806106,2.893277671812959,2.9838291710484297,3.0118798821353034,46.031666666666666,45.427524590163934,45.351287713702014,3.0283677247451823,2.9923188379984578,3.05441004378295,5.6574727284733255
2002-11-14,sz000901,43.37,42.99,43.37,42.37,254,672470.0,2.32,-0.3,-0.13,0.05,2.404833716619938,0.17438479524166395,43.492000000000004,43.28866666666667,43.29594299440754,2.9929006972082437,2.709482913042665,2.7393738058493864,43.505,43.405090909090916,43.5616073714928,3.0609750357073096,2.935250777590518,2.9163224036617446,44.273999999999994,43.753047619047614,44.14735441104418,2.98459362022658,3.03091339738993,2.9625788257918058,44.79833333333333,44.21694623655914,44.629108137540996,2.8698538247088003,2.9523166578101714,2.972715613392377,45.98666666666667,45.32779781420765,45.27386844440031,3.0101753524553074,2.971875100027139,3.033112459285802,5.82767291451077
2002-11-15,sz000901,42.73,42.77,43.04,42.08,1564,4143455.5,2.23,-0.51,-0.22,0.33,3.1942367487238292,0.7894030321038912,43.188,43.048,43.120628662938365,2.8583724840855096,2.776594930214528,2.8909947868075343,43.363,43.27145454545455,43.417678758494105,3.055356710348803,2.9594801799571577,2.9668522845821235,44.120000000000005,43.609809523809524,44.01617780046854,3.03382970693564,3.0508794096277634,2.984641485118665,44.690333333333335,44.08608602150537,44.50916567705448,2.869443181529627,2.9732445883917853,2.9870072995427934,45.936666666666675,45.22233333333333,45.19177439704291,3.017967178116929,2.9779098999047946,3.038395222873934,6.617362678956665
2002-11-18,sz000901,42.75,42.17,43.2,40.88,1326,3445055.25,5.42,-1.4,-0.6,0.28,3.1225435240687545,-0.07169322465507477,42.908,42.708666666666666,42.80375244195891,2.7713556912138952,2.8646519435422757,2.968177699227941,43.230000000000004,43.054545454545455,43.190828075131535,3.02844699240644,2.9716959642698755,2.995159782670602,43.936,43.424095238095234,43.84035134328106,3.059159380556258,3.0593283445928225,2.997775012637721,44.55166666666666,43.92348387096774,44.35825176240581,2.8819216980983793,2.989573642749148,2.9957515720928556,45.864333333333335,45.09883606557376,45.092699826648065,3.011149459652529,2.9813386325589524,3.041154183568846,6.537196191287975
2002-11-19,sz000901,40.81,41.76,41.95,40.81,957,2454486.75,2.7,-0.97,-0.41,0.2,2.9809119377768436,-0.14163158629191086,42.562,42.326,42.45583496130594,2.7865949697135277,2.934504025729925,2.972422445410909,43.059000000000005,42.78727272727273,42.93067751601671,3.0201298425877647,2.9630532270644947,2.992569265417191,43.734500000000004,43.216857142857144,43.64222264392096,3.070411234661475,3.0518762071852588,2.9961690055081136,44.41266666666666,43.74337634408602,44.190622616444145,2.893706567471183,2.9959601098251785,2.9947941763305326,45.78816666666667,44.96426775956285,44.98343097987272,3.0188560929508452,2.9803472383990943,3.039179027969108,6.389960692000192
2002-11-20,sz000901,41.31,40.96,41.61,40.46,407,1031656.81,2.75,-1.92,-0.8,0.08,2.60959440922522,-0.3713175285516237,42.13,41.79200000000001,41.95722330753729,2.862424067282917,2.875503838900489,2.8514797666823464,42.845,42.40563636363636,42.572372513104575,2.9863459113215813,2.888410420998578,2.9229374733822873,43.4995,42.95261904761905,43.38677286830944,3.0280878438999888,3.0079888904770438,2.959352377290695,44.256,43.52062365591397,43.9821953508671,2.908647447704191,2.9776302931641485,2.9699425784527707,45.696,44.805967213114755,44.85151521004083,3.0234417705854164,2.966928822539238,3.0250942863709476,6.013535249315254
2002-11-21,sz000901,40.35,40.59,41.26,40.35,700,1757337.88,2.22,-0.9,-0.37,0.15,2.845098040014257,0.23550363078903702,41.650000000000006,41.27866666666667,41.501482205024864,2.9504769319617807,2.869728496477602,2.84935252445965,42.571000000000005,41.995636363636365,42.21194114708556,2.971688814585012,2.8627289898517914,2.9087848491335544,43.2555,42.67552380952381,43.12041354751806,3.0376339188068036,2.990561290106974,2.948471011835796,44.08866666666666,43.28410752688172,43.763344037907935,2.895341478344605,2.973530331377701,2.961888092101899,45.598333333333336,44.63855737704918,44.71179339987555,3.030125991320353,2.9610814871106754,3.0191927700969576,6.2448552704947184
2002-11-22,sz000901,40.35,39.55,40.67,38.91,777,1905645.25,4.34,-2.56,-1.04,0.16,2.890421018800914,0.04532297878665714,41.00600000000001,40.57866666666667,40.85098813668324,2.889713785977198,2.8497098587573135,2.8630420225734046,42.097,41.44636363636363,41.72795184761545,2.874043135031354,2.8479530269819553,2.9054459708912557,42.954,42.32261904761905,42.780374162040154,3.077309469096446,2.976541013915937,2.9429424410705693,43.876999999999995,42.991290322580646,43.491515390300975,2.8940585892965034,2.973212882374882,2.9572773131792554,45.4845,44.44025136612022,44.542554272010776,3.019779429948095,2.956500996208398,3.0149707454643,6.280042056686973
2002-11-25,sz000901,39.2,39.53,39.95,39.04,2092,5146247.0,2.3,-0.05,-0.02,0.44,3.3205616801952367,0.4301406613943226,40.477999999999994,40.086666666666666,40.41065875778883,2.9293174172024945,2.9933258234966598,3.0155485751140154,41.693,40.97963636363637,41.328324238958096,2.850336554208195,2.9291382170117526,2.9809215544010703,42.6595,41.996523809523815,42.47081471803633,3.065911940289156,2.9997078911634416,2.978906178130061,43.66833333333334,42.71083870967743,43.23593375221704,2.931826621275129,3.000729210819962,2.980715014277061,45.37266666666667,44.2450218579235,44.3782082303055,3.032741700835363,2.9663627093312552,3.024990120373511,6.711490626834044
2002-11-26,sz000901,39.36,39.41,39.76,39.31,1104,2702197.5,1.14,-0.3,-0.12,0.23,3.0429690733931802,-0.27759260680205644,40.008,39.73066666666667,40.07710583852589,2.9417288443257616,3.031209708893555,3.0246887412070707,41.285000000000004,40.56454545454545,40.97953801369298,2.864161907019645,2.964162311409022,2.9922029214905446,42.3615,41.68704761904761,42.17930855441382,3.078651975401757,2.997522856220967,2.985007406250358,43.45633333333333,42.43610752688172,42.989099316590135,2.947380878714709,3.007899691601772,2.9847314051877785,45.26199999999999,44.049524590163934,44.21531615718073,3.0346597952197376,2.9666980330216757,3.025579594243008,6.431717087848697
2002-11-27,sz000901,39.34,39.25,39.47,39.05,3631,8818199.0,1.07,-0.41,-0.16,0.76,3.560026248912892,0.517057175519712,39.66600000000001,39.477999999999994,39.80140389235059,3.131815212263296,3.237308843755932,3.2031345771090116,40.898,40.19454545454545,40.665076556657894,2.997119639773106,3.0906831008441578,3.0954435264764255,42.1575,41.39071428571428,41.9003267873268,3.099424577466921,3.043368025126789,3.039771105551552,43.23133333333333,42.1647311827957,42.74786710261658,2.973909215932127,3.0474251993564927,3.021847201557141,45.15566666666666,43.852409836065576,44.05251890612562,3.037705128517149,2.9839231626509592,3.043102435379726,6.945379895309846
2002-11-29,sz000901,40.35,41.09,41.57,39.25,7168,17910746.0,5.91,4.69,1.84,1.49,3.8553979966540686,0.29537174774117636,39.766,39.952666666666666,40.230935928233734,3.3338752035912584,3.478503105219523,3.4205557169573644,40.708,40.229454545454544,40.74233536453827,3.1421760677765196,3.2467337111861516,3.233617066508724,42.1065,41.28904761904762,41.82315280758139,3.1015755517419143,3.115365493620804,3.117449857085125,43.08533333333333,42.02658064516129,42.64090793470584,3.0371211027432268,3.104295443274038,3.075624672208556,45.071000000000005,43.719109289617485,43.955387138711664,3.041320274178806,3.0107327648849576,3.0697350767329827,7.2531136750135365
2002-12-02,sz000901,41.07,39.61,41.07,38.96,3847,9548334.0,5.14,-3.6,-1.48,0.8,3.5851221863068155,-0.2702758103472531,39.778000000000006,39.900666666666666,40.02395728548916,3.4728154370924385,3.562252099458042,3.4754112067405147,40.392,40.02981818181818,40.536456207349495,3.1812646115348184,3.327269369100751,3.297527088290195,41.877500000000005,41.051285714285726,41.61237634971649,3.1183106609418108,3.161417554055556,3.161990078915762,42.87733333333333,41.80236559139785,42.44536548730546,3.0829746751353664,3.1396503518910444,3.108495479569734,44.969833333333334,43.54006010928962,43.812915429245706,3.0535615400308687,3.0285623357743994,3.086633014751797,6.979927602188501
2002-12-03,sz000901,39.55,39.73,40.17,39.39,1337,3279203.75,1.97,0.3,0.12,0.28,3.1261314072619846,-0.4589907790448309,39.818,39.88466666666667,39.92597152365944,3.433929382505788,3.4466907561812237,3.3589846069143383,40.147999999999996,39.909454545454544,40.38982780601322,3.181623399854141,3.317245150142054,3.266364237194156,41.68900000000001,40.846761904761905,41.43310241164826,3.1050351961302907,3.1621623870384297,3.1585749673296877,42.67333333333333,41.59931182795699,42.27018061715672,3.0999807203222187,3.142434657189535,3.1096332813563308,44.86083333333333,43.368262295081976,43.67904934959831,3.0453908889470473,3.0309416756836165,3.087928044014426,6.515768401954998
2002-12-04,sz000901,39.68,39.68,39.84,39.5,1890,4642846.0,0.86,-0.13,-0.05,0.39,3.2764618041732443,0.1503303969112597,39.872,39.83866666666666,39.84398101577297,3.480627928661801,3.3942015634037093,3.3314770060006405,39.94,39.82436363636363,40.26076820491991,3.2111783864937813,3.33448849638189,3.268200158463081,41.4995,40.655428571428565,41.266140277205565,3.115654114540773,3.178488730661568,3.169802285124312,42.46966666666667,41.406193548387094,42.10307219024339,3.1173336186055773,3.153820533567021,3.1203964118606478,44.748333333333335,43.19839890710384,43.54793297748033,3.04443777307469,3.0385177712648037,3.0941094787737318,6.6667842786566105
2002-12-05,sz000901,39.68,38.75,39.68,38.59,1732,4204653.0,2.75,-2.34,-0.93,0.36,3.2385478876813276,-0.037913916491916666,39.772000000000006,39.464666666666666,39.47932067718198,3.416332256415488,3.313508216410218,3.3005006332275366,39.719,39.608000000000004,39.98608307675266,3.2740737343393915,3.3394647693250805,3.2628088365027623,41.282,40.39357142857143,41.02650786985265,3.130209822830486,3.1901928995320983,3.176349485367837,42.239333333333335,41.166215053763445,41.88674495216317,3.110083140713123,3.161640808991262,3.128019087720047,44.62033333333333,43.00173224043716,43.39062369953015,3.04458127643758,3.04488203731748,3.0988451643116854,6.623730160323345
2002-12-06,sz000901,38.67,38.22,38.85,37.57,9323,22180904.0,3.3,-1.37,-0.53,1.94,3.9695556842208437,0.7310077965395161,39.198,38.94733333333333,39.05954711812132,3.439163793928843,3.4979160256786703,3.523518983558639,39.482,39.33545454545454,39.66497706279763,3.386519498760051,3.465916032939891,3.391308263360595,41.0265,40.10195238095238,40.75922140605716,3.1791041566725315,3.270130600616893,3.251892932877647,41.99766666666666,40.90690322580645,41.65018076170104,3.1539291121245525,3.21709065050789,3.18231177136526,44.44116666666666,42.79188524590164,43.22109505364392,3.0478088448597322,3.075209067080866,3.1273930502103466,7.345979242183345
2002-12-09,sz000901,37.17,34.43,37.73,34.43,1597,3480208.75,8.63,-9.92,-3.79,0.33,3.203304916138483,-0.7662507680823607,38.162,37.358,37.51636474541422,3.362800339895176,3.419296399748549,3.4167809610852538,38.97,38.416909090909094,38.71316305137988,3.4178078884938072,3.43260429064506,3.357125836592938,40.5335,39.473714285714294,40.1564384150041,3.1459255117625804,3.272435434851746,3.2472655027120125,41.626,40.418666666666674,41.18436264804291,3.1908089422289,3.220276186250724,3.1836661678022424,44.19533333333334,42.46365027322404,42.932862428934286,3.037419630264109,3.080307298926071,3.1298819638473345,6.541605294594308
2002-12-10,sz000901,31.02,31.02,31.02,31.02,321,615357.0,0.0,-9.9,-3.41,0.07,2.506505032404872,-0.6967998837336111,36.42,34.977333333333334,35.35090983027615,3.2388750649237545,3.133864630585115,3.1133556515251266,38.119,36.97145454545455,37.31440613294717,3.336402223714771,3.2669128622652535,3.202467508558744,39.90599999999999,38.56766666666667,39.28630142309895,3.093369388961483,3.211538246341488,3.176716886492285,41.145999999999994,39.73440860215054,40.52859731591111,3.156075368097695,3.176127546907238,3.1399783526153153,43.89533333333334,42.03167213114754,42.5422767755266,3.017974626107873,3.062900262930686,3.109443375931188,5.789127145282935
2002-12-11,sz000901,27.95,27.95,27.95,27.95,476,821100.0,0.0,-9.9,-3.07,0.1,2.677606952720493,0.17110192031562121,34.074000000000005,32.154,32.88393988685077,3.1191040946332036,2.9467752598506944,2.968106085256916,36.973,35.12254545454545,35.611786836047685,3.2998660116475023,3.147131903902657,3.1070383165881528,39.129000000000005,37.428999999999995,38.2066536685181,3.082013959333574,3.171941823842346,3.1291826070854474,40.565333333333335,38.88305376344086,39.71707490843298,3.1523899874836725,3.1452586168829018,3.110147939718875,43.549166666666665,41.50887431693988,42.063841471410974,3.0067833558402213,3.05174066708192,3.0952848046783785,5.914396052129786
2002-12-12,sz000901,25.2,25.2,25.2,25.2,2680,4162040.0,0.0,-9.84,-2.75,0.56,3.428134794028789,0.7505278413082959,31.363999999999997,29.196,30.322626591233846,3.157021475902696,3.049785492982556,3.121448988180874,35.568,32.982,33.71873468403901,3.2866768661590924,3.170453500699255,3.165419494304632,38.233000000000004,36.102428571428575,36.96792474770685,3.1418982529660995,3.204905712860938,3.1576542439371944,39.961,37.89174193548387,38.78048943046956,3.161842007030978,3.163048604401942,3.1306632206420955,43.15366666666667,40.90726229508197,41.51092863628274,3.0103073757545387,3.065555468334004,3.1061979190833098,6.619306249757347
2002-12-13,sz000901,22.72,22.72,22.72,22.72,6407,8956986.0,0.0,-9.84,-2.48,1.33,3.8066547239918607,0.3785199299630717,28.264000000000003,26.314666666666668,27.788417727489232,3.1244412838569,3.2663299090122777,3.34985090011787,33.731,30.646,31.718964741486467,3.281802538892871,3.264994929396122,3.282007717884128,37.2195,34.62500000000001,35.61097953363954,3.2119893033346956,3.26821585295863,3.21946381346621,39.31466666666667,36.77941935483871,37.744328822052175,3.161651214125567,3.2046494248510315,3.174275575696919,42.72083333333333,40.23730601092896,40.89483261542101,3.024927972392498,3.0916652174565384,3.129163715965557,6.952161895401523
2002-12-17,sz000901,20.48,24.96,24.96,20.48,43548,59967588.0,19.72,9.86,2.24,9.07,4.638968214248181,0.8323134902563205,26.369999999999997,25.21333333333333,26.84561181832616,3.4115739434788397,3.7711722191427044,3.7795566714946407,32.266,29.051272727272732,30.4900620612162,3.387187141687008,3.511752324915269,3.528727808132137,36.32899999999999,33.45742857142857,34.59660053043577,3.2842258766109125,3.404118606378962,3.354654708778779,38.67366666666667,35.85331182795699,36.91953341417784,3.207936154523543,3.299960199052491,3.2687718749582912,42.31933333333333,39.65498360655738,40.372379087046546,3.0555312138751014,3.144584569648529,3.178665502794496,7.777916581114642
2002-12-18,sz000901,24.83,26.56,27.42,24.53,36896,59694084.0,11.58,6.41,1.6,7.69,4.566979285614605,-0.07198892863357642,25.478,25.276666666666664,26.750407878884108,3.8236687941207856,4.15630733318796,4.042030876201295,30.949,28.01381818181818,29.775505322813252,3.53127192952227,3.726259987447559,3.71750080403804,35.548500000000004,32.527047619047615,33.831210003727605,3.3564476646882055,3.5262855977126457,3.4701141922869527,38.109,35.071784946236555,36.25117641971475,3.24711410726095,3.3876404010583663,3.3525271917748274,41.925,39.138284153005465,39.91951419894666,3.072505664362994,3.1941402441317903,3.2241839874771223,7.775931292377851
2002-12-19,sz000901,25.97,28.33,29.07,25.82,27877,47124996.0,12.24,6.66,1.77,5.81,4.4452460350806176,-0.1217332505339872,25.554000000000002,26.22733333333333,27.27693858592274,4.17719661059281,4.363499746841238,4.1764359291610695,29.814,27.537636363636363,29.512686173210838,3.648150352613007,3.8924370975490774,3.8498181187730536,34.876999999999995,31.839571428571425,33.30728524146783,3.4296643695533944,3.6299806806071615,3.562983891600635,37.60433333333333,34.440881720430106,35.74013277973316,3.293152860564851,3.4649392351112476,3.423025181665524,41.60066666666667,38.69254644808743,39.53953012685004,3.087347575336405,3.239148125138926,3.2642188087100235,7.673251326350655
2002-12-20,sz000901,28.35,31.13,31.13,28.16,30075,55897492.0,10.48,9.88,2.8,6.27,4.478205636011882,0.03295960093126471,26.740000000000002,28.086,28.56129239061516,4.387210778989429,4.463836088647595,4.277025831444674,29.052,27.77690909090909,29.80674323262705,3.7721161274460626,4.043356239985236,3.9640703946346587,34.38549999999999,31.48271428571428,33.09992474228042,3.5230949308927273,3.7298417536032082,3.650147867258849,37.205333333333336,34.023182795698915,35.442704858460054,3.3441785910356785,3.5413942528820233,3.4911013400104505,41.33983333333333,38.34924590163934,39.26380782760906,3.1045498203415867,3.2847500287676303,3.304021655506806,7.74739232246611
2002-12-23,sz000901,31.29,32.64,34.17,31.29,36676,75367792.0,9.25,4.85,1.51,7.64,4.564381964057547,0.08617632804566444,28.724,30.052666666666664,29.920861593743442,4.538756227002566,4.522893150336967,4.372811208982299,28.494,28.42927272727273,30.321880826694855,3.831598755429733,4.187404573914597,4.0732179527115475,33.988,31.31647619047619,33.05612238587276,3.6090591270948913,3.829011947237953,3.7372177812396776,36.849000000000004,33.72864516129032,35.261885190172315,3.3966023562582652,3.6201170511414995,3.5603452512392955,41.105666666666664,38.06400546448087,39.04663380047433,3.1270553750856798,3.332613377741924,3.3453449443117482,7.877185792222004
2002-12-24,sz000901,32.32,32.27,33.47,31.68,15468,30916468.0,5.48,-1.13,-0.37,3.22,4.189434163401028,-0.37494780065651856,30.186,31.23466666666667,30.7039077291623,4.448849416833136,4.406452462469788,4.311685527121876,28.278000000000002,29.115818181818184,30.676084312750334,3.9302116801559874,4.252465557182105,4.0943481728369076,33.624,31.152857142857144,32.98125358721821,3.6740097843248973,3.88428576021949,3.780286008112187,36.44833333333334,33.43322580645161,35.06886033919346,3.407354234560383,3.6712674903119993,3.600931632669085,40.85983333333333,37.77431147540983,38.824449085704686,3.1511410614236524,3.3674454691620994,3.373020000675331,7.490189872835962
2002-12-25,sz000901,32.19,33.21,33.25,31.84,14329,28777376.0,4.37,2.91,0.94,2.99,4.156215882676762,-0.0332182807242658,31.516000000000002,32.24266666666667,31.539271819441534,4.366696736245568,4.30890795108433,4.259862312306838,28.497000000000003,30.012545454545457,31.136796255886637,4.095182765183177,4.293557230367701,4.105596847353245,33.308,31.11342857142857,33.0030389598641,3.7157924944489737,3.930210150538715,3.8160888533088135,36.102999999999994,33.22430107526881,34.948933865697114,3.427307181035381,3.7195811450291854,3.636756422992161,40.627500000000005,37.52349726775956,38.640368787812726,3.173641659901867,3.4003987419900703,3.3986985541835746,7.45905119124498
2002-12-26,sz000901,33.15,33.39,35.04,33.12,18112,38233392.0,5.78,0.54,0.18,3.77,4.257966409508177,0.10175052683141494,32.528000000000006,32.867333333333335,32.15618121296102,4.329240811131079,4.272664508838533,4.2592303447072855,29.041000000000004,30.902181818181816,31.546469663907246,4.253218710861946,4.3231542566086105,4.133300404108687,33.007,31.12123809523809,33.039892392258,3.776542361254724,3.981845761496735,3.8581724300897053,35.766333333333336,33.0492688172043,34.84835748726505,3.4724155431763646,3.7731720629951724,3.6768344866383558,40.400499999999994,37.28620218579235,38.46822554886804,3.1949259010973896,3.4359503731247036,3.4268712707515943,7.582442829578904
2002-12-27,sz000901,32.75,33.05,33.95,32.65,12369,25202580.0,3.89,-1.02,-0.34,2.58,4.092334589521021,-0.1656318199871567,32.912000000000006,33.041333333333334,32.45412080864068,4.252066601832906,4.193695768301847,4.203598426311864,29.826,31.63109090909091,31.819838815924108,4.319638690411168,4.293902598182988,4.125852074183657,32.697,31.12533333333333,33.040855021566756,3.8031577782851302,4.0119212118078105,3.880473588130783,35.43066666666667,32.87402150537634,34.73233442357053,3.5344783987811224,3.8131668401786976,3.7036409448888508,40.174,37.04520218579235,38.29057880956089,3.2138780352970406,3.4653736088107245,3.448689740219444,7.401445001988264
2002-12-30,sz000901,33.15,30.37,33.15,29.79,12992,24928030.0,10.17,-8.11,-2.68,2.71,4.1136760118971,0.0213414223760795,32.458000000000006,32.193999999999996,31.759413872427125,4.1619254114008175,4.147565571656577,4.17362428817361,30.590999999999998,31.73,31.55623175848336,4.350340819201692,4.256454838453156,4.12363824467701,32.161,30.903714285714283,32.786487876655634,3.816071679047282,4.041494376913712,3.902683342775194,35.01,32.54752688172043,34.450893493017595,3.5914398086236945,3.850534428121665,3.7300948201797057,39.90416666666667,36.723759562841536,38.0308877010507,3.230646816666247,3.4948751818140047,3.470492568799039,7.396687958650791
2002-12-31,sz000901,29.92,28.29,30.11,27.73,9552,17059796.0,7.84,-6.85,-2.08,1.99,3.980094313785294,-0.1335816981118061,31.662,30.804666666666666,30.602942581618084,4.120057441477671,4.0869552057847365,4.109114296710838,30.924,31.31163636363636,30.96237143875911,4.284453429155404,4.189137292013811,4.097539348151243,31.595,30.535047619047617,32.35825093602176,3.8358202854212053,4.057115580222094,3.9100558162047276,34.52733333333334,32.11397849462366,34.05341649346808,3.61763506079241,3.875608912325639,3.746223819767163,39.60883333333333,36.342967213114754,37.71151433380314,3.2435391211610187,3.519447230899875,3.4872008227330147,7.23197383359563
2003-01-02,sz000901,28.01,28.89,29.93,27.23,7469,13303272.0,9.54,2.12,0.6,1.56,3.8732624594387266,-0.10683185434656739,30.798000000000002,29.880666666666666,30.031961721078723,4.063466756830064,4.004690211771756,4.030497017620134,31.157,30.941818181818178,30.585576631711998,4.215081746537815,4.11437529751987,4.056761732021695,31.052999999999997,30.277428571428576,32.02794132306731,3.873176838030043,4.060681501557097,3.906551686988918,34.084666666666664,31.75027956989248,33.72029284872821,3.6426590253047424,3.892101002560885,3.7544198610362964,39.31816666666667,35.9915300546448,37.42228435564566,3.2622903617015604,3.5400938977286525,3.49985858131353,7.123958470800044
2003-01-03,sz000901,28.78,28.43,29.44,27.42,5641,9902127.0,6.99,-1.59,-0.46,1.18,3.7513560997253936,-0.12190635971333297,29.806,29.091333333333335,29.49797448071915,3.962144694873507,3.9006533260701985,3.9374500449885543,31.167,30.445999999999998,30.193653607764357,4.145692753002294,4.030061543553976,4.0012334352405485,30.490500000000004,30.027619047619048,31.685280244679948,3.89692155280765,4.049079526480463,3.8917711548685823,33.64033333333334,31.385462365591394,33.378983632681226,3.668340497369694,3.8991137170396377,3.7542221990162385,39.026500000000006,35.63454098360656,37.12745536037859,3.2810235324204386,3.556128839958943,3.508104401589329,6.995728492086911
2003-01-06,sz000901,27.74,29.66,29.71,27.74,7160,12710143.0,6.93,4.33,1.23,1.49,3.8549130223078554,0.10355692258246174,29.128000000000004,29.04266666666667,29.551982987146104,3.914660381430874,3.8649094352149813,3.909937704094988,31.020000000000003,30.172,30.096625679079928,4.083363491631891,3.9771925016095317,3.97462972379824,30.036,29.948523809523806,31.492396411853285,3.927739809538977,4.045078714051911,3.8882608565294654,33.263666666666666,31.128666666666668,33.13904920476631,3.709851117805782,3.911150654132422,3.760718381164085,38.759833333333326,35.32744262295082,36.882620758398964,3.309249282754986,3.5749448888077096,3.5194751760391165,7.104150436766561
2003-01-07,sz000901,30.16,29.42,30.16,29.07,3960,7214790.5,3.67,-0.81,-0.24,0.83,3.597695185925512,-0.2572178363823432,28.938,29.14,29.507988658097403,3.811464216236556,3.7592543700465275,3.805856864705163,30.698,29.88109090909091,29.973602828338123,3.986694813818687,3.8888891732992814,3.906096171457744,29.595999999999997,29.889857142857146,31.295025325010116,3.90914678462421,4.01364589275539,3.860587935519565,32.891333333333336,30.88068817204301,32.89911054639429,3.7349376893361566,3.903914787559501,3.7502007556648222,38.49,35.021218579234976,36.63794466795965,3.3151395838403803,3.584402131534612,3.522039766527195,6.8582237247552325
2003-01-08,sz000901,29.15,29.63,29.76,28.97,3006,5435718.5,2.69,0.71,0.21,0.63,3.4779889762508893,-0.11970620967462287,29.206000000000007,29.370666666666672,29.54865910539827,3.711043148729675,3.6480959567179725,3.6965675685537382,30.434000000000005,29.686909090909086,29.9111295868221,3.915550295103673,3.79639720283241,3.8282584996019517,29.356,29.893095238095242,31.136451484532962,3.9228809876298305,3.972583244338884,3.824149939398739,32.56066666666666,30.670279569892468,32.688200188562405,3.7545232879178227,3.8873374512314185,3.7326387053800527,38.218833333333336,34.730726775956285,36.40817599032163,3.324290938607163,3.58974145587594,3.520595478321414,6.735256957798833
2003-01-09,sz000901,29.39,29.42,29.79,28.83,6512,11790615.0,3.24,-0.71,-0.21,1.36,3.813714391881145,0.3357254156302556,29.312000000000005,29.442,29.50577273693218,3.6991335352181585,3.682319704435128,3.735616509662874,30.054999999999996,29.502545454545455,29.821833298308988,3.881300146024111,3.777881584064677,3.825614116379987,29.276000000000003,29.899190476190476,30.972979914577444,3.9882414556036436,3.9621864256961516,3.823156077730397,32.22366666666667,30.467655913978497,32.47734856349386,3.770961711640686,3.8911562321322792,3.7378693948317365,37.946000000000005,34.44224043715847,36.17905546604879,3.351394166457908,3.6057881264750877,3.5302059345037002,7.07153645854212
2003-01-10,sz000901,29.31,30.11,31.37,29.31,10710,20250234.0,7.0,2.35,0.69,2.23,4.029789470831855,0.21607507895071043,29.648000000000003,29.708000000000002,29.707181824621454,3.754820209439451,3.7925383496396936,3.8336741633858678,29.726999999999997,29.512545454545457,29.874227244070987,3.858482452156479,3.80487964312063,3.8627369080985083,29.384000000000004,29.978619047619052,30.890791351284353,4.055850581509212,3.9661433795274097,3.8428354485019645,31.913666666666668,30.331290322580642,32.32461639810717,3.803855724888642,3.907854797241386,3.756702948122067,37.68500000000001,34.18532240437158,35.98007004093243,3.3756183018016754,3.6280305954709546,3.546585722580033,7.306430046035705
2003-01-13,sz000901,30.06,29.9,30.59,29.73,3842,7115844.5,2.86,-0.7,-0.21,0.8,3.584557360525675,-0.4452321103061805,29.696000000000005,29.791999999999998,29.771454549747638,3.700749077083015,3.735784066668435,3.750635229099137,29.412,29.544,29.87891319969444,3.807704729256945,3.755075081005939,3.8121588085398113,29.619,30.02776190476191,30.796430270209655,4.063671709834056,3.921258310862312,3.8182375353613653,31.602,30.201376344086025,32.16818953371316,3.8046734286090684,3.893706515669582,3.7455967811803643,37.416666666666664,33.93007650273224,35.78072348221333,3.3892913222705974,3.6348810564127247,3.5478306943159557,6.852226449033892
2003-01-14,sz000901,29.9,30.67,30.91,29.44,7178,13460902.0,4.92,2.58,0.77,1.5,3.856003453997221,0.27144609347154613,29.946000000000005,30.116666666666667,30.07096969983176,3.752410730697357,3.7875355256398366,3.7857579707318316,29.442,29.772727272727273,30.02274716338636,3.7819374734669573,3.7638566673223526,3.8201305622593402,30.0165,30.127857142857145,30.784389292094453,4.066139146334324,3.9014803817349932,3.821834289517161,31.254666666666665,30.141247311827957,32.07153214444135,3.804693610520507,3.897018130210754,3.752719792329839,37.169999999999995,33.70887431693989,35.61315877787847,3.4209073566318664,3.6501830935185158,3.557934719223538,7.1290741624509275
2003-01-15,sz000901,30.72,30.57,31.04,30.11,5493,10332409.0,3.03,-0.33,-0.1,1.14,3.739809599021359,-0.1161938549758621,30.134000000000004,30.324666666666666,30.23731313322118,3.8047748552514506,3.783335148414504,3.770441846828341,29.669999999999998,29.977818181818183,30.122247679134293,3.7579090019905634,3.756197053786789,3.8055267507615254,30.297000000000004,30.18057142857143,30.763971264275934,4.021181215572983,3.8704013772289967,3.8140224142318466,30.953333333333333,30.097075268817207,31.97465910286449,3.8098498576109914,3.892832064952744,3.751886876632518,36.915333333333336,33.49248087431693,35.4478093097513,3.4464122663731787,3.660638904744401,3.563897830036581,7.014201589035102
2003-01-16,sz000901,30.91,32.27,32.67,30.22,11952,23255990.0,8.01,5.56,1.7,2.49,4.077440584471324,0.33763098544996506,30.704000000000008,31.036666666666672,30.914875422147457,3.8575200937694865,3.8742237248211286,3.8727747593760022,30.008000000000003,30.450545454545455,30.512748101109874,3.7783268144938233,3.8142937051469277,3.854965629617852,30.5825,30.368476190476194,30.90740257244013,3.9967042805158193,3.875759412362173,3.8391098590165584,30.704666666666665,30.182021505376348,31.993713354292588,3.8415601635179697,3.9100959828147013,3.7728903416543766,36.689,33.34017486338798,35.343618840579126,3.470770441920094,3.681328357796799,3.5807352973950968,7.366534832017198
2003-01-17,sz000901,32.27,32.17,32.97,32.03,5234,10472442.0,2.91,-0.31,-0.1,1.09,3.7188337183038622,-0.35860686616746174,31.116000000000007,31.525333333333336,31.33325028143164,3.7953289432638884,3.827994932999253,3.8214610790186225,30.382000000000005,30.843636363636364,30.814066628180804,3.7750745763516695,3.8034767785669343,3.830214373015308,30.7745,30.519666666666673,31.02764994649345,3.960383664676981,3.849295549294367,3.827654988472492,30.454333333333334,30.27655913978495,32.005086686273714,3.85630589398899,3.9021781476395976,3.769402817567247,36.462,33.19201092896175,35.239565763838826,3.486819756297284,3.6894615799733153,3.5852631144740728,7.020047963767112
2003-01-20,sz000901,32.06,31.52,32.22,31.07,3419,6640414.0,3.57,-2.02,-0.65,0.71,3.5338991007965945,-0.1849346175072677,31.440000000000005,31.66,31.395500187621096,3.7851972913180716,3.740851652176822,3.7256070862779467,30.568,31.050545454545457,30.942418150329747,3.742973184200544,3.759626692102376,3.776338868975542,30.794,30.590666666666664,31.074540427779787,3.913168337916217,3.8086779717819494,3.799678237265264,30.21333333333333,30.345311827956994,31.973790771030252,3.8661509344261655,3.8813777093691204,3.7542090293884955,36.22633333333333,33.0299781420765,35.11761278797526,3.4881170375696446,3.6910051650388667,3.58357904845186,6.822195156523228
2003-01-21,sz000901,31.23,31.09,31.73,31.04,3451,6654296.5,2.19,-1.36,-0.43,0.72,3.5379449592914867,0.0040458584948921406,31.524,31.543333333333333,31.2936667917474,3.7215855923769254,3.6584342081679604,3.6630530439491267,30.734999999999996,31.145454545454545,30.969251213906155,3.7369981615371417,3.722348833028001,3.732994521760259,30.716500000000003,30.61885714285715,31.076012767991237,3.8618464876779144,3.772942411912927,3.7747512584106184,29.975666666666665,30.40187096774194,31.91677201160895,3.8517639102618535,3.8602031303281725,3.740256508737076,35.986666666666665,32.8615737704918,34.985559909680994,3.5028465111932032,3.6926388673904027,3.5820828488072576,6.823102148117569
2003-01-22,sz000901,31.25,32.56,33.76,31.25,12418,25005112.0,8.07,4.73,1.47,2.59,4.094051655509965,0.5561066962184782,31.922000000000004,31.88866666666667,31.715777861164938,3.7924340036746464,3.78258956254564,3.80671924780274,31.028,31.477272727272727,31.258478265923216,3.7986044294630488,3.7872676501139693,3.7986412733511146,30.731,30.794428571428572,31.217344885325407,3.8570773622833614,3.795057189801694,3.8051608200391276,29.913333333333338,30.568602150537632,31.958270591505148,3.881455468240903,3.875834597763535,3.7630820020772626,35.76966666666667,32.74922404371585,34.90603335526522,3.5361322052349013,3.712022642613903,3.5988687113221003,7.3980288041295585
2003-01-23,sz000901,32.41,32.25,32.67,31.87,7832,15622724.0,2.46,-0.95,-0.31,1.63,3.8938726787950815,-0.20017897671488338,31.918000000000006,31.998,31.893851907443295,3.7557204225393983,3.816402454252452,3.8357703914668537,31.311,31.699454545454547,31.438754944846266,3.8066202581544424,3.804589149992521,3.8159560743409267,30.683000000000003,30.93909523809524,31.315692991484894,3.843960202089277,3.7985615056599533,3.8136095684920757,29.954333333333338,30.71935483870968,31.97709184366611,3.9277010564539103,3.876635708121869,3.771520110252606,35.55016666666667,32.633825136612025,34.81895029443685,3.541888212275802,3.7237518384683357,3.6085409725507227,7.193756760336823
2003-01-24,sz000901,32.05,33.34,33.41,32.05,5641,11426944.0,4.22,3.38,1.09,1.18,3.7513560997253936,-0.14251657906968784,32.152,32.472,32.37590127162886,3.762224898823704,3.814947679981117,3.8076322942197005,31.634000000000004,32.06836363636364,31.784435863965125,3.7787769210437956,3.7945411211872395,3.8042106244108296,30.680500000000002,31.19214285714286,31.508484135153,3.8186296866001372,3.789742067339583,3.8076806667047727,30.134,30.93778494623656,32.065021402139266,3.9634926946874063,3.865258614139384,3.7702192063476248,35.349666666666664,32.56136065573771,34.77046012084875,3.5579413410855394,3.730619638056847,3.6132234357367774,7.057930099039786
2003-01-27,sz000901,33.55,33.82,33.95,32.8,6592,13586533.0,3.45,1.44,0.48,1.37,3.8190171986890595,0.0676610989636659,32.612,33.028000000000006,32.85726751441925,3.8192485184021976,3.833878446602902,3.811427262376154,32.026,32.465818181818186,32.15453843415328,3.802222904860135,3.8018575353045594,3.8069027288250528,30.719,31.491142857142858,31.728628503233665,3.80496381705854,3.7897789732528135,3.8087603364175617,30.421333333333333,31.175591397849466,32.1782458278077,3.9765221081760824,3.8559376143975554,3.77336746391804,35.19116666666667,32.51120765027322,34.73929749393568,3.56918205760353,3.739179502240568,3.619970772227016,7.133108647971353
2003-01-28,sz000901,33.93,34.48,34.75,33.47,6321,13399369.0,3.78,1.95,0.66,1.32,3.8007857903277626,-0.018231408361296886,33.290000000000006,33.650666666666666,33.39817834294617,3.8718166846094526,3.827724203911424,3.8078801050266904,32.407000000000004,32.912,32.57734962794359,3.7967011384931886,3.8015962417532188,3.8057905581891815,30.924500000000002,31.849333333333327,31.990663883878078,3.789319305980073,3.78938106594512,3.8080008558375806,30.813333333333336,31.43744086021505,32.326746096981395,3.976326477053946,3.844599787439599,3.7751363882025384,35.064,32.487890710382516,34.73079593675746,3.568988845589756,3.7467730672479207,3.6258991334762207,7.127084347150592
2003-01-29,sz000901,34.48,34.57,34.72,33.68,8876,18808432.0,3.02,0.26,0.09,1.85,3.9482172935599706,0.147431503232208,33.69200000000001,34.07733333333333,33.78878556196412,3.8426498122194537,3.8531910735615966,3.8546591678711173,32.807,33.30527272727273,32.93964969559021,3.8175419079470503,3.8291446335835437,3.8316863282565974,31.2385,32.19652380952381,32.236314942556355,3.787725454968806,3.8045142076193965,3.821354802287332,31.133666666666667,31.679806451612905,32.47147215524066,3.9533014463643386,3.84278629173031,3.786302898225599,34.903666666666666,32.471693989071035,34.72552393883098,3.580618800443941,3.7592067868535017,3.6364669420035565,7.274352591290296
2003-02-10,sz000901,34.69,34.51,34.91,34.11,2147,4586017.0,2.31,-0.17,-0.06,0.45,3.331832044436249,-0.6163852491237218,34.144000000000005,34.35,34.029190374642745,3.730241685347687,3.6829184843005285,3.6803834600594945,33.031,33.61490909090909,33.225167932755625,3.7429810539435424,3.740833749308852,3.740803731198352,31.5195,32.508095238095244,32.45285637659861,3.760653934218683,3.761095787568677,3.7747335872538956,31.398666666666664,31.89763440860215,32.602990080709006,3.9121298716583937,3.802691491605917,3.756982197981125,34.75383333333333,32.4587868852459,34.71845758018078,3.579621989459672,3.751049844033576,3.62647891257512,6.661435660291981
2003-02-11,sz000901,34.19,34.19,34.72,34.01,1175,2486503.25,2.06,-0.93,-0.32,0.24,3.070037866607755,-0.2617941778284938,34.314,34.36533333333333,34.08279358309517,3.593978038724159,3.4628505447205513,3.476934928908915,33.233,33.82563636363636,33.400591944981876,3.6781014687739315,3.618480442520527,3.618846301272789,31.807499999999997,32.76242857142857,32.61829862644636,3.7265880225628,3.6953228287485884,3.7076197090971204,31.594,32.077720430107526,32.70537781743746,3.866289599375965,3.7483629751510366,3.712663208860263,34.59916666666666,32.440300546448086,34.701131102142064,3.579721229970408,3.7343421678744986,3.6082349438548786,6.395589031215999
2003-02-12,sz000901,34.19,34.16,34.27,34.0,875,1847705.38,0.79,-0.09,-0.03,0.18,2.942008053022313,-0.12802981358544185,34.382,34.31399999999999,34.10852905539678,3.4185762095908103,3.245527216153269,3.298625970280048,33.497,33.994181818181815,33.53866613680335,3.618912363996504,3.4846452760202333,3.495784801590884,32.0325,32.98647619047619,32.765127328689566,3.6809427740985234,3.6206009268875894,3.634704313280472,31.695,32.243268817204296,32.79922440986085,3.815083013276313,3.688731907644351,3.662943521386847,34.45016666666667,32.42590163934426,34.68338909879314,3.5796308021559957,3.713433539122101,3.5863914392374174,6.26663272335552
2003-02-13,sz000901,34.27,34.05,34.27,33.95,1492,3143886.75,0.94,-0.32,-0.11,0.31,3.17376882313665,0.2317607701143367,34.29600000000001,34.20333333333333,34.08901937026452,3.2931728161525875,3.163924754001882,3.2570069212322488,33.793,34.094727272727276,33.63163593011183,3.58249475038102,3.403710086772987,3.4372364418719323,32.263999999999996,33.178619047619044,32.887496154528655,3.6597464559590804,3.572298645843602,3.590805695171537,31.742,32.39520430107527,32.879919609224665,3.7687292419122826,3.6473567986030817,3.6313838634352216,34.2955,32.41278142076503,34.66262224309501,3.582665799085274,3.700126588990319,3.5728628288734576,6.497466893367395
2003-02-14,sz000901,33.93,34.29,34.54,33.93,953,2017580.62,1.79,0.7,0.24,0.2,2.979092900638326,-0.19467592249832366,34.24,34.20133333333333,34.156012913509684,3.099347937568259,3.0592314488304617,3.164368914367608,33.966,34.1850909090909,33.75133848827331,3.4709988748938563,3.2940006595470424,3.3539376161930945,32.497,33.37157142857143,33.02106794933545,3.634801652178452,3.5074744977178156,3.5325473337874214,31.80933333333333,32.559591397849466,32.97089253766178,3.728384533153526,3.596412518520891,3.5893005755128415,34.12883333333333,32.412601092896175,34.650405120370586,3.567869383856954,3.6803373136314024,3.553394962373945,6.304830897605552
2003-02-17,sz000901,34.29,34.14,34.59,33.95,1854,3915256.0,1.87,-0.44,-0.15,0.39,3.2681097298084785,0.28901682917015226,34.166,34.168,34.15067527567312,3.0866034746427045,3.1154853795772017,3.1989491861812316,34.155,34.216727272727276,33.82200421767816,3.4084225799951957,3.257111724076974,3.3383325459413458,32.733,33.52804761904762,33.1276329065416,3.607521419074819,3.472551457492104,3.5073628000751413,31.840333333333334,32.70995698924732,33.04631882555457,3.6987809947245833,3.566717369917985,3.568578585467399,33.971666666666664,32.41296721311476,34.63367052626007,3.563044087879982,3.670509128252764,3.5440413481914703,6.592760163776476
2003-02-18,sz000901,34.27,34.22,34.27,33.95,2783,5876297.0,0.94,0.23,0.08,0.58,3.444513206334043,0.17640347652556443,34.172,34.186,34.17378351711542,3.1614985425879625,3.234788623474315,3.280803859565502,34.242999999999995,34.228545454545454,33.89436708719122,3.3777382906560605,3.263673656138583,3.3576381205581995,32.9385,33.669666666666664,33.231667867823354,3.5782576058499287,3.457026865802506,3.5013771244807512,31.868000000000002,32.86348387096774,33.12204019164783,3.671665887952112,3.550312996473433,3.5605743674587957,33.817166666666665,32.42110928961748,34.62010755818597,3.5720407155642375,3.6666228698414223,3.540778130425653,6.769103737799205
2003-02-19,sz000901,34.19,37.61,37.61,32.81,9154,20435980.0,14.03,9.91,3.39,1.91,3.9616109080912807,0.5170977017572378,34.862,35.332,35.31918901141028,3.3654191136017557,3.5014927453087537,3.5077395424074282,34.622,34.84072727272727,34.569936707701906,3.3919976615962826,3.3698323138540767,3.467451354655123,33.324,34.11457142857143,33.648651880411606,3.5971102832282087,3.493536704111206,3.54520891339604,32.02,33.23393548387096,33.411585985735066,3.6673084319044538,3.5690191268049927,3.586447692660892,33.72533333333334,32.54546448087432,34.71813681857331,3.6008934153427883,3.6793956630390303,3.5545759264146897,7.310395468981165
2003-02-20,sz000901,38.41,38.88,40.33,37.97,9493,23027696.0,6.27,3.38,1.27,1.98,3.9774034808734346,0.015792572782153957,35.828,36.67133333333333,36.50612600760685,3.5261460451491127,3.7054875343993143,3.6642941885627636,35.062,35.61490909090909,35.353584579028826,3.40965943065085,3.4762697355408316,3.5601699230584525,33.734500000000004,34.64371428571429,34.146875510848595,3.6031802845720193,3.529755103886942,3.5863703007748393,32.303666666666665,33.67651612903226,33.764386889881195,3.662766014203665,3.5890252589965406,3.6116706467391206,33.65683333333333,32.71446994535519,34.85459134911189,3.62710291141368,3.6917402553515104,3.5684391249215333,7.362250487484766
2003-02-21,sz000901,38.88,37.55,38.88,37.18,5126,12038517.0,4.37,-3.42,-1.33,1.07,3.709778601848225,-0.2676248790252096,36.480000000000004,37.245333333333335,36.854084005071236,3.6722831853910924,3.7666983866323513,3.6794556596579175,35.36,36.06727272727272,35.75293283738722,3.3858155614796757,3.5308368575767184,3.5873715010202294,34.0835,35.00709523809523,34.47098260505349,3.6016787347133628,3.539907324579914,3.5981234723056383,32.61233333333333,34.014989247311824,34.00861999375983,3.6537554904724296,3.592058329167157,3.618000192230031,33.56983333333333,32.84211475409836,34.94296540323937,3.6356952756324197,3.6944509337264138,3.573073206132244,7.0805729903781875
2003-02-24,sz000901,37.53,39.45,40.24,36.11,7992,18924372.0,11.0,5.06,1.9,1.67,3.902655475217926,0.19287687336970105,37.542,38.23533333333333,37.71938933671416,3.799192334472982,3.843489149907962,3.7538555981779202,35.854,36.81090909090909,36.42512686695318,3.442897904557843,3.6248077509836736,3.644695859965265,34.4425,35.518190476190476,34.94517473790554,3.592939479250693,3.568571776056539,3.627126520202047,32.964333333333336,34.45612903225806,34.359676768355975,3.6547352576650693,3.608116392699124,3.6363650491969923,33.5245,33.034907103825134,35.09073702936267,3.6486971414849063,3.7032037271554463,3.58387918216784,7.277021476470132
2003-02-25,sz000901,40.35,40.01,40.35,38.85,5412,13332074.0,3.8,1.42,0.56,1.13,3.7333577879255855,-0.16929768729234063,38.7,39.058,38.4829262244761,3.85696125079129,3.8215443010588306,3.747022994760475,36.43599999999999,37.566545454545455,37.076921982052596,3.5092298966896265,3.6776186388687178,3.660816210503505,34.834500000000006,36.048428571428566,35.4275390485812,3.593665682731779,3.5819449483112913,3.637243783794765,33.35033333333333,34.91068817204302,34.72421375104268,3.654135313938409,3.613188814006255,3.6426226452439985,33.495333333333335,33.247546448087434,35.25202433987537,3.661237905654052,3.7059794860551403,3.5887801200615366,7.124897715557235
2003-02-26,sz000901,39.55,39.53,40.27,39.39,3022,7459746.0,2.2,-1.2,-0.48,0.63,3.4802944600030066,-0.2530633279225789,39.084,39.334666666666664,38.8319508163174,3.7606979611736358,3.6959887041294026,3.6581134831746525,36.973,38.129090909090905,37.52293616713394,3.5630585373876955,3.6723576503802406,3.6279940740488685,35.235,36.49561904761905,35.818249615382996,3.5909854506921,3.5711476890037885,3.6222962291479304,33.67933333333333,35.30937634408603,35.034264476781864,3.6416480285282473,3.6019732750426794,3.6321498590994183,33.4715,33.4454043715847,35.392285836928636,3.675749573167015,3.700046914066582,3.5852232131743715,6.872724040250632
2003-02-27,sz000901,39.15,39.17,39.71,38.75,2518,6111048.0,2.43,-0.91,-0.36,0.52,3.401055725771844,-0.07923873423116268,39.14200000000001,39.36333333333334,38.94463387754494,3.6454284101533174,3.5761079589954723,3.572427564040383,37.485,38.52854545454545,37.82240231856413,3.5857872276512155,3.642902593722813,3.5867325561803183,35.638999999999996,36.87038095238095,36.137463937727475,3.5841409890161176,3.553059143773288,3.6012257050168746,34.004333333333335,35.66361290322581,35.301086123441095,3.6350933798564586,3.5864511909938797,3.617240560175059,33.447833333333335,33.63224043715847,35.51614531768507,3.685015534596308,3.6910405584142816,3.579184934898879,6.7861156949542005
2003-02-28,sz000901,39.55,39.23,40.19,39.17,2261,5556308.0,2.6,0.15,0.06,0.47,3.35430056234536,-0.046755163426484,39.478,39.39266666666666,39.03975591836329,3.5743328022527443,3.479065343059486,3.499718563475376,37.979,38.84581818181818,38.07832916973428,3.6233079938219186,3.6008141091217483,3.544472193664871,35.9725,37.212380952380954,36.431991181753425,3.547153434357887,3.531169579328454,3.5777090247624446,34.324333333333335,36.00075268817205,35.5545644380578,3.630970432726274,3.5683355253480022,3.6002766893473366,33.4425,33.82181967213115,35.63791104497408,3.692746860322049,3.6801974445699885,3.57181167678237,6.744786311758335
2003-03-03,sz000901,38.86,39.2,39.55,38.57,3714,8971012.0,2.5,-0.08,-0.03,0.77,3.5698418994037615,0.21554133705840162,39.428,39.3,39.0931706122422,3.5077700870899116,3.477568375443158,3.523093008784838,38.485,39.06781818181818,38.28226932069168,3.6534812107814467,3.59109300104572,3.549084867435578,36.32,37.51976190476191,36.69561106920548,3.530951895388321,3.5333303855232994,3.576959774728284,34.650333333333336,36.31531182795699,35.789753829150854,3.622841349643695,3.5643917490046153,3.5983131545122675,33.437,34.01059016393443,35.754700846778206,3.6969015306421906,3.6761677737202083,3.5717470939174976,6.952841437606511
2003-03-04,sz000901,39.31,39.15,39.66,38.85,1378,3336503.25,2.07,-0.13,-0.05,0.29,3.139249217571607,-0.4305926818321546,39.256,39.20733333333333,39.1121137414948,3.388948373019116,3.354728085603724,3.395145078380428,38.978,39.18872727272728,38.44003853511138,3.6229548119052026,3.4975962750075675,3.4745692947330378,36.6105,37.78928571428572,36.92936239594782,3.500346551280632,3.496025368588374,3.535273054999077,34.95166666666667,36.605612903225804,36.00654390468951,3.59315667453502,3.5331922566128675,3.568696126322548,33.43266666666667,34.197901639344266,35.86602213049039,3.698506199711831,3.6578840913244512,3.5575668356766488,6.523291552221821
2003-03-05,sz000901,39.04,39.52,39.55,38.51,2054,4978961.0,2.66,0.95,0.37,0.43,3.3126004392612596,0.17335122168965267,39.254000000000005,39.29533333333334,39.24807582766321,3.3554095688707664,3.329278774351105,3.3676301986740387,39.169,39.28727272727273,38.63639516509112,3.5580537650222004,3.4411682072541234,3.4451204119199867,36.8955,38.06638095238095,37.17608978680994,3.475025713309242,3.4781447864912907,3.514066139214523,35.272333333333336,36.900344086021505,36.23321849148373,3.584091443826206,3.5150918543371406,3.5521738239314975,33.43716666666667,34.39748633879781,35.985824683589065,3.694382436217637,3.6452314434408257,3.549535150548275,6.697138724477683
2003-03-06,sz000901,39.55,39.07,39.79,38.75,1780,4321539.5,2.63,-1.14,-0.45,0.37,3.250420002308894,-0.062180436952365525,39.234,39.234,39.188717218442136,3.3252824241781767,3.2942822521638147,3.3285601332189905,39.188,39.26927272727273,38.71523240780183,3.485355417165747,3.3852347958517033,3.4097203374452425,37.125,38.273476190476195,37.35646218806614,3.4475074239082986,3.4567537663960204,3.488956983318749,35.55233333333333,37.14535483870968,36.416236653323494,3.5639053287699287,3.4935646645618297,3.532705835439717,33.4035,34.5821693989071,36.086945185766474,3.6842994696452176,3.630675298066769,3.539728096507639,6.635638486919256
2003-03-07,sz000901,38.99,38.25,39.15,37.39,2917,6904108.5,4.5,-2.1,-0.82,0.61,3.4649364291217326,0.21451642681283856,39.038,38.906,38.875811478961424,3.3474095975334506,3.3408335871449997,3.3740188985199047,39.257999999999996,39.09872727272728,38.630644697292404,3.4608711998930977,3.381522252570974,3.419759626840968,37.309000000000005,38.38061904761905,37.44156102729794,3.4233433806863864,3.4584136716544425,3.486669311490462,35.80833333333333,37.31939784946237,36.53454396601231,3.5547428897732742,3.4871795742619467,3.5283336156772664,33.380833333333335,34.74107103825137,36.15786501574134,3.682296373692133,3.623483067229933,3.5372759106917075,6.83910760782028
2003-03-10,sz000901,37.79,37.1,37.93,36.37,2783,6363071.0,4.08,-3.01,-1.15,0.58,3.444513206334043,-0.02042322278768971,38.61800000000001,38.26,38.283874319307614,3.322343858919507,3.3732014567451967,3.3975170011246174,39.023,38.70636363636363,38.352345661421055,3.4150569730047096,3.3785480719238725,3.4242602776578908,37.4385,38.36071428571429,37.40903140565051,3.4289774387812764,3.4604298455256477,3.4826544443327077,35.96933333333333,37.4027311827957,36.57102500046312,3.5336453105020316,3.480067981781996,3.5229258473325427,33.337,34.86301092896175,36.18875468735638,3.6876027370100006,3.615686897808357,3.534234510548833,6.803666769179362
2003-03-11,sz000901,36.91,34.88,36.91,34.75,3247,7237998.5,5.82,-5.98,-2.22,0.68,3.5114822886260013,0.06696908229195841,37.764,37.014,37.14924954620508,3.396790473130386,3.4362475999806947,3.4355054302917454,38.510000000000005,37.95309090909091,37.72101008661723,3.392869423074751,3.3960799474913808,3.4401188251066377,37.473,38.11704761904762,37.16817127177903,3.4510496598821887,3.4682874502727645,3.485399953313021,36.059666666666665,37.33245161290323,36.46192661333647,3.526733596179436,3.4786381094028975,3.5221875532224436,33.257,34.91360109289617,36.14584469760699,3.691519745084213,3.6099124568777334,3.5334885360595596,6.85961848876917
2003-03-12,sz000901,35.39,34.93,35.89,34.11,3947,8543198.0,5.1,0.14,0.05,0.82,3.5962671263955155,0.08478483776951418,36.846000000000004,36.06933333333333,36.40949969747005,3.4535238105572375,3.502739817735738,3.4890926623263354,38.05,37.302181818181815,37.21355370723227,3.4044666897140017,3.4330613480951557,3.468509425340979,37.5115,37.874857142857145,36.95501210303817,3.483762613550849,3.4821176851787947,3.49595873170183,36.173333333333325,37.25956989247312,36.36309263828251,3.5288125303660673,3.483124143610386,3.5269668805239323,33.193333333333335,34.96845355191257,36.105980937029706,3.697481732396116,3.6067894201994157,3.535546850496804,6.931620471833047
2003-03-13,sz000901,34.93,38.05,38.35,34.91,6536,15119074.0,9.85,8.93,3.12,1.36,3.8153120435243593,0.21904491712884377,36.642,36.47066666666667,36.9563331316467,3.5665022188003306,3.623335895391446,3.5978324560590105,37.938,37.302181818181815,37.36563485137185,3.4458923214892527,3.5077605033334023,3.531564446828866,37.7115,37.92614285714286,37.05929666465359,3.5158397745702343,3.513693821366749,3.5263733328277853,36.40533333333334,37.380645161290325,36.47192537129654,3.5380580998404962,3.5016079831689852,3.5455697942658952,33.1905,35.12768852459016,36.169719266963156,3.694911005051175,3.6106527090888667,3.5447194797763957,7.179525192685991
2003-03-14,sz000901,38.11,38.08,39.23,37.63,5752,13705181.0,4.2,0.08,0.03,1.2,3.7598188773748262,-0.055493166149533035,36.608000000000004,36.95,37.330888754431136,3.6254787084509488,3.6877747815829443,3.6518279298309495,37.823,37.327999999999996,37.49551942384969,3.4864441529922,3.564838058948961,3.5730652523826767,37.900999999999996,37.96123809523809,37.15650650611515,3.5548760734070592,3.5369299263957568,3.5486062418322653,36.589333333333336,37.48868817204301,36.575672121535476,3.526917007235992,3.515915130106684,3.5593923157567944,33.251333333333335,35.288000000000004,36.23235142214469,3.704186237738447,3.6127808360502978,3.5517719190419177,7.136884775503547
2003-03-17,sz000901,38.27,37.71,38.35,36.35,3309,7617644.0,5.25,-0.97,-0.37,0.69,3.519696767159853,-0.2401221102149731,36.730000000000004,37.31733333333333,37.457259169620755,3.6405154206161106,3.652514134485912,3.6077842089405845,37.67399999999999,37.307454545454554,37.534515892240655,3.4814296397678093,3.5708839887976254,3.5633618914330727,38.0795,37.94304761904762,37.20922017219942,3.5674554252746282,3.533579516276976,3.545852958530131,36.77133333333334,37.56098924731183,36.64885456530738,3.5144444768481504,3.5154493081662888,3.556831312621508,33.362833333333334,35.43418579234973,36.28079891650059,3.7210727666510306,3.6067320009493593,3.550720274717915,6.881820672650444
2003-03-18,sz000901,37.53,36.93,37.6,36.77,1189,2734469.25,2.2,-2.07,-0.78,0.25,3.0751818546186915,-0.4445149125411616,37.14,37.384,37.2815061130805,3.5532553338146493,3.4640696124867723,3.430250090833287,37.452,37.17218181818182,37.42460391183326,3.4750229034725173,3.49702075513415,3.474601884739549,38.214999999999996,37.83357142857143,37.1826277748471,3.5489888576888604,3.486696319071649,3.5010271391099934,36.891,37.57122580645162,36.666992980448846,3.4919053353445944,3.4871097841514844,3.5257571540406816,33.5125,35.551142076502735,36.302084197926796,3.7276990150160003,3.5855552497351844,3.5351288511081043,6.436873043954795
2003-03-19,sz000901,37.45,36.25,37.45,36.05,2991,6748652.5,3.79,-1.84,-0.68,0.62,3.475816413031318,0.4006345584126265,37.404,37.087333333333326,36.93767074205367,3.52916519114181,3.4382566388923284,3.4454388648992977,37.125,36.95363636363636,37.211039564227214,3.491344500849523,3.497165029599387,3.474822708065325,38.147,37.646428571428565,37.09380608200451,3.5246991329358623,3.479727514818549,3.498626117578691,36.972,37.529870967741935,36.640090207516664,3.4804653091560023,3.4860717891635313,3.522535170749755,33.696666666666665,35.64089617486339,36.30037651930625,3.7284937086660426,3.5772968037684745,3.533184181007226,6.8292170661295515
2003-03-20,sz000901,35.74,36.49,37.47,35.74,7232,16328922.0,4.77,0.66,0.24,1.51,3.859258417467307,0.38344200443598897,37.092000000000006,36.782666666666664,36.78844716136912,3.5379544659303988,3.5482877143341605,3.583378715755301,36.867000000000004,36.83818181818182,37.079941461640445,3.552228342365365,3.5640584689844377,3.544720109774776,38.027499999999996,37.488619047619046,37.03630074086123,3.518791879765556,3.5115903038215435,3.532972050901416,37.039,37.498774193548385,36.63040696832204,3.4824143967273207,3.5105100542158736,3.544259251183146,33.92616666666667,35.73248087431695,36.30659368260768,3.7293704368906333,3.5815841712701553,3.5438751395796877,7.212957514503667
2003-03-21,sz000901,36.19,36.4,36.59,35.87,1830,4090702.5,1.97,-0.25,-0.09,0.38,3.2624510897304293,-0.5968073277368777,36.75600000000001,36.552,36.65896477424609,3.4384809084015195,3.4564532556008376,3.4764028404136775,36.682,36.75327272727273,36.95631574134218,3.5319798084262346,3.5113716957780854,3.4933984697667126,37.97,37.33361904761905,36.97570067030302,3.496425504159666,3.48717689524677,3.5072081498375125,37.1,37.45754838709677,36.61554200262385,3.459555523266336,3.4963188731192996,3.5260780794765196,34.11683333333333,35.81359016393442,36.30965618481726,3.7064284848153375,3.5662753402157215,3.534648121551843,6.611797896191984
2003-03-24,sz000901,36.35,35.45,36.35,35.44,2192,4844072.5,2.5,-2.61,-0.95,0.46,3.3408405498123317,0.0783894600819024,36.304,36.11666666666667,36.25597651616406,3.402709664932016,3.4239064694044417,3.431215410213229,36.517,36.529272727272726,36.68244015200724,3.5216125427740637,3.4766191033028306,3.465660666138643,37.769999999999996,37.09361904761905,36.830395844559874,3.4683347578893864,3.4723592805470243,3.491363616501781,37.13133333333334,37.35109677419355,36.54034574439005,3.459855806778872,3.4886598425738797,3.514127271111088,34.265,35.85730054644808,36.28147073613472,3.685992839218633,3.5542888505434913,3.5282937749374326,6.685210634494614
2003-03-25,sz000901,35.37,35.81,36.81,35.13,2082,4646726.0,4.74,1.02,0.36,0.43,3.3184807251745174,-0.022359824637814274,36.080000000000005,35.952,36.10731767744271,3.451369439043181,3.395830156151943,3.3936371818669917,36.61,36.40072727272727,36.523814669824105,3.5023123864289145,3.439686045557459,3.4389006768724384,37.559999999999995,36.90695238095238,36.733215287935124,3.447590904751833,3.458087467907512,3.474898579232518,37.18533333333333,37.26584946236559,36.49322666410683,3.468137235397764,3.4795388695671488,3.501504913308729,34.38966666666667,35.907956284153,36.266012679212274,3.6672134173868645,3.5422392730338492,3.5214146585517634,6.667147064517525
2003-03-26,sz000901,35.81,35.68,36.41,35.21,1329,2928805.25,3.35,-0.36,-0.13,0.28,3.123524980942732,-0.1949557442317853,35.96600000000001,35.818666666666665,35.96487845162847,3.380911152625463,3.2865486701184596,3.3035997815589053,36.685,36.23163636363636,36.37039382076517,3.4550381718836363,3.3708156081963345,3.3815596412488556,37.3675,36.72790476190477,36.63290907003654,3.429752430798819,3.42722404659236,3.441434427014443,37.236,37.168731182795696,36.440760427712846,3.474187799661778,3.4573058208926297,3.4771191112206004,34.4655,35.95026229508196,36.2467991487463,3.644635406469045,3.5244134226586317,3.508369095351467,6.466690494364319
2003-03-27,sz000901,36.03,36.21,36.3,35.71,3792,8475928.0,1.65,1.49,0.53,0.79,3.5788683286660286,0.45534334772329643,35.910000000000004,35.9,36.04658563441899,3.324833134865208,3.3525343954653146,3.3953559639279467,36.501,36.145272727272726,36.341231307898774,3.431393800397804,3.39333018215677,3.4174339480519773,37.219500000000004,36.617666666666665,36.59263201574734,3.438643060943529,3.4414255606749515,3.45452337002888,37.308,37.102537634408606,36.42587265818299,3.4876911165127575,3.464059403409033,3.483683576862241,34.525,36.00745901639345,36.24559261927921,3.62821017921252,3.5222571250257455,3.510680545624075,6.928187258876946
2003-03-28,sz000901,36.48,36.51,37.1,35.79,6960,15771498.0,3.62,0.83,0.3,1.45,3.842609239610562,0.26374091094453345,35.932,36.1,36.20105708961266,3.4408647648412343,3.5251264303804324,3.5444403891554854,36.344,36.14690909090909,36.37191652464445,3.4396728366213773,3.4680966256499985,3.494738546517174,37.0835,36.55009523809524,36.58476229996188,3.4630584948067886,3.4798985300718117,3.4914839290366593,37.382,37.05105376344086,36.4313002286228,3.5164749944784983,3.4869573468346977,3.5068400712331007,34.595666666666666,36.07254098360656,36.254261713729065,3.622429763816012,3.529286602415845,3.5215634536236315,7.197872945214554
2003-03-31,sz000901,36.05,36.57,36.59,36.05,4377,9875480.0,1.48,0.16,0.06,0.91,3.641176546613114,-0.20143269299744793,36.156000000000006,36.31266666666667,36.324038059741774,3.5009319642013907,3.5918970243043926,3.5766857749746954,36.230000000000004,36.188,36.407931701981816,3.451820814566703,3.5047336638303146,3.5213636374437085,36.952,36.501190476190466,36.58335636663218,3.466625227167256,3.496862154053367,3.5057403688058457,37.463,36.99866666666666,36.440248600969724,3.5289105550386535,3.4950026082627375,3.5155069406124566,34.651666666666664,36.13727322404371,36.26461378868877,3.613845774881618,3.529901251032144,3.525485194377385,6.99455821379572
2003-04-01,sz000901,36.11,36.27,36.78,36.09,3248,7352142.5,1.89,-0.82,-0.3,0.68,3.5116160205691376,-0.1295605260439765,36.248000000000005,36.35066666666667,36.306025373161184,3.539559023280315,3.5954583764269743,3.55499585683951,36.164,36.19527272727273,36.38285321071239,3.4954642311617476,3.5156055194671207,3.5195913434665136,36.808,36.436238095238096,36.55351290314341,3.485243567317133,3.501146991520213,3.506299954688064,37.531333333333336,36.92169892473119,36.429264820262006,3.5311473155131563,3.493886831845349,3.515255913512888,34.699666666666666,36.190333333333335,36.26479038578094,3.601406601732634,3.526549455808784,3.5250304673672783,6.866413916001004
2003-04-02,sz000901,36.67,36.09,36.67,35.92,2146,4848528.0,2.07,-0.5,-0.18,0.45,3.3316297176299323,-0.17998630293920526,36.330000000000005,36.298,36.23401691544079,3.5811799706177547,3.5261486078768476,3.480540477102984,36.148,36.18181818181819,36.32960717240104,3.4810455616216087,3.4858174260976997,3.485416502405317,36.6365,36.36785714285714,36.509368817129754,3.486195031235566,3.486517101073813,3.489664694015861,37.48066666666667,36.828709677419354,36.40737676734188,3.510147942497778,3.4810147287561093,3.5034090621656007,34.75033333333333,36.235918032786884,36.259059553460254,3.5887281872011156,3.517704312067712,3.518689459179168,6.685609907981726
2003-04-03,sz000901,36.35,35.98,36.35,35.63,894,1984556.62,2.0,-0.3,-0.11,0.19,2.951337518795918,-0.38029219883401444,36.284000000000006,36.181333333333335,36.149344610293866,3.455673808643733,3.3162011239362346,3.3041394910006288,36.097,36.151272727272726,36.266042231964484,3.3902534717544706,3.3895068728566646,3.3883112326581535,36.482,36.30533333333334,36.458952739307875,3.4712409070599173,3.4355782903652745,3.4383954392330094,37.384,36.731892473118286,36.379804072674666,3.475945743761861,3.4449624433559896,3.4677915432385245,34.843833333333336,36.27623497267759,36.24991005990418,3.569355878982763,3.4968062573659027,3.500087756215783,6.297663493972729
2003-04-04,sz000901,35.6,36.62,37.15,35.6,6703,15185350.0,4.31,1.78,0.64,1.4,3.826269219393726,0.8749317005978083,36.306000000000004,36.29333333333333,36.30622974019591,3.452405804600366,3.439732927519566,3.478182733798328,36.11900000000001,36.24636363636363,36.33039818978912,3.4466352847208,3.468782463336529,3.4679399575191665,36.4005,36.31847619047619,36.47429057365951,3.4893075465735173,3.4693905105875413,3.475335799248316,37.352999999999994,36.68260215053763,36.39530058411501,3.4798287643467107,3.467563957912883,3.490919135248538,34.98266666666667,36.334469945355195,36.26204415630077,3.5667921274095704,3.505229645576098,3.5107822304183385,7.181424806219179
2003-04-07,sz000901,36.64,36.06,36.64,35.74,1104,2459683.5,2.46,-1.53,-0.56,0.23,3.0429690733931802,-0.783300146000546,36.20400000000001,36.211333333333336,36.22415316013061,3.332764309956379,3.3032540171171707,3.333111513663279,36.18,36.23563636363637,36.281234882554735,3.4168481370788846,3.3953886067315073,3.3906725240417144,36.3485,36.286047619047615,36.43483432854908,3.4692303399264737,3.4268820845703676,3.434158015833541,37.24,36.59918279569893,36.373668288365664,3.451172550952552,3.4393794617223326,3.46201913125787,35.10216666666667,36.36979234972678,36.25541975773353,3.552953904308811,3.4880551192149043,3.4954440941224316,6.390879227816139
2003-04-08,sz000901,35.87,35.79,36.35,35.55,9103,20300162.0,2.22,-0.75,-0.27,1.9,3.9591845427311916,0.9162154693380113,36.108000000000004,36.07333333333333,36.07943544008708,3.4222780143887896,3.512060761375442,3.541802523352583,36.178,36.16472727272727,36.19191944936296,3.480918518834552,3.493995225941018,3.494038345621619,36.394,36.23285714285714,36.37342153535393,3.4916154526317333,3.4735443895993874,3.484160542204746,37.099333333333334,36.50563440860215,36.33601226976143,3.4587001094460725,3.4721544289338584,3.494094319094859,35.22483333333333,36.39234426229508,36.24016009354555,3.556417711692241,3.501374156540228,3.5106486989948498,7.307499503697713
2003-04-09,sz000901,36.08,34.85,36.08,34.69,3688,7982422.0,3.88,-2.63,-0.94,0.77,3.5667909123815917,-0.39239363034959984,35.86,35.653999999999996,35.66962362672473,3.4693102533391214,3.5602317273730426,3.550131986362253,36.095,35.92327272727273,35.94793409493333,3.525245111978438,3.509608388404116,3.507266085032523,36.39,36.08580952380952,36.22833377008212,3.490141641931037,3.4807039571946126,3.4920301012692074,36.94333333333334,36.360516129032256,36.24014051042199,3.4615833245253587,3.4791280291232467,3.4987844218875517,35.31133333333333,36.380054644808745,36.194581074085036,3.5516156765268034,3.5017142614808634,3.5124894273026115,6.902134683536557
2003-04-10,sz000901,34.73,34.81,35.47,33.36,6658,14259108.0,6.05,-0.11,-0.04,1.39,3.8233437908206485,0.2565528784390567,35.626,35.303999999999995,35.38308241781649,3.643711507744068,3.678242906533552,3.641202587848385,35.955,35.68963636363636,35.74103698676363,3.5496926581939,3.563808148193609,3.5647347588121816,36.228,35.93533333333333,36.09325436340763,3.4905432292958514,3.5124374951840993,3.5235837859883925,36.798,36.22288172043012,36.14787338071734,3.475659593360319,3.5024674140455234,3.519723736012268,35.40116666666666,36.363617486338796,36.14918497329536,3.555376486608389,3.5106233799822997,3.522681373647465,7.154092358419458
2003-04-11,sz000901,34.67,33.93,34.81,33.47,5028,10573033.0,3.85,-2.53,-0.88,1.05,3.7013952690139202,-0.12194852180672822,35.08800000000001,34.73866666666667,34.89872161187766,3.6187367176681065,3.697470826956836,3.6612668149035636,35.697,35.32145454545455,35.41175753462479,3.535571261134236,3.591390441069976,3.5895821243034067,36.0205,35.71647619047619,35.88723013832119,3.4876220488778067,3.5325186418239154,3.5405182129432045,36.62133333333334,36.037849462365585,36.004784775509776,3.487229416915938,3.517031006023175,3.5314444800768907,35.47283333333334,36.3153825136612,36.076424810236496,3.559099924821106,3.515410881044777,3.5285408456266927,7.024199587706304
2003-04-14,sz000901,33.95,33.87,34.43,33.44,3173,6636617.0,2.92,-0.18,-0.06,0.66,3.501470072100412,-0.19992519691350807,34.650000000000006,34.33266666666667,34.55581440791845,3.7104369174095533,3.6583819451009374,3.6080012339691803,35.42700000000001,34.98927272727273,35.13143798287483,3.5216006136829656,3.585190224882008,3.573561751175589,35.8285,35.51166666666666,35.6951129822906,3.486710714124834,3.5338375011784495,3.536799342386748,36.443666666666665,35.860344086021506,35.86705672547689,3.4849503560058257,3.51794975797056,3.529510647304215,35.547000000000004,36.262830601092894,36.00408301317956,3.5538958528247604,3.5135213776768848,3.5276532792815685,6.821946755176158
2003-04-15,sz000901,33.95,33.77,34.11,33.15,3480,7193876.0,2.83,-0.3,-0.1,0.73,3.5415792439465807,0.04010917184616858,34.246,34.03933333333334,34.293876271945635,3.626915857652631,3.602096053946613,3.5858605706283138,35.177,34.687999999999995,34.883903804170316,3.5245969360207106,3.588822703111756,3.567746749861224,35.670500000000004,35.31561904761905,35.51176888873912,3.5100305835912287,3.5390630754471863,3.5372545711067325,36.26433333333333,35.6878494623656,35.731762743188064,3.498361356884992,3.521603234611899,3.5302892664424323,35.608,36.20456830601093,35.93083438979662,3.5457590157100056,3.5131175544349778,3.5281098682869785,6.856962947663772
2003-04-16,sz000901,33.95,33.58,34.11,33.17,4856,10082994.0,2.78,-0.56,-0.19,1.01,3.686278678067201,0.14469943412062047,33.992000000000004,33.81733333333333,34.05591751463042,3.6508134107897527,3.6218836607514704,3.6193332731079435,34.926,34.39763636363636,34.64683038523026,3.560061832064437,3.618219383483845,3.589298009535038,35.537,35.116523809523805,35.32779089933539,3.520553696843023,3.5558486082544225,3.5514473431982054,36.06633333333333,35.51466666666666,35.592939340401735,3.510817298178523,3.5337269327526872,3.540353099450482,35.669333333333334,36.13807650273224,35.85375785242624,3.547454371002365,3.517724756479476,3.533295730902723,7.003589508757357
2003-04-17,sz000901,33.79,33.89,35.9,33.6,8278,17739184.0,6.85,0.92,0.31,1.72,3.9179254220647413,0.23164674399754004,33.80800000000001,33.78333333333333,34.000611676420284,3.6697297370385713,3.7109209978431332,3.7188639894268762,34.717,34.209272727272726,34.50922486064294,3.65672062239132,3.683285490756628,3.649048448176802,35.407,34.959666666666664,35.19085843273202,3.5234870470728943,3.593693534466015,3.586350017375971,35.89366666666667,35.37425806451613,35.48307228618227,3.5330674788370513,3.559991973003411,3.564712604135273,35.72299999999999,36.07973770491803,35.789372349068,3.54848640380349,3.5298713483175863,3.5459065404490184,7.248933638469331
2003-04-18,sz000901,33.95,33.31,34.72,32.99,4261,8787836.0,5.1,-1.71,-0.58,0.89,3.629511534200453,-0.2884138878642881,33.684000000000005,33.617333333333335,33.770407784280195,3.6553529900758774,3.697514930230427,3.6890798376847354,34.386,33.95345454545455,34.29118397688968,3.637044853871992,3.678338383812834,3.645496281999284,35.252500000000005,34.75995238095238,35.01172905818611,3.5418400692963963,3.6037911046686384,3.590460638025921,35.729,35.20756989247312,35.34287407417051,3.538553315673009,3.5662141701236307,3.568893180268511,35.768666666666675,36.000622950819675,35.70808145237724,3.5466481027231413,3.532527909969946,3.548647687785131,6.943881943451064
2003-04-21,sz000901,33.95,34.32,34.33,31.58,6345,13226233.0,8.26,3.03,1.01,1.32,3.8024316264307236,0.1729200922302705,33.77400000000001,33.82933333333334,33.95360518952013,3.7155453009419404,3.74654114234871,3.7268637672667317,34.212,33.94145454545455,34.29642325381882,3.7129911091757473,3.70840870609624,3.674029980986818,35.196,34.671142857142854,34.94585010026363,3.5649196231273153,3.628609348205242,3.6106483512073306,35.63633333333334,35.11666666666667,35.276882198417574,3.5504839296762314,3.58323857726929,3.5839601767951055,35.80283333333333,35.95312568306011,35.662570585086186,3.5420646200891315,3.5409142550095387,3.556968472658757,7.121436169186273
2003-04-22,sz000901,34.32,34.14,34.73,33.79,4748,10027398.0,2.74,-0.52,-0.18,0.99,3.6765107102825536,-0.12592091614817003,33.848,33.95133333333334,34.015736793013424,3.7425315942091344,3.7335296121289137,3.7100794149386727,34.047000000000004,33.92836363636364,34.2679826622154,3.6847237259308825,3.701775906297478,3.6744810226769515,35.1125,34.570571428571434,34.86910247166709,3.5828211223827173,3.639237070791455,3.6169209568335425,35.611666666666665,35.02012903225807,35.20353495980999,3.555984877064783,3.5913693373084072,3.5899311789555863,35.83566666666666,35.89860655737705,35.61265023803418,3.5413592366221094,3.54532232354047,3.5608878902857666,7.0011882529760525
2003-04-23,sz000901,34.14,33.63,34.14,33.31,5226,10915949.0,2.43,-1.49,-0.51,1.09,3.718169405391307,0.041658695108753196,33.858000000000004,33.87866666666667,33.88715786200895,3.7489097396739552,3.725408882522971,3.712776078422884,33.925,33.85254545454545,34.15198581453987,3.6998615752318544,3.707856938926646,3.6824243649886523,35.010000000000005,34.42938095238095,34.751092712460704,3.6125533436051462,3.6521273834589407,3.6265636662199965,35.56833333333334,34.89227956989247,35.10201657530612,3.5600482863646428,3.601832855264957,3.5982046129191816,35.87083333333333,35.82628961748634,35.54764531219699,3.544430408365355,3.5511193782542145,3.566044661272833,7.0380614979514755
2003-04-24,sz000901,33.76,32.93,33.79,32.05,10496,21599246.0,5.17,-2.08,-0.7,2.19,4.0210238220315855,0.3028544166402787,33.666000000000004,33.56933333333333,33.568105241339296,3.7695294196673244,3.816113576642181,3.8155253262924513,33.737,33.67163636363637,33.929806575532616,3.719629578352948,3.7662500747084153,3.743987902632822,34.846,34.23128571428572,34.57765531127397,3.6346611182734234,3.691029333785267,3.6641313001068148,35.39766666666666,34.72206451612903,34.961886473673474,3.566905345648217,3.6315732124047604,3.625483271571595,35.901500000000006,35.72986885245902,35.46182087573151,3.5524817227443566,3.566745391817042,3.580962010805907,7.33443859079191
2003-04-28,sz000901,32.93,33.29,33.44,32.33,4034,8120640.0,3.37,1.09,0.36,0.84,3.6057358938767465,-0.41528792815483895,33.662,33.444,33.4754034942262,3.7647742916025835,3.761515734711988,3.7455955154872167,33.673,33.59036363636364,33.81347810725396,3.7100636408392305,3.745542132076378,3.7188511737680807,34.684999999999995,34.08309523809524,34.455021472105024,3.6228174509867337,3.688274550509393,3.658569832846808,35.23800000000001,34.58608602150538,34.854022830210674,3.5617692461982813,3.634078409064665,3.6242092472041856,35.91366666666667,35.64424590163935,35.390613633904245,3.5443431267171364,3.5684914302148254,3.5817742692672456,6.909590257999224
2003-04-29,sz000901,33.39,33.29,33.6,32.72,2482,5110968.5,2.64,0.0,0.0,0.52,3.394801777162711,-0.21093411671403572,33.456,33.32,33.413602329484135,3.683248321748981,3.638191563232031,3.6286642693790485,33.614999999999995,33.52072727272728,33.718300269571415,3.69939681134546,3.6882217932261017,3.659933101658013,34.521,33.9502380952381,34.34406704619026,3.610498712514213,3.666558772049963,3.6334490656387985,35.09066666666667,34.46040860215054,34.753118131487405,3.5576060798650433,3.623306314288177,3.6094087652660263,35.931000000000004,35.55822404371585,35.321741055743445,3.536025278356597,3.563588435147467,3.5756440236244735,6.708503204313026
2003-04-30,sz000901,33.31,33.34,33.39,33.15,3409,7024438.5,0.72,0.15,0.05,0.71,3.532627001228891,0.13782522406618014,33.29600000000001,33.281333333333336,33.389068219656096,3.654471579938248,3.5879844563920007,3.596651846662329,33.572,33.470727272727274,33.649518402376614,3.6985015870736917,3.6579000095685443,3.6367865379436273,34.3745,33.837761904761905,34.24844161321976,3.611549261547201,3.6591424185942167,3.6238469642664266,34.971000000000004,34.347462365591404,34.66194921977854,3.5728542514187165,3.6216947608277787,3.604455103070082,35.931,35.473273224043716,35.25676593916169,3.532379793381655,3.563477016225247,3.574233629447569,6.84661161454186
2003-05-12,sz000901,33.34,34.09,34.19,32.83,3028,6297895.5,4.08,2.25,0.75,0.63,3.4811558708280352,-0.051471130400855714,33.388000000000005,33.54600000000001,33.6227121464374,3.607068873025594,3.530212553355263,3.5581531880508983,33.623000000000005,33.5649090909091,33.729605965580866,3.6779893063497746,3.6183826066147886,3.6084900530135195,34.2745,33.81066666666667,34.23335193577026,3.619025569207106,3.646724000430487,3.610257336319913,34.899,34.29062365591398,34.62504927011542,3.5730322333452738,3.6157787362735414,3.5965003138931757,35.935500000000005,35.41291256830601,35.218511318205564,3.526748771250638,3.5617975433546367,3.5711818996567644,6.799195450179553
2003-05-13,sz000901,34.11,33.92,34.43,33.47,3361,7059996.0,2.82,-0.5,-0.17,0.7,3.5264685124694775,0.04531264164144222,33.586,33.723333333333336,33.72180809762494,3.508157811113172,3.5033457665032244,3.547591629523758,33.626000000000005,33.61890909090909,33.76422306274798,3.638843615390248,3.5908333713638254,3.5935770456418754,34.171499999999995,33.77690476190476,34.20350889426833,3.6477821188907837,3.637909042645951,3.6022774483341573,34.81333333333334,34.2274623655914,34.57956222043055,3.5619392365120124,3.6127746252492963,3.591982133156163,35.92616666666667,35.3468306010929,35.175937176625055,3.522176816619667,3.56178835454214,3.5697158869620993,6.848804454992537
2003-05-14,sz000901,33.92,33.84,33.95,33.44,1738,3629074.0,1.5,-0.24,-0.08,0.36,3.2400497721126476,-0.2864187403568299,33.696000000000005,33.808,33.76120539841663,3.435020586760353,3.4139764201697167,3.4450776770533884,33.679,33.657818181818186,33.77800068770289,3.5998974391814675,3.518325399858807,3.529299359545652,34.0325,33.74533333333333,34.16888899957611,3.61847114652673,3.599077390571843,3.5677795744082994,34.728,34.164666666666676,34.53184852878988,3.561192525924753,3.5920075630299824,3.5692768195404527,35.914,35.27843169398907,35.13213595771932,3.5103740245955444,3.5525382875091225,3.558907161885068,6.559795823936021
2003-05-15,sz000901,33.49,34.33,34.78,33.17,5696,12051268.0,4.76,1.45,0.49,1.19,3.7555699806288,0.5155202085161523,33.90400000000001,34.019333333333336,33.95080359894442,3.50717422745357,3.520826218125866,3.548575111578526,33.68,33.77618181818182,33.87836419902963,3.595211274601275,3.5466294983037763,3.5704394724698605,33.946000000000005,33.773666666666664,34.18423290437838,3.654101191888511,3.6121344223910876,3.585664375000728,34.690666666666665,34.13898924731183,34.51882604306151,3.575016840285302,3.604548043978631,3.581295733159056,35.91100000000001,35.22649726775956,35.10583641812197,3.5174363235320873,3.560577499182344,3.565355123155354,7.081032744540038
2003-05-16,sz000901,33.95,34.64,35.05,33.65,2057,4374395.0,4.08,0.9,0.31,0.43,3.313234291694724,-0.44233568893407593,34.164,34.26466666666667,34.180535732629615,3.463295685546737,3.456179572872917,3.470128171617259,33.730000000000004,33.95072727272727,34.0168434355697,3.558883632742493,3.495360955957131,3.523674894147108,33.8885,33.83976190476191,34.22763929443759,3.6218036793366877,3.579670908086918,3.5597186527811084,34.651666666666664,34.135720430107526,34.526643717702704,3.5748419591693095,3.587658847295368,3.56400144661297,35.9185,35.18482513661203,35.09056309293764,3.5214895972835363,3.5538823505975126,3.557088866386153,6.640917996482815
2003-05-19,sz000901,34.88,34.11,34.91,33.98,686,1449234.5,2.68,-1.53,-0.53,0.14,2.8363241157067516,-0.47691017598797236,34.168000000000006,34.24666666666667,34.15702382175308,3.3343293345224803,3.247189049592922,3.2588601529804233,33.778000000000006,34.01981818181819,34.03378099273884,3.4706991037740367,3.3639864983142687,3.3987020253397704,33.8515,33.860857142857135,34.2164355521102,3.5852803395029453,3.504863330598353,3.4908239349645034,34.599333333333334,34.10077419354838,34.49976347785092,3.5652685969947764,3.540012534813913,3.517054522038375,35.91766666666667,35.125530054644805,35.058413483333126,3.5197281983282775,3.531417908578601,3.533457235216336,6.1611386641572015
2003-05-20,sz000901,34.19,34.65,34.72,33.95,985,2082633.0,2.26,1.58,0.54,0.21,2.9934362304976116,0.15711211479086007,34.314,34.407333333333334,34.32134921450206,3.2277228781281067,3.133558014917966,3.1703855121528193,33.95,34.17836363636364,34.14582081224086,3.3679403446206395,3.2772114304458273,3.3250173353684684,33.8435,33.93690476190476,34.25772740429018,3.5437849614867942,3.4484972249787957,3.443453677396228,34.547333333333334,34.10404301075269,34.50945615669925,3.545754193722496,3.5031201240721597,3.483272696777681,35.927666666666674,35.083967213114754,35.045022877322204,3.5167226551176265,3.5141624342234983,3.5157516285042467,6.318612745647467
2003-05-21,sz000901,34.59,34.89,34.91,34.27,823,1767097.38,1.85,0.69,0.24,0.17,2.91539983521227,-0.07803639528534179,34.524,34.599333333333334,34.51089947633471,3.1627928907480314,3.0294503339460195,3.08539028650597,34.11,34.34927272727273,34.28112611910616,3.298906738754192,3.194931337826125,3.250541426249159,33.8915,34.036571428571435,34.31794384197683,3.5044851897967115,3.388651022476461,3.39316283528347,34.49333333333333,34.126150537634416,34.534007372396076,3.5148472135758864,3.4624521009424685,3.4466357379670094,35.93766666666667,35.049945355191255,35.03994016003295,3.5156611040271923,3.4944469319315186,3.496067963150411,6.2472604829710185
2003-05-22,sz000901,34.88,34.77,34.91,34.43,793,1705452.5,1.38,-0.34,-0.12,0.17,2.8992731873176036,-0.016126647894666224,34.61200000000001,34.681333333333335,34.597266317556475,2.991533532085792,2.941610432802544,3.023351253443181,34.258,34.469272727272724,34.37001227926868,3.2493538797696813,3.122270692110381,3.186674473716149,33.9365,34.12023809523809,34.36099680940761,3.474375345557571,3.331011784145117,3.346125725953388,34.43333333333333,34.144000000000005,34.549232703209235,3.4901171015993686,3.4227376476354827,3.4113220250218865,35.948166666666665,35.01166120218579,35.03108966298269,3.509513828319011,3.4742374920394012,3.476500921319827,6.23183962800893
2003-05-23,sz000901,34.83,34.78,34.88,34.43,920,1977353.88,1.29,0.03,0.01,0.19,2.963787827345555,0.06451464002795149,34.64,34.73733333333333,34.65817754503765,2.9216442392159587,2.9323618645557987,3.003496778077306,34.402,34.564181818181815,34.444555501219824,3.192469962381348,3.0703495916696304,3.1461496289214956,33.98700000000001,34.20057142857143,34.40090187517831,3.445485774727519,3.2823844014582586,3.309712592752642,34.38366666666666,34.16636559139785,34.56412091590541,3.4718561618252495,3.3887809202642685,3.3824488509782524,35.9575,34.973360655737714,35.02285721501604,3.5015017386692033,3.4563448362697797,3.459690655943621,6.296084400410246
2003-05-26,sz000901,34.78,34.91,35.39,34.72,1581,3437950.0,1.93,0.37,0.13,0.33,3.198931869932209,0.23514404258665378,34.800000000000004,34.82733333333333,34.742118363358436,2.9941657900610497,3.024791074794549,3.068641808695607,34.484,34.65654545454546,34.529181773725306,3.164247562291765,3.0715244839516056,3.155746400014352,34.0535,34.28847619047619,34.449387410875616,3.42111843432077,3.2589030771920395,3.2991620477221244,34.34433333333333,34.200322580645164,34.58643569552442,3.4674329002353255,3.37117290143246,3.3706090457494757,35.9125,34.93901639344262,35.019156978458135,3.4887904213665517,3.446424512704632,3.4511411875498044,6.536299556213163
2003-05-27,sz000901,34.99,33.92,34.99,33.9,913,1930386.0,3.12,-2.84,-0.99,0.19,2.960470777534299,-0.2384610923979098,34.654,34.534,34.468078908905625,2.9875726994683873,3.0135594039522986,3.0325847983085046,34.483999999999995,34.554,34.41842145122979,3.107647788798247,3.034474159450248,3.120241741381615,34.055,34.27576190476191,34.3989695622208,3.3732457020942483,3.2150318717838036,3.266905736275665,34.275666666666666,34.17294623655914,34.543439844200265,3.467737342193272,3.338465667709812,3.3441485123162384,35.82983333333333,34.873688524590165,34.983119044738196,3.471841542977566,3.4291025571691485,3.4350536331230663,6.285644159219423
2003-05-28,sz000901,33.28,33.95,34.43,33.07,1019,2128319.0,4.01,0.09,0.03,0.21,3.0081741840064264,0.04770340647212734,34.466,34.29933333333334,34.29538593927042,3.0061275692272185,3.020426565464978,3.024447926874479,34.495000000000005,34.456909090909086,34.333253914642555,3.084460229987625,3.016388049488099,3.0998658218588533,34.087,34.26576190476191,34.35621055629501,3.3421788345845465,3.1802631557754397,3.242264636059547,34.18666666666666,34.151935483870965,34.50515340263895,3.4404675076803617,3.3088164316977586,3.3224727491994765,35.76983333333333,34.81205464480874,34.94924628917301,3.460148136013536,3.413900348678292,3.4210575856110452,6.328036722098941
2003-05-29,sz000901,34.4,34.3,34.4,33.15,596,1252878.75,3.68,1.03,0.35,0.12,2.7752462597402365,-0.2329279242661899,34.372,34.24400000000001,34.29692395951361,2.9813221837117454,2.9434661289693174,2.941380704496398,34.492,34.421454545454544,34.32720774834391,2.986427857898769,2.960167327624937,3.040844083291832,34.086,34.28604761904762,34.350857169981204,3.290819566250022,3.1262695772188387,3.1977866954577077,34.128,34.15924731182796,34.49191769924289,3.43154341389193,3.265898931830653,3.2871678143956546,35.684,34.76386338797815,34.92795952559357,3.4413579824222413,3.391444549456216,3.3998834437792156,6.097909043257595
2003-05-30,sz000901,34.38,34.57,34.8,34.3,2947,6312172.0,1.46,0.79,0.27,0.61,3.469380135849925,0.6941338761096887,34.330000000000005,34.309999999999995,34.387949306342406,3.082440645412619,3.1061521130153773,3.117380514947574,34.485,34.43563636363636,34.37135179409956,3.0020424423142886,3.047976832706966,3.118759729211485,34.1075,34.332142857142856,34.37172791569728,3.2804630375283907,3.143275345752163,3.223652737399824,34.08733333333333,34.187763440860216,34.49695526703367,3.4152166003292215,3.2683400106666527,3.2989234480378657,35.593333333333334,34.727338797814205,34.91622314770525,3.4369583548876466,3.3923633085849927,3.4021620238471075,6.800178824427148
2003-06-02,sz000901,34.72,34.59,34.72,34.43,2729,5841824.5,0.84,0.06,0.02,0.57,3.4360035356698964,-0.03337660018002886,34.266000000000005,34.39666666666667,34.45529953756161,3.129854978560157,3.224006409767803,3.223588188521682,34.533,34.454727272727276,34.411106013354186,3.0620103843106032,3.126878849680712,3.1764404212948323,34.155499999999996,34.378095238095234,34.39251573324992,3.26635474404232,3.158088726527544,3.2438766229493545,34.07866666666667,34.220193548387094,34.5029581530315,3.4108570211054983,3.269681103269277,3.307767324659287,35.510999999999996,34.694442622950824,34.90552730679688,3.4362201728154287,3.39233200303687,3.403271581611789,6.766548505765494
2003-06-03,sz000901,34.83,34.67,34.83,34.49,1155,2481092.5,0.98,0.23,0.08,0.24,3.062581984228163,-0.37342155144173317,34.416000000000004,34.531333333333336,34.526866358374406,3.1502772198989297,3.201582078323805,3.169919453757176,34.535000000000004,34.47963636363636,34.45817764728979,3.0689249596836587,3.1269827769384513,3.155738887282711,34.2425,34.42709523809524,34.41894280627374,3.218432652152149,3.1386817970214342,3.2266104668806697,34.074,34.25834408602151,34.513735046384305,3.385498294219082,3.2472117460513843,3.2919489155992148,35.43600000000001,34.66686885245901,34.897805100016654,3.4305789437897003,3.3800815706241725,3.3921014308779,6.3946429559250575
2003-06-04,sz000901,34.69,34.77,34.78,34.43,1900,4068620.25,1.01,0.29,0.1,0.4,3.278753600952829,0.21617161672466567,34.580000000000005,34.64933333333333,34.60791090558294,3.20439310328821,3.2444075386751052,3.206197502822394,34.523,34.522363636363636,34.51487262050983,3.1052603362577145,3.1651334389873904,3.178105198859096,34.316500000000005,34.477333333333334,34.452376824723856,3.2020835375059526,3.1444266492881656,3.231576479649447,34.102000000000004,34.30324731182796,34.530268269198224,3.3714102386170453,3.2403249916471104,3.2910976049768674,35.36166666666667,34.645032786885245,34.89361476886857,3.4293198277664914,3.3751036905311604,3.3883851085852745,6.609447156300587
2003-06-05,sz000901,34.83,34.65,34.88,34.11,560,1193103.0,2.21,-0.35,-0.12,0.12,2.7481880270062002,-0.5305655739466286,34.65,34.67266666666667,34.62194060372196,3.1989814567414028,3.092339179914435,3.0535276775503295,34.511,34.54545454545455,34.53944123496258,3.0901518202265743,3.100211200941661,3.099938440340387,34.384499999999996,34.50909523809524,34.47119807951206,3.169752849998128,3.1011985054310456,3.185539484159614,34.128,34.33860215053763,34.53799289699189,3.3463008371139056,3.2001171070270558,3.2560711805916633,35.285833333333336,34.62169945355191,34.885627399397464,3.4156255965598654,3.3527715003422984,3.36739504033678,6.0766779377195626
2003-06-06,sz000901,34.65,34.59,34.83,34.56,1344,2886986.5,0.78,-0.17,-0.06,0.28,3.1283992687178066,0.38021124171160636,34.65400000000001,34.65266666666667,34.61129373581464,3.130785283314979,3.0688117839065696,3.078484874606155,34.492000000000004,34.55981818181818,34.548633737696655,3.106612964363799,3.1071652824855214,3.1051131364090088,34.447,34.528666666666666,34.48251254812996,3.1495414633725733,3.0972600691186343,3.180097558879442,34.15533333333333,34.36840860215054,34.54134819396016,3.332528171272946,3.1860589413240814,3.2478342830514144,35.20983333333333,34.59888524590164,34.87593469777787,3.415444764078969,3.3433542436917394,3.359559113398453,6.460444753056608
2003-06-09,sz000901,34.85,33.91,34.98,33.57,1003,1517620.88,4.08,-1.97,-0.68,0.15,3.0013009330204183,-0.12709833569738826,34.51800000000001,34.404666666666664,34.377529157209764,3.0438447627850835,3.025650333808383,3.052756894077576,34.391999999999996,34.45399999999999,34.4325185126609,3.08684987067262,3.088017640423089,3.0862381903383556,34.438,34.47752380952381,34.42798754354616,3.1255487164821925,3.0831419233708104,3.1630693087976303,34.166333333333334,34.3525806451613,34.500616052414344,3.3096955797713865,3.1646894420819827,3.23192890563006,35.11633333333334,34.556267759562836,34.8442647076868,3.410256438974955,3.3297757574275244,3.3478129435499926,6.181163293108862
2003-06-10,sz000901,34.06,33.66,34.06,33.41,1346,1998830.62,1.92,-0.74,-0.25,0.2,3.1290450598879582,0.1277441268675399,34.315999999999995,34.11866666666666,34.13835277147318,3.057137377917042,3.054050432842674,3.0781862826810373,34.366,34.32090909090909,34.292060601268005,3.103707298907986,3.0956894930076952,3.0940212575291923,34.425,34.40342857142857,34.35484587273224,3.1056775438531163,3.0834749084570743,3.159828904139566,34.15866666666667,34.31991397849462,34.44638275871019,3.2833995676988277,3.153034569831439,3.225291238162828,35.02616666666667,34.508519125683065,34.8054363566151,3.4082335232679393,3.320555712211558,3.3406402260528765,6.300775993759932
2003-06-11,sz000901,33.35,33.26,33.84,32.63,1629,2390144.25,3.59,-1.19,-0.4,0.24,3.2119210843085093,0.08287602442055109,34.014,33.766666666666666,33.84556851431546,3.0437708745881786,3.1056450016398296,3.122764549890195,34.297,34.119818181818175,34.104413219219275,3.1240819889381943,3.115364726716881,3.115457589670886,34.396,34.292476190476194,34.250574837233934,3.1042711094629096,3.0935933408813976,3.164790064155656,34.157000000000004,34.261935483870964,34.36984193556761,3.269479886035762,3.1484230547739993,3.2244286475915818,34.943000000000005,34.45061202185792,34.754766312135914,3.4040166008543857,3.3141192388030514,3.3364199263235528,6.378424112282255
2003-06-12,sz000901,33.39,33.26,33.61,32.83,1992,2925045.0,2.35,0.0,0.0,0.3,3.29928933408768,0.08736824977917079,33.736000000000004,33.515333333333324,33.65037900954364,3.153991136004475,3.190817821472997,3.18160614462269,34.193,33.93127272727273,33.95088354299759,3.1764862963729383,3.1472206076531517,3.1488815432012123,34.3425,34.184285714285714,34.15623437654499,3.0814570771358536,3.1121665051313747,3.1775995184348966,34.12166666666667,34.20406451612903,34.29823923004712,3.252708476290995,3.150346244970897,3.2292583693010077,34.879000000000005,34.39543169398907,34.70575758059047,3.4015962029836126,3.310685557925454,3.335202529856803,6.466132551820372
2003-06-13,sz000901,33.59,33.19,33.7,33.05,1901,2798155.0,1.95,-0.21,-0.07,0.28,3.278982116865443,-0.02030721722223694,33.456,33.33333333333333,33.496919339695765,3.184107705634002,3.2324814817599874,3.2140648020369413,34.055,33.74890909090908,33.81254108063439,3.1574464944744904,3.165856211379062,3.172536192958345,34.269999999999996,34.07452380952381,34.064212054969275,3.0797444683943893,3.1309784136770507,3.1872550039997107,34.09,34.143956989247314,34.22673992488279,3.2394575231770903,3.152041318556346,3.2324663530148423,34.850833333333334,34.340054644808745,34.65606061073505,3.397721200120937,3.3066654239543674,3.3333592376275782,6.446871767975763
2003-06-16,sz000901,33.23,33.41,33.86,32.65,865,1264213.62,3.65,0.66,0.22,0.13,2.9370161074648142,-0.34196600940062893,33.356,33.318,33.467946226463845,3.171250740522881,3.1501176157035906,3.121715237179566,33.937,33.63163636363636,33.739351793246314,3.107547751653982,3.125777959195484,3.1297143592322483,34.235,33.992619047619044,34.0019061449722,3.084779067982293,3.117385236445662,3.1634227281392446,34.08266666666666,34.100086021505376,34.17404702650326,3.213419079912874,3.1325289691555533,3.213405046850325,34.8255,34.292814207650274,34.615206164481435,3.3867336831387584,3.2915603389492483,3.32036438090093,6.101820464886681
2003-06-17,sz000901,33.37,33.55,33.79,32.65,1744,2548929.75,3.41,0.42,0.14,0.26,3.2415464805965484,0.30453037313173414,33.334,33.382666666666665,33.49529748430923,3.193751024664599,3.17354952906148,3.161658984985227,33.825,33.56127272727272,33.70492419447425,3.125444201290821,3.150141364457769,3.1500474722075755,34.18,33.92738095238096,33.95886746449866,3.0971845804872395,3.1323154662184476,3.1708630855161304,34.10333333333333,34.065720430107525,34.13378592801918,3.1874365018650397,3.134343640167403,3.215220623221049,34.7505,34.250994535519126,34.58028137220336,3.3771709237566285,3.286800102800323,3.3177801874483275,6.406357866223376
2003-06-18,sz000901,33.5,34.17,34.4,32.83,3995,5962084.0,4.68,1.85,0.62,0.59,3.6015167836500104,0.359970303053462,33.516000000000005,33.66133333333333,33.720198322872825,3.2716701645328987,3.3094714487232837,3.308278251206821,33.765,33.624,33.78948343184257,3.157720519560539,3.2367000157958032,3.2321328015607453,34.144,33.926428571428566,33.978975325022596,3.1314904279091267,3.1803471046149028,3.2118777234336426,34.132666666666665,34.070021505376346,34.13612231975988,3.187295864857482,3.1610584970567572,3.24014295615195,34.68533333333333,34.23196174863388,34.566829523934395,3.3745325555278813,3.294155704764041,3.327083026668055,6.775398090529133
2003-06-19,sz000901,33.95,33.7,33.99,33.23,486,723550.81,2.22,-1.38,-0.47,0.07,2.6866362692622934,-0.914880514387717,33.604,33.72266666666666,33.71346554858189,3.149139551567822,3.114460150299749,3.101064257225312,33.67,33.61218181818182,33.7732137169621,3.151565343786148,3.1510483339233955,3.1329516138701177,34.090500000000006,33.884142857142855,33.952406246449016,3.120858582006361,3.1379800418866326,3.1618547277982763,34.14633333333333,34.04210752688172,34.1079853959044,3.163690347927468,3.128757877986099,3.2044328473203594,34.618500000000004,34.19965573770492,34.538408883805396,3.3606482138962552,3.271601728165169,3.3060847723268822,5.859469034042227
2003-06-20,sz000901,33.68,34.8,35.07,33.68,8389,12831274.0,4.12,3.26,1.1,1.25,3.9237101943965627,1.2370739251342693,33.926,34.12133333333333,34.075643699054595,3.278085167074046,3.3726503645759953,3.3752795696157296,33.690999999999995,33.81763636363636,33.959902132059895,3.2310964363540235,3.2914383067616524,3.276725901238562,34.091499999999996,33.95171428571429,34.03312946107292,3.1688547003589114,3.214442100209509,3.2344123912838274,34.19500000000001,34.08427956989247,34.15263149939444,3.1767264543663902,3.177791416467976,3.2508378374543083,34.583,34.20560655737705,34.54698564171341,3.3747903528925534,3.2900627767061628,3.3263347861652326,7.10826977903286
2003-06-23,sz000901,34.71,34.76,35.03,33.95,7068,10822673.0,3.1,-0.11,-0.04,1.05,3.8492965408347266,-0.07441365356183605,34.196000000000005,34.39933333333333,34.3037624660364,3.4605412537480285,3.563054155829555,3.533285226688729,33.775999999999996,34.012,34.105374471685366,3.315895997135455,3.4038383257581435,3.38082965389241,34.083999999999996,34.01538095238095,34.10235522668502,3.2013729339040373,3.2792460850167298,3.292972786479151,34.217333333333336,34.120731182795694,34.19181656394964,3.1889978100332796,3.2211830349498047,3.2894480763820773,34.55816666666667,34.21140983606557,34.553969719034285,3.3810150216892767,3.305620356638693,3.3434810732035767,7.034334536720802
2003-06-24,sz000901,34.96,34.8,35.41,34.13,2431,3750639.25,3.68,0.12,0.04,0.36,3.3857849588433355,-0.4635115819913911,34.446000000000005,34.60066666666667,34.4691749773576,3.489388949397386,3.5381353908613247,3.484118470740265,33.89,34.198181818181816,34.23167002228802,3.3415699870309923,3.4165454097050305,3.3817306184289415,34.128,34.08357142857142,34.16879758604835,3.222638642969489,3.2968091350109483,3.3018120409900256,34.24666666666667,34.15832258064516,34.23105420498514,3.184308358245742,3.2338789800343237,3.295663359121513,34.53,34.21933879781421,34.56203628562332,3.3731237973788777,3.305776748020793,3.3448680858475033,6.574105294151061
2003-06-25,sz000901,34.8,33.55,34.8,33.5,2023,3064411.75,3.74,-3.59,-1.25,0.3,3.3059958827708047,-0.07978907607253083,34.321999999999996,34.302,34.162783318238404,3.430284769221545,3.4770043686524645,3.424744274750445,33.919,34.13636363636363,34.10773001823565,3.3509774668772216,3.4100773907486333,3.3679606664910984,34.108,34.028523809523804,34.10986448261517,3.237529727907708,3.304747919753931,3.3022105021120045,34.236999999999995,34.11337634408602,34.18711522401836,3.186506561934347,3.2417297880681994,3.2963299735505,34.482499999999995,34.18720765027322,34.528854768061905,3.37384954392955,3.303575832787742,3.343593587385972,6.486347118904023
2003-06-26,sz000901,33.73,34.64,34.85,33.55,1957,2937143.5,3.87,3.25,1.09,0.29,3.2915908256580013,-0.014405057112803377,34.510000000000005,34.407999999999994,34.32185554549227,3.551275680500686,3.4307730541312833,3.3803597917196306,34.057,34.26745454545455,34.20450637855644,3.350207616034254,3.3992798196178664,3.3540752408850807,34.125,34.07919047619047,34.160353579508964,3.263346956203596,3.309896595730149,3.30119910435448,34.24733333333334,34.139376344086024,34.216333596662345,3.1710405901019874,3.248509417985854,3.2960242220735645,34.469,34.19237158469945,34.53249887402709,3.373028715193645,3.3008788256312975,3.3418885788047272,6.467925165363697
2003-06-27,sz000901,34.85,34.49,34.85,34.02,1060,1615040.0,2.4,-0.43,-0.15,0.16,3.0253058652647704,-0.2662849603932309,34.448,34.40133333333333,34.37790369699485,3.371594814674328,3.255449782385978,3.262008482901344,34.187,34.34618181818182,34.256414309727994,3.3248399908741866,3.3402067740234145,3.294298990772297,34.120999999999995,34.11395238095238,34.191748476698585,3.241143242674339,3.287226015640737,3.2749235577745077,34.242333333333335,34.155032258064516,34.233989493651876,3.161442975887655,3.239107177673775,3.2785585216342876,34.447,34.19306010928962,34.53110546832128,3.368142467528482,3.2894780764533014,3.3315088177050565,6.208183283053592
2003-06-30,sz000901,33.95,34.42,34.53,33.52,963,1451497.38,2.93,-0.2,-0.07,0.14,2.9836262871245345,-0.04167957814023593,34.38,34.392,34.39193579799657,3.1984607639322893,3.1261269398693803,3.169214417642408,34.288,34.38854545454546,34.28615716250472,3.329501008840159,3.2781679187962047,3.237813044654522,34.1125,34.14242857142858,34.213486717013005,3.2185243802470707,3.2627005913026603,3.2471809605697484,34.25266666666666,34.166494623655915,34.245990171480784,3.166353048268248,3.2276351332374458,3.2595306355368847,34.426,34.192174863387976,34.527462666081234,3.365810822631512,3.276870988571205,3.3201028330958593,6.161816256252729
2003-07-01,sz000901,34.55,34.35,34.76,34.29,814,1241863.5,1.37,-0.2,-0.07,0.12,2.910624404889201,-0.07300188223533333,34.290000000000006,34.382,34.377957198664376,3.1034286531414628,3.030181486855018,3.0830177467246727,34.368,34.39981818181818,34.29776495114022,3.296408801269424,3.202008536259667,3.178324201060827,34.0965,34.16504761904762,34.22648798205938,3.2109265012801225,3.23337678412572,3.215127955266839,34.242666666666665,34.172774193548385,34.25270048299816,3.1635926540813006,3.211136511083958,3.2370205561402603,34.394999999999996,34.18968306010929,34.521644218012995,3.354673423901899,3.261946843727195,3.306677310859575,6.0940738627853115
2003-07-02,sz000901,34.47,33.95,34.49,33.95,416,627327.62,1.57,-1.16,-0.4,0.06,2.6190933306267428,-0.2915310742624584,34.370000000000005,34.26866666666667,34.235304799109585,2.96604814271265,2.868736379350111,2.9283762746920297,34.346000000000004,34.32381818181818,34.234534960023815,3.1981664559670975,3.0788602688700886,3.0766458609819023,34.0555,34.15109523809524,34.20015579329182,3.177943487763818,3.1770117202539705,3.158362752920163,34.21133333333333,34.153892473118276,34.23317141957892,3.153715770595116,3.1760075224739865,3.1971542835264852,34.352333333333334,34.17509289617486,34.50290178463552,3.3342814920855015,3.237829463619812,3.2841335738027606,5.797494409089261
2003-07-03,sz000901,34.02,33.64,34.47,33.61,1697,2562921.5,2.53,-0.91,-0.31,0.25,3.229681842317676,0.6105885116909331,34.17,34.025333333333336,34.03686986607306,2.9536663460445847,2.9566142792184533,3.0288114639005785,34.339999999999996,34.195454545454545,34.126437694564935,3.2524710132726353,3.0845903391156484,3.104470584861134,34.005,34.11152380952382,34.14680762250212,3.202018178529392,3.181939182592433,3.1651550471484975,34.17366666666667,34.11703225806452,34.194902295735126,3.1647293924284527,3.180908559359313,3.199252835706562,34.3035,34.151737704918034,34.47460992284419,3.327423247013911,3.2343999669061136,3.2823482711311187,6.408735304335266
2003-07-04,sz000901,33.64,33.79,34.31,33.5,1775,2640980.0,2.41,0.45,0.15,0.26,3.249198357391113,0.019516515073437102,34.03000000000001,33.89866666666667,33.954579910715374,2.9984448444698537,3.0551249496672956,3.102273761730757,34.239,34.095454545454544,34.06526720464404,3.1850198295720906,3.0839953107735534,3.13078472532113,33.964999999999996,34.09104761904762,34.11282594416859,3.208058132963057,3.1864325329602154,3.1731591719335084,34.14066666666667,34.092279569892476,34.168779566978024,3.1742430767633047,3.186358170002066,3.202475127428146,34.262166666666666,34.134901639344264,34.452163695865686,3.323049619294277,3.2318352164266773,3.281261388713413,6.421765112330541
2003-07-07,sz000901,33.48,33.41,33.95,33.28,1890,2807710.25,1.98,-1.12,-0.38,0.28,3.2764618041732443,0.02726344678213133,33.827999999999996,33.692,33.77305327381025,3.0570119478795954,3.147797269568426,3.16033644254492,34.104,33.94472727272727,33.94612771289057,3.1277363559059426,3.100621124337399,3.157271466930605,33.94,34.03819047619048,34.04589013996206,3.2218161765206985,3.1929471683135673,3.1829975178611023,34.09066666666667,34.04513978494624,34.11982604652783,3.1768274079046726,3.1929529266091587,3.2072484614117007,34.2175,34.10696174863388,34.41799439436189,3.3221301540699995,3.2303077470784465,3.2811040252858668,6.448352287460986
2003-07-08,sz000901,33.88,33.39,33.88,33.17,1778,2625865.5,2.13,-0.06,-0.02,0.26,3.249931756634195,-0.026530047539049306,33.636,33.546,33.64536884920683,3.124873418228594,3.2121038724866264,3.1902015472413447,33.963,33.8149090909091,33.8450135832741,3.1141510356850284,3.1228384699243548,3.1741187923312575,33.9265,33.98580952380953,33.98342441234662,3.2278605113580108,3.1956248426100906,3.1893722072680637,34.073,33.99993548387097,34.07274049513894,3.186476107208002,3.197669336204611,3.210002222393797,34.17433333333334,34.0798306010929,34.384289660120515,3.327106724700637,3.227940586506781,3.28008198369073,6.4192724772356495
2003-07-09,sz000901,33.39,33.19,33.5,32.58,1009,1471868.12,2.76,-0.6,-0.2,0.15,3.0038911662369103,-0.24604059039728465,33.484,33.39733333333333,33.49357923280456,3.201832985350628,3.1717764551560643,3.1280980869065336,33.927,33.67436363636364,33.72592020449699,3.083940564031639,3.102791220933787,3.143168314859558,33.922999999999995,33.91566666666667,33.90786018259932,3.2174590154544305,3.174294428789034,3.1717073462174774,34.047666666666665,33.94296774193548,34.01578949545256,3.186333339949018,3.1858896625935724,3.196704734899804,34.11716666666667,34.04755737704918,34.345132622083774,3.31340042381469,3.217343355081741,3.2710265470529,6.167868898777216
2003-07-10,sz000901,33.05,33.3,33.5,32.83,1356,1984571.25,2.02,0.33,0.11,0.2,3.1322596895310446,0.12836852329413428,33.416,33.336,33.4290528218697,3.1823485547933013,3.1485853565495368,3.129485287781371,33.793,33.56036363636364,33.64848016731571,3.0680074504189436,3.1115765164791345,3.141184928436192,33.925,33.85633333333333,33.84996873663748,3.209107533226599,3.1661802072725203,3.167950426533055,34.01433333333333,33.894731182795695,33.96960952800401,3.198233787608712,3.182401039985962,3.192546990037304,34.07116666666666,34.02076502732241,34.310865978736764,3.314888600750321,3.2114043146134246,3.2664768140193963,6.297666695546716
2003-07-11,sz000901,32.94,33.14,33.28,32.83,712,1037557.81,1.35,-0.48,-0.16,0.11,2.8524799936368566,-0.27977969589418805,33.286,33.244,33.33270188124647,3.10300488204245,3.038629169497389,3.0371501897332,33.658,33.44163636363636,33.55602922780376,3.0507248632561517,3.072389706155118,3.08869312210904,33.9225,33.78157142857143,33.78235266648153,3.1877824270651693,3.1322156796925453,3.137905623400084,33.96666666666667,33.83832258064516,33.91608633264891,3.177670449534943,3.160094343600681,3.1706071838179204,34.027,33.99023497267759,34.27247693025359,3.2964435249320823,3.196243376675277,3.2529031477773453,6.016012303807793
2003-07-14,sz000901,33.05,32.47,33.05,32.45,525,759603.38,1.81,-2.02,-0.67,0.08,2.720159303405957,-0.13232069023089954,33.098,32.972,33.04513458749765,2.991744381888993,2.911013976618557,2.9314865609574525,33.463,33.22563636363636,33.35856936820308,3.0243781648842942,3.0122868770914466,3.0216869732539338,33.8755,33.6432380952381,33.65736669824519,3.1769395868622263,3.087680144105953,3.0981202595911195,33.896,33.74176344086021,33.82279044021995,3.1538089751261453,3.1305774954633274,3.141546030242955,33.98733333333333,33.93918579234973,34.21337932598298,3.2823329981158214,3.177348812035077,3.23543613648648,5.880586888545342
2003-07-15,sz000901,32.16,32.52,32.81,32.14,1284,1843060.88,2.06,0.15,0.05,0.19,3.1085650237328344,0.38840572032687737,32.92400000000001,32.779333333333334,32.87008972499844,2.9634710353087206,2.949954190566505,2.990512715215913,33.28,33.05418181818182,33.20610221034797,3.0441722267686573,3.027593578700272,3.037482982431915,33.824,33.514142857142865,33.54904606031708,3.170290514019041,3.081168280950773,3.099114999033188,33.824333333333335,33.65298924731183,33.73873944407673,3.155341743109634,3.127658530857307,3.139418223371335,33.94916666666667,33.89107650273225,34.15785869234419,3.270420018664358,3.1716515013995696,3.231276427871606,6.2655396810744035
2003-07-16,sz000901,32.54,32.49,32.58,31.71,1438,2045695.62,2.68,-0.09,-0.03,0.21,3.1577588860468637,0.049193862314029335,32.784000000000006,32.634666666666675,32.74339314999896,2.994244579270711,3.014716807479219,3.04626143882623,33.134,32.910545454545456,33.07590180846652,3.0980387823106694,3.048245698569037,3.0593513285437237,33.739999999999995,33.38709523809524,33.44818453076307,3.1481026191388835,3.0799747925724703,3.104700131129728,33.748333333333335,33.566903225806456,33.65817560897501,3.151308585946102,3.1278144755629347,3.1406014919310468,33.92516666666667,33.8432349726776,34.10317480079192,3.2613594122815734,3.1679576937727667,3.2288660166642376,6.310841015305632
2003-07-17,sz000901,32.43,32.31,32.43,31.82,1717,2436465.0,1.88,-0.55,-0.18,0.26,3.2347702951609163,0.07701140911405258,32.586,32.47666666666667,32.59892876666598,3.0147467003966857,3.0948920461092873,3.1090977242711255,33.001,32.76072727272727,32.93664693419988,3.0985476275949937,3.073105973632718,3.0912456861104856,33.6705,33.25090476190476,33.339786004023736,3.1755093204338145,3.0882288569555216,3.1170877657993654,33.67033333333333,33.47410752688172,33.571196537428236,3.1675279948845927,3.133199101963891,3.1466768985910383,33.899166666666666,33.790278688524594,34.044382184372516,3.256914415999249,3.1670859194409413,3.229059599565768,6.386760177089756
2003-07-18,sz000901,32.31,33.03,33.57,32.27,1549,2245881.75,4.02,2.23,0.72,0.23,3.190051417759206,-0.04471887740171043,32.56400000000001,32.62466666666667,32.74261917777732,3.0822609852211555,3.153326951896794,3.1360822887671524,32.925,32.766,32.953620218890805,3.092632933631803,3.089743026389847,3.109210364592071,33.582,33.189904761904764,33.310282575069095,3.138826381601947,3.0896138186055584,3.1240366850336363,33.61833333333333,33.43279569892473,33.536280631787704,3.169583066519306,3.134652226020317,3.149475254666404,33.886833333333335,33.761781420765026,34.011123752098,3.251055618896126,3.164893689990449,3.2277806427852247,6.351386886086418
2003-07-21,sz000901,33.05,33.35,33.39,32.83,8435,12299162.0,1.7,0.97,0.32,1.26,3.926085086925144,0.7360336691659382,32.74,32.88666666666667,32.945079451851555,3.3234461419249923,3.4346016524647904,3.3994165548198163,32.919,32.843272727272726,33.025689270001564,3.157595261906993,3.2412797815340917,3.257733041379902,33.5115,33.167809523809524,33.31406518696728,3.142665808906467,3.164590838160149,3.2004222471185417,33.599666666666664,33.41548387096774,33.52426252651108,3.200409204982797,3.1834588079819843,3.1995791148121295,33.883,33.744180327868854,33.98944756350462,3.2550523923770913,3.1870258036963177,3.250675870461943,7.089875521913058
2003-07-22,sz000901,33.32,33.57,33.7,33.32,1597,2362979.25,1.14,0.66,0.22,0.24,3.203304916138483,-0.722780170786661,32.95,33.163333333333334,33.15338630123437,3.342394120406122,3.3945545772026207,3.3340460085927055,32.937,32.961636363636366,33.124654857274,3.1529325778574213,3.2495906277579985,3.2478370186087346,33.45,33.173380952380946,33.33843993106563,3.133541806771225,3.170365991229865,3.200696787025203,33.596666666666664,33.41356989247312,33.527213331252305,3.2028845335244807,3.1836456280565453,3.1998194890912495,33.87766666666667,33.73391803278688,33.97569518437332,3.2431420506116537,3.1853291651311175,3.2491227244185508,6.373459907984436
2003-07-23,sz000901,33.5,33.5,33.61,33.43,2634,3899631.0,0.54,-0.21,-0.07,0.39,3.420615770625765,0.21731085448728216,33.152,33.34666666666667,33.268924200822916,3.394965497321903,3.4206284606091675,3.362902595937059,32.968,33.064,33.19289942867873,3.194605038296307,3.2982602991704244,3.2792513371572856,33.447500000000005,33.17814285714286,33.353826604297474,3.139272801163973,3.197706368739821,3.2216414521300187,33.60466666666667,33.40733333333333,33.52545763246184,3.2098410230683894,3.1976928046437245,3.214064410480573,33.880833333333335,33.72153551912569,33.96009862095125,3.2396604545520757,3.191147975623384,3.254745447245017,6.591023514143018
2003-07-24,sz000901,33.5,33.35,33.5,33.28,1400,2064135.62,0.66,-0.45,-0.15,0.21,3.146128035678238,-0.274487734947527,33.36,33.41266666666667,33.29594946721528,3.3772370454253675,3.3376826400612796,3.290644409184119,32.973,33.13345454545455,33.22146316891896,3.1959918729110264,3.2894462986944126,3.2550471005247315,33.382999999999996,33.16885714285714,33.353462165792955,3.131999661664985,3.19835924821737,3.2144496981822304,33.60766666666667,33.390903225806454,33.51413778520624,3.204735646454741,3.1935822893282304,3.209681418557842,33.86466666666667,33.70413114754098,33.940095387477434,3.2287220613728675,3.1880813389389955,3.25118422063627,6.314738228363445
2003-07-25,sz000901,33.35,33.35,33.57,33.08,5176,7642353.5,1.47,0.0,0.0,0.77,3.713994267660644,0.5678662319824057,33.424,33.40933333333333,33.31396631147686,3.4820256154056546,3.4499350474730384,3.431761028676294,32.99400000000001,33.202000000000005,33.244833501842784,3.2821433003134053,3.3836285522852516,3.338492040003988,33.326,33.16571428571428,33.353132435717434,3.1664340817847787,3.253787305931242,3.262025371465889,33.613,33.37427956989247,33.5035482506768,3.2192360514812477,3.22643768424474,3.2422177314031844,33.8515,33.687256830601086,33.92074799772407,3.2293467873291695,3.203991903079578,3.266358320538709,6.8832271222752714
2003-07-28,sz000901,33.7,33.3,33.7,33.05,3526,5196627.5,1.95,-0.15,-0.05,0.52,3.5472823079633033,-0.16671195969734054,33.414,33.368,33.30931087431791,3.406265059613287,3.471687278325588,3.470268121771964,33.077,33.257636363636365,33.254863774235,3.3648556007691397,3.431835644585233,3.376453906905682,33.27,33.16323809523809,33.348072203744344,3.194616882826717,3.290058565567293,3.289192698751357,33.60933333333334,33.354086021505374,33.490416105471844,3.239578258164531,3.2476019588564857,3.261899316987708,33.846000000000004,33.66917486338799,33.90039560435606,3.2264986690387025,3.2144160185102058,3.2755689430772197,6.715721587230313
2003-07-29,sz000901,33.23,33.26,33.57,33.05,2476,3634618.0,1.56,-0.12,-0.04,0.37,3.39375064034808,-0.1535316676152232,33.352,33.31666666666667,33.292873916211946,3.4443542044552062,3.467515805237186,3.4447622946306695,33.150999999999996,33.29090909090909,33.255797633464994,3.393374162430665,3.4370892881450414,3.379598767531572,33.215500000000006,33.162285714285716,33.33968437481631,3.218773194599661,3.3090236853312316,3.2991505979510447,33.599666666666664,33.331548387096774,33.47555055028012,3.2446517301562485,3.2575485641586504,3.2704058539787,33.8515,33.64996174863388,33.87939902716406,3.216044116010644,3.2198996897006777,3.279443752823805,6.560458773046531
2003-07-30,sz000901,33.52,33.12,33.52,32.94,1995,2927135.25,1.74,-0.42,-0.14,0.3,3.299942900022767,-0.09380774032531303,33.275999999999996,33.239333333333335,33.23524927747464,3.420219630334606,3.4193787037597065,3.3964891630947025,33.214,33.28527272727273,33.23110715465317,3.407592563828255,3.420101785889059,3.365115882529971,33.174,33.15319047619047,33.31876205340523,3.252815673069462,3.3167541334667656,3.2992260552912085,33.56466666666667,33.300602150537635,33.45261180510076,3.2345992673686736,3.2611157364081027,3.272311469852511,33.84866666666667,33.6259781420765,33.854500698404586,3.2109475661130777,3.222650469504353,3.2801158560106565,6.466442789728509
2003-07-31,sz000901,33.48,32.34,33.5,31.98,7013,10271688.0,4.59,-2.36,-0.78,1.04,3.8459038388987827,0.5459609388760156,33.074,32.92733333333333,32.93683285164976,3.560174790978715,3.561273439947765,3.546294055029396,33.217,33.126363636363635,33.06908767198896,3.4687059182020414,3.499794744992792,3.4525318745970277,33.108999999999995,33.0737619047619,33.22554661974759,3.2836267728985176,3.373238720688606,3.3512906061109775,33.51933333333333,33.221591397849465,33.380830398320064,3.27324151968989,3.300554741022949,3.309317429145819,33.83283333333333,33.576513661202185,33.80484493780116,3.2184659338086794,3.243468707956344,3.2986662816791195,7.011641819336906
2003-08-01,sz000901,32.25,32.16,32.99,31.26,4402,6253519.0,5.35,-0.56,-0.18,0.65,3.6436500382173294,-0.20225380068145338,32.836,32.62266666666666,32.67788856776651,3.5461059450900523,3.5890985223606364,3.578746049425374,33.129999999999995,32.93418181818181,32.9037990043546,3.5140657802478534,3.531602766813753,3.4872806316189005,33.0275,32.983380952380955,33.12406598929544,3.3033493569398282,3.4075266507189683,3.379134361549678,33.431333333333335,33.13389247311829,33.302067146815546,3.263906181150582,3.324452064798913,3.330887274892368,33.81316666666667,33.52166666666666,33.750915595578164,3.2203163177584866,3.257409170395971,3.309977224516438,6.79612447369627
2003-08-04,sz000901,32.96,33.28,33.3,32.31,771,1118424.0,3.08,3.48,1.12,0.11,2.8870543780509568,-0.7565956601663726,32.832,32.77066666666666,32.87859237851101,3.414060359107583,3.3694146666809375,3.3481821589672354,33.123000000000005,32.961454545454544,32.97219918538104,3.410162709360435,3.4176006936870444,3.3781485855156377,33.021,33.007428571428576,33.13891684745778,3.283878985633714,3.3678795098724095,3.332269601216466,33.382,33.12412903225806,33.300643459924224,3.231831442391124,3.300139045244099,3.302252894450987,33.79966666666667,33.50418579234972,33.73547573998543,3.2104146262122013,3.2464825494219545,3.296110901681504,6.048606477925687
2003-08-05,sz000901,33.05,33.32,33.5,32.74,1144,1665248.88,2.28,0.12,0.04,0.17,3.058426024457005,0.1713716464060484,32.844,32.93333333333333,33.02572825234067,3.346995435929368,3.250869888464079,3.2515967807971586,33.098,32.99727272727272,33.03543569712994,3.395674820192287,3.353648569159149,3.320017210777704,33.0175,33.03590476190476,33.15616286198561,3.2743036990248546,3.3464077992841514,3.306189260572708,33.33266666666666,33.12012903225806,33.301892268961375,3.220919477911579,3.288951598925768,3.2865221286449238,33.78966666666666,33.488459016393435,33.721853584576074,3.2026139180786606,3.2414993165775203,3.288317954887258,6.221479150234626
2003-08-06,sz000901,33.23,32.96,33.3,32.83,2249,3287424.0,1.41,-1.08,-0.36,0.33,3.351989455435632,0.2935634309786268,32.812000000000005,32.972,33.003818834893785,3.357404747011941,3.252534561632833,3.28506100567665,33.044,32.97218181818182,33.02172011583359,3.388812188673274,3.345705775567029,3.3258303461700542,33.006,33.03042857142857,33.137480684653646,3.291708613484791,3.3538064427518446,3.3105511838929864,33.313,33.09608602150538,33.27983470322194,3.2224525970004065,3.297407726507964,3.2907458271475503,33.775,33.46125683060109,33.696874778524396,3.2044795794673764,3.2463968751793892,3.2904055450691714,6.516855721418073
2003-08-07,sz000901,32.72,32.96,33.23,32.72,2168,3165087.75,1.55,0.0,0.0,0.32,3.336059277866349,-0.015930177569282833,32.93600000000001,33.02133333333333,32.98921255659586,3.2554358348054544,3.245419405250969,3.3020604297398832,33.005,32.956909090909086,33.010498276591115,3.407805312892085,3.3361143372384974,3.3276901519330164,32.989,33.02604761904762,33.12057776230568,3.301898592901556,3.358030315550088,3.3129805261761636,33.257,33.07331182795699,33.25920020623988,3.2239348787406845,3.3047371897896394,3.2936692755810215,33.75216666666667,33.43453551912568,33.672714949720316,3.197487734421336,3.2507109636514864,3.2919023887674395,6.500385755052427
2003-08-08,sz000901,32.83,33.01,33.19,32.79,1391,2025782.25,1.21,0.15,0.05,0.21,3.143327129992046,-0.19273214787430293,33.10600000000001,33.046,32.99614170439724,3.1553712531603977,3.208049836979833,3.2491493298239376,32.971000000000004,32.957818181818176,33.01040768084727,3.3507385991252256,3.288027394893036,3.2941696024892035,32.9825,33.02804761904762,33.110046546848,3.3164409497193157,3.342928271463469,3.2968230598729145,33.20766666666667,33.05737634408602,33.243122773579245,3.2278689208982607,3.2995366898703717,3.2839697823172167,33.725,33.41020218579234,33.65098659071309,3.194655948392958,3.2489352061292145,3.28703106880759,6.306592761505131
2003-08-11,sz000901,32.83,33.01,33.1,32.27,564,812693.12,2.51,0.0,0.0,0.08,2.751279103983342,-0.39204802600870403,33.052,33.013999999999996,33.00076113626483,3.128216198346875,3.073352453920814,3.0831925878770727,32.942,32.96490909090909,33.01033355705686,3.2711382787272294,3.1790347594126938,3.195462239124501,33.0095,33.03066666666666,33.10051830429104,3.317996939748184,3.289103333774328,3.244866492645336,33.16066666666667,33.04462365591398,33.22808259463865,3.220124014793554,3.2687889597468285,3.2496026417795476,33.70666666666666,33.386759562841526,33.62997063691921,3.193238531530901,3.2343982604108668,3.269465430616631,5.9099265831702255
2003-08-12,sz000901,32.83,32.96,33.05,32.72,1032,1501481.62,1.0,-0.15,-0.05,0.15,3.0136796972911926,0.26240059330785037,32.980000000000004,32.983333333333334,32.98717409084322,3.1192669329137126,3.035173620235587,3.0600216243484466,32.912,32.96818181818182,33.00118200122834,3.2331311844215405,3.1322241082425055,3.1624108678820813,33.0315,33.02595238095238,33.087135608644274,3.313252673426102,3.260120739254615,3.2228487026116084,33.114333333333335,33.031677419354835,33.210786943371644,3.223559191206954,3.2554699715208697,3.2343818066512666,33.6785,33.36227868852459,33.608004386528414,3.193575922644128,3.2285110855177614,3.2610790131305514,6.1765200202636485
2003-08-13,sz000901,32.9,32.79,32.96,32.63,180,260421.0,1.0,-0.52,-0.17,0.03,2.255272505103306,-0.7584071921878865,32.946,32.92,32.921449393895486,2.8999235428472474,2.747175477632118,2.7917719179334,32.879000000000005,32.946000000000005,32.96278527373227,3.128664144929594,2.954431621093735,2.9974766201041216,33.0465,33.00295238095238,33.05883697924958,3.2681283543789243,3.1593607232238723,3.130698588563199,33.07566666666666,33.01075268817205,33.18363939863799,3.2114318303561733,3.1929998627399896,3.1712134646159145,33.643499999999996,33.33314754098361,33.58118457057666,3.182573800475645,3.197747039041014,3.228101750572281,5.415676002232523
2003-08-14,sz000901,32.83,32.74,32.83,32.43,422,609389.81,1.22,-0.15,-0.05,0.06,2.625312450961674,0.37003994585836786,32.902,32.85133333333333,32.86096626259699,2.7577741774663123,2.655638447003594,2.736285428942825,32.919,32.92072727272728,32.9222788603264,3.0066050061358833,2.862913131281386,2.9298104075327673,33.068,32.9737619047619,33.02847155265438,3.237655462168962,3.0981401609936574,3.0825665754582916,33.04566666666667,32.98909677419355,33.15501750195167,3.191286183977639,3.1551857092306665,3.135994044380157,33.60966666666666,33.30352459016394,33.553604748590544,3.178007788203046,3.179476175122523,3.2083381669784905,5.784895187829269
2003-08-15,sz000901,32.83,32.45,32.83,32.18,913,1315658.12,1.99,-0.89,-0.29,0.14,2.960470777534299,0.33515832657262523,32.79,32.70066666666666,32.723977508397994,2.7212029069747627,2.7232039803595893,2.8110138784733163,32.948,32.835454545454546,32.83640997663069,2.9382870800675804,2.854525089717462,2.9353850202603184,33.039,32.914904761904765,32.973379023830155,3.2261764301577167,3.07174161959988,3.0709384042274355,33.001,32.95066666666667,33.109532501825754,3.1816619313157455,3.1402943926859352,3.1246699626481664,33.57083333333333,33.265502732240435,33.517420986341676,3.1779525040395247,3.1723438141169895,3.2002113673245827,6.119143050458046
2003-08-18,sz000901,32.61,32.56,32.83,32.38,378,543636.06,1.39,0.34,0.11,0.06,2.5774917998372255,-0.38297897769707356,32.7,32.624,32.669318338932,2.6864454461455396,2.6753002779804103,2.7331731855946195,32.876,32.76490909090909,32.78615361724329,2.9073308222462075,2.7889259478573973,2.870313525637938,32.9995,32.869285714285716,32.934009592989185,3.158746765803321,3.0099621309979288,3.023943489523606,32.97266666666666,32.92221505376344,33.07407879203055,3.1583629311712116,3.1013156745260306,3.089368145692622,33.531666666666666,33.23236065573771,33.48603013433047,3.167595169537942,3.1526565779136355,3.179794332324997,5.735308256264304
2003-08-19,sz000901,32.79,32.31,32.79,31.93,2352,3368532.75,2.64,-0.77,-0.25,0.35,3.371437317404101,0.7939455175668755,32.57000000000001,32.494,32.549545559288006,2.7579969701681213,2.9036309017332638,2.94592789619778,32.775,32.662,32.69958023228996,2.938631951540917,2.8733089469770143,2.961426942322695,32.9365,32.80361904761905,32.8745801079426,3.167153385866602,3.030218374007527,3.057038139797939,32.93666666666666,32.8794623655914,33.0247833860931,3.1624131165302085,3.1150624091217014,3.107566156770782,33.50483333333333,33.19230601092896,33.44747176927046,3.1744446118691054,3.159339927024002,3.1860777088849677,6.527440774065168
2003-08-20,sz000901,32.27,32.31,32.7,31.93,1310,1866083.0,2.38,0.0,0.0,0.19,3.1172712956557644,-0.2541660217483366,32.474000000000004,32.40733333333334,32.46969703952534,2.930396728278613,3.023389010229145,3.0030423626837752,32.71,32.57745454545454,32.6287474627827,2.91516013556293,2.905788827725168,2.9897622792923437,32.876999999999995,32.74395238095238,32.82081057385283,3.151986162118102,3.0254676987493516,3.0627746308320174,32.907333333333334,32.83903225806451,32.97866832892581,3.1661924541775037,3.1121500335814143,3.1081922947633616,33.4775,33.15313114754098,33.41017761290094,3.176262897063261,3.1574653920661873,3.1838217609102393,6.2709309564739035
2003-08-21,sz000901,32.05,31.8,32.72,31.71,2277,3245357.0,3.13,-1.58,-0.51,0.34,3.3573630306151427,0.2400917349593783,32.286,32.18266666666667,32.2464646930169,3.0768068442093064,3.165711111007988,3.1211492519942317,32.594,32.412,32.478066105913115,2.9172905108378093,2.986189354098298,3.0565987795328526,32.7995,32.641380952380956,32.72359051920018,3.162547911864947,3.0450274005109743,3.0908306689066007,32.85733333333334,32.767591397849465,32.902625210930594,3.173695898880307,3.124483619158036,3.1242678261086376,33.435833333333335,33.09813114754098,33.35738490428123,3.1859648432445096,3.16340310136297,3.189511638605482,6.511262477593121
2003-08-22,sz000901,32.16,31.89,32.31,31.71,2548,3602522.25,1.89,0.28,0.09,0.38,3.406199423663313,0.04883639304817011,32.17400000000001,32.050666666666665,32.12764312867793,3.165952573435109,3.2755086374926567,3.216165975883926,32.482,32.284,32.371144995747095,2.943577740204936,3.075081883702935,3.120162533011118,32.7265,32.554761904761904,32.64420094594302,3.1471581696650803,3.068232306396533,3.1208657884072397,32.815666666666665,32.70518279569893,32.83729455216088,3.1921532132145223,3.139483846563391,3.142456961434746,33.39116666666667,33.0474480874317,33.309273923812995,3.1849118313747327,3.170623907278341,3.1966161561483615,6.556606671796195
2003-08-25,sz000901,31.82,31.6,32.16,31.44,136,189296.8,2.26,-0.91,-0.29,0.02,2.1335389083702174,-1.2726605152930954,31.982000000000006,31.859333333333332,31.95176208578529,3.0771619951417075,2.931370749137693,2.85529028671269,32.341,32.123636363636365,32.23093681470217,2.8818037206436236,2.927802096096623,2.940776419440045,32.64149999999999,32.44747619047619,32.54475323680559,3.0764709996854265,2.9716971386541657,3.0268346569751423,32.78666666666667,32.62675268817204,32.75746909718276,3.1725992000466636,3.0711861494766617,3.0773654741402607,33.34133333333333,32.988721311475416,33.25323215581913,3.1632040875864047,3.136152663901144,3.1617611644179306,5.277143272420804
2003-08-26,sz000901,31.49,31.44,31.67,31.15,451,624031.69,1.65,-0.51,-0.16,0.07,2.6541765418779604,0.520637633507743,31.808000000000003,31.678666666666672,31.781174723856864,2.9337098400364794,2.7903755980497773,2.7882523717677805,32.18900000000001,31.95981818181819,32.087130121119955,2.8458534051023006,2.886415336321048,2.8886673507923932,32.5505,32.33304761904762,32.439538642824104,3.0394922947619203,2.9314786188629784,2.9913434079182677,32.75066666666667,32.53987096774194,32.67247109091291,3.1574529173181682,3.0377395263690037,3.0500629623814026,33.2875,32.9263825136612,33.1937819212021,3.1563973302139012,3.1194632361729986,3.145119045646128,5.79520664487901
2003-08-27,sz000901,31.49,31.35,31.67,30.61,528,729466.25,3.37,-0.29,-0.09,0.08,2.722633922533812,0.06845738065585172,31.616000000000003,31.526,31.637449815904578,2.854782365412089,2.7200169588822214,2.766379555356458,32.045,31.80727272727273,31.953106462734507,2.8925895468453513,2.8640117940358674,2.8584794547453782,32.462,32.218714285714285,32.33577305779324,3.0106268458874728,2.9013016310317297,2.9657520283578434,32.712666666666664,32.449505376344085,32.58715037537014,3.1429487518677335,3.0096866879958197,3.0289385081976876,33.2305,32.862857923497266,33.133330054933175,3.147128668906918,3.1052414851015193,3.131267074396544,5.863005203319484
2003-08-28,sz000901,31.37,31.35,32.05,30.81,510,705145.62,3.96,0.0,0.0,0.08,2.7075701760979363,-0.015063746435875824,31.526000000000003,31.43733333333334,31.541633210603052,2.724823794508648,2.6709462291108377,2.746776428936951,31.906,31.680909090909097,31.84345074223732,2.900815319358977,2.830371908445429,2.8310414040822067,32.4125,32.112809523809524,32.24188990943198,2.9537101627474303,2.872439091051774,2.9411632805235666,32.68066666666667,32.361591397849466,32.507334222120456,3.1253754145656334,2.981597747623574,3.008205067417059,33.17550000000001,32.80120218579235,33.07486021706651,3.1464517047251137,3.0908297312389297,3.1173753728129827,5.848278812639539
2003-08-29,sz000901,31.26,31.35,31.84,30.81,585,811464.38,3.29,0.0,0.0,0.09,2.7671558660821804,0.05958568998424418,31.418000000000006,31.37866666666667,31.47775547373537,2.5970150829924217,2.685056919635348,2.7535695746520275,31.796000000000003,31.579818181818183,31.753732425466897,2.8814838282137654,2.8060701896678295,2.8194258517185657,32.372,32.01161904761904,32.156948013295604,2.9098854541406727,2.8546720151788927,2.9245911458148632,32.62466666666667,32.27574193548387,32.432667498112686,3.1112788961764,2.958486809011738,2.9926535060406154,33.1215,32.74134972677596,33.01830742306433,3.1404309813478526,3.078393802103096,3.1058927660349234,5.909269460811707
2003-09-01,sz000901,30.99,31.53,31.67,30.37,2227,3018895.0,4.15,0.57,0.18,0.33,3.347720217034038,0.5805643509518577,31.404000000000003,31.416,31.495170315823586,2.8398513447251856,2.9352919643158875,2.9516197887793645,31.693,31.531454545454547,31.713053802654734,2.9585066699334464,2.8908404421806067,2.9154793726850152,32.2845,31.931428571428572,32.09723867869602,2.9329187460898267,2.8963705640258803,2.964889152597642,32.564,32.20511827956989,32.37443088533122,3.0920000671800296,2.973741087776747,3.0155610357821265,33.081833333333336,32.689169398907104,32.9695104583737,3.146204636081413,3.0851901704862503,3.11382153492014,6.479848008116304
2003-09-03,sz000901,31.49,33.84,34.64,31.04,10079,15017650.0,11.42,7.33,2.31,1.5,4.003417445202194,0.6556972281681559,31.884000000000004,32.228,32.27678021054906,3.109699525390032,3.3231473311415565,3.3022190075869746,31.846000000000004,31.921818181818185,32.09977129308115,3.0217046827132554,3.080824219502197,3.113286294960866,32.310500000000005,32.07957142857143,32.263215947391636,2.9801683171270863,2.9983228210842006,3.063796609036171,32.573,32.287440860215064,32.46898373143888,3.1186704848154867,3.0325422089394682,3.079293707357615,33.08483333333333,32.71402732240437,32.99805109908276,3.160777509169984,3.1132955084902094,3.1429886139457808,7.176601978481683
2003-09-04,sz000901,33.3,32.61,33.43,32.02,3837,5558995.5,4.17,-3.63,-1.23,0.57,3.5839917991983166,-0.41942564600387744,32.13600000000001,32.47,32.38785347369938,3.281971100722933,3.4812447557443185,3.3961432714574222,31.875999999999998,32.06072727272728,32.192540148884575,3.0683767330675114,3.183058240681299,3.1988691139131293,32.293,32.10809523809524,32.29624300002101,2.99176843431522,3.055829819376699,3.1133390080992323,32.54333333333333,32.28982795698925,32.478081555217024,3.1241163524345716,3.062562938899651,3.1118548745731447,33.074,32.698459016393436,32.985328112227585,3.1669786877514805,3.127171386851795,3.157447734773733,6.744996322477855
2003-09-05,sz000901,32.34,30.93,32.61,30.86,2925,4080729.25,5.37,-5.15,-1.68,0.44,3.466125870418199,-0.11786592878011737,32.05200000000001,32.068,31.90190231579959,3.433682239586986,3.542629678976074,3.419470804444348,31.788999999999998,31.888727272727273,31.962987394541923,3.079253017047817,3.2553762656541507,3.2474612514595056,32.191500000000005,31.978285714285718,32.16612461906663,2.998271763942813,3.1010067180531733,3.1469377568915147,32.46266666666667,32.185741935483875,32.378205325848185,3.1347829469259034,3.084628069092143,3.1347110678534706,33.03516666666667,32.62816393442623,32.917940305269305,3.1697592966903225,3.1369794912015228,3.1675683293850265,6.610737780969868
2003-09-08,sz000901,30.95,30.81,30.99,29.47,2456,3276960.75,4.91,-0.39,-0.12,0.37,3.3902283624691303,-0.07589750794906891,31.944,31.653999999999996,31.537934877199728,3.5582967388643754,3.528145053270122,3.4097233237859426,31.681,31.710727272727276,31.753353322807026,3.0776559109283985,3.3119172375489354,3.2734189080067098,32.0815,31.846714285714288,32.03696989344124,3.010616825566667,3.1383359179128223,3.1701082907560494,32.378,32.07911827956989,32.27703078869669,3.1239907500861865,3.101108418482028,3.1511960546028686,32.9955,32.555207650273225,32.84882750837523,3.1716134007837176,3.144207985161484,3.1748686583386037,6.515471239624518
2003-09-09,sz000901,30.79,30.21,30.79,29.51,1219,1617268.0,4.15,-1.95,-0.6,0.18,3.0860037056183818,-0.3042246568507485,31.68,31.076,31.095289918133155,3.505953436581245,3.3707140421881236,3.3018167843967556,31.542,31.443272727272728,31.4727436277512,3.172902390653215,3.313435018401659,3.2393434166633774,31.9415,31.66847619047619,31.86297276073255,3.0273530556484194,3.1455156207748907,3.1620983302667476,32.275,31.939247311827952,32.143673963619484,3.1086147966746887,3.0986576414195888,3.1469900966038695,32.94216666666667,32.463879781420765,32.7623085736744,3.17409652741961,3.141401109910161,3.171955053331383,6.208781993485224
2003-09-10,sz000901,30.21,29.85,30.48,29.78,629,831806.0,2.32,-1.19,-0.36,0.09,2.798650645445269,-0.2873530601731127,30.881999999999998,30.466,30.68019327875544,3.2650000766298595,3.134946445142799,3.1340947380795936,31.383,31.135636363636365,31.177699331796433,3.1873498010099457,3.2453892465456695,3.159217458260085,31.786,31.46928571428571,31.671261069234212,3.016601603056123,3.123734438850781,3.1274842650456547,32.16133333333333,31.782795698924733,31.995694998224682,3.088778130177929,3.0786599542434976,3.1245165836258955,32.8805,32.362497267759565,32.66682304666868,3.1667149301670885,3.129091408861822,3.1597155645482315,5.920022048702026
2003-09-11,sz000901,30.1,29.99,30.48,29.69,4528,6000684.0,2.65,0.47,0.14,0.67,3.6559064181802152,0.8572557727349461,30.358000000000004,30.16866666666667,30.450128852503628,3.2793830004262388,3.265248558992917,3.3080319647798007,31.247000000000003,30.88236363636364,30.961753998742534,3.280677050574586,3.330581358758445,3.249524541881927,31.646000000000004,31.29823809523809,31.511140967402383,3.0866332987099683,3.1846206117197426,3.177810184391803,32.057,31.64270967741936,31.866295320919864,3.100643580783177,3.1152488760500963,3.158799798758432,32.810833333333335,32.26772677595629,32.57905835661397,3.1676214240759255,3.1451304740425803,3.175984117126329,6.778200757132749
2003-09-12,sz000901,30.43,30.99,31.37,30.14,8736,11903107.0,4.1,3.33,1.0,1.3,3.941312625360662,0.2854062071804466,30.370000000000005,30.37933333333333,30.630085901669087,3.3744203514147317,3.4858917673043917,3.5191255183067547,31.211000000000002,30.835636363636365,30.9668896353348,3.404051295500859,3.45069691781046,3.375304193423515,31.5585,31.23576190476191,31.461508494316444,3.152433307429918,3.266018642829332,3.2505247025793134,32.012,31.573870967741932,31.809760138925036,3.10382387366524,3.1694855886034827,3.2092844972488987,32.76566666666667,32.20802732240438,32.52695808262663,3.188532696677565,3.1704973986748666,3.2010768551012254,7.075660337596985
2003-09-15,sz000901,30.61,29.83,30.99,29.58,3516,4650668.5,4.55,-3.74,-1.16,0.52,3.5460488664017342,-0.3952637589589276,30.174,30.199333333333332,30.363390601112727,3.405584452201252,3.5431012723000586,3.528099967671748,31.058999999999997,30.584545454545452,30.76018242891029,3.4819405955328135,3.4765146579742545,3.4063486794195548,31.427500000000002,31.07114285714286,31.306126732952972,3.1817122118732897,3.3035058389218865,3.278669861038592,31.93433333333333,31.433096774193547,31.68203367834923,3.1005705012713864,3.1980162332961597,3.2310112307426304,32.682833333333335,32.111775956284156,32.43853322745854,3.1822383412109843,3.1822192403051677,3.212387412848783,6.667515384071466
2003-09-16,sz000901,29.47,30.21,30.48,29.22,9431,12527352.0,4.22,1.27,0.38,1.4,3.97455774485358,0.4285088784518458,30.174,30.211333333333336,30.31226040074182,3.583295260048292,3.732759036517501,3.676919226732359,30.927,30.430181818181815,30.66014926001751,3.5446243483147684,3.5660814123962123,3.5096594185893775,31.310000000000002,30.955190476190474,31.201733710766973,3.251565509124107,3.3790149373009615,3.3449448975924,31.832,31.32184946236559,31.587063763617024,3.1368206134981405,3.254402507075657,3.278981973588498,32.607,32.03069945355191,32.36546656426318,3.1843260279446324,3.208196925670499,3.237376604062055,7.097859280625211
2003-09-17,sz000901,30.21,30.84,31.28,30.21,21285,29044274.0,3.54,2.09,0.63,3.17,4.3280736545131555,0.35351590965957547,30.372000000000003,30.43333333333333,30.488173600494548,3.8891798618618694,3.981018501339123,3.8939707026592916,30.627,30.414363636363635,30.69284939455978,3.577089969245864,3.708526740795919,3.658462006939155,31.2365,30.910428571428568,31.167282881170117,3.29939732597956,3.4815395225761088,3.4385762077753292,31.749333333333333,31.25784946236559,31.538866101448185,3.1791422011666786,3.3312575419798502,3.346665307841702,32.541,31.972765027322406,32.31545126707422,3.2000308395391293,3.2456968478530728,3.273137163093238,7.463060525183586
2003-09-18,sz000901,30.84,30.86,31.4,30.59,13396,18316228.0,2.63,0.06,0.02,1.99,4.126975138867829,-0.20109851564532644,30.546000000000003,30.596,30.612115733663032,3.9833936059993915,4.060283593674442,3.9716388480621374,30.452000000000005,30.45672727272727,30.72324041373073,3.631388303212815,3.808505862545367,3.743646212744369,31.163999999999998,30.874571428571425,31.1380178448682,3.3498825181401637,3.560356457136896,3.5041380107365194,31.679333333333332,31.200473118279568,31.49506828845153,3.2049750572810853,3.3924080540896027,3.3970078775853234,32.49616666666667,31.917650273224044,32.267731553399656,3.213713827140746,3.276088464224507,3.3011318508235523,7.262836040977388
2003-09-19,sz000901,30.84,30.59,30.97,30.14,9440,12691176.0,2.69,-0.87,-0.27,1.4,3.974971994298069,-0.15200314456976027,30.466,30.610666666666663,30.60474382244202,3.9901254797868733,4.057476389774002,3.972749896807448,30.418,30.48181818181818,30.699014883961503,3.682272915600803,3.8709756245608675,3.7857054457541324,31.103500000000004,30.81990476190476,31.085825669166468,3.3807629663243097,3.6198887881995536,3.548979342504286,31.60033333333333,31.1301935483871,31.43667678597079,3.22627214782881,3.4420852758326332,3.434295885115178,32.428666666666665,31.855153005464484,32.21272396148491,3.2251035132847474,3.3010477483935983,3.323224970281733,7.103501866905353
2003-09-22,sz000901,30.59,31.67,32.05,30.59,28824,40007988.0,4.77,3.53,1.08,4.29,4.459754249114512,0.48478225481644355,30.834000000000003,31.012,30.959829214961353,4.17286655632943,4.214019312883214,4.135084680909803,30.504,30.709454545454545,30.875557632332136,3.789225504265341,4.012335867017907,3.9082597736378375,31.092499999999994,30.873857142857144,31.141461319722044,3.43344070759687,3.722649862751002,3.6357198098004977,31.555666666666664,31.134688172043013,31.45172989655332,3.2701530517995585,3.5216647662381626,3.5004544892441674,32.38166666666667,31.830278688524583,32.194929733239505,3.2490109863489094,3.341528100388017,3.3604882253254305,7.6021467112773
2003-09-23,sz000901,31.71,31.35,32.05,31.06,21596,30093134.0,3.13,-1.01,-0.32,3.21,4.334373318799205,-0.12538093031530728,31.062,31.184,31.08988614330757,4.244829671118554,4.267854900373139,4.201514226872938,30.617999999999995,30.863272727272726,30.961819880999016,3.914062465583423,4.111453651478609,3.9857349636671766,31.080000000000002,30.89838095238095,31.16132214641518,3.543482428118319,3.808452968579795,3.702258239228946,31.500333333333334,31.121419354838707,31.44516667742085,3.3229228589600868,3.590324138302656,3.55425570405417,32.3305,31.79645355191257,32.16722711903493,3.2715234368768207,3.3771137506322892,3.3924188841278493,7.4784674189806974
2003-09-24,sz000901,31.37,30.41,31.49,30.05,16849,22733920.0,4.59,-3.0,-0.94,2.51,4.226574130289287,-0.10779918850991788,30.976,30.966666666666672,30.863257428871716,4.224529766273781,4.2617697200967175,4.209867528011721,30.674,30.825454545454548,30.861488993544647,4.056854814067824,4.168273954152402,4.029523903053015,31.028499999999998,30.834571428571426,31.0897676562804,3.622102307538886,3.8735093211675062,3.7521930859965975,31.415333333333333,31.051075268817204,31.378381730490474,3.363352673393357,3.6486242203238954,3.59763108639192,32.264833333333335,31.733486338797817,32.10961311513215,3.2934559323001555,3.408426888121222,3.419768236461011,7.356674327391738
2003-09-25,sz000901,30.37,31.46,31.93,30.37,36112,50096992.0,5.13,3.45,1.05,5.37,4.557651541733687,0.33107741144439995,31.096000000000004,31.128,31.062171619247813,4.310665046846951,4.372810311916686,4.32579553258571,30.820999999999998,30.96836363636364,30.97030917653653,4.147029326423172,4.259327904637105,4.125547110085864,31.034,30.875666666666667,31.125027879491793,3.7138531884988795,3.962609248233678,3.8289034151144157,31.371,31.053956989247308,31.383647425297543,3.4400986412810366,3.7256757602168187,3.6595678899623567,32.223333333333336,31.707098360655745,32.08831432447207,3.3257652358186047,3.449875924496092,3.457075885814213,7.699811650078424
2003-09-26,sz000901,31.49,31.73,32.27,31.11,23892,33354560.0,3.69,0.86,0.27,3.56,4.378252506075034,-0.179399035658653,31.324000000000005,31.339333333333336,31.284781079498543,4.391321149202345,4.3953394649927136,4.343281190415485,30.895,31.133636363636366,31.108434780802614,4.19072331449461,4.301368482755625,4.171493545720258,31.052999999999997,30.941952380952383,31.182644271921145,3.7973873049977342,4.025885373717122,3.881222376158284,31.337333333333333,31.077118279569895,31.405992752697703,3.4985299764514814,3.78620181600998,3.7059346393889814,32.1915,31.69092349726776,32.076566313833645,3.3449080802145605,3.4843837038487626,3.487278397953912,7.52315521598748
2003-09-29,sz000901,31.8,30.88,31.8,29.99,8876,11983582.0,5.7,-2.68,-0.85,1.32,3.9482172935599706,-0.4300352125150635,31.166000000000004,31.191333333333333,31.149854052999032,4.289013758091437,4.247638179778589,4.211593224796981,31.0,31.13090909090909,31.066901184293044,4.230940157210433,4.257276478949327,4.130897863509297,31.029500000000002,30.92547619047619,31.153821007928656,3.8564403763716237,4.040250134532573,3.887602844482254,31.285000000000004,31.0476129032258,31.372057736394627,3.531454860319004,3.8152139009847215,3.721565778367755,32.143,31.64792349726776,32.03733463141287,3.356558395817375,3.504164333794513,3.50239114862952,7.078586651969254
2003-09-30,sz000901,30.81,30.68,31.26,30.14,4684,6363230.0,3.63,-0.65,-0.2,0.7,3.6706168864003255,-0.2776004071596452,31.032000000000004,31.02933333333333,30.99323603533269,4.156262471611661,4.041505889214885,4.031267778664763,31.047000000000004,31.072727272727274,30.99655551442158,4.200546071365108,4.155399520620216,4.047210413125848,30.987000000000002,30.89219047619048,31.108695197649737,3.872585209839938,4.022552659297211,3.866937515141118,31.222333333333335,31.008580645161288,31.327408850175622,3.5678923632044413,3.8241920962157745,3.718278753079534,32.097500000000004,31.599956284153006,31.992831856612444,3.363127647187826,3.514461333485758,3.5079067465892186,6.803677621165752
2003-10-08,sz000901,30.68,31.02,31.06,30.61,9760,13282479.0,1.47,1.11,0.34,1.45,3.9894498176666917,0.31883293126636625,31.154000000000003,31.025333333333332,31.00215735688846,4.108837609087142,3.9859016712332282,4.017328458332073,31.064999999999998,31.067818181818186,31.00081814816311,4.166683687680461,4.11701838358414,4.036708486678728,30.846000000000004,30.89533333333333,31.10024803596881,3.8718868284631625,4.033682621947378,3.8786053534768867,31.179333333333336,30.995526881720426,31.307576021132036,3.5884927798798603,3.8513893513423723,3.7357736604722542,32.058,31.56462841530055,31.960935730166135,3.3754529482050346,3.5349964866162127,3.5236950440015944,7.12327913794964
2003-10-09,sz000901,31.02,30.88,31.26,30.7,7653,10474576.0,1.81,-0.45,-0.14,1.14,3.8838317133294527,-0.10561810433723906,31.038,30.934,30.96143823792564,3.974073643406295,3.9108997059806656,3.9728295433311995,31.066999999999997,31.03418181818182,30.97885121213345,4.142369345126624,4.065590751883957,4.008912709706133,30.759500000000003,30.898571428571433,31.079272032543212,3.8868788241697194,4.034820230029882,3.8791031020342737,31.131666666666668,30.97621505376344,31.279990471381584,3.6140447938023166,3.8704434760810553,3.7453257929146546,32.0195,31.526005464480875,31.92549521442298,3.39011862398991,3.5516646428497998,3.535502803651688,7.020136452202801
2003-10-10,sz000901,30.88,30.99,31.04,30.21,11306,15296867.0,2.69,0.36,0.11,1.68,4.0533089811241,0.169477267794647,30.890000000000004,30.918,30.970958825283763,3.9090849384161084,3.937311485219934,3.9996560225955,31.107,31.020181818181822,30.98087826447282,4.150203043809226,4.049397958428953,4.0169847590548535,30.7625,30.92052380952381,31.070769934205764,3.916237979705015,4.0506707211683946,3.8956941381380665,31.10466666666667,30.967075268817204,31.261281408711806,3.6372429921526153,3.898783101069556,3.7651956760249417,31.981,31.49225136612022,31.894823240179605,3.405469445516461,3.5734085889853464,3.552480055372095,7.184602490690718
2003-10-13,sz000901,31.22,31.46,31.98,31.22,12637,17636192.0,2.45,1.52,0.47,1.88,4.1016439854903135,0.04833500436621385,31.006000000000007,31.108,31.133972550189178,3.9397702768021765,4.0014978342446685,4.0336520102271045,31.086000000000002,31.084363636363634,31.06799130729594,4.114392017446806,4.040569038734605,4.032377345679483,30.794999999999998,30.986952380952378,31.10783946428141,3.951808760856074,4.068328436005089,3.915308409314471,31.09033333333333,30.99,31.274101962988468,3.6604244775468486,3.9287444554784408,3.786902018571095,31.952999999999996,31.4751693989071,31.880566740501585,3.4262888453806855,3.5962339837385877,3.5704854301300695,7.246404818215446
2003-10-14,sz000901,31.49,31.35,31.6,31.06,7584,10483556.0,1.72,-0.35,-0.11,1.13,3.87989832433001,-0.2217456611603037,31.140000000000004,31.22266666666667,31.20598170012612,3.981626564388114,3.981540516753946,3.98240078159474,31.086000000000002,31.132363636363632,31.119265615060314,4.0689445179998875,3.997933821804278,4.004653887252306,30.851999999999997,31.039809523809524,31.130902372445085,3.9915034917916556,4.061479823002607,3.9119360202683318,31.082,31.006752688172046,31.278998610537602,3.718636458078842,3.94290405849671,3.7929017802329605,31.934333333333335,31.455398907103827,31.863171109665466,3.445617829062753,3.611106425671353,3.580630115185805,7.020508619406076
2003-10-15,sz000901,31.37,28.82,31.4,28.26,21689,27947908.0,10.02,-8.07,-2.53,3.23,4.336239528754922,0.4563412044249118,30.700000000000006,30.449333333333335,30.41065446675075,4.05098450660576,4.099744838209549,4.100347030648134,30.927,30.72036363636364,30.701217321412983,4.07991105784645,4.04653291466883,4.064942185707327,30.8005,30.84628571428571,30.910816432212222,4.068382935957137,4.094311826522918,3.9523458782194356,30.994666666666667,30.86081720430107,31.12035353889002,3.774705224308074,3.982749417895166,3.8279558285247,31.872666666666664,31.353289617486336,31.763395007709217,3.466079070813121,3.6403071371366695,3.6054041943192185,7.446349304957356
2003-10-16,sz000901,28.91,25.98,28.98,25.98,18084,21213980.0,10.41,-9.85,-2.84,2.69,4.257294498362256,-0.07894503039266532,29.720000000000006,28.875999999999998,28.9337696445005,4.12567706361232,4.168514835461715,4.152662853219509,30.379,29.820909090909087,29.842814172065165,4.049875353509307,4.078784449308067,4.099915333462769,30.6,30.38719047619048,30.44121486723963,4.09845233996624,4.112303403894835,3.981388603947323,30.81566666666667,30.537290322580645,30.788717826703568,3.8258605768356886,4.013884209769629,3.855655097546478,31.764166666666664,31.16008743169399,31.573775499259735,3.4844046643517106,3.66624862656451,3.626777646910793,7.326622155074072
2003-10-17,sz000901,23.42,23.42,24.99,23.42,20001,20935406.0,6.04,-9.85,-2.56,2.98,4.301051709845226,0.04375721148297007,28.206000000000007,26.776000000000003,27.095846429667006,4.175225609356545,4.226973050872684,4.202125805428082,29.548000000000002,28.555636363636363,28.675029777144225,4.042155273886327,4.12445287773278,4.136485583714125,30.221500000000002,29.703380952380954,29.77252773702633,4.116439294190468,4.1315985819785475,4.011832709270933,30.551333333333336,30.06015053763441,30.31331667659366,3.8789766279605984,4.044541702221857,3.884390362856075,31.616,30.886508196721305,31.30643859764466,3.502176021263116,3.6930239395315105,3.648884993236512,7.320881387574989
2003-10-20,sz000901,21.11,21.83,22.3,21.11,35106,32882390.0,5.08,-6.79,-1.59,5.22,4.545381348494362,0.24432963864913582,26.28000000000001,24.650666666666666,25.340564286444675,4.263973081957355,4.350358297251956,4.3165443197835085,28.643,27.152363636363635,27.430478908572546,4.101871679379766,4.215948527661514,4.210830268219622,29.821500000000004,28.904190476190482,29.016096523976202,4.1664059182951,4.172450206197965,4.06264686538745,30.233999999999998,29.49748387096774,29.76600592326504,3.938250810707671,4.08753555515952,3.9270349425746742,31.429333333333332,30.56565573770492,30.99573569280385,3.5247648534420355,3.7272273928833544,3.67827831635972,7.516963375963193
2003-10-21,sz000901,21.25,21.45,21.74,20.69,23087,21715558.0,4.81,-1.74,-0.38,3.44,4.363367502943486,-0.18201384555087596,24.300000000000004,23.040666666666667,24.04370952429645,4.36066691768005,4.383489770913999,4.332152047503501,27.72,25.844545454545454,26.343119107013898,4.1711467410340815,4.263493222854917,4.238564310896688,29.383499999999998,28.106904761904765,28.295515902645135,4.185846406199595,4.191208452354955,4.091286926107072,29.898,28.930774193548388,29.229489412086654,3.9721057202379857,4.114962438529572,3.9551854303404044,31.231,30.238464480874317,30.682760752056183,3.532052893709008,3.754722561719468,3.7007402569034498,7.33677099341307
2003-10-22,sz000901,21.18,21.11,21.52,20.85,24554,22766776.0,3.12,-1.59,-0.34,3.65,4.390122251506701,0.02675474856321447,22.758000000000003,21.977333333333334,23.065806349530966,4.371443462230407,4.393308215522882,4.351475448837901,26.728999999999996,24.64272727272727,25.391642905738642,4.211213984418083,4.303306952031757,4.266120300098509,28.897000000000002,27.31895238095238,27.61118105477417,4.188948836049272,4.210663294765155,4.119747433287989,29.473666666666666,28.3638064516129,28.70565138550042,3.9849958804481362,4.1419312469985226,3.9832458704156495,31.02333333333333,29.90662841530055,30.368899743792046,3.5518331826318117,3.782855983286605,3.723342945251097,7.357301534587756
2003-10-23,sz000901,21.07,20.82,21.59,20.71,17534,16338548.0,4.17,-1.37,-0.29,2.61,4.243881002218319,-0.14624124928838178,21.726000000000003,21.331333333333337,22.317204233020647,4.368760763001619,4.350787395518854,4.31561063329804,25.723000000000003,23.568363636363635,24.56043510469525,4.247218913306969,4.309246409813618,4.262076791393019,28.395000000000003,26.549714285714284,26.96440190670044,4.194794129216796,4.215894929638398,4.13156967794802,29.08066666666667,27.80550537634409,28.196899683210074,4.006992187215469,4.158633512919179,4.000061040209371,30.812,29.57209289617486,30.055821063667715,3.5655542698250207,3.8055460757320643,3.740409766791006,7.213213458340382
2003-10-24,sz000901,20.82,18.81,20.89,18.79,31861,26617426.0,10.09,-9.65,-2.01,4.74,4.503259402590862,0.259378400372543,20.804000000000002,20.359333333333332,21.1481361553471,4.409202301550747,4.395620275381935,4.378160223062315,24.505000000000003,22.311454545454538,23.51490144929611,4.292213955453645,4.355799226047053,4.305928175247172,27.806,25.63685714285714,26.1877922013004,4.221208499631436,4.245272574721643,4.1669686993425765,28.676666666666666,27.142881720430104,27.591293252035232,4.0415633049545585,4.190650752620817,4.032525450685596,30.569666666666667,29.178584699453552,29.687105618957297,3.588173125940231,3.8362905063145516,3.7654212302598533,7.425166055344296
2003-10-27,sz000901,18.09,18.0,18.76,16.97,22555,17399914.0,9.52,-4.31,-0.81,3.36,4.35324283143373,-0.15001657115713218,20.038000000000004,19.424666666666667,20.09875743689807,4.3707745981386195,4.376967118676263,4.369854425852786,23.159,21.12872727272727,22.512192094878635,4.3173738400479875,4.36689538531616,4.314530840008365,27.122500000000002,24.70295238095238,25.40800246784322,4.215882928747397,4.257847272988528,4.184709092875067,28.249666666666666,26.454064516129034,26.9725001390007,4.073663787253379,4.210759109167861,4.05321689460483,30.313833333333335,28.766464480874316,29.30392182817181,3.598827268669782,3.861374758953682,3.7846940696426032,7.240547101764339
2003-10-28,sz000901,17.62,16.55,17.8,16.48,13623,10165125.0,7.33,-8.06,-1.45,2.03,4.134272756620629,-0.21897007481310027,19.058,18.262,18.91583829126538,4.324955648874048,4.298133171503599,4.291327202775401,21.679000000000002,19.92709090909091,21.428157168537062,4.342811283277049,4.3336042792384575,4.281756643028777,26.3825,23.69604761904762,24.564383185191485,4.205877900638468,4.25007487564312,4.179905632279406,27.79433333333333,25.69924731182796,26.300080775194203,4.1086060889534535,4.21466936525607,4.058446305057463,30.034666666666666,28.3151912568306,28.88576045675634,3.6086104428140713,3.878930348722562,3.7961556659369644,7.007112723502976
2003-10-29,sz000901,16.59,17.15,17.75,16.59,22539,17060596.0,7.01,3.63,0.6,3.35,4.35293464355942,0.21866188693879085,18.266000000000002,17.625999999999998,18.327225527510254,4.3175181272845915,4.30745950306539,4.311863016370074,20.511999999999997,19.103636363636365,20.65031041062123,4.3444807947575,4.335444890198889,4.294698097670711,25.7195,22.816761904761904,23.858251453268487,4.212195926301975,4.264080279730831,4.196384585734646,27.371,25.01251612903226,25.70975298324619,4.160415555557258,4.230432497811294,4.077445552702751,29.766166666666667,27.89274316939891,28.50098142538728,3.624596842867594,3.9033344208781475,3.814410714383602,7.231994198870776
2003-10-30,sz000901,17.11,16.39,17.11,16.1,14254,10284668.0,5.89,-4.43,-0.76,2.12,4.1539367544609345,-0.19899788909848581,17.380000000000003,17.000666666666667,17.68148368500684,4.299529277733115,4.252932378790837,4.259220929067028,19.553,18.354181818181818,19.875708517781007,4.334145020367368,4.300800519235877,4.269105126178024,24.966,21.928238095238097,23.14698941010006,4.1920101869383375,4.258531787174541,4.19234193513715,26.91766666666667,24.30406451612903,25.10847859723031,4.177016566766616,4.23001451064379,4.082380468945215,29.487333333333332,27.454180327868855,28.10390006717786,3.6388300737748964,3.9206898278156337,3.8255427156976127,7.012190276770149
2003-10-31,sz000901,16.48,16.93,17.26,16.48,18768,13884311.0,4.76,3.29,0.54,2.79,4.273417994771454,0.11948124031051943,17.004,16.85066666666667,17.430989123337895,4.253560996169233,4.244228617803617,4.263953284301836,18.904000000000003,17.87727272727273,19.34012515091173,4.33138164885999,4.289759241854803,4.269889284104102,24.226,21.162904761904763,22.55489518056672,4.186768461373158,4.266284911730077,4.2000634646261314,26.449,23.659698924731185,24.58083481676384,4.1880867457469755,4.236233957611843,4.094705470611424,29.230500000000003,27.042464480874315,27.73754268792613,3.6459553097061077,3.9414959891597845,3.840227151077083,7.142524333036768
2003-11-03,sz000901,16.72,17.44,17.71,16.72,18195,13867728.0,5.85,3.01,0.51,2.71,4.259952059922254,-0.01346593484919989,16.892000000000003,16.996,17.43399274889193,4.234902841866939,4.246358972387958,4.262619542841976,18.465,17.61109090909091,18.99464785074596,4.302838720002779,4.276772043866123,4.268082516071039,23.554,20.516619047619045,22.06776230622703,4.202355199691272,4.273254778258561,4.205767140368619,26.036,23.078473118279565,24.120135796327464,4.211883518864326,4.2408704294941195,4.105366540889542,28.985166666666668,26.65589071038252,27.39991833750232,3.656227010067856,3.9616270301504772,3.853988623498236,7.142005314866567
2003-11-04,sz000901,17.35,17.58,17.67,17.04,18271,13913751.0,3.61,0.8,0.14,2.72,4.2617623176096195,0.0018102576873655352,17.098000000000003,17.22533333333333,17.482661832594623,4.260400754064737,4.255312130968851,4.262333801097857,18.078,17.450181818181818,18.737439150610328,4.292678201469393,4.269303607067366,4.266933389078053,22.899,19.947666666666667,21.640356372300644,4.2319124712517375,4.27891259901269,4.211100014391571,25.615,22.5329247311828,23.698191551403113,4.22145700462286,4.244088416509945,4.115456591000515,28.7235,26.281950819672137,27.077953801846505,3.679138809060501,3.9814806467911903,3.8673582528133634,7.143444226972355
2003-11-05,sz000901,17.58,16.86,17.58,16.81,8660,6509453.5,4.38,-4.1,-0.72,1.29,3.937517892017347,-0.32424442559227273,17.040000000000003,17.146,17.275107888396416,4.177317403756321,4.147684510286387,4.154061831404354,17.653,17.228727272727273,18.396086577772085,4.247417765520457,4.204729005348813,4.207039662339743,22.191,19.37252380952381,21.18508433684344,4.22931587496927,4.250875020037986,4.185044574165454,25.149,21.96808602150537,23.257017902925494,4.208438479206333,4.225769764083782,4.103976674937085,28.449166666666667,25.892983606557376,26.742938923097437,3.693790340186506,3.9899520921340383,3.869658568852838,6.813544528983387
2003-11-06,sz000901,16.84,15.54,17.04,15.25,17000,11752210.0,10.62,-7.83,-1.32,2.53,4.230448921378274,0.2929310293609273,16.87,16.646,16.69673859226428,4.19261983713979,4.165395016160372,4.1795241947289945,17.125,16.844545454545454,17.87679810908625,4.246074557436453,4.201643760959326,4.211295891255839,21.424,18.739095238095242,20.647457257144065,4.24664673537171,4.250982929219796,4.189368797709532,24.638333333333335,21.34815053763441,22.75914578015611,4.211887605290015,4.2271897926110045,4.1121361747074845,28.158833333333337,25.46973224043716,26.375629450208994,3.7084313312855506,4.007547455451801,3.881487760738918,7.070119543250746
2003-11-07,sz000901,15.58,15.07,15.65,14.39,24259,15763947.0,8.11,-3.02,-0.47,3.61,4.384872894492921,0.15442397311464706,16.498,16.046,16.154492394842855,4.214910817084083,4.2294793686114165,4.24797376131697,16.750999999999998,16.470909090909092,17.366471180161476,4.234235906626658,4.22687982224232,4.242855346389853,20.628,18.133952380952383,20.116270851701774,4.263224931040152,4.264147325326578,4.207988235498426,24.121,20.73083870967742,22.263071858855717,4.225550968629843,4.2383501338499014,4.129732092112997,27.860666666666667,25.04059016393442,26.004953074792304,3.7259115582293267,4.02972586736024,3.897992191353803,7.197664966053612
2003-11-10,sz000901,15.11,14.84,15.27,14.46,9022,5815149.0,5.37,-1.53,-0.23,1.34,3.9553028227616918,-0.4295700717312294,15.978000000000003,15.493333333333332,15.716328263228572,4.15398096965197,4.142943370503953,4.150416781798544,16.435,16.123454545454546,16.90711278376848,4.194441905759454,4.176164716085053,4.190573069366551,19.797,17.582714285714285,19.613768865825417,4.255907872903721,4.234821410252438,4.183922958094928,23.560000000000002,20.132064516129034,21.78416399699406,4.20873592108475,4.220914769600344,4.118478590864526,27.557833333333335,24.613683060109285,25.638889039553213,3.739444486442154,4.037246892426874,3.8998712284491432,6.764560847017825
2003-11-11,sz000901,14.84,14.51,14.95,14.24,9989,6295953.0,4.78,-2.22,-0.33,1.49,3.999522013128904,0.044219190367212224,15.364,15.004,15.314218842152382,4.101532908755828,4.091457051662929,4.100118525575331,16.230999999999998,15.773454545454547,16.47127409581057,4.180966831410283,4.140724735606771,4.155836513686979,18.955000000000002,17.079190476190476,19.12769564050871,4.261889057343665,4.210403709321503,4.166360963336259,22.99866666666667,19.548193548387097,21.314863093962188,4.1975742108957395,4.207417098119321,4.110803972946099,27.2495,24.185885245901634,25.274007431699008,3.7602485349279133,4.045774024449391,3.9031384672911025,6.799061477305767
2003-11-12,sz000901,14.46,13.66,14.53,13.61,16136,9836904.0,6.34,-5.86,-0.85,2.4,4.207795885204709,0.2082738720758046,14.724000000000004,14.435999999999998,14.762812561434922,4.1555885073933,4.126878043812557,4.136010978785124,15.882000000000001,15.306000000000001,15.96013335111774,4.166452955574811,4.145602745387576,4.165283672144748,18.197,16.57490476190476,18.606962722365022,4.255466875166155,4.205251978641603,4.17030714637135,22.44033333333333,18.945698924731182,20.821000958867856,4.19694826939292,4.208076560977964,4.117061515672461,26.927833333333336,23.740327868852454,24.893220302790844,3.780150471393138,4.0604477080650225,3.9131272350915483,6.992858433056843
2003-11-13,sz000901,13.5,14.98,14.98,13.36,32569,20335356.0,11.86,9.66,1.32,4.85,4.512804424172821,0.30500853896811275,14.612000000000004,14.521333333333335,14.835208374289948,4.212059607952209,4.245950016072397,4.261608793914357,15.741,15.142,15.781927287278151,4.202339722545999,4.208575739678123,4.228469263422579,17.647,16.26852380952381,18.2615377011874,4.268242371456683,4.229760316642238,4.202925934733395,21.891000000000002,18.464387096774196,20.444162187327994,4.195453365474225,4.228454377415377,4.1425933162208715,26.631000000000004,23.348595628415303,24.5681966863059,3.8177760033776305,4.0844691491397676,3.9327887822745407,7.308251779764074
2003-11-14,sz000901,15.07,15.85,16.41,14.91,51498,35234744.0,10.01,5.81,0.87,7.66,4.711790362908569,0.19898593873574733,14.768000000000004,14.934,15.173472249526633,4.277443101635339,4.412526934391184,4.411669316912428,15.633,15.161818181818179,15.794304144136667,4.24617695935971,4.3012031288349535,4.316345826965486,17.2685,16.097380952380952,18.031867443931457,4.28877930410985,4.272002982494799,4.251389213607221,21.361666666666668,18.07464516129032,20.14776462685522,4.206571294035343,4.261766441765979,4.1793157063297555,26.3495,22.99512021857923,24.282354172000787,3.852550635243412,4.113781095353896,3.9583298177051645,7.546971120453941
2003-11-17,sz000901,15.76,15.87,16.14,15.45,23929,16523238.0,4.35,0.13,0.02,3.56,4.378924549697582,-0.3328658132109865,14.974,15.301333333333332,15.405648166351089,4.362167447022517,4.446354083745264,4.40075439450748,15.475999999999999,15.20490909090909,15.808067027020908,4.258074208337244,4.32533905435093,4.32772377655314,16.970499999999998,15.964190476190474,17.825975306414175,4.280456464170012,4.280588243979344,4.263535436092018,20.861333333333334,17.720344086021502,19.8717798122194,4.220928202573263,4.272886006647415,4.192193696224455,26.07316666666667,22.651530054644805,24.006539281115515,3.8761915314461337,4.1310392564835405,3.9721198089180305,7.218095158464687
2003-11-18,sz000901,15.74,15.87,15.92,15.29,14024,9586320.0,3.97,0.0,0.0,2.09,4.146871903085739,-0.23205264661184355,15.246000000000004,15.6,15.560432110900726,4.391637425013884,4.374588902433005,4.3161268973669,15.305000000000001,15.276545454545456,15.81932756756256,4.246585166884856,4.305120453396111,4.294841617740885,16.691499999999998,15.85938095238095,17.63969194389854,4.269631684177124,4.267865904828461,4.252424623424753,20.36766666666667,17.39832258064516,19.61360046949557,4.23680336979611,4.268108180874027,4.189269709570344,25.795,22.317,23.739767501406806,3.9023478665002753,4.139914022766807,3.977849385775988,6.981651922038894
2003-11-19,sz000901,15.72,17.06,17.13,15.72,36591,26578186.0,8.88,7.5,1.19,5.45,4.563374278536823,0.4165023754510848,15.926000000000002,16.204666666666665,16.06028807393382,4.462753103680307,4.431834520273985,4.398542691090208,15.325,15.595636363636366,16.044904373460277,4.309170805536803,4.36271847369647,4.343665737885601,16.488999999999997,15.894476190476187,17.584483187336776,4.27829428552863,4.295841390005576,4.282038876292569,19.90233333333333,17.184924731182793,19.448852052108762,4.255934185158448,4.289177271760524,4.213405488213343,25.54083333333333,22.030606557377045,23.520758730868877,3.922213482519154,4.161587019882759,3.9970469232435564,7.424525336385714
2003-11-20,sz000901,17.17,18.74,18.74,16.95,52290,41212856.0,10.49,9.85,1.68,7.78,4.718418641829656,0.15504436329283244,16.678000000000004,17.142666666666667,16.953525382622544,4.503875947211673,4.517056366323768,4.505168008003357,15.645,16.216545454545454,16.534921760103863,4.357967777581942,4.437127171204261,4.411802629511793,16.384999999999998,16.10885714285714,17.694532407590415,4.3020211675091975,4.3377579953675784,4.323598853962768,19.497666666666664,17.109935483870967,19.40311966165013,4.283753749441788,4.319014978642537,4.245986981995041,25.314666666666664,21.807628415300545,23.364012542971537,3.9488992716220523,4.187692107073268,4.020698455000478,7.615032711638447
2003-11-21,sz000901,19.17,18.72,20.51,18.56,62827,52962092.0,10.41,-0.11,-0.02,9.35,4.7981463225752155,0.07972768074555958,17.252000000000002,17.823333333333334,17.542350255081697,4.521147139145003,4.615146491444949,4.602827446193977,16.009999999999998,16.775636363636362,16.93220871281225,4.399295120390171,4.51715963393031,4.482046937341505,16.3805,16.331238095238092,17.7921959878199,4.316765513508415,4.3850080101357705,4.368793850973477,19.088666666666665,17.059763440860213,19.359047425414637,4.308581660823491,4.352201596264049,4.281610165258279,25.096666666666668,21.591409836065573,23.2117498366446,3.972912326488053,4.215536272678289,4.0461885490193215,7.723965131380892
2003-11-24,sz000901,18.49,18.79,19.39,18.27,35155,28856346.0,5.98,0.37,0.07,5.23,4.545987102271373,-0.2521592203038425,17.836000000000002,18.336,17.9582335033878,4.554559649659761,4.623426479153738,4.5838806648864425,16.405,17.281090909090906,17.269988946846386,4.458363548341139,4.543830903363256,4.493672421874209,16.419999999999998,16.560714285714287,17.887224941360863,4.326402727050296,4.406838637637005,4.385669398716134,18.666333333333334,17.040494623655913,19.32233468829111,4.323393098049527,4.36751807635746,4.298666741839769,24.87833333333333,21.384633879781422,23.066774432164447,3.991908787798188,4.234325609589217,4.062575386830864,7.46024133671916
2003-11-25,sz000901,18.79,18.65,19.39,18.45,31988,26662112.0,5.0,-0.75,-0.14,4.76,4.504987087345225,-0.0410000149261478,18.392000000000003,18.607333333333333,18.188822335591865,4.626182686511658,4.60690229171556,4.557582805706037,16.819,17.689272727272726,17.52090004741977,4.508910055762771,4.552307910454908,4.495729633778029,16.525,16.773095238095234,17.95987018504078,4.344938443586527,4.423846671950807,4.397032988109381,18.243,17.039440860215056,19.27895825678846,4.3442293901500335,4.379233817602344,4.311977731872379,24.6625,21.180426229508196,22.921962155700037,4.031432924114438,4.251147848918629,4.077080688487072,7.425894548439293
2003-11-26,sz000901,18.49,17.75,18.49,17.4,44600,35073692.0,5.84,-4.83,-0.9,6.64,4.649334858712142,0.1443477713669168,18.53,18.39333333333333,18.042548223727913,4.643374802546722,4.614619682449054,4.588166823374739,17.227999999999998,17.858545454545457,17.56255458425254,4.553063953113514,4.577839692809339,4.523657856493322,16.555,16.8897619047619,17.93988254837023,4.3597584543441625,4.452836806724675,4.4210617376905965,17.874,17.00763440860215,19.18031578860856,4.354665901148608,4.398918041380544,4.3337427077975255,24.43433333333333,20.9537868852459,22.752389626004952,4.064685562728341,4.271406928741504,4.09584312029773,7.544981483897847
2003-11-27,sz000901,17.82,18.58,19.12,17.78,47664,38910664.0,7.55,4.68,0.83,7.09,4.678190485870968,0.02885562715882628,18.498,18.41,18.22169881581861,4.635329171354985,4.626224910223803,4.6181747108734825,17.588,18.104363636363637,17.747544659842983,4.56960255928333,4.600589971492512,4.551754698198348,16.6645,17.082619047619044,18.00084611519211,4.3859711409146644,4.483163666870086,4.445550189898251,17.627333333333333,17.053182795698923,19.14158573773059,4.368695767398899,4.4197905952336,4.355965145092587,24.2215,20.761841530054642,22.615589966135936,4.097278172117294,4.291521844254378,4.114936476546033,7.590068641985328
2003-11-28,sz000901,18.61,18.54,19.1,17.98,33949,27715026.0,6.03,-0.22,-0.04,5.05,4.530826986248976,-0.14736349962199213,18.462,18.424,18.32779921054574,4.581865304089737,4.5913908485218,4.589058802665313,17.857,18.277454545454543,17.89162744896244,4.5515062216173705,4.5935398673044485,4.547949659662098,16.744999999999997,17.261238095238095,18.052194104221435,4.398841590488541,4.496959461663828,4.453671789550701,17.464666666666666,17.11206451612903,19.1027737546512,4.376354943279024,4.430250673869088,4.367246554199451,24.008,20.575562841530058,22.48196406560689,4.1276657856198105,4.30573655947181,4.128572230962523,7.442715290348694
2003-12-01,sz000901,18.49,19.08,19.1,18.09,31283,25722056.0,5.45,2.91,0.54,4.66,4.495308394674616,-0.03551859157435988,18.520000000000003,18.63,18.578532807030495,4.571729562570385,4.562538545383427,4.557808666668414,18.177999999999997,18.49981818181818,18.10769518551472,4.563144606115073,4.583322080587584,4.538378520573465,16.827,17.483619047619047,18.15008038000987,4.410609407226159,4.506146776348218,4.457637180514884,17.372999999999998,17.21627956989247,19.101304480157573,4.374685844818365,4.43792509008816,4.375508608423656,23.8035,20.413989071038255,22.370424260177156,4.156468327763019,4.317790415506392,4.140596367477674,7.410305679406465
2003-12-02,sz000901,19.19,18.7,19.35,18.63,26784,22135630.0,3.77,-1.99,-0.38,3.99,4.427875436313166,-0.06743295836144991,18.530000000000005,18.69,18.619021871353663,4.556307232363974,4.514587169964354,4.514497589883332,18.461,18.594727272727273,18.215386969966588,4.591244959437816,4.5587276860781465,4.518287050707956,16.883,17.662,18.20245367715179,4.418915063161336,4.50779116007079,4.454802728686149,17.281333333333333,17.30189247311828,19.075413868534504,4.376836109264021,4.441356676636211,4.378887113448787,23.589666666666666,20.24666120218579,22.250082481154955,4.174470914751003,4.326689009229348,4.150015353341132,7.345091886903528
2003-12-03,sz000901,18.63,18.45,18.7,17.82,23027,18408672.0,4.71,-1.34,-0.25,3.43,4.362237360964099,-0.06563807534906729,18.669999999999998,18.663333333333334,18.56268124756911,4.4988877328143655,4.449897212831062,4.463744180243587,18.599999999999998,18.59272727272727,18.258043884518116,4.571131267680544,4.517089940901107,4.489914379845437,16.9625,17.811238095238092,18.226029517423047,4.440151036608674,4.5023932836710525,4.4459869793792866,17.192666666666664,17.377290322580645,19.035064586693572,4.375906612912601,4.440414821907183,4.37781293586913,23.333166666666667,20.078147540983608,22.125489612920365,4.180451246680368,4.3328452861543685,4.156973451951721,7.265022459667808
2003-12-04,sz000901,18.49,18.72,18.94,18.14,26119,21223548.0,4.34,1.46,0.27,3.89,4.4169565453903425,0.05471918442624357,18.698,18.679999999999996,18.61512083171274,4.44664094471824,4.4225868170230545,4.448148301959172,18.598,18.614545454545453,18.34203590551482,4.540985058036613,4.48905817321198,4.476649319035419,17.1215,17.97861904761905,18.27307432528752,4.449476417809278,4.5001842845074025,4.443222176142244,17.122666666666664,17.47582795698925,19.014737839164955,4.381675797685003,4.443063204647683,4.380338330031789,23.101666666666667,19.926896174863387,22.013834215775436,4.194333992450236,4.34059955824322,4.165497487802168,7.326817987860245
2003-12-05,sz000901,18.72,18.31,18.76,18.16,14245,11451826.0,3.21,-2.19,-0.41,2.12,4.153662453575496,-0.26329409181484653,18.652,18.550666666666665,18.513413887808493,4.3712080381835445,4.3249273199754725,4.349986352497947,18.557,18.562181818181816,18.336211195421214,4.476536671136641,4.4186358814917766,4.417924434406341,17.2835,18.091809523809523,18.27659105621252,4.437915895763405,4.472011526008947,4.415645059707316,17.105999999999998,17.55243010752688,18.969270881799474,4.370022566051157,4.4283526663180375,4.365714079937835,22.89133333333333,19.769792349726778,21.89239702837296,4.205792935502858,4.33926606516536,4.165109453893097,7.058874740693088
2003-12-08,sz000901,18.34,17.93,18.52,17.91,9487,7515971.0,3.33,-2.08,-0.38,1.41,3.977128900580682,-0.176533552994814,18.422000000000004,18.31,18.31894259187233,4.267572139364757,4.193567607441186,4.225700535192193,18.470999999999997,18.448181818181816,18.262354614435537,4.419650850967571,4.32783446866342,4.337779791892585,17.437999999999995,18.15338095238095,18.24358238419228,4.4390071996543545,4.428127050277259,4.37388161598097,17.103666666666665,17.60559139784946,18.902221147489833,4.3574854350227215,4.403004687900587,4.340644068366406,22.676666666666666,19.607125683060115,21.762482371704994,4.21557461113805,4.331768883692501,4.158946157063181,6.875985095728079
2003-12-09,sz000901,17.73,18.09,18.16,17.73,8819,6931869.5,2.4,0.89,0.16,1.31,3.945419342603063,-0.031709557977618985,18.3,18.199333333333335,18.24262839458155,4.171080920622737,4.086183341853954,4.132273470995816,18.415,18.37890909090909,18.231017411810893,4.363694076493355,4.241610558051692,4.266441528385399,17.616999999999997,18.215476190476192,18.228955490459683,4.436302066128063,4.381118682939041,4.333075685183074,17.154999999999998,17.669225806451614,18.84981978313565,4.351190321222136,4.376419778712223,4.31514569896232,22.474666666666664,19.45674316939891,21.642073113616306,4.229898205087795,4.32291133390447,4.151945277900555,6.84085037805178
2003-12-10,sz000901,18.27,18.58,18.81,18.27,22670,18445912.0,2.99,2.71,0.49,3.37,4.355451520126517,0.41003217752345433,18.326000000000004,18.292666666666666,18.355085596387703,4.16972375245522,4.147640208355215,4.206666154039383,18.497999999999998,18.40890909090909,18.294468791481638,4.334305742634792,4.240111911439539,4.28262516324742,17.863,18.307190476190474,18.26238830089209,4.443684847874153,4.373418630938893,4.33520671708245,17.20266666666667,17.761161290322576,18.832412055191416,4.351274217107706,4.37669469477057,4.317746074521302,22.286833333333334,19.32904918032787,21.541677273825606,4.255844886332482,4.327027836036886,4.158617613711242,7.2659001324159505
2003-12-11,sz000901,18.61,18.96,19.17,18.23,48349,39923500.0,5.06,2.05,0.38,7.19,4.6843874960204035,0.3289359758938861,18.374000000000002,18.504,18.556723730925135,4.223209942581232,4.31919478954361,4.36590660136639,18.535999999999998,18.49290909090909,18.415474465757704,4.334925443649736,4.303763139327832,4.355672860115235,18.062,18.411666666666665,18.32882751033094,4.452264001466533,4.396342692667107,4.368462029362255,17.288333333333334,17.874537634408597,18.84064353550165,4.368955908493022,4.398185874055259,4.341400359779309,22.103,19.219972677595624,21.45703211730673,4.272986237629819,4.341078413403703,4.175855970508264,7.6012286078672355
2003-12-12,sz000901,19.05,18.58,19.08,18.49,14418,11822075.0,3.11,-2.0,-0.38,2.15,4.158905021187544,-0.5254824748328595,18.428000000000004,18.572666666666667,18.564482487283424,4.224258456103642,4.297759815745713,4.296906074640109,18.54,18.500909090909087,18.445388199256303,4.297733247143593,4.271759426152888,4.319896889401109,18.1985,18.461,18.35274869982323,4.424619734380482,4.368403742164346,4.348504219059902,17.34333333333333,17.957870967741936,18.8238278235338,4.365138809373558,4.384634203906519,4.329626466966937,21.896166666666666,19.10446448087432,21.36270319542782,4.276612777560266,4.337338045651498,4.175300201678077,7.072693710213581
2003-12-15,sz000901,18.58,18.49,18.85,18.45,8959,7321909.0,2.15,-0.48,-0.09,1.33,3.9522595365908204,-0.2066454845967236,18.54,18.59333333333333,18.539654991522283,4.21928458330567,4.207093509241439,4.182023895290346,18.481,18.49181818181818,18.453499435755155,4.243428361335214,4.208946024234202,4.253053734344693,18.329500000000003,18.488761904761905,18.36582025222102,4.403286483725143,4.32341705666057,4.3107666302533225,17.378333333333334,18.03184946236559,18.802290544596136,4.354882391929177,4.357996831468924,4.305280213394285,21.70716666666667,18.992786885245902,21.268516205413793,4.283382955396751,4.326703513160696,4.167987392986691,6.864624326970609
2003-12-16,sz000901,18.61,18.16,18.61,17.75,17122,13546022.0,4.65,-1.78,-0.33,2.55,4.233554492714523,0.2812949561237028,18.554000000000002,18.466666666666665,18.413103327681522,4.276911613327962,4.211850145711057,4.199200761098405,18.427,18.433454545454545,18.40013590198149,4.223996266975349,4.207150775394077,4.249508417684662,18.444,18.472619047619048,18.346218323438066,4.407620613206582,4.307252105135748,4.303413093344865,17.397666666666666,18.082279569892474,18.760852444944774,4.35394213109934,4.350169225067978,4.300652747543978,21.506333333333334,18.87648633879781,21.166597641301866,4.2876995678611,4.325069793072754,4.170137133961374,7.131811776605559
2003-12-17,sz000901,18.05,17.82,18.25,17.82,14013,11009767.0,2.37,-1.87,-0.34,2.09,4.1465311220074454,-0.08702337070707777,18.402,18.222,18.21540221845435,4.235127533704147,4.168389981937552,4.181644214734752,18.363999999999997,18.323090909090908,18.29465664707576,4.202425643079684,4.193066203581731,4.230785273016076,18.482,18.413190476190476,18.29610229263444,4.386778455380114,4.282386439307259,4.288471953217492,17.429666666666666,18.10952688172043,18.7001522872064,4.360909238765677,4.336787869642694,4.290709416864202,21.289333333333335,18.755622950819667,21.056873128472297,4.284673858986006,4.320441319438209,4.1693631663563275,7.041778128083012
2003-12-18,sz000901,17.73,16.63,17.98,16.07,25122,18515824.0,10.72,-6.68,-1.19,3.74,4.400054211274874,0.2535230892674285,17.936,17.63133333333333,17.6869348123029,4.178260876755042,4.2233655411277935,4.254447546914793,18.155,18.00781818181818,17.991991802152896,4.200735409668137,4.228998670526311,4.261561443608585,18.3765,18.236809523809523,18.137425883812114,4.370860233852374,4.283650797011522,4.299098834937243,17.466,18.05793548387097,18.56659407512857,4.366562748428897,4.339313351740062,4.297763919729408,21.052166666666665,18.602857923497265,20.91172974721091,4.289225176859457,4.324224281808335,4.176926807173329,7.267543043994976
2003-12-19,sz000901,16.61,15.18,16.84,15.02,29414,19881926.0,10.94,-8.72,-1.45,4.38,4.468554088084191,0.0684998768093168,17.256000000000004,16.712666666666667,16.851289874868602,4.240190690134371,4.320129944904177,4.325816393971259,17.842,17.46690909090909,17.480720565397824,4.232224573119007,4.277692975692866,4.299196469876876,18.199499999999997,17.932380952380953,17.855766275830007,4.354380622127823,4.2929549736050285,4.315237430475047,17.46966666666667,17.910451612903223,18.348104134797698,4.369352121548606,4.345893438169436,4.308782640268427,20.795333333333335,18.41032786885246,20.723804181728585,4.297451545089225,4.3301039182419325,4.186488357367128,7.2984584530319445
2003-12-22,sz000901,14.91,16.34,16.48,14.28,17736,12032487.0,14.49,7.64,1.16,2.64,4.248855680106431,-0.2196984079777593,16.826000000000004,16.407333333333334,16.68085991657907,4.299509918837492,4.323018274894864,4.300162822682983,17.683,17.19381818181818,17.273316826234584,4.259397251071581,4.2807168133269435,4.290043599009523,18.077,17.755285714285716,17.711407582893816,4.339524051019576,4.2829049791268,4.30891535901137,17.519666666666662,17.83756989247312,18.21854902932688,4.37913721679343,4.338119474205424,4.3049163847741045,20.53983333333333,18.26425136612022,20.58007289708175,4.29393656893909,4.328510611193317,4.188533187620875,7.080355401134244
2003-12-23,sz000901,16.34,16.03,16.59,15.92,22378,15800360.0,4.1,-1.9,-0.31,3.33,4.349821269512391,0.10096558940595912,16.400000000000006,16.142000000000003,16.463906611052714,4.322763274197067,4.3397887251198295,4.316715638292786,17.476999999999997,16.893272727272723,17.04725922146466,4.299837443762514,4.297157543952544,4.30091226637368,17.945999999999998,17.560333333333332,17.551273527380122,4.331765760127935,4.283885666602306,4.312811160011467,17.570333333333334,17.7414623655914,18.077352317757406,4.390813858672881,4.336228122767938,4.307813474112059,20.2845,18.116387978142075,20.43089017914464,4.29419403478431,4.330342896458014,4.193821321453384,7.198666982159002
2003-12-24,sz000901,16.03,15.81,16.63,15.58,18772,13125057.0,6.55,-1.37,-0.22,2.79,4.273510545540457,-0.07631072397193339,15.998000000000001,15.945333333333334,16.245937740701812,4.348159158903669,4.32337114890096,4.302313940708677,17.2,16.59018181818182,16.822302999380174,4.291643346303909,4.292370835184898,4.295930135313093,17.848999999999997,17.35690476190476,17.38543795334392,4.31297454446935,4.278337550927309,4.309068244347562,17.642,17.62789247311828,17.93107152306338,4.393004347350739,4.328660167081975,4.3056003819461495,20.041166666666665,17.969683060109286,20.27938558310711,4.2949763083718295,4.329664749269692,4.196434082898861,7.118101198152792
2003-12-25,sz000901,15.76,15.65,16.1,15.43,16560,11289628.0,4.24,-1.01,-0.16,2.46,4.219060332448861,-0.054450213091596034,15.802000000000003,15.829333333333333,16.047291827134543,4.311960383138467,4.280338206749358,4.274562737955405,16.869,16.308363636363637,16.609156999492868,4.245110629946754,4.27917392357489,4.281953807519597,17.702499999999997,17.14747619047619,17.220158148263547,4.290018036798245,4.2693933402586906,4.3004960622619715,17.66433333333333,17.49937634408602,17.783905618349614,4.383212877626606,4.3174379725721765,4.3000171529463245,19.777666666666665,17.825710382513662,20.127602449234747,4.289333121550415,4.327175700878775,4.197175927146402,7.052679631897603
2003-12-26,sz000901,15.72,15.69,16.03,15.58,11868,8155141.5,2.88,0.26,0.04,1.77,4.074377537644804,-0.14468279480405677,15.904000000000002,15.792,15.92819455142303,4.233125073050589,4.201143924918137,4.207834337851871,16.580000000000002,16.093999999999998,16.442037545039618,4.23665788159248,4.2481315431563536,4.244212667542362,17.560000000000002,16.955809523809524,17.074428800809876,4.267195564368036,4.2488561498631245,4.278960964679384,17.659,17.372,17.6488149332948,4.361965783451148,4.297513111928189,4.285459758410743,19.51033333333333,17.691688524590163,19.982107286964755,4.284268538743245,4.320127976816296,4.193149750441432,6.911431500892672
2003-12-29,sz000901,15.81,15.78,16.14,15.65,8699,6018581.0,3.12,0.57,0.09,1.29,3.9394693308435302,-0.13490820680127413,15.792000000000002,15.750666666666666,15.878796367615355,4.171247803198009,4.103258677515783,4.118379335515757,16.309,15.948545454545453,16.32166708230514,4.235378861017751,4.194097261201999,4.1888047881425745,17.395,16.78628571428571,16.951149867399412,4.239403611176482,4.2176441276226955,4.246628428123588,17.656,17.250774193548388,17.528246227920945,4.347317276156013,4.270255276276086,4.2631377953418905,19.258666666666667,17.5693825136612,19.844333277556075,4.284122739364637,4.30882308475401,4.184832359634943,6.77949410977737
2003-12-30,sz000901,15.78,15.43,15.92,15.27,12567,8456447.0,4.12,-2.22,-0.35,1.87,4.099231615080882,0.15976228423735161,15.672000000000002,15.63,15.729197578410236,4.121129872311707,4.079253281476741,4.111996762037466,16.036,15.78872727272727,16.159545794613297,4.221946573254387,4.1693432164862045,4.172518756676812,17.2315,16.59914285714286,16.80627845145661,4.222971420114868,4.20429441370883,4.232590636405235,17.64133333333333,17.10716129032258,17.39287550353895,4.345729266555851,4.254249749755109,4.252563203066987,19.0045,17.443852459016394,19.69960103894768,4.291266318175981,4.302761080679134,4.1820257778462855,6.927187931312445
2003-12-31,sz000901,15.47,15.13,15.58,14.91,11783,7765172.0,4.34,-1.94,-0.3,1.75,4.0712558776812955,-0.027975737399586365,15.536000000000001,15.449333333333334,15.529465052273492,4.080678938739874,4.0626286165999375,4.0984164672520755,15.767000000000001,15.623999999999999,15.972355650138152,4.214419048821772,4.141944908200188,4.154107324132172,17.0655,16.399,16.64663288465122,4.208422345950727,4.189845314429441,4.21722542128867,17.576999999999998,16.945139784946235,17.246883535568696,4.329325319860667,4.236541789182557,4.24086595626791,18.739666666666665,17.31681967213115,19.54977805406415,4.292629752509557,4.295547623613733,4.178393977840876,6.890151079874441
2004-01-02,sz000901,15.22,15.02,15.4,14.95,9272,6134275.5,2.97,-0.73,-0.11,1.38,3.9671734229555398,-0.10408245472575572,15.410000000000002,15.277333333333333,15.35964336818233,4.030301556841211,4.024793444671826,4.0546687858198975,15.606,15.48818181818182,15.799200077385759,4.171130969989838,4.096991158042691,4.120119342100057,16.880499999999998,16.20419047619048,16.49171546706539,4.1859331898289875,4.1668692265251375,4.193410945256943,17.453,16.780172043010754,17.103213630048135,4.304283812564862,4.213177150672549,4.223208373473563,18.47533333333333,17.194863387978142,19.401260740816145,4.2940187810033255,4.284876924284093,4.1714687137462745,6.7877632769355
2004-01-05,sz000901,14.95,15.13,15.22,14.75,15426,10084654.0,3.13,0.73,0.11,2.3,4.188253327026504,0.22107990407096434,15.298000000000002,15.184000000000001,15.28309557878822,4.05307671471755,4.077444034733591,4.0991969662221,15.601000000000003,15.401636363636362,15.677527336042893,4.143100893884069,4.100104313867539,4.13250733935941,16.7215,16.03747619047619,16.36202827972583,4.187662733501538,4.16709019197252,4.192919743520711,17.333333333333332,16.630301075268815,16.97590952488374,4.283954046046572,4.2056913128958815,4.220953209186656,18.211,17.08518032786885,19.26121940505168,4.296267853435031,4.281409204481575,4.17201902893579,7.003661002353595
2004-01-06,sz000901,15.11,14.87,15.11,14.75,13023,8444922.0,2.38,-1.72,-0.26,1.94,4.114711040558363,-0.07354228646814143,15.116000000000003,15.041333333333334,15.145397052525482,4.088125056660517,4.097988810013861,4.104368324334187,15.454000000000002,15.268727272727272,15.530704184035093,4.129686429929263,4.094942522353775,4.12927164866831,16.5685,15.861142857142855,16.21993034832337,4.194541840500422,4.1601424116922185,4.185471295619535,17.20266666666667,16.471376344086025,16.840044394246082,4.2695781773228045,4.194772409315996,4.214098875726767,17.934500000000003,16.975639344262294,19.117244998328673,4.296485637686166,4.275456522092176,4.170140078497186,6.9265956426428446
2004-01-07,sz000901,14.87,15.18,15.34,14.73,13669,9000841.0,4.1,2.08,0.31,2.03,4.135736743509474,0.02102570295111139,15.066000000000003,15.062666666666667,15.156931368350321,4.0954260823462345,4.113859372296847,4.114824464059283,15.369,15.21890909090909,15.466939786937802,4.108277977328972,4.096042579368358,4.130447120457613,16.423,15.728904761904763,16.120889362768764,4.204057710545742,4.154541926264508,4.180734671609053,17.087,16.340881720430104,16.732944755907624,4.25726983252828,4.186137478102233,4.209043254293393,17.665,16.885327868852457,18.98815499838347,4.300749611339157,4.270186066545399,4.169012100300867,6.9542830899499295
2004-01-08,sz000901,15.31,16.19,16.66,15.2,60992,43042368.0,9.62,6.65,1.01,9.08,4.785272874622214,0.6495361311127397,15.278000000000002,15.437333333333333,15.501287578900214,4.238229481734419,4.343808303055507,4.3383072675802605,15.407,15.368181818181819,15.598405280221836,4.159454210237146,4.219132560694402,4.24950634848754,16.3035,15.706714285714286,16.127471328219357,4.225548778270527,4.209895751414648,4.238309738562688,17.035,16.283010752688174,16.697916061978102,4.261801099725282,4.22020219049539,4.246219358830737,17.4545,16.836967213114754,18.896412211551226,4.308233500436946,4.286072075177631,4.18921737159009,7.633896156269935
2004-01-09,sz000901,16.32,16.48,16.97,16.07,41034,29517138.0,5.56,1.79,0.29,6.11,4.613143854116673,-0.17212902050554035,15.570000000000004,15.838000000000001,15.827525052600144,4.367423567966645,4.4687797605162585,4.429919463092398,15.49,15.563272727272727,15.75869522927241,4.198862562403927,4.301621586854316,4.315622258601928,16.1795,15.723523809523808,16.16104548743656,4.221986596175341,4.246809568161901,4.274008225758306,16.965,16.247204301075268,16.683856961205322,4.259632878666806,4.242869464972254,4.269891906913701,17.296166666666668,16.80501639344262,18.817185581664297,4.314164323032853,4.296069135954015,4.203116600525388,7.470074245730141
2004-01-12,sz000901,16.5,16.79,17.15,16.5,25435,18703772.0,3.94,1.88,0.31,3.79,4.405431741967374,-0.20771211214929952,15.902000000000005,16.244666666666667,16.148350035066763,4.41085925095482,4.481449151849834,4.421756889384057,15.6,15.799636363636361,15.946205187586516,4.231967982836185,4.339179619502215,4.331951255577463,16.09,15.781666666666665,16.220945917204507,4.234312932214332,4.264280534427808,4.286524751111551,16.906666666666666,16.235913978494622,16.690704899192077,4.255453037190752,4.252275843249709,4.278636412401035,17.18566666666667,16.788420765027322,18.750720480626125,4.315903990234888,4.299061510345311,4.209749883851355,7.271929199776629
2004-01-13,sz000901,16.95,16.61,16.95,16.55,19980,14572881.0,2.38,-1.07,-0.18,2.97,4.300595483889963,-0.1048362580774107,16.250000000000004,16.480666666666664,16.302233356711177,4.44803613962114,4.444694562828216,4.381369754219359,15.683000000000002,15.983272727272729,16.066895153479877,4.268080598140829,4.351657346966539,4.326250206179735,15.995999999999999,15.831190476190477,16.257998686994554,4.2517297295792895,4.270593158396916,4.287864820899971,16.824333333333332,16.21677419354839,16.685498131502268,4.248962606831264,4.255188259165788,4.280053126690643,17.098666666666666,16.769546448087432,18.680532923884286,4.311824225824815,4.2985595921044935,4.212728428114916,7.163545418531512
2004-01-14,sz000901,16.61,16.16,16.72,16.01,17256,12228221.0,4.27,-2.71,-0.45,2.57,4.236940132094489,-0.06365535179547432,16.446000000000005,16.450666666666667,16.254822237807453,4.4682768173381415,4.374329226985998,4.3332265468444024,15.756,16.07,16.083823307392624,4.281851449842189,4.345995444049023,4.3100120108915085,15.896,15.84680952380952,16.24866547870936,4.2518990115482875,4.269184625303125,4.283014850537544,16.73966666666667,16.173913978494625,16.651595026244056,4.242598096690641,4.254412615634384,4.277271643168311,17.010499999999997,16.73877049180328,18.597892500150376,4.309717102977332,4.296104375916614,4.213522254474902,7.087363279106487
2004-01-15,sz000901,16.1,16.34,16.84,16.03,28190,20375052.0,5.01,1.11,0.18,4.19,4.4500950758716025,0.21315494377711364,16.476000000000006,16.415333333333333,16.28321482520497,4.401241257588021,4.368268646497152,4.372182723186803,15.877,16.176181818181817,16.130400887866692,4.3197353696612195,4.376585194236189,4.335481659069707,15.822,15.889095238095239,16.257364004546563,4.267077209241496,4.2880604409529655,4.298927252950311,16.669333333333334,16.148129032258066,16.631492121325085,4.245526687187558,4.267799517517026,4.288421542052395,16.931,16.716786885245902,18.523863237850364,4.31071665005008,4.300706932404951,4.221278740422335,7.309098725794063
2004-01-16,sz000901,16.25,16.66,16.81,16.21,24952,18094388.0,3.67,1.96,0.32,3.71,4.397105361749087,-0.052989714122515075,16.512000000000004,16.47666666666667,16.408809883469978,4.358033559114504,4.366890014550841,4.380490269374231,16.041,16.318545454545458,16.226691635527292,4.362728563540575,4.390652465524892,4.346685968647776,15.823500000000001,15.968904761904763,16.29571028982784,4.266929766765207,4.300444074525117,4.308277549026385,16.600666666666665,16.14752688172043,16.633331339304114,4.244864981066184,4.277578786843575,4.295433401387665,16.861666666666665,16.70790163934426,18.46275296775691,4.313270389375592,4.303539349181968,4.227043547678949,7.25754389870602
2004-01-29,sz000901,16.84,18.29,18.29,16.72,62827,49861108.0,9.42,9.78,1.63,9.35,4.7981463225752155,0.40104096082612806,16.812,17.06933333333333,17.035873255646653,4.4365764752360715,4.513594269037744,4.519708953774559,16.357,16.727454545454542,16.601838610885967,4.423717863095446,4.469819330803918,4.428769669361856,15.979000000000003,16.203809523809525,16.48564264317757,4.283409378489758,4.351036127459403,4.354931717935797,16.6,16.25651612903226,16.74021318838127,4.266347776699507,4.313274357263514,4.327866493077185,16.852999999999998,16.754732240437157,18.457088936027176,4.318185171375332,4.319436920762283,4.2457682288230885,7.69776192504901
2004-01-30,sz000901,18.65,19.19,20.08,18.65,109645,93866384.0,7.82,4.92,0.9,16.32,5.039988831892062,0.2418425093168466,17.328000000000003,17.862000000000002,17.753915503764436,4.584455144836491,4.714731721256409,4.6931355798137275,16.788999999999998,17.242545454545454,17.072413408906698,4.5162456422288155,4.581868597857849,4.539900426185529,16.1215,16.50961904761905,16.74320048668447,4.322966036079039,4.423091313497718,4.420175252598298,16.642000000000003,16.42361290322581,16.898263950421185,4.301776441076553,4.363186683404969,4.373809869774919,16.872833333333332,16.831355191256833,18.481118806977104,4.329630938049637,4.343102614549716,4.271808248595842,7.972510087929833
2004-02-02,sz000901,19.5,21.07,21.07,19.17,83775,75028432.0,9.9,9.8,1.88,12.47,4.923114436507309,-0.11687439538475264,18.310000000000002,19.109333333333332,18.859277002509625,4.721690005719055,4.827618151813348,4.769795198711588,17.378,18.020909090909093,17.799247334560025,4.594983411528599,4.655844742272119,4.609575700789488,16.3735,16.980904761904764,17.15527663080976,4.351630694428786,4.4802483040146965,4.468074222494394,16.741333333333333,16.709290322580646,17.167408211684336,4.334366277540028,4.403273005690823,4.409248874080235,16.948166666666665,16.968967213114755,18.56600015756802,4.342778299381082,4.3625610899089855,4.29316254983884,7.8752258703357665
2004-02-03,sz000901,21.41,21.9,23.15,21.14,81362,79502176.0,9.54,3.94,0.83,12.11,4.910421615655692,-0.01269282085161727,19.422000000000004,20.306,19.872851335006416,4.813755313675873,4.890528688458894,4.816670671026289,17.948999999999998,18.843090909090908,18.544838728276382,4.607498285631947,4.713197143022501,4.664274958037889,16.678,17.507238095238094,17.607155046923115,4.3834762479345475,4.5334664869886865,4.5102025456526125,16.852,17.04210752688172,17.472736714156316,4.352865280724334,4.440437866214415,4.441582599343168,17.027333333333335,17.131322404371584,18.67531162781169,4.35206974891602,4.381172346180283,4.31340055199677,7.9003790155981015
2004-02-04,sz000901,21.88,22.03,22.21,20.96,77313,73125856.0,5.71,0.59,0.13,11.5,4.888252525659227,-0.022169089996465274,20.496000000000002,21.175333333333334,20.59190089000428,4.911984746457901,4.915361092453344,4.840531289237268,18.503999999999998,19.585090909090912,19.178504414044312,4.635009152786202,4.764243368482006,4.704998152150859,16.997,18.01695238095238,18.02837837578758,4.416935857595066,4.581540418200561,4.546207305653242,16.954333333333334,17.376172043010754,17.76675370033978,4.359660781712295,4.47497897879086,4.4704000139442055,17.121333333333332,17.29534426229508,18.785301410506392,4.364308345102658,4.398752109352192,4.332248157690621,7.864070962904263
2004-02-05,sz000901,21.97,22.88,24.05,21.43,76942,76609488.0,11.89,3.86,0.85,11.45,4.8861634709969834,-0.002089054662243406,21.414000000000005,21.969999999999995,21.354600593336187,4.929588176142255,4.90675400063304,4.855742016490507,19.113,20.380727272727274,19.8515036114908,4.683082325689163,4.809907789974875,4.737937301031972,17.3565,18.577238095238094,18.490437578093523,4.457525154262674,4.626228762334078,4.578584083305027,17.097666666666665,17.75847311827957,18.096640558382376,4.383902730039276,4.508946894228581,4.49722346278632,17.2205,17.48415300546448,18.919553823276672,4.374520769706417,4.415862113479875,4.350409315503945,7.884282559852823
2004-02-06,sz000901,22.75,21.45,22.88,21.29,60590,59161928.0,6.95,-6.25,-1.43,9.02,4.78240095249653,-0.10376251850045382,21.866000000000003,21.982000000000003,21.38640039555746,4.878070600263149,4.85769159275113,4.8312949951591815,19.597,20.805636363636363,20.142139318492468,4.73126287254982,4.827965722121669,4.7460216012982555,17.64,18.967095238095236,18.772300665894143,4.499671735345324,4.6571693145468265,4.597995213704218,17.19633333333333,18.039268817204302,18.31298632880932,4.411574110569466,4.53465645696776,4.51562201050956,17.287333333333333,17.622825136612022,19.00251927169383,4.383228251249322,4.429235234227091,4.36457297573321,7.772042318572276
2004-02-09,sz000901,21.29,21.83,22.3,21.18,39150,37399472.0,5.22,1.77,0.38,5.83,4.592731766393962,-0.18966918610256744,22.018000000000004,21.970000000000002,21.53426693037164,4.811994066240478,4.762578648128068,4.751773918904108,20.163999999999998,21.211636363636362,20.44902307876656,4.766842035979767,4.802778248275149,4.718150722224747,17.96,19.366142857142858,19.063510126285177,4.5243467429109785,4.666032174646696,4.597493933008003,17.31866666666667,18.33821505376344,18.539890436628077,4.4235466863587805,4.546344047666114,4.520596833469844,17.358166666666666,17.771765027322402,19.095223557867804,4.388744408729061,4.436104201936751,4.372053591820447,7.572865470940985
2004-02-10,sz000901,21.83,22.37,22.73,21.83,36959,36303916.0,4.12,2.47,0.54,5.5,4.567720211997279,-0.025011554396683344,22.112000000000002,22.087333333333333,21.812844620247763,4.743453785508796,4.681154030047001,4.6904226832684985,20.767,21.612727272727273,20.798291609899913,4.778604549592335,4.766574280278333,4.690799720365208,18.322,19.786142857142856,19.378413923781828,4.549169959626777,4.670162981226344,4.594658340530791,17.470333333333333,18.66410752688172,18.786994279426267,4.437586322691775,4.555645565449244,4.523637051439356,17.45,17.936087431693988,19.202593277281974,4.399247780728726,4.441972261060299,4.378468890842639,7.559953473671461
2004-02-11,sz000901,22.41,23.87,24.09,22.39,80037,82840960.0,7.6,6.71,1.5,11.91,4.903290801754989,0.3355705897577099,22.48,22.673333333333336,22.498563080165177,4.746461440727948,4.734433035462399,4.761378722763996,21.488,22.176909090909092,21.356784044463563,4.829223093592924,4.78924450794427,4.7294344624360765,18.7645,20.31452380952381,19.806184026278796,4.59597582856675,4.703888775714745,4.624051908266429,17.711666666666666,19.076989247311825,19.114930132366506,4.454360875707779,4.585691015711386,4.5481308417823,17.588833333333337,18.146579234972677,19.35562300589568,4.410461812068338,4.4584982617496856,4.395676166610256,7.918245123059258
2004-02-12,sz000901,23.96,23.98,24.65,23.42,47031,49581688.0,5.15,0.46,0.11,7.0,4.672384213061724,-0.23090658869326486,22.700000000000003,23.173333333333336,22.992375386776786,4.703705589140897,4.709740626240324,4.731713886196572,22.057,22.63,21.83373240001564,4.816646882641576,4.760728347847689,4.719061689822558,19.207,20.8112380952381,20.20369030949034,4.620182372868511,4.711165764714266,4.6286549849136005,18.005,19.48139784946236,19.4288056076977,4.4611552132070305,4.599757037476157,4.556147188316457,17.737333333333332,18.35612568306011,19.507241923735165,4.415253667377818,4.467085881454387,4.404748561575878,7.695321308164081
2004-02-13,sz000901,24.05,23.22,24.3,23.15,30389,31428868.0,4.8,-3.17,-0.76,4.52,4.482716409141233,-0.1896678039204911,23.054000000000002,23.34666666666667,23.06825025785119,4.6437686804698375,4.636077566240436,4.648714727178126,22.46,22.841454545454546,22.08578105455825,4.7609196403664935,4.700013716302172,4.676089820607771,19.6245,21.193428571428566,20.49095789906269,4.6385826412976545,4.698073768168811,4.614756072935279,18.234333333333336,19.81784946236559,19.673398794297853,4.468950570841524,4.601148082375137,4.551409718692249,17.877000000000002,18.53588524590164,19.628971696727454,4.424043893817478,4.469297774626957,4.407304884446873,7.49732873894927
2004-02-16,sz000901,23.15,24.25,24.3,23.09,31452,32638572.0,5.21,4.44,1.03,4.68,4.497648266994226,0.014931857852992891,23.538000000000004,23.745333333333335,23.462166838567462,4.62475198058989,4.5873707617485655,4.59835924045016,22.778,23.166909090909087,22.479275408274933,4.718373023415184,4.65214619387085,4.643645901768944,20.078,21.633952380952376,20.84896190867577,4.6566782174718915,4.68465144680658,4.60360294855994,18.508333333333333,20.20595698924731,19.968663388214125,4.4738781374242516,4.602999546643053,4.547941237937538,18.039333333333335,18.74483606557377,19.780480821424913,4.432345998048566,4.471711032763901,4.410266962563179,7.513731149282595
2004-02-17,sz000901,24.32,24.77,25.15,23.83,54403,58806068.0,5.44,2.14,0.52,8.1,4.735622849101157,0.237974582106931,24.018000000000004,24.156000000000002,23.898111225711645,4.658332508010665,4.6243277179189874,4.644113776667159,23.065,23.52909090909091,22.89577078858858,4.70089314675973,4.655282525813755,4.660368983102074,20.506999999999998,22.08080952380952,21.222394107849503,4.654195716195839,4.692169983152224,4.616176272421009,18.807000000000002,20.60993548387097,20.27842704058741,4.489281880876274,4.619886302235112,4.560049728980352,18.2245,18.965513661202184,19.94407161416508,4.441143114113506,4.4816545360771,4.420934368679179,7.769422141772528
2004-02-18,sz000901,24.77,24.39,24.95,24.27,34148,36748148.0,2.75,-1.53,-0.38,5.08,4.533365272749635,-0.20225757635152153,24.122000000000003,24.279999999999998,24.06207415047443,4.584347402209595,4.582671972831978,4.607197608694651,23.301,23.770000000000003,23.16744882702702,4.6654044214687715,4.624822912357373,4.63727739940163,20.9025,22.45061904761905,21.524070859482883,4.650206787127487,4.680662321871633,4.608289510547545,19.098333333333336,20.97012903225806,20.543689812162416,4.499758712219633,4.622730392033394,4.558328151159016,18.38133333333333,19.16766120218579,20.089839757962945,4.44148579492312,4.484678213409432,4.42462062782903,7.565235456790345
2004-02-19,sz000901,24.34,23.89,24.77,23.76,30964,32810468.0,4.14,-2.05,-0.5,4.61,4.490857058784643,-0.04250821396499216,24.104000000000003,24.20266666666667,24.004716100316287,4.548041971354179,4.551508525023661,4.568417425391315,23.402,23.87709090909091,23.29882176756756,4.625873780247537,4.593087028232985,4.61065551928945,21.2575,22.73514285714286,21.749397444294036,4.654478052968351,4.665486157267553,4.597105467522507,19.371666666666666,21.2792688172043,20.75958079202291,4.513641362924295,4.622156091811781,4.553975177457445,18.515333333333334,19.348273224043712,20.21443517573465,4.437803573187722,4.486296943372104,4.4267923140898695,7.516012425094002
2004-02-20,sz000901,23.91,23.6,23.98,23.2,30585,31557318.0,3.26,-1.21,-0.29,4.55,4.485508484833821,-0.005348573950821667,24.180000000000003,24.034666666666666,23.869810733544195,4.548600386492696,4.530664029516875,4.540781111872151,23.616999999999997,23.913090909090908,23.35358144619164,4.596184533481266,4.567566065430492,4.58790151302479,21.607000000000003,22.958238095238098,21.925645306742222,4.663723703015544,4.649393817445216,4.586477183456918,19.632333333333335,21.55206451612903,20.942833644150465,4.531842668057306,4.620341067418848,4.549557971481728,18.644166666666663,19.514983606557376,20.3254373011204,4.4395799721066584,4.487861038835912,4.42871743444213,7.499100086194694
2004-02-23,sz000901,23.62,23.31,24.52,23.2,33241,35162904.0,5.59,-1.23,-0.29,4.95,4.521674080333172,0.03616559549935072,23.992,23.744666666666667,23.68320715569613,4.553405549160486,4.521688594130366,4.534412101359158,23.765,23.85727272727273,23.34565754688407,4.589078764875188,4.554018710312657,4.575860161626314,21.964499999999997,23.120428571428572,22.05748861086201,4.6779604004274775,4.635865281951658,4.580305459349894,19.895,21.78933333333333,21.095554054205273,4.545924083565714,4.619685029501161,4.547759010762467,18.768166666666666,19.66796174863388,20.42329181583776,4.445826675060783,4.490552648941699,4.431765193323804,7.546084734976677
2004-02-24,sz000901,23.29,22.35,23.31,21.97,38670,38065472.0,5.75,-4.12,-0.96,5.75,4.587374172073066,0.06570009173989355,23.508000000000003,23.197333333333336,23.23880477046409,4.5237558137548675,4.533011468434561,4.552066124930461,23.762999999999998,23.6,23.164628901996053,4.591044160882767,4.553708784348634,4.577953618071177,22.265,23.157142857142862,22.085346838398962,4.68482435523755,4.62723802210838,4.580978670085435,20.13566666666667,21.947720430107527,21.17648605070816,4.563128026712107,4.6223592287596995,4.550314827621214,18.856333333333335,19.78539890710383,20.486462575974226,4.446226673286387,4.495193550483086,4.436867127053287,7.580531219279063
2004-02-25,sz000901,22.35,21.74,23.13,21.63,26419,26068448.0,6.71,-2.73,-0.61,3.93,4.421916374871954,-0.1654577972011113,22.978,22.608,22.739203180309396,4.501466034179332,4.499064988806922,4.508682874910958,23.55,23.232181818181818,22.9056054652695,4.542906718194463,4.522958277801214,4.549583210216773,22.519,23.107142857142858,22.052456663313347,4.686064905893693,4.602199166835467,4.565829880065103,20.359666666666666,22.051225806451615,21.21284178937215,4.5782861251093205,4.613248799608723,4.542031056476101,18.906333333333336,19.879945355191257,20.5275621636472,4.441284968837092,4.494396491518677,4.436376938457178,7.416115175966958
2004-02-26,sz000901,21.72,21.2,21.85,20.78,26279,24498922.0,4.92,-2.48,-0.54,3.91,4.419608834908103,-0.002307539963851468,22.440000000000005,22.015333333333334,22.226135453539598,4.487216389404024,4.4717792557165135,4.47899152824334,23.272,22.804909090909092,22.595495380675043,4.517629180379101,4.500540480840058,4.525951505615196,22.6645,22.981523809523807,21.971270314426363,4.667138031510339,4.576822398170172,4.551904066240627,20.562,22.10544086021505,21.21201328683201,4.585997975372041,4.603011555079611,4.534132848633004,18.94766666666667,19.955147540983607,20.5496093058227,4.434976010709306,4.493685798602973,4.4358271645703224,7.389146974986919
2004-02-27,sz000901,21.2,21.85,22.03,21.14,21069,20046266.0,4.2,3.07,0.65,3.14,4.32364392313595,-0.09596491177215327,22.090000000000003,21.81866666666667,22.1007569690264,4.454843477064449,4.417255100293821,4.427208993207543,23.135,22.546363636363637,22.459950766006852,4.501721931778572,4.465270434068576,4.489168308800787,22.7975,22.90395238095238,21.959720760671473,4.631320786072533,4.544108673563088,4.530165004992562,20.794666666666664,22.188537634408597,21.253173719939625,4.592962404791294,4.586085487193412,4.520552917955776,18.99866666666667,20.05030601092896,20.59224506628753,4.431270291057049,4.490035566223519,4.4321490255069005,7.3020334888455665
2004-03-01,sz000901,21.88,22.64,22.71,21.47,19847,19327526.0,5.68,3.62,0.79,2.95,4.297694869693073,-0.02594905344287657,21.956,22.002000000000002,22.2805046460176,4.410047634936429,4.36487223117003,4.38403761870272,22.974,22.45636363636364,22.492686990369243,4.4817265920484575,4.428174604598484,4.454354956235748,22.875999999999998,22.888952380952382,22.02450925965514,4.60004980773182,4.5123347767650435,4.508024992106897,21.043333333333333,22.307591397849464,21.342646383169328,4.598361008997414,4.567035968799979,4.506174979358183,19.065166666666663,20.16969398907104,20.659384572310888,4.427815420762847,4.485656044211584,4.427740692529398,7.286176266169687
2004-03-02,sz000901,22.53,22.1,22.73,21.88,17303,16957968.0,3.75,-2.39,-0.54,2.57,4.238121407781512,-0.05957346191156088,21.906000000000002,22.05,22.2203364306784,4.340197082078118,4.307563488785058,4.335398881728985,22.707,22.29745454545455,22.421289355756652,4.431976447916493,4.3838827529135855,4.4150397656077045,22.886000000000003,22.815047619047622,22.031698853973698,4.566434797338112,4.4778654053412055,4.482319888837813,21.240333333333332,22.37576344086021,21.391507906835823,4.58012262676939,4.543794704205403,4.488881200546785,19.137666666666668,20.269196721311477,20.706617865022004,4.420961863247337,4.479436568376131,4.421523666799959,7.229373811407878
2004-03-03,sz000901,21.65,21.61,22.46,21.41,11885,11403859.0,4.75,-2.22,-0.49,1.77,4.074999186064199,-0.1631222217173134,21.880000000000003,21.95133333333333,22.0168909537856,4.270813644316567,4.219164190113751,4.248598983174056,22.429000000000002,22.098,22.273782200164533,4.386139839247949,4.318977796213169,4.353214205690703,22.865,22.69352380952381,21.991537058357153,4.5257721303583605,4.4310620137913075,4.443527440954612,21.411333333333335,22.399612903225805,21.405604170910934,4.562184471167641,4.51120609512765,4.462179135096296,19.188166666666667,20.350256830601094,20.736236951414725,4.4109086749172235,4.468093529779963,4.41016220841518,7.057051838951303
2004-03-04,sz000901,21.54,22.17,22.46,21.14,22464,21544262.0,6.11,2.59,0.56,3.34,4.351487090449711,0.27648790438551263,22.074000000000005,22.048000000000002,22.067927302523735,4.257189295424888,4.2460553388247995,4.282895018932608,22.256999999999998,22.050909090909094,22.254912709225525,4.372202842414456,4.312677296431671,4.352900184737795,22.8295,22.627333333333333,22.008533528989805,4.499038311330997,4.414463438561913,4.434761693287479,21.590666666666667,22.44855913978495,21.454920030852165,4.560386316117052,4.4976127157264925,4.455037712861032,19.24866666666667,20.448021857923496,20.783245575958503,4.407919676653903,4.466145281108896,4.408238434055656,7.333331621895395
2004-03-05,sz000901,22.28,22.95,23.42,21.99,51725,52025084.0,6.45,3.52,0.78,7.7,4.713700499337772,0.36221340888806086,22.294000000000004,22.34,22.361951535015823,4.335200610665253,4.398225740129093,4.42649684573433,22.192,22.176909090909092,22.381292216639064,4.395022043864851,4.3747677795086375,4.418500241937791,22.9045,22.63880952380952,22.098197002419347,4.495603288673059,4.43490745646732,4.461327293863698,21.802,22.53625806451613,21.551376803055252,4.574156483298646,4.507503953353637,4.471725634569209,19.313166666666667,20.56937704918033,20.8542867046156,4.411559545064955,4.47617088185263,4.418253583737037,7.7162127900986
2004-03-08,sz000901,23.06,22.3,23.87,22.26,42260,43035900.0,7.02,-2.83,-0.65,6.29,4.625929492716295,-0.08777100662147763,22.226000000000003,22.342,22.341301023343885,4.400847535269898,4.49513536747944,4.492974394728318,22.091,22.196545454545454,22.36651181361378,4.405447585103164,4.416750952027082,4.456214651170246,22.928,22.581238095238092,22.117416335522265,4.497263174989175,4.447319475900009,4.477003693754422,22.006666666666668,22.56838709677419,21.599675073825882,4.587122795319373,4.510844147509614,4.481674270578698,19.37316666666667,20.66730601092896,20.90168714052984,4.414860446005007,4.483199404726444,4.425062629933079,7.633830889698488
2004-03-09,sz000901,22.08,21.43,22.48,21.36,20842,19961306.0,5.02,-3.9,-0.87,3.1,4.31893939156067,-0.3069901011556242,22.092000000000002,22.076666666666664,22.037534015562592,4.4170111320257295,4.467832652909697,4.434962727005769,21.999000000000002,22.076363636363638,22.196236938411275,4.378604107051924,4.40102218956481,4.431255513059414,22.881,22.43857142857143,22.051948113091573,4.484824133967345,4.430336258430628,4.46194995068835,22.176333333333332,22.531182795698925,21.588728294869373,4.582750939175674,4.493541992428407,4.471175246125922,19.422833333333337,20.734743169398907,20.919008873627224,4.414138813181617,4.480054452121712,4.421583179494639,7.300188952283936
2004-03-10,sz000901,21.43,21.94,21.99,21.43,15470,14771886.0,2.61,2.38,0.51,2.3,4.189490313699367,-0.12944907786130333,22.158000000000005,22.026,22.00502267704173,4.439909357552763,4.391992380134243,4.353138589236968,22.019,22.065636363636365,22.14964840415468,4.355361500934665,4.366637863500708,4.38729820408486,22.7845,22.348952380952383,22.041286388035232,4.4491341095645645,4.402209227928916,4.4360014138322565,22.352333333333334,22.51593548387097,21.611390985522963,4.575830437574017,4.468170339171871,4.453002024679048,19.4765,20.817273224043724,20.95248399252469,4.4103477093201,4.472688927548525,4.4139735773374165,7.169435947383898
2004-03-11,sz000901,22.01,22.1,22.3,21.85,19186,18582712.0,2.05,0.73,0.16,2.86,4.282984440133955,0.09349412643458788,22.144000000000002,22.006666666666664,22.036681784694487,4.426208827489612,4.339684074327975,4.329753872869297,22.109,22.08036363636364,22.140621421581102,4.34169906145725,4.353478397900579,4.368332065184695,22.6905,22.283761904761906,22.046878160603306,4.429664120918176,4.386385449887905,4.421428368718133,22.479333333333333,22.49965591397849,21.642914147747288,4.558658374825976,4.449277049014447,4.442033148256784,19.53966666666667,20.90328961748634,20.99010746817962,4.412503075762742,4.468513082657175,4.409678851527467,7.269109096131517
2004-03-12,sz000901,22.15,22.46,23.2,21.97,38196,37948568.0,5.57,1.63,0.36,5.68,4.582017884668628,0.29903344453467273,22.046000000000003,22.112000000000005,22.17778785646299,4.3998723045557835,4.39162042672098,4.413841876802408,22.17,22.144181818181814,22.198690254020903,4.367536457610518,4.397172729393557,4.407184032363592,22.6525,22.26180952380952,22.086223097688706,4.434629194694545,4.400895332149853,4.436722608332467,22.58833333333333,22.498408602150533,21.695629364021656,4.543392676585195,4.450784114165587,4.451064421573678,19.615166666666667,20.99903825136612,21.03830066594422,4.4225845588308745,4.474070945244253,4.4153293116304555,7.57919539231498
2004-03-15,sz000901,22.48,22.71,23.09,22.08,25887,25623922.0,4.5,1.11,0.25,3.85,4.413081723708829,-0.1689361609597988,22.128000000000004,22.333333333333332,22.35519190430866,4.35730275075429,4.396023566438661,4.413588492437881,22.177,22.242363636363635,22.291655662380737,4.379075143012093,4.405453686865977,4.408256339880907,22.575499999999998,22.267285714285716,22.14563042171835,4.430400867530276,4.398843192055976,4.434471095511168,22.643000000000004,22.506258064516125,21.76107263085897,4.526391586158579,4.442376955915499,4.448613924937236,19.69216666666667,21.10050819672131,21.093110480175557,4.430378931849304,4.473759376879596,4.4152556202231885,7.40864560365213
2004-03-16,sz000901,22.75,22.88,23.06,22.57,24738,24821938.0,2.16,0.75,0.17,3.68,4.393364585185002,-0.01971713852382706,22.418,22.584,22.530127936205776,4.372187789479156,4.408044177915565,4.406847190020255,22.255000000000003,22.37018181818182,22.398627360129694,4.394599460752443,4.4080517672610515,4.405548748118015,22.481,22.296285714285716,22.2155703815547,4.413287954334468,4.395315927070712,4.430556189765819,22.675666666666665,22.521548387096775,21.8332614933842,4.509156351809556,4.433794568755913,4.445049451404834,19.76383333333333,21.20502732240437,21.151697021809145,4.431010816266945,4.4725457917430615,4.414537881369478,7.394835686503896
2004-03-17,sz000901,23.02,22.91,23.53,22.79,48658,49479468.0,3.23,0.13,0.03,7.24,4.687154254064293,0.2937896688792909,22.612000000000002,22.748,22.65675195747052,4.471720577552142,4.513032999443945,4.500282878034934,22.384999999999998,22.489272727272727,22.491604203742476,4.455814967552452,4.461243547863207,4.456749749199156,22.407,22.337142857142858,22.281706535692347,4.4209774034002,4.421398431806884,4.454994100651389,22.705,22.536666666666665,21.902728493811026,4.502453076089725,4.44527830438525,4.460669116092542,19.829666666666665,21.308180327868854,21.209346299782613,4.43105692890101,4.480943937244614,4.423476123097177,7.694425021476355
2004-03-18,sz000901,22.93,21.88,22.97,21.74,34445,33751244.0,5.37,-4.5,-1.03,5.13,4.537126189088166,-0.15002806497612653,22.568000000000005,22.503999999999998,22.397834638313682,4.522548927342983,4.5348348699559535,4.512563981719345,22.356,22.397454545454544,22.38040343942566,4.474378877416298,4.476027406324246,4.4713636473607945,22.3065,22.286952380952386,22.243448770388316,4.423290859915377,4.432460220920024,4.462816204312034,22.671666666666667,22.483440860215048,21.901262139371603,4.490818500026097,4.447515279417408,4.465601830479356,19.884666666666664,21.375404371584704,21.23133494569138,4.437360615032687,4.484421617906488,4.427202354769013,7.528289784644937
2004-03-19,sz000901,21.85,22.37,22.39,21.52,21248,20516766.0,3.98,2.24,0.49,3.16,4.327318057687924,-0.20980813140024246,22.550000000000004,22.438,22.388556425542458,4.471608961946843,4.469757913404266,4.450815340375538,22.298,22.4,22.378511904984627,4.435740633251313,4.449289075464541,4.445173540147545,22.244999999999997,22.293,22.255501268446572,4.415381338558083,4.42331995404122,4.449911618919262,22.702333333333335,22.463978494623657,21.93150329167021,4.475649070199143,4.436966863782687,4.456680296750876,19.949333333333335,21.456890710382513,21.268668226160514,4.443611590384306,4.48081366520666,4.423927459782748,7.312108905219359
2004-03-22,sz000901,22.21,22.3,22.71,21.85,14950,14555349.0,3.84,-0.31,-0.07,2.22,4.174641192660449,-0.15267686502747502,22.468000000000004,22.354666666666667,22.359037617028306,4.423920855737167,4.370768656975469,4.3587572911371755,22.298000000000002,22.400363636363636,22.36423701316924,4.3906118032457275,4.401816449902565,4.395985840604436,22.1945,22.298238095238094,22.259739242880233,4.398029694174446,4.400392321098589,4.423695387846994,22.718,22.438021505376344,21.95527727285278,4.46171271774136,4.417547000715675,4.438484225519236,20.01833333333333,21.533961748633885,21.30248238267984,4.442629702050071,4.471994963641943,4.41575413954923,7.163022623169337
2004-03-23,sz000901,22.39,22.55,22.57,22.08,15539,15304348.0,2.2,1.12,0.25,2.31,4.191423066687808,0.016781874027358867,22.402,22.382,22.42269174468554,4.383532552037728,4.293269393959016,4.30297921632072,22.41,22.446181818181817,22.398012101683925,4.377860170758442,4.365600315982944,4.358792608983231,22.204500000000003,22.33209523809524,22.28738312451069,4.378232138905183,4.380715499433194,4.401574214403262,22.724,22.42718279569893,21.993646481055826,4.449169479564378,4.400108958712219,4.422544795917209,20.097166666666666,21.61696721311475,21.343384599641155,4.443377901128077,4.463758680515312,4.408399022406232,7.184814832395703
2004-03-24,sz000901,22.57,22.73,23.11,22.35,25158,25293806.0,3.37,0.8,0.18,3.74,4.400676112787212,0.20925304609940465,22.366000000000003,22.491333333333333,22.525127829790364,4.326236923782313,4.2989839142088435,4.335544848476218,22.489,22.504363636363635,22.45837353774139,4.398978750667227,4.369748669079084,4.366407791493046,22.253999999999998,22.38214285714286,22.32953711265253,4.377170125800946,4.382853020755292,4.401488680916019,22.686,22.427569892473123,22.041153159697387,4.432415656598786,4.396980354404016,4.421133913134629,20.198833333333333,21.703289617486337,21.388847399652917,4.443388266153282,4.462358621881185,4.408145812254789,7.403014183256336
2004-03-25,sz000901,22.82,23.24,23.47,22.75,31043,31646174.0,3.17,2.24,0.51,4.62,4.491963684895695,0.0912875721084827,22.638,22.782666666666668,22.763418553193578,4.317204422943818,4.354226167913304,4.387684460616043,22.603,22.64090909090909,22.60048743997023,4.419876675143401,4.386655020756987,4.389236135748073,22.356,22.47604761904762,22.41624786382848,4.380787868300326,4.3937857406690775,4.410105347961703,22.661333333333335,22.46331182795699,22.118498117136266,4.4264016389932515,4.400822162681235,4.425703575828892,20.333166666666667,21.803000000000004,21.44954092753315,4.44377842610014,4.463951258561265,4.4108939392266215,7.5003212116321265
2004-03-26,sz000901,23.33,23.24,23.62,22.97,25598,26257468.0,2.8,0.0,0.0,3.81,4.4082060347300205,-0.08375765016567449,22.812,22.983333333333334,22.922279035462388,4.3333820183522365,4.384560038508706,4.394524985320702,22.681,22.75672727272727,22.716762450884733,4.40249549014954,4.384533086136373,4.392685208290245,22.4255,22.5602380952381,22.49470044822577,4.385015973880029,4.396396994614762,4.409924460987257,22.661999999999995,22.500645161290326,22.190853077321023,4.42391795984621,4.399648252728769,4.42457470220961,20.44816666666667,21.898306010928962,21.508244503679602,4.446434265343867,4.46278495064749,4.410805811210339,7.419252844881977
2004-03-29,sz000901,23.42,23.02,23.83,23.0,25268,26070830.0,3.57,-0.95,-0.22,3.76,4.40257086822233,-0.005635166507690137,22.956000000000003,23.052666666666664,22.95485269030826,4.378967953464612,4.407622988465404,4.397206946287912,22.712,22.818363636363635,22.771896550723874,4.40144440460089,4.384546791240516,4.394482601005169,22.444499999999998,22.616857142857143,22.544728976966173,4.390259773806492,4.39806888931403,4.40922411881917,22.621,22.52374193548387,22.24434642717128,4.42074871322048,4.3982710210111,4.423155100016882,20.564666666666664,21.982628415300542,21.55781025765732,4.447313425322365,4.461346806479571,4.4105358130795835,7.416154857738409
2004-03-30,sz000901,22.97,22.71,23.18,22.21,20197,20046746.0,4.21,-1.35,-0.31,3.01,4.305286865476126,-0.0972840027462043,22.988000000000003,22.970666666666666,22.873235126872174,4.401740713222276,4.383062625802575,4.36656691935065,22.695,22.818000000000005,22.76064263241044,4.392636632630002,4.367063602308741,4.378265194545343,22.475,22.642142857142854,22.560469074397965,4.393618046691222,4.389976231377804,4.399325332786499,22.55233333333333,22.529483870967738,22.274388593160232,4.40640418043298,4.390821869543721,4.415550697788446,20.679666666666666,22.052967213114755,21.595586970521012,4.447843030654627,4.456690197960023,4.407085027912257,7.302043887732601
2004-03-31,sz000901,22.93,23.83,23.96,22.48,46525,48133880.0,6.52,4.93,1.12,6.92,4.667686381802804,0.3623995163266782,23.208000000000002,23.25133333333333,23.192156751248117,4.455142767025395,4.471711181996083,4.466940073501368,22.787,23.024363636363635,22.95507124469945,4.390689845403854,4.417072647612887,4.430887228592154,22.586000000000002,22.77119047619048,22.68137678159816,4.423252406478153,4.416077977578907,4.424883527930909,22.533666666666665,22.61191397849462,22.374750619407962,4.410881550734752,4.407678785761129,4.431817516111953,20.816,22.156256830601095,21.668846414110487,4.455320131477193,4.463898176686191,4.415629334597193,7.682450870916353
2004-04-01,sz000901,23.87,23.6,24.03,23.38,26427,27476942.0,2.73,-0.97,-0.23,3.93,4.422047864705878,-0.24563851709692663,23.280000000000005,23.382,23.32810450083208,4.441159602987431,4.460679547889578,4.451976003902871,22.959,23.17218181818182,23.072331018390457,4.379182012965624,4.4227741056678,4.429280071521922,22.657500000000002,22.867761904761906,22.76886470716024,4.426780445190961,4.41596325931488,4.424613464766621,22.524,22.680709677419348,22.453798966542934,4.408587910932126,4.408399193114106,4.431187216021239,20.947833333333335,22.24753551912568,21.73216292512326,4.461114636928211,4.4628072826936895,4.415839778207314,7.4389683970037535
2004-04-02,sz000901,23.65,23.87,24.25,23.62,30200,31762994.0,2.67,1.14,0.27,4.49,4.480006942957151,0.05795907825127333,23.406000000000006,23.578666666666667,23.508736333888056,4.455519784632857,4.4736286612128175,4.461319650254298,23.109,23.337818181818186,23.217361742319465,4.394450901492547,4.441105911120806,4.4385031390556,22.703500000000002,22.983238095238093,22.87373473504974,4.41509576737193,4.421032449578328,4.4298890341181,22.533,22.767548387096774,22.545166775153067,4.4084045262029035,4.41300687259959,4.434336875823556,21.082666666666668,22.343344262295084,21.802255943971677,4.470123597130105,4.46342670256349,4.417943619674521,7.501921432558409
2004-04-05,sz000901,23.91,23.69,24.27,23.31,21719,22595478.0,4.02,-0.75,-0.18,3.23,4.33683982531461,-0.1431671176425411,23.540000000000003,23.673333333333336,23.569157555925372,4.442373576051313,4.4340686747734015,4.419826375274402,23.247999999999998,23.443454545454546,23.303295970988653,4.410670764757963,4.430631169997544,4.420018900193601,22.773000000000003,23.07719047619048,22.951474284092622,4.400641284001845,4.413579502715725,4.421027204708244,22.545666666666666,22.842193548387097,22.619026983207707,4.402243384368952,4.408389795122926,4.428046743532657,21.220333333333333,22.4288306010929,21.864149191710307,4.474083733967333,4.459056742831835,4.415284478875835,7.354021533123142
2004-04-06,sz000901,23.6,23.58,23.8,23.0,21873,22419884.0,3.38,-0.46,-0.11,3.25,4.339908352955007,0.0030685276403970008,23.714000000000006,23.686666666666664,23.57277170395025,4.44929787354709,4.399913600407966,4.3931870345012705,23.351000000000003,23.503818181818183,23.353605794445258,4.425519293384683,4.417765276942461,4.40545334615022,22.8805,23.15404761904762,23.0113338760838,4.401689732071562,4.407795414044598,4.4133015997793645,22.586666666666666,22.908924731182793,22.681025242355595,4.393994523731683,4.4043681801929955,4.422360395753454,21.36116666666667,22.506196721311472,21.92040659526079,4.478561275221894,4.454657550011758,4.412813130484988,7.350633361234412
2004-04-07,sz000901,23.6,23.33,23.87,23.29,19869,20575334.0,2.46,-1.06,-0.25,2.96,4.298176009766551,-0.04173234318845598,23.614000000000004,23.558666666666667,23.4918478026335,4.37539579913984,4.3495396458144535,4.361516692923031,23.410999999999998,23.5,23.349313831818847,4.415269283082617,4.394611952648255,4.385948375898644,22.95,23.196857142857144,23.041683030742483,4.4071240168749215,4.397936964301263,4.402337257873382,22.639666666666667,22.956881720430104,22.72289458155846,4.389869844894836,4.398186340582341,4.414348499883332,21.499666666666666,22.570748633879777,21.966622772465353,4.484077985002078,4.448743279013223,4.4090545363630715,7.313346893856585
2004-04-08,sz000901,23.29,22.93,23.49,22.88,20458,20745332.0,2.61,-1.71,-0.4,3.04,4.310863174272544,0.012687164505993387,23.48,23.33066666666667,23.30456520175567,4.353158861053172,4.328028770858688,4.344632186706202,23.380000000000003,23.412545454545455,23.273074953306327,4.397159232020302,4.375629023773697,4.372296521057534,22.9915,23.194952380952383,23.03104655162415,4.4085179535818515,4.3887692650057994,4.393625440387589,22.697333333333333,22.9756129032258,22.736256221457918,4.386244989540318,4.393089136026064,4.407672027263281,21.629666666666665,22.617644808743172,21.998208911073046,4.486121482456179,4.443064104890943,4.405835147442071,7.316920389495878
2004-04-09,sz000901,22.84,22.1,23.06,21.85,21794,21521090.0,5.28,-3.62,-0.83,3.24,4.338336946561072,0.027473772288527876,23.126,22.87066666666666,22.903043467837115,4.324824861773957,4.323088132694654,4.342533773324492,23.266,23.17981818181818,23.059788598159724,4.390172323203407,4.364934062781109,4.366122052967269,22.9735,23.110047619047617,22.94237545146947,4.396333906676474,4.382085359575249,4.388359869546968,22.70566666666667,22.9370752688172,22.695207432976762,4.3867347569878214,4.389998294543532,4.403198796250236,21.750166666666665,22.633065573770494,22.001546323824748,4.489848580889557,4.43821871027143,4.403622091675481,7.3328642636949635
2004-04-12,sz000901,21.85,21.72,22.3,21.67,24162,23259780.0,2.85,-1.72,-0.38,3.6,4.383132879991075,0.04479593343000321,22.732000000000003,22.401999999999997,22.508695645224744,4.33408347270925,4.342524138767027,4.35606680888002,23.136,22.898727272727278,22.81619067122159,4.388228524380282,4.363654164015231,4.36921493060796,22.924,22.990666666666662,22.82595874180571,4.394836464490586,4.3808281189385445,4.387862061017835,22.675,22.87348387096774,22.632290824397618,4.389582690664422,4.389765915382452,4.40190422100771,21.85916666666667,22.632076502732243,21.9923152968141,4.493971849830917,4.434719834832137,4.402950314243205,7.3666056026865885
2004-04-13,sz000901,21.81,21.99,22.32,21.61,12329,11903259.0,3.27,1.24,0.27,1.83,4.090927852581608,-0.29220502740946763,22.414,22.154666666666667,22.335797096816496,4.28428737263457,4.261472265391146,4.26768715678055,23.064,22.69036363636363,22.66597418554494,4.36679262309083,4.309599496415471,4.318617280057714,22.8795,22.901714285714288,22.7463436235385,4.379714627860416,4.35188444161388,4.359582612595338,22.671333333333333,22.829290322580643,22.590852706694548,4.384676238824425,4.370497861312593,4.381841229496349,21.95583333333333,22.636366120218586,21.992239385443142,4.482399432796908,4.421505277545274,4.392720069598562,7.075665883404459
2004-04-14,sz000901,22.08,21.27,22.26,20.96,13003,12216127.0,5.91,-3.27,-0.72,1.94,4.114043562548077,0.02311570996646939,22.002000000000002,21.773333333333333,21.980531397877666,4.247460883190875,4.204724328695648,4.216472625369725,22.808,22.364181818181816,22.41216069726404,4.311428341165358,4.263645121771335,4.281422058692325,22.7975,22.748428571428573,22.605739468915786,4.351059093284606,4.326582435393656,4.336197941162265,22.660000000000004,22.738881720430108,22.505636403036835,4.385977718040554,4.353037688649603,4.364563960660976,22.035666666666668,22.613879781420763,21.968559405592547,4.474081094604098,4.409428035897772,4.383583134941169,7.086933539037927
2004-04-15,sz000901,21.41,20.24,21.47,20.2,16436,14973217.0,5.97,-4.84,-1.03,2.45,4.215796132589833,0.10175257004175631,21.464000000000006,21.185999999999996,21.400354265251778,4.228447474854333,4.194169411828635,4.216247127776429,22.472,21.897272727272725,22.017222388670575,4.290803167953753,4.246257447484876,4.269490072128235,22.7155,22.50485714285714,22.380430948066664,4.334992590459689,4.313700248660822,4.324731102250604,22.595666666666663,22.582752688172047,22.35946631251833,4.381454686111892,4.34205823152375,4.35496603626929,22.09316666666667,22.55500546448087,21.91188532672066,4.470920501114472,4.400959676487467,4.378081921749322,7.175315118663102
2004-04-16,sz000901,20.24,19.91,20.49,18.94,19709,17079002.0,7.66,-1.63,-0.33,2.93,4.294664589500175,0.0788684569103415,21.026000000000003,20.668,20.903569510167856,4.219713003442154,4.2162417833772485,4.242386281684345,22.076,21.431454545454542,21.634091045275923,4.272268932608055,4.24695952412968,4.274067257104951,22.5925,22.237666666666666,22.145151810155554,4.3333599170503,4.309859486664677,4.321867624845801,22.494333333333334,22.409483870967737,22.20143622783973,4.367486822450639,4.3364588704520255,4.351075620348702,22.148166666666665,22.4834262295082,21.846249742238015,4.470821652874642,4.395180794139457,4.37534692724935,7.23246248938834
2004-04-19,sz000901,19.86,19.64,20.29,19.39,11819,10262569.0,4.52,-1.36,-0.27,1.76,4.07258073264895,-0.22208385685122511,20.610000000000003,20.206,20.482379673445237,4.157602573973729,4.167197693112848,4.18578443200588,21.671,20.988545454545456,21.271529037043937,4.245843023341489,4.21065257868257,4.237433343567496,22.4595,21.95647619047619,21.906565923474073,4.328256894049726,4.285023373864548,4.298126016065148,22.405666666666665,22.225333333333335,22.036182277656522,4.349041863781727,4.317432671109983,4.33310820823904,22.206166666666668,22.4011912568306,21.773913685115456,4.46808232955055,4.382123714787796,4.365420166770647,7.011256090100068
2004-04-20,sz000901,19.39,18.63,19.39,18.05,16450,13436099.0,6.82,-5.14,-1.01,2.45,4.216165902285993,0.14358516963704293,19.938000000000002,19.546,19.864919782296823,4.182650183914606,4.186718802550269,4.1959115887659175,21.176,20.435636363636366,20.791251030308675,4.233468778274588,4.205256738490661,4.233566536061767,22.2635,21.591761904761906,21.594512026000352,4.329494035829636,4.274348041315621,4.290320290943324,22.312333333333335,21.981741935483868,21.816428582323844,4.345616080805905,4.3088600284328376,4.325563543338844,22.24433333333333,22.283939890710382,21.670834547898554,4.464183509990789,4.373864159795515,4.360526584328527,7.128273195154392
2004-04-21,sz000901,18.49,18.76,19.14,18.31,12628,10371400.0,4.46,0.7,0.13,1.88,4.101334573220179,-0.11483132906581339,19.436000000000003,19.153333333333332,19.496613188197884,4.180108386049026,4.15961359898546,4.164385916917338,20.719,19.996363636363636,20.42193266116164,4.21378463461995,4.181232337571678,4.20952436099966,22.065,21.258095238095237,21.324558499714602,4.314526958851284,4.252618568686149,4.272321651160167,22.20633333333333,21.752559139784942,21.61923964152876,4.342677556123265,4.293099931169243,4.311097158169899,22.279333333333334,22.169699453551914,21.5753973496068,4.459253996848641,4.361967473344019,4.352028485603663,7.015837384280657
2004-04-23,sz000901,18.76,18.74,19.08,18.72,9436,7804027.0,1.92,-0.11,-0.02,1.4,3.974787932213558,-0.12654664100662139,19.136000000000003,18.921333333333333,19.24440879213192,4.131906745973771,4.091173447706971,4.1011865886827445,20.3,19.636545454545455,20.116126722768612,4.180177110414052,4.137778391679606,4.1668450103112775,21.84,20.94142857142857,21.078410071170353,4.288668171217177,4.220262470911129,4.243985106498585,22.094333333333335,21.528924731182798,21.4334822453011,4.332404339192585,4.269365116723455,4.289399788753361,22.286833333333334,22.053655737704922,21.482433502078706,4.445531357009281,4.346083340077295,4.33965994286956,6.892318763276392
2004-04-26,sz000901,18.65,18.2,18.76,18.07,7491,6019999.5,3.68,-2.88,-0.54,1.11,3.87453979707101,-0.10024813514254793,18.794000000000004,18.609333333333332,18.896272528087948,4.047881787487938,4.005384464739384,4.0256376581455005,19.91,19.25472727272727,19.76774004590159,4.133797395465046,4.082207971071782,4.113698607903956,21.588,20.594761904761903,20.80427577867794,4.261984859334226,4.180821673373398,4.208799838934055,21.952333333333335,21.277677419354838,21.224870487539743,4.308821736272664,4.239825468844643,4.2626346279996605,22.270333333333333,21.919661202185797,21.374812731518748,4.426107206428929,4.327362305325221,4.324410102023706,6.779596455186852
2004-04-27,sz000901,18.09,18.16,18.56,18.09,6264,5019872.5,2.58,-0.22,-0.04,0.93,3.796851749049887,-0.07768804802112284,18.498,18.398000000000003,18.65084835205863,3.992735990768125,3.921707785260033,3.949375688446963,19.554,18.936545454545456,19.47542367391948,4.075169282370927,4.020945126269024,4.056090088112307,21.345000000000002,20.26828571428572,20.552439990232422,4.231698903375604,4.136523281917746,4.1695666875165145,21.800666666666665,21.03301075268817,21.02713690769847,4.288280737117366,4.206795147088335,4.232584119680321,22.221833333333336,21.784896174863388,21.269409035403378,4.407336161637972,4.306730978853777,4.307113106844237,6.700692686617202
2004-04-28,sz000901,18.16,18.72,18.9,18.05,8703,7103030.5,4.68,3.08,0.56,1.3,3.9396689835223264,0.14281723447243921,18.516000000000002,18.471999999999998,18.67389890137242,3.9374366070153926,3.904018782844767,3.946140120138751,19.226999999999997,18.784909090909093,19.338073915025028,4.060043395465,3.9963087082965516,4.034922614550492,21.1455,20.018285714285714,20.377921895924572,4.213418009277914,4.108710908598386,4.147671668088496,21.662,20.83425806451613,20.878289365266312,4.273157550395277,4.184304066211236,4.213686368960451,22.168833333333335,21.670081967213115,21.185821853914742,4.391156951102416,4.291397628751624,4.2950657585386,6.8514436795113145
2004-04-29,sz000901,18.74,18.63,18.87,18.56,6210,5089852.0,1.66,-0.48,-0.09,0.92,3.79309160017658,-0.14657738334574644,18.490000000000002,18.509999999999998,18.659265934248282,3.875788012406672,3.855903780565163,3.8951239468180274,18.963,18.676363636363636,19.209333203202295,4.027948199227849,3.947772018244112,3.9909533392097805,20.8855,19.77871428571429,20.211453143931756,4.169688270196604,4.068679822017307,4.113902137811171,21.519333333333336,20.638645161290317,20.733238438474938,4.243355461932354,4.153332069422933,4.1865512225872985,22.112166666666667,21.554054644808748,21.10202441608147,4.372904269011039,4.27178892872127,4.278607589411977,6.706705154337191
2004-04-30,sz000901,18.63,18.92,19.05,18.52,5663,4673131.5,2.84,1.56,0.29,0.84,3.753046561626529,-0.040045038550050815,18.526000000000003,18.653333333333332,18.746177289498856,3.8314397382892666,3.8149899636384488,3.8477648184208615,18.831,18.668545454545455,19.156727166256424,3.9816732421315186,3.8977899023165996,3.947697561467371,20.6515,19.59152380952381,20.088457606414448,4.136238205042636,4.028999659296348,4.0795349400793,21.420666666666666,20.470946236559143,20.61625531341204,4.217219474350299,4.121699237145138,4.158583179944668,22.046166666666668,21.449393442622952,21.030482631947653,4.354018987188198,4.2514657252004655,4.261376080304257,6.6696080020645105
2004-05-10,sz000901,18.99,18.36,19.05,18.18,4302,3494305.0,4.6,-2.96,-0.56,0.64,3.6336704060514435,-0.11937615557508563,18.558,18.598000000000003,18.617451526332573,3.7832658600853533,3.7490668528925073,3.7764000142977223,18.676,18.58290909090909,19.011867681482528,3.9155738237866458,3.8345166593929485,3.8906017150281116,20.375999999999998,19.373285714285714,19.923842596279737,4.09392137819735,3.981136059392424,4.037071651124267,21.287,20.273483870967738,20.47069045448223,4.194097885962416,4.084050910158115,4.124717839693493,21.994666666666667,21.32853551912568,20.94292582434281,4.33487347808078,4.227847738933686,4.240795566394328,6.543360809644033
2004-05-11,sz000901,18.27,17.71,18.43,16.93,10213,7859641.0,8.17,-3.54,-0.65,1.52,4.009153331907709,0.3754829258562653,18.468000000000004,18.315333333333335,18.314967684221717,3.825726176656917,3.824362676833293,3.8539844535010515,18.482999999999997,18.407272727272726,18.775164466667523,3.909231083712522,3.8515311154149603,3.9121565544607653,20.076999999999998,19.119380952380954,19.713000444253097,4.0775370535270055,3.9730629121267445,4.034412763579833,21.134000000000004,20.042709677419356,20.292581392902733,4.188581623937325,4.072119003444908,4.117262064997636,21.926,21.188054644808744,20.83692825633157,4.325147170839342,4.217168389878832,4.23320073903411,6.8954027094898285
2004-05-12,sz000901,17.55,18.4,18.4,17.44,9149,7224955.5,5.42,3.9,0.69,1.36,3.961373627594801,-0.04777970431290779,18.404000000000003,18.292666666666666,18.343311789481145,3.830067105471413,3.8695784938125874,3.889780844865635,18.46,18.392181818181818,18.706952745455244,3.8837518562434026,3.8610115779390113,3.9211051132124077,19.817999999999998,18.959666666666667,19.58795278289566,4.058610317258996,3.9619997287046296,4.0274566553907825,20.99566666666667,19.86632258064516,20.170479367554172,4.180913309300891,4.057460423035713,4.107204746455518,21.859833333333334,21.07244808743169,20.757028969238732,4.315041394432635,4.205241388460979,4.224288374724624,6.858835176526999
2004-05-13,sz000901,18.49,18.29,18.63,18.0,5737,4574974.0,3.42,-0.6,-0.11,0.85,3.758684849882441,-0.20268877771236005,18.336000000000006,18.254666666666665,18.32554119298743,3.8231857554125845,3.8457844086162636,3.846082179871237,18.413,18.361272727272727,18.63114315537247,3.8494868839096283,3.838272122237018,3.8915741562433226,19.566,18.81414285714286,19.464338232143692,4.031635759264789,3.933435398478291,4.001859340580465,20.847666666666665,19.691763440860218,20.049158118034548,4.159513600537399,4.030219877266781,4.0847195918379,21.766833333333334,20.9554043715847,20.67614277352599,4.2959646285680915,4.187000190279005,4.209022685385537,6.6603886302738085
2004-05-14,sz000901,18.29,18.07,18.36,17.62,5084,3992746.5,4.05,-1.2,-0.22,0.76,3.7062055418819706,-0.052479308000470404,18.166000000000004,18.166,18.240360795324953,3.8138175514636727,3.806791004106059,3.799456633874815,18.345999999999997,18.29890909090909,18.52911712712293,3.8226286448764695,3.812220969141081,3.8578707718139853,19.323,18.671666666666667,19.331544114796674,4.00140287764526,3.902442044441832,3.973701835942513,20.675333333333334,19.512559139784948,19.92147049751619,4.133321662436941,4.000974196063204,4.060299330550421,21.668333333333333,20.83419672131147,20.590695469475953,4.2798616507150955,4.1676638267811,4.192536877401813,6.601271737655891
2004-05-17,sz000901,18.27,18.29,18.45,17.87,8596,6878831.5,3.21,1.22,0.22,1.28,3.9342964068194055,0.2280908649374349,18.152000000000005,18.207333333333334,18.256907196883304,3.8739427516172653,3.8469506225579693,3.844403224856346,18.355,18.28872727272727,18.48564128582785,3.8286043058513095,3.8325241985852503,3.8717663418149706,19.1325,18.57328571428571,19.232349437196994,3.9812008506581775,3.896050951982227,3.9699489379307886,20.51033333333333,19.358666666666668,19.816214336386114,4.117524674839921,3.988133856991106,4.05217010966455,21.586166666666664,20.723431693989074,20.515262831132482,4.270721317343065,4.156333818784519,4.18406997672698,6.8375146713457395
2004-05-18,sz000901,18.96,18.74,18.96,18.29,11241,9142206.0,3.66,2.46,0.45,1.67,4.05080494781346,0.1165085409940545,18.358,18.40333333333333,18.41793813125554,3.882273074798415,3.9059046879567014,3.913203799175384,18.413,18.358727272727272,18.53188832476824,3.853999625727667,3.8729243153056414,3.9043188156328776,18.9835,18.53590476190476,19.185459014606803,3.964584454049297,3.902679913616063,3.977649510300567,20.367666666666665,19.244451612903227,19.746781153393464,4.105799144159625,3.9838293584732694,4.052082034706415,21.49433333333333,20.63011475409836,20.457057492406825,4.263273928690053,4.149123446013057,4.179700631516701,6.96105100295805
2004-05-19,sz000901,18.76,18.94,19.32,18.49,13612,11312286.0,4.43,1.07,0.2,2.03,4.133921940423772,0.08311699261031169,18.466,18.59733333333333,18.59195875417036,3.9167827373642097,3.9897876431651533,3.9867765129248465,18.435,18.454545454545453,18.60609044753765,3.8734249214178105,3.9238192816140245,3.9460648383221306,18.831,18.531761904761904,19.16208196559663,3.9667341584414046,3.918807293270776,3.9925325988837295,20.242,19.152344086021504,19.69473075640034,4.100086979991214,3.9856437324257943,4.057362028623664,21.397166666666667,20.54636612021858,20.407317902491847,4.253245580212097,4.144882397217441,4.17819969082513,7.05355037653165
2004-05-20,sz000901,19.28,18.49,19.28,18.36,7384,6019280.0,4.86,-2.38,-0.45,1.1,3.8682916880178557,-0.265630252405916,18.506,18.60533333333333,18.55797250278024,3.938704104991293,3.9736239600497014,3.9472815712891833,18.421,18.464545454545455,18.584983093439895,3.880944930201939,3.922885966450397,3.931924265539535,18.692,18.499285714285712,19.098074159349334,3.954446564714894,3.909431819897103,3.9807001311822177,20.064,19.03931182795699,19.617006191471287,4.073440490198382,3.970689197459772,4.045163942132967,21.298833333333334,20.451049180327868,20.344455020442936,4.2421610204665665,4.132260958129105,4.168038772700301,6.779544545954228
2004-05-21,sz000901,18.45,18.38,18.45,17.73,8276,6561942.5,3.89,-0.59,-0.11,1.23,3.917820481993697,0.04952879397584109,18.568000000000005,18.563333333333333,18.498648335186825,3.981027093013638,3.966662752383836,3.9374612081906877,18.366999999999997,18.45709090909091,18.547713440087186,3.8974223222386555,3.929590612230716,3.929359941258473,18.599,18.469571428571427,19.029686144173205,3.9395477821850875,3.905943621542704,3.974711593164263,19.889999999999997,18.930666666666664,19.537199340408627,4.056632910774643,3.960649196930437,4.036948235027208,21.206999999999997,20.355349726775952,20.280046659116937,4.232610410853384,4.121626842113602,4.159834894316479,6.817032420496521
2004-05-24,sz000901,18.38,17.89,18.38,17.78,5456,4294690.5,3.26,-2.67,-0.49,0.81,3.7368743616484226,-0.18094612034527424,18.488000000000003,18.337333333333333,18.295765556791217,3.941542683979441,3.8852785085954316,3.870598926009933,18.32,18.370363636363635,18.42812917825315,3.907742717798354,3.900400073941582,3.894362563147555,18.497999999999998,18.40204761904762,18.9211446066329,3.9116582707924996,3.8866413910154023,3.9520604282579925,19.690666666666665,18.801634408602155,19.430928415220976,4.031861824731018,3.9400196131158425,4.017588630293093,21.111833333333333,20.246595628415303,20.201684473572122,4.220133175466961,4.105373201156062,4.145967335868345,6.632931871546688
2004-05-25,sz000901,17.91,17.42,17.91,17.37,4788,3695728.75,3.02,-2.63,-0.47,0.71,3.680154141734373,-0.05672021991404952,18.224000000000004,17.981333333333335,18.00384370452748,3.867412522763624,3.7981489945137414,3.807117331251413,18.291,18.206727272727274,18.244832964025303,3.8748427987810197,3.859020332839041,3.855415577436067,18.387,18.29938095238095,18.778178453620242,3.892036941246771,3.864593378724153,3.9261645914462195,19.48166666666667,18.65513978494624,19.301191098109946,4.009972301945011,3.9173287948579945,3.995818663289305,21.01366666666667,20.12555191256831,20.110481703946807,4.206107843156981,4.087668970541879,4.1306947721262475,6.567700088440603
2004-05-26,sz000901,17.37,17.6,17.69,17.17,4064,3097295.25,2.99,1.03,0.18,0.6,3.6089536992758626,-0.07120044245851043,17.956000000000003,17.773333333333333,17.869229136351656,3.762418874534042,3.711996053351155,3.7410627872595628,18.211,18.08109090909091,18.127590606929793,3.839600805949126,3.810676860201739,3.8106043268614846,18.3355,18.22442857142857,18.665970981846886,3.861676331096264,3.8376330699650185,3.895954030287138,19.282333333333334,18.53374193548387,19.19143683371576,3.9856071468223724,3.8914566269438557,3.970859633352954,20.9345,20.01362841530055,20.028170828407568,4.189800835277028,4.0680901461523336,4.113588507442628,6.490982606497902
2004-05-27,sz000901,17.49,18.02,18.16,17.35,7451,5830372.0,4.6,2.39,0.42,1.11,3.8722145633975855,0.2632608641217229,17.862000000000005,17.794666666666664,17.919486090901103,3.763203449609988,3.7485946163056694,3.784780045972237,18.184,18.046363636363637,18.1080286783971,3.850953777300641,3.8166066342832776,3.821806188049867,18.2985,18.194380952380953,18.60444993595671,3.850220330605135,3.838636711136573,3.893693128678609,19.10533333333333,18.452301075268817,19.115860263798616,3.971408431943407,3.8841409764003205,3.964495435291318,20.8725,19.918071038251366,19.9623291619024,4.180639138419122,4.057677481500549,4.105674607637873,6.765696265289574
2004-05-31,sz000901,18.02,17.87,18.02,17.69,3649,2841825.0,1.83,-0.83,-0.15,0.54,3.5621738633646483,-0.31004070003293727,17.76,17.797333333333334,17.9029907272674,3.6920741258841785,3.6815847542238895,3.7105779851030407,18.164,17.989272727272727,18.064750736870355,3.8365506094489086,3.764101195385824,3.774600310834372,18.255,18.15357142857143,18.53450232300845,3.8295896271626892,3.8112037142565267,3.8621198653153743,18.936666666666667,18.372602150537634,19.035482182263223,3.94645212157981,3.8577387461694337,3.938539204844436,20.817,19.819628415300546,19.89372820577445,4.166348555560064,4.037399931498763,4.0878549111043245,6.4535973304970184
2004-06-01,sz000901,17.78,18.36,18.38,17.78,7934,6322438.0,3.36,2.74,0.49,1.18,3.899492196138132,0.33731833277348366,17.854000000000003,17.997333333333337,18.0553271515116,3.7245976927821203,3.750724110975207,3.7735493887814044,18.171,18.024909090909095,18.118432421075745,3.8330701883807814,3.775545120238411,3.7973079263441463,18.262999999999998,18.16357142857143,18.517883054150502,3.8308372471160452,3.8178611017779973,3.865679134917542,18.812,18.335397849462364,18.99190268663334,3.9318239632323784,3.854709073560294,3.936020042992417,20.75883333333333,19.739071038251367,19.84344203509332,4.159279360110101,4.028650542665257,4.081679084384121,6.800884579196371
2004-06-02,sz000901,18.38,18.4,18.45,18.05,7109,5678372.0,2.18,0.22,0.04,1.06,3.8518085142282374,-0.04768368190989447,18.050000000000004,18.179333333333332,18.170218101007734,3.7589285672808934,3.793127718123913,3.7996357639303486,18.137,18.066545454545455,18.1696265263347,3.8131705450222584,3.778952088574311,3.807217124141254,18.275,18.17661904761905,18.50665609661236,3.8335850853749625,3.819858365312492,3.8643581234233224,18.70133333333333,18.30881720430107,18.953715416527963,3.9141131510402842,3.849546786527768,3.930587041136664,20.688166666666667,19.66173224043716,19.796116066729606,4.151847920852353,4.018569531324868,4.07414234437901,6.754223840506709
2004-06-03,sz000901,18.27,17.96,18.49,17.93,5683,4505782.5,3.04,-2.39,-0.44,0.85,3.7545776560447304,-0.09723085818350707,18.122000000000003,18.149333333333335,18.100145400671824,3.7880533586346665,3.7916774143785252,3.784616394635143,18.039,18.03436363636364,18.131512612455662,3.7752361165843538,3.768298836032943,3.7976463117600674,18.237000000000002,18.146619047619048,18.454593611220705,3.824330519001083,3.812333848233422,3.853902840815837,18.567,18.260989247311826,18.889604744493905,3.9029014778223883,3.8392541739474093,3.9192315969371845,20.619166666666665,19.572284153005462,19.735915539951588,4.143788858323407,4.005544276741011,4.0636648136139515,6.653770223932506
2004-06-04,sz000901,17.82,18.05,18.31,17.71,5656,4450418.5,3.34,0.5,0.09,0.84,3.752509400788843,-0.0020682552558874967,18.128000000000004,18.125333333333334,18.08343026711455,3.764112326112918,3.7798294284299176,3.7739140633530432,17.994999999999997,18.036363636363635,18.116692137463723,3.763657887861453,3.7641667058883046,3.78943960067439,18.208000000000002,18.12880952380952,18.416060886342542,3.822301409031696,3.8054937417370183,3.844246322718028,18.459666666666667,18.22763440860215,18.83543669646204,3.89085033909708,3.829551459300084,3.908475326217937,20.559833333333337,19.488049180327867,19.68063962060891,4.138414028568817,3.992715442067747,4.053462996800014,6.6484008522606555
2004-06-07,sz000901,18.05,17.8,18.07,17.37,5440,4197377.5,3.88,-1.39,-0.25,0.81,3.73559889969818,-0.016910501090662944,18.114000000000004,18.016000000000002,17.988953511409704,3.7987973333796248,3.770324952958338,3.7611423421347556,17.937,18.000909090909094,18.059111748833956,3.7454357296319016,3.7590650716768,3.779650382315079,18.152,18.08995238095238,18.357388420976587,3.8214290259352786,3.797236359895731,3.83389894909709,18.37833333333333,18.185075268817204,18.768634328948362,3.874843764667359,3.8195352374033815,3.8973220083779525,20.487000000000002,19.39756284153005,19.61897930517911,4.128149225389625,3.9795083886621523,4.043041223124543,6.622978030158422
2004-06-08,sz000901,17.82,17.37,17.82,17.33,3769,2879632.75,2.75,-2.42,-0.43,0.56,3.576226137449605,-0.15937276224857477,17.916000000000004,17.768000000000004,17.782635674273138,3.7341441216419193,3.6961345543149986,3.6995036072397056,17.884999999999998,17.897818181818185,17.93381870359142,3.7293709072120196,3.7282996912800193,3.7426641559759015,18.1025,18.01547619047619,18.263351428502624,3.8185568125051867,3.773883703849477,3.8093586813211386,18.293666666666663,18.120021505376343,18.678399856112986,3.850895816265673,3.8002695840344938,3.8766061457374144,20.394,19.295366120218578,19.545242278779796,4.109191319358156,3.961412549713299,4.027735810479464,6.459337104141692
2004-06-09,sz000901,17.24,16.32,17.42,16.03,8450,6175784.0,8.0,-6.04,-1.05,1.26,3.926856708949692,0.35063057150008703,17.500000000000004,17.235999999999997,17.295090449515428,3.7491537605862097,3.760372083417589,3.7752879744763677,17.775,17.613272727272726,17.64039712112025,3.7540411639335516,3.7642062006868686,3.776153711062045,18.033,17.845714285714287,18.078270340073804,3.814441981357286,3.7841979797013345,3.820548969666715,18.183,17.99268817204301,18.526245026686343,3.846038348809031,3.805170286788302,3.879848117557562,20.294333333333334,19.161792349726774,19.43949663029521,4.097540106295379,3.955434365765481,4.0244282989538975,6.790692098006348
2004-06-10,sz000901,16.25,16.28,16.48,16.05,5606,3981474.25,2.63,-0.25,-0.04,0.83,3.7486530934242674,-0.17820361552542474,17.164000000000005,16.829333333333334,16.95672696634362,3.7479688480621176,3.760205194363608,3.766409680792335,17.643,17.341454545454546,17.393052190007477,3.7680111033483916,3.7632265515033625,3.771153598764267,17.927,17.678761904761906,17.907006498162012,3.8038059546487597,3.777932371326761,3.813701743357911,18.104666666666667,17.869913978494623,18.381325992706582,3.83045458851364,3.7988873670860586,3.871383922452188,20.2085,19.03017486338798,19.335906576842905,4.088035334659772,3.943995447310691,4.0153864889365325,6.600043911291943
2004-06-11,sz000901,16.32,16.32,16.77,16.25,6554,4729044.0,3.19,0.25,0.04,0.98,3.816506437046357,0.06785334362208939,16.818,16.548,16.744484644229082,3.76076825531362,3.7830510573583545,3.7831085995436755,17.473000000000003,17.10090909090909,17.1979517918243,3.7624402907132692,3.772043884902993,3.7793995693610105,17.8285,17.525714285714287,17.755863022146585,3.8066970340069552,3.7791419410789135,3.8139688570425245,18.023333333333333,17.754774193548386,18.24833721898358,3.820960317307846,3.7979874863462344,3.8678434395227796,20.11483333333333,18.902683060109286,19.237024393995593,4.081818936715555,3.9350928605036932,4.00886583149751,6.674773354799589
2004-06-14,sz000901,16.34,15.54,16.37,15.38,5888,4029314.0,6.07,-4.78,-0.78,0.88,3.7699678013294426,-0.04653863571691419,16.366000000000003,16.122,16.34298976281939,3.7676420356398728,3.7861175726969623,3.778728333472265,17.240000000000002,16.749454545454547,16.896506011492608,3.7832196845097483,3.7734125231968423,3.7776847024461797,17.702,17.307761904761904,17.544828448608815,3.8098851469793287,3.7756439189191497,3.8097782803079454,17.916666666666668,17.59455913978495,18.07360578550077,3.814132979611709,3.7946976466056914,3.861528882219984,20.005499999999998,18.752688524590166,19.11581047943836,4.073268659402147,3.924868233113984,4.001033109196918,6.605231112797576
2004-06-15,sz000901,15.47,15.96,16.05,15.36,6305,4315061.0,4.44,2.7,0.42,0.94,3.7996850909091004,0.029717289579657802,16.084000000000003,15.986666666666668,16.215326508546262,3.812333826331772,3.796798591120038,3.7857139192845435,17.0,16.516727272727273,16.726232191221225,3.773238973986845,3.7764062334512696,3.781684773075801,17.5855,17.14185714285714,17.393892405884166,3.8031545811838128,3.7746724850077,3.808817024174722,17.842,17.46832258064516,17.937244121920077,3.8116378227396455,3.7937655247539106,3.857538960199927,19.897166666666667,18.620049180327864,19.0123412833912,4.060229779506154,3.9158982800486384,3.994431534826825,6.634986939512675
2004-06-16,sz000901,15.9,16.66,17.15,15.69,16783,12277960.0,9.15,4.39,0.7,2.5,4.224869594573257,0.42518450366415683,16.152000000000005,16.17866666666667,16.36355100569751,3.871936403456485,3.9343105138672003,3.9320991443807816,16.826,16.45490909090909,16.714189974635545,3.810545082021348,3.8585208917397087,3.8622638315298836,17.4815,17.053714285714285,17.323997891038054,3.811857813521803,3.814835819616218,3.848441078498392,17.791999999999998,17.392064516129032,17.85484127534459,3.825905084257091,3.8204256390657565,3.8812377108046583,19.796333333333333,18.51391256830601,18.935215339673455,4.057092910687229,3.92129630677215,4.001986881048019,7.089126214171532
2004-06-17,sz000901,16.48,15.99,16.55,15.9,8909,6314832.0,3.9,-4.02,-0.67,1.33,3.9498289589353135,-0.2750406356379438,16.094,16.124666666666666,16.23903400379834,3.912171576558694,3.96027469902681,3.9380090825656255,16.628999999999998,16.30290909090909,16.582519070156355,3.830070212310406,3.8838452329967925,3.8781847637854163,17.334,16.91166666666667,17.19695047284395,3.8026531644473804,3.8279759287032196,3.8580970671114323,17.701,17.275806451612905,17.73452893499978,3.8262437501041906,3.828420727754674,3.8856629526195396,19.681500000000003,18.389114754098358,18.838650902307112,4.049700650249734,3.917779455895038,4.000276785241045,6.800361801060236
2004-06-18,sz000901,15.9,16.05,16.39,15.87,3947,2774413.5,3.25,0.38,0.06,0.59,3.5962671263955155,-0.353561832539798,16.040000000000003,16.11,16.176022669198893,3.8681237144285263,3.8549732156390832,3.824095097175589,16.429000000000002,16.197636363636363,16.485697421037017,3.8144459848710732,3.841335581012267,3.8269270115327068,17.212,16.789380952380956,17.08771709447786,3.7890519363662634,3.8083201155554223,3.8331608822813448,17.615,17.169290322580647,17.625849648870762,3.8196829343114884,3.813583526225082,3.866992254153474,19.567166666666665,18.27004918032787,18.747219725182287,4.031519198121921,3.902912782981785,3.9870305669182406,6.443171189031858
2004-06-21,sz000901,16.05,16.57,16.57,16.05,5110,3661076.0,3.24,3.24,0.52,0.76,3.708420900134713,0.11215377373919733,16.246000000000002,16.286666666666665,16.307348446132597,3.85581433418958,3.8017389442078118,3.785537031495297,16.306,16.223272727272725,16.50102516266665,3.811728184914726,3.822058292878384,3.8053804458239804,17.1215,16.728238095238098,17.03841070452759,3.778581957273314,3.8006409692476564,3.8212808839816654,17.53666666666667,17.101870967741934,17.557730316685554,3.818195412261761,3.806405330471742,3.85676184421678,19.478666666666665,18.171781420765022,18.67583547189762,4.01770744330603,3.8923193961625318,3.9778958237450097,6.563608744461437
2004-06-22,sz000901,16.7,16.63,16.9,16.48,8271,6030123.0,2.53,0.36,0.06,1.23,3.917558020825436,0.20913712069072332,16.380000000000003,16.414666666666665,16.4148989640884,3.879388920172847,3.8223201730864305,3.829544027938677,16.232,16.28218181818182,16.524475133090895,3.8458613732523097,3.8413000812257856,3.8257763685515176,17.058500000000002,16.681428571428572,16.999514446953533,3.787616140232165,3.813876784824049,3.8304501351096434,17.479,17.04337634408602,17.49787674786713,3.8276583327542277,3.8128158213468164,3.860684178191532,19.383,18.078382513661204,18.608758899048517,4.0108781093583215,3.889035808540218,3.9759175351246956,6.780326170792965
2004-06-23,sz000901,16.63,16.25,16.66,15.92,5102,3622593.75,4.45,-2.29,-0.38,0.76,3.7077404542737713,-0.20981756655166484,16.298000000000002,16.371333333333332,16.359932642725603,3.77596309211295,3.7651040177867388,3.788942836717042,16.225,16.285454545454545,16.474570563438004,3.8239497477847175,3.8161871868660517,3.804315293228291,17.0,16.60442857142857,16.928132118672245,3.7889954558591343,3.806269576637535,3.8187634988395605,17.430333333333333,16.964086021505373,17.41736857058538,3.817611236833096,3.805079184025498,3.8508168411645802,19.28216666666667,17.97566120218579,18.531422541702664,4.00309643038521,3.8790968690292487,3.967124843949255,6.559019633503001
2004-06-24,sz000901,16.28,16.37,16.75,16.03,7228,5195277.5,4.43,0.74,0.12,1.08,3.8590181438888944,0.1512776896151231,16.374000000000002,16.395333333333333,16.363288428483735,3.7578009291036665,3.7927890350453874,3.812301272440993,16.234,16.311818181818182,16.455557733722003,3.83498625283118,3.8225632588849923,3.814261266075673,16.9385,16.544428571428575,16.8749766787987,3.8014986780897866,3.8129384040689405,3.822597274558545,17.362666666666666,16.895677419354843,17.349796404741163,3.8141993873762328,3.807750597383937,3.8513459574693747,19.179166666666667,17.880180327868853,18.460556228859954,3.997556348338562,3.8743729907834683,3.9635803619800627,6.715608749872029
2004-06-25,sz000901,16.23,15.81,16.48,15.81,5743,4030287.75,4.09,-3.42,-0.56,0.85,3.7591388162811663,-0.09987932760772811,16.326000000000004,16.207333333333334,16.178858952322493,3.790375267080796,3.7932349974378874,3.7945804537210512,16.183,16.234727272727273,16.338183600318,3.8292494907546613,3.8087728158758987,3.8042390024766717,16.828,16.43695238095238,16.77355032843692,3.795844890733965,3.8089041315157384,3.8165536118654613,17.279999999999998,16.79550537634409,17.250454701209474,3.814214519589524,3.804198302474577,3.8453971096507806,19.06383333333333,17.769715846994533,18.37365274594651,3.986864060063461,3.8665560225192905,3.956877360481738,6.6053360545222235
2004-06-28,sz000901,15.58,15.54,15.96,15.4,4737,3228432.75,3.54,-1.71,-0.27,0.7,3.6755033847279566,-0.08363543155320974,16.12,15.945333333333332,15.965905968214996,3.783791763999445,3.754944369986941,3.75488809739002,16.183,16.11781818181818,16.19305930935109,3.8198030490945123,3.780818978416498,3.7808325265223597,16.7115,16.314285714285713,16.65606934477626,3.80151136680213,3.7974430357056423,3.8031202568999847,17.195666666666668,16.683247311827955,17.140102785002412,3.8131911143510564,3.7952491969996376,3.8344362241718892,18.9355,17.654180327868854,18.280746098538426,3.973256388393999,3.856347475786979,3.9476519842275155,6.508991744247171
2004-06-29,sz000901,15.47,15.38,15.72,14.73,6363,4217532.0,6.37,-1.03,-0.16,0.95,3.8036619232362243,0.12815853850826775,15.870000000000005,15.698666666666666,15.770603978809998,3.761012544481603,3.7615677563992005,3.7711460393387553,16.125000000000004,15.971818181818183,16.045230344014527,3.820200732327225,3.777884228260446,3.7849833259248804,16.5625,16.187476190476193,16.534538930988045,3.796719853157035,3.797647850604128,3.803171844170103,17.098666666666666,16.56610752688172,17.02654776661516,3.8088366315649504,3.7946344104760996,3.832450785401847,18.8045,17.53760655737705,18.18563966907815,3.9631806532024356,3.850787001519512,3.9429309986212435,6.625058386429082
2004-06-30,sz000901,15.31,15.02,15.38,15.02,4024,2663954.0,2.34,-2.34,-0.36,0.6,3.604657972047871,-0.19900395118835323,15.624000000000004,15.415333333333333,15.52040265254,3.7403960480364224,3.709449565587957,3.7156500169084605,15.960999999999999,15.770909090909093,15.858824826920975,3.7581795700746867,3.738694635482382,3.752196897947242,16.3935,16.04057142857143,16.390297128036803,3.7843623260480173,3.7793562428794454,3.784265761110843,16.974666666666668,16.432,16.897093071994828,3.793965065706097,3.781461593733062,3.817754474862881,18.671166666666668,17.41352459016393,18.08184820451821,3.949882104932861,3.8390321595144434,3.9318400797171984,6.425526721354626
2004-07-01,sz000901,15.02,15.6,15.72,15.02,6433,4352838.5,4.66,3.86,0.58,0.96,3.8084135514003683,0.20375557935249722,15.470000000000002,15.407333333333334,15.546935101693334,3.7302751295387173,3.732122066709272,3.7465711950724296,15.922,15.705272727272726,15.811765767480797,3.7440380293211915,3.7478280866325058,3.762418107665992,16.2755,15.965,16.31503073489044,3.7870541208157986,3.7816468357701454,3.786565550662226,16.863333333333333,16.34331182795699,16.81340964799516,3.7831147860719843,3.7823937541004353,3.817151834639493,18.552666666666667,17.312830601092895,18.000476132238923,3.9416008830315983,3.8343938462838705,3.9277933082969745,6.63877255416407
2004-07-02,sz000901,15.65,15.51,15.72,15.36,4101,2781635.0,2.31,-0.58,-0.09,0.61,3.612889769287485,-0.19552378211288346,15.410000000000002,15.420666666666667,15.53462340112889,3.7010253201399808,3.6929936132921948,3.7020107198107812,15.868,15.630363636363638,15.756899264302469,3.7457002936103883,3.723982948444559,3.7352311370517177,16.1485,15.892095238095239,16.23836114109135,3.7800731392407307,3.765059754672211,3.770025000055108,16.764,16.256,16.729318702963216,3.7746013887809715,3.771411494953048,3.8039736368748476,18.414,17.213071038251364,17.918821177083547,3.924020939489677,3.823616432718489,3.917468602099942,6.444300142232017
2004-07-05,sz000901,15.85,16.07,16.55,15.85,14841,10498165.0,4.51,3.61,0.56,2.21,4.171463165083844,0.5585733957963588,15.516000000000002,15.640666666666666,15.71308226741926,3.8002172762111583,3.849806228273482,3.8584948682351357,15.818000000000001,15.667090909090911,15.813826670792928,3.7920045201053014,3.8013943796215512,3.8145460512393763,16.062,15.884619047619049,16.222326746701697,3.8018663525100136,3.802334995228698,3.8082572062483204,16.687,16.211225806451612,16.68678201244946,3.7830561448839766,3.7970154805209746,3.827682638694783,18.2885,17.136218579234974,17.858204089310316,3.9198445278293095,3.831729292574036,3.9257962926895775,7.021113394306229
2004-07-06,sz000901,15.92,15.9,16.21,15.81,6842,4783195.0,2.49,-1.06,-0.17,1.02,3.8351830698490437,-0.33628009523479996,15.620000000000005,15.768666666666666,15.775388178279506,3.806521505533722,3.8614614928194433,3.8507242687731056,15.745000000000001,15.682,15.829494548830576,3.783767025007662,3.809245025029504,3.8182982364411338,15.988499999999998,15.869190476190475,16.191628961301536,3.814814199129986,3.8055080159276535,3.8108215742102938,16.62066666666667,16.160451612903223,16.636021882614013,3.786333101823997,3.800378507938076,3.8281665374789293,18.155666666666665,17.057907103825137,17.79400067654604,3.9090974632775075,3.828953507066487,3.9228253673505433,6.679718086432844
2004-07-07,sz000901,15.81,15.63,16.03,15.58,4644,3205973.25,2.83,-1.7,-0.27,0.69,3.666892211066536,-0.1682908587825076,15.742,15.772,15.72692545218634,3.8189683533374557,3.814918394663715,3.7894469162042492,15.683000000000002,15.66109090909091,15.793222812679561,3.7796822006869393,3.78799505885839,3.790769868191207,15.953999999999999,15.835047619047618,16.138140488796626,3.801815974235828,3.791420207540658,3.7971140158156502,16.561,16.0965376344086,16.571117245026013,3.7858910374684025,3.7926726440182397,3.817761742226517,18.021333333333335,16.97509836065574,17.723049834692073,3.8979316697067063,3.8210123512562904,3.914434116324838,6.5059598943668915
2004-07-08,sz000901,15.58,15.76,15.85,15.4,3324,2268354.75,2.88,0.83,0.13,0.49,3.5216610151120733,-0.14523119595446277,15.774000000000004,15.778,15.737950301457559,3.761617846079796,3.7158159485885873,3.7001849491735244,15.622,15.675090909090908,15.787182301283275,3.745946487809257,3.7410821160265963,3.7418409858131825,15.928,15.816571428571427,16.102127108911233,3.7904663703202184,3.764738782862205,3.770880396701024,16.499666666666666,16.044860215053767,16.518787100185627,3.7829812813296098,3.775625545801703,3.7986584695094567,17.891000000000002,16.900956284153004,17.658687545030038,3.884294214075991,3.8086756084826954,3.901556309727698,6.355710975229498
2004-07-09,sz000901,15.81,15.51,15.96,15.47,3078,2115252.0,3.11,-1.59,-0.25,0.46,3.48826861549546,-0.03339239961661322,15.774000000000004,15.690000000000001,15.661966867638373,3.7366936153213914,3.6246995383938088,3.6295461712808366,15.592000000000002,15.654727272727273,15.73678551923177,3.718859467730686,3.6942315937877237,3.6957369184826874,15.8875,15.776761904761907,16.045734050919688,3.774054479242673,3.7359580443074667,3.7439649889671607,16.416,15.981010752688173,16.453704061463974,3.7701830830662053,3.7566118254253054,3.778633317637586,17.760666666666665,16.822890710382513,17.58823877306184,3.870795757504806,3.795691162627596,3.888005893523362,6.3253621143540855
2004-07-12,sz000901,15.47,14.95,15.47,14.91,5122,3360471.25,3.61,-3.61,-0.56,0.76,3.709439574132411,0.22117095863695102,15.550000000000002,15.415333333333333,15.424644578425582,3.644288897131105,3.6156148579974827,3.656177305564695,15.533000000000001,15.538,15.593733606644175,3.722253086671132,3.692518885860765,3.6982283104190006,15.857999999999999,15.68747619047619,15.941378427022574,3.771028067882822,3.7298042438207744,3.740676854220994,16.31866666666667,15.88643010752688,16.356690896208235,3.7750919400917975,3.7526928893650613,3.7741692051533815,17.627666666666666,16.73073770491803,17.50173914115817,3.8607720308358036,3.790400795959648,3.8821512601007075,6.526400184212393
2004-07-13,sz000901,14.98,15.09,15.2,14.91,2331,1529916.5,1.94,0.94,0.14,0.35,3.3675422735205767,-0.34189730061183443,15.388000000000002,15.262,15.313096385617055,3.5507607378654114,3.5233659834606397,3.5599656282166556,15.504,15.457454545454542,15.502145678163416,3.6786411216995667,3.628026010742482,3.6381035764374685,15.8145,15.614333333333335,15.860294767306138,3.7494209270133956,3.6913770253100844,3.705140227487621,16.209666666666667,15.807161290322579,16.27496890290448,3.7573602760045457,3.726399362489499,3.7479352095641683,17.51083333333333,16.647535519125682,17.422665726693964,3.8445921196184623,3.774229328506691,3.8652788343111952,6.184667728478501
2004-07-14,sz000901,15.25,14.84,15.25,14.46,4569,2931470.75,5.24,-1.66,-0.25,0.68,3.659821158055705,0.2922788845351283,15.23,15.079333333333333,15.155397590411372,3.5493465272632454,3.5597194568574038,3.5932508048296725,15.486,15.33672727272727,15.381755554860977,3.6841574403003507,3.6246041991708715,3.642052227640784,15.723499999999998,15.52152380952381,15.763123837086507,3.721168505187518,3.6828437139807804,3.700824125636962,16.090999999999998,15.718795698924731,16.182390264007417,3.750960697465461,3.720106516170218,3.7422504320474936,17.396166666666666,16.559967213114756,17.337988161884326,3.8325369242528726,3.7681712641931573,3.8585425170569168,6.467085565183968
2004-07-15,sz000901,14.84,14.98,15.13,14.53,4043,2609773.0,4.04,0.94,0.14,0.6,3.6067037413336744,-0.05311741672203052,15.074000000000003,14.996,15.096931726940916,3.566355072507565,3.5788385282142134,3.5977351169976735,15.424000000000001,15.244727272727273,15.308709090340798,3.663986459293681,3.6105217084496575,3.6356252301304,15.672999999999998,15.450714285714286,15.68854061450684,3.704012244307436,3.6719423078994624,3.6918602795128397,15.991666666666667,15.64711827956989,16.104816698587584,3.7460315669750925,3.710799615774618,3.7335054842595055,17.279333333333334,16.480748633879784,17.26067707460943,3.824466522398741,3.7607668975400697,3.8502855080168104,6.416602733723431
2004-07-16,sz000901,15.02,15.47,15.54,14.98,10537,7047849.0,3.74,3.27,0.49,1.57,4.02271698005103,0.4160132387173552,15.066000000000003,15.128000000000002,15.221287817960611,3.6732447454186796,3.730959164062035,3.739395738015459,15.419999999999998,15.253090909090911,15.338034710278833,3.7049691803700355,3.6757454394964477,3.7060055482977874,15.644,15.431380952380952,15.667727222649045,3.7253347369902117,3.7022951398750426,3.723370441468858,15.905666666666667,15.613462365591399,16.063860782549675,3.755038486283832,3.7286502875859697,3.752164290439604,17.182666666666666,16.4214262295082,17.20196635085174,3.822944412690456,3.767266912545063,3.855938998903178,6.848056590754549
2004-07-19,sz000901,15.49,15.87,16.07,15.31,10559,7270041.5,4.91,2.59,0.4,1.57,4.023622789879007,0.0009058098279774995,15.250000000000004,15.395999999999999,15.43752521197374,3.7360813885679987,3.847751845548811,3.834138088636642,15.4,15.334909090909091,15.434755672046316,3.690185142849552,3.73368245940717,3.763754137676191,15.608999999999998,15.452904761904762,15.68699129668247,3.741094831477427,3.7307035258644516,3.7519659032222057,15.841333333333333,15.611161290322581,16.051353635288407,3.764639282623193,3.745978307172755,3.7696777420163396,17.10983333333333,16.37838797814208,17.158295322954963,3.8197415236452756,3.7738465314692777,3.8614368281155,6.86153688997452
2004-07-20,sz000901,15.63,15.6,15.81,15.51,5907,4021523.0,1.89,-1.7,-0.27,0.88,3.771366970857781,-0.2522558190212263,15.352,15.512666666666666,15.491683474649161,3.8168463280354397,3.8595137063120717,3.813214382710355,15.37,15.371272727272729,15.464800095310622,3.6838035329504257,3.7484427917723027,3.7651382891637524,15.5575,15.452047619047615,15.67870641128414,3.733785278979044,3.7335865867578186,3.7538136239494033,15.782333333333332,15.595591397849462,16.022234045914963,3.7711439770701327,3.7464123515749863,3.769786724522239,17.038,16.32888524590164,17.107203673022013,3.8110198966679025,3.772260480558212,3.858483718041476,6.604390556874075
2004-07-21,sz000901,15.58,15.43,15.74,15.25,4948,3329948.0,3.14,-1.09,-0.17,0.74,3.694429690957083,-0.07693727990069776,15.470000000000002,15.538666666666668,15.471122316432774,3.823768034615715,3.8187081606192863,3.7736194854592644,15.35,15.382181818181818,15.458472805254143,3.6865572809394798,3.7503748205007863,3.752282180398903,15.516499999999999,15.439904761904758,15.655020086399936,3.7331197408132097,3.7298384355176317,3.7481580112834685,15.752666666666666,15.572860215053762,15.984025397791418,3.763396409803712,3.7414630427935003,3.7649249804212617,16.967833333333335,16.27616393442623,17.052213388660636,3.8047173793063718,3.768437850862775,3.853104897481332,6.522437451677675
2004-07-22,sz000901,15.31,14.93,15.58,14.93,5554,3668509.75,4.21,-3.24,-0.5,0.83,3.744605875414239,0.05017618445715577,15.460000000000003,15.358666666666666,15.290748210955185,3.851348461431828,3.792320774218794,3.7639482821109227,15.267000000000001,15.30581818181818,15.362386840662479,3.7088517669696963,3.7609291104052875,3.750886488583509,15.4445,15.38404761904762,15.585970554361847,3.7273991273894764,3.7309323530986824,3.7478197126292563,15.707666666666666,15.519784946236559,15.916023759224231,3.7632615025367113,3.7402507502522435,3.7636140704208088,16.906166666666667,16.209349726775958,16.982632621819302,3.7968580455251755,3.7664669818827052,3.8495475524955256,6.564489677660642
2004-07-23,sz000901,14.8,15.02,15.04,14.75,3089,2005409.38,1.94,0.6,0.09,0.46,3.4898179083014504,-0.2547879671127884,15.370000000000001,15.211999999999998,15.200498807303457,3.744768647081912,3.671810589842002,3.672571490841099,15.217999999999998,15.26090909090909,15.300134687814754,3.709006696250296,3.7211047724656066,3.703419473986771,15.404999999999998,15.343619047619045,15.532068596803576,3.7139330819904908,3.708305570328394,3.7232481122170844,15.664333333333333,15.475419354838708,15.858215774758152,3.752371884911881,3.7226092280435172,3.7459498018969795,16.843833333333333,16.14750819672131,16.91828401126785,3.7866661011098635,3.7564000921376652,3.8377531379317853,6.302203041957089
2004-07-26,sz000901,15.11,14.66,15.11,14.53,4694,3011388.75,3.86,-2.4,-0.36,0.7,3.6715430852625737,0.18172517696112322,15.128000000000004,14.975333333333333,15.020332538202306,3.6743527061586256,3.6474020692355555,3.672228688981591,15.188999999999998,15.159454545454548,15.183746562757525,3.7052170473633117,3.714293206831475,3.6976237669460073,15.361,15.272666666666668,15.449014444727045,3.713735067017222,3.704268427782878,3.7183238239357026,15.635,15.41062365591398,15.78091153122537,3.749091061042985,3.7173944667758194,3.7411493685657278,16.775833333333335,16.075907103825134,16.844241912537758,3.781612020327347,3.7526255670279176,3.832303628008204,6.478766823623631
2004-07-27,sz000901,14.6,14.64,14.91,14.48,4242,2704446.0,2.93,-0.14,-0.02,0.63,3.627570664180543,-0.0439724210820307,14.936000000000002,14.812666666666667,14.893555025468206,3.645593444823178,3.6318080552428613,3.6573426807145752,15.144,15.059636363636365,15.084883551347065,3.731219886429309,3.7001756826164254,3.684886839170468,15.324000000000002,15.204,15.371965449991137,3.704930504064438,3.6960622941793844,3.709680665863783,15.591000000000001,15.346430107526883,15.707304335662444,3.743353913485367,3.7095544411717913,3.733821710218297,16.7165,16.005879781420763,16.771971685897174,3.7774958681125055,3.7475750307608093,3.825591071817133,6.4320783142542695
2004-07-28,sz000901,14.78,14.82,14.89,14.57,4481,2873693.0,2.19,1.23,0.18,0.67,3.6513749439130434,0.023804279732500433,14.814000000000002,14.774,14.869036683645472,3.6369824954143697,3.6337352216061505,3.6553534351140646,15.142,15.000727272727271,15.036722905647599,3.7303752650150424,3.685658420340742,3.678793767305481,15.313999999999998,15.156,15.319397311896743,3.7072663526576966,3.6909617646411568,3.7041277399637123,15.529666666666666,15.296688172043014,15.650058894651966,3.7242374251300263,3.7036203141026083,3.7285025640050553,16.660833333333336,15.943699453551913,16.707972614228414,3.7750712546935588,3.7434399184919744,3.819879067623556,6.458440370086479
2004-07-29,sz000901,14.82,15.27,15.34,14.66,8507,5605076.5,4.59,3.04,0.45,1.27,3.929776432804902,0.2784014888918587,14.882000000000001,14.926,15.002691122430315,3.674016606892502,3.7313332007363273,3.7468277676776776,15.171000000000001,15.024,15.07913692280258,3.7626825341621655,3.721913178120716,3.7244269792144666,15.2975,15.151809523809522,15.314692806001815,3.713334496727923,3.712153200845653,3.725618091662873,15.505666666666665,15.279935483870966,15.625538965964743,3.7235690075923458,3.7168808952429235,3.741487974895368,16.603333333333335,15.898098360655737,16.660825971138955,3.7749063788482684,3.7485122194136586,3.8234822599245835,6.748581544370982
2004-07-30,sz000901,15.2,14.73,15.31,14.69,4757,3104174.75,4.06,-3.54,-0.54,0.71,3.677333151419902,-0.25244328138500016,14.824000000000003,14.875333333333336,14.911794081620211,3.711519655516193,3.7324387155787937,3.723662895591753,15.097,14.943818181818184,15.015657482293019,3.7281441512990527,3.706395108531214,3.71586446507,15.258500000000002,15.097761904761906,15.259007776858784,3.716556665834544,3.7087245012925076,3.7210195259254473,15.461666666666668,15.229892473118278,15.56776225848315,3.7262712084264917,3.7138979367801843,3.7373489540259834,16.538333333333334,15.836677595628414,16.597520201593415,3.7729770713689903,3.7453130972028923,3.8186904858752495,6.491946161949704
2004-08-02,sz000901,14.69,14.39,14.69,14.24,6917,4343239.5,3.05,-2.31,-0.34,1.03,3.839917775678681,0.16258462425877918,14.770000000000001,14.730666666666666,14.737862721080143,3.7451945935994138,3.77523808896629,3.7624145222873957,14.949000000000002,14.815272727272728,14.90190157642156,3.7097736498790197,3.7267175856911465,3.7384196124533964,15.1745,15.015047619047621,15.176245131443661,3.6999793963642857,3.7204731784205207,3.7323431687590887,15.389,15.160752688172044,15.491777596645527,3.730654437611291,3.7212299733771013,3.7439662973584156,16.462833333333336,15.766240437158471,16.525142490065765,3.774424924936526,3.747507874393374,3.819386462590116,6.637813778397584
2004-08-03,sz000901,14.33,14.55,14.8,14.33,5210,3290821.25,3.27,1.11,0.16,0.78,3.7168377232995247,-0.12308005237915642,14.752000000000004,14.657333333333334,14.675241814053429,3.7630480054232107,3.7657857988663266,3.747222255958105,14.844,14.742727272727274,14.837919471617639,3.704320725123194,3.728001962676693,3.7344956326072376,15.107,14.955571428571426,15.116602737972837,3.69406212903681,3.7220787333667342,3.7308664596677015,15.319666666666667,15.106623655913976,15.431017751700656,3.7239637610270937,3.7203385724537608,3.7422160667739712,16.399333333333335,15.703524590163934,16.460383719899674,3.7758110468906607,3.7456197694216686,3.8160242088428835,6.517304293036717
2004-08-04,sz000901,14.48,14.91,15.13,14.48,8808,5735001.0,4.47,2.47,0.36,1.31,3.9448773059636952,0.22803958266417057,14.770000000000001,14.710000000000003,14.753494542702288,3.821748477833341,3.8263955657131548,3.8131072726266355,14.791999999999998,14.754727272727274,14.851025022232612,3.7293654866238555,3.7717395228295105,3.7727468459447753,15.071000000000002,14.936809523809524,15.096926286737329,3.707961383781668,3.7459658930740565,3.7512484450292245,15.275,15.080193548387097,15.397403703203839,3.7318683227500915,3.734591059223864,3.7552909854313734,16.352666666666668,15.654693989071038,16.40955146678821,3.774739779791594,3.7511629254568506,3.8202489005517624,6.7585334979643035
2004-08-05,sz000901,14.87,14.69,14.91,14.6,4268,2743872.75,2.08,-1.48,-0.22,0.64,3.630224410752432,-0.31465289521126305,14.654000000000002,14.683333333333334,14.73232969513486,3.7618380734228465,3.762554210019519,3.7521463186685677,14.768,14.736181818181821,14.821747745463046,3.717927340157675,3.75371387267107,3.7468336759098038,15.017500000000002,14.90052380952381,15.058171402286156,3.713389553563686,3.7385623718331766,3.7397223465266727,15.219,15.042451612903223,15.351764754610043,3.724241864978876,3.7280333874820797,3.7472221741617644,16.290833333333335,15.600180327868854,16.3531727301722,3.7692206261775545,3.746424716635895,3.8140185894108005,6.438363966635929
2004-08-06,sz000901,14.51,14.6,14.84,14.51,3285,2090896.62,2.25,-0.61,-0.09,0.49,3.5165353738957994,-0.11368903685663279,14.628000000000004,14.665333333333333,14.688219796756574,3.729678517918027,3.680786643510503,3.6736093370776453,14.726000000000003,14.705636363636364,14.781429973560673,3.7205990867171095,3.7170971515325473,3.704961257361803,14.972,14.860761904761906,15.014536030639857,3.7148028914837026,3.71981435472195,3.718466444371351,15.178666666666665,15.002516129032259,15.303263802699718,3.71615508356603,3.714632968702526,3.732339154789767,16.229333333333333,15.544743169398906,16.2956916570518,3.7651848015777767,3.7381399542660003,3.8042650413611283,6.3203325605682945
2004-08-09,sz000901,14.64,14.46,14.69,14.42,2153,1362133.38,1.85,-0.96,-0.14,0.32,3.3330440298234874,-0.18349134407231205,14.642000000000001,14.609333333333334,14.612146531171051,3.6283037687469877,3.54857514747899,3.560087567992926,14.706,14.657272727272726,14.722988160186004,3.6867491811732016,3.646632595733707,3.6373399432639273,14.947500000000002,14.812000000000003,14.961723075340823,3.6959831142682567,3.6834563678971666,3.681759547747745,15.142666666666667,14.956150537634407,15.24885968639651,3.704739771735882,3.6899161265255875,3.706578178985491,16.169166666666666,15.48673224043716,16.23550504534518,3.7589654430434694,3.7239714043724166,3.788815172130386,6.134219635742581
2004-08-10,sz000901,14.46,14.66,14.78,14.46,2099,1338219.0,2.21,1.38,0.2,0.31,3.3220124385824006,-0.011031591241086769,14.664000000000005,14.615333333333334,14.628097687447369,3.549338711803563,3.4464780374241273,3.480729191522751,14.708000000000002,14.648909090909092,14.711535767424913,3.656193358613387,3.580316824353562,3.5800076696854677,14.925999999999998,14.784619047619046,14.932987544355983,3.693706622521348,3.6478401130699427,3.6474979183034266,15.118666666666666,14.925010752688172,15.21086873888706,3.6886847889140872,3.6652240405156857,3.6817674860562595,16.108666666666668,15.437251366120215,16.18384914221911,3.7487607102395186,3.7096450763573,3.7735101644730746,6.126527191689412
2004-08-11,sz000901,14.6,15.02,15.74,14.6,29565,19636024.0,7.78,2.46,0.36,4.4,4.470777883335124,1.1487654447527236,14.686000000000002,14.734000000000002,14.758731791631579,3.654518827277849,3.753624427934648,3.8107454221268755,14.728,14.705636363636367,14.767620173347654,3.7381336525555953,3.7284231015756952,3.741965890349041,14.935000000000002,14.793571428571429,14.941274444893509,3.734254458785319,3.7218468998141123,3.725905534020731,15.118666666666666,14.918645161290323,15.198554626700798,3.7175554526236625,3.7156816595105915,3.732671382654896,16.046666666666667,15.40155737704918,16.14569015394963,3.75576025916488,3.7333177705571554,3.796371401157076,7.293053554241704
2004-08-12,sz000901,14.73,14.31,14.73,13.79,14250,8810083.0,6.26,-4.73,-0.71,2.12,4.153814864344529,-0.3169630189905952,14.610000000000003,14.608666666666666,14.609154527754386,3.759236917996268,3.9200564402902076,3.9251019028660936,14.632,14.629636363636363,14.684416505466261,3.7605374957095576,3.804001503719138,3.816847521984584,14.901500000000002,14.734047619047619,14.881153069189365,3.7616100149358616,3.761805033676894,3.7666588035753783,15.075666666666669,14.866473118279572,15.14122852175236,3.7290688297218013,3.7438274280087125,3.759841929860679,15.9695,15.344617486338798,16.08550359152505,3.7560918078968926,3.7463687412187845,3.808090858966501,6.944979999929891
2004-08-13,sz000901,14.13,14.31,14.51,14.08,4864,3030863.25,3.0,0.0,0.0,0.72,3.6869935662646784,-0.4668212980798505,14.552000000000003,14.508666666666667,14.509436351836259,3.793328556470044,3.8959753230463443,3.845732457332289,14.59,14.571090909090909,14.616340777199667,3.7615035371940353,3.7906298801837055,3.793237711853692,14.8435,14.677714285714284,14.826757538790378,3.744823844246544,3.7546987052320198,3.7590716381172165,15.035666666666668,14.817075268817204,15.087600875187693,3.7315389562877077,3.7411128948824453,3.7551420354351306,15.899833333333333,15.290207650273222,16.027290359016032,3.7530701725343394,3.744103225099695,3.804120455927097,6.4815663418080085
2004-08-16,sz000901,14.24,13.81,14.31,13.63,5136,3109073.25,4.75,-3.49,-0.5,0.76,3.710625015060797,0.02363144879611845,14.422000000000002,14.261333333333335,14.276290901224174,3.868844753517506,3.868407475909929,3.8006966432417917,14.532,14.429272727272728,14.469733363163364,3.748574261132247,3.781379239795844,3.7782172215277106,14.740499999999997,14.579285714285712,14.72992348747701,3.729173955505633,3.751441673880996,3.754457674016605,14.960333333333331,14.738,15.005175012272359,3.7161776846202725,3.7397636083516783,3.7522699696045287,15.823666666666666,15.221688524590164,15.954592314458129,3.7496169147521248,3.7427115805923656,3.8010550316363987,6.492630954174439
2004-08-17,sz000901,13.79,13.83,14.01,13.66,4130,2489801.75,2.53,0.14,0.02,0.61,3.615950051656401,-0.09467496340439574,14.256000000000004,14.064,14.127527267482783,3.927632276132306,3.7841092419562274,3.7391144460466617,14.460000000000003,14.301636363636362,14.353418206224571,3.7384854939679344,3.7572657471638715,3.748714099732927,14.652000000000001,14.492571428571427,14.644216488669676,3.7214031095455637,3.740658444942973,3.741266471887062,14.891333333333334,14.665075268817203,14.929357269545111,3.708869917347185,3.733297309450782,3.743475136188521,15.756,15.156322404371585,15.884933550049666,3.747601509585591,3.7383290604908663,3.7949860158993496,6.396164767855274
2004-08-18,sz000901,13.86,13.45,13.9,13.41,9892,5887284.0,3.54,-2.75,-0.38,1.47,3.9952841076892596,0.3793340560328584,13.942000000000002,13.795333333333334,13.901684844988523,3.832533521003133,3.806659852475212,3.8245043332608613,14.314000000000002,14.118,14.189160350547375,3.7435261741404906,3.8039564042041136,3.7935450102704413,14.553,14.378095238095238,14.530481584986848,3.7364458303821726,3.766742349528087,3.7654586276777473,14.818666666666667,14.572086021505378,14.83391486505833,3.7198163139012754,3.7517756443115613,3.759720876285343,15.689833333333333,15.080715846994536,15.805099663162792,3.752853675684839,3.7464498014122984,3.8015531664498385,6.769914986492972
2004-08-19,sz000901,13.43,12.83,13.43,12.71,8161,4598259.0,5.35,-4.61,-0.62,1.21,3.911743377855932,-0.08354072983332772,13.646000000000004,13.424666666666667,13.544456563325681,3.7841192237054138,3.8330631380928115,3.8535840147925517,14.127999999999997,13.84818181818182,13.942040286811487,3.771678070850841,3.834541350334193,3.815035622558712,14.447999999999999,14.214,14.368530957845243,3.744802705504258,3.783437354049397,3.779390508647098,14.721,14.443784946236558,14.704630035054569,3.732819059326071,3.7641580355344426,3.7695287796124783,15.610333333333333,14.986950819672128,15.707555411911553,3.7579001703278405,3.751659299844137,3.805165960266432,6.662593429548078
2004-08-20,sz000901,12.8,12.78,13.01,12.0,6383,3510590.0,7.87,-0.39,-0.05,0.95,3.805024844429805,-0.1067185334261267,13.340000000000003,13.136,13.289637708883788,3.807725479338439,3.8400316783342756,3.8373976246716364,13.946000000000002,13.60309090909091,13.730760234663943,3.8005270179042414,3.840604400075823,3.8132154810807286,14.336000000000002,14.055142857142856,14.217242295193316,3.7605630523106752,3.789172795851831,3.7818318739597365,14.63,14.318559139784947,14.58046035537363,3.743377600290549,3.768816473283071,3.771818848310371,15.523,14.894153005464483,15.61156998857019,3.756780341678377,3.7532043711261687,3.80516133351769,6.5453801113978525
2004-08-23,sz000901,12.67,12.83,13.1,12.45,3501,1956552.5,5.09,0.39,0.05,0.52,3.5441921107650325,-0.26083273366477266,13.144000000000002,12.966000000000001,13.13642513925586,3.7744388984792865,3.75218722214314,3.7396624533694354,13.782999999999998,13.400181818181817,13.566985646543227,3.8216418259983955,3.79399805332324,3.7643021410233293,14.244499999999999,13.911714285714286,14.085123981365381,3.754195503585799,3.7685660395141505,3.7591995155602413,14.559333333333335,14.20243010752688,14.467527429220494,3.737869351511636,3.7559657965394897,3.7571332523397043,15.439,14.805857923497268,15.520370972551495,3.756480645801717,3.746234265194584,3.7966049655585863,6.2914915057784295
2004-08-24,sz000901,12.83,13.07,13.34,12.83,4787,2729785.25,3.98,1.87,0.24,0.71,3.6800634274819486,0.1358713167169161,12.992,12.941333333333331,13.114283426170573,3.7872615736443955,3.720728731810694,3.71979611140694,13.624,13.270545454545452,13.476624619899004,3.857446924888351,3.768256526320249,3.7489860112885323,14.166,13.799857142857142,13.988445506949631,3.756820141750869,3.761505841789975,3.7516627452670708,14.491999999999999,14.106344086021505,14.377364369270786,3.748286723310349,3.7522363820859606,3.7521610055746883,15.350833333333334,14.72818579234973,15.440030940664561,3.7528234996574468,3.743728782626723,3.792783931523287,6.436128482788586
2004-08-25,sz000901,13.05,12.83,13.19,12.67,3242,1815824.25,3.98,-1.84,-0.24,0.48,3.510813010512496,-0.16925041696945264,12.868000000000004,12.887333333333334,13.019522284113716,3.690367354209043,3.628579210766728,3.6501350777754586,13.405000000000001,13.12618181818182,13.359056507190093,3.7614504376060878,3.7052321782519124,3.7056818293292526,14.0665,13.672619047619047,13.878117363430619,3.7497920450808415,3.738076591195844,3.7287246752904446,14.425,13.99911827956989,14.277534409962994,3.7433197850589086,3.7369154973893255,3.7365901671835795,15.258000000000001,14.645535519125682,15.354456155724739,3.747140241262185,3.7357940124908233,3.783538983293425,6.259073811724242
2004-08-26,sz000901,12.69,12.8,13.03,12.69,1999,1116191.62,2.65,-0.23,-0.03,0.3,3.300812794118117,-0.21000021639437882,12.862000000000004,12.864666666666666,12.946348189409147,3.56818123746148,3.498727690736419,3.5336943165563452,13.254,13.016181818181819,13.257409869519167,3.676150230583447,3.6214798794359178,3.632069277472682,13.943000000000001,13.551999999999998,13.77543951929437,3.7183438631465022,3.695316662532728,3.687971162797842,14.352333333333332,13.894279569892472,14.182209609320221,3.733123420151723,3.708366659264113,3.70847549795355,15.172,14.564945355191258,15.270703494881305,3.739577493563408,3.7211603256992136,3.767711895123743,6.047738757652582
2004-08-27,sz000901,12.8,12.85,13.07,12.78,2899,1622186.75,2.27,0.39,0.05,0.43,3.4622482153549976,0.16143542123688048,12.876000000000001,12.860666666666669,12.914232126272765,3.4996259116465183,3.463416683367592,3.5098789494892295,13.108,12.942727272727273,13.183335347788407,3.6536756954924785,3.5825886039398354,3.601192720724012,13.849,13.447904761904761,13.687302422218714,3.707589616343257,3.670926600838298,3.666473739231857,14.264999999999999,13.797354838709678,14.096260602267304,3.7144411279951886,3.6908908395998075,3.69258986681816,15.085333333333333,14.488814207650275,15.191336167180276,3.7347398071395106,3.7120675624792656,3.7576966925083743,6.210100849767767
2004-08-30,sz000901,12.89,12.74,12.92,12.49,3126,1727848.5,3.35,-0.86,-0.11,0.47,3.494988973683168,0.03274075832817047,12.858000000000004,12.815333333333335,12.85615475084851,3.4897852842301456,3.461871037379808,3.5049156242205424,13.001,12.87581818181818,13.102728920917787,3.6321120913547156,3.5537364727017793,3.5818829485347674,13.766500000000002,13.342285714285717,13.597083143912169,3.6903431762434815,3.650678920584957,3.6501418567986486,14.160666666666668,13.698967741935482,14.008759918250059,3.696820000788661,3.676732636095807,3.6798414220997735,15.001,14.41191803278689,15.110964489567808,3.7307296417059272,3.7042068794151235,3.7490833246780393,6.237505660308125
2004-08-31,sz000901,12.89,13.14,13.34,12.89,6299,3602421.5,3.53,3.14,0.4,0.94,3.7992716083498728,0.3042826346667047,12.872000000000003,12.909333333333333,12.95076983389901,3.5136269204037305,3.565033145419717,3.603034285596986,12.931999999999999,12.901090909090907,13.109505480750915,3.6504442470240632,3.584129112155444,3.6214081594102407,13.696000000000002,13.282619047619049,13.553551415920534,3.694464870495999,3.661053056976042,3.664344690279717,14.078666666666667,13.633118279569894,13.952710891266184,3.6977501553717302,3.683342417228788,3.6875465954062316,14.930499999999999,14.350901639344263,15.0463427030246,3.7344470662209313,3.7064541570100076,3.7507288421754765,6.556594525922314
2004-09-01,sz000901,13.1,12.96,13.12,12.83,2862,1607776.75,2.21,-1.37,-0.18,0.43,3.4566696294237578,-0.342601978926115,12.898000000000005,12.938666666666668,12.953846555932675,3.502798244185983,3.5460473817597262,3.554246066872577,12.883000000000001,12.906181818181821,13.08232266606893,3.5965827991975132,3.548897363500843,3.5914556994126983,13.598499999999998,13.21252380952381,13.497022709642389,3.6700544866690015,3.638405891159637,3.64456611305534,13.996333333333332,13.560946236559142,13.888665027313527,3.6898248199872863,3.667788834909564,3.67265130727833,14.874500000000001,14.28629508196721,14.977938024236908,3.7266106148954994,3.6973467000658378,3.7410875565114856,6.206225744055301
2004-09-02,sz000901,12.85,13.34,13.59,12.67,7139,4092633.5,7.1,2.93,0.38,1.06,3.853637381958594,0.3969677525348363,13.006000000000004,13.086000000000002,13.082564370621785,3.613363161754078,3.6629937610172636,3.6540431719012494,12.934000000000001,12.989272727272727,13.129173090420032,3.590772199607779,3.595634560366495,3.6391250962392245,13.531,13.187904761904763,13.482068165866922,3.6812251352293095,3.655889976425313,3.664477662474697,13.943333333333333,13.518602150537635,13.853267283615882,3.693459203538765,3.6783573872948097,3.6843278282254444,14.8255,14.235983606557378,14.924235138196352,3.728360353037738,3.7015115121006925,3.7447777147228662,6.612002854820133
2004-09-03,sz000901,13.3,13.16,13.43,13.12,4555,2620002.5,2.32,-1.35,-0.18,0.68,3.658488381309017,-0.19514900064957708,13.068000000000003,13.137333333333334,13.10837624708119,3.652611194944882,3.67803550086891,3.6555249083705057,12.972,13.030363636363635,13.134777983070935,3.5761185532957,3.6079465934030828,3.642645693524641,13.459,13.152571428571429,13.45139500721293,3.6883227855999707,3.6537245712900472,3.663907254744632,13.881333333333334,13.468064516129031,13.808540362092277,3.699081552639017,3.676101205215471,3.682660767134062,14.772833333333333,14.181377049180327,14.86639136317352,3.725726718775449,3.699220627781719,3.741948556250281,6.418301705722679
2004-09-06,sz000901,13.05,13.12,13.12,12.96,1981,1121369.88,1.22,-0.3,-0.04,0.29,3.296884475538547,-0.36160390577046986,13.144000000000002,13.154666666666666,13.112250831387462,3.612990295315958,3.559459927733465,3.5359780974265194,13.001,13.057272727272728,13.132091077058035,3.5513877897730515,3.5571767610836007,3.5797800175271695,13.392000000000001,13.120285714285716,13.419833577954556,3.686514807885723,3.616444732236578,3.6289527043440524,13.83,13.41894623655914,13.764118403247615,3.6865929323148827,3.6501530066928596,3.6577719741279,14.7325,14.127185792349726,14.809132629954714,3.717841996678934,3.685160226364115,3.727356291308913,6.049748886767406
2004-09-07,sz000901,13.12,13.05,13.16,12.89,1812,1024618.25,2.06,-0.53,-0.07,0.27,3.2581581933407944,-0.03872628219775276,13.126000000000005,13.123333333333333,13.091500554258308,3.5047676123141422,3.4411825604084103,3.443371462731278,12.999,13.066181818181818,13.117165426683847,3.509197266358936,3.503862289005009,3.5213033222205556,13.3115,13.087714285714286,13.384611332435075,3.6833220956236437,3.57564886418468,3.593638941391361,13.777,13.368623655913979,13.718046248199382,3.6742791832868913,3.622512055791306,3.631990439883571,14.684,14.072021857923499,14.751456150284069,3.708816548386129,3.670088626254668,3.711972747113237,6.010562087050481
2004-09-08,sz000901,12.96,13.45,13.79,12.96,25830,15189722.0,6.36,3.07,0.4,3.84,4.412124406173318,1.1539662128325232,13.224000000000004,13.231333333333334,13.21100036950554,3.695858567664054,3.7436348250281357,3.7662891105452916,13.060999999999998,13.148181818181818,13.17768080365042,3.599328405925019,3.668030859880351,3.6832707920301484,13.233,13.100904761904761,13.390838824584115,3.680389421765553,3.645058608046554,3.671589938037262,13.731333333333334,13.347526881720428,13.700752941863938,3.699637498695567,3.6701149733968816,3.6823216635151677,14.630500000000001,14.031562841530056,14.708785456832132,3.7119374619127967,3.693147900280477,3.734928539213567,7.181549825543446
2004-09-09,sz000901,13.32,13.14,13.48,13.12,10011,5774026.0,2.68,-2.3,-0.31,1.49,4.000477461374455,-0.41164694479886244,13.184000000000003,13.203333333333335,13.187333579670362,3.725226583547226,3.8451744562649357,3.844351894155013,13.094999999999999,13.162545454545453,13.170829748441252,3.669294872650652,3.7409670517802485,3.7409447319109312,13.1745,13.092047619047621,13.366949412718961,3.672722551617049,3.675543183247401,3.702912559307471,13.660333333333334,13.309376344086019,13.664575332711426,3.7019941996478853,3.6895240032471333,3.702847844022219,14.583,13.982693989071041,14.657349868083536,3.7127816036201158,3.70260822813168,3.743635061251629,6.761478735144132
2004-09-10,sz000901,13.07,12.83,13.12,12.63,7666,4269795.0,3.73,-2.36,-0.31,1.14,3.8845688149183335,-0.11590864645612164,13.118000000000004,13.085333333333333,13.068222386446909,3.7704426702690896,3.898288533388638,3.8577575344094535,13.093,13.114363636363636,13.108860703270114,3.7115269326069864,3.7801077685561904,3.7670582015486405,13.1005,13.059238095238094,13.315811373412393,3.6826013140497325,3.6957190178475234,3.720213155079934,13.597000000000001,13.255806451612905,13.610731762859077,3.708902055097833,3.7013030106839357,3.7145717776284197,14.529333333333334,13.92521857923497,14.597436757654567,3.7175866317621624,3.708240595715228,3.748255840060373,6.630407024321041
2004-09-13,sz000901,12.85,12.45,12.94,12.4,5875,3215188.75,4.21,-2.96,-0.38,0.87,3.7690078709437738,-0.11556094397455974,12.984000000000004,12.862666666666666,12.862148257631272,3.864867349350135,3.8978102669468666,3.828174313254227,13.063999999999998,12.997454545454545,12.989067848130093,3.738928822333046,3.790558848253788,3.76741268689321,13.032499999999999,12.997285714285713,13.233353147373117,3.685520456843881,3.7039482137421946,3.72486027087649,13.532333333333334,13.181806451612903,13.53584584267462,3.7065383916066694,3.7051808052546416,3.718083783648765,14.460666666666667,13.857043715846997,14.527028995108514,3.7185964146089803,3.709926537983477,3.7489362345155666,6.507206473582874
2004-09-14,sz000901,12.78,12.96,13.07,12.6,6145,3430510.75,3.78,4.1,0.51,0.91,3.788521887222473,0.01951401627869931,12.966000000000003,12.854666666666667,12.894765505087516,3.9709400881264707,3.872361779570979,3.8149568379103096,13.046000000000001,12.978545454545456,12.98378278483371,3.7378538502203056,3.7995757691427747,3.7712507233167125,12.988999999999999,12.990380952380955,13.207319514289964,3.6941490486221853,3.7137578737782513,3.73092328195706,13.479333333333333,13.144881720430106,13.498694497985936,3.708927863737435,3.7104700630363068,3.722628177427714,14.3995,13.807841530054642,14.475650995268891,3.7164458123822643,3.712219176429821,3.7502341247682516,6.535358784588932
2004-09-15,sz000901,13.07,13.7,14.01,12.89,22414,13279724.0,8.64,5.71,0.74,3.34,4.3505193675975375,0.5619974803750645,13.016000000000002,13.099333333333334,13.163177003391679,3.9586190804113146,3.998888206061335,3.9934776811393857,13.12,13.097454545454546,13.114004096682125,3.8272388240376842,3.9109694995749993,3.876572295004135,13.001499999999998,13.058095238095238,13.254241465309967,3.7119108116175985,3.7762693327282846,3.789932432970439,13.438999999999998,13.159118279569894,13.511681949728779,3.7224492657918957,3.7518630632853456,3.763137286470929,14.357000000000001,13.784907103825137,14.45021981509614,3.7271587942709936,3.7330084733221245,3.7699156081397036,7.123189048938428
2004-09-16,sz000901,13.79,14.08,14.19,13.57,19831,11959550.0,4.53,2.77,0.38,2.95,4.297344614534694,-0.05317475306284347,13.204000000000002,13.454,13.468784668927787,4.017992511043362,4.111796717435794,4.0947666589378215,13.193999999999999,13.272,13.289639715467192,3.8716095472952943,3.996443279665364,3.9530763531005997,13.064000000000002,13.160809523809526,13.332885135280446,3.731190873451536,3.832024933006103,3.838257402643225,13.418666666666667,13.200473118279568,13.548347630391438,3.744686605917971,3.7889530857848803,3.797602275378269,14.318833333333334,13.77582513661202,14.438081460502824,3.734464235448424,3.751703090379951,3.787208362447736,7.077714838833532
2004-09-17,sz000901,14.15,14.53,14.57,13.95,27757,17302656.0,4.4,3.2,0.45,4.13,4.44337252540488,0.14602791087018563,13.544000000000002,13.895999999999999,13.822523112618526,4.129753253140672,4.2535900555563,4.210968614426841,13.331,13.51490909090909,13.51515976720043,3.9500979617048815,4.1004001847761975,4.0422211117013775,13.151500000000002,13.30042857142857,13.446896074777545,3.7631082575002908,3.8998517570016586,3.895887414334811,13.416333333333334,13.272172043010752,13.611680041333926,3.775581177634941,3.8340295967195197,3.8392648721541796,14.297500000000001,13.782748633879782,14.441095183109288,3.7458681306004857,3.774945985132622,3.808721941561085,7.238112773510757
2004-09-20,sz000901,14.87,15.51,15.51,14.62,34783,22959702.0,6.13,6.74,0.98,5.18,4.54136703675979,0.09799451135491033,14.156000000000002,14.551333333333332,14.385015408412352,4.284225086303875,4.390794650096007,4.321101421871157,13.569999999999999,13.911090909090909,13.877857991345806,4.074546217827005,4.207903652968,4.132974916257452,13.285499999999999,13.52504761904762,13.64338216289397,3.8129670038000283,3.973971640740659,3.957361664089571,13.451333333333332,13.407247311827957,13.734152296731738,3.815858611199484,3.8834351360178965,3.884561785999703,14.297,13.822502732240437,14.476141242679475,3.760299191467683,3.8010279164821066,3.832743092223337,7.360966246940418
2004-09-21,sz000901,15.58,15.22,15.67,15.02,30215,20141346.0,4.19,-1.87,-0.29,4.5,4.480222598584475,-0.06114443817531523,14.608000000000004,14.905999999999999,14.663343605608237,4.422565228576275,4.456127154189541,4.37414181410893,13.787,14.21109090909091,14.121883811101114,4.1967526583513735,4.281662994923903,4.196110858498729,13.393,13.709285714285716,13.793536242618353,3.8529749623551544,4.0375197926248925,4.007157943565276,13.47,13.521354838709678,13.830013438878078,3.8544656165328868,3.9262973287524123,3.922991515843882,14.294333333333332,13.852765027322407,14.500530054394902,3.7715752027234872,3.8246319626170844,3.8539719284974727,7.3040884900924645
2004-09-22,sz000901,15.27,14.55,15.49,14.53,19031,12444772.0,6.31,-4.4,-0.67,2.83,4.279461609257673,-0.20076098932680164,14.778000000000002,14.886666666666667,14.625562403738826,4.408353676908303,4.408425947750006,4.3425817458251785,13.897,14.349818181818183,14.199723118173637,4.183486378659809,4.296700985997776,4.2112655404549,13.479,13.81947619047619,13.865580409988034,3.8914073922924133,4.07813756852037,4.033091626012171,13.454333333333333,13.591032258064518,13.876464184756912,3.8480884073969714,3.9537164250572383,3.945989586386707,14.2865,13.861147540983607,14.502152019824578,3.782821930010317,3.841283975946073,3.8679224098338723,7.0949869443316
2004-09-23,sz000901,14.46,15.25,15.36,14.46,16388,10608540.0,6.19,4.81,0.7,2.44,4.214525955281105,-0.0649356539765682,15.012000000000004,15.044000000000002,14.833708269159217,4.391789945057584,4.343816707207607,4.299896482310487,14.107999999999999,14.595818181818181,14.390682551232976,4.2048912280504736,4.302344545383466,4.211858343150574,13.601499999999998,13.988142857142856,13.997429894751079,3.937093050350563,4.108910764995485,4.050371085942546,13.485666666666667,13.706881720430108,13.965079398643564,3.850112110428191,3.977357557178795,3.9633145134121524,14.280666666666667,13.892737704918032,14.526671625731968,3.7895904700749963,3.855438206282821,3.8792864605042734,7.025655618248796
2004-09-24,sz000901,15.36,14.71,15.69,14.69,26768,17942494.0,6.56,-3.54,-0.54,3.98,4.427615923618319,0.21308996833721405,15.048000000000002,14.943333333333335,14.792472179439478,4.388638624700272,4.355758700061185,4.342469629413098,14.296000000000001,14.705272727272726,14.448740269190615,4.259195938920472,4.34283994457762,4.25108699414471,13.694500000000001,14.093714285714286,14.065293714298596,3.9853614357637293,4.155627229116223,4.086299165721191,13.498999999999999,13.785870967741934,14.013138792279463,3.8747995223399787,4.014615867707191,3.993269443102873,14.267333333333335,13.906814207650275,14.53268239210141,3.8031692393138434,3.8763570736121102,3.8972644756883406,7.253882809675577
2004-09-27,sz000901,14.69,14.26,15.18,14.17,10857,6880063.5,6.87,-3.06,-0.45,1.62,4.035709837827862,-0.39190608579045705,14.798000000000002,14.680666666666665,14.614981452959654,4.287507184913887,4.238115771103715,4.240216365551353,14.476999999999999,14.698727272727274,14.414423856610505,4.285866135608881,4.302206108015327,4.2119275111780095,13.770500000000002,14.147571428571428,14.083837170079683,4.012397478970963,4.160422315027092,4.081481134493255,13.514,13.834967741935486,14.02906532180982,3.885635683098881,4.0249971783838285,3.9960075330851303,14.237166666666667,13.906573770491802,14.523741985803003,3.8009066838595773,3.883981355530603,3.901803667889636,6.837592446603583
2004-09-28,sz000901,14.57,14.48,14.57,14.15,6863,4289415.0,2.95,1.54,0.22,1.02,3.8365139988906716,-0.1991958389371904,14.650000000000002,14.574666666666667,14.569987635306436,4.158765464975126,4.087784709095976,4.105648909997793,14.629,14.699272727272728,14.42634679177223,4.2906653467757,4.220505719521108,4.143670508943948,13.8375,14.215142857142858,14.121566963405426,4.014259598498003,4.1436715074003985,4.058150931102533,13.535666666666666,13.897290322580645,14.058157881693058,3.8929878146733565,4.02182803746717,3.98571762765323,14.2135,13.914535519125682,14.522307822334051,3.800928866010271,3.8851488084824424,3.899663023004424,6.632398066171691
2004-09-29,sz000901,14.53,14.17,14.64,14.15,5693,3534824.75,3.38,-2.14,-0.31,0.85,3.7553411838115474,-0.08117281507912422,14.574000000000003,14.414666666666667,14.436658423537624,4.0539413798859005,3.953309948708117,3.988879667935711,14.675999999999998,14.615818181818184,14.379738284177279,4.231147528397101,4.123174053527625,4.073065177101693,13.898,14.246809523809523,14.12617963355729,4.029193176217393,4.119012610763593,4.029311907551011,13.559666666666667,13.938215053763441,14.06537350222899,3.8849897172107664,4.0129476096696335,3.9708546312763473,14.189166666666667,13.913109289617488,14.510756746191952,3.802403015556021,3.8836541303775656,3.89493115942433,6.548367887158485
2004-09-30,sz000901,14.24,13.79,14.31,13.75,8365,5060924.5,3.95,-2.68,-0.38,1.24,3.922465945298413,0.16712476148686584,14.282000000000002,14.153333333333332,14.22110561569175,3.995529377889363,3.9094848038456207,3.9667417603899455,14.647000000000002,14.45472727272727,14.27251314159959,4.193659661473474,4.067050129327863,4.045683498592005,13.9205,14.23652380952381,14.094162525599453,4.032634604384384,4.108848112580834,4.019136101622192,13.591666666666667,13.953075268817205,14.04760746982712,3.8853471361255156,4.015365430836579,3.9677327805680935,14.156333333333333,13.900021857923498,14.487125377464347,3.8090830977257935,3.887590619877316,3.8958339392890537,6.704229858455209
2004-10-08,sz000901,13.86,14.24,14.35,13.54,5811,3529567.75,5.87,3.26,0.45,0.86,3.764250875438773,-0.15821506985964007,14.188000000000002,14.139333333333331,14.2274037437945,3.8628563682534534,3.8323919696954243,3.899244798739555,14.618,14.380727272727274,14.266601661308757,4.125747496476864,3.9889758045942814,3.994513930745963,13.9745,14.266952380952382,14.108051808875697,4.037922729090872,4.083287757443156,3.9948613181761523,13.640333333333333,13.994903225806453,14.060019891128597,3.8839880038258148,4.0075527688567885,3.954604915721041,14.135166666666667,13.902765027322408,14.479022906072073,3.8136828020581817,3.886120710949873,3.8915197404742905,6.547721522587774
2004-10-11,sz000901,14.31,14.28,14.8,14.06,12052,7578373.5,5.2,0.28,0.04,1.79,4.081059123001319,0.316808247562546,14.192000000000002,14.17,14.244935829196335,3.871926225288145,3.905126221278046,3.959849573493477,14.495,14.319272727272727,14.269037722888982,4.079716705101015,3.980850645780546,4.010249420246937,14.032499999999999,14.296047619047616,14.12442782707801,4.077131461464011,4.087395985434627,4.003070632921406,13.688666666666668,14.036172043010753,14.074212156217076,3.9018835709003574,4.020267034610047,3.9627632516746076,14.123999999999999,13.907513661202184,14.472497564889382,3.819876461205997,3.8948871477021068,3.897734146458783,6.87957600566208
2004-10-13,sz000901,13.86,14.15,14.22,13.79,7919,4823815.5,3.01,-0.91,-0.13,1.18,3.89867034296553,-0.1823887800357893,14.126000000000001,14.156,14.213290552797558,3.8843574941031163,3.914040927170508,3.939456496650828,14.388,14.256545454545455,14.247394500545528,4.0215614795391215,3.9479331253922765,3.9899623152866805,14.0875,14.307238095238098,14.1268632721182,4.109157068945247,4.0703996884347715,3.9931277481637033,13.724666666666668,14.065935483870968,14.07910169452565,3.909170468083143,4.020059729581993,3.95862822530628,14.108333333333333,13.908366120218577,14.461923874237272,3.828728595696746,3.8974705536614356,3.8977648414262176,6.683390688671018
2004-10-14,sz000901,14.26,13.03,14.42,12.78,8979,5313556.0,11.59,-7.92,-1.12,1.34,3.953227971559854,0.054557628594324115,13.898000000000001,13.790666666666663,13.818860368531706,3.9239348516527786,3.9369977529894205,3.94404698828717,14.236,14.009636363636362,14.026050045900886,3.988938115769339,3.935508851214227,3.9832833436999846,14.0665,14.206523809523809,14.022400103345039,4.086212247214574,4.055549298207591,3.989327769439527,13.731333333333334,14.021118279569892,14.011417714233673,3.9239176334513886,4.022902149161136,3.9582798218387687,14.078166666666668,13.87301092896175,14.414975550491786,3.8336187092551484,3.901552500411046,3.8995833047092874,6.725385262003873
2004-10-15,sz000901,12.89,12.96,13.34,12.63,6658,3727212.5,5.45,-0.54,-0.07,0.99,3.8233437908206485,-0.1298841807392055,13.732000000000003,13.478000000000002,13.532573579021138,3.9041104207572253,3.9034673993787106,3.903812589131663,14.007,13.777636363636363,13.832222764827996,3.949819899323294,3.9054007921326472,3.9542034249946507,14.0575,14.101142857142861,13.921219141121702,4.077355563686885,4.030514207122455,3.9735197714758246,13.736666666666668,13.971354838709678,13.943584313315371,3.941335333341473,4.016413514152701,3.949574271450503,14.0445,13.836349726775957,14.36727143408222,3.837229376746598,3.9012156178394237,3.897083648516217,6.571384153941539
2004-10-18,sz000901,13.12,13.01,13.12,12.76,4558,2568166.25,2.78,0.39,0.05,0.68,3.6587743208443566,-0.16456946997629185,13.486,13.237333333333334,13.358382386014092,3.883015109838342,3.8216886994077544,3.8221331663692277,13.837,13.596363636363636,13.68272771667745,3.8729357390458974,3.852483414227386,3.9004890424218694,14.066500000000001,14.001380952380952,13.834436365776778,4.066065838983184,3.990649326851738,3.9435440142728275,13.741999999999999,13.92447311827957,13.883353067295026,3.947886203524452,3.9981837714109525,3.930812984314623,14.0035,13.80243169398907,14.322770731325425,3.8311636657598203,3.8953646324000055,3.889270227936812,6.409623134319164
2004-10-19,sz000901,13.07,12.87,13.39,12.78,4982,2835467.0,4.69,-1.08,-0.14,0.74,3.6974037232004875,0.03862940235613088,13.204000000000002,13.032,13.19558825734273,3.8062840298781753,3.759818237195136,3.7805566853129813,13.697999999999999,13.420545454545456,13.534959040917913,3.83910512758316,3.820568502255493,3.8635644389270727,14.0875,13.887428571428572,13.742585283321848,4.0624856315960205,3.955538649158148,3.9201020817897474,13.746333333333332,13.868215053763441,13.817975450050186,3.9546333618416956,3.9820236113900505,3.9157543223072597,13.953499999999998,13.765267759562843,14.275138904068854,3.8257266813151785,3.890979060512814,3.8829795228634896,6.452624597204348
2004-10-20,sz000901,12.78,12.47,12.8,12.22,7170,3877435.75,4.51,-3.11,-0.4,1.07,3.8555191556678,0.15811543246731263,12.868000000000004,12.787333333333333,12.953725504895154,3.797653792418629,3.776229945791678,3.8055441754312542,13.497,13.197272727272729,13.341330124387383,3.8410056432608726,3.823552870998155,3.862101660152659,14.062999999999999,13.733380952380951,13.621386684910243,4.065835495018287,3.9358275562126037,3.9139513269209907,13.723999999999998,13.785870967741936,13.731009291982433,3.9565082800856266,3.975629146475606,3.911868182524069,13.901333333333332,13.716628415300548,14.215954021968235,3.8271292177286784,3.8919558629506046,3.8820791829554344,6.588544610186057
2004-10-21,sz000901,12.63,12.0,12.65,11.98,8324,4416714.0,5.37,-3.77,-0.47,1.24,3.9203320715395895,0.06481291587178939,12.662000000000003,12.498,12.635817003263437,3.791074612414577,3.8171227054986643,3.8438068074673666,13.279999999999998,12.925090909090907,13.097451919953313,3.8575047320336773,3.837975857957922,3.8726890076775553,13.978,13.53690476190476,13.466968905394982,4.0443261302153894,3.92197008730987,3.9145590168846667,13.692,13.674645161290321,13.619331273144857,3.9719636948228207,3.9732951975371518,3.912414239879909,13.844166666666666,13.654289617486336,14.143299791739768,3.830894257405054,3.895011694223094,3.883333376023767,6.645099277853992
2004-10-22,sz000901,11.98,11.42,11.98,10.9,12806,6327410.0,9.0,-4.83,-0.58,1.91,4.107413497488149,0.18708142594855914,12.354000000000003,12.084,12.230544668842292,3.8478885537480765,3.922569000523189,3.931675704140961,13.043000000000001,12.586909090909092,12.792460661779982,3.8759994872526513,3.88341381531328,3.9153661876431176,13.845000000000002,13.293285714285714,13.272019485833553,4.034829574363062,3.9279784080025144,3.9329261102754747,13.627999999999998,13.528064516129033,13.477438932941963,3.9804228986738064,3.982033894483301,3.924994837144957,13.785666666666668,13.574808743169397,14.054011273977808,3.836941051106286,3.904077898815981,3.8906802652521075,6.8012259765436305
2004-10-25,sz000901,11.55,11.55,11.82,11.44,9719,4864697.5,3.33,1.14,0.13,1.45,3.9876215821254837,-0.11979191536266498,12.062000000000003,11.816,12.003696445894862,3.913658006004302,3.9691466766489913,3.950324330135802,12.774,12.315454545454546,12.566558723274529,3.898336557921322,3.903708741653795,3.9285035320944566,13.695999999999998,13.074714285714286,13.108017630039882,4.012042027199092,3.9234824087417923,3.938135202832618,13.574333333333334,13.394,13.353088034042484,3.9913940053676886,3.9824983256737334,3.929035272304991,13.727833333333333,13.501508196721312,13.971912543683453,3.845237779003353,3.9090182440953,3.8938586690840213,6.687055839842749
2004-10-26,sz000901,11.55,11.48,11.55,10.72,7336,3554938.25,7.19,-0.61,-0.07,1.09,3.8654593226619647,-0.122162259463519,11.784000000000002,11.621999999999998,11.82913096392991,3.9472691258965975,3.9530804488682123,3.92203599431119,12.494000000000002,12.080181818181819,12.36900259177007,3.8767765778873864,3.8977310625157306,3.917040948561276,13.494499999999999,12.863666666666667,12.952968331940847,3.978246641494201,3.9095221511668283,3.931213690435413,13.519666666666668,13.258881720430105,13.23224364474942,4.010346500271803,3.9743735074346542,3.9249335981344733,13.674833333333334,13.427808743169399,13.89021049307088,3.8484697162933426,3.90968124552673,3.892927542971823,6.550832061347875
2004-10-27,sz000901,11.55,12.6,12.6,11.39,37985,20470242.0,10.54,9.76,1.12,5.65,4.579612130740304,0.7141528080783393,11.810000000000004,11.894000000000002,12.086087309286606,4.092087720911098,4.163861450482781,4.141228039787562,12.339,12.099454545454545,12.411002120539147,3.9448707566648635,4.025519344852625,4.03750843623019,13.363499999999998,12.77847619047619,12.919352300327432,3.983216118101992,3.9667950549045523,3.9929659228454026,13.504666666666667,13.199548387096772,13.191453732184943,4.054394964851785,4.01110032230359,3.967170922818721,13.640833333333335,13.392568306010928,13.847908509691507,3.864337074069339,3.933653127967614,3.915441791751117,7.311122976939172
2004-10-28,sz000901,12.67,12.49,13.34,12.4,38650,21656588.0,7.46,-0.87,-0.11,5.75,4.587149498254344,0.007537367514039772,11.908000000000003,12.120666666666667,12.220724872857737,4.225451206254048,4.32888204293053,4.289868525943156,12.285,12.126909090909091,12.42536537135021,4.008262909334313,4.142297297868893,4.137443174780035,13.260500000000002,12.695285714285715,12.878461605058153,3.998600512551826,4.024312519680966,4.049554834789111,13.472666666666667,13.134086021505375,13.146198652689142,4.06022913458782,4.04547158252311,4.007169540588761,13.602,13.354836065573771,13.803386919209819,3.879933316641694,3.9573518959736798,3.937464995243026,7.335590034491698
2004-10-29,sz000901,11.89,12.04,12.36,11.55,15321,7975207.5,6.49,-3.6,-0.45,2.28,4.185287112575202,-0.40186238567914145,12.032000000000004,12.164666666666667,12.160483248571825,4.24102592927146,4.3154940117042475,4.255008054820505,12.193000000000001,12.082363636363636,12.355298940195626,4.044457241509768,4.174483516639964,4.146142072560974,13.1,12.579047619047621,12.798608118862138,3.9971385704165314,4.042092195873669,4.062481718387787,13.436000000000002,13.041655913978497,13.07483099767694,4.066389456294512,4.053539839167457,4.01866099684595,13.548166666666667,13.30362295081967,13.745570954645562,3.8841918279711987,3.967363495840352,3.9455903105653927,6.901741991407295
2004-11-01,sz000901,12.42,12.69,13.21,12.22,29110,16310786.0,8.22,5.4,0.65,4.33,4.464042205438811,0.27875509286360867,12.260000000000002,12.383999999999999,12.336988832381216,4.336310053934126,4.389832770426697,4.324686105026607,12.161,12.172727272727272,12.416153678341875,4.124984029969214,4.25077169189979,4.203942096720581,12.999,12.540000000000003,12.788264488494315,3.9989598845075554,4.086559208732933,4.1007255742974085,13.431333333333333,12.993526881720427,13.050003191375202,4.085705235978527,4.0791948552412824,4.047395268368071,13.514166666666664,13.275486338797815,13.71096207088669,3.89730364553818,3.986374983626176,3.9625887333481273,7.212474889748912
2004-11-02,sz000901,12.45,12.58,12.67,11.95,9210,4926590.0,5.67,-0.87,-0.11,1.37,3.964259630196849,-0.4997825752419618,12.480000000000002,12.490666666666666,12.417992554920811,4.356070115441102,4.265815962514272,4.204543946750022,12.132,12.24890909090909,12.445943918643351,4.15166962066885,4.221549073759361,4.160363466443539,12.915000000000001,12.500095238095238,12.76842977530438,3.995387374126005,4.083254422608104,4.087728817716403,13.435666666666666,12.938602150537633,13.019680404834869,4.0922136279536305,4.071359654868271,4.0420316788086375,13.484,13.244857923497268,13.673881347251061,3.89937600978015,3.9885702618117063,3.9626435168513643,6.692546420982714
2004-11-03,sz000901,12.67,12.67,12.78,12.07,9475,5158297.5,5.64,0.72,0.09,1.41,3.97657921864011,0.012319588443260976,12.494000000000003,12.554,12.501995036613875,4.235463533021063,4.139318996913942,4.128555704046718,12.152,12.346727272727273,12.486681387980923,4.163775626966081,4.18971445520868,4.126948148661097,12.8245,12.476761904761904,12.759055510989677,4.002390635113477,4.081463169704686,4.077143141613899,13.426,12.889204301075267,12.997120378716492,4.098482205667552,4.063899370396431,4.037808939442926,13.452666666666666,13.218169398907104,13.64096720471824,3.903705034702493,3.9911015145612128,3.9631004251067328,6.712506386053659
2004-11-04,sz000901,12.67,12.27,12.85,12.24,7625,4139442.0,4.81,-3.16,-0.4,1.13,3.8822398480188234,-0.09433937062128672,12.450000000000003,12.479333333333333,12.424663357742585,4.094481602973959,4.021577768579862,4.046450418704087,12.178999999999998,12.368181818181819,12.44728477198439,4.159966404614004,4.138526131763725,4.0824557303625015,12.7295,12.423952380952382,12.712478795657328,4.008735568323841,4.070020237600433,4.058580923176272,13.378333333333334,12.81462365591398,12.950209386541234,4.082872888348261,4.049948250548125,4.027772223867178,13.408666666666669,13.179393442622949,13.59601746030125,3.9026610770700785,3.9903977379486326,3.9604492586448337,6.616941801832558
2004-11-05,sz000901,12.24,12.4,12.56,12.24,4436,2384716.75,2.61,1.06,0.13,0.66,3.6469915374771222,-0.23524831054170114,12.522000000000002,12.462666666666667,12.416442238495057,3.9868224879543432,3.8724144134142495,3.913297458295099,12.277,12.408363636363635,12.4386875407145,4.113924208612901,4.045257974102474,4.00328042256516,12.66,12.39257142857143,12.682718910356629,3.994961847932776,4.035568425138841,4.019381934062068,13.322333333333331,12.751505376344086,12.91471200676438,4.061194452446342,4.021826873072568,4.003205727971046,13.3705,13.146322404371585,13.556803773078258,3.9029405291821564,3.9820151300931266,3.950171956311466,6.377436802152932
2004-11-08,sz000901,12.45,12.02,12.45,11.95,8808,4634756.0,4.03,-3.06,-0.38,1.31,3.9448773059636952,0.297885768486573,12.388000000000002,12.295333333333334,12.284294825663371,3.8829895080593197,3.8584326860840337,3.9238240741846315,12.324,12.36163636363636,12.362562533311863,4.1096497809967225,4.014522173620799,3.992661674092166,12.549000000000001,12.331619047619046,12.619602823655997,4.003993169459022,4.030798468760833,4.012286255195557,13.238666666666667,12.667483870967745,12.85698865148926,4.044577945131636,4.01432254104143,3.9994426039705715,13.327499999999999,13.102043715846994,13.506416764124872,3.9100795613832884,3.9833901063810457,3.9499983612180967,6.666026875342887
2004-11-09,sz000901,11.95,12.18,12.2,11.89,3765,1975283.38,2.58,1.33,0.16,0.56,3.5757649805367193,-0.3691123254269759,12.308000000000003,12.225999999999999,12.249529883775583,3.805290578127294,3.7560245102431664,3.8078043763019944,12.394,12.335454545454544,12.329369345436978,4.080680346784198,3.917452209900799,3.916862275263903,12.443999999999999,12.296476190476191,12.577735888069713,3.9787284623357926,3.990014831720613,3.970712800466144,13.127666666666668,12.599182795698923,12.813311964296405,4.0123912099242,3.984076543325629,3.9721085637490328,13.2895,13.064420765027322,13.46292768989127,3.9141249105618416,3.972428972582798,3.9377284143105102,6.295629409603917
2004-11-10,sz000901,12.27,12.87,12.98,12.02,16389,9016912.0,7.88,5.67,0.69,2.44,4.214552455234245,0.638787474697526,12.348000000000003,12.413333333333332,12.45635325585039,3.8528852254461214,3.892445135945484,3.943387069279412,12.421,12.422,12.4276658280848,4.044174379233593,3.9417925932553532,3.9709877625312378,12.379999999999999,12.33704761904762,12.605570565396407,3.994522567949228,4.012474259615704,3.9939356247297724,13.049333333333333,12.582559139784951,12.816969256922444,4.003535538479192,3.9971192043133734,3.987750105135176,13.259666666666666,13.050666666666665,13.443487437763688,3.9290005775060393,3.98227905601468,3.9468046123735836,6.9550578312253375
2004-11-11,sz000901,12.89,12.83,13.54,12.74,28718,16473826.0,6.22,-0.31,-0.04,4.27,4.458154191168851,0.24360173593460566,12.460000000000004,12.574,12.580902170566926,3.968068094076126,4.09420145785306,4.114976109909225,12.455,12.496363636363636,12.500817495705746,4.031274848525042,4.017061649970854,4.059563476828986,12.370000000000001,12.379904761904758,12.626944797263416,4.0197688789296775,4.056629652303288,4.0381469167715895,12.991999999999999,12.568408602150535,12.817809950024223,4.009491957876231,4.02644943997077,4.018098755847026,13.223166666666666,13.036579234972677,13.423373095541926,3.9287901826366016,3.999628354823297,3.963570172334084,7.216794474562627
2004-11-12,sz000901,12.89,13.16,13.21,12.8,13691,7751097.5,3.2,2.57,0.33,2.04,4.136435170458382,-0.32171902071046876,12.612000000000002,12.807333333333334,12.773934780377951,4.065956820672379,4.150323816647146,4.1221291300922775,12.567,12.624545454545455,12.620668860122882,4.026389654313361,4.03618170850419,4.073540148397966,12.379999999999999,12.455142857142855,12.677711959428805,4.035423447911564,4.067740727686974,4.047507702836999,12.922333333333333,12.579247311827956,12.839886727442016,4.0068889317154746,4.03463932465349,4.025733363241307,13.204,13.034508196721308,13.414737912081534,3.9285005210718325,4.006436387210896,3.9692378771906185,6.889363199854441
2004-11-15,sz000901,13.23,13.27,13.41,13.07,10235,5885782.5,2.58,0.84,0.11,1.52,4.010087846998524,-0.126347323459858,12.862000000000004,13.026666666666667,12.9392898535853,4.0789989288793445,4.131700825422527,4.084782035727693,12.625,12.752363636363635,12.738729067373265,3.980994218469332,4.033217743537855,4.0620033663253405,12.392999999999999,12.539904761904763,12.73412034424511,4.052989124219273,4.065327813314303,4.043943907042858,12.874333333333334,12.60167741935484,12.867635970832854,3.9929713291614815,4.034845706284655,4.024723975096611,13.186666666666666,13.03667213114754,13.409992406767385,3.93388542575073,4.009111381503574,3.9705772204630088,6.769804209378426
2004-11-16,sz000901,13.34,13.05,13.34,12.89,7202,4090326.0,3.39,-1.66,-0.22,1.07,3.8574531170352664,-0.15263472996325778,13.036000000000005,13.089333333333334,12.976193235723535,4.135336556179054,4.057852221474501,4.009005729496884,12.672,12.829636363636364,12.795323782396308,3.970313567153174,4.010755725095298,4.024812411908964,12.402,12.60247619047619,12.76420412098367,4.0609915939110115,4.0467053364396355,4.026182879423088,12.834000000000001,12.61301075268817,12.879401392069445,3.9870294384683946,4.0261025958248995,4.013932306834589,13.174000000000001,13.0321912568306,13.398189377037307,3.936332560783638,4.006605404168641,3.9668682334653775,6.611757922765036
2004-11-17,sz000901,12.94,12.89,13.1,12.69,7809,4346049.5,3.14,-1.23,-0.16,1.16,3.892595422828898,0.035142305793631756,13.040000000000003,13.040666666666668,12.947462157149024,4.070945149697984,3.9769385103577832,3.9702022939408894,12.693999999999999,12.869272727272728,12.812537640142432,3.9619151875720524,3.996625153399975,4.000772959348952,12.423,12.64895238095238,12.776184680889987,4.062845407269068,4.030667605860388,4.013460264509355,12.781,12.616623655913978,12.880085173226256,3.988898819266336,4.020010078686867,4.006104120769707,13.158333333333333,13.022879781420764,13.381527430249198,3.940943316969846,4.005171399645535,3.9644330593461485,6.638094668476551
2004-11-18,sz000901,12.89,13.05,13.05,12.83,6312,3546045.25,1.71,1.24,0.16,0.94,3.800166990201364,-0.0924284326275342,13.084000000000003,13.044000000000002,12.98164143809935,3.9393477095044873,3.88667912385891,3.9135238593610477,12.772,12.934,12.85571261466199,3.953707901790307,3.967216390241668,3.964299146776663,12.4755,12.708666666666666,12.802262330329036,4.056837153202156,4.005650613758701,3.9931466193371654,12.743666666666666,12.633978494623657,12.891047420114885,3.9903930128126626,4.007833831650418,3.9928178542814265,13.151666666666667,13.019327868852459,13.37065767843775,3.9376913650117147,4.0005557823744375,3.959047286587303,6.549744273199451
2004-11-19,sz000901,13.19,13.57,14.15,13.12,39139,23406498.0,7.89,3.98,0.52,5.82,4.5926097252558105,0.7924427350544465,13.166000000000002,13.206,13.177760958732902,4.0305826204639725,4.104433129109351,4.139885814659302,12.889,13.079090909090912,12.985583048359809,4.048269720568176,4.0833803581444865,4.078537433772871,12.583,12.812904761904763,12.875380203631032,4.081096964590539,4.056676573001906,4.05023834371037,12.736333333333334,12.687290322580647,12.934850812365537,4.012731138811243,4.046686522775782,4.03151410402171,13.164,13.033043715846993,13.377193492259464,3.9490391374683793,4.022028515497195,3.979819825560041,7.36933644090526
2004-11-22,sz000901,13.45,13.72,13.97,13.39,17906,10685276.0,4.27,1.11,0.15,2.66,4.252998580156892,-0.3396111450989183,13.256000000000004,13.390666666666668,13.358507305821934,4.079164767095646,4.178571782340324,4.1775900698251665,13.059000000000001,13.23018181818182,13.119113403203478,4.079081847987495,4.120603787160617,4.110257642206329,12.6915,12.921190476190478,12.9558201842376,4.094365814492109,4.073048155436797,4.069548842419562,12.719,12.750752688172042,12.985505598664535,4.0290227289685125,4.0621876480238885,4.045803425062689,13.179666666666668,13.051273224043719,13.388433049890299,3.956505366397164,4.031994398864031,3.988776506038626,7.0287857444438355
2004-11-23,sz000901,13.75,14.28,14.31,13.45,25898,15663472.0,6.27,4.08,0.56,3.85,4.4132662265329206,0.16026764637602842,13.502000000000004,13.732000000000001,13.665671537214624,4.190327388995177,4.289938935486082,4.256148788727751,13.269,13.452181818181819,13.330183693530117,4.1628319725871155,4.181364583259785,4.165350112083891,12.8315,13.072476190476188,13.081932547643543,4.121756159685657,4.103419623250208,4.1022838313827386,12.719,12.851462365591399,13.069021366492631,4.040096299086233,4.08697755109256,4.069510702576898,13.203833333333334,13.087349726775955,13.417664753172584,3.9709899349932956,4.046970164770121,4.002694201792537,7.19488803507249
2004-11-24,sz000901,14.19,13.57,14.19,13.45,17785,10720010.0,5.18,-4.97,-0.71,2.65,4.250053869521799,-0.1632123570111217,13.638000000000002,13.754666666666667,13.633781024809752,4.261819078333757,4.309847762328289,4.254117148992433,13.339000000000002,13.506909090909089,13.373786658342821,4.166382114015871,4.197223109975182,4.180750795254419,12.879999999999999,13.142809523809525,13.128415162153681,4.1052782466247315,4.115638452758413,4.1163571683483635,12.699666666666667,12.90636559139785,13.101342568654397,4.051809083304776,4.10052320079808,4.0811586488314076,13.212166666666665,13.09935519125683,13.422659351429221,3.9804897756939597,4.056119801967777,4.010804354832841,7.0301951904820115
2004-11-25,sz000901,13.48,13.48,13.68,13.14,13318,7778929.0,3.98,-0.66,-0.09,1.98,4.124439010556526,-0.1256148589652728,13.724000000000004,13.702,13.582520683206504,4.326673482404789,4.264054406402546,4.210891102847131,13.404000000000002,13.532545454545454,13.393098175007761,4.133010595954639,4.1895970911643925,4.170512288945711,12.9295,13.19995238095238,13.16189943242476,4.0821427222398405,4.117463287418583,4.1171268676062835,12.714666666666668,12.956709677419353,13.125772080354114,4.057516117937998,4.105209002556257,4.083950930233028,13.223,13.108136612021859,13.424539372693836,3.9907168756946936,4.060839449012451,4.014530081250011,6.890919807605618
2004-11-26,sz000901,13.39,13.7,13.75,13.23,12869,7532543.5,3.86,1.63,0.22,1.91,4.109544800878346,-0.01489420967817967,13.750000000000004,13.694,13.621680455471003,4.230060497529297,4.191678179227064,4.1771090021908694,13.457999999999998,13.586363636363636,13.44889850682453,4.130321558996635,4.185330582968702,4.159427291115281,13.0125,13.273333333333332,13.213147105527163,4.0783556066549975,4.120073009193679,4.116404766013146,12.739333333333333,13.020279569892475,13.162819042911913,4.067056151606588,4.108565691778215,4.085602147694017,13.238,13.123775956284152,13.433570868671087,4.004195742474031,4.064735446559457,4.017645317959136,6.876941648377976
2004-11-29,sz000901,13.79,13.66,14.15,13.39,14568,8698486.0,5.55,-0.29,-0.04,2.17,4.163399932786864,0.05385513190851743,13.738000000000003,13.663999999999998,13.63445363698067,4.21214076805529,4.169457990979587,4.172539312389534,13.497,13.623090909090909,13.487280596492798,4.145652767575468,4.191344832748745,4.160149589601023,13.061000000000002,13.334999999999999,13.255704524048387,4.0633234930224,4.128172468825285,4.120880496182072,12.761,13.079677419354839,13.19489523369179,4.083877005338005,4.114781419596297,4.090621359635491,13.2515,13.137612021857922,13.440994774616296,4.015881604431228,4.06995525607791,4.022424157789554,6.939443668818136
2004-11-30,sz000901,13.57,13.52,13.75,13.34,6166,3607125.0,3.0,-1.02,-0.14,0.92,3.7900035203904894,-0.37339641239637444,13.586000000000002,13.591333333333331,13.59630242465378,4.087488226826805,4.028745575091319,4.045027381723186,13.544,13.627272727272727,13.493229578948654,4.138907807910991,4.126681333260566,4.092850304290017,13.108,13.378714285714286,13.280875521758064,4.054610687532082,4.1021419952412925,4.08936840324954,12.782666666666668,13.128645161290324,13.215869734743935,4.086963665244338,4.095821839922265,4.071226660329362,13.2645,13.14641530054645,13.443585109874777,4.020798513543017,4.062549417256902,4.014803809022371,6.557161192462419
2004-12-01,sz000901,13.57,13.39,13.68,13.3,8104,4747301.5,2.81,-0.96,-0.13,1.21,3.908699432352224,0.11869591196173479,13.550000000000002,13.526,13.527534949769187,4.01921733939289,3.9691493102664595,3.9995847319328655,13.594,13.599272727272727,13.474460564594352,4.140518208863323,4.084825264977154,4.059368327574054,13.144,13.405571428571431,13.291268329209677,4.051216698217688,4.088245685224163,4.072161834592652,12.813333333333334,13.167827956989242,13.227103945405617,4.088736341133819,4.084320921671161,4.060741032717934,13.268666666666666,13.15053005464481,13.441828221026423,4.022622310609723,4.058874037545728,4.011324977000399,6.676446814534502
2004-12-02,sz000901,13.3,13.43,13.5,13.12,8662,5018241.5,2.84,0.3,0.04,1.29,3.9376181793938234,0.028918747041599246,13.540000000000003,13.485999999999999,13.495023299846126,3.98185317316035,3.9419495902667707,3.9789292144198516,13.632,13.569454545454544,13.466376825577196,4.15426332778257,4.047934350528154,4.0372319369958305,13.202000000000002,13.432809523809523,13.304480869284946,4.053985614786439,4.07742677866951,4.0593481531451445,12.861,13.207612903225806,13.240194013443965,4.08931254472896,4.074571362849225,4.0527976228260565,13.2765,13.155819672131145,13.441440410500965,4.03063811977589,4.056087016850125,4.008908360685429,6.700551557654886
2004-12-03,sz000901,13.36,13.83,13.99,13.34,21936,13141857.0,4.84,2.98,0.4,3.26,4.341157437445437,0.4035392580516137,13.566000000000003,13.582666666666666,13.606682199897419,4.028175700473768,4.061717678361799,4.099671955428381,13.657999999999998,13.605454545454545,13.532490130017706,4.129118099001532,4.081915097739585,4.092491118895759,13.273500000000002,13.492619047619046,13.354530310305426,4.088693909784854,4.104776476065605,4.086187132602315,12.941333333333334,13.270129032258064,13.278246012576613,4.0971040093942035,4.090819420443837,4.0714014818337585,13.284666666666665,13.173967213114752,13.454180069173063,4.0387634540340045,4.066267978085192,4.019801773038216,7.1186567372078065
2004-12-06,sz000901,13.86,13.72,13.88,13.57,6647,3972365.0,2.24,-0.8,-0.11,0.99,3.822625678774141,-0.5185317586712963,13.578000000000003,13.633999999999999,13.644454799931612,3.960020849671223,3.9932010044619237,4.007323196543634,13.658000000000001,13.616727272727275,13.56658283365085,4.086080808863257,4.026189203152786,4.043424675237283,13.358500000000001,13.535142857142858,13.389336947419196,4.082581328425376,4.079436644540775,4.061086041761536,13.013666666666667,13.320365591397849,13.306746269829736,4.091604145949159,4.073111141048993,4.055351430023461,13.294,13.18824043715847,13.462895476741158,4.0414990756584235,4.059181493650443,4.013336983062344,6.599049146722386
2004-12-07,sz000901,13.61,13.3,13.86,13.25,8927,5266413.5,4.45,-3.06,-0.42,1.33,3.9507055347738613,0.1280798559997205,13.534000000000002,13.541333333333334,13.529636533287743,3.9921612525478976,3.9900958994961373,3.9884506426203767,13.559999999999999,13.551636363636362,13.518113227532513,4.039824739687352,4.001575516954714,4.026566649698479,13.4145,13.529571428571428,13.380828666712606,4.101328356137233,4.066877045145394,4.050573612524615,13.074333333333332,13.338838709677418,13.306311026614914,4.094445686352889,4.064020908069942,4.048600081942842,13.297,13.188437158469943,13.457554641438168,4.052396093312345,4.056204656244391,4.011283492954525,6.721514955362161
2004-12-08,sz000901,13.34,13.14,13.54,12.98,9279,5340650.5,4.21,-1.2,-0.16,1.38,3.9675011747228415,0.016795639948980146,13.484000000000004,13.409999999999998,13.399757688858497,4.003921601022021,3.981875873554452,3.9814674866545317,13.517000000000001,13.475272727272728,13.449365367981146,4.011569470207456,3.9884257778702574,4.015827472430181,13.428,13.503428571428573,13.357892603216166,4.088975792111663,4.0541315992964035,4.0426619517815885,13.092333333333334,13.343075268817202,13.29558128296234,4.0740419878189735,4.055830939577682,4.043367894380262,13.298499999999999,13.18328961748634,13.447143013850031,4.0642184763353795,4.053421216290637,4.009848007110863,6.727594158031324
2004-12-09,sz000901,13.12,13.39,13.48,12.94,8081,4641934.5,4.11,1.9,0.25,1.2,3.9074651067658563,-0.06003606795698513,13.476000000000003,13.378666666666668,13.396505125905666,3.997890986496427,3.9497237088023964,3.95680002669164,13.508000000000001,13.452181818181819,13.438571664711848,3.9898720798283884,3.9694977117899675,3.996125224127576,13.456,13.499809523809526,13.360950450528913,4.061441337891514,4.036844867358708,4.02978606178009,13.122333333333334,13.362279569892472,13.301672813093802,4.051385841436024,4.0450840440258675,4.034599972598688,13.297500000000001,13.186289617486342,13.445269472412324,4.055807488011921,4.048281761550654,4.006491190706108,6.666699008052415
2004-12-10,sz000901,13.41,12.65,13.41,12.45,10048,5603720.0,7.17,-5.53,-0.74,1.5,4.002079626393121,0.0946145196272643,13.240000000000004,13.103333333333333,13.147670083937111,3.930075424285964,3.9511199221012943,3.9718932265921336,13.403,13.29618181818182,13.295194998400603,3.9791255623798656,3.9717172657108275,3.9972078427213114,13.4305,13.423047619047617,13.293240883811873,4.054723560688251,4.031191371025527,4.027147353647997,13.142666666666665,13.331806451612906,13.259629405797428,4.045278925229954,4.041902997894067,4.032501885746716,13.289333333333333,13.165060109289616,13.419195063480771,4.055834190762233,4.046520192317249,4.006346549253223,6.748476426846977
2004-12-13,sz000901,12.45,12.58,12.67,12.33,3992,2167087.0,2.69,-0.55,-0.07,0.59,3.6011905326153335,-0.40088909377778714,13.012000000000004,12.883333333333333,12.958446722624743,3.8857883950542025,3.8414916248777513,3.8483256619332007,13.295000000000002,13.146545454545455,13.165159544145947,3.9229046223627124,3.90300180575364,3.9252046954293154,13.396,13.34204761904762,13.225313180591694,4.034278694969091,3.9879977493042973,3.986580037359172,13.139000000000001,13.295505376344085,13.215782347358886,4.016517202802505,4.013252133854413,4.004675346835014,13.285166666666667,13.141803278688522,13.3916804712355,4.051111219390516,4.03161384286981,3.9930627454290297,6.335876346881186
2004-12-14,sz000901,12.58,12.47,12.69,12.45,2806,1523602.38,1.91,-0.87,-0.11,0.42,3.448087666692341,-0.1531028659229925,12.846000000000004,12.702666666666666,12.795631148416495,3.7852648214378988,3.6955913820904636,3.714912996852914,13.190000000000001,12.996545454545455,13.038766899755775,3.888713036992898,3.816671450177209,3.8384561447498653,13.367,13.253857142857143,13.153378591963914,4.013810422451945,3.9321700323255593,3.9352950496766166,13.135333333333334,13.252344086021505,13.1676673572067,3.999311470685688,3.9765792605569845,3.968766464245164,13.285500000000003,13.11507650273224,13.361461439391713,4.045762549319659,4.01184257884692,3.9751947100606135,6.182871642395353
2004-12-15,sz000901,12.36,12.49,12.56,12.11,6296,3362311.0,3.61,0.16,0.02,0.94,3.799064719351008,0.3509770526586671,12.716000000000003,12.584,12.693754098944332,3.7515775303635315,3.7001913480615003,3.7429635710189455,13.1,12.869272727272728,12.938991099800178,3.8777495656927767,3.8003717560605015,3.831294067404618,13.347,13.170333333333334,13.090199678443541,4.0091338872780495,3.9117180606016606,3.922320732502749,13.129333333333333,13.210709677419356,13.123946882548204,3.9933943207093843,3.963660115309585,3.9578179645745735,13.277666666666667,13.088994535519126,13.332888933182149,4.045938263188468,4.003754125405324,3.9694199562668557,6.526637881422658
2004-12-16,sz000901,12.54,12.36,12.54,12.31,3436,1854234.5,1.84,-1.04,-0.13,0.51,3.5360531551592045,-0.2630115641918036,12.510000000000002,12.465333333333335,12.582502732629555,3.677295140042202,3.6283498896600577,3.673993432399032,12.993,12.734727272727275,12.8337199907456,3.8375930632693147,3.7382451359634885,3.777613901541815,13.3125,13.076333333333332,13.02065685192511,3.9959281955259423,3.866662752780818,3.8855333441843163,13.132333333333333,13.161075268817203,13.074659986899933,3.9818547642807305,3.9341542336611877,3.9306073317090657,13.255333333333333,13.058907103825137,13.300990935372896,4.032363826314495,3.9870365808797747,3.9552112086895557,6.26816465732514
2004-12-17,sz000901,12.24,12.27,12.4,12.15,2943,1565057.88,2.02,-0.73,-0.09,0.44,3.468790262099611,-0.06726289305959332,12.434000000000003,12.385333333333334,12.478335155086372,3.5706372671835,3.5588482636791943,3.6055923756325585,12.837,12.603272727272728,12.73122544697367,3.750356345734732,3.671190081205361,3.7214641489159597,13.247499999999999,12.977047619047621,12.949165723170339,3.9397372223681315,3.816459140073549,3.845843526842916,13.128000000000002,13.105440860215053,13.022746439358002,3.9759147217681465,3.901053298036599,3.900812682056843,13.225166666666667,13.026601092896176,13.26718795388526,4.018554587107244,3.968558759102238,3.939262980932508,6.194530403543675
2004-12-20,sz000901,12.22,12.29,12.47,12.04,2891,1527324.62,3.5,0.16,0.02,0.43,3.4610480916706576,-0.007742170428953532,12.376000000000003,12.337333333333333,12.41555677005758,3.542608778994565,3.5223185385082467,3.5574109476452587,12.693999999999999,12.50381818181818,12.651002638433003,3.7141985870243834,3.6185885804664375,3.674115774871359,13.175999999999998,12.885857142857144,12.886388035249354,3.9001396979438203,3.7708696990547415,3.8091963425407958,13.137,13.051376344086023,12.975472475528454,3.959787081291712,3.867836096094825,3.87244077299967,13.187833333333334,12.995939890710384,13.235149004577547,4.002182513211674,3.9502798576125127,3.923583804235398,6.183931352506012
2004-12-21,sz000901,12.33,12.42,12.49,12.22,2345,1259576.0,2.2,1.06,0.13,0.35,3.370142847051102,-0.09090524461955551,12.366000000000003,12.352,12.417037846705053,3.527019815066317,3.464829894527093,3.4949882474472065,12.606,12.454,12.60900215871791,3.6561423182521073,3.5560329913803868,3.6188479698131304,13.083000000000002,12.813857142857144,12.841970127130368,3.847983528969729,3.72039380849353,3.7673817239227296,13.145,13.005118279569894,12.939635541623392,3.9529330101755247,3.8297945325954306,3.840034455196537,13.136333333333333,12.970765027322406,13.208422807706151,3.9826621100498625,3.9295572456072487,3.9054381990818148,6.100224376982872
2004-12-22,sz000901,12.56,12.96,12.98,12.33,6166,3420323.75,5.23,4.35,0.54,0.92,3.7900035203904894,0.41986067333938726,12.460000000000003,12.55,12.598025231136704,3.525207575274213,3.5524911296351505,3.5933266717616346,12.588000000000001,12.518363636363636,12.672819948041926,3.6383925528188725,3.5803713917691837,3.6499671608271953,13.0525,12.802142857142856,12.853211067403667,3.8249810115131644,3.7148719029145556,3.769536180729183,13.148,12.993182795698925,12.94094937764769,3.9387813790140664,3.8192829526093,3.836806652950986,13.098666666666668,12.964983606557377,13.200277797617426,3.971158458746629,3.92324057053645,3.9016534555181646,6.534067216051439
2004-12-23,sz000901,12.94,12.49,12.94,12.47,3233,1779970.5,3.63,-3.63,-0.47,0.48,3.5096057046115563,-0.2803978157789331,12.486000000000002,12.559999999999999,12.562016820757805,3.519918085164684,3.5472905060809317,3.565419682711609,12.498000000000001,12.500545454545454,12.639579957488849,3.5986066126034424,3.556955601186035,3.6244468960607152,13.003,12.748571428571433,12.818619537174746,3.794239346215915,3.6848361594001156,3.7447808972894094,13.136666666666667,12.950731182795701,12.911855869412358,3.9071630961288233,3.791594199422042,3.8156969143484423,13.064333333333334,12.945027322404373,13.176990000974232,3.958327527002527,3.9081076933516927,3.8887994308982754,6.2504128046721625
2004-12-24,sz000901,12.49,12.58,12.78,12.45,2452,1337325.38,2.64,0.72,0.09,0.36,3.3895204658463776,-0.12008523876517874,12.548000000000002,12.591333333333333,12.568011213838538,3.5040641259140366,3.503824632974829,3.506786610423199,12.491,12.515454545454544,12.62874723794542,3.537350696548768,3.518939938139296,3.5817329996581084,12.947,12.708285714285715,12.795893866967628,3.758238129464317,3.646291504126827,3.710946570485311,13.117333333333335,12.914817204301077,12.89044581332124,3.8822659393084233,3.7581979006941415,3.7882016596063735,13.019833333333333,12.929147540983607,13.157416558319339,3.9445774355119485,3.8894582815105077,3.8724296287654263,6.126237086802908
2004-12-27,sz000901,12.67,12.47,12.69,12.45,1436,780272.0,1.91,-0.87,-0.11,0.21,3.1571544399062814,-0.23236602594009614,12.584000000000003,12.565333333333333,12.535340809225692,3.443285395561161,3.388188070972245,3.3902425535842267,12.48,12.511636363636365,12.599884103773526,3.492947087277863,3.4498133460224802,3.504536897885049,12.8875,12.662857142857144,12.764856355827854,3.707925854820288,3.5890454384546326,3.6582044628111174,13.090666666666666,12.873053763440861,12.863320276977934,3.8538348257386814,3.7114165136359385,3.747488935754755,12.982499999999998,12.911120218579237,13.13487831050559,3.923403077450081,3.8636411341136006,3.8489779832290605,5.892246022571468
2004-12-28,sz000901,12.45,12.29,12.45,12.09,3435,1820601.12,2.89,-1.44,-0.18,0.51,3.5359267413955693,0.37877230148928787,12.558000000000003,12.467333333333332,12.453560539483796,3.476442174430055,3.4190685195837136,3.438803949521341,12.462,12.47709090909091,12.543541539451066,3.5017309947481863,3.457627828589336,3.5102441421596886,12.825999999999999,12.605952380952381,12.719631940987107,3.6952220158705424,3.572664570509421,3.646558965533446,13.065333333333333,12.821397849462366,12.826331872011616,3.843117279884025,3.6909063146460603,3.7338397619251307,12.949666666666666,12.888415300546448,13.107177382292292,3.9150733591762097,3.850936991947879,3.8387140080869786,6.260214805565155
2004-12-29,sz000901,12.29,12.31,12.49,12.22,1657,889597.0,2.2,0.16,0.02,0.25,3.219322508419337,-0.3166042329762324,12.428000000000003,12.384666666666668,12.405707026322531,3.3623059720358244,3.3333619642468078,3.3656434691540067,12.443999999999999,12.449454545454547,12.501079441369054,3.4437567736550188,3.4062808310749997,3.4573492996614426,12.772,12.556809523809521,12.68061937517881,3.660753169673898,3.527340807895021,3.605869779141626,13.046,12.772666666666666,12.79302013833345,3.8206748494037064,3.650661490680596,3.7006451004086283,12.9135,12.867442622950819,13.081040418938446,3.9047868343350207,3.8281254886443756,3.8184060900650887,5.949193309663294
2004-12-30,sz000901,12.4,12.22,12.4,12.11,1640,870176.81,2.36,-0.73,-0.09,0.24,3.214843848047698,-0.0044786603716389095,12.374000000000004,12.315333333333333,12.343804684215023,3.303353600723052,3.2842079229174326,3.3153769287852377,12.43,12.408727272727273,12.449974088392862,3.4116358429438676,3.364660299146396,3.4132573993680344,12.711500000000001,12.504238095238094,12.63675086325702,3.6246144531065916,3.4848732534544298,3.568629214275538,13.018333333333333,12.71937634408602,12.756051097150648,3.801164077998584,3.61157561962537,3.6693030841272782,12.881,12.844704918032788,13.052809585530628,3.8957785454056237,3.805504407126758,3.798617164097305,5.939607505268772
2004-12-31,sz000901,12.22,11.8,12.4,11.77,2306,1212835.38,5.16,-3.44,-0.42,0.34,3.36285930295868,0.14801545491098222,12.218000000000004,12.123999999999999,12.16253645614335,3.2980213681455135,3.3040431569959745,3.331204386843052,12.383,12.29418181818182,12.331796981412342,3.401042747029775,3.355791837330907,3.404094109111788,12.610000000000001,12.417428571428571,12.55706030485159,3.5756995463822534,3.459944191535582,3.549032079864409,12.959333333333332,12.640774193548388,12.694370381205445,3.7601723972553462,3.5832978922034413,3.649532517600272,12.847833333333334,12.809262295081966,13.01173386141487,3.8864517680332944,3.788031645079317,3.7843300211091537,6.083801857412858
2005-01-04,sz000901,11.8,11.77,12.0,11.57,1862,951814.0,3.64,-0.25,-0.03,0.28,3.269979676645324,-0.09287962631335622,12.078000000000003,11.974666666666668,12.031690970762234,3.3205864154933216,3.2946959264959115,3.310796150110476,12.331,12.182727272727272,12.229652075701008,3.3819359055272415,3.331962188170098,3.379709666845158,12.5125,12.33742857142857,12.48210218058001,3.5480672462758123,3.430828013465398,3.5224556605102104,12.894333333333334,12.564043010752687,12.634733582417999,3.7274051004716275,3.551672555389891,3.6250452375386626,12.806666666666667,12.773923497267761,12.971021275794708,3.8782139147200705,3.7678194453616785,3.7674660753890277,5.978552088441338
2005-01-05,sz000901,11.82,12.11,12.24,11.73,2753,1439022.62,4.33,2.89,0.34,0.41,3.4398062113933303,0.16982653474800635,12.042000000000003,11.985333333333333,12.057793980508158,3.301362309492874,3.3344358584625815,3.3537995038714277,12.3,12.142545454545456,12.207897152846277,3.388902241961464,3.3424840619639324,3.390636311308462,12.453,12.299095238095237,12.446663877667628,3.5225222801067857,3.4205174387146853,3.514584284403841,12.822,12.513440860215052,12.60087980290716,3.6949564333003075,3.5331177883525813,3.6130943326260607,12.7705,12.751081967213116,12.942791070030948,3.86752636619327,3.7534454223017857,3.756723129028513,6.158067620666258
2005-01-06,sz000901,12.11,11.93,12.2,11.89,2280,1188376.12,2.56,-1.49,-0.18,0.34,3.357934847000454,-0.08187136439287634,11.966000000000005,11.948,12.01519598700544,3.329084777209097,3.3532933709651074,3.355177951581103,12.197,12.075272727272727,12.157370397783318,3.3456953746224607,3.3368536265164757,3.384690590525188,12.3925,12.249285714285715,12.397457794080236,3.492043963720666,3.404842445085511,3.499665290365423,12.767333333333333,12.455892473118281,12.557597234977667,3.665219132549596,3.511374460204204,3.596632430327635,12.7335,12.723524590163935,12.909584805439769,3.858514107927186,3.7367375036397257,3.743648103388248,6.074953916224501
2005-01-07,sz000901,11.89,12.11,12.33,11.89,1613,846773.75,3.69,1.51,0.18,0.24,3.2076343673889616,-0.1503004796114924,11.944000000000003,11.996,12.046797324670294,3.32764288107735,3.312809901025063,3.3059967568503894,12.159,12.059454545454544,12.14875759818635,3.315498240900201,3.3117516252012944,3.352498549954965,12.3285,12.222380952380952,12.37008086131069,3.4570524267518215,3.3777558168634436,3.471852821510522,12.721666666666666,12.413483870967744,12.528719994011366,3.634658977777344,3.481852862451905,3.571535781105785,12.718166666666665,12.703081967213114,12.883368910179449,3.846087547857671,3.715397184277817,3.7260738825358124,5.927767386420058
2005-01-10,sz000901,12.0,12.31,12.36,12.0,2230,1185511.25,2.97,1.65,0.2,0.33,3.3483048630481607,0.1406704956591991,12.046000000000003,12.118,12.134531549780197,3.324731993095246,3.3196972283486663,3.3200994589163138,12.132000000000001,12.08690909090909,12.178074398516104,3.3113766806203793,3.3177164655918316,3.351736061426455,12.3115,12.220619047619047,12.364358874519194,3.424363688584574,3.367398906034524,3.460086349276011,12.675333333333333,12.386924731182797,12.514609026655796,3.609284313183004,3.463378403437119,3.5571337863923898,12.707333333333334,12.689699453551912,12.864569929517828,3.838170232394796,3.6990764405135708,3.713688013044414,6.073905679604581
2005-01-11,sz000901,12.29,12.36,12.47,12.27,2322,1244439.88,1.62,0.41,0.05,0.35,3.365862215402555,0.01755735235439415,12.164000000000001,12.222666666666665,12.209687699853465,3.343908500846692,3.333407302451102,3.3353537110783944,12.121,12.128363636363636,12.211151780604084,3.332247458170007,3.3276229264613186,3.354304453058473,12.3005,12.225238095238094,12.363943743612605,3.412597272723935,3.361827337160046,3.4511126222404442,12.632000000000001,12.366580645161289,12.50463425074252,3.5826997226035275,3.447673751967413,3.5447936850382074,12.696500000000002,12.678311475409835,12.848026653140193,3.833288363970766,3.6835909317597264,3.702283888531566,6.094973920297818
2005-01-12,sz000901,12.2,12.33,12.38,12.18,1861,988720.0,1.62,-0.24,-0.03,0.28,3.269746373130767,-0.0961158422717876,12.208000000000002,12.277999999999999,12.24979179990231,3.3098965331941796,3.3086865932124607,3.313484598429185,12.125,12.166363636363636,12.232760547766977,3.3056294213435264,3.3162590928178206,3.338930256707981,12.2935,12.228047619047619,12.36071100612569,3.4036802080458566,3.3482224895797437,3.4338396461347607,12.592333333333332,12.347096774193547,12.493367524888164,3.56535781769487,3.427483213291751,3.527048697173212,12.6875,12.666295081967213,12.831042172709367,3.8261607414696046,3.6651141451748086,3.6881023306495724,5.995073319229255
2005-01-13,sz000901,12.18,12.51,12.78,12.18,4526,2461115.75,4.87,1.46,0.18,0.67,3.65571454961871,0.38596817648794257,12.324000000000002,12.378666666666668,12.336527866601541,3.3694524737178306,3.4239592653539708,3.4275612488256932,12.145,12.236363636363636,12.283167720900252,3.349268625463464,3.3799109343223996,3.396527400873568,12.2945,12.248666666666665,12.374929005542292,3.396512699559241,3.3722257602057306,3.454970589323708,12.562999999999999,12.341784946236558,12.494440587798605,3.5569249882704197,3.433312679867482,3.5353497199116313,12.688166666666667,12.660475409836067,12.82051619983365,3.8228306647021193,3.6595257454419925,3.687040436189544,6.391132039710171
2005-01-14,sz000901,12.22,12.2,12.56,12.0,1644,880034.38,4.48,-2.48,-0.31,0.24,3.215901813204032,-0.439812736414678,12.342000000000002,12.337333333333333,12.291018577734361,3.371105962880845,3.3727757118493713,3.357008103618473,12.142999999999999,12.246363636363636,12.268046317100206,3.3493744219790975,3.355662423002502,3.363686384933652,12.2865,12.239666666666666,12.35826910025255,3.380505132461482,3.3550247234099966,3.432202134455167,12.521999999999998,12.31836559139785,12.475444420843857,3.5328677760640934,3.4113111847019084,3.5147401775433993,12.6915,12.644469945355192,12.800171406396482,3.811090160396527,3.639626438835498,3.671593268222806,5.944499638914522
2005-01-17,sz000901,12.0,11.91,12.13,11.77,2704,1399271.12,2.95,-2.38,-0.29,0.4,3.4320066872695985,0.21610487406556667,12.262000000000002,12.193333333333332,12.16401238515624,3.387846327725132,3.393075953312289,3.382007631502182,12.154,12.204,12.20294698671835,3.3562891604101894,3.3706864712371383,3.376108258085642,12.2685,12.203809523809522,12.315576804990403,3.3786659537199824,3.3599296333917215,3.432183520437494,12.458,12.278881720430107,12.438964135628124,3.5025627510582322,3.40480401768291,3.509402533009606,12.699666666666666,12.61884699453552,12.770985458645777,3.7998333802262176,3.6271974725034677,3.663737970486635,6.145901870683456
2005-01-18,sz000901,12.15,12.76,13.07,12.15,32184,17892068.0,7.72,7.14,0.85,4.79,4.507640019563205,1.0756333322936062,12.342000000000002,12.359333333333332,12.362674923437496,3.616201888557262,3.7663405172583135,3.757218427522523,12.253,12.31418181818182,12.304229352769559,3.4800551947019778,3.580022991083142,3.581841305627017,12.292,12.250619047619047,12.357902823562746,3.430995550114609,3.4674509729958385,3.534607948925657,12.425999999999998,12.298365591397854,12.459676126877923,3.525396562417867,3.4696477124251657,3.573804951496935,12.719833333333334,12.620825136612018,12.770625279673785,3.808500354183513,3.6504042475636966,3.6914068901284893,7.2526605400689546
2005-01-19,sz000901,12.56,12.56,12.8,12.4,12859,7025074.0,3.13,-1.57,-0.2,1.91,4.109207196320066,-0.3984328232431391,12.388000000000002,12.432,12.428449948958331,3.7840940531951217,3.930675619845914,3.8745480171217044,12.298,12.370000000000001,12.350733106811456,3.5469952931946507,3.694414264104612,3.6777260130257527,12.299,12.276142857142856,12.377150173699627,3.467948767578058,3.532042558348738,3.5893316867727436,12.401333333333334,12.307010752688173,12.466148634821284,3.530679951136074,3.507312914612404,3.608347031808105,12.737833333333333,12.61558469945355,12.763719532799236,3.8125628187444813,3.660263488289486,3.705105260823295,6.846650903327636
2005-01-20,sz000901,12.4,12.47,12.54,12.0,8341,4435368.5,4.3,-0.72,-0.09,1.24,3.92121812119495,-0.18798907512511542,12.380000000000003,12.459333333333332,12.442299965972222,3.8371947675103697,3.9763836425125234,3.8901047184794533,12.352,12.401272727272728,12.372417996482099,3.6033236206141006,3.762454778286485,3.721997305420152,12.2745,12.292428571428571,12.385993014299663,3.4745094976182807,3.5752110682170137,3.6209399186224775,12.379,12.311440860215054,12.466397109994105,3.5291371826851448,3.532508925583945,3.62853226338145,12.735666666666667,12.606803278688528,12.754089384182867,3.8015895852520587,3.6638259572222873,3.7121909283764642,6.646929707790804
2005-01-21,sz000901,12.42,12.58,12.65,11.93,9416,5059061.5,5.77,0.88,0.11,1.4,3.9738664498353784,0.05264832864042823,12.456000000000003,12.526000000000002,12.488199977314816,3.9887876948366396,4.021940869954194,3.9180252955980954,12.399,12.442727272727272,12.410160178939899,3.6799468288587427,3.829826201781263,3.7677916953138295,12.279,12.321523809523807,12.404469870080648,3.497722534879472,3.6227688731900707,3.6545519692141823,12.352,12.324408602150536,12.473726328704164,3.5313505607874616,3.5612011363678304,3.6508118883139615,12.737166666666665,12.60169945355191,12.748381535521133,3.7913682011117427,3.669474379011904,3.720770453670199,6.704069958900225
2005-01-24,sz000901,13.07,12.87,13.34,12.69,11024,6164301.5,5.17,2.31,0.29,1.64,4.04233920456355,0.06847275472817183,12.648000000000003,12.664,12.61546665154321,4.11085419829543,4.039791373196497,3.9594632652532473,12.455,12.528363636363636,12.493767419132643,3.749350263010281,3.8957157246366823,3.8177094242683243,12.293499999999998,12.377809523809525,12.448806072930111,3.5303634718153303,3.674637127445697,3.691484086866503,12.359333333333334,12.357827956989246,12.499292372013572,3.532692546726477,3.594168145643707,3.6760717151687743,12.751,12.606054644808744,12.752369026159785,3.788985735978215,3.6777029365021283,3.731313691404407,6.789883872191752
2005-01-25,sz000901,12.71,12.69,12.83,12.47,5949,3262533.0,2.8,-1.4,-0.18,0.89,3.774443968924965,-0.2678952356385853,12.634000000000004,12.677999999999999,12.640311101028807,3.9642149881677815,3.9276546300730084,3.8977901664771535,12.488,12.57109090909091,12.529446070199434,3.7902084383625216,3.90027821662117,3.8098429778422584,12.304499999999999,12.41557142857143,12.471776923127242,3.5612279482662643,3.697882889075186,3.6993850280149276,12.363,12.379161290322578,12.511596089948181,3.538467661270131,3.6097650115919966,3.6824183121853027,12.751000000000001,12.604054644808746,12.750324140056186,3.777492432036318,3.67722615725448,3.7327277988640972,6.513554913187845
2005-01-26,sz000901,12.69,12.47,12.69,12.45,3002,1638120.88,1.89,-1.73,-0.22,0.45,3.4774106879072515,-0.2970332810177134,12.616000000000003,12.623333333333333,12.583540734019206,3.837855686485219,3.765386529986165,3.7576636736205193,12.501999999999999,12.567818181818183,12.518637693799537,3.8109748698401704,3.8434058983565755,3.7494007433086205,12.313500000000001,12.431333333333333,12.47160769235322,3.558302145591848,3.6899002928505182,3.6782446146713395,12.363,12.386064516129034,12.508912471241848,3.5394450953106276,3.605825852020198,3.6691920138447833,12.749166666666667,12.594841530054646,12.741133184644509,3.7693782829981575,3.667387411545331,3.7243567460458396,6.214345946008026
2005-01-27,sz000901,12.45,12.13,12.47,12.02,4506,2394371.25,3.61,-2.73,-0.34,0.67,3.653791187387812,0.17638049948056045,12.548000000000004,12.461333333333334,12.432360489346138,3.784370299723791,3.704031696953696,3.7230395115429507,12.463999999999999,12.500181818181819,12.447976294926892,3.8107825336170813,3.8148270470016015,3.732017187686655,12.3045,12.41385714285714,12.43907362641482,3.580025579540272,3.698994487307276,3.675915716834813,12.350999999999999,12.371032258064515,12.484466505355279,3.534602644245188,3.613203019250984,3.6681984121378823,12.740166666666669,12.574540983606555,12.721096031049607,3.763998482477286,3.663597670705647,3.7220431211718057,6.379191489147322
2005-01-28,sz000901,12.0,12.07,12.31,11.95,3972,2071395.62,2.97,-0.49,-0.06,0.59,3.5990092398233435,-0.054781947564468414,12.446000000000002,12.302,12.311573659564093,3.709398857721385,3.6422446769868797,3.681696087636415,12.451,12.428545454545455,12.379253332212912,3.8490932762790115,3.776322811766376,3.7078339244387797,12.297,12.39152380952381,12.403923757232455,3.5992338491290545,3.7008024549532834,3.6685912904527687,12.341333333333333,12.352903225806454,12.45772673081623,3.536701180400659,3.6173582834818325,3.6637345945692026,12.736833333333331,12.55256830601093,12.699748620195521,3.759277972340695,3.6581881873399444,3.718009223422676,6.316263053588858
2005-01-31,sz000901,11.84,11.44,11.89,11.21,5556,2779995.25,5.63,-5.22,-0.63,0.83,3.744762237065578,0.14575299724223445,12.160000000000002,11.966666666666667,12.021049106376063,3.64988346422179,3.6540324701016114,3.702718137446136,12.404,12.244727272727273,12.208479999083291,3.8803688312586098,3.7573535319093883,3.7145481630981974,12.279,12.309904761904761,12.312121494638887,3.6183289958344,3.7146623014234286,3.6758456663206553,12.313666666666668,12.294752688172041,12.392066941731313,3.5459002462328586,3.6307815774602146,3.668962184407679,12.720833333333333,12.51004918032787,12.658445386746488,3.760907484000503,3.6577122615932183,3.7188863714109677,6.444044053867518
2005-02-01,sz000901,11.55,11.35,11.75,11.33,4309,2147195.5,3.67,-0.79,-0.09,0.64,3.6343764940883676,-0.11038574297721038,11.892000000000003,11.696666666666665,11.797366070917377,3.6218699692544702,3.648863480057137,3.679937589660214,12.263,12.05309090909091,12.05239272652269,3.7930424787111265,3.71262765242389,3.699971496005501,12.258,12.221428571428573,12.22049087610185,3.6365488367065515,3.7161906345904727,3.671896221346152,12.282333333333332,12.232580645161292,12.324836816458326,3.5516778596467815,3.6364897224831507,3.666730849548369,12.709666666666667,12.465103825136612,12.6155455380007,3.755732470469247,3.6535637045469196,3.7161155557610464,6.331871588314151
2005-02-02,sz000901,11.37,12.04,12.09,11.37,5736,2928772.75,6.34,6.08,0.69,0.85,3.758609142659744,0.12423264857137628,11.806000000000003,11.746,11.878244047278251,3.6781096602049694,3.694443204525562,3.7061614406600576,12.211,12.012545454545453,12.050139503518563,3.7579826733450945,3.706367045869093,3.7106328863062723,12.254499999999998,12.200666666666669,12.203301268854055,3.6524889832698726,3.727815425633634,3.680154594804589,12.269666666666668,12.216946236559139,12.306460247654565,3.56462673616707,3.6498401278388255,3.672658481362006,12.707333333333334,12.44314754098361,12.59667519249248,3.7587798731712976,3.6536580216679195,3.7175087881183804,6.466685675112861
2005-02-03,sz000901,12.11,11.73,12.2,11.71,5119,2653569.5,4.07,-2.57,-0.31,0.76,3.7091851295502454,-0.04942401310949851,11.726000000000003,11.720666666666666,11.828829364852169,3.6891884486374558,3.7048016943073203,3.707169336956787,12.137,11.925090909090912,11.991932321060641,3.7367793741806237,3.697494765179121,3.7103696578051766,12.2445,12.150714285714287,12.158224957534621,3.6700514973973624,3.7332150586127173,3.6829194076375087,12.228666666666665,12.182129032258064,12.269269263934916,3.5619327898057285,3.65916647579903,3.6750150393096344,12.688333333333334,12.411103825136612,12.56825961241076,3.750357084409897,3.6520319645000154,3.7172358812800805,6.4238304667802595
2005-02-04,sz000901,11.98,12.2,12.56,11.98,7213,3825524.25,4.94,4.01,0.47,1.07,3.858115932190066,0.14893080263982084,11.752000000000002,11.878666666666668,11.952552909901446,3.7410097871108,3.7611108554915242,3.757484868701214,12.099,11.936545454545454,12.029762808140525,3.7252043224160922,3.7195559575444737,3.7372326167842473,12.248999999999999,12.14647619047619,12.162203533007514,3.7025755756374172,3.7511259571644033,3.6996047909282286,12.219,12.180279569892473,12.264800279164922,3.5735497973916788,3.6782750656302783,3.68682800014063,12.677833333333332,12.395092896174864,12.556185526757949,3.740356446760251,3.655565041476415,3.7218548993427025,6.582690959301627
2005-02-16,sz000901,12.2,12.24,12.45,12.2,3302,1766526.0,2.05,0.33,0.04,0.49,3.518777068926775,-0.3393388632632912,11.912000000000003,12.041333333333334,12.048368606600965,3.6958127534830396,3.6870332827635157,3.6779156021097346,12.036,11.962181818181817,12.067987752114973,3.6728481088524148,3.682023729637325,3.6975134262647065,12.2455,12.14561904761905,12.169612720340131,3.7110991859313485,3.733621337477676,3.6823831031185663,12.207666666666665,12.18163440860215,12.263200261154282,3.5778583508276918,3.6747413412131875,3.675986004578446,12.6625,12.380737704918033,12.545818788175719,3.7300621450680578,3.64830014384253,3.7151966098208686,6.247120033830549
2005-02-17,sz000901,12.22,12.36,12.36,12.0,3901,2053869.62,2.94,0.98,0.12,0.58,3.5911759503117913,0.07239888138501627,12.114000000000003,12.190666666666667,12.152245737733978,3.687172644727724,3.6521543483730996,3.6490023848437536,12.003,12.021090909090908,12.121080888094067,3.654521306991098,3.6671742462663026,3.6781793397278126,12.2455,12.15652380952381,12.1877448422125,3.7223648726768097,3.72220007694248,3.6736967076131593,12.204,12.191462365591399,12.269445405595942,3.592325734507875,3.675600541179904,3.670514388174146,12.647333333333334,12.370819672131146,12.539726368891268,3.7230802801232787,3.6437464981128165,3.7111303586894233,6.312572871047169
2005-02-18,sz000901,12.45,12.07,12.45,12.0,2532,1329479.38,3.64,-2.35,-0.29,0.38,3.4034637013453173,-0.18771224896647398,12.120000000000003,12.175999999999998,12.124830491822653,3.616143556464839,3.5575847005789636,3.567156157010942,11.963,12.033272727272728,12.111793453895146,3.6471266083349043,3.621527408876161,3.628231041840086,12.2325,12.139809523809527,12.176531047716072,3.729050739087537,3.691828536815671,3.647960230825746,12.196666666666665,12.182817204301076,12.256577960073624,3.5879102998395336,3.663415893879094,3.6532853116045443,12.631,12.351890710382515,12.524325504337455,3.7155137898617796,3.6332672660217358,3.701042927301092,6.123681605885967
2005-02-21,sz000901,11.98,12.22,12.27,11.98,2448,1291185.75,2.4,1.24,0.15,0.36,3.3888114134735234,-0.014652287871793845,12.218000000000004,12.209333333333332,12.156553661215103,3.5520688132494946,3.481807319581858,3.507707909165136,11.972,12.08,12.131467371368755,3.6206286309434743,3.574561009810455,3.584700200318893,12.218,12.138619047619049,12.180670947933589,3.715705582280278,3.6594247915190983,3.6232793910779155,12.193666666666667,12.184322580645162,12.254218091681778,3.5935599300080066,3.6505708044361245,3.6362224794670595,12.619833333333332,12.338415300546451,12.51434761894934,3.7071173897058567,3.622555712697531,3.6908058284870733,6.110988724371089
2005-02-22,sz000901,12.22,12.49,12.56,12.18,7430,4004968.25,3.11,2.21,0.27,1.11,3.8709888137605755,0.482177400287052,12.276000000000003,12.3,12.26770244081007,3.5546433895635965,3.5881139864188856,3.6288015440302823,12.014,12.174181818181816,12.19665512202898,3.6478265883371983,3.6200810430499284,3.6367526754901074,12.232499999999998,12.164523809523809,12.2101308576542,3.748459932308106,3.6742136707076973,3.6468707646667404,12.202666666666667,12.203440860215055,12.26942982770231,3.6154314288651026,3.6684694420975816,3.65136869458277,12.6105,12.334158469945358,12.513549336360837,3.708297753431843,3.627928546273096,3.6967134673484994,6.602599077497795
2005-02-23,sz000901,12.56,12.87,13.01,12.38,17206,9544821.0,5.04,3.04,0.38,2.56,4.235679918564692,0.3646911048041166,12.402000000000003,12.498,12.46846829387338,3.69802395949118,3.815126162752584,3.831094335541753,12.157,12.32981818181818,12.319081463478256,3.69691835648711,3.726963466727654,3.7456485378673046,12.2805,12.225238095238096,12.27297553787761,3.7886435938728598,3.720615574160706,3.702947826942736,12.238333333333335,12.246494623655916,12.308176290431195,3.644525449385303,3.7084854736911033,3.689066192904185,12.598833333333333,12.342666666666668,12.5252362433654,3.7023489233203244,3.645219764802041,3.7143844985359156,6.979767788209917
2005-02-24,sz000901,13.01,12.89,13.32,12.74,13509,7607545.0,4.51,0.16,0.02,2.01,4.130623201682595,-0.10505671688209706,12.508000000000003,12.660666666666668,12.608978862582255,3.8059134097653406,3.959325910149722,3.9309372909220337,12.311000000000002,12.46309090909091,12.422884833754935,3.746543027246532,3.8058188931268337,3.815643931288266,12.287,12.283285714285713,12.331739772365456,3.7697927529788293,3.753185060618776,3.7436788150131988,12.275666666666666,12.2885376344086,12.345713303951765,3.6732135668865453,3.739846619000606,3.7175537418576314,12.584999999999999,12.3522131147541,12.537195710796043,3.7003093336790864,3.6592615444204766,3.728031669130888,6.881244529967948
2005-02-25,sz000901,12.92,12.76,13.16,12.76,10522,5910868.5,3.1,-1.01,-0.13,1.57,4.02209829746114,-0.10852490422145511,12.646000000000003,12.744666666666667,12.659319241721505,3.929640328988506,4.031387539381655,3.961324293101736,12.383,12.544727272727274,12.484178500344946,3.772891942726672,3.8559198513476716,3.8531810887742433,12.297,12.32833333333333,12.372526460711603,3.765437308035883,3.777214160093282,3.7701949561987167,12.297333333333334,12.31978494623656,12.372441477890362,3.692623303088806,3.7623553112957406,3.737201777703019,12.559666666666667,12.357950819672128,12.544500769458468,3.693789868194557,3.6698120022493956,3.737673197928601,6.771651297640271
2005-02-28,sz000901,12.76,12.67,12.8,12.45,8400,4599854.0,2.74,-0.71,-0.09,1.25,3.9242792860618816,-0.0978190113992583,12.736000000000002,12.752666666666666,12.662879494481004,4.036733903506177,4.02960052507278,3.9489759574217844,12.477,12.596909090909092,12.517964227554955,3.7944013583778355,3.8834448228631633,3.8661080337356317,12.306999999999999,12.363857142857144,12.400857273977165,3.7655903662792296,3.792341967524329,3.784869654280923,12.322000000000001,12.343827956989248,12.391638801897436,3.7115014510575204,3.777300858584326,3.749271294371333,12.544666666666668,12.361568306010929,12.548615498328683,3.688360291803558,3.677369032343407,3.743791430326413,6.6627440473336135
2005-03-01,sz000901,12.63,13.19,13.19,12.56,19658,11095715.0,4.97,4.1,0.52,2.93,4.293539330731757,0.36926004466987505,12.876000000000001,12.904,12.838586329654003,4.1212440069004135,4.115202334147974,4.0638304151917755,12.575999999999999,12.726545454545455,12.64015254981769,3.8379436982320043,3.974197181472968,3.943822815007654,12.3375,12.447952380952382,12.476013724074576,3.7815740103240487,3.8426228212817133,3.8333143853714784,12.358,12.399827956989247,12.443145975968571,3.7476982831689463,3.814851689531051,3.784385361233296,12.539833333333332,12.382726775956286,12.56964449838348,3.6911786304731455,3.6972109680459706,3.761815951651178,7.045155293097949
2005-03-02,sz000901,13.23,12.74,13.25,12.69,12398,6990307.5,4.25,-3.41,-0.45,1.84,4.093351632015555,-0.2001876987162019,12.850000000000003,12.858666666666666,12.805724219769337,4.092778349590586,4.105904875853022,4.073670820799702,12.626,12.756363636363636,12.658306631669019,3.8954011545408833,4.0206349876154315,3.971009872645454,12.331,12.486285714285716,12.501155274162711,3.784124631696648,3.872315928109476,3.8580798374328187,12.372333333333334,12.42447311827957,12.46229784848673,3.7725331754678595,3.8371519055856713,3.8043186690257,12.523833333333332,12.38928961748634,12.575229924665988,3.6909087443254323,3.7103969680965414,3.7726859739582066,6.844496280554814
2005-03-03,sz000901,12.56,12.78,12.83,12.51,5511,3027090.25,2.51,0.31,0.04,0.82,3.741230411025471,-0.3521212209900839,12.828000000000003,12.835333333333333,12.797149479846226,4.014899791459161,3.98872222966465,3.9628573508749585,12.668,12.784363636363635,12.680432698638288,3.9104066006122506,3.9926039433399017,3.9292317887145476,12.3355,12.529047619047619,12.527711914718644,3.782463953801674,3.86823076423603,3.846951320632119,12.386333333333333,12.450774193548387,12.482794761487586,3.78504544865529,3.8351323723958393,3.800248458832137,12.509166666666667,12.397688524590162,12.581943697627759,3.683872585629409,3.7120468588080184,3.7716546440259857,6.481025369252808
2005-03-04,sz000901,12.85,12.63,12.89,12.58,3467,1907643.25,2.43,-1.17,-0.15,0.52,3.5399538416563967,-0.20127656936907412,12.802000000000003,12.769333333333332,12.741432986564153,3.9184709002982117,3.8304069130637286,3.8218895144687712,12.724,12.777454545454546,12.67126311706769,3.9240556146433585,3.92524889625702,3.85845398015852,12.343499999999999,12.55709523809524,12.537453637126392,3.7855911114891314,3.845134563079338,3.817713465491574,12.396333333333333,12.466494623655914,12.492291873649677,3.794052364272811,3.819320010653976,3.783455257724025,12.494333333333335,12.401650273224043,12.583519314098979,3.6797050909838407,3.7073282114646413,3.7640578964073104,6.280497160177962
2005-03-07,sz000901,12.71,12.58,12.71,12.56,3275,1791451.25,1.19,-0.4,-0.05,0.49,3.515211304327802,-0.02474253732859477,12.784000000000002,12.695333333333334,12.68762199104277,3.8366573039513967,3.6959870477402585,3.7196634444217818,12.760000000000002,12.751272727272726,12.654669823055382,3.9366956037287864,3.8509135671087362,3.7960462209165713,12.366,12.579619047619047,12.541505671685783,3.778662117336131,3.819384105254448,3.788903735856929,12.398666666666665,12.478344086021506,12.497950462446473,3.7893689227631144,3.801330264851072,3.766149196214591,12.480833333333333,12.404459016393442,12.58340392675147,3.6731469555167666,3.701934972557885,3.755898991748966,6.2532049943921315
2005-03-08,sz000901,12.69,12.87,12.89,12.65,8149,4519246.0,1.91,2.31,0.29,1.21,3.911104317804036,0.39589301347623396,12.720000000000002,12.723999999999998,12.74841466069518,3.7601703013658523,3.720802719024472,3.7834770688825334,12.797999999999998,12.771272727272729,12.693820764318039,3.9407071541331327,3.8462606060315094,3.81696587489611,12.406,12.62761904761905,12.572790845810948,3.7942668712351653,3.8319976481561535,3.800541886518558,12.421,12.508752688172045,12.521953658417669,3.8125423395831146,3.8091841613053243,3.7755011395429428,12.471499999999999,12.417218579234973,12.592800519316997,3.672705057823604,3.709736853288615,3.760987690963886,6.655065982299278
2005-03-09,sz000901,12.87,13.36,13.68,12.85,33824,19494164.0,6.45,3.81,0.49,5.03,4.529224965627332,0.6181206478232961,12.844000000000003,12.937333333333333,12.952276440463455,3.8473449680882075,3.9771542737782983,4.0320597011308,12.847,12.873454545454546,12.814944261714759,3.970061658839397,3.9532638444850003,3.9464675277563317,12.501999999999999,12.71847619047619,12.647763146209906,3.833490007663253,3.901993657145884,3.869940275005108,12.469333333333333,12.569333333333333,12.576021164326207,3.849116282195039,3.8554217500823715,3.8241284831612905,12.463666666666667,12.446349726775953,12.617954600650865,3.6758395166266356,3.737819473216606,3.7861757983299005,7.289904615365408
2005-03-10,sz000901,13.3,12.67,13.32,12.63,18921,10660297.0,5.16,-5.16,-0.69,2.82,4.276944085712982,-0.2522808799143501,12.822000000000003,12.879333333333333,12.858184293642305,3.95448770302571,4.120353979653223,4.113687829324861,12.825,12.841272727272727,12.788590759584803,3.984693747242436,4.009060649371107,4.006554174657541,12.568000000000001,12.734476190476192,12.649880941808963,3.865618387244484,3.944227378864906,3.908702542691572,12.466333333333333,12.58227956989247,12.58208431501484,3.841426417733365,3.883023543857722,3.8533423930033353,12.446166666666667,12.453114754098362,12.619661007186902,3.6834114900756156,3.7575278197440283,3.802266561850657,7.027769304471446
2005-03-11,sz000901,12.6,12.67,12.85,12.6,8196,4525990.5,1.97,0.0,0.0,1.22,3.9136019497291574,-0.3633421359838245,12.830000000000004,12.828666666666667,12.795456195761536,4.029217324640262,4.106725395221039,4.046992536126293,12.815999999999999,12.81309090909091,12.767028803296657,3.973844112469237,3.9961348680050555,3.9896537701251074,12.599499999999999,12.744190476190475,12.651797042589061,3.8733680275979543,3.9487972419586836,3.9091691528856276,12.47,12.59541935483871,12.587756294691303,3.834906242847001,3.887680029792935,3.8572301063404852,12.435666666666666,12.460453551912568,12.62131146596766,3.6827930969915377,3.7650750479293893,3.805916902436837,6.655713638040736
2005-03-14,sz000901,12.83,12.42,12.83,12.4,9406,5123671.0,3.39,-1.97,-0.25,1.4,3.9734049744100606,0.05980302468090315,12.798000000000002,12.692,12.670304130507692,4.120856058656714,4.088121278477638,4.022463348887549,12.791,12.741090909090909,12.703932657242719,3.9787566813040547,3.996055024721569,3.9866994436314624,12.634,12.727095238095238,12.629721133771056,3.886579019840945,3.9583245702265035,3.915286850173669,12.468333333333332,12.5921935483871,12.576933307937026,3.836645804620838,3.896615431829261,3.864725259119168,12.423666666666666,12.459939890710384,12.614711090034293,3.682891493652991,3.774603306205407,3.8114083146326805,6.709581235149185
2005-03-15,sz000901,12.22,11.89,12.38,11.84,12532,6520786.0,4.35,-4.27,-0.53,1.86,4.098020386209668,0.12461541179960722,12.602000000000002,12.389333333333335,12.410202753671795,4.15823927233784,4.080509387661957,4.047649027994922,12.661,12.577272727272728,12.555944901380405,3.9592047868518465,4.017739334704408,4.006939615009317,12.618500000000001,12.656238095238095,12.559271501983337,3.898574242541925,3.9784618432140015,3.9326900440818595,12.445333333333334,12.554881720430108,12.532615030005605,3.840784269166648,3.9134783080607987,3.879776557641136,12.398666666666665,12.442442622950821,12.590950070688907,3.686067414977055,3.7882140895679206,3.8208054317335653,6.814299947708739
2005-03-16,sz000901,11.89,11.95,12.04,11.8,4844,2501757.5,2.02,0.5,0.06,0.72,3.6852041344710145,-0.41281625173865333,12.320000000000004,12.171999999999999,12.256801835781197,3.9894351061065763,3.9228310083730147,3.926834063486953,12.582,12.448,12.445773101129422,3.9183900370973923,3.9679210342715288,3.9484422549114435,12.604,12.592571428571427,12.50124564465159,3.9068955958191367,3.9581408805405807,3.9091199574522553,12.414666666666667,12.522924731182798,12.49502696355363,3.8288797668302292,3.903440880015919,3.8672234980817732,12.387,12.427732240437159,12.569935314272875,3.680786156778353,3.788185785289034,3.8163594875610225,6.398245210426964
2005-03-17,sz000901,12.0,11.75,12.04,11.73,3972,2043386.38,2.59,-1.67,-0.2,0.59,3.5990092398233435,-0.08619489464767094,12.136000000000003,11.982000000000001,12.087867890520798,3.8538481369286486,3.79268905294527,3.81755912226575,12.479000000000001,12.29672727272727,12.319268900924072,3.904167919977179,3.9098517984035204,3.8849089794408798,12.5735,12.511238095238095,12.429698440399058,3.907287260294715,3.928818370445744,3.8795856033923592,12.383333333333333,12.480043010752688,12.446960707840494,3.823031942526842,3.888610523434829,3.849919352387681,12.373166666666666,12.406846994535517,12.543052189214748,3.6807498018984863,3.785504574897067,3.8092332499302786,6.310350494305562
2005-03-18,sz000901,11.82,11.44,11.93,11.35,4893,2460113.0,4.94,-2.64,-0.31,0.73,3.6895752157599384,0.09056597593659488,11.890000000000004,11.75,11.871911927013866,3.809042790134805,3.737931412555701,3.7748978200971464,12.36,12.10781818181818,12.159401828028786,3.919130057387534,3.8708349430912947,3.8493937496807087,12.541999999999998,12.403285714285715,12.335441446075338,3.9215928360154466,3.90808389001386,3.8614893759987954,12.349,12.419182795698925,12.381995500883043,3.8301040934552657,3.8800004120305127,3.83957456937944,12.355999999999998,12.376251366120217,12.506886543666724,3.684774594382946,3.7857939327285903,3.805310035695185,6.39095505594458
2005-03-21,sz000901,11.66,11.66,11.75,11.37,3541,1779534.25,3.32,1.92,0.22,0.53,3.5491259267581112,-0.14044928900182718,11.738000000000003,11.67333333333333,11.801274618009245,3.724186980604415,3.651292458096803,3.6996405223174684,12.267999999999999,11.980545454545455,12.068601495659916,3.922521519630564,3.8035614647950364,3.7947996000584183,12.514,12.319285714285712,12.271113689306258,3.929608561679675,3.872610851036971,3.8317404760711113,12.333333333333334,12.374731182795701,12.335415145987364,3.8266152514342755,3.8618727883726325,3.8208359472748383,12.342166666666667,12.353431693989071,12.479119771743223,3.6806089478397315,3.7813464354294153,3.7969105567136414,6.25030635111641
2005-03-22,sz000901,11.62,11.01,11.66,10.99,6482,3140383.25,5.75,-5.57,-0.65,0.96,3.811709026696191,0.2625830999380798,11.562000000000003,11.430666666666667,11.537516412006164,3.66692470870172,3.680466473460728,3.7369966904437097,12.082,11.751818181818182,11.876128496449022,3.9125819905197803,3.7834137388069684,3.797874041265286,12.440000000000001,12.176047619047617,12.151007623658042,3.926644572326456,3.8613823238956866,3.8298327189877854,12.297999999999998,12.289354838709677,12.249904491407536,3.833705244330037,3.8609110964540463,3.8202471136891196,12.319666666666668,12.309754098360655,12.430951910374592,3.6852032123653484,3.78564479867061,3.797395752450774,6.49698265227814
2005-03-23,sz000901,10.65,11.08,11.3,10.65,5006,2402345.25,5.9,0.64,0.07,0.74,3.6994908452722046,-0.11221818142398643,11.388000000000002,11.270000000000001,11.385010941337445,3.669782050861958,3.691321852317556,3.724494742053208,11.854000000000001,11.569636363636363,11.731377860731019,3.8296085784842666,3.7446698942165004,3.779986187448362,12.3505,12.04652380952381,12.049006897595373,3.8998351186618323,3.8397486356048054,3.817419207205349,12.286,12.210774193548385,12.17442678228447,3.8321961979369243,3.8522521029664434,3.8124563866944805,12.299833333333334,12.269109289617488,12.386658405116407,3.6890482220848915,3.786113245651163,3.7941857554941,6.38063542163272
2005-03-24,sz000901,10.95,11.15,11.24,10.95,3517,1681627.38,2.62,0.63,0.07,0.52,3.5461723683169426,-0.15331847695526202,11.268000000000002,11.190666666666665,11.306673960891631,3.6592146765606777,3.650118624802551,3.6650539508077866,11.702000000000002,11.441636363636363,11.62567279514356,3.7565314067446627,3.6931360378224416,3.737474583969922,12.263499999999999,11.932190476190476,11.96338719306248,3.8706125769935498,3.8060664689052928,3.7915861749302624,12.279333333333334,12.137483870967738,12.108334731814505,3.8292560604112107,3.833798952668381,3.7952767726056074,12.280833333333334,12.231409836065575,12.346112227899475,3.690466960028996,3.781428791429263,3.786054169029275,6.225729769858114
2005-03-25,sz000901,11.28,11.24,11.35,11.1,2570,1250613.5,2.24,0.81,0.09,0.38,3.4099331233312946,-0.136239244985648,11.228000000000003,11.181333333333335,11.284449307261088,3.6032862580749487,3.5670247737260894,3.5800136749822897,11.559000000000001,11.357636363636363,11.555550468753822,3.7061645241048766,3.6301181681109194,3.677921591126535,12.1875,11.834714285714288,11.894493174675578,3.8400043182870567,3.762192235223173,3.7552382652541705,12.252666666666666,12.07043010752688,12.05231313621357,3.817633526433595,3.8067458599535478,3.770415892007265,12.261166666666668,12.197284153005464,12.309846253214246,3.6911301313003326,3.7722309607178635,3.773722331465407,6.097123112449448
2005-03-28,sz000901,11.19,11.06,11.28,10.88,2540,1207654.38,3.56,-1.6,-0.18,0.38,3.404833716619938,-0.005099406711356558,11.108000000000004,11.125333333333336,11.209632871507392,3.574427816047314,3.5008739265744198,3.5216203555281727,11.423,11.26690909090909,11.465450383525853,3.6493073983258646,3.5753307485682035,3.628269250307153,12.107,11.727333333333334,11.815017634230284,3.81403203981496,3.720747416016781,3.7218664034794817,12.230333333333334,11.99348387096774,11.988292933877212,3.8074884793359187,3.7801136141591183,3.746829945208083,12.2295,12.157901639344264,12.26886768753509,3.684710634570824,3.7628441930234233,3.761627622781949,6.081942660828527
2005-03-29,sz000901,11.06,10.97,11.15,10.88,2191,1042889.38,2.44,-0.81,-0.09,0.33,3.3406423775607053,-0.0641913390592328,11.100000000000003,11.079333333333333,11.129755247671595,3.480214486220217,3.4229454470788836,3.4612943628723505,11.331,11.184545454545455,11.375368495612062,3.5735695974609683,3.5192098357018113,3.5759734552623446,11.995999999999999,11.619047619047619,11.734539764303591,3.766387192156407,3.67566268627828,3.6855593533919793,12.189333333333332,11.912172043010754,11.922596615562552,3.790239360848273,3.749994510818782,3.7206242956824456,12.204166666666667,12.116606557377047,12.226281861714266,3.6818945791199758,3.7515632665640752,3.747824827856662,6.01823824495251
2005-03-30,sz000901,10.88,10.34,10.99,10.25,5826,2637956.75,6.75,-5.74,-0.63,0.87,3.7653704802916486,0.4247281027309433,10.952000000000004,10.825999999999999,10.866503498447731,3.4933904132241054,3.5179974451026936,3.5626530686787836,11.17,11.004363636363637,11.18711967822805,3.581586232043032,3.554082723489207,3.610409277994945,11.876000000000001,11.461333333333332,11.601726453417536,3.749988134570212,3.675565856576875,3.6931604130967095,12.126000000000001,11.792860215053764,11.820493608106906,3.798459141227102,3.748390066911903,3.7235111463023944,12.166833333333333,12.055486338797815,12.164436554772815,3.688158746027397,3.75430018135659,3.7484000951496124,6.421267670895593
2005-03-31,sz000901,10.21,10.47,10.5,10.21,2832,1269761.12,2.8,1.26,0.13,0.42,3.4520932490177314,-0.31327723127391716,10.816000000000004,10.665333333333335,10.734335665631821,3.4745745893642637,3.5042317237005696,3.525799795458433,11.042,10.87709090909091,11.056734282186587,3.5668946329624704,3.530538544757334,3.581624545453633,11.7605,11.327428571428573,11.493942981663483,3.7355312764698256,3.6471949150956857,3.6702016355653786,12.062999999999999,11.686021505376344,11.733364988229042,3.7938230511839675,3.7260438803177496,3.706000314219513,12.1335,11.999852459016394,12.108881257895018,3.6930743928459213,3.7465603289956175,3.7386851165879116,6.103722024874128
2005-04-01,sz000901,10.47,10.79,10.88,10.16,7559,3445954.0,6.88,3.06,0.32,1.12,3.878464345341469,0.4263710963237375,10.726000000000003,10.656666666666666,10.752890443754548,3.5682808337662983,3.638861642359638,3.6433546454194454,10.977,10.831272727272728,11.008237139970843,3.5857835459206235,3.587187583371698,3.635595418160512,11.6685,11.235,11.426900792933628,3.7524568016540782,3.6608075883215565,3.6900361793535774,12.020333333333333,11.603892473118279,11.672502730923942,3.8096564059838385,3.731504608973072,3.7171270259048006,12.108500000000001,11.955803278688526,12.065639249439442,3.6987833529116867,3.7526386880938327,3.743268042120815,6.5373094757587
2005-04-04,sz000901,10.68,10.47,10.72,10.32,3301,1502084.75,3.71,-2.97,-0.32,0.49,3.5186455243303114,-0.3598188210111575,10.608000000000002,10.571333333333333,10.658593629169701,3.591043195308373,3.622316539214309,3.6017849383897342,10.858,10.739090909090908,10.910375841794327,3.5827355056778436,3.5749806703552776,3.6143318011004752,11.562999999999999,11.120857142857144,11.335767384082805,3.752628512654204,3.6385398476240556,3.6737132598275517,11.962,11.503870967741936,11.59492190957401,3.813984209679065,3.712729713382523,3.704321767738705,12.077833333333333,11.902081967213116,12.013323208474214,3.703772069843536,3.746732529779688,3.735903369406372,6.176694436941773
2005-04-05,sz000901,10.47,10.36,10.59,10.32,2292,1032650.44,2.58,-1.05,-0.11,0.34,3.3602146132953523,-0.1584309110349591,10.486000000000002,10.488666666666665,10.559062419446468,3.594957642455303,3.5453736785433017,3.521261496691607,10.793000000000001,10.648545454545456,10.81030750692263,3.53758606433776,3.534522326285733,3.568128676044998,11.4375,11.006285714285713,11.2428371570273,3.7250840274287698,3.6011670953041652,3.6438562458721044,11.890999999999998,11.400516129032258,11.515249528311172,3.7969584029968906,3.683454255551315,3.6821213061617146,12.046833333333332,11.84575956284153,11.959115890163583,3.7061949159309964,3.7354683508764692,3.7235857052715846,6.013953334422865
2005-04-06,sz000901,10.25,10.23,10.36,9.89,6774,2961815.5,4.54,-1.25,-0.13,1.01,3.8308451923086113,0.470630579013259,10.464000000000004,10.403333333333334,10.449374946297645,3.608052584858695,3.624002861827738,3.624456061897275,10.708,10.54618181818182,10.704797051118515,3.5507214990414004,3.587842167734979,3.6158953153656546,11.281,10.891285714285715,11.146376475405653,3.6901650387628337,3.611239587197483,3.6616647169612957,11.802999999999999,11.293354838709675,11.432330203904,3.783463912121688,3.6856405000230397,3.691716395590547,12.020666666666667,11.7861912568306,11.902423565895925,3.713994680753496,3.7395552451839316,3.7271024097646017,6.471558001576297
2005-04-07,sz000901,10.23,10.47,10.63,10.23,6196,2814366.75,3.91,2.35,0.24,0.92,3.7921114090871684,-0.03873378322144294,10.464000000000002,10.405333333333335,10.456249964198431,3.6760562168725825,3.685355803237229,3.68034117762724,10.639999999999999,10.50290909090909,10.662106678187875,3.575315403118423,3.631731242288755,3.647934605133202,11.171,10.81404761904762,11.081959668224162,3.665923404931543,3.62094876532361,3.6740882114494737,11.722333333333333,11.207354838709678,11.37024438429729,3.7721801857018407,3.6861984030530697,3.6981934932354905,11.999,11.735349726775958,11.85545885881737,3.7226968762941928,3.7421164493915926,3.7292338523653417,6.449380691223383
2005-04-08,sz000901,10.32,10.77,10.79,10.32,5776,2651470.0,4.49,2.87,0.3,0.86,3.7616271845615827,-0.030484224525585635,10.460000000000003,10.507333333333332,10.560833309465622,3.652688784716605,3.7138794591335627,3.707436513272021,10.593,10.526545454545456,10.681723645790079,3.610484809241452,3.6656061116420564,3.668605983211089,11.076,10.775857142857145,11.052249223631383,3.658324666673164,3.6300634110026615,3.68242525650777,11.656,11.145913978494624,11.33151894014908,3.763497815271855,3.6855175642698277,3.7022859894500773,11.976666666666667,11.695054644808744,11.819870043774177,3.7280605591803306,3.7433928529413434,3.730295928830792,6.423486717666853
2005-04-11,sz000901,10.88,10.95,11.1,10.68,6513,3065157.5,3.9,1.67,0.18,0.97,3.8137810781740824,0.05215389361249967,10.556000000000003,10.670666666666667,10.690555539643748,3.7117158954853595,3.767576890286055,3.7428847015727085,10.581999999999999,10.591454545454544,10.730501164737337,3.6513795453968663,3.7025690696298077,3.695001455022542,11.0025,10.763857142857143,11.042511202333156,3.6503434718613654,3.644868783526558,3.694935334761704,11.598666666666666,11.10036559139785,11.306904814978171,3.759814541675595,3.6887616457473906,3.709479220980658,11.960333333333333,11.66139344262295,11.791349714470105,3.7356579963665575,3.746203361760812,3.7330331468420472,6.486452795207942
2005-04-12,sz000901,10.86,10.5,10.92,10.43,4134,1899147.62,4.47,-4.11,-0.45,0.62,3.6163704722912695,-0.1974106058828129,10.584000000000003,10.652,10.627037026429166,3.762947067284543,3.735795082554692,3.700713291812229,10.535,10.576545454545455,10.68859186205782,3.678952354869923,3.6962037836106085,3.680704912707765,10.933,10.716,10.990843468777618,3.626260976165445,3.641633259757978,3.687452966907377,11.508999999999999,11.029483870967743,11.25484643981829,3.7372422463942456,3.6795071896580795,3.7034722049361815,11.933500000000002,11.613513661202186,11.749010379569444,3.742470264781596,3.7422922953976863,3.729208141119071,6.278558723588892
2005-04-13,sz000901,10.56,10.9,10.99,10.5,7870,3672498.75,4.67,3.81,0.4,1.17,3.8959747323590648,0.27960426006779526,10.718000000000002,10.757333333333332,10.718024684286112,3.7759729752946334,3.7801376375795317,3.7658004386611745,10.591,10.642909090909091,10.727029705320033,3.6920127800766642,3.735662397699543,3.7198448799170922,10.880500000000001,10.712857142857143,10.982191709846417,3.6367995060598473,3.6673202841573698,3.70731218266468,11.447666666666665,10.990193548387097,11.231953121120338,3.7306630164056958,3.6897479952041965,3.7158917228344324,11.91,11.579628415300546,11.721173973681923,3.751598095936778,3.7473252287608827,3.7346758982089066,6.5649616566425
2005-04-15,sz000901,10.43,9.94,10.43,9.85,12623,5439727.0,5.32,-8.81,-0.96,1.88,4.101162582214841,0.20518784985577643,10.612000000000002,10.498,10.458683122857408,3.8377832099201683,3.8885341732196017,3.87758781984573,10.538,10.524545454545455,10.583933395261845,3.7569197133963756,3.810053270815575,3.7891753712439553,10.790000000000001,10.623285714285716,10.88293535652771,3.661907173179423,3.711545339029274,3.7448217445266003,11.353000000000002,10.892924731182795,11.14860130685451,3.7426607554453417,3.713651192998335,3.740747907310588,11.869666666666665,11.51503825136612,11.662774827003828,3.7638531020503163,3.758786359458524,3.74669185506156,6.735577104593655
2005-04-18,sz000901,9.87,9.6,9.87,9.49,5741,2373252.5,3.82,-3.42,-0.34,0.85,3.7589875468676195,-0.3421750353472217,10.378000000000004,10.160666666666666,10.172455415238273,3.8372552823813755,3.862268952202085,3.8380543955196935,10.419,10.354000000000001,10.405036414305146,3.74497203354899,3.81042924053762,3.783686675902803,10.698,10.50995238095238,10.760751036858405,3.665377789734807,3.7207910889043405,3.7461708685590787,11.252,10.779827956989248,11.04869154512196,3.7499618789523828,3.7147045343804175,3.7419246582497516,11.824166666666667,11.440622950819673,11.595142865462718,3.7720071216125968,3.7586268330590915,3.747094992497824,6.375343947034414
2005-04-19,sz000901,9.58,9.65,9.76,9.53,3645,1509589.5,2.4,0.52,0.05,0.54,3.5616975326539935,-0.19729001421362602,10.118000000000002,9.918,9.99830361015885,3.7868385732773575,3.770416368959624,3.7459354412311274,10.337,10.214181818181817,10.267757066249663,3.7492772343813585,3.777106604011257,3.743325013493928,10.5975,10.410142857142858,10.654965223824272,3.6660063700296015,3.710916778706168,3.728601979425261,11.154333333333335,10.676473118279569,10.958453380920544,3.751511419896589,3.7025584475224567,3.7302971017597026,11.776499999999999,11.369338797814207,11.531367689545908,3.7704401713298514,3.751731436699793,3.7410163872570426,6.17885886641766
2005-04-20,sz000901,9.65,9.24,9.65,9.11,6729,2669416.0,5.6,-4.25,-0.41,1.0,3.82795052830263,0.2662529956486366,9.866000000000003,9.625333333333334,9.7455357401059,3.8291545844796295,3.7841203539680492,3.773273803588295,10.225,10.014727272727272,10.08089214511336,3.796050825882086,3.79141083926967,3.758711470731874,10.509,10.280857142857142,10.520206631079104,3.666818445109923,3.726340031875028,3.7380637459850106,11.033333333333333,10.552967741935484,10.847585420861154,3.7487396269132085,3.7074900029034916,3.736597322826989,11.727166666666667,11.286174863387979,11.456240880052599,3.7806409832481616,3.7536170221743097,3.743866686963455,6.426416259222602
2005-04-21,sz000901,9.2,8.48,9.44,8.37,8216,3132058.5,11.58,-8.23,-0.76,1.22,3.9146604305892216,0.08670990228659159,9.382000000000001,9.163333333333334,9.323690493403934,3.8328917241256613,3.8126223026712456,3.8204026792552708,10.05,9.697454545454544,9.789820846001838,3.8044323497101473,3.8129762219436945,3.7870658270695734,10.379000000000001,10.087619047619048,10.325901237642999,3.6775769243757734,3.7499440304921037,3.754882477852078,10.870666666666667,10.388236559139784,10.694837974353984,3.7282541424119384,3.718194570882589,3.748085265263262,11.67,11.17971038251366,11.358659211854153,3.7886852123034886,3.758011102415,3.7494664818364307,6.495829865132369
2005-04-25,sz000901,8.75,8.91,8.97,8.48,14913,5598345.0,5.78,5.07,0.43,2.22,4.173565017858661,0.25890458726943955,9.176000000000004,9.005999999999998,9.18579366226929,3.847372211254425,3.9261800672489127,3.9381234587897342,9.894,9.490181818181817,9.629853419456047,3.842577710587297,3.8800912525161517,3.8573384072130437,10.267,9.947714285714284,10.191053500724617,3.7089465568528595,3.7971809917761883,3.7947570054717525,10.745333333333333,10.26174193548387,10.579687137298889,3.724808173483461,3.746924304782378,3.7755355718823207,11.605833333333331,11.089218579234972,11.27837530326877,3.7831172956084127,3.7706301124332033,3.7633713518699463,6.748059658506608
2005-04-26,sz000901,8.93,9.06,9.27,8.75,9513,3681747.25,5.84,1.68,0.15,1.42,3.978317496746751,-0.19524752111191024,9.068000000000003,8.967333333333334,9.14386244151286,3.8912382012302515,3.9698284957463548,3.9515214714420734,9.722999999999999,9.338545454545455,9.526243706827675,3.8642467418058133,3.9047712136360526,3.8793346053100812,10.158,9.832761904761906,10.083334119703226,3.737365775523633,3.822835367004178,3.8122389570217523,10.625,10.153010752688173,10.48164280586025,3.7269653583840476,3.763279744992913,3.7886182767122842,11.547500000000001,11.00574863387978,11.205641686768155,3.780935800615524,3.7770301190279025,3.770418766456071,6.566053971104995
2005-04-27,sz000901,8.97,8.73,9.0,8.68,6113,2305900.0,3.53,-3.64,-0.33,0.91,3.78625439578978,-0.19206310095697088,8.884000000000004,8.854666666666668,9.005908294341907,3.936149573857409,3.934833893932864,3.896432446224643,9.501000000000001,9.158,9.381472123768097,3.8614940735673833,3.890590787087683,3.862410930851844,10.041500000000001,9.696761904761905,9.954445155921967,3.7564368094821248,3.8274914260771444,3.809764236904422,10.502,10.030752688172042,10.368633592578943,3.7207270057633717,3.767104844180379,3.7884657682656715,11.485166666666666,10.913371584699453,11.124473106874117,3.7786864051921047,3.77720449919755,3.770937967417832,6.362840469311725
2005-04-28,sz000901,8.53,9.2,9.33,8.46,12100,4689287.0,9.97,5.38,0.47,1.8,4.08278537031645,0.29653097452666977,8.876000000000003,8.96,9.070605529561272,3.9871165422601726,3.9837124927525442,3.958550087588579,9.371,9.103272727272728,9.348477192173897,3.908135563369901,3.9308255683147855,3.9024790107544995,9.953,9.616619047619047,9.88259323631035,3.793543959119912,3.8585722413946995,3.8357662496103293,10.412333333333331,9.946752688172044,10.29323787692869,3.720219171900264,3.7904634483450934,3.8074541296883027,11.428833333333333,10.838448087431694,11.06137562796021,3.7805017205334557,3.7871749570704796,3.781162472430901,6.671106813822654
2005-04-29,sz000901,9.2,9.04,9.2,8.95,5799,2251604.0,2.72,-1.74,-0.16,0.86,3.7633531087482153,-0.31943226156823457,8.988000000000003,9.014666666666667,9.060403686374181,3.9568550778919716,3.909124681581892,3.8934844279751246,9.184999999999999,9.043090909090909,9.29239042996046,3.894873401008816,3.9045014856562976,3.877183392207902,9.888,9.529666666666666,9.80234626142365,3.7934430905427403,3.8556969223116804,3.8288697600044137,10.315333333333333,9.85821505376344,10.212383820352645,3.722824137709504,3.7932462829804456,3.8046089025308776,11.365000000000002,10.760125683060108,10.995101017207414,3.775851952269867,3.78661270750375,3.7805785588675347,6.352492011517914
2005-05-09,sz000901,9.06,8.59,9.31,8.53,5935,2216441.25,8.63,-4.98,-0.45,0.88,3.77342072329061,0.010067614542394576,8.924000000000003,8.882000000000001,8.903602457582789,3.876826218978361,3.847979896714771,3.8534631930802865,9.05,8.93490909090909,9.164683079058557,3.8620992151163933,3.8824191806166235,3.858317452404758,9.794,9.40604761904762,9.686884712716635,3.809509464256384,3.85379003019243,3.823588899365004,10.21,9.74690322580645,10.107713896458927,3.7286378538250795,3.7965105788243885,3.8025967619347316,11.296666666666665,10.669142076502732,10.916245246151433,3.775834898175961,3.786532995078201,3.7803438757338648,6.345656224180825
2005-05-10,sz000901,8.59,8.3,8.84,7.79,7468,2605777.0,12.22,-3.38,-0.29,1.11,3.8732043092770407,0.09978358598643089,8.772000000000002,8.674000000000001,8.702401638388526,3.8558035814844196,3.846772593480998,3.8600435651458715,8.92,8.798545454545454,9.007467973775183,3.873520891357336,3.8844382886458324,3.861024153654264,9.669500000000001,9.263761904761905,9.55480045436267,3.809246462453163,3.8598562059086827,3.8283141764994832,10.105333333333332,9.623677419354838,9.991087193461578,3.734758823608983,3.8058374469180625,3.80715208756972,11.227166666666667,10.570890710382514,10.83046671349073,3.782431458532124,3.7897254347864333,3.7833884801123294,6.415937246444328
2005-05-11,sz000901,8.28,8.37,8.5,8.19,5095,1816301.5,3.73,0.84,0.07,0.76,3.707144188342445,-0.16606012093459555,8.700000000000003,8.54,8.591601092259017,3.8399815399949526,3.7972194624336733,3.8090771062113964,8.792,8.698545454545453,8.891564705816059,3.8880655569261804,3.854187979006761,3.833045978143024,9.5645,9.14,9.44196231585194,3.8186713956537695,3.8501321798029005,3.8167741776273845,9.995666666666667,9.511720430107529,9.886500922915669,3.740026098995128,3.804055857546029,3.800699965038928,11.1645,10.477213114754099,10.74979567370415,3.7833206752147013,3.7872569996982466,3.780888667267415,6.259187941606822
2005-05-12,sz000901,8.32,8.32,8.59,8.15,3828,1361173.75,5.26,-0.6,-0.05,0.57,3.582971929104806,-0.12417225923763908,8.524000000000003,8.413333333333332,8.501067394839346,3.740018851752623,3.7115495921369583,3.733708713842533,8.7,8.612727272727271,8.787643850213138,3.863567697006398,3.798716410311966,3.787577969226984,9.4625,9.021476190476191,9.33510876196128,3.8298092614442423,3.827684611560141,3.79450729681571,9.906,9.403612903225808,9.78543634724369,3.732401529075415,3.7939233304563302,3.7866529949786623,11.102,10.383950819672132,10.670130241779422,3.7830533867027256,3.7806881883503816,3.7743995938850343,6.133913565210669
2005-05-13,sz000901,8.32,8.53,8.64,8.28,5285,1917393.88,4.33,2.52,0.21,0.79,3.723044991643445,0.14007306253863883,8.422000000000002,8.415333333333333,8.510711596559563,3.7319572283316695,3.705891638767232,3.7301541397761704,8.705,8.581818181818182,8.74079951381075,3.8444061531118208,3.7731668275187014,3.7758447005754316,9.377500000000001,8.932666666666666,9.258431737012586,3.8244192514109843,3.817516585864829,3.7877013629897798,9.821,9.31483870967742,9.704440453873131,3.7331866672877894,3.793319682880074,3.7825492528280034,11.053499999999998,10.299622950819671,10.599962037130915,3.782691432612357,3.7787206999877823,3.7727158364344904,6.28271133684226
2005-05-16,sz000901,8.57,8.55,8.57,8.35,3325,1203794.88,2.58,0.23,0.02,0.49,3.5217916496391233,-0.20125334200432166,8.414000000000003,8.458,8.52380773103971,3.681631413601372,3.6358364458697165,3.6606999763971553,8.669,8.553636363636363,8.706108693117885,3.7792288162898666,3.714509645069121,3.7296532367688298,9.2815,8.853857142857143,9.190962047773294,3.8109032634385818,3.7886949095056037,3.7623766283849553,9.734333333333334,9.23283870967742,9.629960424590994,3.7323739766651953,3.7796812946446767,3.7657261816545273,11.006833333333333,10.21754098360656,10.532750167061048,3.780815018538203,3.770166608742758,3.7644888139166093,6.080552491844331
2005-05-17,sz000901,8.53,8.79,9.2,8.46,11647,4436547.0,8.65,2.81,0.24,1.73,4.066214075471244,0.5444224258321206,8.512000000000002,8.583333333333334,8.612538487359807,3.7202333668402128,3.764030666493007,3.795871342755185,8.642,8.575636363636363,8.721361658005542,3.788018474162316,3.766688783102098,3.790846116532905,9.182500000000001,8.80704761904762,9.152775186080598,3.8261326079840643,3.813010224937285,3.791313528107459,9.652666666666667,9.171913978494622,9.575769429456091,3.754250008403194,3.801219365535389,3.785112497384638,10.952666666666666,10.14485792349727,10.475610817321341,3.7859417674183944,3.7795239548717103,3.774381445442991,6.6470450867188235
2005-05-18,sz000901,8.82,9.02,9.04,8.79,8067,3085709.75,2.84,2.62,0.23,1.2,3.906712056942964,-0.15950201852828005,8.642000000000003,8.752666666666666,8.748358991573205,3.760146940560317,3.826190229860591,3.832818247484445,8.671,8.644363636363636,8.77565953836817,3.800064240277634,3.7882694345167613,3.8119126511529156,9.086,8.791571428571428,9.140129930263399,3.830779156922509,3.820684458171466,3.8023038641870306,9.584666666666667,9.131096774193548,9.539913337233118,3.770979286413961,3.8110556267315028,3.792957630259369,10.907499999999999,10.08149180327869,10.427885872491132,3.7892338828749397,3.7834836364954665,3.77872015401676,6.489355072763529
2005-05-19,sz000901,9.02,8.91,9.02,8.75,4836,1839652.88,2.99,-1.22,-0.11,0.72,3.6844862921887342,-0.22222576475422962,8.760000000000002,8.842,8.802239327715471,3.780449813177102,3.80097001373673,3.783374262385875,8.642,8.687818181818182,8.800085076846685,3.760234332464863,3.7672552621369615,3.7887442222503367,9.006499999999999,8.774809523809523,9.118212794047837,3.8341849479173824,3.8067518043872965,3.791083143044336,9.516,9.087569892473116,9.499273767089045,3.782440750234896,3.805475433555682,3.7859594794161024,10.852666666666668,10.016,10.37811912257339,3.7863400555415847,3.7800492892598543,3.775630519202726,6.264735884682242
2005-05-20,sz000901,8.97,9.11,9.11,8.75,12071,4669262.0,4.04,2.24,0.2,1.8,4.081743249922721,0.39725695773398684,8.876000000000001,8.958666666666666,8.90482621847698,3.852189464832958,3.901401159318603,3.882830591564824,8.649000000000001,8.77290909090909,8.856433244692742,3.7920733465823133,3.825711428947481,3.8420167727362244,8.917,8.784666666666666,9.117430623186138,3.8434733737955655,3.8303287855306625,3.818765057985135,9.475,9.061376344086021,9.474159330502657,3.7929865092225983,3.824785272245219,3.8050423033197553,10.8005,9.958863387978141,10.33654144642344,3.79572282522485,3.789734639895301,3.785667002177152,6.669248243594944
2005-05-23,sz000901,9.11,8.91,9.15,8.68,11656,4455211.5,5.16,-2.2,-0.2,1.73,4.066549538761934,-0.01519371116078716,8.948000000000004,8.97,8.906550812317988,3.9611410426575198,3.972854517294928,3.944070240630528,8.681000000000001,8.820363636363636,8.866172654748606,3.8213862281294455,3.8756161911619573,3.882840912013626,8.8655,8.783999999999999,9.09767532573984,3.84174272162292,3.851574134575079,3.842363579963878,9.423,9.024924731182796,9.437761954341195,3.8134683855474045,3.8424344999574345,3.821913737864412,10.743,9.896879781420765,10.289769595721033,3.8036457183656855,3.7986142042735658,3.7948762656717347,6.648868325904349
2005-05-24,sz000901,8.75,9.15,9.22,8.75,12273,4780591.5,5.27,2.69,0.24,1.83,4.088950734218036,0.022401195456102307,9.020000000000003,9.037333333333333,8.987700541545326,3.965688374406878,4.015457747815101,3.9923637384930313,8.766,8.905636363636363,8.917777626612496,3.842960870623545,3.924264283178065,3.9203154251417005,8.843,8.811095238095238,9.102658628050332,3.85824088099044,3.8751177548222326,3.8658480708452263,9.368333333333334,9.007311827956988,9.419196666964343,3.820484598509957,3.8602075547103785,3.8391419311775494,10.694333333333333,9.844650273224044,10.25240010077936,3.815070502246898,3.8079684670883966,3.8045180515257115,6.679481634957988
2005-05-25,sz000901,9.18,9.09,9.2,8.97,8032,3137686.25,2.51,-0.66,-0.06,1.2,3.9048236998009442,-0.184127034417092,9.034000000000002,9.060666666666668,9.021800361030218,3.965310702978474,3.995169522946456,3.963183725595669,8.838,8.964545454545457,8.949090785410224,3.8627288217693954,3.935512070301228,3.9174987478070173,8.815000000000001,8.834619047619048,9.101453044426492,3.8753971893477877,3.8795542137565664,3.869560035507676,9.322333333333331,8.989354838709676,9.397958172321482,3.8333572043589776,3.865648787051732,3.8433794646371235,10.642166666666668,9.792049180327869,10.214288622065283,3.8236707070190215,3.810911194877054,3.807806761305227,6.496609514551727
2005-05-26,sz000901,9.11,8.93,9.11,8.86,4926,1893273.0,2.75,-1.76,-0.16,0.73,3.6924944075030846,-0.21232929229785968,9.038000000000002,9.026000000000002,8.991200240686812,3.9669123260413444,3.904230757787993,3.8729539528981407,8.899000000000001,8.981272727272726,8.945619733517455,3.8736810696092228,3.9045603586164446,3.8765888677517566,8.799499999999998,8.845571428571429,9.08512418305254,3.868624383307811,3.862134901199928,3.852696642364381,9.274666666666667,8.96404301075269,9.367767322494291,3.844433197499236,3.8565608646739333,3.8336449448220247,10.582833333333333,9.735912568306011,10.17218079839101,3.820695800248063,3.8066103325978435,3.804026028393681,6.277213241457253
2005-05-27,sz000901,8.86,8.86,9.04,8.75,4276,1632432.38,3.25,-0.78,-0.07,0.64,3.6310376965367404,-0.0614567109663442,8.988000000000003,8.966666666666667,8.947466827124542,3.8767712153641476,3.7922725479531247,3.792315200777674,8.932,8.974181818181817,8.930052509241554,3.8644803400985523,3.860443381694175,3.8319432002581166,8.8185,8.851333333333333,9.063683784666585,3.854443246605187,3.839507597697921,3.8315862665712723,9.229000000000001,8.937290322580646,9.335008140397887,3.8377729476401736,3.8427934129989336,3.8205735094487805,10.516,9.679426229508193,10.129158477132288,3.8106184298809307,3.800392034115504,3.7983542798082075,6.2128352006049425
2005-05-30,sz000901,8.91,9.06,9.06,8.75,4948,1891652.88,3.5,2.26,0.2,0.74,3.694429690957083,0.06339199442034271,9.018000000000002,8.990666666666668,8.984977884749695,3.8023472458031775,3.7314920398174367,3.759686697504144,8.983,8.997454545454545,8.953679325743089,3.8817441442303484,3.8295250818502713,3.806940744021565,8.826,8.874333333333333,9.063332948031672,3.8304864802601073,3.8242682114457214,3.8185237355603974,9.181999999999999,8.926387096774192,9.317265679727056,3.8345168903691706,3.8335454609548627,3.8124351985783487,10.452166666666667,9.631688524590166,10.094104100832869,3.8033485380355057,3.796582567265543,3.7949469162393177,6.276841445949863
2005-05-31,sz000901,9.2,9.11,9.4,9.09,19604,7786941.0,3.42,0.55,0.05,2.92,4.292344693840592,0.597915002883509,9.010000000000002,9.021333333333333,9.026651923166463,3.8430260377276886,3.894824522496575,3.937239362949627,9.015,9.020545454545454,8.982101266517072,3.9043572060672838,3.9041797272339522,3.8951960076250245,8.8285,8.901380952380952,9.067777429171512,3.846187840114799,3.8682547079771954,3.863649541110892,9.126666666666667,8.921741935483873,9.303893700389827,3.852207474011804,3.86308273859818,3.8433971014984936,10.391333333333332,9.587683060109288,10.06183839260884,3.8078526446418293,3.8126152281116106,3.811255040095097,6.8913668841514575
2005-06-01,sz000901,9.02,8.91,9.15,8.88,5835,2244531.25,2.96,-2.2,-0.2,0.87,3.766040860381389,-0.526303833459203,8.974000000000002,8.988,8.987767948777643,3.815269469843778,3.869162796714475,3.8801731954268814,9.004000000000001,9.001454545454546,8.96899194533215,3.890290086411126,3.879031300745608,3.871713253580727,8.837499999999999,8.909142857142855,9.052751007345654,3.84517716334438,3.860621662288299,3.854353476279511,9.058666666666666,8.907763440860215,9.278481203590482,3.8506161334187143,3.8575236022349277,3.8384063762651324,10.328666666666667,9.539114754098362,10.02407319940855,3.8052153375471547,3.811244349939137,3.809772607973336,6.351125656344079
2005-06-02,sz000901,8.95,8.86,9.09,8.68,6127,2328271.5,4.6,-0.56,-0.05,0.91,3.787247880331954,0.02120701995056473,8.960000000000003,8.95,8.945178632518429,3.834220164409552,3.8598222668772006,3.849198090395239,8.998999999999999,8.975272727272728,8.949175227999032,3.9005662452254475,3.860296354185758,3.8563559129900407,8.8205,8.911285714285714,9.03439376855083,3.830400288845155,3.8551045877156875,3.8479624671416484,9.004,8.89494623655914,9.251482416262066,3.8563120470200705,3.853435327842233,3.8351058281404113,10.256499999999999,9.490961748633877,9.985906865001713,3.796777146707158,3.810655252981262,3.8090340923129626,6.367033622058935
2005-06-03,sz000901,8.91,8.91,9.04,8.77,3504,1338148.0,3.05,0.56,0.05,0.52,3.544564097496043,-0.24268378283591074,8.970000000000002,8.933333333333334,8.933452421678954,3.816925444601412,3.7632702445726975,3.747653426095507,8.979,8.959090909090909,8.942052459271935,3.8468483299827803,3.7955686909622304,3.7996664919911316,8.814,8.919809523809523,9.02254674297456,3.8194608382825463,3.8278820933014863,3.819067384318257,8.937666666666669,8.888881720430108,9.229451292632255,3.8445983591913033,3.8333225569051987,3.816361200356904,10.192666666666668,9.446814207650272,9.950631230083623,3.787630687798499,3.8023859726792586,3.800362944941916,6.126504149327717
2005-06-06,sz000901,8.86,9.02,9.04,8.71,4568,1742735.5,3.7,1.23,0.11,0.68,3.6597260952377915,0.1151619977417484,8.962000000000003,8.95,8.962301614452636,3.8099847254575536,3.710870461451491,3.7183443158096017,8.989999999999998,8.966545454545454,8.956224739404309,3.8061659856303662,3.761546466463141,3.774222783490524,8.8355,8.939428571428572,9.022304196024603,3.8137761068799056,3.8126692606305568,3.803892023453451,8.907,8.894193548387097,9.21593830601082,3.8298838096254015,3.821395314069489,3.8062557097040584,10.129999999999999,9.408366120218579,9.920118730736618,3.7862722825353714,3.7981923794805468,3.7957519006893214,6.241231477983679
2005-06-07,sz000901,9.09,9.04,9.29,8.93,9367,3673212.75,3.99,0.22,0.02,1.39,3.971600520230059,0.3118744249922676,8.948000000000004,8.975999999999999,8.988201076301758,3.745835890735447,3.764742393042326,3.802763050616421,8.979000000000001,8.975636363636363,8.971456604967162,3.794430964231568,3.7916254727539944,3.8101096447158938,8.872499999999999,8.958904761904762,9.023989510688926,3.818695917427557,3.827700157140096,3.8198642612416993,8.888333333333332,8.902774193548385,9.20458744755851,3.836970908737483,3.830538327656886,3.816923116834768,10.070166666666665,9.372628415300548,9.891262378909188,3.7934663938449322,3.8042687151426673,3.801517429198854,6.5650460831166555
2005-06-08,sz000901,8.97,9.69,9.76,8.97,21827,8860217.0,8.74,7.19,0.65,3.25,4.338994048444886,0.36739352821482685,9.104000000000003,9.223333333333333,9.222134050867838,3.860426528348147,3.962461778945472,3.9815067165592426,9.039,9.104909090909091,9.102100858609496,3.8378479990959624,3.890636942610961,3.906270445393892,8.9385,9.036761904761903,9.087419081099505,3.850288410432678,3.877252360094127,3.8693051933562885,8.889666666666665,8.954494623655915,9.235904386425704,3.862880792597179,3.862926917315429,3.850605112422518,10.022,9.36016393442623,9.884663612387575,3.8071961062468844,3.8221548677525012,3.8191396134364286,6.9474443585403804
2005-06-09,sz000901,9.69,9.76,9.78,9.44,21626,8964562.0,3.51,0.72,0.07,3.22,4.334976198654342,-0.00401784979054387,9.284000000000002,9.442,9.401422700578559,3.9699721920126243,4.12064500238087,4.09932987725761,9.122,9.235999999999999,9.22171888431686,3.902096178211088,3.9810238879852125,3.9842169459867014,9.010499999999999,9.115,9.151474406709076,3.8878886239101553,3.923413101829523,3.913654812908484,8.907000000000002,9.010645161290322,9.269717006656304,3.8797816482755696,3.893384685448148,3.8818548599213454,9.970166666666668,9.351573770491802,9.880576280833884,3.8142606375943893,3.8394591330773364,3.8360522883616057,6.95252907519993
2005-06-10,sz000901,9.74,9.42,9.74,9.38,11341,4639408.5,3.69,-3.48,-0.34,1.69,4.054651350441741,-0.28032484821260084,9.386000000000003,9.487333333333334,9.40761513371904,4.071989642601764,4.14887138852391,4.084437034985654,9.178,9.290181818181818,9.257769996259249,3.944457543601588,4.0087611920271495,3.997023201342163,9.055,9.154000000000002,9.177048272736782,3.9044689418500704,3.9392952662611034,3.9270830545783175,8.938333333333333,9.04374193548387,9.27941268364622,3.8844480122706537,3.904666601716934,3.893003020600081,9.9045,9.333535519125684,9.865475419167199,3.8063510773412963,3.8473407957936425,3.843219470724889,6.666462613839126
2005-06-13,sz000901,9.65,9.83,9.85,9.42,16586,6898928.0,4.56,4.35,0.41,2.47,4.219741661046302,0.16509031060456092,9.548000000000002,9.635333333333334,9.548410089146026,4.183992755763467,4.198122061338755,4.12953857700587,9.254999999999999,9.40872727272727,9.361811815121204,3.9969887406105102,4.0588128497443705,4.037517466742916,9.119,9.227809523809523,9.239234151523753,3.939366442420429,3.969321239517887,3.9549553028133637,8.969,9.101268817204302,9.314934445991625,3.8859872337102415,3.926298450025041,3.9140829328869344,9.857166666666668,9.331092896174862,9.864312290669915,3.8053977035968516,3.8608945854233157,3.8555644605714923,6.838781612497564
2005-06-14,sz000901,9.89,9.51,10.25,9.49,25576,10902233.0,7.73,-3.26,-0.32,3.81,4.407832623263632,0.18809096221732968,9.642000000000001,9.622666666666666,9.535606726097352,4.27123917637018,4.272735350505477,4.222303259091791,9.294999999999998,9.455090909090911,9.388755121462802,4.008537533552814,4.133511737499482,4.104847495201227,9.155,9.26504761904762,9.265021375188157,3.9564473698100486,4.013937066264859,3.9980864761895796,8.984,9.136172043010752,9.327519320443779,3.9003044045941375,3.9599658945123557,3.945937751620915,9.804499999999999,9.31971038251366,9.852695494254506,3.813634881489093,3.880646550002554,3.873671613446644,7.037515459431997
2005-06-15,sz000901,9.35,8.86,9.44,8.77,11648,4568712.5,7.05,-6.83,-0.65,1.73,4.066251361968962,-0.34158126129467004,9.476000000000003,9.362,9.310404484064902,4.216690639074995,4.204406079038404,4.1702859600508475,9.29,9.376000000000001,9.292617826651384,4.038558583711572,4.144005160847874,4.097830016431724,9.147,9.236952380952381,9.226447910884524,3.9644243350613486,4.024394589327612,4.004578370073331,8.988333333333335,9.128172043010753,9.297356783640955,3.9096376368001104,3.9706721498268602,3.9536999200304668,9.745166666666668,9.288743169398906,9.82014810100026,3.815182321281741,3.888929057559271,3.87998570356213,6.659793829626716
2005-06-16,sz000901,8.79,8.88,8.97,8.59,8699,3286472.5,4.29,0.23,0.02,1.29,3.9394693308435302,-0.12678203112543152,9.300000000000002,9.163333333333332,9.166936322709935,4.137589265512833,4.111998976294583,4.093347083648409,9.292,9.301454545454545,9.217596403623858,4.053780728762729,4.125988933053684,4.0690371645065975,9.1455,9.21152380952381,9.193452871752664,3.9771734869940887,4.0220179222592485,3.9983775091943023,8.977666666666668,9.121182795698925,9.270430539535088,3.904860435484346,3.9725967752490163,3.9527818175022773,9.695,9.26037704918033,9.789323573098612,3.8125398036923053,3.89300404147933,3.8819359864238154,6.51673000261419
2005-06-17,sz000901,8.91,8.79,9.09,8.75,4558,1728409.5,3.83,-1.01,-0.09,0.68,3.6587743208443566,-0.28069500999917363,9.174000000000003,8.993333333333334,9.041290881806624,4.058413859593356,3.952393994738424,3.948489496047058,9.28,9.210181818181818,9.139851602964974,4.06520175109756,4.054169586159435,3.9944439202043713,9.1295,9.177666666666667,9.1550287887286,3.95602504054017,3.9916941921497497,3.966034348399069,8.969333333333333,9.109075268817202,9.239435020855405,3.901374475887551,3.9567202517238558,3.933813591911444,9.642333333333333,9.230704918032787,9.756558865783903,3.812099306798528,3.8879625502384134,3.874619210503177,6.2376466446944105
2005-06-20,sz000901,8.79,9.09,9.13,8.55,8386,3194375.0,6.6,3.41,0.3,1.25,3.9235548580675492,0.2647805372231926,9.026000000000003,8.965333333333335,9.05752725453775,3.999176498997606,3.907440994229822,3.9401779500538887,9.287,9.175636363636363,9.13078767515316,4.091584627380536,4.028415605608524,3.981554999815858,9.138499999999999,9.17390476190476,9.148835570754446,3.948875306505451,3.9886017938190244,3.9619886826532102,8.985999999999999,9.116860215053762,9.229794051767959,3.906378947046783,3.9581512441225657,3.9331517381150642,9.598,9.212595628415302,9.734704476741808,3.817508400435931,3.89161683060789,3.876223657964304,6.504385898299312
2005-06-21,sz000901,9.09,8.84,9.09,8.82,4870,1865823.5,2.97,-2.75,-0.25,0.72,3.6875289612146345,-0.23602589685291475,8.892000000000003,8.903333333333334,8.985018169691834,3.8551157665878066,3.8035584816354975,3.8559616204408043,9.267,9.094363636363637,9.077917188761676,4.063177471478993,3.9549509390329045,3.9280957200701807,9.123,9.145476190476192,9.119422659254022,3.928804217855281,3.9637116656960893,3.935849661563822,9.004,9.107440860215053,9.20464604842809,3.9001897687780356,3.9440318901979103,3.917305107347295,9.554666666666668,9.187743169398907,9.705369903733878,3.8174742961935095,3.8873552096498143,3.8700369465954623,6.270870558702289
2005-06-22,sz000901,8.77,9.0,9.04,8.77,4425,1696862.5,3.05,1.81,0.16,0.66,3.6459132750338443,-0.041615686180790146,8.920000000000002,8.939333333333334,8.99001211312789,3.771048149200783,3.7338243177841766,3.7859455053051514,9.198,9.04581818181818,9.063750427168642,3.9938693941378896,3.879084721497423,3.8767898209726646,9.1185,9.133761904761906,9.108049072658401,3.915858696616926,3.936769671141667,3.908236672370491,9.025,9.107182795698925,9.191443077561761,3.8981487383344153,3.927626955117641,3.8997959568754594,9.510333333333334,9.16955737704918,9.682243021644242,3.8190874186647714,3.881730258136382,3.8626886294950813,6.229646652034455
2005-06-23,sz000901,8.86,8.79,9.0,8.79,4155,1585580.0,2.33,-2.33,-0.21,0.62,3.61857102812013,-0.02734224691371434,8.902000000000003,8.895999999999999,8.923341408751927,3.706868488656103,3.6829986107572923,3.7301540129101447,9.100999999999999,8.971636363636364,9.01397762222889,3.9222288770844687,3.81084865494874,3.8298409495449306,9.111500000000001,9.10247619047619,9.077758684786172,3.912162527647778,3.908456559856258,3.8806494681561707,9.040666666666668,9.092021505376342,9.16554352417068,3.8993353749682598,3.9095896834909123,3.8816524130847934,9.473333333333333,9.145939890710382,9.652989152082135,3.8158684520218373,3.8751559502496726,3.8546847737122962,6.2001881591237815
2005-06-24,sz000901,8.75,8.86,8.86,8.66,3395,1270620.88,2.28,0.8,0.07,0.51,3.5308397786165204,-0.08773124950360955,8.916000000000002,8.882,8.902227605834618,3.6812815802105354,3.624322374077431,3.66371593481227,9.045,8.927818181818182,8.985981690914546,3.8698477199019456,3.7396870006818403,3.775477100285219,9.1115,9.07852380952381,9.057019762425584,3.9071526317517673,3.8721401075675668,3.847334259628585,9.051666666666668,9.080365591397847,9.145831038740315,3.892928534534029,3.885815774048864,3.859019339893292,9.436333333333334,9.125830601092897,9.626989507751574,3.813057600910909,3.865810747842941,3.844066905020631,6.104015987780508
2005-06-27,sz000901,8.93,9.15,9.18,8.77,10145,3965279.0,4.63,3.27,0.29,1.51,4.006252051369365,0.47541227275284426,8.928000000000003,8.959999999999999,8.984818403889745,3.6978210188708984,3.7326458644637075,3.7778946403313016,8.977,8.946909090909092,9.015803201657356,3.8484987589342525,3.7644877882213708,3.817436182300518,9.116,9.082190476190474,9.065875023146958,3.922743749772381,3.8815781475311475,3.862469287413421,9.071666666666665,9.086709677419353,9.146100003982875,3.9090772145917034,3.8931269686834025,3.8685182245046517,9.402999999999999,9.116442622950817,9.611350507497425,3.8207255956284496,3.8721449921202677,3.8493844508025568,6.598273750013676
2005-06-28,sz000901,9.04,8.82,9.04,8.82,5449,2086171.0,2.4,-3.61,-0.33,0.81,3.736316807904109,-0.26993524346525577,8.924000000000003,8.924,8.929878935926498,3.7075785882087935,3.7454777941414448,3.764035362855571,8.908,8.918363636363637,8.980202619537836,3.7813471773983003,3.7440910698522543,3.802687205137534,9.1015,9.054,9.04245835427582,3.894942355475558,3.86382320068655,3.8504547655553916,9.072666666666667,9.070473118279569,9.125061294048496,3.8980806390061327,3.8819811359938794,3.859989100853004,9.362666666666668,9.097327868852457,9.58540458921882,3.826165323704663,3.869377490883404,3.8456773149698207,6.319349903952765
2005-06-29,sz000901,8.88,8.82,8.95,8.77,3018,1145525.5,2.04,0.0,0.0,0.45,3.479719235439571,-0.25659757246453774,8.888000000000002,8.889333333333333,8.893252623951,3.6743397802899387,3.6695246765517036,3.669263320383571,8.904,8.902363636363635,8.951074870530956,3.7226939647453614,3.689249625859758,3.7439657561015407,9.097,9.027190476190475,9.021271844344788,3.880626274228466,3.824278141635504,3.815146619830075,9.065999999999999,9.054172043010754,9.105379920238915,3.8838475449560192,3.854990077699264,3.8354555611489114,9.325333333333333,9.079535519125683,9.560309356785416,3.82741341568499,3.858018602743565,3.833678689411452,6.059004761256561
2005-06-30,sz000901,8.77,8.59,8.91,8.55,3916,1459120.12,4.08,-2.61,-0.23,0.58,3.5928426831311002,0.11312344769152904,8.848000000000003,8.790000000000001,8.792168415967334,3.669194111292133,3.6423589774987577,3.6437897746327477,8.875,8.845272727272727,8.885424894070782,3.688031299974118,3.6656403019298915,3.7164888337432784,9.083499999999999,8.978904761904762,8.98019833535957,3.870906014368424,3.7968701805786114,3.7939748163349343,9.055333333333333,9.0234623655914,9.072129602804148,3.8807927579874315,3.836215570484752,3.819803117405827,9.285666666666666,9.055426229508194,9.528495935251467,3.8316167541111636,3.850327759053274,3.8257824269104566,6.164091046044104
2005-07-01,sz000901,8.53,7.94,8.55,7.85,8428,2925763.75,8.15,-7.57,-0.65,1.25,3.9257245269360626,0.33288184380496233,8.664000000000003,8.487333333333334,8.508112277311557,3.7481710609560417,3.727869116046734,3.7377680254005194,8.790000000000001,8.675272727272727,8.713529458785185,3.7147263205832886,3.7088572522866095,3.754531687051057,9.035,8.870000000000001,8.881131827230085,3.889964035840424,3.8020909912993393,3.806522407820756,9.016333333333334,8.951505376344087,8.999088983268397,3.875592133887876,3.8391143942878894,3.8266367567303585,9.245666666666667,9.01130601092896,9.476414101308794,3.8342893215552376,3.8534132598016306,3.8290592170752307,6.466239254730611
2005-07-04,sz000901,7.88,7.81,7.94,7.59,3917,1290521.25,4.41,-1.64,-0.13,0.58,3.592953571547866,-0.33277095538819657,8.396000000000004,8.202666666666667,8.275408184874372,3.6655113649917417,3.6761299529106757,3.6894965407829687,8.662,8.49709090909091,8.549251375369696,3.6816661919313205,3.6867167524619875,3.7251538478686586,8.974499999999999,8.753333333333334,8.779119272255793,3.8866254096559283,3.7738042804143337,3.786182518651909,8.979666666666668,8.87367741935484,8.922373564993016,3.859805601647407,3.82087964833047,3.8115604222024557,9.201333333333334,8.964234972677593,9.42177757339703,3.8366369935974065,3.8455006122604054,3.8213180483694154,6.110765160124955
2005-07-05,sz000901,7.74,7.72,7.9,7.65,3312,1096649.88,3.2,-1.15,-0.09,0.49,3.5200903281128424,-0.0728632434350236,8.176000000000002,7.977333333333333,8.090272123249582,3.6222660690334885,3.6276562739510427,3.63302780322626,8.55,8.325818181818182,8.39847839802975,3.6649223286211416,3.6573393226768096,3.687869571549419,8.9085,8.633857142857144,8.678250770136193,3.864049900050067,3.73889617741023,3.760840405267236,8.931999999999999,8.792408602150537,8.84480107692895,3.8408435881105674,3.798962533908885,3.792755900003126,9.150166666666667,8.915666666666665,9.365981587384013,3.8306640933102623,3.8351220330641898,3.8114417296724783,6.0400679954377585
2005-07-06,sz000901,7.85,7.81,7.92,7.74,3298,1101562.62,2.33,1.17,0.09,0.49,3.5182506513085,-0.0018396768043422718,7.974000000000004,7.855333333333333,7.996848082166387,3.6299723522072744,3.5929844680427134,3.5947687525870067,8.431,8.191272727272727,8.291482325660704,3.652156066248607,3.630671744983602,3.657029767869252,8.814499999999999,8.529238095238096,8.595560220599413,3.8230127301932484,3.70596291562532,3.737736619175928,8.889333333333333,8.720021505376344,8.778039717127083,3.8279578198274864,3.7781500863732678,3.7750458839583114,9.105833333333333,8.871726775956283,9.314965797633718,3.830657512093232,3.8248789693920013,3.801828907431036,6.042009190317887
2005-07-07,sz000901,7.88,7.85,7.88,7.74,2135,711473.0,1.79,0.51,0.04,0.32,3.329397879361043,-0.1888527719474573,7.826000000000002,7.813999999999999,7.9478987214442585,3.5772833914532627,3.492792977093969,3.5063117948450193,8.337,8.085636363636363,8.211212811904211,3.6232387513726976,3.5719884382767724,3.597460333595032,8.719,8.437380952380952,8.52455448530423,3.772733814228583,3.6589519774508235,3.698847215384034,8.853333333333333,8.652967741935484,8.718166186989851,3.815854602222751,3.7459849289238196,3.746294399790746,9.064,8.830551912568305,9.26693413213753,3.830143899860994,3.8084442273352086,3.786339365527102,5.852158423501813
2005-07-08,sz000901,7.88,7.41,7.88,7.38,4050,1287775.12,6.37,-5.61,-0.44,0.6,3.6074550232146687,0.2780571438536259,7.7200000000000015,7.675333333333333,7.768599147629506,3.513629490708984,3.502850187681104,3.540026204301569,8.192,7.917090909090908,8.065537755194354,3.630900275832513,3.569118669520767,3.5992775498895115,8.618500000000001,8.312714285714286,8.41840643908478,3.7503739978672295,3.6432111402114034,3.6901431970821896,8.805,8.559849462365591,8.633768368474378,3.8150685131120157,3.732539794794266,3.737337020656806,9.017,8.776322404371586,9.206051045837938,3.8264207303760944,3.8011429526910665,3.7804743051234153,6.109840030205485
2005-07-11,sz000901,7.56,6.78,7.61,6.73,6446,1949375.38,11.88,-8.5,-0.63,0.96,3.8092903011763157,0.20183527796164702,7.514000000000003,7.362,7.439066098419671,3.5568968366346736,3.601403791170215,3.6297809032598183,7.955,7.660363636363638,7.831803617886289,3.6112041008132083,3.6015532195832765,3.637461686487112,8.466,8.137619047619047,8.262367730600515,3.7298514298737304,3.6488222167170306,3.701490540329249,8.729000000000001,8.429204301075268,8.514170409217968,3.8188972001193235,3.7321670069274475,3.7419791677870973,8.955499999999999,8.702978142076502,9.12650838859735,3.8267070452442473,3.8005812992746804,3.781419091879248,6.2898954767600905
2005-07-12,sz000901,6.73,7.07,7.11,6.58,7213,2110146.75,7.82,4.28,0.29,1.07,3.858115932190066,0.04882563101375048,7.384000000000003,7.214,7.316044065613115,3.6245019574501187,3.701810156355345,3.705892579569901,7.779999999999999,7.499454545454545,7.693293869179691,3.623384013241804,3.646446279833614,3.6775806402512856,8.344,8.004666666666667,8.148808899114751,3.702365595320052,3.6610378836043003,3.716407244315994,8.661,8.32217204301075,8.420998124752293,3.8044229080643057,3.734697247706204,3.7494718622647083,8.893833333333333,8.641158469945356,9.059081884053173,3.828315191038055,3.8016110988466743,3.7839337423812416,6.324312659325666
2005-07-13,sz000901,6.98,7.11,7.25,6.91,6099,1834442.5,4.81,0.57,0.04,0.91,3.785258633357701,-0.07285729883236503,7.244000000000002,7.1226666666666665,7.247362710408744,3.6779035538599585,3.7553957149912067,3.732347930832501,7.609,7.3776363636363635,7.587240438419746,3.6539379530336165,3.675878028945596,3.6971584571797247,8.256499999999999,7.887142857142857,8.04987471824668,3.6883159588894885,3.668932458655505,3.722964519462823,8.601,8.222107526881722,8.336417600574727,3.8050635004968494,3.7334608428864233,3.751780686206192,8.829833333333333,8.582672131147541,8.995177559985855,3.827839816957782,3.800199408430925,3.7839771814296497,6.263504103486857
2005-07-14,sz000901,7.07,7.05,7.25,6.98,3491,1052152.5,3.8,-0.84,-0.06,0.52,3.5429498488141786,-0.24230878454352256,7.084000000000003,7.058000000000001,7.181575140272496,3.7206139477505866,3.7104111466426133,3.669215236826394,7.455,7.276,7.489560358707065,3.648948669601925,3.655698373632971,3.6691205283859887,8.165000000000001,7.7722380952380945,7.95464855460414,3.668489984788021,3.655088067219761,3.705820265115333,8.540666666666665,8.122043010752687,8.25342291666668,3.796920232779591,3.7165502847133483,3.7383077289550943,8.772333333333332,8.52431693989071,8.931401246543695,3.8266161398998304,3.7908587537376928,3.7760746459340604,6.022078691441813
2005-07-15,sz000901,7.0,6.78,7.14,6.62,8951,2570229.25,7.38,-3.83,-0.27,1.33,3.9518715571283645,0.40892170831418584,6.958000000000003,6.956666666666666,7.047716760181665,3.7894972545333254,3.7874970164352058,3.7634340102603843,7.339,7.153272727272728,7.360549384396689,3.6515633726211547,3.7107752622741415,3.720529806339148,8.064499999999999,7.640333333333333,7.84277726368946,3.6831448466022216,3.682076788395032,3.7292537214975265,8.469666666666667,8.008451612903226,8.158363373655927,3.8104971481006675,3.7265471443487534,3.7520860404501444,8.703666666666665,8.458994535519125,8.860863500755377,3.8275477536459857,3.7949654887287916,3.781838479087972,6.409971861685247
2005-07-18,sz000901,6.8,6.82,6.96,6.69,8494,2471692.5,3.98,0.59,0.04,1.26,3.9291122566546606,-0.022759300473703892,6.966000000000003,6.910666666666667,6.9718111734544435,3.813461645628995,3.8340353504756512,3.8186600923918097,7.24,7.05890909090909,7.262267678142746,3.6851792411318343,3.761238695734779,3.7584538882146954,7.9510000000000005,7.521809523809525,7.745369905242844,3.6834227165315765,3.7055022560190736,3.748287867702968,8.396333333333333,7.902021505376343,8.072017349549094,3.8194766868145633,3.734199731997397,3.7635070866568876,8.651666666666667,8.397234972677596,8.793949943353562,3.8246802482199826,3.798295472433994,3.7866671275327812,6.3929944397744025
2005-07-19,sz000901,6.73,6.91,6.91,6.67,3359,969606.81,3.52,1.32,0.09,0.5,3.526210003841664,-0.4029022528129964,6.934000000000003,6.8919999999999995,6.95120744896963,3.7470804599593137,3.738284803213207,3.7211767295417615,7.158999999999999,6.998909090909092,7.198219009389518,3.685791208704716,3.732335198045657,3.7162277274195983,7.8545,7.422666666666665,7.665810866648288,3.6753567686629287,3.690529616715273,3.7271375949542724,8.325333333333333,7.806129032258065,7.997048488287863,3.8046303362682834,3.7152793008378553,3.748197597443003,8.606833333333332,8.340131147540983,8.732181092751807,3.8208006225028828,3.7885095627822465,3.7781275497068427,5.9865956570852426
2005-07-20,sz000901,6.91,6.98,7.05,6.85,4622,1368008.5,2.89,1.01,0.07,0.69,3.6648299411430907,0.13861993730142652,6.908000000000003,6.907333333333335,6.960804965979754,3.722994721516392,3.7108679636077992,3.702394466742205,7.0760000000000005,6.966363636363637,7.158542825864151,3.7004491376881754,3.728524058488998,3.7068826753693243,7.753500000000001,7.339380952380952,7.600495546015118,3.6763026019683904,3.6895270617133833,3.7212035326865407,8.235000000000001,7.719333333333334,7.93143245678542,3.7821581993582236,3.7062599205071978,3.742819038972041,8.562333333333333,8.286792349726776,8.674732532333714,3.8225194959777014,3.783395769950778,3.7744128740162277,6.136088795842889
2005-07-21,sz000901,6.98,7.0,7.05,6.82,4699,1376087.25,3.3,0.29,0.02,0.7,3.672005445022952,0.0071755038798611,6.898000000000003,6.938000000000001,6.973869977319836,3.748805840758146,3.6938715381099874,3.6922647928357875,6.991000000000001,6.952545454545455,7.129716857525214,3.7347098942543666,3.7233524780044123,3.7005413607608926,7.664,7.267619047619046,7.543305494013678,3.678974322813532,3.689117808670961,3.7165180005281035,8.143,7.639655913978495,7.871340040218619,3.7600591742371776,3.6991532911952456,3.7382504200075837,8.525,8.23556830601093,8.61982326897851,3.8199204112563736,3.7784608830342283,3.7710552533934973,6.138645970957817
2005-07-22,sz000901,7.05,7.2,7.45,7.03,12907,3975574.75,6.0,2.86,0.2,1.92,4.110825310054965,0.4388198650320132,6.982000000000002,7.038666666666667,7.049246651546557,3.7805965913434663,3.8145446945422594,3.8317849652421803,6.970000000000001,6.990545454545455,7.142495610702447,3.7850469229383963,3.791737099059066,3.7751384424507237,7.581,7.223428571428572,7.510609732679042,3.707973599385454,3.730246474122525,3.7540710776258996,8.068999999999999,7.578817204301076,7.828027779559354,3.761931639557618,3.721783364473812,3.7622875096880604,8.503666666666666,8.19212568306011,8.573271686389052,3.823189825914136,3.787998748568609,3.78219525525125,6.5993999236112195
2005-07-25,sz000901,7.16,7.34,7.47,7.11,11902,3701925.0,5.0,1.94,0.14,1.77,4.075619945928776,-0.03520536412618913,7.086000000000003,7.158,7.146164434364372,3.8098981291982894,3.9128858127373625,3.9130632921377124,7.026000000000001,7.057818181818183,7.178405499665638,3.811679887413642,3.8445685577845903,3.8297714430830965,7.4905,7.2004761904761905,7.494361186709609,3.711441994113425,3.7652604118885566,3.7846947793690306,7.986000000000001,7.5317849462365585,7.796542116361977,3.7571275823870343,3.742021319723564,3.7825025055745587,8.4775,8.153972677595629,8.532836549130394,3.821557408048638,3.796275145946137,3.7918157369128083,6.568427615817185
2005-07-26,sz000901,7.43,7.59,7.74,7.43,17656,5671028.5,4.22,3.41,0.25,2.63,4.246892320153599,0.17127237422482278,7.222000000000003,7.326,7.294109622909582,3.954034592460677,4.058550543055799,4.0243396348096745,7.078,7.160363636363638,7.2532408633627945,3.8505575262099954,3.923698091010037,3.90561160255046,7.429,7.20995238095238,7.5034696451182175,3.736970769725899,3.8162556810352397,3.828713592777085,7.922,7.5062365591397855,7.783216818532171,3.7517629056166997,3.7736190447407605,3.812463138773207,8.453,8.12487431693989,8.501923875388414,3.826033655105419,3.8102205529003985,3.806736280625621,6.753661829857262
2005-07-27,sz000901,7.74,7.65,7.74,7.41,13343,4294514.0,4.35,0.79,0.06,1.99,4.125253486024798,-0.12163883412880061,7.356000000000003,7.468666666666667,7.412739748606389,4.0461193014370185,4.1156235075771725,4.057977585214716,7.132000000000001,7.264363636363637,7.325378888205922,3.884557011476705,3.9736428109763646,3.945546490454885,7.370500000000002,7.231000000000001,7.517424917011721,3.769247482255161,3.85323498734942,3.8569554873721055,7.881666666666667,7.488688172043012,7.774622185078483,3.7537296430852276,3.7977152112187027,3.8326431611765353,8.435,8.098546448087431,8.473991945047809,3.8316836399426686,3.8200310391600505,3.8171794676878887,6.632914022867904
2005-07-28,sz000901,7.7,7.97,8.06,7.5,30463,10224493.0,7.32,4.18,0.32,4.53,4.4837726704803105,0.35851918445551245,7.5500000000000025,7.673333333333333,7.598493165737593,4.208472746528489,4.261507963924937,4.199909280303247,7.224000000000001,7.416727272727273,7.442582726713936,3.9786392936433175,4.082591112613384,4.043405795914053,7.339500000000001,7.288095238095238,7.560527305867748,3.813793981622621,3.9212850052756254,3.916652361953839,7.851333333333334,7.494387096774192,7.787227205396,3.771873087739787,3.8448147613732244,3.8746515166154887,8.4145,8.083300546448088,8.457467618980669,3.838366761612067,3.8414110073743992,3.839034982533542,7.009641781934985
2005-07-29,sz000901,8.08,7.97,8.15,7.79,36860,12455763.0,4.52,0.0,0.0,5.49,4.566555330883055,0.08278266040274485,7.704000000000002,7.813333333333333,7.7223287771583955,4.2996187506941075,4.380868825376459,4.322124630496517,7.343000000000001,7.552363636363636,7.538476776402311,4.040107671018786,4.189484937566063,4.138523893181144,7.341000000000001,7.348142857142857,7.599524705308915,3.8458355218199713,3.9929765623480473,3.9785478828042407,7.824,7.502043010752688,7.799018998596258,3.802132454741077,3.8960845835115,3.9192904723746866,8.396666666666667,8.068726775956284,8.441485074096057,3.851753465314314,3.8652860424324644,3.8628881087089355,7.0953703361712215
2005-08-01,sz000901,7.97,7.81,7.97,7.72,10466,3494175.5,3.14,-2.01,-0.16,1.56,4.019780730403647,-0.5467746004794085,7.798000000000002,7.848666666666666,7.751552518105598,4.288450907589082,4.287589485279639,4.22134333046556,7.441999999999998,7.6372727272727285,7.587844635238254,4.049174518393686,4.185789130181492,4.1169342272215985,7.340999999999999,7.392809523809525,7.6195699714699705,3.86717687976276,4.0095427726893496,3.9824748206708507,7.781333333333333,7.501139784946238,7.799727450299726,3.8053399838189463,3.9101264077477946,3.925773714828168,8.383666666666667,8.049491803278688,8.420780645437171,3.8558594654328644,3.8707951330911308,3.8680321290923687,6.543344714260949
2005-08-02,sz000901,7.81,7.92,7.92,7.67,9596,3196888.75,3.2,1.41,0.11,1.43,3.982090239295793,-0.03769049110785394,7.8640000000000025,7.889333333333334,7.807701678737065,4.23549049141752,4.185469262515209,4.141592300075638,7.542999999999999,7.724181818181818,7.648236519740388,4.094762541939098,4.173591988527329,4.092417138507815,7.351000000000001,7.4479523809523815,7.648182355139498,3.890276875321908,4.0204869021686855,3.982438193873226,7.750666666666667,7.510086021505376,7.807486969635228,3.815158693088319,3.921529650036625,3.9294070389873696,8.377333333333333,8.034289617486339,8.404361607881853,3.857674230933177,3.874933846988277,3.8717717392629725,6.504727523321493
2005-08-03,sz000901,7.92,7.94,8.1,7.83,18957,6451072.5,3.41,0.25,0.02,2.82,4.27776961008365,0.29567937078785755,7.922000000000002,7.914666666666667,7.851801119158044,4.265993716229291,4.199562302070586,4.186984736744976,7.639,7.796363636363636,7.701284425242136,4.156056508833155,4.206866000917248,4.12611758788524,7.3575,7.504047619047618,7.675974511792879,3.928252823260665,4.057390972145995,4.010564995417076,7.715333333333334,7.522301075268816,7.816036197400698,3.836220570923312,3.951375515649226,3.951882043574227,8.370166666666668,8.01995081967213,8.389136637131628,3.867184654628864,3.8887074659768164,3.8850831448636503,6.809631922714544
2005-08-04,sz000901,7.94,7.76,7.94,7.72,8925,2961259.5,2.77,-2.27,-0.18,1.33,3.9506082247842307,-0.32716138529941974,7.880000000000003,7.860666666666666,7.821200746105363,4.159360827090075,4.094433804922232,4.108192566091395,7.714999999999999,7.818363636363636,7.71195998428902,4.183916786809283,4.169511767453807,4.094206794594147,7.353,7.542380952380954,7.683976939241176,3.959313340531824,4.059520058005382,4.004854826785377,7.680999999999999,7.525182795698925,7.812420958858718,3.847288477478782,3.958755364285414,3.9517998617168075,8.360833333333334,7.999945355191256,8.368509206406,3.873311926223521,3.891442664998304,3.8872315081397346,6.471476466990749
2005-08-05,sz000901,7.61,7.99,8.03,7.52,16256,5462778.0,6.57,2.96,0.23,2.42,4.211013690603825,0.26040546581959445,7.884000000000003,7.897333333333333,7.877467164070243,4.088252499034229,4.111651426093482,4.142466274262205,7.794000000000001,7.868363636363636,7.762512714418289,4.193935624864169,4.1744384772346335,4.115444412050452,7.382,7.6030476190476195,7.713121992646778,3.989491273901282,4.083491519917001,4.024489004291896,7.652,7.545118279569892,7.823877671190414,3.8699609412116924,3.982221507067675,3.968523334548228,8.351833333333333,7.987786885245902,8.356099068491048,3.8814447378728607,3.9025148539943784,3.8978473174008523,6.737413551725637
2005-08-08,sz000901,8.01,8.15,8.23,7.92,21023,7278248.0,3.88,2.0,0.16,3.13,4.322694690306876,0.11168099970305079,7.9520000000000035,7.986,7.968311442713496,4.148835291014875,4.189798823184364,4.202542412943762,7.875,7.933090909090908,7.832964948160418,4.218643099301978,4.197849216406034,4.153126280824347,7.450500000000001,7.6761904761904765,7.754729421918514,4.015161493357811,4.115225178622296,4.052889545817132,7.618666666666667,7.577247311827958,7.844917821436193,3.880509029176276,4.011430136041557,3.991373099435883,8.345166666666666,7.981169398907103,8.349341721983144,3.89479312188399,3.9169820655495924,3.911776739463345,6.862026849710853
2005-08-09,sz000901,8.19,8.35,8.46,8.1,17822,6336950.0,4.42,2.45,0.2,2.65,4.250956439331893,-0.07173825097498288,8.038000000000002,8.118666666666666,8.095540961808997,4.202608531022095,4.223839205956704,4.218680421739806,7.9510000000000005,8.019454545454547,7.92697132122216,4.219049511219808,4.203724369138747,4.170913582371173,7.5145,7.761857142857143,7.811421857926274,4.034803518714901,4.137681840143638,4.0717530594852045,7.603,7.624430107526881,7.87750376844031,3.897663683557202,4.035329968954823,4.008120411687239,8.337833333333334,7.98132786885246,8.349363304868941,3.8978721612816676,3.9286595513675566,3.9228973853606743,6.801880280454928
2005-08-10,sz000901,8.46,8.77,9.15,8.44,45965,17329828.0,8.5,5.03,0.42,6.84,4.6624272644527265,0.41147082512083344,8.204000000000004,8.362666666666666,8.320360641205998,4.27954006189591,4.377112117100248,4.366596035977446,8.062999999999999,8.168363636363635,8.08024926281813,4.2727668890626,4.284338506090187,4.260279706386001,7.597500000000001,7.881428571428571,7.902715014314248,4.078661950269653,4.197455530213906,4.128007745672588,7.601333333333334,7.6997204301075275,7.9350841704764195,3.9370872845243077,4.08466955481905,4.050333757026948,8.333666666666666,7.995497267759564,8.363154671922418,3.910467414740163,3.9537269317993946,3.947144266642381,7.238794252326059
2005-08-11,sz000901,8.77,8.73,8.84,8.53,19700,7287432.0,3.53,-0.46,-0.04,2.93,4.294466226161593,-0.36796103829113314,8.398000000000003,8.538,8.456907094137332,4.348311662171383,4.382087505188808,4.342552766038828,8.139,8.289636363636363,8.198385760487561,4.253836244630729,4.288283840108185,4.2664954372542905,7.6815,7.989285714285714,7.981504060570034,4.116237769137023,4.218008318394092,4.143860934290588,7.606,7.772537634408602,7.986369062703748,3.9604747359586567,4.107726260731134,4.066084238906603,8.330666666666668,8.008491803278687,8.375182387597093,3.9206337469730443,3.966317056764032,3.958531871872519,6.86257451532624
2005-08-12,sz000901,8.71,8.3,8.77,8.19,20293,7398856.5,6.64,-4.93,-0.43,3.02,4.3073462553692545,0.012880029207661181,8.460000000000004,8.505333333333333,8.40460472942489,4.367578175124469,4.368432369588098,4.330817262482304,8.172,8.31890909090909,8.21686107676255,4.22791533707935,4.298012932969735,4.273922858729739,7.7575,8.048190476190475,8.011837007182411,4.134011504049068,4.236209126606685,4.159430964869508,7.618,7.817311827956989,8.006603316722861,3.9731954602397637,4.130105068435044,4.0816495302912905,8.317166666666667,8.007486338797815,8.372717391282434,3.92439379706382,3.978996155399973,3.9699684090363463,6.869164604310127
2005-08-15,sz000901,8.28,8.59,8.66,8.19,12619,4564427.5,5.66,3.49,0.29,1.88,4.101024940352695,-0.20632131501655948,8.548000000000004,8.548666666666668,8.466403152949926,4.3232442251336325,4.2795812913308415,4.254219821772434,8.25,8.394909090909092,8.284704517351177,4.236039758074254,4.274941951746707,4.242486873570276,7.846000000000001,8.127476190476191,8.066900149355515,4.14260713823397,4.233067549111792,4.1538684863440976,7.644000000000001,7.8800215053763445,8.04424181241816,3.990131172533258,4.138352131668136,4.082899556746865,8.311833333333334,8.016431693989071,8.379841411240387,3.9249683870903325,3.984787340425838,3.974265344489341,6.659386313265093
2005-08-16,sz000901,8.75,8.53,8.82,8.41,12547,4616778.5,4.77,-0.7,-0.06,1.87,4.098539897992862,-0.002485042359833045,8.584000000000003,8.542666666666667,8.487602101966617,4.292760916865825,4.204679848950585,4.20232651384591,8.311000000000002,8.445818181818181,8.329303696014598,4.24768472394396,4.249941977186455,4.216314696192564,7.927000000000001,8.192619047619047,8.111004897035942,4.17122363294153,4.22887066908883,4.148599096977313,7.671,7.9371827956989245,8.075581050326667,4.009412824862592,4.1453462429881105,4.0839086110208,8.301499999999999,8.023584699453552,8.384764643658734,3.9251282064865793,3.990478209635757,3.9783399200140463,6.664339038827659
2005-08-17,sz000901,8.53,9.04,9.31,8.32,39205,14985806.0,11.61,5.98,0.51,5.83,4.593341458192256,0.49480156019939425,8.638000000000002,8.694666666666667,8.671734734644412,4.278943755613732,4.304873362726061,4.332664828628026,8.421,8.578363636363635,8.458521205830126,4.2792419087548215,4.31278865614069,4.284865016556144,8.03,8.298619047619045,8.199480621127757,4.217649208793988,4.269072366731756,4.190955512331117,7.712000000000001,8.025505376344084,8.137801627724947,4.04524918509205,4.183019058041637,4.1167752463221845,8.300666666666666,8.04779781420765,8.40624777009615,3.936603502459768,4.0123868408392225,3.998503904872348,7.175680106103078
2005-08-18,sz000901,9.0,8.48,9.27,8.44,30882,11903251.0,9.18,-6.19,-0.56,4.6,4.489705418633813,-0.10363603955844347,8.588000000000003,8.642,8.607823156429609,4.317991594108177,4.375127250399421,4.385011691963289,8.493,8.58909090909091,8.46242644113374,4.333151628139779,4.351054748845961,4.322108726024811,8.104,8.341476190476191,8.226196752448923,4.258534207474531,4.294982481954596,4.219407884359945,7.7330000000000005,8.075053763440861,8.159878942065275,4.083926103067809,4.211693653754009,4.140835257439064,8.293166666666668,8.053677595628415,8.408665875994638,3.949890352645281,4.030521329894108,4.014608872536658,7.075665591521621
2005-08-19,sz000901,8.41,8.53,8.73,8.19,17821,6416113.0,6.37,0.59,0.05,2.65,4.250932070200113,-0.2387733484336998,8.634000000000002,8.622666666666667,8.581882104286406,4.306708757074348,4.352774075763401,4.340318484708897,8.547,8.595818181818181,8.474712542745786,4.337143466099408,4.336105738311477,4.309167515874866,8.1705,8.382047619047619,8.255130395072834,4.265539545481788,4.294258468880842,4.222410187773294,7.770333333333332,8.12647311827957,8.183757719996548,4.105375337967325,4.222468232278674,4.147938277617196,8.287666666666667,8.06144262295082,8.412644043994813,3.96022192553967,4.040391550141808,4.022357174099394,6.807272004098473
2005-08-22,sz000901,8.53,8.64,8.66,8.37,10149,3728079.0,3.4,1.29,0.11,1.51,4.006423252507643,-0.2445088176924699,8.644000000000002,8.624666666666666,8.601254736190938,4.287788419505338,4.252678907574499,4.229020073975146,8.596,8.612727272727271,8.504764807701097,4.305516322319485,4.2759747903857015,4.254123104353552,8.2355,8.426761904761905,8.291784643161135,4.262079710810732,4.269580726692829,4.201840003462279,7.8323333333333345,8.18258064516129,8.213192705803221,4.111946436345035,4.216084226765146,4.138808275997225,8.280666666666667,8.072994535519127,8.420098337634327,3.9654218182321794,4.041906347747316,4.0218347504406475,6.571485106713208
2005-08-23,sz000901,8.64,8.75,9.09,8.48,23341,8799393.0,7.06,1.27,0.11,3.47,4.368119458615029,0.3616962061073856,8.688000000000002,8.66,8.65083649079396,4.341704331629771,4.2794559206110625,4.275386535521774,8.636,8.640727272727274,8.549353024482716,4.317232624247798,4.287357178803072,4.274849714219275,8.2935,8.475761904761905,8.335424200955313,4.268141067733803,4.279679750293238,4.217676142048256,7.888333333333334,8.241784946236558,8.247825434461078,4.1289465538925345,4.2326115185245,4.153602545843535,8.274666666666667,8.088382513661204,8.430914785580743,3.96668473097842,4.055109549071343,4.033188347429971,6.944452714668042
2005-08-24,sz000901,8.79,8.59,8.86,8.39,19108,7007115.5,5.37,-1.83,-0.16,2.84,4.281215232611316,-0.08690422600371228,8.598000000000003,8.627333333333334,8.630557660529307,4.279279086513583,4.259292887604911,4.277329434551621,8.617999999999999,8.632363636363635,8.556743383667676,4.279111421063657,4.280808562141893,4.276007081199646,8.340499999999999,8.504,8.359669515150044,4.27593915506313,4.280924908853001,4.223727484006643,7.937666666666667,8.28705376344086,8.269901212882944,4.145478440534321,4.242435304248292,4.161835622409199,8.269333333333334,8.09872131147541,8.436130694250227,3.9752709705155853,4.065422024534717,4.04132037645231,6.845539276134827
2005-08-25,sz000901,8.55,8.64,8.64,8.39,14322,5225245.5,2.91,0.58,0.05,2.13,4.156003669390398,-0.1252115632209181,8.630000000000004,8.641333333333334,8.633705107019539,4.212538736664899,4.218201081897183,4.236887512831214,8.608999999999998,8.636363636363637,8.571880950273552,4.265265165386538,4.258425334564937,4.25418827905251,8.373999999999999,8.532523809523811,8.386367656564325,4.259550705008634,4.269502481646074,4.217277596900334,7.990666666666667,8.33236559139785,8.29377855398727,4.165913567886862,4.243114351271266,4.161459367375728,8.265666666666666,8.11087431693989,8.442814933783007,3.9814169003332256,4.071347686792908,4.045080484417493,6.718106699910479
2005-08-26,sz000901,8.5,8.84,9.0,8.46,21342,7967524.0,6.25,2.31,0.2,3.18,4.329235115569424,0.17323144617902564,8.692000000000004,8.711333333333334,8.70247007134636,4.228199345738762,4.257099874865357,4.267670047077284,8.663,8.678363636363635,8.620629868405633,4.267454051406554,4.270056234598189,4.267833158419221,8.4175,8.576904761904762,8.429570736891531,4.247684694242952,4.276139092175673,4.227940217725961,8.059333333333333,8.38716129032258,8.329018647278414,4.17849235316823,4.253651225315302,4.172283609194676,8.2645,8.129704918032786,8.455837394970448,3.994494750634449,4.082751562702291,4.054397029701163,6.9013233803418
2005-08-29,sz000901,8.79,8.64,8.84,8.57,13022,4856802.5,3.05,-2.26,-0.2,1.94,4.114677691010878,-0.21455742455854576,8.692000000000004,8.694,8.681646714230908,4.249850233439409,4.219259323289396,4.216672595055149,8.668,8.674181818181818,8.624151710513699,4.268819326472373,4.242278714526248,4.239986709799522,8.459,8.598095238095238,8.449611619092337,4.252429542273314,4.263471758534522,4.2171533104197625,8.12,8.424623655913978,8.349081960357227,4.184677867646771,4.249534150337407,4.168567098344109,8.258166666666666,8.142016393442622,8.461875513168138,4.002077277230667,4.086691986976929,4.056373444826072,6.68635044341454
2005-08-30,sz000901,8.57,8.84,9.04,8.44,26488,10023921.0,6.94,2.31,0.2,3.94,4.423049167744012,0.30837147673313403,8.710000000000004,8.743333333333334,8.734431142820606,4.260836175265206,4.276992301390931,4.285464785951437,8.699000000000002,8.705454545454545,8.663396854056662,4.3012702534474885,4.270320503848364,4.2732707930621565,8.504999999999999,8.634380952380951,8.486791464893066,4.274477488695725,4.2797212466745895,4.2367624396887384,8.184333333333333,8.471075268817204,8.380754091947082,4.214572506443516,4.264912943892068,4.18498529636991,8.254833333333334,8.161092896174862,8.474273037326558,4.0096014213558995,4.100494344042939,4.06839559967584,7.001037635260707
2005-08-31,sz000901,8.84,9.35,9.38,8.73,61614,24300430.0,7.35,5.77,0.51,9.17,4.789679404241183,0.36663023649717097,8.862000000000004,8.956666666666667,8.939620761880404,4.36252900959118,4.453273377716257,4.453536325381353,8.73,8.823818181818181,8.788233789682723,4.320904048052381,4.359122167629036,4.367163267821979,8.5755,8.714857142857143,8.569001801569918,4.300072978403601,4.328788095774157,4.289421198217543,8.263333333333332,8.546279569892473,8.443286086015013,4.252067488546786,4.302016614717725,4.223997819458379,8.249166666666667,8.197000000000001,8.502985396758474,4.017112843952504,4.126070671350654,4.092044249005852,7.385613958576705
2005-09-01,sz000901,9.27,9.4,9.49,9.11,39907,16023739.0,4.06,0.53,0.05,5.94,4.601049081018389,-0.18863032322279416,9.014000000000003,9.136,9.09308050792027,4.451538091916777,4.532780068191993,4.502707243927032,8.822,8.945636363636364,8.89946400974041,4.332038414290838,4.41005762816831,4.409687961130417,8.6575,8.793380952380954,8.648144487134688,4.33259502121531,4.357452486499375,4.319100044198576,8.343333333333332,8.619612903225807,8.505009564336625,4.2830356097466336,4.324531556167505,4.248323707300961,8.243166666666665,8.234732240437157,8.532395711618852,4.021547391991906,4.145216121746256,4.108732932022656,7.204763862409901
2005-09-02,sz000901,9.42,9.67,9.83,9.24,40860,16831690.0,6.28,2.87,0.27,6.08,4.611298362296429,0.010249281278039923,9.180000000000003,9.354666666666667,9.28538700528018,4.507950741262179,4.586033491651877,4.5389042833834985,8.936,9.099818181818183,9.03956146251488,4.36807504350047,4.460832164169327,4.4463443977060555,8.7415,8.889809523809523,8.745464059788528,4.352609254799939,4.3839956618404345,4.34692845544599,8.425666666666666,8.705204301075268,8.58017023760523,4.299718044821349,4.345709798267492,4.271741426978088,8.247333333333334,8.281513661202187,8.56969421287725,4.0308248421894834,4.164552219133291,4.125210487113599,7.2261277238680615
2005-09-05,sz000901,9.87,9.74,10.34,9.69,48043,20687770.0,6.72,0.72,0.07,7.15,4.681630118688533,0.07033175639210398,9.400000000000002,9.541333333333334,9.436924670186787,4.621341226797709,4.643926617460663,4.586479561818511,9.046,9.245999999999999,9.16691392387581,4.435595730118559,4.517842177839884,4.489123619702869,8.821,8.984904761904764,8.840181768380097,4.370556026219022,4.415330982210777,4.378804804326233,8.505666666666666,8.79,8.654997964211345,4.3199183839133415,4.3703492869040845,4.298185858701343,8.245833333333334,8.33045355191257,8.60806489442226,4.038522983150187,4.185890097051292,4.143453753722613,7.315713679216225
2005-09-06,sz000901,9.67,9.2,9.96,9.09,43142,17815082.0,8.93,-5.54,-0.54,6.42,4.63490027448999,-0.04672984419854309,9.472000000000003,9.474666666666668,9.357949780124525,4.663711448146905,4.648446300024755,4.60261979937567,9.091,9.274,9.172929574080207,4.462273811706056,4.554079367725598,4.515628466027799,8.8635,9.020999999999999,8.874450171391516,4.389753217976927,4.440506624903249,4.403194849103734,8.559333333333333,8.834795698924731,8.69015938587513,4.332851982391221,4.390670699199353,4.319909369397385,8.240666666666666,8.361737704918033,8.627472602801857,4.04230744400396,4.205443450865711,4.159566754403511,7.25078782568033
2005-09-07,sz000901,9.11,9.62,9.62,9.11,24857,10000336.0,5.54,4.57,0.42,3.7,4.395448712315872,-0.23945156217411778,9.526000000000003,9.524,9.44529985341635,4.584865309761843,4.559025388081078,4.533562770355738,9.193999999999999,9.370181818181818,9.254215106065622,4.473697159676511,4.541929349654656,4.493777601716539,8.906,9.093047619047619,8.945454916973276,4.376404290370084,4.44104905293553,4.402457121790604,8.625,8.903225806451616,8.750149102915445,4.341858489934256,4.394709197904169,4.324782875392126,8.253333333333334,8.406961748633881,8.660014484677205,4.047794066509742,4.217021853105446,4.167300589089162,7.000014592049447
2005-09-08,sz000901,9.69,9.74,9.94,9.51,35441,14891755.0,4.47,1.25,0.12,5.27,4.549505967401098,0.15405725508522572,9.594000000000003,9.595333333333334,9.5435332356109,4.574556687038385,4.547238940627496,4.538877169370858,9.304,9.469454545454546,9.342539632235509,4.513047389477581,4.5557127692409445,4.503910031841004,8.9565,9.17247619047619,9.021125877261536,4.389156277432059,4.457534926938483,4.416461773753508,8.684,8.97516129032258,8.81401045111445,4.344049599831616,4.408105809353642,4.339281139392705,8.267666666666667,8.455704918032787,8.69542384583533,4.057961343785701,4.233471423626474,4.179831912968242,7.172945882567619
2005-09-09,sz000901,9.76,9.58,9.85,9.49,15734,6541542.5,3.7,-1.64,-0.16,2.34,4.1968391458331125,-0.35266682156798534,9.576000000000002,9.590666666666667,9.5556888237406,4.491664843745721,4.421333093559072,4.4248644948582765,9.378,9.519636363636362,9.385714244556326,4.499807792503949,4.498220361305586,4.4480789616577505,9.0205,9.231857142857143,9.074351984189008,4.383630921955253,4.439219009643346,4.395545332999185,8.737666666666666,9.032967741935483,8.863429131687711,4.331725726996618,4.398608360708578,4.330091333356602,8.280833333333334,8.498732240437157,8.724426342693189,4.066929090868848,4.238024794185406,4.180389527160533,6.815680167322859
2005-09-12,sz000901,9.67,9.98,10.16,9.56,33245,14199928.0,6.26,4.18,0.4,4.95,4.52172633728741,0.32488719145429723,9.624000000000004,9.725333333333333,9.697125882493733,4.459684087465496,4.431353591406302,4.457151775667988,9.512,9.629090909090907,9.493766200091539,4.540512657131603,4.502205551266216,4.4614693935904155,9.09,9.323238095238093,9.160604176171006,4.404665991801988,4.452370953960694,4.407562571502826,8.81,9.113118279569893,8.935465961901409,4.348457247226077,4.410866464598306,4.3424548819973,8.295666666666667,8.554442622950818,8.765592692113083,4.076898615522512,4.252936179313883,4.191580897984364,7.152286142320945
2005-09-13,sz000901,10.09,10.16,10.16,9.91,29133,12587038.0,2.51,1.8,0.18,4.34,4.464385208841898,-0.05734112844551209,9.816000000000003,9.904,9.851417254995823,4.425581074335878,4.432920631865102,4.459562920059291,9.644,9.746909090909089,9.614899618256713,4.544646261241391,4.488364197031724,4.461999541817957,9.171499999999998,9.425142857142857,9.255784730821386,4.4229582573444395,4.4580584984406855,4.412974251249405,8.884666666666668,9.200215053763442,9.014468157907771,4.364533746210947,4.418345687928359,4.350321354696952,8.317666666666666,8.615568306010928,8.811310964502818,4.089846219649632,4.265640657783371,4.200525301619037,7.099923543324705
2005-09-14,sz000901,10.16,10.16,10.18,9.98,20987,9120140.0,1.97,0.0,0.0,3.12,4.321950362519417,-0.14243484632248027,9.924000000000003,10.018666666666666,9.954278169997217,4.410881404376587,4.398377061259614,4.413692067546,9.725,9.840727272727273,9.714008778573673,4.497873357069215,4.447874033627729,4.436536054672768,9.2275,9.519285714285715,9.341900470743159,4.409388702560798,4.448438698933542,4.404305309465596,8.958666666666666,9.282494623655912,9.088373438042755,4.366006437958805,4.415598372851486,4.348490968104853,8.337,8.67597267759563,8.85553027714207,4.1011135044410585,4.27325062968074,4.204506451156754,6.960001505078504
2005-09-15,sz000901,10.16,10.27,10.52,10.05,26822,11957627.0,4.63,1.08,0.11,3.99,4.428491158175518,0.10654079565610086,10.030000000000003,10.133999999999999,10.059518779998145,4.386678442531471,4.4042469791925924,4.4186250977558394,9.812000000000001,9.93981818181818,9.815098091560277,4.480617564784928,4.4352590883743295,4.435073346218722,9.317,9.618571428571428,9.430290902100953,4.406327989537884,4.450257980420657,4.406608723628446,9.042333333333334,9.36709677419355,9.164607409781931,4.381935869071849,4.419629645123533,4.353652270690057,8.361666666666666,8.739349726775957,8.901906333629213,4.114612173275315,4.283984323245805,4.211850212042615,7.077645002139135
2005-09-16,sz000901,10.23,10.32,10.43,10.14,18437,8182969.0,2.82,0.49,0.05,2.74,4.265690255685065,-0.16280090249045287,10.178000000000003,10.230666666666668,10.146345853332097,4.4004486645018615,4.363917583577123,4.367646817065582,9.876999999999999,10.032181818181817,9.906898438549318,4.446056754123791,4.396181395810718,4.404276420667148,9.4065,9.714095238095238,9.515025101900862,4.407065898812131,4.436863910529913,4.393187917157649,9.12,9.449526881720429,9.239148867215356,4.3837584212412235,4.4121299281308355,4.347977301980058,8.386,8.80355737704918,8.948401207936453,4.126859681226458,4.288937702996945,4.213615459375154,6.912910905917092
2005-09-19,sz000901,10.43,10.61,10.74,10.39,31262,14327205.0,3.39,2.81,0.29,4.65,4.495016758749676,0.22932650306461078,10.304000000000002,10.374666666666666,10.300897235554732,4.395106748794315,4.395440281659729,4.410103464293614,9.964,10.165454545454546,10.034735086085805,4.4273954181299064,4.405083214833605,4.42077466395488,9.504999999999999,9.828714285714284,9.61930842552935,4.431495574124233,4.445240182904916,4.402885902071175,9.202,9.545655913978496,9.327590875782107,4.389502490189316,4.419307885389446,4.357463718545841,8.410333333333334,8.876475409836067,9.00287985685657,4.135005759682796,4.3010084268501645,4.222841731485794,7.1561614750121025
2005-09-20,sz000901,10.65,11.12,11.33,10.47,53728,25472046.0,8.11,4.81,0.51,8.0,4.730200674457954,0.23518391570827824,10.496000000000002,10.646666666666667,10.573931490369823,4.448269841917527,4.507138256880942,4.516802534348394,10.156,10.375636363636364,10.232055979524748,4.436925458126702,4.46013871598416,4.477033938591802,9.6235,9.982523809523808,9.762231432621792,4.449599634916378,4.473688287698605,4.434058737536582,9.294333333333332,9.669397849462367,9.443230174118746,4.405477298026852,4.441288413406777,4.381511264088558,8.448666666666666,8.965316939890709,9.0722936320416,4.151570490792027,4.320523014219842,4.239476450927503,7.406063830351236
2005-09-21,sz000901,11.17,11.08,11.73,11.01,57397,28339870.0,6.47,-0.36,-0.04,8.54,4.7588891934869215,0.028688519028967185,10.680000000000001,10.841333333333333,10.742620993579884,4.535657608111028,4.610678040737407,4.59749808739457,10.302,10.543636363636363,10.386227619611159,4.473269506243808,4.518677576958746,4.528280348572733,9.748000000000001,10.121238095238095,9.887733200943527,4.473483332960159,4.503144436133894,4.464994971436615,9.371333333333332,9.784602150537633,9.548828227401408,4.408692695661325,4.464089180855815,4.405858227275549,8.486333333333333,9.051590163934426,9.138120070335317,4.172889990092816,4.3404351028327905,4.256506376913058,7.45239785373035
2005-09-22,sz000901,11.08,10.68,11.28,10.39,39788,18665186.0,8.03,-3.61,-0.4,5.92,4.599752109269689,-0.1591370842172326,10.762000000000004,10.841333333333333,10.721747329053256,4.569909798329862,4.63204287445696,4.59824942801961,10.395999999999999,10.612363636363636,10.439640779681856,4.478294120430666,4.541674413872542,4.541275214153997,9.85,10.21,9.963187181806049,4.495670754954123,4.515170033877658,4.4778289845635735,9.436333333333332,9.869032258064514,9.621807051440028,4.418868891764928,4.476415594637,4.418367509984849,8.521166666666666,9.123513661202185,9.18867351065219,4.189671813861793,4.354430582150064,4.267760335350981,7.271032322061474
2005-09-23,sz000901,10.47,10.74,11.12,10.43,34075,15938225.0,6.46,0.56,0.06,5.07,4.532435864506711,-0.06731624476297782,10.846000000000002,10.834,10.727831552702172,4.623258920094191,4.619551563182577,4.57631157351531,10.512,10.674909090909091,10.494251547012427,4.511853792298026,4.551518367340914,4.539668059672673,9.945,10.294761904761906,10.037169354967379,4.505830792400988,4.518671472882667,4.4830296397962535,9.517666666666667,9.953139784946236,9.693948531992286,4.426371878736177,4.483742496104211,4.4257267586636795,8.567833333333333,9.196262295081967,9.239536674237364,4.19978366948797,4.365668747744979,4.276438221552808,7.202439953469826
2005-09-26,sz000901,10.88,11.71,11.73,10.65,51090,24841720.0,10.06,9.03,0.97,7.6,4.708335902682263,0.175900038175552,11.066000000000003,11.122000000000002,11.055221035134782,4.665922748880708,4.647910557378602,4.6203196832376285,10.684999999999999,10.892727272727273,10.715296720282893,4.530514748837511,4.587242387410775,4.570334940219871,10.0985,10.462857142857143,10.1964865592562,4.535513702984557,4.537957673861835,4.50448737911873,9.621666666666666,10.094580645161289,9.824016368637945,4.446615577480497,4.501933723455571,4.443959606664879,8.632833333333334,9.299284153005464,9.320535471803352,4.218373375006877,4.382342591456268,4.29059880126197,7.3951816623841005
2005-09-27,sz000901,11.66,11.12,12.36,11.06,89461,45963560.0,11.1,-5.04,-0.59,13.31,4.9516337484314805,0.24329784574921742,11.066000000000003,11.139999999999999,11.07681402342319,4.710209363675413,4.743147557228858,4.730757704968913,10.781,10.971818181818183,10.788879134776911,4.57923960279647,4.663809478246042,4.639661996258345,10.2125,10.560142857142855,10.284440220279421,4.561942932018931,4.577588154380591,4.547072747624706,9.708,10.19124731182796,9.907628215822594,4.475052039161783,4.53451554093628,4.476712777101434,8.6895,9.380830601092898,9.379534308793406,4.242232432012187,4.406383915175107,4.3122720782183475,7.662413658581951
2005-09-28,sz000901,11.1,10.05,11.12,10.05,55489,24798792.0,9.62,-9.62,-1.07,8.26,4.744206898207656,-0.20742685022382457,10.860000000000003,10.801333333333332,10.734542682282127,4.707272904619559,4.754480068739607,4.735240769381828,10.77,10.838909090909093,10.654537473908382,4.621465256365293,4.693803531957168,4.658670160249129,10.2475,10.544666666666668,10.26211258025281,4.559669306717254,4.594946627350946,4.5658474286326065,9.741666666666667,10.21331182795699,9.916813492221138,4.4800808871622975,4.5518803705521425,4.493970462334094,8.726833333333332,9.425437158469947,9.40151679047231,4.262665036127173,4.422842094394631,4.326433875595046,7.394430525966871
2005-09-29,sz000901,9.33,10.16,10.18,9.31,43040,18173682.0,8.66,1.09,0.11,6.4,4.633872262658333,-0.11033463554932332,10.756000000000004,10.568000000000001,10.543028454854753,4.714096935297289,4.730013188085865,4.701451267140663,10.759,10.728,10.564621569561403,4.642003366813575,4.696059351283174,4.654161451596257,10.2855,10.536333333333333,10.252387572609685,4.5613104657992505,4.6020135755358105,4.572325984254104,9.797666666666665,10.240301075268817,9.932502944335905,4.48488644862978,4.561802394777693,4.502996384935657,8.765333333333334,9.472426229508196,9.426385092424038,4.284406275848795,4.435012823133357,4.336513822711875,7.259442924571924
2005-09-30,sz000901,10.03,10.14,10.43,9.69,36907,16076676.0,7.28,-0.2,-0.02,5.49,4.567108744832694,-0.06676351782563827,10.636000000000005,10.362666666666666,10.408685636569835,4.721031511362485,4.681017124597665,4.65667042637134,10.741,10.615454545454545,10.487417647822966,4.672145215728338,4.682442147286651,4.638333686730154,10.309,10.522476190476192,10.241683994265905,4.559100984926064,4.602565792586614,4.571829104309208,9.851333333333335,10.262387096774194,9.945889851152945,4.495425671117533,4.567107059048849,4.507132666219338,8.810833333333333,9.517497267759563,9.449782302508495,4.300400504542428,4.444281756542665,4.344074311961737,7.20619625933247
2005-10-10,sz000901,10.32,9.98,10.61,9.96,26495,11730812.0,6.41,-1.58,-0.16,3.94,4.423163923850348,-0.1439448209823464,10.290000000000003,10.144000000000002,10.26579042437989,4.663997115596102,4.581727928760287,4.57883492553101,10.678,10.47709090909091,10.395159893673334,4.664959932238405,4.637172821490653,4.599211911661098,10.321000000000002,10.491142857142858,10.216761709097725,4.546177675184156,4.589619405817499,4.5576705156940776,9.895999999999999,10.27068817204301,9.948090505917271,4.509317026828956,4.562445010838063,4.501715328001984,8.864166666666668,9.555830601092895,9.467166489311495,4.310631731586996,4.448306786683909,4.346667413990872,7.069328074768045
2005-10-11,sz000901,10.0,10.16,10.21,9.44,35934,15179657.0,7.72,1.8,0.18,5.35,4.555505563467852,0.13234163961750411,10.098000000000003,10.100666666666665,10.230526949586594,4.584771478603376,4.54556407805087,4.571058471509957,10.581999999999999,10.38290909090909,10.352403549369091,4.647490421139395,4.617272027168734,4.591265302898689,10.369,10.475809523809524,10.211355832040798,4.542207939633048,4.590507776130233,4.557464329767771,9.943000000000001,10.287720430107528,9.961762086180675,4.515563230324051,4.56542491642767,4.5051856657739755,8.915666666666668,9.598316939890712,9.489882342120953,4.322254892108292,4.456335436909511,4.35351456643274,7.181261958338759
2005-10-12,sz000901,10.3,9.65,10.39,9.49,49600,20982220.0,8.86,-5.02,-0.51,7.38,4.695481676490197,0.13997611302234514,10.018000000000004,9.951333333333334,10.037017966391064,4.575026434259884,4.582467477346477,4.6125328731700375,10.439,10.213454545454546,10.224693813120165,4.641149669439722,4.6259977099597895,4.610213734460781,10.3705,10.407333333333334,10.157893371846438,4.557209587841765,4.605105274878532,4.570608838979431,9.978333333333332,10.268817204301076,9.941648403201278,4.529372111786681,4.577032558115808,4.517462827755668,8.958,9.62239344262295,9.495132101395676,4.3374252761605,4.468572380659737,4.364726602828067,7.321851436323864
2005-10-13,sz000901,9.53,9.53,9.71,9.47,26016,10704689.0,2.49,-1.24,-0.12,3.87,4.415240523913974,-0.28024115257622295,9.892000000000005,9.788666666666668,9.868011977594042,4.531300086511013,4.529205507231174,4.54676875675135,10.324000000000002,10.048181818181817,10.098385847098315,4.622698510904151,4.584923319864198,4.574764059815907,10.360000000000001,10.327285714285715,10.098094003099158,4.5504963156674085,4.591584411647314,4.5558118565922445,10.008000000000001,10.23989247311828,9.915090441704422,4.538013340270799,4.569669229865957,4.510867840411043,8.999333333333333,9.641147540983606,9.496275311185983,4.35196345407883,4.471123700258212,4.366382796962031,7.029574054391236
2005-10-14,sz000901,9.56,9.58,9.87,9.38,25860,10743249.0,5.14,0.52,0.05,3.85,4.412628520544375,-0.002612003369598881,9.780000000000005,9.684666666666667,9.772007985062697,4.500404041653349,4.489648318575628,4.502055344682359,10.208,9.91290909090909,10.00413387489862,4.610717776507917,4.546728776162421,4.545284870857446,10.36,10.253,10.048751717089713,4.561285784402972,4.57845414544512,4.54217534839721,10.032666666666668,10.212279569892473,9.893471703529942,4.540793120436631,4.561579886657801,4.5045298197744845,9.046,9.660185792349726,9.499020382950377,4.359642736802431,4.473112718830853,4.367899050194239,7.03113564164172
2005-10-17,sz000901,9.65,9.71,10.03,9.58,30196,12691659.0,4.7,1.36,0.13,4.49,4.479949416699446,0.06732089615507064,9.726000000000003,9.661333333333335,9.751338656708466,4.511761140223169,4.482830110257661,4.494686702021388,10.008,9.822363636363637,9.950654988553417,4.587879127909636,4.522952710742699,4.533405697374173,10.3465,10.191095238095237,10.016489648795455,4.5591969383735735,4.570707824711451,4.536249069187899,10.068333333333332,10.191462365591397,9.881634819431238,4.552968844626251,4.557654486416691,4.50294398731803,9.094166666666666,9.681956284153005,9.505937747443806,4.36882335613651,4.477057200138951,4.371572832702607,7.103518394943674
2005-10-18,sz000901,9.71,9.42,9.76,9.11,35230,14123388.0,6.69,-2.99,-0.29,5.24,4.546912643181242,0.06696322648179631,9.578000000000003,9.559333333333335,9.640892437805643,4.510042556165847,4.4945472779103515,4.512095349074674,9.838,9.715454545454547,9.854172263361885,4.547407017384612,4.5155042589739,4.53586150570273,10.3095,10.102857142857143,9.959681110814936,4.56332331009054,4.56953789183599,4.537264647663456,10.087666666666667,10.149634408602152,9.851851927855028,4.557097627140824,4.557263763742819,4.505780674793076,9.136,9.692639344262295,9.503120116380073,4.38583506679217,4.482896193156812,4.377321678947808,7.149938890285745
2005-10-19,sz000901,9.4,9.18,9.49,9.15,21899,8781298.0,3.61,-2.55,-0.24,3.26,4.340424283589086,-0.20648835959215628,9.484000000000004,9.426666666666668,9.487261625203763,4.439031077585625,4.438007853718097,4.454871660579478,9.751000000000001,9.595818181818181,9.73159548820518,4.5070287559227555,4.477871034647441,4.500327465318431,10.2605,9.995285714285716,9.8854257669278,4.564247006144024,4.548309413121566,4.51851794632304,10.081999999999999,10.091075268817203,9.808506642186963,4.542122456452421,4.543284838352385,4.495112520521851,9.172666666666666,9.694081967213114,9.492526014203676,4.397094972499603,4.481407315019005,4.376111928280309,6.943558715515783
2005-10-20,sz000901,9.15,8.82,9.18,8.59,28752,10873244.0,6.43,-3.92,-0.36,4.28,4.458668059764898,0.11824377617581217,9.342000000000002,9.205333333333332,9.264841083469175,4.44771658475581,4.444553514444522,4.456137126974618,9.617,9.426545454545455,9.565850853986056,4.489508335633412,4.469078180800558,4.492753027945062,10.187999999999999,9.858095238095236,9.783956646268008,4.565755851223493,4.538254275371173,4.512817957127026,10.062666666666667,10.009655913978497,9.744732020110384,4.537376422410637,4.537900683727383,4.492761264989145,9.203,9.68251912568306,9.470475980951097,4.410206016078636,4.4834261047654085,4.37881868668964,7.036359133885291
2005-10-21,sz000901,8.77,8.88,8.95,8.73,19309,7348301.0,2.49,0.68,0.06,2.87,4.285759782545442,-0.1729082772194559,9.202000000000002,9.051333333333334,9.136560722312783,4.422342837156023,4.3905679137077325,4.39934467883156,9.491000000000001,9.292545454545454,9.441150698715864,4.461373439404686,4.432032989330018,4.455117892417858,10.116000000000001,9.73352380952381,9.697865537099625,4.566759327566513,4.511587983116121,4.491193369071636,10.036333333333333,9.933354838709676,9.688942857522617,4.526525136418939,4.521667352123178,4.479406330637938,9.231,9.671928961748634,9.451116112723192,4.413121590620144,4.479345900387271,4.3757675750783545,6.866186937503354
2005-10-24,sz000901,8.82,8.88,8.95,8.66,19055,7216658.0,3.27,0.0,0.0,2.84,4.280008953108186,-0.005750829437256577,9.036000000000003,8.944,9.051040481541856,4.382354744437771,4.343123285691787,4.359566103590435,9.381,9.181454545454546,9.339123298949342,4.44705794233047,4.3990576281852,4.423279903452463,10.0295,9.615809523809524,9.619973581185375,4.556008937284437,4.4842784236439,4.471080567551308,10.007666666666665,9.858752688172043,9.636752995746965,4.513137764232927,4.505763082232161,4.466541983700535,9.256666666666666,9.660420765027323,9.43239099427325,4.416528074073133,4.474981551616387,4.372627948128512,6.858336124414834
2005-10-25,sz000901,8.86,8.84,9.13,8.82,22221,8552169.0,3.49,-0.45,-0.04,3.31,4.346763599371257,0.06675464626307104,8.920000000000005,8.878666666666668,8.980693654361238,4.342324935675774,4.331259570669616,4.3552986021840425,9.249,9.08309090909091,9.24837360823128,4.42618374592081,4.380822293101707,4.409367848164971,9.9155,9.50252380952381,9.545690382977243,4.536837083530103,4.464350296223596,4.4592408562960655,9.995666666666667,9.78341935483871,9.585349576666516,4.503533208395637,4.495029265144311,4.458814346001872,9.2775,9.64675956284153,9.412968338723307,4.418192595393429,4.4726941917900955,4.371779936693848,6.932076274408655
2005-10-26,sz000901,8.86,8.21,8.86,8.17,21336,7715693.0,7.81,-7.13,-0.63,3.18,4.32911300268182,-0.017650596689437137,8.726000000000003,8.642,8.72379576957416,4.340062679494321,4.326855593004964,4.346570069016635,9.105,8.894181818181819,9.059578406734683,4.3895468785399725,4.363173067058254,4.394776058077125,9.772,9.340095238095238,9.41848177507465,4.515348273989848,4.444567050428522,4.446847727380423,9.948666666666666,9.668215053763442,9.496617345913839,4.5013220180745,4.483776348646645,4.450446517400579,9.286833333333334,9.61175956284153,9.373526753847132,4.421590254004379,4.469773549406109,4.370381020824601,6.887374939156086
2005-10-27,sz000901,8.17,8.01,8.23,7.83,17133,5858880.0,4.87,-2.44,-0.2,2.55,4.233833414884434,-0.09527958779738555,8.564000000000004,8.403333333333332,8.485863846382774,4.295095750518228,4.291445838135002,4.308991184305901,8.953,8.69509090909091,8.868745969146559,4.371406167637018,4.334861528211793,4.365513759314817,9.6385,9.172285714285715,9.284340653638969,4.497052339270585,4.417756111466101,4.426560649999853,9.890999999999998,9.543139784946238,9.400706549403269,4.490799599657279,4.466519019408575,4.43647147852857,9.2875,9.569896174863388,9.32882095863903,4.4174245997444475,4.463617587467749,4.365904050138038,6.767814602996162
2005-10-28,sz000901,7.99,7.7,8.08,7.65,15437,5176273.0,5.37,-3.87,-0.31,2.3,4.188562904157906,-0.0452705107265281,8.328000000000003,8.115333333333334,8.22390923092185,4.27565637484072,4.255934889348228,4.26884842425657,8.765,8.467272727272729,8.656246702029001,4.3489996059983715,4.301617298488317,4.3333408765590145,9.4865,8.987666666666666,9.133451067578115,4.479858691253144,4.388376165264894,4.403894198014906,9.828333333333335,9.401784946236559,9.290983546215962,4.490523724934771,4.447019877763457,4.420477376956269,9.283,9.51784699453552,9.275416992782013,4.411124725965695,4.456113925317371,4.360089586335411,6.714017173237726
2005-10-31,sz000901,7.67,7.81,7.9,7.63,10859,3600290.25,3.51,1.43,0.11,1.62,4.035789833127757,-0.1527730710301487,8.114000000000003,7.942666666666667,8.085939487281234,4.226812550844635,4.175979375443907,4.191162227213632,8.575,8.293636363636363,8.502383665296456,4.304583647641203,4.244670067057296,4.27924068684424,9.291500000000001,8.828000000000001,9.007408108761153,4.44623138777542,4.3460838930624766,4.3688366394542255,9.755999999999998,9.271569892473119,9.195436220653642,4.474325841462783,4.417682207324295,4.395658825741526,9.283,9.469551912568305,9.227370534002274,4.411391544344429,4.443807863257112,4.349456807541717,6.556337514348424
2005-11-01,sz000901,7.81,7.63,7.81,7.34,16924,5422530.0,6.02,-2.3,-0.18,2.52,4.228503016659257,0.1927131835314997,7.8720000000000026,7.781333333333333,7.933959658187489,4.203160434302235,4.176542864048781,4.203609157028841,8.396,8.121818181818181,8.343768453424373,4.272742684989004,4.230837225060578,4.270015655901515,9.117,8.669761904761904,8.876226384117233,4.410074851186808,4.3253478577180795,4.3554715325213715,9.671666666666669,9.134408602150536,9.094440335450182,4.466463101723362,4.401822670240195,4.384874579994283,9.278166666666667,9.415355191256829,9.174997729608757,4.415498423967154,4.437811518087106,4.345491109479997,6.734201963415307
2005-11-02,sz000901,7.63,8.01,8.15,7.59,26589,8992691.0,7.34,4.98,0.38,3.96,4.424702004023985,0.19619898736472763,7.8320000000000025,7.827333333333333,7.95930643879166,4.222278234570668,4.250390053956031,4.277306772693889,8.279,8.051636363636364,8.283083280074486,4.281170457032494,4.258466192157848,4.298140446469237,9.015,8.564333333333334,8.793728633248925,4.394099606477624,4.326740919893049,4.362064910759716,9.6,9.027204301075267,9.024476442840495,4.469888156440181,4.399128405872494,4.387444091222006,9.279333333333334,9.373775956284152,9.136801082736339,4.417947297199492,4.43811327481028,4.348088187989635,6.9538896707735764
2005-11-03,sz000901,8.08,8.01,8.21,7.94,22652,7793483.0,3.37,0.0,0.0,3.37,4.355106552954491,-0.06959545106949339,7.832000000000003,7.886666666666667,7.976204292527774,4.246532862184679,4.294666160083972,4.3032400327807565,8.198,8.002727272727272,8.233431774606396,4.270814306351453,4.271909118689121,4.308497920375647,8.9075,8.468619047619049,8.719087811034742,4.380161320992433,4.3230272957479885,4.361402210016362,9.524666666666667,8.924623655913978,8.959026349754012,4.467442002932813,4.3917231411314805,4.3853577984305545,9.2835,9.332158469945355,9.099856784941705,4.4246889360023305,4.436052922539952,4.348318298316351,6.891731592411975
2005-11-04,sz000901,8.01,8.17,8.23,7.94,16964,5857877.5,3.62,2.0,0.16,2.52,4.229528263787672,-0.12557828916681935,7.926000000000002,7.999333333333334,8.040802861685183,4.254725934110633,4.288997960618303,4.278669443116395,8.126999999999999,7.997636363636363,8.22189872467796,4.265191154475676,4.264402565495705,4.294139800996015,8.809000000000001,8.398380952380954,8.666793733793337,4.363282296940182,4.3086812902999165,4.34884278656601,9.453000000000001,8.837225806451611,8.908121423963431,4.4662366032029,4.376373867638247,4.375304280066498,9.286499999999998,9.295650273224044,9.069369677238699,4.424997512222062,4.429654211975538,4.344423543085902,6.767740285469462
2005-11-07,sz000901,8.19,8.32,8.35,8.08,16496,5801504.5,3.3,1.84,0.15,2.45,4.217378647939442,-0.012149615848230155,8.028000000000002,8.130666666666666,8.13386857445679,4.291043697072969,4.276548865227906,4.258239178057411,8.071000000000002,8.032727272727273,8.239735320191057,4.2589281239588015,4.255709382489116,4.280183227713001,8.725999999999999,8.351809523809525,8.633765759146353,4.352993033144636,4.294785704680798,4.336322392411098,9.376666666666667,8.764129032258065,8.870178106288371,4.456981999509226,4.360318515685765,4.365115529606688,9.289333333333333,9.263961748633879,9.044800179624314,4.423242244849272,4.422847036097419,4.340258136687657,6.763540633445409
2005-11-08,sz000901,8.32,8.64,8.75,8.19,42131,15379138.0,6.73,3.85,0.32,6.27,4.624601767442247,0.4072231195028051,8.230000000000002,8.334666666666667,8.30257904963786,4.370263447229567,4.387734888684332,4.38036004118569,8.050999999999998,8.136181818181818,8.312510716519956,4.286711940765901,4.322195499486107,4.342804780391046,8.65,8.343619047619049,8.634359496370509,4.356447843343355,4.3206532031853335,4.363777570985493,9.294,8.716602150537636,8.85532790588267,4.453462035942036,4.371132694262089,4.381856577208982,9.294166666666666,9.242672131147543,9.03152804258745,4.429469666984444,4.429448987657844,4.349580878679611,7.186931993961206
2005-11-09,sz000901,8.66,8.57,8.71,8.41,21384,7805880.0,3.47,-0.81,-0.07,3.18,4.330088945748481,-0.2945128216937656,8.342000000000002,8.448,8.39171936642524,4.351340835574467,4.3743433881906375,4.363603009373287,8.087,8.230545454545455,8.359326949879962,4.286809535072567,4.330082227664758,4.340492810456034,8.596,8.336000000000002,8.628230020525699,4.33817820680627,4.31814283198582,4.360569130486731,9.210333333333333,8.66989247311828,8.83691965389024,4.439168694350754,4.363173140056053,4.3785167300179815,9.290833333333333,9.218928961748633,9.01639597561737,4.423930695006039,4.4261906033550265,4.348941798911377,6.892421870575974
2005-11-10,sz000901,8.57,7.9,8.57,7.85,21063,7288969.0,8.4,-7.82,-0.67,3.13,4.323520227754337,-0.0065687179941438245,8.320000000000004,8.300666666666666,8.227812910950162,4.345023570534435,4.365069852250595,4.350242082166971,8.076,8.196545454545454,8.275812958992695,4.295778216359557,4.336756899061443,4.337406886328453,8.5145,8.269714285714285,8.558874780475632,4.333592191998288,4.316746833980874,4.357040663559836,9.117666666666668,8.585354838709678,8.776473224606999,4.429960964966909,4.355711948662736,4.374968568581617,9.277,9.173327868852459,8.979792828875816,4.424414928365918,4.422898456887757,4.348108304775081,6.8626661031772
2005-11-11,sz000901,7.83,8.06,8.21,7.74,14696,5029603.5,5.95,2.03,0.16,2.19,4.1671991432977515,-0.15632108445658588,8.298000000000004,8.214,8.171875273966775,4.332557746436452,4.305795043171699,4.289227769210564,8.112,8.193636363636365,8.236574239175841,4.293641840273542,4.313378885777479,4.306460023959234,8.438500000000001,8.226428571428572,8.51136289662081,4.3213207231359565,4.300899876961776,4.3389605187729705,9.028333333333334,8.517118279569894,8.730249145600096,4.417786407593278,4.338759573071178,4.361564089531045,9.273,9.133426229508196,8.94963568694546,4.422079143164726,4.414465152459292,4.342176856857791,6.701533749559038
2005-11-14,sz000901,8.01,8.08,8.19,7.97,12708,4367166.5,2.73,0.25,0.02,1.89,4.10407720615511,-0.06312193714264147,8.250000000000004,8.141333333333334,8.141250182644516,4.309897458079585,4.229634863077919,4.227510914858746,8.139,8.187818181818182,8.208106195689323,4.300470577576277,4.278912588665036,4.269663147994848,8.357000000000001,8.192285714285715,8.470280715990256,4.3025271126087405,4.2802100182016956,4.316590679476032,8.907333333333334,8.455935483870967,8.688297587819445,4.397644451042372,4.318520269752586,4.34495203253905,9.2645,9.094311475409839,8.921123041471837,4.422130014261433,4.404038859442584,4.334370310933113,6.640199749890837
2005-11-15,sz000901,8.06,8.1,8.19,7.99,15427,5333709.5,2.48,0.25,0.02,2.3,4.188281479522667,0.08420427336755676,8.142000000000003,8.091333333333333,8.127500121763012,4.22263340049567,4.189096203558946,4.214434436413386,8.186,8.180727272727273,8.18845052374581,4.296448423862619,4.258514570837107,4.2548664809999055,8.291,8.167809523809522,8.435015885895947,4.284595554425811,4.269329481717308,4.304370755670949,8.806666666666667,8.403849462365592,8.650342904734321,4.3721993754120785,4.305012981267444,4.33484425492509,9.257333333333333,9.056131147540984,8.894200974538334,4.423625707286931,4.396371694369181,4.32958051318195,6.727029358188757
2005-11-16,sz000901,8.12,8.44,8.59,8.12,41408,14765376.0,5.8,4.2,0.34,6.16,4.617084254652587,0.4288027751299204,8.116000000000003,8.190666666666665,8.231666747842008,4.28003246227649,4.320579821611251,4.34865104249312,8.229,8.226909090909091,8.234186792155663,4.315686648925478,4.316811994617102,4.320724258027665,8.254000000000001,8.182,8.435490563429665,4.2984285529789865,4.3009950722150965,4.334152993669201,8.752999999999998,8.380193548387096,8.636772394751462,4.367961953960243,4.320812005734574,4.353053287165574,9.247333333333334,9.029333333333334,8.879309139307567,4.42402142056127,4.402714597561498,4.339006865361315,7.169244510742074
2005-11-17,sz000901,8.41,8.37,8.44,8.21,16720,5955055.5,2.73,-0.83,-0.07,2.49,4.223236273102998,-0.3938479815495892,8.210000000000003,8.275333333333332,8.277777831894673,4.259975671346223,4.301647758553421,4.30684611936308,8.265,8.252545454545455,8.258880102672816,4.3024996209403295,4.300002835376651,4.302999169859543,8.2315,8.193047619047618,8.429253366912555,4.286656963645892,4.2938339027030965,4.32358949647242,8.693333333333333,8.355483870967742,8.619561272509433,4.354274087641731,4.311474865034106,4.344677995935731,9.2455,9.000568306010928,8.862610479002402,4.419580268135756,4.396131477972701,4.3352111082380915,6.774885813380749
2005-11-18,sz000901,8.37,8.5,8.62,8.28,22403,8132959.5,4.06,1.55,0.13,3.33,4.350306178879111,0.12706990577611332,8.298000000000002,8.372,8.351851887929783,4.296597078462495,4.331757927731051,4.3213328058684235,8.298,8.295272727272726,8.302720084005031,4.314577412449474,4.308694936820066,4.311600444226737,8.2125,8.218619047619049,8.43599114149231,4.289884283462575,4.299895732725308,4.326133942415914,8.638666666666667,8.343010752688173,8.611847642024955,4.347047335443278,4.3112188709203885,4.345041104512723,9.245,8.97612568306011,8.85072161083839,4.421236503280406,4.39386019635773,4.335706028586977,6.910248609633197
2005-11-21,sz000901,8.48,8.39,8.55,8.35,14200,5126769.0,2.35,-1.29,-0.11,2.11,4.152288344383057,-0.1980178344960546,8.360000000000003,8.402666666666667,8.364567925286522,4.306239306108084,4.283655016371237,4.264984652039969,8.305,8.312,8.31858915964048,4.308068382093834,4.279187833535262,4.282634607891522,8.187999999999999,8.23552380952381,8.431611032778758,4.283498253026318,4.286791357574878,4.309577218793737,8.585666666666667,8.326967741935484,8.597534890926571,4.3380181494610355,4.298653774722955,4.332605442568874,9.240833333333333,8.948092896174863,8.835615984253524,4.423667588144997,4.3850422239348665,4.329692334022914,6.709843749606301
2005-11-23,sz000901,8.15,8.17,8.28,7.99,12641,4405992.5,3.46,-2.62,-0.22,1.88,4.101781431327967,-0.0505069130550897,8.374000000000002,8.339333333333334,8.299711950191016,4.2889392964691435,4.215502391444532,4.2105835784693015,8.258,8.287454545454546,8.291572948796755,4.255786348482407,4.241681115214196,4.249752212152694,8.1545,8.233809523809525,8.406695696323638,4.271249144624154,4.269484993603606,4.289787143796997,8.519333333333334,8.300150537634408,8.56995199473776,4.322894011723039,4.283412696133724,4.317713570875913,9.231166666666667,8.912983606557377,8.813792509359967,4.419228621023545,4.374488579449062,4.322219845409965,6.644043753547526
2005-11-24,sz000901,8.12,8.19,8.23,8.08,7842,2733755.75,1.84,0.24,0.02,1.17,3.894426837964188,-0.20735459336377904,8.324000000000003,8.277999999999999,8.263141300127344,4.144407813131464,4.083998238609547,4.10519799830093,8.22,8.27509090909091,8.273105139924617,4.212220137703977,4.1759793860290655,4.185147598663875,8.153500000000001,8.237190476190476,8.386058010959482,4.249514836388272,4.233597154874085,4.252133781336729,8.470666666666666,8.278903225806452,8.545438962819194,4.296192183772173,4.255769652665411,4.290404749397738,9.2245,8.87884699453552,8.793340295938329,4.412782147779426,4.35728196361105,4.308193845165841,6.436759709512779
2005-11-25,sz000901,8.15,8.15,8.17,8.03,7469,2578151.75,1.71,-0.49,-0.04,1.11,3.8732624594387266,-0.02116437852546138,8.280000000000003,8.22,8.22542753341823,4.07441305039861,3.9936164540453007,4.027886152013529,8.245,8.262363636363636,8.25072238721105,4.167194360872417,4.114350717253565,4.128441209713848,8.160499999999999,8.236857142857144,8.363576295630008,4.231486288615987,4.197763595164606,4.2160507982988245,8.424666666666665,8.258215053763442,8.519926771669569,4.278126248289664,4.228483863998738,4.263492343593931,9.216333333333333,8.843617486338797,8.772247171481334,4.408069794280232,4.339592793501519,4.293933799732165,6.411308476340903
2005-11-28,sz000901,8.15,8.57,8.82,8.06,23621,8494946.0,9.33,5.15,0.42,3.51,4.373298279614871,0.5000358201761443,8.294000000000004,8.316666666666666,8.34028502227882,4.079011470545762,4.093244863784054,4.1430235278806435,8.296,8.321454545454545,8.308772862263586,4.187804274504129,4.151824157024921,4.172960676968579,8.204,8.275857142857145,8.383235696046198,4.240723057388836,4.211269499069261,4.231026748900352,8.391,8.267591397849461,8.523157302529597,4.2768152402586805,4.234623995051977,4.270576597530766,9.211833333333335,8.822426229508197,8.765616116678668,4.408804180347656,4.33845274384036,4.29653591382668,6.929160622525069
2005-11-29,sz000901,8.53,8.64,8.73,8.32,40355,14801332.0,4.78,0.82,0.07,6.01,4.605897351644975,0.2325990720301041,8.344000000000003,8.432,8.440190014852547,4.169733271998146,4.268873490817126,4.297314802468755,8.352,8.384,8.368995978215661,4.237986289053115,4.227841080141437,4.2516764360006505,8.2455,8.317380952380953,8.407689439279892,4.269228433314696,4.246048003284132,4.266728711066507,8.355333333333332,8.283655913978496,8.530695541076074,4.281013504756865,4.255855099012383,4.2922101945703925,9.211833333333335,8.803677595628416,8.761497555476089,4.4169911746915576,4.344914815030436,4.306678911787935,7.170300800139541
2005-11-30,sz000901,8.59,8.68,8.71,8.46,24548,9050799.0,2.89,0.46,0.04,3.65,4.390016114611894,-0.2158812370330807,8.446000000000003,8.544,8.520126676568365,4.227380208654931,4.342301105021708,4.3282152398498015,8.41,8.443636363636363,8.425542163994631,4.258159752562038,4.25548286660667,4.2768291048390585,8.298,8.358761904761904,8.433623778396093,4.277304088212328,4.2575515919791025,4.27847036854702,8.330666666666668,8.304602150537635,8.540328086813103,4.27578362047122,4.2628875254546434,4.298520253927909,9.209166666666667,8.78624043715847,8.758825504476873,4.416440623806022,4.344030386831102,4.309411279093638,6.95668692019681
2005-12-01,sz000901,8.62,8.44,8.64,8.41,12536,4568109.5,2.65,-2.76,-0.24,1.87,4.098158983460534,-0.29185713115136025,8.496000000000004,8.542,8.493417784378911,4.2681266377542,4.2992273632902425,4.25152982105338,8.41,8.44909090909091,8.428170861450152,4.206267225442832,4.226391817679125,4.244343628224781,8.3195,8.372285714285715,8.434231037596465,4.2609769371841555,4.240490153431313,4.26129785568164,8.306000000000001,8.311655913978495,8.53385530701871,4.267708110466935,4.251427871453952,4.285593720349369,9.193999999999999,8.761021857923497,8.74837220924812,4.404915283459678,4.3335949232132185,4.302484974318782,6.659736505630918
2005-12-02,sz000901,8.44,8.08,8.44,8.06,14241,4981662.0,4.5,-4.27,-0.36,2.12,4.153540486438023,0.05538150297748867,8.482000000000003,8.403333333333334,8.355611856252608,4.32418224315406,4.261031979518184,4.218866709514927,8.381,8.38909090909091,8.364867068459215,4.199297646776335,4.216805137860067,4.227833966081734,8.323,8.34947619047619,8.400494748301563,4.250898633858332,4.23025811050311,4.25103524908701,8.281333333333334,8.297075268817206,8.504574319469116,4.257537191356039,4.244062218290797,4.277074156871218,9.172,8.724497267759562,8.726458366321953,4.397456806883339,4.325353126589556,4.297601548486625,6.697374257822208
2005-12-05,sz000901,7.85,7.52,7.85,7.47,17164,5570672.0,4.7,-6.93,-0.56,2.55,4.2346185058606345,0.08107801942261172,8.272000000000002,8.082666666666666,8.077074570835073,4.296446288403212,4.231177400420376,4.2241173082968295,8.283,8.232545454545455,8.211254874193903,4.187728879474487,4.223227112239032,4.229067518768806,8.2905,8.273,8.316638105606176,4.251153145961981,4.228707622122377,4.249471749732117,8.235999999999999,8.247956989247312,8.441053395632398,4.255832482133212,4.242583593420127,4.274335082612471,9.136166666666668,8.670333333333334,8.686902354311398,4.391178809276075,4.320014165900288,4.295536530695609,6.7459075880441395
2005-12-06,sz000901,7.52,7.54,7.63,7.45,9429,3035240.0,2.39,0.27,0.02,1.4,3.9744656357372423,-0.26015287012339217,8.052000000000003,7.838666666666667,7.89804971389005,4.170159945221666,4.123850516198385,4.140900084110301,8.197999999999999,8.097454545454546,8.089208533431375,4.169946608609906,4.184451977014079,4.182776267308522,8.2515,8.20152380952381,8.24267257173892,4.239007495351871,4.202356430672401,4.223280691256415,8.191333333333333,8.203053763440858,8.382920918494825,4.2456477048875145,4.224430893652645,4.254988666685038,9.0995,8.618,8.649298998432336,4.379392734560221,4.306351438899014,4.28500961610681,6.482193036944959
2005-12-07,sz000901,7.54,7.92,8.01,7.52,17837,5956803.0,6.5,5.04,0.38,2.65,4.251321812315588,0.2768561765783457,7.900000000000003,7.794666666666666,7.9053664759267,4.142421084762404,4.150904471896359,4.177707326845397,8.172999999999998,8.046909090909091,8.05844334553476,4.184900646708668,4.199247468596929,4.195239093673442,8.2155,8.169952380952381,8.211941850620928,4.220343497595538,4.2035292227641845,4.225951274214431,8.160666666666666,8.185548387096773,8.353055052785482,4.242466311985658,4.2247969650996176,4.254752095435396,9.078166666666666,8.57932786885246,8.625387555860783,4.372999760190647,4.302152392268043,4.28390509794972,6.775013237596301
2005-12-08,sz000901,7.81,7.79,7.9,7.72,8928,2964770.25,2.27,-1.64,-0.13,1.33,3.9507541815935037,-0.30056763072208437,7.770000000000003,7.757999999999999,7.866910983951134,4.112940124388998,4.087015504173393,4.102056278428099,8.133,7.9772727272727275,8.00963546452844,4.1905333810715995,4.156675384030536,4.15078729147709,8.1765,8.129428571428571,8.171756912466554,4.201376759387789,4.17785404981161,4.199742027298152,8.146666666666667,8.161634408602149,8.316728920347709,4.2298543512827145,4.205976827654962,4.235139326800436,9.047666666666666,8.537092896174864,8.597997799930921,4.365588184678608,4.288308274936989,4.272982117085582,6.471991044066815
2005-12-09,sz000901,7.85,7.9,7.99,7.81,8915,3004476.25,2.31,1.41,0.11,1.33,3.9501213475113732,-0.0006328340821304401,7.7340000000000035,7.801333333333333,7.877940655967423,4.072256296603668,4.032742578547517,4.0514113014558575,8.108,7.934909090909091,7.989701743705087,4.198219269878864,4.112964105201404,4.114302574392414,8.1765,8.10309523809524,8.145875301755453,4.18270681537564,4.1539249629662365,4.17596862922322,8.142999999999999,8.145720430107525,8.289843183551083,4.220397282370279,4.187929537089069,4.216751070072109,9.017,8.499464480874318,8.575112626162694,4.355598441013779,4.274686411423309,4.262396518083149,6.477768775320563
2005-12-12,sz000901,7.9,7.92,8.08,7.9,7526,2563968.0,2.28,0.25,0.02,1.12,3.8765642139838454,-0.0735571335275278,7.814000000000003,7.863333333333332,7.8919604373116155,4.00064543822831,3.96751188434091,3.993128938965187,8.043,7.9007272727272735,7.9770286993950705,4.1485458633157615,4.054481367765947,4.071077417954492,8.1695,8.078666666666665,8.124363368254933,4.168175068909944,4.124768524738447,4.147453923009946,8.150333333333332,8.131333333333332,8.265982332999402,4.209997326031144,4.165746758483492,4.194803530969641,8.989333333333333,8.463497267759564,8.553633523665557,4.350260525482957,4.258980371192819,4.2497462786044835,6.408912600601013
2005-12-13,sz000901,7.94,7.97,8.06,7.83,6416,2165577.75,2.9,0.63,0.05,0.95,3.807264355276107,-0.06929985870773825,7.900000000000003,7.915333333333333,7.917973624874411,3.967205182136083,3.9030515233568424,3.931174077735494,7.975999999999999,7.8874545454545455,7.9757507540505115,4.068682563678875,3.992430184486009,4.023111406558422,8.163999999999998,8.059666666666667,8.109662095087796,4.153334426365994,4.090396075820938,4.115054916559105,8.155666666666667,8.119698924731182,8.246886698612343,4.202379810102755,4.139763986176717,4.169801003505542,8.955833333333334,8.430076502732243,8.534497998299473,4.338352825782769,4.241177218071283,4.2352386745609305,6.335573780672561
2005-12-14,sz000901,7.97,8.06,8.12,7.88,13235,4528916.5,3.01,1.13,0.09,1.97,4.121723945637367,0.3144595903612597,7.928000000000003,7.968666666666667,7.965315749916274,3.941285608800439,3.95455777785727,3.9946907003694516,7.914,7.902727272727273,7.9910687987686,4.041853346781421,4.002074072114826,4.04104095911823,8.161999999999999,8.049761904761905,8.1049323717461,4.15000654967173,4.087385553846783,4.115690062185606,8.17,8.11352688172043,8.234829492250256,4.198820507735359,4.134560382017659,4.166699257836628,8.920833333333333,8.400704918032787,8.518940686879818,4.332641804729361,4.234074631837008,4.231516880169994,6.655994313634263
2005-12-15,sz000901,8.06,8.03,8.19,8.01,11064,3827411.5,2.23,-0.37,-0.03,1.65,4.043912167101254,-0.07781177853611254,7.9760000000000035,8.002666666666668,7.986877166610849,3.959917205901989,3.988766630624208,4.011097855946719,7.872999999999999,7.9238181818181825,7.99814719899249,4.036428665145493,4.002448403082068,4.041562996933325,8.141499999999999,8.037190476190476,8.09779595538933,4.121347945294163,4.077281326935309,4.108854072177572,8.170666666666666,8.104494623655915,8.221614686298627,4.186127513171268,4.124566295525136,4.1587775100472495,8.885333333333334,8.371497267759564,8.502909844687036,4.328007834805725,4.2246080863410045,4.225365905971018,6.582905157435353
2005-12-16,sz000901,8.06,8.19,8.23,8.06,8981,3131392.0,2.12,1.99,0.16,1.34,3.9533246963891853,-0.09058747071206907,8.034000000000002,8.074,8.054584777740565,3.9605578756775524,3.9865691274532735,3.991840136094208,7.883999999999999,7.981454545454546,8.0330295264484,4.01640708614061,3.9873385905809213,4.025519669561663,8.132499999999999,8.041809523809523,8.106577292971298,4.107852366458472,4.061279112753883,4.094041750673917,8.176666666666666,8.10574193548387,8.219575029118072,4.172734784619092,4.10954675895855,4.1455224898112455,8.850666666666665,8.348699453551912,8.49265050551697,4.3200883937759516,4.212323393278167,4.216446522050303,6.495737437716113
2005-12-19,sz000901,8.19,8.15,8.19,8.03,7330,2538939.5,1.95,-0.49,-0.04,1.09,3.8651039746411278,-0.0882207217480575,8.080000000000002,8.112666666666666,8.086389851827043,3.958265827809008,3.9547511604411323,3.9495947489431815,7.947,8.02981818181818,8.054296885275964,3.9794556330186595,3.9598289339446513,3.996353179576111,8.114999999999998,8.04347619047619,8.110712788878795,4.083592256246574,4.038160218295088,4.072238152956508,8.176,8.104021505376345,8.215086317562069,4.160587308314207,4.089699609927712,4.127430972703496,8.8145,8.325726775956284,8.481416062713134,4.3134119557585535,4.1974058713393205,4.204927094266395,6.404652352260409
2005-12-20,sz000901,8.19,8.23,8.26,8.03,10215,3568164.0,2.82,0.98,0.08,1.52,4.0092383709684665,0.1441343963273387,8.132000000000001,8.162666666666667,8.13425990121803,3.99866063094748,3.971742008160952,3.9694759562849433,8.016000000000002,8.081272727272728,8.08624290613488,3.9829329065417816,3.9652439772082526,3.998695941647448,8.107000000000001,8.054428571428573,8.122073475652243,4.0764397575758435,4.031078895887649,4.066238173719552,8.173,8.107505376344086,8.21604849062258,4.153649299081841,4.079935162357021,4.1198056435593005,8.774833333333333,8.306562841530054,8.473172913115981,4.305315649295534,4.187432966919974,4.198511070551708,6.552444807211429
2005-12-21,sz000901,8.23,8.23,8.46,8.21,23689,8448243.0,3.04,0.0,0.0,3.53,4.374546727938959,0.3653083569704929,8.166000000000002,8.195333333333334,8.166173267478687,4.0492251874077985,4.097037373824778,4.104499546836282,8.047,8.120181818181818,8.112380559564901,3.9952553981041192,4.036446490189558,4.067032448245905,8.11,8.066142857142859,8.132352192256791,4.090078022406393,4.059470035922232,4.095600893169019,8.159333333333333,8.111182795698925,8.216948588001769,4.145314131098398,4.094186609380061,4.136240552228956,8.726666666666667,8.288699453551912,8.465200030718735,4.299388083520216,4.189702838350906,4.204282731449651,6.926766397145387
2005-12-22,sz000901,8.19,8.06,8.19,7.97,12061,4133722.75,2.67,-2.07,-0.17,1.79,4.0813833174622856,-0.2931634104766738,8.172000000000002,8.16,8.130782178319125,4.056719417480005,4.107756750509607,4.0967941370449505,8.074,8.122545454545456,8.102856821462192,4.0083183116909975,4.052106111891042,4.069641697194338,8.1035,8.061380952380953,8.125461507279955,4.0994258463812985,4.058641968784698,4.0942468383398065,8.142333333333333,8.104774193548389,8.206822872646816,4.137023943488858,4.090062040758376,4.132701375792396,8.676333333333334,8.266841530054643,8.451914783809924,4.2880963189198065,4.182555141103105,4.200253242466459,6.616341345009479
2005-12-23,sz000901,7.97,8.08,8.17,7.97,7050,2428881.75,2.48,0.25,0.02,1.05,3.848189116991399,-0.23319420047088668,8.150000000000004,8.129333333333333,8.113854785546085,4.035692301600448,4.038246650346738,4.013925797027101,8.092,8.123636363636365,8.098701035741794,3.998125088638999,4.022991712854751,4.029377591702894,8.1,8.05914285714286,8.12113183991996,4.098172179258932,4.034714661223755,4.070812769639958,8.148333333333333,8.100752688172042,8.198640751830892,4.121179573130093,4.071427535823055,4.114345746192332,8.633000000000001,8.24728961748634,8.439720856471894,4.275570269048501,4.1681319541546324,4.1887101563853095,6.385406371712261
2005-12-26,sz000901,8.03,8.15,8.19,8.03,9371,3256785.75,1.98,0.87,0.07,1.39,3.9717859378791145,0.12359682088771562,8.150000000000002,8.129333333333333,8.125903190364056,4.057028694248045,4.016944529106294,3.9998791773111058,8.115,8.134181818181817,8.108028120152376,4.007647261028526,4.018202776352955,4.018906381916752,8.078999999999999,8.06390476190476,8.123881188499011,4.078096562172144,4.022677876330439,4.061381642805592,8.151333333333334,8.100860215053764,8.195502638809545,4.114665799616138,4.061789236774605,4.105148339204383,8.589833333333333,8.231453551912567,8.430221811997404,4.2662261036047076,4.158171812149079,4.18159788692609,6.512789189128802
2005-12-27,sz000901,8.21,8.06,8.21,8.06,5787,2002454.62,1.84,-1.1,-0.09,0.86,3.762453482363547,-0.20933245551556734,8.116000000000003,8.099333333333334,8.103935460242704,4.007671716527061,3.9187527918114613,3.920737278995253,8.124,8.12418181818182,8.099295734670125,4.00316617373727,3.973622089322958,3.9722785819979873,8.05,8.062095238095239,8.11779726578482,4.035924368708073,3.992616630634382,4.032912294192064,8.150666666666666,8.094967741935484,8.186760533079898,4.10327834215642,4.039065861467987,4.083038993601748,8.529,8.214081967213113,8.418083391931914,4.250461396599396,4.141654677026418,4.167855447432236,6.301562682805263
2005-12-28,sz000901,8.1,8.01,8.1,7.97,8655,2963647.75,1.61,-0.62,-0.05,1.29,3.9372670722114127,0.17481358984786555,8.072000000000003,8.064,8.072623640161805,3.920215785381552,3.895284577039578,3.9262472100673063,8.119,8.103454545454547,8.083060146548284,3.984720486394676,3.9616404345000755,3.9659128529458822,8.016499999999999,8.058285714285715,8.1075308595196,4.013286916588049,3.9832206976347004,4.023803225432002,8.147666666666668,8.085892473118278,8.175356627719905,4.094911195246045,4.028355456955406,4.073634353512049,8.477166666666667,8.197065573770493,8.404703608589884,4.233555285329062,4.131386010653041,4.160295172834831,6.471826583476566
2005-12-29,sz000901,8.03,8.08,8.17,8.03,8135,2814619.75,1.75,0.87,0.07,1.21,3.9103575572728775,-0.026909514938535217,8.076000000000002,8.066666666666666,8.075082426774536,3.8860106333436697,3.891998501003354,3.9209506591358303,8.124,8.096363636363636,8.082503756266778,3.9713650254118376,3.948119901932476,3.955811890096245,7.9985,8.064333333333334,8.104908872898685,4.003896845278666,3.973417901509447,4.012998876083514,8.135666666666667,8.08152688172043,8.169204587221847,4.071353638666721,4.016448770634557,4.063100366657909,8.444333333333335,8.184043715846995,8.394057588636118,4.219657796313482,4.120789363831527,4.152100496914767,6.449419730757052
2005-12-30,sz000901,8.19,8.19,8.37,8.03,18256,6422909.5,4.21,1.36,0.11,2.72,4.261405627074139,0.3510480698012617,8.098000000000003,8.104666666666667,8.113388284516358,3.9686539353602184,4.017130165580178,4.0344356484486,8.124,8.108363636363636,8.102048527854636,4.002173118480333,4.000854556780167,4.011374387728589,8.004,8.082571428571429,8.113012789765477,4.009290102310471,3.997942547394729,4.0366566618921444,8.129666666666667,8.085032258064517,8.17054622675592,4.072625950465759,4.028710189241486,4.075894254426698,8.4115,8.175704918032787,8.38736717589395,4.213450019053745,4.122158145167942,4.155684271674091,6.807731802766473
2006-01-04,sz000901,8.19,8.26,8.32,8.19,9833,3468703.25,1.59,0.85,0.07,1.46,3.9926860391621277,-0.26871958791201145,8.120000000000003,8.158666666666667,8.162258856344238,3.972833955616821,4.02514086684748,4.020519112019776,8.135,8.133090909090908,8.130766977335611,4.014931324932432,3.999129633267766,4.00797650617105,8.041,8.10695238095238,8.127011571692575,3.9971934789755457,3.996361208047268,4.032468983536905,8.121666666666666,8.093440860215056,8.176317437932958,4.060705279141859,4.0235527756089935,4.0705259824741455,8.380166666666666,8.170737704918032,8.383191202913821,4.203876307292569,4.1149199818928075,4.150340067329436,6.54016714723321
2006-01-05,sz000901,8.26,8.39,8.41,8.19,13614,4851430.0,2.66,1.57,0.13,2.03,4.133985746268579,0.14129970710645168,8.186000000000003,8.248666666666667,8.23817257089616,4.047140408397827,4.078858130398066,4.058341323436044,8.151,8.179454545454545,8.177900254183681,4.027406062462444,4.02077589169252,4.030887277097873,8.0835,8.140190476190478,8.152058088674234,4.005169484502113,4.009389043027557,4.042137246654208,8.121666666666666,8.110752688172042,8.19010340967922,4.060095192538044,4.028280547681685,4.074620160783464,8.353666666666667,8.171060109289616,8.383414442162548,4.19905667099954,4.112628488088741,4.14980386008154,6.685869769441762
2006-01-06,sz000901,8.39,8.39,8.53,8.3,17029,6109776.5,2.74,0.0,0.0,2.53,4.231189145482667,0.09720339921408794,8.262000000000004,8.316666666666668,8.288781713930774,4.105924823052078,4.140207709426346,4.1159572641182525,8.167,8.222909090909091,8.216463844332102,4.013070304216815,4.057827361332561,4.067305798622381,8.107,8.169380952380953,8.174719223086212,4.004162851160467,4.0309147250257045,4.060142189399775,8.129,8.128064516129033,8.202999963893463,4.064408783009868,4.039318867226501,4.0847213856027675,8.324166666666667,8.172251366120218,8.383630362091646,4.1936513973664535,4.113682011842286,4.152472230094691,6.786025323729946
2006-01-09,sz000901,8.66,8.57,8.75,8.48,24639,9100061.0,3.22,2.15,0.18,3.67,4.391623077546977,0.16043393206430956,8.360000000000003,8.419333333333332,8.382521142620517,4.202177927106898,4.235440460924646,4.207845868594494,8.218,8.296181818181818,8.280743145362628,4.044094280225284,4.126655138301682,4.126272576608671,8.146,8.213476190476191,8.212365011363715,4.02620629595814,4.067815698967277,4.091711797794747,8.141666666666667,8.156516129032259,8.226677385577757,4.08098199099596,4.060429466874055,4.1045214947604585,8.306166666666666,8.180311475409837,8.389740842023068,4.188587087384066,4.120172886602305,4.16031324148657,6.959044303516105
2006-01-10,sz000901,8.55,8.79,8.88,8.53,24583,9224298.0,4.08,2.57,0.22,3.66,4.390634881151876,-0.0009881963951006156,8.480000000000002,8.562666666666667,8.518347428413678,4.228023777922445,4.2982594456063055,4.268775539446954,8.289,8.400181818181817,8.37333530075124,4.098338856641332,4.189662520288334,4.174338450161981,8.1905,8.274809523809523,8.267377867424313,4.048231972640165,4.102523183271442,4.120180662876378,8.163,8.198344086021507,8.263020780056612,4.098227738386398,4.0804070726905675,4.122980422914744,8.293833333333334,8.196174863387979,8.402864093104279,4.188176993338031,4.126797404430757,4.167864770655924,6.964933324822751
2006-01-11,sz000901,8.82,8.48,8.84,8.44,16669,6140216.5,4.55,-3.53,-0.31,2.48,4.221909546588134,-0.16872533456374228,8.524000000000003,8.562666666666667,8.505564952275787,4.273868479407646,4.2962213684948685,4.2531535418273485,8.322,8.434909090909091,8.392728882432833,4.123351217512234,4.212129918460479,4.182987740421281,8.2185,8.302380952380952,8.287627594336284,4.06549923927038,4.11906390459982,4.129869127991784,8.16,8.218795698924731,8.2770194394078,4.093181447285507,4.088386544187452,4.129362947022705,8.275500000000001,8.20227868852459,8.405393139232007,4.184998343772095,4.12790338978322,4.169636730522553,6.78818368434926
2006-01-12,sz000901,8.41,8.77,8.79,8.35,19543,7246593.5,5.19,3.42,0.29,2.91,4.290991232025503,0.06908168543736881,8.600000000000003,8.644666666666666,8.593709968183859,4.305269576559032,4.30192895270082,4.265766105226733,8.392999999999999,8.516363636363636,8.461323631081408,4.1762049924784295,4.242609921099256,4.202624738894776,8.258500000000002,8.354904761904763,8.333567823447114,4.08968558310785,4.140539332481261,4.145214090280709,8.164333333333333,8.258150537634407,8.308824636865362,4.082684576631525,4.101148465783582,4.1397905783132085,8.259833333333335,8.218491803278688,8.417347462535876,4.181849040694194,4.131378566447265,4.1736155666374035,6.860133900112489
2006-01-13,sz000901,8.73,8.91,9.02,8.66,23579,8985548.0,4.1,1.6,0.14,3.51,4.372525382451559,0.08153415042605605,8.704000000000002,8.748,8.69913997878924,4.3335368239528105,4.324347554664996,4.301352530968342,8.483,8.610363636363637,8.54290115270297,4.219730823502444,4.278304537458006,4.2335157649960085,8.301,8.416952380952381,8.38846612597596,4.10222565494856,4.16747645622828,4.166862784773171,8.172,8.30625806451613,8.34761014416437,4.08210155222618,4.119847872610681,4.154805726967296,8.251333333333333,8.2398087431694,8.433500004747813,4.1789425863487,4.137630249783572,4.180137199942786,6.953544568492149
2006-01-16,sz000901,8.88,8.59,8.88,8.59,12247,4601779.0,3.25,-3.59,-0.32,1.82,4.088029717842714,-0.284495664608845,8.708000000000002,8.71,8.662759985859495,4.272818152011957,4.242511852628298,4.230244926593133,8.533999999999999,8.629818181818182,8.551464579484248,4.237498039559428,4.25435888188351,4.2070637564226825,8.329,8.44447619047619,8.407659828263963,4.104431532485632,4.1661244622182005,4.159354873636937,8.177,8.333225806451612,8.363248199379573,4.081763910038919,4.120230334908521,4.150497597346355,8.2415,8.250912568306012,8.43863115213313,4.174736010252928,4.134649499996491,4.177117282496882,6.662925757882134
2006-01-17,sz000901,8.55,8.53,8.64,8.44,11142,4063787.75,2.33,-0.7,-0.06,1.66,4.046963154123424,-0.04106656371928974,8.656000000000002,8.650666666666666,8.618506657239664,4.204083806606267,4.16722685333212,4.169151002436564,8.568,8.629090909090909,8.54756192866893,4.216053792264356,4.219716175440601,4.177954556004635,8.346,8.463619047619046,8.419311273191205,4.109113455372344,4.160651283326562,4.148650900349935,8.192,8.356000000000002,8.374006380064762,4.0782113322950995,4.117985124849457,4.143817955848101,8.236666666666666,8.260371584699453,8.441626852063191,4.1678742618255695,4.130460226025032,4.172849934025621,6.608931016842059
2006-01-18,sz000901,8.48,8.79,8.86,8.48,14846,5557846.0,4.45,3.05,0.26,2.21,4.171609456216666,0.12464630209324223,8.718000000000004,8.695333333333332,8.675671104826442,4.1940237885319736,4.1564020698689195,4.169970487029932,8.621,8.669454545454544,8.591641578001852,4.233946133969811,4.211635387068293,4.176800901497732,8.378,8.50590476190476,8.45461496145871,4.124438729451121,4.166603283406973,4.1508374294801005,8.234333333333334,8.394580645161291,8.4008446781251,4.076111030640301,4.124010810263751,4.14561095587188,8.235166666666666,8.278513661202187,8.453048922487348,4.165971756386757,4.1305826914149035,4.1728092626220485,6.744906508926276
2006-01-19,sz000901,8.86,9.06,9.27,8.75,34859,13559178.0,5.92,3.07,0.27,5.19,4.542314924348526,0.37070546813185956,8.776000000000002,8.809333333333333,8.803780736550962,4.244288526996578,4.272499115141104,4.294085299469463,8.688,8.749272727272729,8.676797654728787,4.274779051777805,4.267702439864424,4.243257996561512,8.4195,8.570857142857143,8.512270679415023,4.1510925571201245,4.206401016254345,4.188121000419951,8.285,8.44784946236559,8.44337082792348,4.095039340260677,4.154088480825573,4.171204760289728,8.238166666666666,8.30555737704918,8.472948957815632,4.170343522574095,4.142921811675945,4.184924202350785,7.132233362032163
2006-01-20,sz000901,9.04,9.29,9.38,8.93,35004,13861281.0,4.97,2.54,0.23,5.21,4.544117675169358,0.001802750820831811,8.852000000000002,8.980666666666666,8.965853824367308,4.278606985540137,4.37244216453203,4.377429424702761,8.778,8.858727272727272,8.788288990232644,4.3060719047464735,4.316673098662888,4.297959756308392,8.4725,8.653761904761904,8.586340138518354,4.159571104481644,4.243831979878081,4.22202544563418,8.330666666666666,8.51268817204301,8.497992064831644,4.104799202355802,4.183061276626132,4.195263658023898,8.245666666666667,8.340043715846996,8.499737516575774,4.17363275717073,4.15517670192497,4.196701037525164,7.141803367759457
2006-01-23,sz000901,9.42,9.94,10.12,9.29,50841,21154394.0,8.93,7.0,0.65,7.57,4.706214084175652,0.16209640900629463,9.122000000000003,9.343333333333332,9.290569216244872,4.402243858806726,4.514977864077202,4.487024311193725,8.915,9.069999999999999,8.997690992008526,4.337531005409341,4.389426222195466,4.372187815920621,8.5665,8.793523809523808,8.71526012532613,4.1908126428173125,4.295893216039415,4.268138649304796,8.402333333333333,8.616516129032258,8.591024834842505,4.12998119910854,4.221862236743542,4.228228201646592,8.2745,8.395595628415302,8.546959237343781,4.179917775195628,4.172638384777591,4.2134063833169835,7.325400588815239
2006-01-24,sz000901,9.89,9.69,9.94,9.53,28165,11865954.0,4.12,-2.52,-0.25,4.19,4.449709755571369,-0.25650432860428296,9.354000000000003,9.532666666666666,9.423712810829915,4.482793179096314,4.530799829665416,4.474586125986273,9.004999999999999,9.210909090909091,9.123565357097885,4.34343849285129,4.409822358588562,4.386282714038939,8.647,8.90052380952381,8.80809249434269,4.220888674746311,4.320550083920754,4.285431135615898,8.462,8.699591397849462,8.661926458401053,4.1466341460438745,4.242489885547595,4.242517334157869,8.3025,8.442005464480873,8.584435983660377,4.1835157142070765,4.1814840234784345,4.2211540348663075,7.074302660402506
2006-01-25,sz000901,9.69,10.16,10.21,9.69,33422,14306762.0,5.37,4.85,0.47,4.97,4.524032434874391,0.07432267930302139,9.628000000000004,9.801333333333332,9.66914187388661,4.553277774827859,4.54454624825811,4.491068228948979,9.173,9.42090909090909,9.312008019443724,4.373650781679916,4.442657620774581,4.411328117827202,8.7475,9.044619047619047,8.936845590119576,4.248500999596075,4.349420918218667,4.308155068878611,8.536666666666667,8.809139784946236,8.758576364310665,4.168216420073559,4.266838162246338,4.260679598720225,8.343499999999999,8.502907103825136,8.636093820261676,4.189106873052351,4.192648506123264,4.231084474210835,7.155541352511995
2006-02-06,sz000901,10.16,10.21,10.41,9.98,22298,9812149.0,4.23,0.49,0.05,3.32,4.348265911123662,-0.17576652375072843,9.858000000000002,9.995333333333333,9.849427915924409,4.514467972182887,4.4762089603567095,4.4434674563405405,9.317,9.609454545454545,9.475279288635774,4.379378249589732,4.438042189764352,4.399862262062922,8.855,9.183904761904763,9.058098391060568,4.277791621034081,4.358922338364151,4.311975149092426,8.611333333333334,8.917096774193547,8.852216598871268,4.186249805268478,4.27845425844312,4.266330328552705,8.3835,8.564103825136613,8.68769730156457,4.1943148076856165,4.197866835240357,4.234926488535846,6.9917641344575525
2006-02-07,sz000901,10.18,9.87,10.21,9.71,26830,11446624.0,4.9,-3.33,-0.34,3.99,4.428620672671939,0.0803547615482767,9.974000000000004,9.999333333333334,9.85628527728294,4.491368571683403,4.447593193853061,4.438518528451007,9.413,9.709999999999999,9.547046690701995,4.38498777861177,4.446995357597481,4.405091063991835,8.947999999999999,9.28057142857143,9.135422353816704,4.302359301057107,4.373287009948708,4.323084246576189,8.671666666666669,8.998301075268818,8.91788004410538,4.19647969616963,4.294091088598181,4.276800673334591,8.420833333333333,8.612841530054645,8.726461324464093,4.197650101952495,4.205548994748105,4.241277117523914,7.058677417299257
2006-02-08,sz000901,9.87,9.78,9.87,9.58,16878,7059020.0,2.94,-0.91,-0.09,2.51,4.227320982548845,-0.20129969012309434,9.942000000000004,9.934666666666667,9.830856851521961,4.395589951358041,4.359577330808207,4.36811934648362,9.532,9.776727272727271,9.589401837847086,4.398916905082383,4.4183286674042215,4.3727692310021995,9.033,9.359809523809522,9.196810701072256,4.318207472320905,4.366140503424113,4.313963935716442,8.73,9.069806451612903,8.973500686421161,4.202593323351216,4.296080849009743,4.273608435219383,8.450333333333333,8.6574043715847,8.761003576121007,4.194360418261242,4.206521810505362,4.240819539328011,6.848744412364211
2006-02-09,sz000901,9.76,9.78,10.07,9.67,13769,5846651.5,4.09,0.0,0.0,2.05,4.138902399933594,-0.08841858261525104,9.960000000000003,9.880666666666666,9.813904567681309,4.333428480230486,4.274014813666725,4.291713697633611,9.657,9.82181818181818,9.624056049147615,4.408110829663401,4.371053302831714,4.330247988989726,9.1125,9.43095238095238,9.252352539065374,4.312082310963878,4.349063829863415,4.297291408499028,8.783,9.137548387096775,9.025532900200442,4.208779246802696,4.2919717571763485,4.264917723265461,8.479833333333334,8.700999999999999,8.794413294936712,4.190757015710894,4.204703514822489,4.237477993774095,6.766907207718309
2006-02-10,sz000901,9.8,9.89,9.98,9.69,12882,5466418.5,2.97,1.12,0.11,1.92,4.109983294819893,-0.028919105113700994,9.906000000000002,9.857333333333335,9.83926971178754,4.250618652219586,4.199533085196527,4.2311368966957055,9.767,9.864181818181818,9.67240949475714,4.401948213523722,4.316848296496531,4.290199862777028,9.193999999999999,9.504999999999999,9.313080868678195,4.3179471737467665,4.3298163045163705,4.2794525405295865,8.841000000000001,9.208967741935483,9.081304971155253,4.216941890808655,4.285597824790361,4.254921953688328,8.5085,8.747234972677596,8.830334170512558,4.1887645995614315,4.202055196104751,4.233297839710023,6.737702877499923
2006-02-13,sz000901,9.87,9.69,9.87,9.49,15278,6324936.0,3.84,-2.02,-0.2,2.27,4.184066505691661,0.07408321087176795,9.802000000000003,9.785333333333334,9.789513141191694,4.217778771133186,4.177349036353886,4.2154467663610244,9.83,9.850181818181818,9.67560776843766,4.366123371658036,4.2772334405270644,4.270902888761507,9.259,9.552238095238096,9.348977928804082,4.320451211717921,4.3170657647015975,4.270368156259308,8.889666666666667,9.26374193548387,9.120575618177496,4.222769495299429,4.283476832202168,4.250350634462737,8.531333333333333,8.785972677595627,8.858519935413785,4.188209397190635,4.201901160240168,4.23168369761106,6.801056135383434
2006-02-14,sz000901,9.65,9.78,9.78,9.49,10782,4481272.5,2.99,0.93,0.09,1.6,4.032699327492617,-0.15136717819904355,9.784000000000002,9.777999999999999,9.786342094127797,4.138594502097321,4.115655888473696,4.154530953404889,9.879,9.841090909090909,9.694588174176266,4.314981536890362,4.216610887042443,4.227593150348981,9.3285,9.601857142857142,9.39002764987036,4.310526720818418,4.289660823346807,4.2477330297100995,8.941333333333334,9.321182795698924,9.163119126682174,4.211374581951217,4.271214240730762,4.2363086146582125,8.550333333333333,8.82691256830601,8.88873239654776,4.178344356524807,4.196802469430398,4.225159619902259,6.651401353564469
2006-02-15,sz000901,9.78,9.65,9.89,9.58,13873,5816376.5,3.17,-1.33,-0.13,2.06,4.142170386276096,0.10947105878347863,9.758000000000003,9.733333333333333,9.740894729418532,4.121564382842772,4.116847849866621,4.150410764361958,9.85,9.799454545454546,9.686481233416943,4.258577167100407,4.1851906778398495,4.212061738699365,9.382499999999999,9.63247619047619,9.41478692131128,4.298054086254874,4.273626886723728,4.237679444621147,8.994333333333335,9.366903225806452,9.194530795928486,4.213400817578344,4.266749453913012,4.230235180569044,8.568333333333333,8.862967213114754,8.91369199010357,4.1752123805336,4.1956164376189635,4.2224386614227125,6.764652511086913
2006-02-16,sz000901,9.69,9.15,9.69,9.13,20967,8453587.0,5.8,-5.18,-0.5,3.12,4.321536295193487,0.1793659089173909,9.632000000000001,9.530666666666667,9.543929819612355,4.158091161894751,4.183505153983526,4.207452607972468,9.796000000000001,9.67218181818182,9.588939190977499,4.245759821062618,4.196637792038592,4.231966203516478,9.4005,9.610333333333333,9.389569119281633,4.294599156956954,4.275863287575025,4.245665811342322,9.03,9.376946236559139,9.191657841352455,4.229179056851747,4.273725936339795,4.236125575060944,8.589166666666667,8.88203825136612,8.921439793706734,4.1751793149909195,4.200413943017649,4.225687764169295,6.927041026553994
2006-02-17,sz000901,9.15,9.09,9.29,9.09,10656,4195892.0,2.19,-0.66,-0.06,1.59,4.027594211826226,-0.293942083367261,9.472000000000003,9.35,9.39261987974157,4.141613345296017,4.14000617062735,4.147499809257054,9.688999999999998,9.543818181818182,9.498222974436136,4.196115998757802,4.1569713176319745,4.1948076595727954,9.431000000000001,9.580761904761903,9.361038726969095,4.284883390218859,4.250434245181622,4.224897087578884,9.061333333333334,9.380817204301074,9.18509927094262,4.231039332649984,4.260720462467181,4.222671938723221,8.606333333333334,8.898459016393442,8.926966357847496,4.172852566133061,4.195575087176183,4.2191928936006695,6.622824301159347
2006-02-20,sz000901,9.31,9.27,9.31,9.11,11441,4525061.5,2.2,1.98,0.18,1.7,4.058463985602251,0.03086977377602551,9.388000000000002,9.282666666666668,9.35174658649438,4.116492841278135,4.112289717396095,4.11782120137212,9.595,9.467636363636364,9.456727888175019,4.1671358062056605,4.13194367887642,4.17001790066906,9.456,9.565428571428571,9.352368372019658,4.273257027897697,4.228870492360993,4.209046315962062,9.101666666666667,9.394279569892474,9.19057673733342,4.240906349424607,4.249586569109262,4.212077877231546,8.626166666666666,8.920218579234971,8.938213362508234,4.172092345790514,4.191824641912878,4.213923093338426,6.655624486066998
2006-02-21,sz000901,9.29,9.62,9.65,9.15,23497,9534257.0,5.39,3.78,0.35,3.5,4.37101241688384,0.3125484312815887,9.356000000000003,9.359999999999998,9.441164390996253,4.184155459156379,4.19712957593133,4.20221827320936,9.569999999999999,9.472181818181818,9.486413726688651,4.161374980626851,4.16901215354518,4.206562358162656,9.491499999999998,9.581047619047618,9.377857098493976,4.27318137961931,4.238180529407292,4.224471658906992,9.155333333333335,9.427720430107527,9.218281463957071,4.255364527580355,4.257980508945341,4.2223317184994364,8.6515,8.952803278688524,8.960567022753866,4.1751378614132,4.1983466114569215,4.2190735629628655,6.97928685434344
2006-02-22,sz000901,9.65,9.51,9.76,9.47,13302,5499630.5,3.01,-1.14,-0.11,1.98,4.1239169434981315,-0.24709547338570825,9.328000000000003,9.411333333333335,9.464109593997502,4.180504770600787,4.177050070711914,4.176117829972284,9.543,9.461272727272727,9.490702140017987,4.151034576721779,4.162201601339958,4.191535919132742,9.5375,9.582809523809523,9.390442136732645,4.2749757409020805,4.223964868824323,4.214895019344244,9.203,9.450602150537634,9.237102014669519,4.262483173787863,4.249500019649714,4.215982378176772,8.669333333333332,8.98095081967213,8.978581218729149,4.166918406227293,4.19666723709905,4.215953673800087,6.740333511821207
2006-02-23,sz000901,9.49,9.49,9.58,9.27,8521,3441037.5,3.26,-0.21,-0.02,1.27,3.9304905653062696,-0.19342637819186193,9.396000000000003,9.465333333333335,9.472739729331668,4.102295624623343,4.093712002280408,4.0942420750836135,9.514,9.451636363636363,9.490574478196535,4.130193393259047,4.122102690173501,4.144073127527929,9.5855,9.578285714285714,9.399923837996203,4.269152111461223,4.191156756862817,4.187808880864437,9.246333333333332,9.469118279569892,9.253418013723099,4.251452671728934,4.22808114168316,4.197563551539965,8.687999999999999,9.007857923497266,8.995349047623275,4.162039311097347,4.188915504609836,4.206594227619961,6.5366894055341325
2006-02-24,sz000901,9.49,9.56,9.62,9.38,9335,3807503.5,2.53,0.74,0.07,1.39,3.970114322285097,0.03962375697882736,9.490000000000004,9.520000000000001,9.501826486221113,4.0907996467151175,4.0496515681676595,4.052866157484108,9.481,9.459999999999999,9.50319730034262,4.116206496005567,4.092997404541874,4.112444253847414,9.623999999999999,9.575857142857144,9.41516918675847,4.259077354764645,4.162676967417472,4.167076065761642,9.289666666666667,9.489354838709678,9.273197496708706,4.250700281166367,4.209930280428719,4.182889407717071,8.705666666666668,9.036448087431694,9.01386219360284,4.1557027801541135,4.182622882025829,4.198840788100784,6.580640311228038
2006-02-27,sz000901,9.53,9.44,9.67,9.38,7767,3182147.25,3.03,-1.26,-0.12,1.16,3.8902533051545345,-0.07986101713056248,9.524000000000004,9.503333333333332,9.481217657480741,4.057157510625574,3.982802787647465,3.9986618733742505,9.456,9.452545454545454,9.491706882098507,4.086825175951855,4.051915006205323,4.072045899539618,9.642999999999999,9.558333333333334,9.417534026114808,4.2264742738049454,4.1275508674546035,4.14071199332287,9.324666666666667,9.499053763440859,9.283958948533952,4.242575866462565,4.1866756368150515,4.16400965916465,8.723166666666666,9.060524590163936,9.027833924960124,4.1513355295003045,4.173919620550432,4.188723165709104,6.5027202722253445
2006-02-28,sz000901,9.42,9.4,9.42,9.22,8546,3411301.25,2.12,-0.42,-0.04,1.27,3.9317628884811775,0.04150958332664301,9.480000000000002,9.462,9.45414510498716,3.9693076049450418,3.941004580265999,3.9763622117432265,9.418000000000001,9.442363636363636,9.475032903535142,4.076731532050711,4.023721863028836,4.046539897528993,9.6485,9.535190476190474,9.415864118865779,4.195856534470537,4.099483116471387,4.120812078576042,9.358333333333333,9.503913978494623,9.291445467983376,4.232594991229182,4.166623186622704,4.14902599653991,8.743666666666666,9.082715846994535,9.040036091354873,4.148501887119525,4.1667205175661985,4.180298238586876,6.532920073390303
2006-03-01,sz000901,9.49,9.53,9.56,9.38,8509,3474022.5,1.91,1.38,0.13,1.27,3.9298785236567833,-0.0018843648243942468,9.484000000000004,9.478666666666667,9.47943006999144,3.930499920976773,3.927861553169913,3.9608676490477457,9.406,9.462727272727273,9.485026921074207,4.0555023457887796,3.9970213160481216,4.025328738643136,9.628,9.523904761904761,9.426734202783322,4.157039756444593,4.074151877346268,4.102627930488493,9.390333333333334,9.514989247311826,9.306836082952191,4.2172035060995094,4.147093091940615,4.13488744990229,8.766,9.108497267759562,9.056100481802254,4.1490927485477345,4.159552538436273,4.172087756130152,6.540832626890066
2006-03-02,sz000901,9.51,9.15,9.51,9.04,12822,5118183.5,4.93,-3.99,-0.38,1.91,4.107955772547713,0.17807724889093013,9.416000000000002,9.367333333333333,9.36962004666096,3.965992962425061,3.98701350369356,4.009897023547735,9.406,9.416181818181817,9.42411293542435,4.034144293524203,4.006558302731563,4.040351835716695,9.601,9.478380952380952,9.400378564423006,4.13995205729341,4.069477212213232,4.103135344017943,9.402333333333333,9.499483870967742,9.296717625987535,4.207780869146037,4.140044851066305,4.133149922331027,8.782666666666668,9.121087431693992,9.05917915453005,4.153004303766218,4.1582037851247975,4.169985068143842,6.709115852400876
2006-03-03,sz000901,9.27,9.11,9.27,8.95,9892,3848126.5,3.5,-0.44,-0.04,1.47,3.9952841076892596,-0.11267166485845381,9.326000000000002,9.265333333333334,9.283080031107307,3.9710269195058934,3.996777218781626,4.0050260515949105,9.407999999999998,9.362363636363638,9.367001492619924,4.030913283110506,3.999492814397938,4.03215770334807,9.548499999999999,9.431619047619048,9.372723463049386,4.113514640934154,4.0556993122509315,4.092863797700925,9.423333333333334,9.48062365591398,9.284671327536726,4.2002266878494074,4.126335382585221,4.124255353644462,8.791666666666666,9.131819672131147,9.060845411758573,4.146704067567457,4.15303263115506,4.164257167801068,6.585249340223612
2006-03-06,sz000901,9.11,9.13,9.4,9.09,11242,4464044.0,3.4,0.22,0.02,1.67,4.0508435809569185,0.055559473267658976,9.264000000000003,9.2,9.232053354071539,4.003144974666371,4.023382772598635,4.020298561382247,9.394,9.311818181818184,9.323910312143575,4.030151242645973,4.003116504915469,4.035555135640588,9.4945,9.391761904761905,9.349606942758967,4.098643524425817,4.0497306398721475,4.088861872296734,9.435333333333334,9.461698924731182,9.274692532211777,4.192221766147122,4.116697762785707,4.119519110245266,8.799833333333334,9.142912568306011,9.06311277530747,4.137453171389323,4.149889664380945,4.160538689543883,6.649728466588803
2006-03-07,sz000901,9.31,9.62,9.98,9.22,66944,27903364.0,8.32,5.37,0.49,9.96,4.825711658515143,0.7748680775582244,9.308000000000003,9.318666666666667,9.361368902714359,4.1819347286731645,4.297571667214892,4.288769593759879,9.394,9.352909090909092,9.377744800844741,4.0756211668091025,4.147763853255318,4.179219957981416,9.482,9.403714285714285,9.375358662496208,4.118498073717977,4.118975224071131,4.159038042412773,9.459,9.473612903225808,9.296970433359405,4.207327975349242,4.157568078422354,4.165079919811065,8.815500000000002,9.169803278688523,9.081371372838372,4.144714763787711,4.172455516417856,4.18234763934622,7.445656564512569
2006-03-08,sz000901,9.56,10.54,10.54,9.47,112947,49627676.0,11.12,9.56,0.92,16.81,5.052874700057191,0.22716304154204803,9.510000000000002,9.729333333333333,9.754245935142906,4.406533963953246,4.587884991009568,4.543471295858984,9.497,9.561272727272728,9.58906392796388,4.168516942465009,4.325446313845879,4.338066274722466,9.52,9.50447619047619,9.486276885115617,4.159775759593394,4.207963474198675,4.244165343140812,9.524,9.543354838709677,9.377165889271701,4.2394894747563905,4.212119480016415,4.222357002407589,8.8505,9.226344262295083,9.129195262253507,4.1606266923976545,4.20223125203325,4.210889510189202,7.695723938223564
2006-03-09,sz000901,10.5,10.52,10.81,10.09,89139,39964628.0,6.83,-0.19,-0.02,13.26,4.950067757673447,-0.10280694238374366,9.784000000000002,10.066,10.009497290095272,4.574956360978392,4.769062922249636,4.679003449797139,9.6,9.747272727272726,9.758325031970447,4.270474661701726,4.467546462065595,4.4493392716226445,9.556999999999999,9.599714285714287,9.584726705580795,4.200334027480387,4.283229378777729,4.311394144524873,9.590333333333335,9.607612903225808,9.450897122221914,4.269592961541392,4.257963240204611,4.269306083392483,8.891166666666665,9.281081967213115,9.174795417589458,4.173902146918246,4.228114565648849,4.235124862565734,7.601675774811234
2006-03-10,sz000901,10.39,9.96,10.47,9.94,45959,20266126.0,5.04,-5.32,-0.56,6.84,4.662370570512186,-0.28769718716126125,9.954000000000002,10.124666666666666,9.992998193396849,4.708373653542978,4.798200992094233,4.673459156702155,9.64,9.81272727272727,9.79499320797582,4.339700286524436,4.538800263667496,4.488072235057106,9.560500000000001,9.638095238095238,9.620467019335006,4.227953391265002,4.327232859066472,4.344820470809379,9.629333333333333,9.631462365591398,9.48374246917534,4.285951665351242,4.283303731105954,4.2946650825614965,8.931833333333334,9.316125683060108,9.200539830127509,4.181031347995772,4.244129923799471,4.249132918563978,7.306770738450342
2006-04-03,sz000901,10.92,10.5,10.92,10.0,64297,28771192.0,9.24,5.42,0.54,9.57,4.808190709878491,0.14582013936630478,10.228000000000003,10.306666666666667,10.1619987955979,4.859843079327291,4.831473344206071,4.7183696744276,9.746,9.969090909090909,9.923176261071124,4.431494026996831,4.623980340640961,4.5462755941155395,9.600999999999999,9.727571428571428,9.704232065112624,4.259159601474343,4.3824935560772795,4.388950969768342,9.677333333333333,9.687634408602149,9.549307471164028,4.294814191535575,4.316996572688356,4.327795768194851,8.981166666666667,9.367540983606558,9.243145081598737,4.194926765898126,4.264692525828411,4.267462682213635,7.458957855227082
2006-04-04,sz000901,10.41,10.54,10.77,10.05,51375,23062384.0,6.86,0.38,0.04,7.65,4.7107518348841255,-0.09743887499436532,10.412000000000003,10.410666666666666,10.287999197065266,4.836851114601089,4.781776262725015,4.7158303945797755,9.86,10.113454545454546,10.035326031785464,4.509392921637127,4.67475448752956,4.576180365164373,9.639,9.817,9.783829011292374,4.293062226843918,4.425502340211545,4.4195986712079405,9.719,9.743290322580645,9.613223118185703,4.300368663526067,4.343831259356006,4.352502611207062,9.024833333333333,9.418650273224044,9.285664914988942,4.202583932940934,4.2816048231722155,4.281996752792995,7.362904199078785
2006-04-05,sz000901,10.65,10.43,10.86,10.36,51201,23423834.0,4.74,-1.04,-0.11,7.62,4.709278443207096,-0.001473391677029312,10.390000000000004,10.416666666666666,10.335332798043511,4.768131863231069,4.7392520389270185,4.713646410788883,9.95,10.217090909090908,10.107084935097198,4.5873329135921574,4.711097309633192,4.600380015717596,9.678,9.892333333333333,9.845369105455006,4.321417629690468,4.46514197986518,4.447187220922146,9.735333333333333,9.78916129032258,9.665918400883399,4.300470808827114,4.370212535464459,4.375520406819968,9.068833333333334,9.46472131147541,9.32318409810406,4.215226003967827,4.29821775793504,4.296005988544277,7.3696579816315655
2006-04-06,sz000901,10.32,10.45,10.77,10.23,52037,23568994.0,5.18,0.19,0.02,7.74,4.716312250975609,0.007033807768512368,10.376000000000003,10.436666666666667,10.373555198695675,4.721380761891501,4.721978834841865,4.714535024184459,10.079999999999998,10.308000000000002,10.16943312871589,4.648168561434947,4.734548098248365,4.621458603946325,9.743,9.965857142857143,9.902953000173577,4.341156427479574,4.502750991416145,4.472818176165332,9.760666666666667,9.8352688172043,9.716504310503826,4.309357558673923,4.3970410156030715,4.3975069774106545,9.111333333333333,9.510005464480873,9.360128881772779,4.227995852358898,4.314646815213984,4.309786521738746,7.372341045843254
2006-04-07,sz000901,10.41,10.9,11.08,10.3,82710,38511692.0,7.46,4.31,0.45,12.31,4.917558020825436,0.20124576984982756,10.564000000000004,10.611333333333333,10.54903679913045,4.772418251954152,4.78737125448651,4.782209356398118,10.259,10.457090909090908,10.302263468949365,4.740395952748564,4.7835279999557265,4.675294861560708,9.833499999999999,10.076047619047621,9.997909857299902,4.385654617929535,4.557646381258609,4.5151743518472465,9.785333333333334,9.908774193548387,9.792858871116483,4.322475078205624,4.4362797550967175,4.431058657630963,9.161000000000001,9.568650273224044,9.410616459419574,4.245345749139592,4.337255410901411,4.329713456135031,7.585592599643789
2006-04-25,sz000901,8.3,9.33,10.39,8.19,140495,55859092.0,20.18,-14.4,-1.57,16.21,5.147660868646446,0.23010284782100943,10.330000000000002,10.2,10.1426911994203,4.840312283707743,4.912452126717274,4.904026527147561,10.279,10.288181818181817,10.125488292776753,4.850077681517517,4.857576166482613,4.761179590121751,9.8365,10.028095238095236,9.934299394699911,4.440114462081745,4.63021840513641,4.57541116297098,9.755999999999998,9.879397849462366,9.762997008463806,4.349121576789717,4.489517548028383,4.47729105834164,9.183666666666666,9.574191256830598,9.407973296815651,4.267685691029097,4.366839513180324,4.356531404086225,7.747093871884238
2006-04-26,sz000901,9.09,10.0,10.23,8.93,134976,57648036.0,13.93,7.18,0.67,15.57,5.130256553723374,-0.017404314923071595,10.222000000000003,10.09,10.0951274662802,4.924213227475592,5.009100216722485,4.979436536006165,10.316999999999998,10.237454545454545,10.102672239544615,4.8805321710383405,4.908517779610951,4.828284492594773,9.855500000000001,10.043666666666667,9.940556595204681,4.4780766689237215,4.6959462233879945,4.628253581137875,9.760333333333332,9.895139784946236,9.778287524046787,4.372509439491432,4.539913352991845,4.519417864495301,9.216,9.600956284153005,9.427384008395466,4.284494567830531,4.395120525071941,4.381899441779247,7.760784515986453
2006-04-27,sz000901,9.87,9.83,10.41,9.35,87807,37041172.0,10.6,-1.7,-0.17,10.13,4.943529139370713,-0.18672741435266094,10.102000000000002,9.959333333333335,10.0067516441868,4.971063366708316,5.015538854020859,4.967467403794348,10.245999999999999,10.14890909090909,10.05309546871832,4.869597614969693,4.9199717738532005,4.849238064735853,9.8715,10.041238095238095,9.930027395661376,4.519057278717351,4.740275030097232,4.658279824779097,9.762,9.899634408602148,9.781623812817964,4.396383044718827,4.576753333629218,4.546779882229199,9.246,9.621087431693988,9.44058453271037,4.299488184035022,4.41672821594211,4.400313530224869,7.568684719507745
2006-04-28,sz000901,9.74,9.78,10.39,9.71,76918,33494920.0,6.92,-0.51,-0.05,8.87,4.886027983311423,-0.05750115605929018,9.968000000000004,9.852,9.931167762791201,5.005006513175479,4.987193726221894,4.9403209303000395,10.172,10.064181818181817,10.00344174713317,4.86319363753349,4.9229591135516975,4.855927140840501,9.886,10.03252380952381,9.915739072265055,4.566834149617608,4.775224621010953,4.6799701255917,9.762,9.90079569892473,9.781519050700677,4.421287230831422,4.608343329667449,4.568666856492569,9.2725,9.6385956284153,9.451712908687078,4.315033238817059,4.43595902903314,4.416238594260494,7.524978944849912
2006-05-08,sz000901,9.76,9.98,10.3,9.53,81596,34776516.0,7.87,2.04,0.2,9.41,4.911668869286865,0.02564088597544245,9.784000000000002,9.856,9.947445175194135,5.0038286828677645,4.956081178259024,4.930770243295648,10.174,10.029272727272728,9.999179611290774,4.888123467410958,4.931772792052311,4.8660620005580215,9.907,10.04147619047619,9.921859160620762,4.613911876967697,4.808066022884215,4.702036672610286,9.764999999999999,9.91486021505376,9.794324273236118,4.448010083313653,4.6399808547290915,4.59079601860833,9.302999999999999,9.661792349726776,9.469033796926846,4.332475987061154,4.4555208529829695,4.432482209835129,7.54128607111797
2006-05-09,sz000901,9.89,10.95,10.95,9.78,99716,46124700.0,11.72,9.72,0.97,11.5,4.998764848925502,0.08709597963863658,10.108000000000004,10.244666666666667,10.28163011679609,4.974049478923575,4.9543932336116026,4.9534351118389335,10.219,10.170363636363636,10.172056045601542,4.907180881315659,4.951889406873137,4.8901897911702905,9.9825,10.140809523809525,10.019777335799738,4.669337454156246,4.844718686880197,4.7302964989260206,9.806999999999999,9.99131182795699,9.868883997543467,4.475166694754781,4.675513420252437,4.617116588306213,9.348333333333334,9.715792349726774,9.517590065880064,4.348968095027105,4.477366389437538,4.451048853739731,7.6639335544783735
2006-05-10,sz000901,11.12,12.0,12.0,11.12,79996,41016144.0,8.04,9.59,1.05,9.23,4.903068271724962,-0.09569657720054003,10.508000000000004,10.875333333333334,10.854420077864061,4.928611822523893,4.930732831212064,4.936646165134277,10.365,10.494181818181818,10.504409491855807,4.926412524999742,4.951141659674828,4.892531333089321,10.1125,10.332952380952381,10.208369970485476,4.717902723318434,4.866978764743884,4.7467509534783,9.881,10.132795698924731,10.006375352540662,4.50417899289586,4.703119973605351,4.635565084010649,9.411166666666668,9.802732240437157,9.59898055552334,4.357776787423538,4.495533608345664,4.465869162526132,7.61295482916161
2006-05-11,sz000901,13.12,11.35,13.16,11.21,177201,95333896.0,16.25,-5.42,-0.65,20.44,5.24846616841591,0.34539789669094834,10.812000000000001,11.156,11.019613385242709,4.989599228332932,5.037350946509404,5.040586166228155,10.456999999999999,10.673272727272726,10.658153220609297,4.980331297520624,5.009696867568677,4.957246757694155,10.2035,10.450809523809523,10.317096639963049,4.783832105556391,4.917508616657929,4.7945333549009295,9.937666666666667,10.227569892473118,10.093060813667071,4.5410555189671875,4.751138501058258,4.67510708945615,9.466,9.866300546448086,9.656391029112738,4.377228168272765,4.5247365388700045,4.491528080752026,7.979247341650367
2006-05-12,sz000901,11.55,11.95,12.09,11.37,97832,49873900.0,6.34,5.29,0.6,11.29,4.990480931989131,-0.2579852364267792,11.246000000000004,11.535333333333334,11.329742256828473,5.010489818068474,5.037644847728137,5.023884421481814,10.607000000000001,10.944727272727272,10.893034453225788,5.007748165621976,5.011542255653859,4.963289334838696,10.3435,10.61714285714286,10.472611245680854,4.827958363528461,4.937189457270571,4.8131950289093295,10.031,10.357397849462364,10.212863341817583,4.5633536735270415,4.780133688995158,4.695453788974406,9.5305,9.947743169398908,9.731591323240188,4.396266365189394,4.544843186860705,4.507887190628653,7.697873330164513
2006-05-15,sz000901,12.02,12.18,12.42,11.33,107649,55336496.0,9.12,1.92,0.23,12.42,5.032009999821382,0.04152906783225063,11.686000000000003,11.846666666666666,11.613161504552316,5.034558044175378,5.044818241645773,5.026592947595003,10.735,11.230727272727272,11.127028189002917,5.019193363521571,5.015953498235571,4.975784001199184,10.496999999999998,10.792047619047619,10.635219698473154,4.879794658135067,4.956622946441326,4.834034549948573,10.134000000000002,10.496043010752688,10.339775384280964,4.5968341997935465,4.810369581014148,4.717167092900018,9.597666666666665,10.034612021857924,9.811867017560182,4.413936766221766,4.565687240455197,4.525071545028414,7.743011655418521
2006-05-16,sz000901,12.09,12.51,13.36,11.46,132635,72716840.0,15.6,2.71,0.33,15.3,5.122658141724455,0.09064814190307313,11.998000000000003,12.121333333333332,11.912107669701545,5.059336702735168,5.074184940828799,5.058614678971487,11.053,11.553454545454546,11.378477609184205,5.0166930908293725,5.03476527609064,5.002488390385596,10.666,10.983761904761904,10.813770203380471,4.933385386173444,4.979752802021267,4.861522511070085,10.241999999999999,10.649333333333335,10.479789875617676,4.632307338330954,4.844293706300012,4.743327805727402,9.671833333333332,10.130098360655735,9.900330394033618,4.436606843877781,4.5889240068651205,4.544664548198776,7.861634997821428
2006-05-17,sz000901,12.29,13.72,13.72,12.22,162025,94359272.0,11.99,9.67,1.21,18.69,5.209582030125189,0.08692388840073395,12.342000000000002,12.695333333333334,12.514738446467696,5.120639454415214,5.124266716625472,5.108937129356055,11.425,12.038363636363636,11.804208952968894,5.024625638469553,5.069835992326243,5.040141779429158,10.870999999999999,11.274619047619048,11.090553993534712,4.952578904753947,5.006057244302385,4.89467103669438,10.378666666666666,10.873720430107527,10.688835690093956,4.660259658772333,4.881537234802867,4.773408723430485,9.767,10.262825136612022,10.025565463081696,4.457812093176344,4.614267455594544,4.566465121376691,7.974784581560713
2006-05-18,sz000901,13.72,14.15,14.69,13.12,104855,65084996.0,11.44,3.13,0.43,12.1,5.020589144583294,-0.18899288554189475,12.902000000000005,13.298,13.059825630978466,5.07506404964869,5.090916613348166,5.079487801098468,11.857000000000001,12.533818181818182,12.230716416065457,5.0323316389908115,5.069102084346923,5.036586754911728,11.0515,11.586904761904762,11.381929803674264,4.950964626980252,5.012534410000418,4.906663237445705,10.533333333333333,11.117032258064516,10.9121366133137,4.690148732141838,4.904784298403574,4.789355847375829,9.868166666666665,10.40653005464481,10.16079282494787,4.476315952964851,4.6327191621980495,4.581354433612973,7.813480882493981
2006-05-19,sz000901,14.15,13.5,14.46,13.12,87463,51763260.0,9.47,-4.59,-0.65,10.09,4.941824369659889,-0.07876477492340506,13.212000000000003,13.497333333333334,13.206550420652311,5.065332737182841,5.046503386685232,5.033599990618942,12.229000000000001,12.832545454545453,12.4614952495081,5.037911277625658,5.052646217195847,5.019357230320484,11.200500000000002,11.82009523809524,11.583650774752908,4.950552457579574,5.011663909303241,4.910011916704199,10.667,11.308430107526881,11.07909554148701,4.723859858953625,4.9210214363079645,4.799192526232866,9.956666666666667,10.525606557377047,10.270275027408596,4.48765626534128,4.6479817332372315,4.593173120040741,7.71402161996797
2006-05-22,sz000901,13.43,13.12,13.66,12.47,79038,44703148.0,8.81,-2.81,-0.38,9.12,4.897835942207694,-0.04398842745219511,13.400000000000002,13.466666666666667,13.177700280434875,5.038497925660105,4.990671121693515,4.988345307815193,12.543,12.994545454545456,12.581223385961172,5.036527984917741,5.027177974392581,4.997262450663613,11.3585,12.002904761904762,11.729969748585964,4.962325726164349,5.006643288791634,4.908852300085484,10.785666666666666,11.46668817204301,11.210766796874946,4.754783912951044,4.93224569974371,4.805556617586081,10.037666666666667,10.629322404371585,10.36370863306733,4.5027420970587055,4.661430247232852,4.603162065029821,7.6503381072681815
2006-05-23,sz000901,12.78,11.84,12.89,11.84,61016,32369094.0,8.0,-9.76,-1.28,7.04,4.785443733380657,-0.11239220882703638,13.266000000000002,12.946666666666665,12.731800186956583,4.971055043991344,4.906319724267034,4.920711449670348,12.632,12.866727272727273,12.446455497604594,5.015195873363256,4.981526292294928,4.958749956612166,11.4255,12.048761904761905,11.740448820149204,4.961188377339457,4.989797384716996,4.897099103256452,10.865666666666666,11.534709677419354,11.251362487399144,4.784623593891916,4.9342237526746535,4.804259012153474,10.095166666666668,10.688415300546449,10.412111628704466,4.51359973017724,4.6706991533417686,4.609138513172471,7.510130543816935
2006-05-24,sz000901,11.51,11.28,12.09,10.7,68509,33738148.0,11.74,-4.73,-0.56,7.9,4.835747628333111,0.05030389495245391,12.778000000000002,12.284666666666665,12.24786679130439,4.89628816363293,4.861217252380955,4.892390175891269,12.559999999999999,12.62090909090909,12.234372679858303,5.008463809024072,4.948899338653084,4.936385896925065,11.4625,12.034904761904762,11.696596551563566,4.967438167011907,4.9778506467163925,4.891256105644705,10.928333333333335,11.56144086021505,11.253210068857264,4.814756418553646,4.937522077477309,4.8062905357779675,10.143333333333333,10.727262295081967,10.440566985140384,4.5236757048914145,4.681261379510814,4.616568320226918,7.528121239027978
2006-05-25,sz000901,11.28,11.44,11.55,11.1,34260,16799204.0,3.99,1.42,0.16,3.95,4.534787358629492,-0.30096026970361933,12.236,11.838666666666665,11.978577860869594,4.7991278064421685,4.740716984046476,4.7731892368040105,12.568999999999999,12.417272727272726,12.08994128352043,4.937095928045429,4.862776347672252,4.863367980871325,11.513,12.032761904761905,11.672158784747989,4.958713612783027,4.9366458078228295,4.857306701167065,10.991999999999999,11.594451612903226,11.265261032156797,4.83492004638607,4.919459557482203,4.788774201768389,10.191166666666668,10.769775956284155,10.473335280709552,4.5260617762427895,4.681625696026816,4.613886977223723,7.225288703952195
2006-05-26,sz000901,11.55,11.86,12.0,11.33,45754,23230890.0,5.86,3.67,0.42,5.28,4.660429067844868,0.1256417092153761,11.908000000000001,11.713333333333333,11.939051907246396,4.742848746079165,4.69448407118071,4.73560251381763,12.559999999999999,12.28836363636364,12.048133777425805,4.904090741631004,4.81247328218124,4.826469996684696,11.5835,12.065809523809522,11.6900484242958,4.95591945362649,4.908237755923957,4.838556450374475,11.082333333333333,11.650451612903227,11.303631288146683,4.853335822895975,4.908202074995675,4.780493870547517,10.242333333333335,10.824491803278688,10.518799697735467,4.530558346021007,4.686031180997376,4.615412947408023,7.366065848400527
2006-05-29,sz000901,11.77,12.22,12.4,11.68,58691,30877550.0,6.07,3.04,0.36,6.77,4.768571509254279,0.1081424414094112,11.728000000000003,11.817333333333332,12.032701271497597,4.716995859488482,4.703058325572415,4.74659217896318,12.564,12.226545454545455,12.079382181530205,4.877746892574293,4.787833421749109,4.815942998970074,11.6495,12.126428571428573,11.740520002934295,4.948470128047932,4.890395094555175,4.831891217886838,11.186,11.723849462365592,11.362751850201736,4.879112069614809,4.902733409599437,4.7797246859479525,10.304666666666666,10.889333333333335,10.574576756826108,4.53966937873211,4.69383489126732,4.620434539599704,7.489642833642575
2006-05-30,sz000901,12.22,12.51,12.85,12.13,64699,35363680.0,5.89,2.37,0.29,7.46,4.810897568182794,0.0423260589285146,11.862000000000004,12.078000000000001,12.191800847665066,4.722086626448909,4.734358895137187,4.768027308703052,12.564,12.216727272727272,12.157676330342895,4.846570835220127,4.775678999132473,4.8150256479178415,11.808499999999999,12.208380952380951,11.813803812178648,4.931631963024749,4.87729294599659,4.829891822676929,11.298666666666666,11.809268817204302,11.43676785986614,4.904447202522338,4.898332474023177,4.781735839640524,10.367,10.961639344262293,10.6380332566023,4.54833448433473,4.702727618790293,4.626679229061444,7.548557452057516
2006-05-31,sz000901,12.47,13.16,13.54,12.36,90547,51440308.0,9.43,5.2,0.65,10.45,4.956874065859034,0.14597649767623988,12.238000000000003,12.510666666666664,12.514533898443378,4.746311913954093,4.81262137494056,4.830976227755046,12.508,12.325090909090909,12.339916997553276,4.821300038793511,4.795734131975911,4.840816269361694,11.9665,12.337095238095236,11.94201297292354,4.922962838631532,4.879696955790331,4.841985369646653,11.416666666666666,11.929354838709678,11.547944126971553,4.908819282767135,4.901714852302963,4.793035080041719,10.437833333333334,11.053213114754097,10.720720690812062,4.558073629058188,4.716122359168139,4.637505289284316,7.7113035602719195
2006-06-01,sz000901,13.16,14.44,14.44,12.89,139945,86480408.0,11.78,9.73,1.28,16.14,5.145957386466343,0.1890833206073088,12.838000000000003,13.244666666666667,13.156355932295586,4.8685459195214635,4.945836532444644,4.935969947325479,12.536999999999999,12.676363636363636,12.721750270725407,4.8338368629818165,4.854762740643698,4.89629647247163,12.197,12.572666666666668,12.179916499311773,4.9330842509863135,4.900934531774599,4.870935085534243,11.546666666666669,12.124408602150535,11.734528376844356,4.911922038980773,4.917014084799687,4.8158042611013725,10.535333333333334,11.184431693989072,10.842664274719864,4.575705756868582,4.7353972364602095,4.65417584984766,7.936917729878309
2006-06-02,sz000901,15.13,13.81,15.85,13.66,179632,118162600.0,15.17,-4.36,-0.63,20.72,5.254383705301721,0.10842631883537823,13.228000000000003,13.568666666666665,13.374237288197058,4.987336847012834,5.074449127704729,5.042107866650893,12.568,12.907818181818183,12.919613857866242,4.865092796546,4.93122580288368,4.9614032420771,12.3985,12.726285714285714,12.335162546996367,4.951502037085829,4.931534479804638,4.907454001702574,11.656333333333333,12.270430107526884,11.868429771886655,4.922065903901715,4.939108385852651,4.844099709114299,10.623333333333333,11.29179781420765,10.939953970630688,4.595829432721554,4.757648972474412,4.673854795928121,8.072480038441588
2006-06-05,sz000901,13.01,12.98,13.61,12.47,96716,53882232.0,8.25,-6.01,-0.83,11.16,4.985498326584618,-0.26888537871710305,13.380000000000004,13.486,13.24282485879804,5.030722210478902,5.073836287561991,5.023238019962135,12.554,12.982727272727272,12.930593156436014,4.873859034983691,4.953117717436157,4.9657841665330125,12.5485,12.781666666666665,12.396575637758618,4.955193509950716,4.934772221661666,4.914886794548483,11.757,12.355827956989245,11.940143980152033,4.93283682910413,4.94320080021929,4.853222200563997,10.693166666666666,11.369065573770492,11.006840725691976,4.609394247227685,4.770425001781396,4.684072616605383,7.731445577496501
2006-06-06,sz000901,12.98,13.5,13.79,12.67,62352,36111592.0,8.63,4.01,0.52,7.19,4.794850388448615,-0.1906479381360029,13.578000000000003,13.526,13.32854990586536,5.027512774532066,4.9952123468852285,4.947108809457628,12.72,13.154727272727273,13.034121673447649,4.874799700490487,4.938752508975234,4.934705297790394,12.676,12.872285714285713,12.501663672257799,4.944997786926871,4.919501448185275,4.903454755872305,11.857,12.468279569892474,12.04077985240029,4.932392151723135,4.934298449209256,4.849456277201714,10.767166666666666,11.461092896174863,11.088583652718468,4.613603171629354,4.776505531001756,4.687704674698604,7.5576466349672495
2006-06-07,sz000901,13.39,12.18,13.72,12.18,59015,32518782.0,11.41,-9.78,-1.32,6.81,4.770962411460195,-0.023887976988420156,13.382000000000001,13.06,12.945699937243575,4.990330443652299,4.9096955591946045,4.888393343458484,12.809999999999999,13.056545454545454,12.878826823729893,4.868321178803195,4.919873001878816,4.904933863912176,12.684999999999999,12.825047619047618,12.471029036804675,4.938392493913634,4.902926650521782,4.890836437356866,11.911666666666665,12.48911827956989,12.049761797406722,4.934399170942337,4.92388362725681,4.844392156831294,10.815333333333333,11.507415300546448,11.124367795252288,4.617383917234202,4.78166485034047,4.69043443655964,7.5121342706063725
2006-06-08,sz000901,11.89,12.47,12.65,11.1,71549,36665256.0,12.73,2.38,0.29,8.25,4.854603568249298,0.08364115678910355,12.988000000000005,12.756,12.787133291495717,4.932059680008889,4.864453267393605,4.877130085055422,12.913,12.994727272727273,12.804494673960821,4.900302799765177,4.917378890869017,4.89578290106438,12.741,12.80457142857143,12.470931033299468,4.9186993639053025,4.894946752839465,4.88738568791805,11.979666666666667,12.525139784946239,12.076873939509515,4.939243341777076,4.918735523857258,4.845050957567939,10.8575,11.561666666666666,11.168486883932541,4.619857075302096,4.789442543816375,4.695817031041267,7.5642547216239855
2006-06-09,sz000901,12.33,12.13,13.01,11.89,57141,31078648.0,8.98,-2.73,-0.34,6.59,4.756947836513677,-0.09765573173562103,12.652000000000005,12.47,12.568088860997145,4.83257250625128,4.806082652895201,4.837069335541507,12.940000000000001,12.852363636363638,12.681859278695216,4.909954676632057,4.891314352096018,4.870540162055161,12.75,12.746380952380951,12.438461411080471,4.90702270913153,4.879541845468833,4.874963035403348,12.035666666666666,12.534838709677418,12.080301427283096,4.9405978612950125,4.906974523517683,4.839366885241858,10.898166666666667,11.603387978142075,11.200011904131474,4.624977709984467,4.793937322872492,4.69782131974528,7.492462117628524
2006-06-12,sz000901,11.82,11.93,12.24,11.55,26189,13538887.0,5.69,-1.65,-0.2,3.02,4.418118915654199,-0.3388289208594779,12.442000000000004,12.229333333333335,12.355392573998097,4.719096624065196,4.667931456029507,4.697419195579071,12.911000000000001,12.66872727272727,12.54515759165972,4.874909417272049,4.801889668281861,4.788281753618623,12.7375,12.668285714285712,12.390036514787093,4.876328154923171,4.832979579423373,4.831454071617715,12.07,12.528021505376344,12.070604561006768,4.923949891122637,4.873266204444084,4.812189596881364,10.927666666666665,11.637218579234972,11.223945940061588,4.623212484664132,4.787155067320682,4.6886507491193425,7.131582963490473
2006-06-13,sz000901,11.77,12.22,12.38,11.59,27625,14540534.0,6.62,2.43,0.29,3.19,4.441302286693167,0.023183371038967948,12.186000000000003,12.155333333333335,12.310261715998731,4.648387003714108,4.575333343572164,4.612046892617103,12.882,12.543090909090909,12.48603802953977,4.837949889123086,4.7230520081766105,4.725194577813994,12.722999999999999,12.619,12.373842560997847,4.842260362171607,4.791548544353848,4.794296758767758,12.166333333333334,12.537698924731187,12.080242976425687,4.9004046050575285,4.842127649319602,4.788261383320835,10.961166666666665,11.679590163934426,11.256603450223503,4.624763090923623,4.781190798534748,4.680540963466025,7.162580356247557
2006-06-14,sz000901,12.15,12.78,12.83,11.86,43994,23663908.0,7.94,4.58,0.56,5.07,4.6433934504731535,0.20209116377998626,12.306000000000003,12.353333333333333,12.466841143999154,4.6228732115166995,4.573668825825179,4.622495745235787,12.844,12.524545454545455,12.53948566053254,4.806601827584498,4.687678110240259,4.710321645570205,12.675999999999998,12.624428571428572,12.412524221855195,4.813950933189005,4.772608838477806,4.779925015120653,12.259000000000002,12.577290322580644,12.125388590849838,4.884175834949188,4.825546284507706,4.778915065072598,11.009666666666666,11.739224043715847,11.306550878085028,4.628342637220309,4.781801629995388,4.679323012220357,7.374086468215951
2006-06-15,sz000901,12.78,12.45,13.14,12.38,48304,26798822.0,5.95,-2.58,-0.33,5.57,4.6839830956790225,0.04058964520586894,12.302000000000003,12.401333333333334,12.46122742933277,4.588749117002644,4.594038787212621,4.642991528716865,12.645,12.45290909090909,12.523215540435714,4.760404398505767,4.665383795348354,4.705532818317263,12.591,12.602904761904762,12.41609334358327,4.797120630743791,4.760230949191142,4.770787689459545,12.346333333333332,12.589612903225804,12.146331262407912,4.875524300159465,4.812630623909632,4.772790421885915,11.054166666666667,11.786448087431692,11.34404101322978,4.635953672439145,4.783625907321904,4.679475801841952,7.428115704098053
2006-06-19,sz000901,12.56,12.71,13.1,12.56,37108,20668244.0,4.34,2.09,0.26,4.28,4.569467547925435,-0.1145155477535873,12.418000000000003,12.537333333333333,12.54415161955518,4.551253059284996,4.587611597520218,4.618483535119722,12.535,12.464727272727272,12.557176351265584,4.691912782768138,4.6306680043337485,4.6807936782460215,12.5515,12.614238095238097,12.444084453718197,4.778502789657069,4.73854970320844,4.751614342646773,12.443999999999999,12.613075268817207,12.182696987413854,4.864972285646598,4.792885026991306,4.759672817114272,11.103000000000002,11.840737704918032,11.388826553779623,4.64312975823901,4.781446034387028,4.675868973844689,7.315303579989362
2006-06-20,sz000901,12.67,13.9,13.95,12.6,90597,52890392.0,10.62,9.36,1.19,10.45,4.957113816826735,0.3876462689012996,12.812000000000003,13.031333333333333,12.996101079703454,4.659052039519503,4.722898516700797,4.731360295688726,12.626999999999999,12.712909090909092,12.801326105580932,4.68907433179235,4.678886374162585,4.731033703442515,12.5905,12.742666666666667,12.582743077173609,4.781466683388021,4.755560277224599,4.771185721140102,12.574666666666667,12.707010752688175,12.293490730161347,4.8664871172312605,4.7988296419061545,4.772410946127979,11.169833333333335,11.93244262295082,11.471160109393406,4.657248600272457,4.791740593684986,4.685090116237543,7.723376785827947
2006-06-21,sz000901,13.9,13.3,13.9,13.12,61746,36163876.0,5.61,-4.32,-0.6,7.12,4.790608828584417,-0.16650498824231796,13.028000000000002,13.193999999999999,13.097400719802303,4.728913347897753,4.766750779722435,4.751109806653957,12.607,12.835272727272729,12.891994086384399,4.688650175805931,4.697347191761142,4.741865544377406,12.6635,12.810238095238097,12.651053260299932,4.7817249381482085,4.756430957719494,4.773035540896704,12.653,12.753806451612904,12.358426812086421,4.859548583219891,4.793934268445068,4.773585003060653,11.229999999999999,12.002284153005464,11.531122073019851,4.667357638987337,4.796113060187017,4.688549746150555,7.55827497144935
2006-06-22,sz000901,13.16,13.77,14.24,13.16,68591,41113456.0,8.12,3.53,0.47,7.91,4.836267134558677,0.04565830597426057,13.226000000000003,13.441333333333334,13.321600479868204,4.7674880847148575,4.8025353752760775,4.779495582622197,12.766000000000002,13.04672727272727,13.051631525223598,4.6951806481157785,4.724186638807095,4.75902946986491,12.788,12.915619047619046,12.757619616461843,4.781750913459487,4.7616254526157284,4.77905759743594,12.712,12.825870967741935,12.44949605001633,4.8573218786476815,4.792432239499182,4.777629011544397,11.2965,12.085562841530058,11.604527906691331,4.680750435771771,4.801651076435257,4.693392939213116,7.613983985139481
2006-06-23,sz000901,13.63,13.66,13.95,13.36,37968,22556942.0,4.28,-0.8,-0.11,4.38,4.579417720873264,-0.2568494136854138,13.468000000000004,13.586000000000002,13.434400319912136,4.746575009753705,4.739845253995545,4.71280296203922,12.885,13.209272727272728,13.162243975182944,4.667662063378176,4.70313883385391,4.726372788230065,12.899000000000001,12.998666666666665,12.84356060537024,4.783982431571675,4.742355624750374,4.760044275858542,12.788999999999998,12.887032258064517,12.527593079047536,4.835020263729593,4.774502938997608,4.764841186339808,11.363333333333335,12.163054644808742,11.671920434340796,4.68803789134839,4.798328692340225,4.689656046808531,7.353280222858127
2006-06-26,sz000901,13.66,13.43,14.22,13.34,57182,34134384.0,6.44,-1.68,-0.23,6.6,4.7572593411894015,0.17784162031613793,13.612000000000004,13.573333333333332,13.432933546608092,4.784133368406499,4.743406697807444,4.727621755089281,13.015,13.308363636363637,13.210926888786044,4.667693213845747,4.719429248001407,4.731988525131762,12.977500000000001,13.049238095238096,12.89941197628736,4.788823945238902,4.739810568523491,4.75977904398529,12.838333333333333,12.928387096774195,12.58581288039931,4.827246210702937,4.7694861052853375,4.764352035039782,11.434666666666665,12.23081420765027,11.729562387313228,4.695299942114989,4.800598248072717,4.691872548263642,7.533192069841431
2006-06-27,sz000901,13.36,13.81,13.9,13.34,47703,28422992.0,4.17,2.83,0.38,5.5,4.678545692299574,-0.07871364888982768,13.594000000000003,13.639333333333335,13.558622364405396,4.728419743501067,4.708210805771802,4.7112630674927125,13.203,13.452909090909092,13.319849272643127,4.6937358915102845,4.721402425902102,4.722271646435001,13.056999999999999,13.12852380952381,12.986134645212372,4.7843226543911666,4.729307877767364,4.752042534300935,12.892666666666665,12.991075268817205,12.664792694567097,4.815464067118876,4.759892523452862,4.75881614195977,11.513333333333334,12.308693989071037,11.797773456581647,4.706149133456211,4.800048928406637,4.691435602166459,7.453669792827731
2006-06-28,sz000901,13.81,13.63,14.04,13.59,37482,22465630.0,3.26,-1.3,-0.18,4.32,4.573822756329665,-0.10472293596990845,13.660000000000002,13.651333333333334,13.582414909603598,4.685062529050116,4.656678476714669,4.6654496304383635,13.344,13.530545454545456,13.37624031398074,4.706987938473935,4.699600037687445,4.695280939143121,13.113,13.183095238095238,13.047455155192146,4.772468913798511,4.709260268428174,4.735069222113196,12.93,13.038645161290319,12.727064133627286,4.797169554272383,4.744302761466462,4.746881084822344,11.586000000000002,12.378092896174863,11.857846458005199,4.714738446301668,4.795710358664784,4.687579443286564,7.3515186019491745
2006-06-29,sz000901,13.63,13.72,14.01,13.63,44165,26521370.0,2.79,0.66,0.09,5.09,4.6450782347729245,0.07125547844325908,13.650000000000002,13.671333333333333,13.628276606402398,4.646824749092966,4.643350378622271,4.658659165216551,13.437999999999999,13.598909090909093,13.43874207507515,4.707156416903912,4.688343727923624,4.686153174712176,13.141,13.240904761904766,13.111507045173846,4.7568791222442055,4.697127822806689,4.726498651890313,12.930000000000001,13.089612903225808,12.791124512102945,4.7783527610939736,4.734490418272948,4.740313159012705,11.654333333333334,12.448060109289614,11.91890067249683,4.719306209933153,4.793426417303185,4.6861859610402155,7.423595954426272
2006-06-30,sz000901,13.72,13.1,13.9,13.01,58020,33529148.0,6.49,-4.52,-0.62,6.69,4.7635777244666455,0.11849948969372104,13.538000000000002,13.488,13.452184404268266,4.683656749811642,4.682268037080164,4.693632018299915,13.503,13.537454545454546,13.377152606879665,4.715115879782674,4.698602147480485,4.700230365576624,13.074000000000002,13.237,13.11041113610967,4.7377601391442195,4.697765784923113,4.7300299921356785,12.895,13.100580645161294,12.811051962935014,4.769785713756752,4.733537190103443,4.741814098719411,11.714166666666667,12.495459016393442,11.957625240611687,4.729967222949296,4.794877942369857,4.688723395906655,7.525422517830855
2006-07-03,sz000901,13.25,13.32,13.45,13.1,33754,19462874.0,2.67,1.68,0.22,3.89,4.528325246055692,-0.23525247841095354,13.516000000000002,13.415333333333333,13.408122936178845,4.6378699307849,4.630490869161515,4.6385297608851745,13.563999999999998,13.504181818181818,13.366761223810634,4.7110016495956994,4.66464021407558,4.668974889300091,13.0495,13.260428571428571,13.130371980289702,4.701457216181919,4.677819604628967,4.710820016318537,12.889000000000001,13.128,12.843887320165015,4.756002409636612,4.717959095413052,4.72804062435401,11.778,12.548109289617488,12.002293265509664,4.7399311342951185,4.788266730012691,4.683464440173837,7.2892069710906595
2006-07-04,sz000901,13.3,14.24,14.24,13.07,100643,60334824.0,8.78,6.91,0.92,11.61,5.0027835738884265,0.47445832783273456,13.602000000000004,13.656666666666668,13.685415290785897,4.702717507102671,4.752128750196023,4.759947698552925,13.598000000000003,13.627090909090906,13.52553191039052,4.715568625301868,4.717691473037894,4.729667377407061,13.1125,13.373809523809523,13.23605083930973,4.702321478547109,4.706517352981966,4.73862606942043,12.926333333333332,13.21516129032258,12.93395910596082,4.759500664025969,4.733880460848653,4.745765975936877,11.856,12.628830601092897,12.07566069942738,4.757142288488508,4.796884842786243,4.693933919967757,7.780568050209913
2006-07-05,sz000901,14.06,14.46,14.87,13.81,128744,81233800.0,7.44,1.54,0.22,14.85,5.109726998275479,0.10694342438705284,13.768000000000004,13.942666666666668,13.943610193857266,4.809898355491834,4.88779858058696,4.876540798460443,13.713999999999999,13.783818181818182,13.695435199410424,4.747480442270975,4.789356631760368,4.7987691266558645,13.160499999999999,13.502142857142855,13.352617426042137,4.718065309038453,4.745317878670384,4.773969015025673,13.013666666666667,13.314107526881722,13.032413357189156,4.770310106189131,4.75647570821959,4.769247332216787,11.939666666666666,12.714207650273226,12.153835758462547,4.777466850040523,4.808444997205487,4.7075664799122725,7.909736769379006
2006-07-06,sz000901,14.46,15.2,15.58,14.24,98056,64923376.0,9.27,5.12,0.74,11.31,4.991474173089647,-0.11825282518583258,14.064000000000002,14.42,14.362406795904844,4.879177543155178,4.948323853119564,4.914851923336844,13.857,14.054,13.968992435881255,4.763001146124072,4.833719128272854,4.833806407825643,13.3115,13.69638095238095,13.528558623561933,4.729090897119925,4.771356818103831,4.794683791984148,13.144333333333332,13.455161290322584,13.17225765672534,4.775500991014349,4.770744357697042,4.7835845477569725,12.036333333333333,12.821103825136612,12.253709995890006,4.795128704783997,4.815461630748081,4.716874928868908,7.812401094950402
2006-07-07,sz000901,15.13,14.98,15.22,14.51,80042,51741168.0,4.67,-1.45,-0.22,9.23,4.903317931764674,-0.08815624132497302,14.440000000000003,14.725333333333335,14.568271197269897,4.907125584614784,4.95637064932273,4.9110072594794545,13.989,14.25818181818182,14.152811992993755,4.795391167213213,4.8592312711166,4.8464448667236475,13.437000000000001,13.855285714285715,13.666791135603653,4.731526615295694,4.787949869022378,4.805029900534674,13.262333333333334,13.57359139784946,13.288886195001126,4.787785343452188,4.778990611938998,4.791309282209083,12.127166666666666,12.917617486338798,12.343096553401807,4.811352694919129,4.81900881851794,4.722987814209752,7.713836228211786
2006-07-10,sz000901,14.89,14.84,15.18,14.46,37627,24310562.0,4.81,-0.93,-0.14,4.34,4.5754995934093206,-0.32781833835535323,14.744000000000003,14.858666666666666,14.658847464846598,4.916560454085509,4.845828652254242,4.79917137078941,14.129999999999999,14.41290909090909,14.277755266994891,4.777215192435205,4.819250984970438,4.797182089757406,13.5725,13.988904761904763,13.77852531316521,4.722454203140477,4.773090152652248,4.78316987128464,13.361666666666668,13.675376344086022,13.388958053388151,4.784954360971003,4.765294757097522,4.777386076480066,12.222000000000001,13.006562841530053,12.424962240175518,4.81914509193349,4.811275929943847,4.7181521348392454,7.385794998772485
2006-07-11,sz000901,14.87,15.27,15.56,14.66,55115,36411832.0,6.06,2.9,0.43,6.36,4.741269811749644,0.1657702183403238,14.950000000000003,15.033999999999999,14.8625649765644,4.864257701657753,4.787398438142287,4.7798708511094885,14.276000000000002,14.62018181818182,14.458163400268546,4.783487604380212,4.812715461209427,4.787016221028722,13.739499999999998,14.150571428571428,13.92057052143519,4.738611747945248,4.77488211537693,4.779179389424164,13.463333333333333,13.798494623655913,13.510315598330852,4.784044304387516,4.762476399083242,4.775055994884555,12.324666666666667,13.106497267759565,12.51824216672714,4.8315781870011625,4.808722642068966,4.718910091459258,7.5612425302790465
2006-07-12,sz000901,14.98,14.66,15.76,14.64,62575,41389112.0,7.33,-3.99,-0.61,7.22,4.79640085828026,0.05513104653061607,14.990000000000004,14.937333333333333,14.7950433177096,4.801592473658709,4.764779490349789,4.785380853499746,14.379000000000001,14.69,14.494860963856082,4.805745414575272,4.81506332555489,4.78872251871082,13.861500000000001,14.238238095238094,13.9909923765366,4.756366676524602,4.780385840170741,4.780819529315221,13.535,13.875698924731182,13.584488785535314,4.783561080724098,4.763273596108581,4.776433082845569,12.416833333333333,13.183065573770493,12.588463735031167,4.844004141623218,4.8075692870289375,4.721450772338635,7.61688610874826
2006-07-13,sz000901,14.57,13.23,14.6,13.23,75624,45021708.0,9.35,-9.75,-1.43,8.72,4.878659644885606,0.08225878660534569,14.596000000000004,14.350666666666667,14.273362211806402,4.779029568017901,4.790468547425421,4.816473783961699,14.330000000000002,14.48109090909091,14.264886243154976,4.82910355558654,4.828320458338587,4.805074723469872,13.884,14.178095238095239,13.918516912104542,4.768129986245225,4.792032789538455,4.790137635560019,13.537333333333333,13.856021505376347,13.56161854130723,4.780953933358317,4.769408987344806,4.783028344912668,12.477,13.209726775956286,12.609497710931784,4.844886608062726,4.80870553303754,4.726605161602469,7.653421966917377
2006-07-14,sz000901,12.67,11.98,12.67,11.95,75876,40071500.0,5.44,-9.45,-1.25,8.75,4.880104427860843,0.001444782975236869,13.996000000000004,13.478666666666667,13.50890814120427,4.774386867237135,4.824160167373068,4.8376839985947475,14.217999999999998,14.053818181818183,13.84945238076316,4.8407562259259596,4.837593344206642,4.818716487904593,13.860499999999998,13.996761904761906,13.73389625380887,4.777936052854317,4.802697022073276,4.798705901493431,13.455333333333332,13.755548387096773,13.459578635416442,4.772092168071467,4.7758057934417435,4.789291318006099,12.501000000000001,13.193431693989071,12.588858441720905,4.84200710352612,4.809860215653872,4.731637924430613,7.602835599720695
2006-07-17,sz000901,12.0,12.31,12.49,11.86,42942,22713818.0,5.26,2.75,0.33,4.95,4.632882267597586,-0.24722216026325672,13.490000000000004,12.916666666666666,13.10927209413618,4.785863402074788,4.776991967493219,4.769416754929027,14.116999999999999,13.706909090909093,13.56955194789713,4.851211928080149,4.799798079056029,4.784928447848774,13.8405,13.849095238095236,13.598287086779454,4.781106788837924,4.788882375858349,4.782913174455731,13.405333333333333,13.681655913978494,13.385412271841188,4.751375453481328,4.766824509540203,4.779200411528131,12.530833333333334,13.187169398907102,12.57971554199235,4.836720678691521,4.803003663656215,4.728400034042645,7.3562901415717725
2006-07-18,sz000901,12.31,12.27,12.42,11.98,24153,12692818.0,3.57,-0.32,-0.04,2.79,4.3829710813619815,-0.2499111862356047,12.890000000000004,12.51,12.82951472942412,4.714203655997255,4.642694527255617,4.640601530406679,13.919999999999998,13.371090909090906,13.333269775552196,4.789230678827504,4.714663379652726,4.71184529030572,13.759,13.699523809523807,13.47178355470522,4.752399652064686,4.7509646894320685,4.744823451303946,13.381666666666668,13.608408602150538,13.313450189786918,4.731291211973908,4.743056485532504,4.753637228936767,12.569333333333333,13.1786174863388,12.569560934058174,4.832064020539019,4.788126627678197,4.717074494610492,7.1035580528263145
2006-07-19,sz000901,12.22,11.46,12.29,11.26,45983,23135620.0,8.39,-6.6,-0.81,5.3,4.662597301882015,0.2796262205200337,12.250000000000004,12.033333333333333,12.373009819616081,4.687442944717606,4.625492409217204,4.647933454231791,13.62,12.92381818181818,12.992675270906341,4.744517709188157,4.691639129299,4.7028911105923195,13.666999999999998,13.480571428571428,13.28018512092377,4.745999075729566,4.742412084652767,4.7369923894542385,13.313666666666668,13.484430107526881,13.193872758187764,4.726882775755021,4.738624620365284,4.747763685255816,12.585333333333333,13.142245901639344,12.533181887039872,4.829637463739077,4.78257034182059,4.715288357143985,7.364281142434179
2006-07-20,sz000901,11.44,11.55,11.64,11.28,23048,11489948.0,3.14,0.79,0.09,2.66,4.362633245272357,-0.2999640566096584,11.914000000000005,11.8,12.098673213077388,4.584237664794957,4.51722250940212,4.552833384578646,13.255,12.547454545454546,12.730370676196095,4.681633616406429,4.622205590405219,4.641026044170507,13.556000000000001,13.278952380952385,13.115405585597696,4.722317381265251,4.705901053180652,4.701339137627392,13.292666666666667,13.370645161290323,13.08781645120791,4.71327180354876,4.715124650656725,4.722916560095593,12.602166666666667,13.108300546448087,12.500946415333646,4.823835487245548,4.76725872810037,4.7037258944596685,7.060318063208376
2006-07-21,sz000901,11.55,11.46,11.73,11.37,19372,9681360.0,3.12,-0.78,-0.09,2.23,4.2871744603745015,-0.0754587848978554,11.810000000000002,11.648666666666667,11.885782142051594,4.465651671297688,4.418201441261969,4.464280409843932,12.903,12.221090909090911,12.499394189614987,4.620019269267411,4.550485743853959,4.576689392571233,13.446000000000002,13.079333333333333,12.957747910778867,4.707705218240312,4.664458870238676,4.661894882650927,13.258999999999999,13.25240860215054,12.98279603500095,4.6943574999529325,4.687634499484192,4.6948041665652,12.619333333333334,13.070852459016393,12.466817024666968,4.816800420865005,4.749663284596402,4.690068470391302,6.985936369602609
2006-07-24,sz000901,11.3,11.77,11.82,10.99,27722,13809782.0,7.24,2.71,0.31,3.2,4.442824559187638,0.15565009881313685,11.702000000000002,11.635333333333334,11.847188094701064,4.427640129615699,4.410592403891952,4.457128459625167,12.596,12.015090909090908,12.366777064230444,4.606751765845243,4.518268523839455,4.552350331956034,13.363,12.919714285714285,12.844629062133261,4.691983479140225,4.639232140805087,4.64103104232109,13.246999999999998,13.156344086021507,12.904551129517019,4.683886724042066,4.671406567821916,4.6785474177021324,12.641333333333334,13.043005464480874,12.44397056484182,4.812242292668539,4.7374017809348485,4.68196211264692,7.140186822898376
2006-07-25,sz000901,11.77,11.95,12.22,11.68,28613,14920056.0,4.59,1.53,0.18,3.3,4.456563394860185,0.013738835672546301,11.638000000000002,11.717999999999998,11.881458729800709,4.4423585923153395,4.42023349230678,4.456940104703507,12.264,11.897636363636364,12.290999416188544,4.578281124156297,4.490961547296717,4.534934525211334,13.270000000000001,12.78514285714286,12.759426294311046,4.6808843642682545,4.616811180397465,4.623462694943861,13.247666666666667,13.072666666666667,12.842967185677212,4.685168206682264,4.656740546584375,4.6642258678413615,12.658833333333332,13.020338797814208,12.427774808617498,4.804559048902451,4.725740177728017,4.6745719907522725,7.173770453193309
2006-07-26,sz000901,11.93,11.77,12.02,11.77,19791,10173686.0,2.09,-1.51,-0.18,2.28,4.296467738800115,-0.16009565606006948,11.700000000000003,11.762,11.84430581986714,4.369132679698959,4.371603207801706,4.403449316069043,11.975,11.807818181818183,12.196272249608809,4.528287812208283,4.4397227499592296,4.491576927682021,13.176999999999998,12.642285714285716,12.665195218662376,4.667016613391778,4.5802000732100225,4.592320318168266,13.232666666666667,12.977333333333338,12.773743496278684,4.680340388419164,4.631663097043591,4.640499536935475,12.6995,12.991196721311477,12.40620842144971,4.790372496738346,4.709081446249253,4.66217513003253,7.007478329464814
2006-07-27,sz000901,11.82,11.82,11.95,11.66,19023,9721029.0,2.46,0.42,0.05,2.19,4.279279007906624,-0.01718873089349149,11.754000000000003,11.802,11.836203879911427,4.352461832225812,4.3416519838709275,4.362059213348237,11.834,11.779636363636364,12.127859113316298,4.468349748510384,4.394448421904382,4.452977305904676,13.081999999999999,12.51304761904762,12.584700435932627,4.648726652048462,4.5432726822114375,4.56250686004811,13.200666666666667,12.886193548387098,12.71221165780909,4.668203240333612,4.605788169268588,4.61719498667555,12.729833333333335,12.962360655737704,12.386988473205458,4.7761895376414,4.692324282680999,4.649621158815287,6.987712238729646
2006-07-28,sz000901,11.75,11.39,11.86,11.17,23766,11735310.0,5.84,-3.64,-0.43,2.74,4.375956092787937,0.09667708488131321,11.740000000000004,11.680666666666667,11.687469253274285,4.370218158708499,4.349483404058303,4.366691506494805,11.775,11.69890909090909,11.993702910895152,4.4179349150030935,4.377649575409392,4.43897344897436,12.996500000000001,12.351904761904764,12.470919442034281,4.629345570464527,4.5172945337104355,4.544740120309046,13.165333333333333,12.76937634408602,12.626907679885925,4.657935673570576,4.586933514588222,4.601631187069898,12.755833333333333,12.918431693989072,12.354300326542983,4.76672998686502,4.679201874653017,4.640648533699636,7.0694945664110636
2006-07-31,sz000901,11.35,10.3,11.35,10.3,29230,13464681.0,9.22,-9.57,-1.09,3.37,4.465828815357437,0.08987272256949996,11.446000000000003,11.200666666666667,11.224979502182858,4.37481900994246,4.381353622941281,4.399737276115682,11.574,11.430727272727273,11.685756927096033,4.401229569779079,4.3863575572919995,4.443856242862191,12.845500000000001,12.095095238095237,12.264165209459588,4.626220748929613,4.50172150941452,4.5372247579327025,13.085,12.584516129032261,12.476784603764253,4.654481049151642,4.574539523735761,4.59286974373361,12.7645,12.83791256830601,12.286946217475998,4.7597266673991205,4.669336262472441,4.63491673965563,7.129196068732986
2006-08-01,sz000901,10.25,10.39,10.61,10.16,18334,8202065.0,4.37,0.87,0.09,2.11,4.2632572270140665,-0.2025715883433703,11.134000000000004,10.848666666666668,10.946653001455239,4.336157776373236,4.34416636196515,4.354243926415144,11.386,11.215454545454547,11.450164758533116,4.389258184344287,4.36127167678927,4.411020058162531,12.653,11.861238095238097,12.08567328474915,4.589244431585896,4.467153554946374,4.511132612130927,12.967999999999998,12.410645161290322,12.34215333900527,4.631352496157887,4.549299277146241,4.5716044200742845,12.771333333333333,12.76006010928962,12.224751259525965,4.748919806694573,4.653058575902437,4.622731181864102,6.91392320667659
2006-08-02,sz000901,10.39,10.39,10.61,10.09,12741,5677165.5,5.0,0.0,0.0,1.47,4.1052035157103415,-0.15805371130372503,10.858000000000004,10.600666666666665,10.76110200097016,4.297904931755282,4.267181608410851,4.27123045618021,11.279,11.034363636363636,11.257407529708912,4.33351880572712,4.30962537340128,4.355417050443951,12.449499999999999,11.645714285714288,11.924180590963518,4.53901825745764,4.4210544201010835,4.47247269818611,12.871000000000002,12.24432258064516,12.216207962295252,4.608505652395418,4.515354181633496,4.541514039147579,12.761999999999999,12.68198360655738,12.164595480525112,4.7340271178076545,4.631953123739021,4.60576306166234,6.754131554906951
2006-08-03,sz000901,10.43,10.36,10.56,10.21,10272,4591588.5,3.37,-0.29,-0.03,1.18,4.011655010724778,-0.09354850498556377,10.566000000000003,10.434666666666665,10.627401333980107,4.244380132318912,4.171764968067351,4.184705307695066,11.16,10.867272727272729,11.09424252430729,4.298420982272362,4.251104683400855,4.2929148614041015,12.2075,11.446714285714283,11.775211010871754,4.4900272993393955,4.370829348983667,4.428585299380268,12.757333333333332,12.082322580645165,12.096452609889107,4.581018581600954,4.476847688622486,4.507329585700947,12.734666666666666,12.60322950819672,12.105428415589861,4.719170230124318,4.608268792359254,4.586284109172583,6.661962959488525
2006-08-04,sz000901,10.43,9.38,10.52,9.38,27152,11621624.0,11.0,-9.46,-0.98,3.13,4.4338018249736,0.4221468142488227,10.164000000000003,10.039333333333333,10.211600889320072,4.255949278756044,4.23490553228558,4.267737480121244,10.952000000000002,10.543636363636365,10.782562065342328,4.313083718732272,4.275719382073806,4.318530672962192,11.9275,11.177428571428573,11.547095676503014,4.466551493999843,4.365474541901211,4.429082111341538,12.614666666666668,11.86443010752688,11.921197602799488,4.576164718404299,4.467349833356207,4.502585859202409,12.701833333333333,12.493240437158468,12.016070106881996,4.705592491066946,4.598912451206771,4.581284690018518,7.065266820391453
2006-08-07,sz000901,9.31,9.4,9.71,9.15,22555,9217639.0,5.97,0.21,0.02,2.6,4.35324283143373,-0.08055899353987073,9.984000000000004,9.784666666666668,9.941067259546715,4.233432081971303,4.267336716511475,4.296239263892073,10.715,10.261454545454548,10.531187144370994,4.3041255459568815,4.2830210389286165,4.324841974502471,11.6555,10.936714285714286,11.342610373978918,4.455438655901062,4.354683240704439,4.421859322778889,12.480333333333334,11.657032258064516,11.758539692941458,4.562697501412443,4.452967776132298,4.492950825152817,12.659333333333333,12.384983606557379,11.930297316492421,4.69497185605769,4.587360003349945,4.573807907769837,6.964619695394273
2006-08-08,sz000901,9.44,9.71,9.74,9.44,17226,7128518.5,3.19,3.3,0.31,1.99,4.23618444288015,-0.11705838855357964,9.848000000000003,9.693333333333333,9.864044839697812,4.22801752514452,4.268254170147758,4.276220990221432,10.491000000000001,10.078727272727274,10.381880390848995,4.282087650758878,4.270668111096484,4.308722423298413,11.377500000000001,10.751428571428571,11.187123671695211,4.430184387457588,4.3338018870834,4.404176000883772,12.343666666666667,11.47830107526882,11.626375841783945,4.547952126431795,4.431902417517311,4.4763852521029674,12.618166666666667,12.288284153005463,11.8575006831648,4.681708096775336,4.572317793081829,4.562738285970174,6.852999281025909
2006-08-09,sz000901,9.71,9.6,9.87,9.58,15571,6511516.0,2.99,-1.13,-0.11,1.8,4.192316504702737,-0.043867938177412746,9.690000000000001,9.610666666666669,9.776029893131875,4.245440122942999,4.256353830000497,4.248252828381868,10.274000000000001,9.916727272727274,10.23972031978554,4.271672527349141,4.254346084540822,4.287557710826471,11.124500000000001,10.582142857142857,11.035969036295668,4.399980169778711,4.311147803011509,4.383998906009388,12.209333333333335,11.301290322580646,11.495641916507562,4.535235251377565,4.408958183857373,4.458058236141663,12.569666666666668,12.189327868852459,11.78348426732333,4.666202402824974,4.556272167112235,4.550593309535176,6.813682112037616
2006-08-10,sz000901,9.74,9.85,9.85,9.62,17555,7369556.5,2.4,2.6,0.25,2.03,4.24440083380137,0.05208432909863259,9.588000000000005,9.664,9.80068659542125,4.291989287558318,4.256007400286621,4.246968830188369,10.077000000000002,9.839636363636362,10.168862079824532,4.268184709938614,4.249387594804864,4.279711005912816,10.9555,10.460761904761906,10.923019604267509,4.3682672292245,4.296330723394619,4.370703851513386,12.080333333333332,11.149075268817203,11.389471470281268,4.521879338011845,4.390194673046005,4.44427388760358,12.505166666666668,12.100158469945356,11.720091340525842,4.650116049552909,4.542442607472117,4.540554211970133,6.867441352798233
2006-08-11,sz000901,9.85,9.8,9.94,9.67,12263,5171794.0,2.74,-0.51,-0.05,1.41,4.088596728262746,-0.1558041055386239,9.672000000000002,9.734666666666666,9.800457730280835,4.222948268216147,4.18820988052143,4.194178129546494,9.918000000000001,9.789272727272726,10.101796247129162,4.239448773486096,4.2167352345001605,4.244962955430985,10.8465,10.350714285714286,10.816065356242031,4.328691844244595,4.269695437588738,4.343836506441896,11.970333333333334,11.001956989247311,11.28692492381151,4.499379971471716,4.362240956287998,4.4213269740977195,12.432666666666668,12.011464480874318,11.657137526082371,4.634582842614234,4.524032137921621,4.525735933815793,6.713641217978465
2006-08-14,sz000901,9.76,9.29,9.87,9.2,22120,9035544.0,6.84,-5.2,-0.51,2.55,4.34478512263266,0.25618839436991436,9.650000000000002,9.607333333333333,9.630305153520556,4.221256726455933,4.2288221653269344,4.244380460575217,9.817,9.675090909090908,9.954196929469314,4.227344404213618,4.235887297981354,4.263112440376744,10.6955,10.20247619047619,10.670725798504694,4.314286986996349,4.271228130768554,4.343926850841016,11.836,10.829032258064515,11.158091057759155,4.493261967357615,4.352267095072576,4.416388790132232,12.3625,11.908426229508198,11.57952645965344,4.624632188497114,4.514530573332061,4.5198031203343785,6.955954305107898
2006-08-15,sz000901,9.33,9.51,9.51,9.11,13961,5621232.5,4.31,2.37,0.22,1.61,4.1449165270928505,-0.19986859553980985,9.610000000000003,9.560666666666666,9.590203435680372,4.2030031432984725,4.203375432205907,4.211225816081095,9.729000000000001,9.619272727272728,9.873433851383982,4.215510334221497,4.220900411232124,4.2416222743251275,10.557500000000001,10.089571428571428,10.560180484361391,4.302384259282891,4.255097610777744,4.324973486674524,11.678333333333335,10.678967741935482,11.051762602419855,4.4646663991310955,4.329793195700656,4.398874450581304,12.302333333333335,11.814901639344262,11.511673133107426,4.612083531578533,4.498802190990937,4.507511756621541,6.749831548534146
2006-08-16,sz000901,9.47,9.87,9.87,9.4,21113,8790412.0,4.94,3.79,0.36,2.44,4.324549947702555,0.17963342060970433,9.664000000000003,9.647333333333332,9.68346895712025,4.229449831898436,4.243891033673934,4.249000526621582,9.677000000000001,9.644909090909092,9.872809514768713,4.237444977420717,4.240725795501407,4.256700033121024,10.478,10.024095238095239,10.494449009660306,4.2854818915739195,4.257208628722474,4.324933149629574,11.525333333333332,10.562301075268818,10.975519853876639,4.438493830778666,4.32075342464075,4.3940793213633205,12.2695,11.735153005464483,11.457847784480952,4.604401968483899,4.4893748603720525,4.501513008788131,6.944009230606575
2006-08-17,sz000901,9.78,9.74,9.78,9.58,11892,4953777.0,2.03,-1.32,-0.13,1.37,4.0752549005329,-0.2492950471696549,9.642000000000003,9.672666666666665,9.702312638080167,4.195620645244743,4.1924927232187565,4.191085317925355,9.615,9.656363636363636,9.848662330265311,4.24380496640153,4.211236690612713,4.223710009014091,10.3875,9.953809523809525,10.422596723025991,4.271112974336946,4.237187010528092,4.3011542687632245,11.343333333333334,10.447118279569892,10.895808895562018,4.407953188360107,4.297318654947475,4.37351000389039,12.243833333333333,11.652218579234976,11.40152490630125,4.591727089687227,4.472025776176938,4.487537333107631,6.6949364524215405
2006-08-18,sz000901,9.74,9.56,9.85,9.51,9708,4042556.25,3.49,-1.85,-0.18,1.12,3.9871297676598974,-0.08812513287300261,9.594000000000003,9.645333333333333,9.654875092053445,4.1753272531241725,4.122995764023807,4.123100134503536,9.633,9.646363636363635,9.796178270217073,4.19913776067016,4.164568472659688,4.180695419676965,10.2925,9.875,10.340444654166374,4.2561107397012155,4.210140990844563,4.271247173420051,11.162666666666667,10.332064516129032,10.809627676493502,4.377413582889948,4.2701687568377835,4.34858224671423,12.2125,11.564224043715846,11.34114704052088,4.582599463171068,4.452202913159648,4.471130527683115,6.606656071595049
2006-08-21,sz000901,9.2,9.58,9.65,8.91,10873,4379303.5,7.74,0.21,0.02,1.25,4.036349388031838,0.04921962037194083,9.652000000000005,9.640666666666668,9.629916728035631,4.1136401062040076,4.07666980899303,4.0941832190129706,9.651,9.636727272727272,9.756873130177604,4.16744841632997,4.134970586725449,4.154450686650578,10.183,9.807142857142857,10.268021353769576,4.235786981143425,4.189211338304622,4.2488759557640305,10.987333333333334,10.229956989247311,10.730296858655212,4.359441909377365,4.2481646152340335,4.328438191315366,12.1745,11.47791256830601,11.283404514602163,4.572198135174184,4.434293074630493,4.456875408350286,6.641405044257615
2006-08-22,sz000901,9.58,9.71,9.78,9.51,13931,5807477.0,2.82,1.36,0.13,1.61,4.143982292223977,0.10763290419213867,9.692000000000004,9.66,9.656611152023755,4.1134532592302335,4.086783870999686,4.110782910083306,9.651,9.647454545454545,9.748350742872585,4.158228201264353,4.130704018706177,4.1525473422093775,10.071000000000002,9.762095238095236,10.21487646293438,4.220157926011615,4.180468034598008,4.23888608304593,10.802,10.147548387096773,10.664471254871005,4.339532325393177,4.234263994772524,4.316537810728824,12.132666666666667,11.397109289617486,11.231817481336517,4.561788314890346,4.420253210927207,4.44661661765762,6.763987498490721
2006-08-23,sz000901,9.65,9.8,10.16,9.65,30099,12898661.0,5.25,0.93,0.09,3.47,4.478552066966061,0.33456977474208394,9.678000000000003,9.696,9.704407434682505,4.144253683082935,4.208483473578295,4.233372629044224,9.671000000000001,9.674545454545456,9.75774151689575,4.186851757490685,4.1889447215610325,4.211820928528774,9.9725,9.736285714285716,10.17536441884539,4.229262142419913,4.205077000403194,4.261711414847848,10.639999999999999,10.082903225806453,10.60869891584707,4.328937365682703,4.243233010357872,4.326990343389292,12.0875,11.320628415300547,11.18487264588286,4.5562492232034,4.417524153618214,4.447663681569371,7.11054462886562
2006-08-24,sz000901,9.8,9.96,10.0,9.53,16814,7080330.0,4.8,1.63,0.16,1.94,4.225671043081144,-0.2528810238849166,9.722000000000003,9.790000000000001,9.789604956455005,4.174336911592583,4.235622593577698,4.230805433723198,9.682,9.72709090909091,9.794515786551068,4.184978778418663,4.196002773486571,4.214339131174659,9.8795,9.735095238095239,10.154853521812496,4.226581744178638,4.204734990942359,4.258278998489114,10.531,10.039032258064518,10.566847372889194,4.3071710789558875,4.236570666964224,4.320453614337153,12.034166666666666,11.250874316939889,11.144712887001456,4.544062506157102,4.406685524761747,4.440385234405823,6.850053499757441
2006-08-25,sz000901,10.0,10.83,10.92,9.98,96953,44645216.0,9.44,8.73,0.87,11.18,4.986561251922079,0.7608902088409346,9.976000000000003,10.159333333333334,10.136403304303338,4.374223208445019,4.506364040354197,4.482724039789492,9.785,9.93581818181818,9.982785643541781,4.274775230784596,4.341745041396282,4.3547431531287355,9.8515,9.825619047619048,10.219153186401783,4.2571120021353455,4.277113991679828,4.327639213101778,10.492666666666668,10.05832258064516,10.583824961735054,4.310719639757929,4.280402291026559,4.363428300632955,11.974,11.211393442622953,11.134394431689932,4.541405903914698,4.421193680360599,4.458292644816192,7.649774928485159
2006-08-28,sz000901,10.83,10.97,11.42,10.72,82955,39816016.0,6.46,1.29,0.14,9.57,4.918842567659559,-0.0677186842625197,10.254000000000003,10.490666666666668,10.41426886953556,4.550721844370564,4.687903826759042,4.628096882412848,9.953,10.151272727272728,10.16227916289782,4.332180975287286,4.458848193555366,4.457306683043431,9.885000000000002,9.932142857142855,10.29066240674447,4.279762689750452,4.340135950301182,4.3839442944882325,10.448,10.089118279569893,10.608739480332792,4.320251649759994,4.319636028310534,4.399261479150801,11.926666666666668,11.178475409836068,11.129004450323048,4.535813551620662,4.433568652942397,4.473392642286466,7.6000578022565195
2006-08-29,sz000901,10.97,10.77,11.24,10.7,36590,17321942.0,4.92,-1.82,-0.2,4.22,4.563362409486608,-0.3554801581729512,10.466000000000003,10.662666666666667,10.532845913023706,4.63459786782309,4.692117348464391,4.606518724770768,10.079,10.299818181818182,10.272773860552762,4.374025563526661,4.500881181591607,4.476589542396735,9.904,10.016428571428573,10.33631360610214,4.294767948874079,4.3671454474189115,4.401031734011887,10.398,10.10989247311828,10.619143384827451,4.326264694030815,4.335320593454187,4.40984863594666,11.889833333333334,11.140551912568306,11.117233812607537,4.528777953002362,4.434471894183904,4.476342470719257,7.238596580094977
2006-08-30,sz000901,10.77,10.83,10.9,10.65,21344,9944725.0,2.32,0.56,0.06,2.46,4.329275812236455,-0.2340865972501529,10.672000000000002,10.783999999999999,10.631897275349138,4.60474261687717,4.590343329935512,4.514104420592664,10.175,10.436363636363636,10.374087704088623,4.3744981499800515,4.492744863175206,4.4498052278221385,9.926,10.10461904761905,10.383331357901936,4.305971563700385,4.37043191059628,4.3941978366999415,10.377,10.137763440860214,10.632747037419229,4.315153977709297,4.335514859144873,4.4046503892556785,11.845333333333334,11.105803278688525,11.107816310554831,4.521018376732158,4.4279308403883,4.471520613064083,6.997592778145843
2006-08-31,sz000901,10.74,10.45,10.77,10.18,42184,18998070.0,5.45,-3.51,-0.38,4.87,4.625147758323408,0.2958719460869528,10.770000000000003,10.71,10.571264850232758,4.684637959925622,4.597145043750925,4.551118866502913,10.246,10.486363636363636,10.387889939708874,4.4294874357591025,4.538317519237634,4.481685687913278,9.9305,10.154523809523809,10.389680752387466,4.336646201080316,4.400829643417521,4.416193067330748,10.340333333333332,10.14247311827957,10.620956905972827,4.323904461477665,4.355514457894172,4.418876025969726,11.8165,11.060054644808744,11.086248562667787,4.518588132513212,4.43134491847326,4.4765575686463555,7.278709483535771
2006-09-01,sz000901,10.56,10.21,10.59,10.21,23656,10556726.0,3.64,-2.3,-0.24,2.73,4.373941311518061,-0.2512064468053463,10.646000000000003,10.523333333333333,10.450843233488506,4.562113971844818,4.493579494281738,4.492059681507962,10.311,10.479818181818182,10.355546314307261,4.468168590144919,4.5282182239210815,4.462095801295965,9.972,10.181142857142857,10.372568299779136,4.333653175407539,4.404381558697305,4.412169090586683,10.298666666666668,10.134064516129033,10.594443557200387,4.326796689849117,4.358742641767745,4.415977012134135,11.778833333333333,11.0073825136612,11.05751910159671,4.510577094901024,4.426602399752106,4.473193101199526,7.02352924958059
2006-09-04,sz000901,10.21,11.19,11.19,10.16,39586,18764342.0,10.09,9.6,0.98,4.57,4.59754162032528,0.22360030880721826,10.690000000000001,10.704666666666666,10.69722882232567,4.4978537823779625,4.505388710441892,4.527220327780402,10.472,10.639636363636363,10.507265166251395,4.524287813374263,4.551740593044784,4.486722313846749,10.061499999999999,10.297142857142857,10.450418937895408,4.345868114852117,4.429513791546614,4.429823617228454,10.279333333333335,10.191569892473119,10.632866553510041,4.331953925220372,4.376210056637175,4.427690857823887,11.763166666666667,10.988076502732241,11.061862737609932,4.507920324631218,4.4294536956676565,4.4772701018265995,7.2733333398240045
2006-09-05,sz000901,11.77,12.27,12.27,11.77,167574,88494672.0,4.47,9.65,1.08,19.33,5.224206636415591,0.6266650160903113,10.990000000000004,11.231333333333334,11.221485881550446,4.6300226277637595,4.747506328454435,4.759549097325465,10.728,10.966545454545454,10.827762408751141,4.632310247793424,4.67899856087048,4.620810372495629,10.189499999999999,10.507476190476192,10.623712372381561,4.395269224528889,4.513165079314565,4.505479142865324,10.29,10.32,10.738488066186813,4.357542033272219,4.433774747682028,4.479078972571739,11.768833333333333,11.004693989071038,11.101473795393213,4.521355119977241,4.452938492775341,4.50175982427214,7.94691712391076
2006-09-06,sz000901,12.45,12.24,12.49,12.07,63870,33964856.0,3.42,-0.24,-0.03,7.37,4.805296916157985,-0.41890972025760576,11.272000000000002,11.648,11.5609905877003,4.725226848548066,4.80593109125251,4.774798370269639,10.972,11.241454545454546,11.084532879887298,4.664984732712616,4.710450682391308,4.654353380434238,10.3215,10.702761904761905,10.777644527392841,4.425918245101651,4.552215335660192,4.534033216512245,10.305666666666667,10.445806451612901,10.83535980385218,4.374503005850814,4.46266215948111,4.500125291512787,11.769166666666667,11.020142076502735,11.138802523413107,4.527421697134988,4.462248059863235,4.511711860071675,7.531029777662563
2006-09-07,sz000901,12.24,12.29,12.54,12.09,55947,29951518.0,3.68,0.41,0.05,6.45,4.7477768036726475,-0.05752011248533773,11.640000000000004,11.987333333333334,11.803993725133534,4.749752657617913,4.8134477429607045,4.765791181403975,11.205,11.481090909090907,11.303708719907789,4.7171953087717675,4.725503786202222,4.671339457386676,10.4435,10.890238095238095,10.921678381926856,4.451087043595215,4.582868531714573,4.554389748622759,10.321333333333333,10.573827956989247,10.929207558442362,4.390119599043015,4.486744339985744,4.516102808426327,11.761000000000001,11.037218579234972,11.176546702973333,4.529161419688314,4.4694728174546325,4.5194516942881,7.476418838154946
2006-09-08,sz000901,12.33,13.25,13.48,12.07,108355,60541108.0,11.47,7.81,0.96,12.5,5.034848956470861,0.2870721527982134,12.248000000000001,12.524,12.28599581675569,4.881934186608473,4.9084798425783545,4.855477106426271,11.447,11.85290909090909,11.657579861742736,4.722024079226646,4.783258994874786,4.7374320935838,10.616,11.15752380952381,11.143423297933822,4.4983996550056204,4.638464904369396,4.600147768417816,10.383333333333333,10.762774193548386,11.078936103058986,4.412082694499113,4.528339782400444,4.549570301848555,11.774333333333335,11.08603825136612,11.244528778285684,4.535009184034845,4.486052736693405,4.536349965179338,7.782050364983332
2006-09-11,sz000901,13.23,13.3,13.54,12.89,76490,43925648.0,4.91,0.38,0.05,8.82,4.883604660922292,-0.15124429554856889,12.670000000000003,12.874666666666666,12.623997211170462,4.9391467947278755,4.909036667349627,4.864852957924945,11.680000000000001,12.189818181818183,11.956201705062238,4.718500288552919,4.812637282455813,4.76400892400898,10.8165,11.413142857142859,11.348811555273457,4.525340631920103,4.67515109540908,4.627143662942053,10.483333333333333,10.95094623655914,11.222230548022923,4.426008556017941,4.558760554427746,4.571120905659765,11.784166666666666,11.136060109289616,11.311921277358284,4.540244802584792,4.497482096591353,4.547735365039762,7.642718177014196
2006-09-12,sz000901,13.21,13.03,13.23,12.78,56449,31820494.0,3.38,-2.03,-0.27,6.51,4.751656252756493,-0.13194840816579934,12.822000000000003,12.994666666666664,12.75933147411364,4.844636717996055,4.846539820025834,4.827120722868794,11.905999999999999,12.435272727272727,12.151437758687285,4.737329672879907,4.818665639583735,4.761762983781255,10.9925,11.62395238095238,11.508924740485508,4.555677618203285,4.696704964060165,4.639002004829142,10.571333333333335,11.115247311827956,11.33886083524725,4.442288523542688,4.579770083249588,4.582768347407941,11.769666666666666,11.176907103825137,11.368251727280962,4.536820509850288,4.504413619547803,4.554421295784572,7.502706917604991
2006-09-13,sz000901,13.03,12.45,13.1,12.36,40449,22390204.0,5.68,-4.45,-0.58,4.67,4.606907789240003,-0.14474846351648996,12.864000000000004,12.870666666666667,12.656220982742429,4.80495889261246,4.767296843773816,4.753716411659197,12.068,12.534181818181818,12.205721802562323,4.765092870580262,4.794952569831025,4.733607493864663,11.121500000000001,11.762761904761906,11.598550955677364,4.569795510280157,4.7015840279684245,4.6359454128682716,10.639999999999999,11.236451612903226,11.410547232973233,4.45901199932701,4.590390681036511,4.584325730751945,11.755500000000001,11.1992131147541,11.403718883763553,4.533758825861214,4.506711563134352,4.556142164422455,7.3500580505093875
2006-09-14,sz000901,12.54,12.78,13.1,12.18,37440,20707488.0,7.39,2.65,0.33,4.32,4.5733358400660675,-0.033571949173935245,12.962,12.842666666666668,12.69748065516162,4.770070699891143,4.690089159591684,4.693589554461488,12.300999999999998,12.663636363636362,12.310136020278264,4.759911678754529,4.7600876551920805,4.704467193174009,11.2735,11.920714285714284,11.71106991227952,4.594699557256815,4.701921202233748,4.629982596410919,10.720666666666666,11.374516129032259,11.498899024394316,4.477734693638387,4.597766412697096,4.5836167055464045,11.739,11.232803278688523,11.4488428547877,4.529376637619671,4.50800917015746,4.5567058914927365,7.316127418357159
2006-09-15,sz000901,12.78,13.45,13.97,12.58,72526,41752308.0,10.88,5.24,0.67,8.37,4.8604937256372365,0.28715788557116895,13.002,13.005333333333333,12.948320436774413,4.735199653724418,4.720230168173716,4.7492242781867375,12.625,12.872545454545454,12.517384016591306,4.808566920166445,4.778375300079846,4.732835653621869,11.468,12.128,11.876682301586232,4.638367755155683,4.727234932555692,4.651936037289616,10.856333333333334,11.550602150537635,11.624776506691457,4.491957756993842,4.622460543793795,4.601479739100652,11.7355,11.288901639344262,11.514454564466792,4.53406123769907,4.51886546812525,4.566666148349933,7.620680487579131
2006-09-18,sz000901,13.23,14.1,14.44,13.23,82047,50099040.0,9.0,4.83,0.65,9.46,4.914062705958703,0.05356898032146695,13.162000000000003,13.371333333333332,13.332213624516276,4.741291262731702,4.7798511855851435,4.804170420777393,12.916,13.140727272727274,12.805132377211066,4.840219028729788,4.797556352042074,4.765786026774021,11.693999999999999,12.37866666666667,12.088426844292306,4.682253421052026,4.753491594536933,4.676900481924767,11.013,11.759870967741936,11.78446834496943,4.510651752811341,4.649693121146367,4.621646382123752,11.746666666666668,11.366426229508198,11.599226545959683,4.536674627111892,4.531324532658353,4.5780561994190725,7.699829403977083
2006-09-19,sz000901,14.15,14.08,14.66,13.77,74844,46140892.0,6.31,-0.14,-0.02,8.63,4.874156990098756,-0.0399057158599474,13.372000000000003,13.677333333333333,13.58147574967752,4.765791410200153,4.824139761374162,4.827499277217848,13.097,13.352363636363634,13.036926490445417,4.805214064098104,4.803726890472795,4.785489838287608,11.9125,12.605904761904762,12.278100478169229,4.718762155945765,4.771768124922335,4.6956868160365755,11.158666666666667,11.95774193548387,11.932567161423016,4.5319175043852935,4.673145071939104,4.637937389089882,11.751166666666666,11.442928961748635,11.68056338051838,4.539934815408545,4.542389528166119,4.587764422064308,7.6640859860874
2006-09-20,sz000901,13.9,14.13,14.35,13.68,62932,38529204.0,4.76,0.36,0.05,7.26,4.7988715339906385,-0.07528545610811754,13.708000000000004,13.93,13.76431716645168,4.80418415915028,4.835166469304324,4.817956696142112,13.285999999999998,13.54018181818182,13.23566712854625,4.80457152588137,4.802573703180529,4.787922873869977,12.129,12.817095238095236,12.45447186120073,4.734778129296993,4.779397589498038,4.705513932032201,11.309666666666667,12.149440860215051,12.07433702197637,4.552136005361557,4.690367912558804,4.6483202371479955,11.7595,11.52092349726776,11.760872777878435,4.543685628369561,4.550879256644221,4.59468596671763,7.5857900367322175
2006-09-21,sz000901,14.13,14.13,14.39,13.97,39626,24378552.0,2.97,0.0,0.0,4.57,4.5979802352006205,-0.200891298790018,13.978000000000003,14.070666666666666,13.886211444301122,4.809113038177191,4.766431827987771,4.744631209161614,13.469999999999999,13.693636363636362,13.398273105174205,4.789591869034167,4.765011650329484,4.753387848657367,12.3375,13.007666666666667,12.614045969657804,4.753393588902968,4.766369218631717,4.6952726275720496,11.452333333333335,12.331397849462364,12.20696043991338,4.563921985408199,4.693325604806485,4.6450724950868745,11.766333333333334,11.59864480874317,11.838549080243077,4.542900661710022,4.552659407687861,4.594793975520351,7.387007906488048
2006-09-22,sz000901,14.22,14.04,14.6,13.77,76499,47327056.0,5.87,-0.64,-0.09,8.82,4.883655758064461,0.28567552286384057,14.096000000000004,14.091333333333333,13.93747429620075,4.813745444662636,4.7912794012835285,4.790972725462563,13.549000000000001,13.797272727272727,13.514950722415257,4.774472549193527,4.782114175607719,4.7770729230950195,12.498,13.169809523809523,12.74985111540468,4.748248314210086,4.778775139504241,4.713213878095136,11.593666666666667,12.498344086021506,12.325221056693163,4.590423953068257,4.7139535901391465,4.660464963666074,11.782000000000002,11.673191256830602,11.91072779892363,4.544901962269986,4.56383170592899,4.604264853636551,7.675109489832019
2006-09-25,sz000901,13.92,14.19,14.42,13.88,62979,39040332.0,3.85,1.07,0.15,7.27,4.799195760493446,-0.08445999757101497,14.114000000000004,14.122666666666666,14.021649530800499,4.790772055569584,4.786429506560465,4.793713737139524,13.638,13.913818181818181,13.637686954703392,4.766031659150643,4.786609304934977,4.78109525716746,12.659,13.33095238095238,12.887008152032804,4.74226597385178,4.783627277245513,4.721402628799737,11.757,12.665849462365593,12.445529375616186,4.6055709743302815,4.727422739005288,4.669415337654937,11.7965,11.752142076502734,11.985458035024495,4.5494164708439495,4.572169207510089,4.6106560309105475,7.591513502261942
2006-09-26,sz000901,14.17,13.68,14.19,13.41,59631,35670400.0,5.5,-3.59,-0.51,6.88,4.775472092438819,-0.02372366805462711,14.034000000000002,13.978,13.907766353867,4.771035076037597,4.781329518850209,4.787633188905955,13.703,13.921454545454546,13.645380235666412,4.768413243118875,4.788325747351009,4.780072863580434,12.804499999999999,13.428190476190476,12.962531185172537,4.752871457999392,4.786789764729993,4.726552101527268,11.895999999999999,12.789913978494623,12.525172641705465,4.626589493175148,4.738384101463902,4.676257708931316,11.787166666666668,11.813896174863388,12.041016787974511,4.545627946153122,4.57958086723451,4.6160598362065555,7.552307979448215
2006-09-27,sz000901,13.48,13.68,14.04,13.45,32211,19301960.0,4.31,0.0,0.0,3.72,4.508004207829329,-0.26746788460948956,13.944000000000003,13.860000000000001,13.831844235911333,4.712861610805335,4.693652562780787,4.69442352854708,13.825999999999999,13.917272727272728,13.651674738272519,4.758522884977808,4.740978650025637,4.730605835262051,12.947,13.511571428571427,13.030861548489439,4.7618078777790345,4.763469074237606,4.7057380164131795,12.023,12.905010752688172,12.599677632563179,4.632704635179374,4.730733437893205,4.665402644344091,11.774166666666668,11.875956284153004,12.09475394246715,4.5355992329790205,4.578347302043566,4.612517028718777,7.285601411285755
2006-09-28,sz000901,13.77,13.86,14.06,13.54,43610,26287276.0,3.8,1.32,0.18,5.03,4.639586086673426,0.13158187884409678,13.890000000000004,13.832,13.841229490607557,4.7211827810998965,4.669227388070151,4.676144381255862,13.934000000000001,13.923454545454545,13.689552058586605,4.765147909638544,4.719353777606658,4.714056790064119,13.117500000000001,13.598523809523808,13.109827115299968,4.762529794196536,4.751828903656119,4.699437832628441,12.160333333333334,13.02352688172043,12.680988753042975,4.651515674717391,4.731177402505725,4.663737059978242,11.751833333333334,11.944344262295079,12.15263086238626,4.52973443153875,4.581756707082726,4.613404538815651,7.419745584985735
2006-09-29,sz000901,14.19,15.2,15.2,14.01,126541,82348600.0,8.59,9.67,1.34,14.6,5.102231262182288,0.46264517550886186,14.122000000000003,14.268666666666666,14.294152993738372,4.764897881923462,4.796243548430948,4.8181733415646715,14.109,14.153636363636362,13.964178957025403,4.789321663293049,4.78064165988734,4.784633966812877,13.366999999999999,13.796857142857144,13.308891199557115,4.798944291729748,4.784181424416667,4.73779911163357,12.348333333333333,13.219634408602149,12.843505607685364,4.688685724534805,4.76025582750346,4.6920270085075355,11.7555,12.057398907103824,12.252544604603106,4.533049653712377,4.600527094972678,4.629431644499802,7.9156562201731315
2006-10-09,sz000901,15.92,16.68,16.68,15.54,156719,110590536.0,7.5,9.74,1.48,18.08,5.195121651828771,0.09289038964648277,14.620000000000005,15.121333333333334,15.089435329158917,4.844083060190527,4.939651471732717,4.943822778319372,14.367,14.621090909090906,14.457964601202603,4.817427557880055,4.854423475984744,4.859268091361221,13.641499999999999,14.112380952380954,13.629949180551677,4.8288232933049215,4.821912601568955,4.781353639271208,12.585,13.499096774193548,13.09102137493147,4.7273114666613685,4.7929291131353295,4.724484727431487,11.786166666666666,12.218857923497266,12.397707076583332,4.543376688019366,4.622234373599446,4.6479788578548495,8.043717962964708
2006-10-10,sz000901,16.46,17.17,18.23,16.16,159442,119299368.0,12.41,2.94,0.49,18.39,5.2026027334064056,0.007481081577634718,15.318000000000003,15.971333333333332,15.782956886105946,4.929509188384044,5.0591580294713445,5.030082763348383,14.675999999999998,15.130727272727274,14.951061946438493,4.85027213221082,4.9244553260804445,4.921692571733073,13.886500000000002,14.448428571428572,13.967096877641994,4.827743098154462,4.857510643483383,4.821472600617416,12.833666666666668,13.794903225806454,13.354181286226215,4.762598814700783,4.823593065828557,4.7553310503976105,11.817833333333333,12.395377049180327,12.554175697023224,4.551065570046979,4.64384834230066,4.666163247217195,8.076638142959197
2006-10-11,sz000901,16.97,18.63,18.79,16.77,125901,98069256.0,11.76,8.5,1.46,14.52,5.10002917961348,-0.10257355379292576,16.308000000000003,17.075333333333333,16.731971257403963,5.047914182740874,5.115998026547823,5.053398235436749,15.126,15.849636363636364,15.619959774358765,4.8803878967731045,4.9698656983354725,4.95411740952951,14.206,14.900190476190476,14.411182889295137,4.842479711327238,4.883442651241383,4.848001798617041,13.128000000000002,14.16886021505376,13.694556687114845,4.7833147184556974,4.845362766790667,4.77756963937928,11.883999999999999,12.618726775956283,12.753383051219185,4.5561260420692,4.661847149171693,4.680388359754779,7.991532880548117
2006-10-12,sz000901,18.58,16.99,19.17,16.93,142241,111396144.0,12.02,-8.8,-1.64,16.41,5.153024796866825,0.05299561725334545,16.934000000000005,17.302666666666664,16.817980838269307,5.150601924779554,5.1510348979231395,5.086607089246774,15.412,16.18854545454545,15.869057997202624,4.935892352939725,5.019436043807059,4.990282389045385,14.440999999999999,15.165333333333335,14.656784518886077,4.862742110986946,4.913018373673726,4.877051607974163,13.362333333333334,14.418021505376345,13.907165933107436,4.814226510248554,4.869215029913965,4.801792552765574,11.946666666666665,12.786136612021854,12.892288524949704,4.56069879460222,4.681417600148664,4.695884636381403,8.046870157906778
2006-10-13,sz000901,16.48,17.87,18.27,15.99,133829,100342648.0,13.42,5.18,0.88,15.44,5.126550232828615,-0.026474564038210247,17.468000000000004,17.61466666666667,17.16865389217954,5.155465718908819,5.143017667272827,5.099921470440721,15.795000000000002,16.635454545454543,16.232865634074873,4.96018180041614,5.054101112877765,5.015058360642335,14.672,15.491904761904763,14.962805040896928,4.867327174804834,4.938142956706265,4.900813381769825,13.597,14.708838709677421,14.162832647100505,4.818892809612104,4.889364947499775,4.822744661156738,12.044833333333333,12.980344262295082,13.055492179869386,4.564806224685016,4.699970106320022,4.710004819871475,8.001485557690474
2006-10-16,sz000901,17.82,17.08,18.16,16.81,75988,58048472.0,7.55,-4.42,-0.79,8.77,4.880745014053646,-0.24580521877496864,17.548000000000005,17.485333333333333,17.139102594786362,5.092590391353794,5.051444098987769,5.02686265164503,16.084,16.869090909090907,16.386890064243076,4.9683367257721605,5.039658060811858,4.990637752171664,14.860999999999999,15.721238095238098,15.164442656049602,4.867184192461401,4.939420846158534,4.898902108653998,13.800666666666668,14.933548387096774,14.35103699244886,4.817622891158575,4.893355412302456,4.826486619408152,12.124333333333334,13.145431693989071,13.187443255939243,4.568937270459284,4.710328755151781,4.7156028590249885,7.763790792365683
2006-10-17,sz000901,16.81,16.48,16.97,16.41,45001,32766474.0,3.28,-3.51,-0.6,5.19,4.653222164656599,-0.22752284939704737,17.410000000000004,17.12933333333333,16.919401729857576,4.982714277603833,4.904988023422036,4.9023158226488865,16.363999999999997,16.94109090909091,16.40381914347161,4.956111732993938,4.982364504245392,4.929289463532561,15.0335,15.875428571428568,15.289733831663925,4.862262488056407,4.919043510177123,4.875504018749484,13.990999999999998,15.106408602150537,14.488389444548933,4.8206182163309075,4.882748913818457,4.815308267488698,12.194500000000001,13.28824043715847,13.295395936072383,4.57344145518086,4.713092194305791,4.713557590357172,7.515429709471084
2006-10-18,sz000901,16.25,17.4,17.58,16.25,58535,43755460.0,8.07,5.58,0.92,6.75,4.76741562269037,0.11419345803377112,17.164,17.125999999999998,17.079601153238386,4.9161915662192115,4.8332218051175495,4.857349089329381,16.735999999999997,17.129454545454543,16.58494293556768,4.9820528744800425,4.948056120553834,4.899857856106707,15.281,16.100809523809524,15.490711561981646,4.8702878797289255,4.910010475380358,4.865209885791474,14.21,15.326344086021505,14.6762352868361,4.835222876679371,4.879316488422293,4.812218419437192,12.2935,13.458912568306012,13.429973118496239,4.575188427194334,4.7194520030765945,4.715323427482851,7.641032253927878
2006-10-19,sz000901,17.35,17.15,18.0,16.97,51296,39063548.0,5.92,-1.44,-0.25,5.92,4.710083500674051,-0.05733212201631943,17.196000000000005,17.121333333333332,17.103067435492257,4.827603306980656,4.7645191166024965,4.8082605597776045,17.065,17.204727272727272,16.68768058364628,4.989102615880105,4.898607143498199,4.865353427846224,15.499500000000001,16.27880952380952,15.648739032269107,4.877125262759325,4.894752915470369,4.8504359443517195,14.433333333333334,15.516021505376344,14.835833010266029,4.838054068091059,4.8712429802929185,4.805629069839571,12.386833333333334,13.618142076502732,13.551941212971771,4.580979264784362,4.72387479237101,4.715151626603873,7.59177168613165
2006-10-20,sz000901,16.7,16.16,16.93,15.92,76837,54826384.0,5.89,-5.77,-0.99,8.86,4.885570400061597,0.17548689938754602,16.854000000000003,16.776,16.788711623661506,4.7794073404272535,4.783841480962809,4.8340305065389355,17.160999999999998,17.040181818181818,16.591738659346955,4.967436529668037,4.879783104258471,4.869029240976292,15.635,16.341714285714286,15.697430553005383,4.8783790964805425,4.895557214261063,4.853782082990755,14.631666666666666,15.62741935483871,14.921263138635965,4.85510837104251,4.874308550097468,4.810786575015186,12.465166666666667,13.74185245901639,13.63745133713663,4.590952530445813,4.733861386970264,4.720739127372979,7.738989603522866
2006-10-23,sz000901,16.03,15.18,16.25,14.6,62410,41645268.0,10.21,-6.06,-0.98,7.2,4.795254182580883,-0.09031621748071395,16.474,16.218,16.252474415774337,4.7623091741327,4.789123761680686,4.8211050652195855,17.011000000000003,16.679999999999996,16.335058903102055,4.927449782743247,4.848477222969897,4.855615593995307,15.688999999999998,16.29838095238095,15.648151452719155,4.872438670311651,4.8876405557944285,4.848207997237434,14.764666666666667,15.66279569892473,14.937955839369128,4.861698789784365,4.870446989551558,4.809784485180715,12.522,13.83086338797814,13.688026703132149,4.596826357502367,4.740559801794364,4.723182243937172,7.619565661247257
2006-10-24,sz000901,15.07,15.27,15.76,14.91,51730,34618128.0,5.6,0.59,0.09,5.97,4.713742478409083,-0.08151170417179987,16.232000000000006,15.816666666666666,15.924982943849558,4.774413236883197,4.772934863106147,4.785317536282752,16.820999999999998,16.363454545454545,16.14141182981077,4.878563757243515,4.809621349454594,4.829820482070539,15.748499999999998,16.25847619047619,15.612137028650663,4.864417944727167,4.872526632756089,4.83540175734902,14.864666666666666,15.695397849462369,14.959378043280797,4.844683317850813,4.8609014210757335,4.80358822667932,12.577333333333334,13.920961748633879,13.739894680078635,4.601112675561515,4.744393117233929,4.722872743428054,7.539303579389997
2006-10-25,sz000901,15.27,14.42,15.4,13.9,58718,37409324.0,9.82,-5.57,-0.85,6.77,4.768771254609714,0.05502877620063096,15.636000000000001,15.212666666666665,15.423321962566373,4.774684363267065,4.77105420234832,4.779802109058406,16.4,15.926909090909092,15.828427860754267,4.845437964743138,4.789659076248448,4.818720622532206,15.763,16.131952380952377,15.498600168779172,4.862912930758122,4.863417424173474,4.829055995183372,14.937333333333333,15.666709677419353,14.924579459843326,4.8434657957992036,4.856003868608566,4.8013419704167655,12.6215,13.98137704918033,13.762193215158025,4.608984400825009,4.7498901198256736,4.724377612647125,7.57297986041092
2006-10-26,sz000901,14.24,14.46,14.51,14.01,39445,24468426.0,3.47,0.28,0.04,4.55,4.595991960396383,-0.17277929421333127,15.098000000000003,14.820666666666666,15.102214641710917,4.751866055211532,4.711490068058093,4.7185320595043985,16.147,15.574181818181819,15.579622795162582,4.789734681096094,4.744305257276312,4.778224502143874,15.779499999999999,16.007857142857144,15.39968586699068,4.862813517017909,4.837996379377117,4.806859420441754,15.009666666666668,15.635913978494623,14.894606591466339,4.838406301023329,4.840037814711609,4.788093582673516,12.6655,14.041655737704916,13.78507212613645,4.614262950033171,4.749464138172276,4.720168246999559,7.388606033041997
2006-10-27,sz000901,14.46,13.72,14.51,13.72,29844,18316602.0,5.46,-5.12,-0.74,3.44,4.474857031317561,-0.12113492907882151,14.610000000000003,14.361333333333334,14.64147642780728,4.669723381462725,4.619153726760102,4.637307050108786,15.732,15.132909090909092,15.241509559678475,4.724565360944988,4.687054775498396,4.723066780175453,15.763499999999999,15.811714285714288,15.23971578442014,4.842373580680564,4.801048142643751,4.775240145287069,15.025333333333332,15.552709677419358,14.818825521049156,4.819739903518218,4.816583023117689,4.767884772908616,12.704333333333333,14.07622950819672,13.782938613804106,4.615911299008666,4.744893452312748,4.71212525632146,7.2628449087681775
2006-10-30,sz000901,13.61,14.19,14.42,13.61,34395,21111170.0,5.9,3.43,0.47,3.97,4.53649531378562,0.061638282468059025,14.412000000000003,14.221333333333332,14.490984285204853,4.617971607703672,4.574744370867734,4.603703138001064,15.443000000000001,14.852545454545455,15.050326003373296,4.690140390918186,4.65286022146942,4.689144695377301,15.763499999999999,15.661857142857144,15.139742852570603,4.829238558345173,4.771916879129947,4.752502542286931,15.055000000000001,15.498817204301075,14.778256132594374,4.808169591946996,4.798309178618811,4.752956420707132,12.769166666666667,14.124939890710381,13.796284888761347,4.617089073982469,4.7422896495185505,4.706366897549794,7.324512302964843
2006-10-31,sz000901,14.35,15.25,15.38,14.04,67545,43842752.0,9.44,7.47,1.06,7.79,4.829593206018614,0.29309789223299365,14.408000000000005,14.500666666666666,14.743989523469903,4.641141753225578,4.64528490363938,4.678999827340248,15.319999999999999,14.817454545454547,15.086630366396333,4.707777495054388,4.678215278760407,4.714680788221176,15.841999999999999,15.612952380952382,15.150243533278164,4.831944614024162,4.771950655098846,4.7598445102613764,15.129,15.511397849462366,14.808691220814092,4.810767490389067,4.799691347268593,4.757900729436906,12.850166666666667,14.206278688524588,13.84394767929376,4.626528006965879,4.749256998109899,4.710407104384837,7.6418978069020165
2006-11-01,sz000901,15.13,15.0,15.27,14.57,38361,24954196.0,4.59,-1.64,-0.25,4.43,4.583889919896468,-0.24570328612214531,14.524000000000004,14.698,14.829326348979937,4.604165486282929,4.6262009591963436,4.647296524858988,15.080000000000002,14.759272727272727,15.070879390687907,4.689424924774997,4.655690265095331,4.690900630343956,15.907999999999998,15.532761904761905,15.135934625346911,4.83573889962752,4.748326398515256,4.743086930226624,15.214,15.503075268817202,14.821033722697056,4.810000228077616,4.785054084656168,4.746674225595588,12.927,14.276765027322405,13.881851034071014,4.634506113702313,4.747859028042049,4.706258999975382,7.397143581880426
2006-11-02,sz000901,15.0,14.6,15.0,14.17,37123,23406414.0,5.53,-2.67,-0.4,4.28,4.569643065359316,-0.014246854537152132,14.552000000000003,14.723333333333333,14.75288423265329,4.598895707275515,4.614693485555139,4.621412038359098,14.825,14.672,14.985264956017376,4.675380881243524,4.63391174520157,4.668853800346748,15.945000000000002,15.408190476190475,15.084893232456729,4.832241748561815,4.72298393810876,4.726568466905928,15.274666666666667,15.463462365591399,14.806773482523052,4.80987713558739,4.769547170932406,4.735252860419055,12.997666666666667,14.331617486338798,13.90539690180639,4.643805914612889,4.7457323707193275,4.701779789004363,7.369334882329436
2006-11-03,sz000901,14.37,14.33,14.89,14.26,26357,16654555.0,4.32,-1.85,-0.27,3.04,4.420895976574812,-0.14874708878450438,14.674000000000003,14.649333333333335,14.61192282176886,4.588103496326966,4.555360241988239,4.55457335109767,14.642000000000001,14.581999999999999,14.866125873105124,4.628913438894846,4.587641762534532,4.623770559660941,15.901500000000002,15.254380952380952,15.012998638889421,4.798174984281441,4.683808150300475,4.697456801160107,15.303999999999998,15.402516129032255,14.776013903005436,4.795223877285309,4.744451612286433,4.714971771138782,13.080166666666667,14.375300546448088,13.919318314861918,4.643590817139576,4.738423848160702,4.6925704836788045,7.221533033086858
2006-11-06,sz000901,14.15,14.01,14.44,13.9,26006,16030392.0,3.77,-2.23,-0.32,3.0,4.415073558212058,-0.005822418362753545,14.638000000000002,14.428,14.411281881179242,4.563819145212254,4.497683595949936,4.5080734201357995,14.525,14.46709090909091,14.710466623449646,4.590895376457963,4.548761784228571,4.585825650306599,15.768,15.074238095238096,14.917474958995191,4.759172579600605,4.647322300198629,4.670563158974579,15.301,15.319032258064517,14.726593651198636,4.778590905693756,4.7199257852494485,4.695623499337059,13.157000000000002,14.405786885245902,13.922291484866445,4.644621329252547,4.730931479015539,4.683472223827436,7.204944142526033
2006-11-07,sz000901,14.01,14.46,14.89,13.57,56110,34876848.0,9.42,3.21,0.45,6.47,4.749040268703457,0.33396671049139837,14.480000000000004,14.368666666666666,14.427521254119496,4.547708557749223,4.559423970447003,4.5883957029916855,14.444000000000003,14.455272727272728,14.664927237367891,4.5944251554874,4.577515401000478,4.615501035469664,15.632499999999999,14.949666666666664,14.873905915281364,4.736494456365458,4.646357318208423,4.6780371694249485,15.313666666666668,15.264774193548387,14.709394060798726,4.774420348313912,4.718019292540399,4.6990697425219885,13.236166666666666,14.448508196721312,13.939921272247872,4.653168926349603,4.734355050800813,4.685621995790584,7.542537228609664
2006-11-08,sz000901,14.33,14.48,14.8,14.06,38828,24631140.0,5.12,0.14,0.02,4.48,4.589145020952085,-0.15989524775137198,14.376000000000005,14.368666666666666,14.445014169412998,4.548759577960346,4.573236124847957,4.588645475645152,14.45,14.461818181818183,14.631304103301002,4.576462532121638,4.576555376539512,4.610709032830104,15.425,14.83990476190476,14.836391066206948,4.710950248432388,4.632324038645245,4.669571250522772,15.325333333333333,15.210989247311828,14.694594443973001,4.76742946454596,4.706066045613828,4.6919778250013495,13.317499999999999,14.489289617486339,13.957628771518433,4.659782734953759,4.7322559063615515,4.6824588162876815,7.391484512701952
2006-11-09,sz000901,14.31,14.62,14.87,14.24,33809,21552362.0,4.35,0.97,0.14,3.9,4.529032325426976,-0.060112695525108784,14.380000000000004,14.45,14.503342779608666,4.540637429973877,4.566660374003502,4.5687744255724265,14.466,14.492727272727276,14.629248811791728,4.569766568624697,4.567931702595028,4.595858722393171,15.3065,14.763238095238096,14.815782393234858,4.679750624860395,4.6149985221685395,4.656186590989838,15.341666666666667,15.165483870967746,14.68978189920055,4.765131200886839,4.690685585025507,4.681465212125584,13.396999999999998,14.531994535519125,13.979345860976846,4.664526593147519,4.727969007688541,4.67742843953815,7.33349487298183
2006-11-10,sz000901,14.69,14.13,14.69,14.01,29680,18442618.0,4.65,-3.35,-0.49,3.42,4.47246389660699,-0.05656842881998614,14.340000000000003,14.366666666666667,14.378895186405778,4.550951013980312,4.543935862881205,4.536670915917281,14.507,14.431636363636363,14.538476300556866,4.5695272551536394,4.550240307682718,4.573423299522956,15.119499999999999,14.651190476190473,14.750469784355348,4.647046308049314,4.595256929001549,4.638689191524805,15.344666666666667,15.087311827956986,14.653666937961807,4.751424805504922,4.671803823459065,4.667981256285675,13.469166666666666,14.556027322404374,13.984285340944819,4.67092437928659,4.721671870097049,4.670708290589587,7.265822570852658
2006-11-13,sz000901,13.9,12.76,14.31,12.76,70959,40504624.0,10.97,-9.7,-1.37,8.19,4.8510074865088155,0.3785435899018257,14.090000000000003,13.840000000000002,13.839263457603852,4.638137799639664,4.643954687057374,4.641449772781126,14.363999999999999,14.113999999999999,14.215116973182889,4.600978472425959,4.601418531565477,4.623893151702203,14.9035,14.426476190476189,14.560901233464364,4.645559431672073,4.61468180314055,4.658909981523283,15.297,14.920559139784947,14.531494877448143,4.753151863038768,4.67822851255609,4.679789400171039,13.527,14.532775956284151,13.944144837963021,4.679361418684525,4.72757623426827,4.676619739636119,7.607504605018455
2006-11-14,sz000901,12.78,13.01,13.23,12.38,34830,19499048.0,6.66,1.96,0.25,4.02,4.541953474458237,-0.3090540120505789,13.800000000000002,13.479999999999999,13.562842305069235,4.59672044079062,4.61189324533023,4.608284340006829,14.14,13.867818181818182,13.996004796240545,4.572214499269921,4.590686713753164,4.608995028566936,14.729999999999999,14.246142857142857,14.413196354086805,4.6399959971621545,4.604814569120183,4.647771266564707,15.274666666666667,14.773010752688172,14.43333391761278,4.745367909106082,4.664602810067024,4.670896759802471,13.585333333333331,14.51582513661202,13.913517138357676,4.685978701140615,4.723071055769047,4.672204452253238,7.290013408365621
2006-11-15,sz000901,12.78,13.14,13.21,12.78,29715,16841580.0,3.31,1.0,0.13,3.43,4.472975734594228,-0.06897773986400857,13.532000000000002,13.259999999999998,13.42189487004616,4.573486583519049,4.570645009931433,4.563181471535962,13.953999999999999,13.686,13.840367560560445,4.561123080739698,4.5726433019939465,4.584264247844625,14.517000000000001,14.094714285714288,14.29193955845949,4.625274002757347,4.588907877447047,4.631124073043709,15.256666666666666,14.635290322580643,14.349893019702279,4.744200293331579,4.647029121388838,4.658127661401939,13.639833333333335,14.501224043715848,13.888155920706604,4.688452464255477,4.716087351947852,4.665672363149664,7.226382832596708
2006-11-16,sz000901,13.14,12.63,13.27,12.54,34523,19187558.0,5.56,-3.88,-0.51,3.98,4.538108528260863,0.06513279366663483,13.134000000000004,12.959333333333335,13.157929913364107,4.575301824085827,4.558852324845371,4.554823823777596,13.757,13.445272727272727,13.620300731367637,4.557969627029853,4.568458837906887,4.575872298829395,14.291,13.915,14.133659600510967,4.616675254136688,4.5806064036854774,4.6222654497310565,15.215666666666666,14.465827956989248,14.238932179721488,4.74081770805116,4.633732878481052,4.65038449152187,13.688,14.46811475409836,13.846904906912943,4.696166691384277,4.711158042570981,4.661489942333637,7.283019705605203
2006-11-17,sz000901,12.38,12.8,13.05,12.38,26216,14559107.0,5.3,1.35,0.17,3.02,4.418566428374319,-0.11954209988654352,12.868000000000004,12.848,13.03861994224274,4.564522330439293,4.506607192941535,4.5094046919765045,13.604,13.271272727272727,13.471155143846248,4.557736672209804,4.543112801787699,4.5472712314739265,14.123000000000001,13.773,14.006644400462303,4.593325055552324,4.561738896470014,4.602865542935176,15.135666666666667,14.309978494623659,14.146097845545908,4.718028880257561,4.61294247334061,4.635428487447834,13.741999999999999,14.438999999999998,13.812580155866616,4.703357302396182,4.702056394603441,4.653525236957922,7.1631347378296315
2006-11-20,sz000901,12.78,12.83,12.96,12.15,41255,22421472.0,6.33,0.23,0.03,4.76,4.615476591451174,0.19691016307685505,12.882000000000005,12.835333333333333,12.969079961495162,4.517416151427764,4.523591946612162,4.544761991801394,13.486,13.130545454545455,13.354581481328747,4.577776975533714,4.553610968922493,4.559672206015244,14.005500000000001,13.649857142857142,13.894583028989702,4.584336175995839,4.563848566555619,4.604066595174795,15.007333333333332,14.161225806451613,14.061188307123592,4.698707378244975,4.606326196643423,4.634141268351276,13.796166666666666,14.409098360655738,13.780364413051316,4.713009422453172,4.699175059818359,4.65227774038393,7.3506641212157815
2006-11-21,sz000901,12.67,13.12,13.25,12.33,48138,26945944.0,7.17,2.26,0.29,5.55,4.682488042586138,0.06701145113496398,12.904000000000002,12.914666666666667,13.019386640996775,4.545523065053345,4.57861591033162,4.590670675396309,13.352,13.064,13.311930302905337,4.571121752921982,4.572649344750206,4.582002358119043,13.898000000000001,13.56552380952381,13.820813216704968,4.582773454204691,4.573196363373743,4.611535304452066,14.872333333333332,14.0394623655914,14.000466480857554,4.681370221884299,4.605279787891241,4.637260415076105,13.853000000000002,14.386928961748636,13.758713120820124,4.721984518292541,4.698174358839112,4.653268242095478,7.430493402881367
2006-11-22,sz000901,13.01,13.45,13.75,13.01,63161,36979984.0,5.64,2.52,0.33,7.29,4.800448997381917,0.1179609547957785,12.966000000000003,13.096666666666666,13.162924427331184,4.611017717610882,4.6635912211078105,4.660596782724845,13.249,13.081818181818182,13.337033884195275,4.592252150564965,4.614345207379286,4.621719928894111,13.8495,13.522857142857143,13.785497672256877,4.584357341343301,4.593927367485859,4.629527084731099,14.699666666666666,13.947698924731183,13.964952514350616,4.671384215809914,4.612962289536249,4.647788710708739,13.913833333333333,14.373715846994532,13.74859137915389,4.727349467132806,4.700746964710895,4.658093840629459,7.567966718918524
2006-11-23,sz000901,13.34,13.79,14.15,13.34,54209,32614830.0,6.02,2.53,0.34,6.25,4.734071395871489,-0.06637760151042826,13.198000000000002,13.371333333333332,13.371949618220789,4.650210291133007,4.704609113861347,4.685088320440393,13.166,13.180181818181818,13.419391359796133,4.612756057609417,4.640130524707744,4.642147468344543,13.816000000000003,13.517190476190475,13.785926465375269,4.591261313117057,4.608185848869496,4.639483685792088,14.593,13.88901075268817,13.953665255360253,4.657419102443402,4.61700662373377,4.65335533555795,13.977666666666668,14.36965573770492,13.749949038853762,4.735822806345977,4.700967355817081,4.660584908014443,7.513415119168354
2006-11-24,sz000901,13.77,14.19,14.22,13.57,51639,31443430.0,4.71,2.9,0.4,5.96,4.712977823472636,-0.021093572398852345,13.476000000000003,13.701999999999998,13.644633078813861,4.709092570152671,4.7255316246412225,4.694384821451141,13.172,13.366363636363635,13.559502021651381,4.636807450295981,4.658352663955603,4.655025714731469,13.839500000000001,13.552809523809524,13.824409659149053,4.60316735272481,4.61977789747479,4.646483127475951,14.470333333333334,13.863010752688172,13.968912658240239,4.64363335546487,4.620591057348558,4.657201947681478,14.033666666666667,14.3766174863388,13.764376939219211,4.731263082538487,4.7002183399851685,4.66230270852127,7.4975299148744305
2006-11-27,sz000901,14.19,15.0,15.31,14.08,73058,46947660.0,8.67,5.71,0.81,8.43,4.863667779005754,0.15068995553311737,13.910000000000002,14.209999999999999,14.096422052542575,4.758730807663587,4.777056694258916,4.750812473969345,13.395999999999997,13.698727272727272,13.821410744987492,4.638073479545676,4.6995999964482875,4.692960635508611,13.88,13.663333333333334,13.936370643992001,4.619525975985818,4.644587461882498,4.667167380002598,14.401,13.897182795698924,14.03543442222474,4.643064114296607,4.634786826609261,4.6705223238959475,14.100833333333332,14.408300546448089,13.80488917072022,4.730343502727591,4.704559477574259,4.668904841979777,7.671613950714727
2006-11-28,sz000901,14.89,14.55,14.95,14.44,47704,30470350.0,3.4,-3.0,-0.45,5.5,4.678554796337683,-0.18511298266807064,14.196000000000003,14.423333333333334,14.247614701695051,4.757944158413896,4.750331357150282,4.726726581425458,13.55,13.908545454545456,13.95388151862613,4.65173361173362,4.706960235865017,4.6903413920229875,13.844999999999999,13.727142857142857,13.994811535040382,4.611974055501771,4.6502092542969615,4.668251895844034,14.336666666666668,13.906795698924729,14.068632201436047,4.643908535352643,4.637076548031266,4.671040547924447,14.163833333333333,14.423027322404371,13.829319033975294,4.732263375841774,4.70286148720082,4.669221233925938,7.4838774428080255
2006-11-29,sz000901,14.24,15.13,15.25,14.04,62407,40720584.0,8.32,3.99,0.58,7.2,4.7952333058822605,0.11667850954457748,14.532000000000002,14.734666666666667,14.541743134463369,4.756901020113964,4.76276107297307,4.749562156244393,13.749,14.195818181818181,14.167721242512286,4.683959368862423,4.733051089346588,4.70941264908831,13.851500000000001,13.849523809523808,14.102924722179395,4.62254122480106,4.667662516237962,4.6803453634667225,14.261,13.957978494623656,14.137107543278884,4.644835791459039,4.646839436452532,4.679052983921725,14.2355,14.454704918032787,13.871964311549874,4.740029334069206,4.7049260750710005,4.673352777268768,7.609813997868946
2006-11-30,sz000901,15.11,15.13,15.25,14.91,54758,36040160.0,2.25,0.0,0.0,6.32,4.738447577430799,-0.05678572845146146,14.800000000000002,14.934000000000001,14.737828756308913,4.757776256425826,4.7566099254120155,4.745857296639862,13.999,14.44690909090909,14.34268101660096,4.703993273779417,4.74295803635902,4.714691726968762,13.878,13.971285714285713,14.200741415305167,4.630981450404635,4.678701216488412,4.685878907653778,14.193666666666667,14.014043010752687,14.20116512113186,4.645781260684264,4.652878906515225,4.6828848931803755,14.313500000000001,14.484032786885248,13.913211383302338,4.741917664387661,4.704874214197609,4.675487033011786,7.556786710358159
2006-12-01,sz000901,15.25,15.13,15.25,14.71,49575,32421592.0,3.57,0.0,0.0,5.72,4.695262722877341,-0.04318485455345833,14.988000000000003,15.044000000000002,14.868552504205942,4.754233236306767,4.735772080895854,4.728992438719022,14.232,14.652545454545457,14.48582992267351,4.731662903229719,4.741370663467733,4.711159180770322,13.918000000000001,14.090523809523809,14.289242232895152,4.644699787719761,4.684823242438193,4.686772604341735,14.159333333333333,14.074451612903225,14.26108995202658,4.63943767144479,4.656071258914778,4.683683462838244,14.3955,14.51080327868852,13.953106092046523,4.747273021243649,4.703344543984155,4.676135416286066,7.510834336232424
2006-12-04,sz000901,15.11,15.47,15.74,14.71,73465,48859628.0,6.81,2.25,0.34,8.47,4.866080482932676,0.17081776005533555,15.082000000000004,15.204666666666666,15.069035002803963,4.754715777092152,4.773054496437823,4.774688453456907,14.496,14.877636363636363,14.66476993673287,4.7567232923778695,4.765810223413725,4.739326690254386,13.991,14.238333333333337,14.401695353571803,4.6672501339557915,4.705907118172757,4.70384954515992,14.169,14.159010752688175,14.339084148670027,4.641798548123181,4.670693375784965,4.695451012521756,14.466833333333334,14.546032786885247,14.0028403185368,4.7517486689537725,4.707239870596912,4.682363123389234,7.688950156084772
2006-12-05,sz000901,15.36,15.0,15.45,14.98,47325,31199100.0,3.04,-3.04,-0.47,5.46,4.675090622635834,-0.19098986029684184,15.172000000000002,15.177333333333333,15.046023335202642,4.754022942351782,4.746512778285718,4.741489176516549,14.684000000000001,14.969272727272728,14.725720857326895,4.755983550382839,4.750967919824264,4.727647405232831,14.018,14.334428571428571,14.458676748469728,4.663552651652411,4.70665383138038,4.701110600157626,14.16,14.21262365591398,14.381723881013897,4.640510152930741,4.672841251559975,4.6941374389807295,14.512333333333334,14.563513661202187,14.035534078584773,4.7425967353907765,4.70472649202911,4.682124680741581,7.494142066112311
2006-12-06,sz000901,14.69,14.13,15.13,13.79,60607,38017784.0,8.93,-5.8,-0.87,6.99,4.782522787298394,0.10743216466255934,14.972000000000003,14.830000000000002,14.74068222346843,4.751480838635009,4.756012726601254,4.7551670467771645,14.751999999999999,14.868545454545455,14.617407974176551,4.754190929374486,4.755793235627093,4.737624747426569,14.000499999999999,14.345095238095237,14.42737420099642,4.673221539969726,4.717984320489521,4.708864141790079,14.150333333333332,14.210688172043012,14.365483630625905,4.6409685373536975,4.682003357003049,4.699839719517353,14.543833333333334,14.5509781420765,14.038631321909863,4.7422171665764505,4.7060355429113265,4.6854164219401655,7.579986798888717
2006-12-07,sz000901,13.99,13.97,14.35,13.9,47678,29213946.0,3.18,-1.13,-0.16,5.5,4.678318029299685,-0.10420475799870843,14.740000000000004,14.496,14.483788148978954,4.739454929008786,4.73162512348948,4.729550707618005,14.77,14.726363636363637,14.499697433417179,4.748615592717306,4.74199816288622,4.726841707767135,13.968,14.342190476190476,14.383814753282476,4.680685825163362,4.718469700425708,4.705954988219566,14.133999999999999,14.199053763440862,14.339968557682298,4.643712739650473,4.684413001644725,4.698451223374278,14.571833333333332,14.532163934426228,14.036381114634128,4.741059520336901,4.703940489230121,4.685183687755231,7.465590222166353
2006-12-08,sz000901,13.97,12.96,14.06,12.94,38394,22511210.0,8.02,-7.23,-1.01,4.43,4.584263360552735,-0.09405466874695012,14.306000000000003,13.902666666666669,13.97585876598597,4.717255056543865,4.679894600670796,4.681121591929582,14.647,14.397272727272728,14.219752445523145,4.735744146425317,4.712115938856297,4.700918371909971,13.9095,14.246190476190476,14.248213348207955,4.686275798360649,4.709286608558029,4.694365309394154,14.108666666666666,14.123311827956991,14.250938328154408,4.647359617291646,4.680577557831968,4.691084264482565,14.567,14.47931693989071,14.001089930547764,4.733549760404932,4.698799631532279,4.681874824568264,7.352398839389675
2006-12-11,sz000901,12.89,13.34,13.43,12.85,20262,11686325.0,4.48,2.93,0.38,2.34,4.306682311019055,-0.2775810495336799,13.880000000000004,13.58066666666667,13.76390584399065,4.60537542216114,4.543037018829193,4.55630849829274,14.481,14.159636363636363,14.059797455428027,4.680045599626646,4.634104696055159,4.629239088111622,13.938500000000001,14.191952380952383,14.161716838854815,4.659059539586161,4.67313484785883,4.657443119072716,14.080333333333332,14.073720430107526,14.19216811343477,4.639699183866094,4.658598376782124,4.666284138452661,14.567666666666668,14.439087431693988,13.979414850857673,4.723934387906545,4.684803977454053,4.669573430681404,7.067677959994439
2006-12-12,sz000901,13.57,13.83,14.1,13.39,28815,17328358.0,5.32,3.67,0.49,3.32,4.4596186239173745,0.15293631289831922,13.646000000000004,13.564,13.7859372293271,4.562281022417449,4.494451419414604,4.5240785401676185,14.409,14.041272727272727,14.018016099895657,4.658151982384616,4.594027064108018,4.598399003712668,13.979500000000002,14.18161904761905,14.13012475896388,4.654942797059118,4.654140474937992,4.638602690962684,14.032999999999998,14.057569892473117,14.168802428697044,4.627366697796052,4.646980276140271,4.652950879450385,14.581,14.414901639344265,13.974516003288567,4.719067094092559,4.676137886831459,4.662689666525206,7.238757411800777
2006-12-13,sz000901,13.61,13.7,13.92,13.39,17458,10347727.0,3.83,-0.94,-0.13,2.01,4.241994489156781,-0.2176241347605936,13.560000000000002,13.581999999999999,13.757291486218067,4.454175362789126,4.3876892416610485,4.430050523164006,14.266,13.912363636363638,13.960194990823718,4.602828100712068,4.518362065339322,4.533598182884324,14.007499999999999,14.155000000000001,14.089160496205416,4.643393734787246,4.61481206466158,4.600830481266883,13.989666666666666,14.036086021505378,14.13855711071659,4.615970183438063,4.622117553002254,4.626437563947572,14.601833333333333,14.386016393442626,13.96551547859058,4.71298520575784,4.6604961620794665,4.648896382021323,7.014844962375629
2006-12-14,sz000901,13.7,13.92,14.04,13.68,23376,14150150.0,2.63,1.61,0.22,2.7,4.368770198590221,0.1267757094334403,13.550000000000002,13.702,13.811527657478713,4.392265796647233,4.3592208535947465,4.409623748306078,14.145,13.849454545454545,13.95288681067395,4.56586036282801,4.47580608313535,4.5036294584672145,14.072,14.14666666666667,14.073049972757282,4.634926818303714,4.5886574421666255,4.578729501964344,13.967,14.031591397849464,14.124456651960683,4.609274421212427,4.6061691668830385,4.609813862956775,14.620833333333334,14.363661202185794,13.964023167817118,4.709575778399908,4.649210424139543,4.6397119169907945,7.150761043664337
2006-12-15,sz000901,14.08,14.04,14.24,13.92,28619,17547718.0,2.3,0.86,0.12,3.3,4.456654454648449,0.0878842560582278,13.766000000000002,13.865333333333332,13.88768510498581,4.366744015466376,4.380683739595153,4.425300650420202,14.036000000000001,13.830363636363636,13.968725572369594,4.541999536005121,4.455950463466339,4.495088548681984,14.133999999999997,14.143619047619048,14.069902356304206,4.63683121961742,4.571679121818504,4.567103306981878,13.957333333333334,14.036301075268817,14.119007835705156,4.610466370481547,4.596322717427297,4.599932610807851,14.630666666666665,14.344617486338798,13.966514211495245,4.702845123883429,4.640917921721463,4.63371003297957,7.244220646474418
2006-12-18,sz000901,14.06,14.13,14.17,13.86,29345,17897406.0,2.21,0.64,0.09,3.39,4.4675341138495925,0.010879659201143532,13.924000000000001,13.986666666666666,13.968456736657206,4.398914376032484,4.414280439056224,4.439378471563332,13.902000000000001,13.847454545454543,13.998048195575123,4.502144899096812,4.442411295801697,4.490078651439731,14.199000000000002,14.143238095238093,14.07562594141809,4.6294340957373405,4.555555587935855,4.557620526683564,13.961333333333332,14.047440860215053,14.119717007595147,4.612215055669465,4.58710128151556,4.591390772294416,14.631166666666667,14.32820218579235,13.971874401282285,4.695402980681609,4.633202806638386,4.628261642188423,7.252790090112724
2006-12-19,sz000901,14.1,14.13,14.22,13.43,39038,23574612.0,5.59,0.0,0.0,4.5,4.59148755973202,0.12395344588242718,13.984000000000004,14.055333333333333,14.022304491104805,4.425288163195413,4.478471500289403,4.490081500952895,13.815000000000001,13.888909090909094,14.02203943274328,4.49378459280643,4.458655415917189,4.508516634765602,14.249500000000001,14.136666666666663,14.080804423187796,4.624884071594635,4.551941632125824,4.560845958402465,13.950333333333333,14.058322580645163,14.120380426459977,4.60696329870375,4.585764023713143,4.591397016645229,14.632000000000001,14.311770491803276,13.977058847141883,4.690691823508831,4.629795743656432,4.627055934566902,7.372444553683146
2006-12-20,sz000901,14.01,14.55,14.84,13.88,70079,44349280.0,6.79,2.97,0.42,8.08,4.845587895991353,0.2541003362593335,14.154000000000002,14.244,14.19820299406987,4.546006844562327,4.618571411221383,4.6085836326323815,13.857,14.022545454545455,14.11803226315359,4.500091103675727,4.522619652859904,4.569802318624829,14.3045,14.165285714285714,14.125489716217531,4.627141016525107,4.572961043973131,4.587964238172836,13.952666666666666,14.097010752688176,14.14809781830127,4.615511394538393,4.60115915902202,4.607796428215947,14.639000000000001,14.309081967213116,13.995843802973297,4.691470429542177,4.634874303409958,4.634220916908687,7.646886573557482
2006-12-21,sz000901,14.51,14.1,14.55,14.06,35368,22008722.0,3.37,-3.09,-0.45,4.08,4.548610501897818,-0.29697739409353563,14.190000000000003,14.225999999999999,14.165468662713247,4.581974905223847,4.61943929699988,4.588592589054194,13.87,14.066727272727272,14.114753669852938,4.487120350935539,4.5314413616275555,4.565949261038099,14.319999999999999,14.145809523809524,14.123062124196816,4.617867971826422,4.5654819473419606,4.584216263289501,13.935333333333334,14.106516129032258,14.144994733249577,4.6161640004207545,4.596842972400048,4.603977981356713,14.6385,14.291409836065574,13.99925876025286,4.690647600653796,4.630190371356044,4.631414018055871,7.342594824722261
2006-12-22,sz000901,13.99,13.75,14.26,13.68,24604,14849351.0,4.11,-2.48,-0.35,2.84,4.39100571835171,-0.15760478354610719,14.132000000000001,14.079333333333333,14.026979108475498,4.568845157964499,4.555782901375834,4.522730298820033,13.948999999999998,14.044909090909089,14.048434820788767,4.467794586715438,4.513965973885041,4.534141344186029,14.297999999999998,14.09152380952381,14.087532398082834,4.601769366570377,4.543876018439606,4.565815259009711,13.922666666666666,14.094559139784947,14.119511202072186,4.613448727812245,4.5823166316214,4.59023783535639,14.633666666666667,14.26227868852459,13.991086341883914,4.682436766658585,4.620366047346139,4.623531778721309,7.171707472961107
2006-12-25,sz000901,13.66,13.72,13.9,13.63,22561,13485370.0,1.96,-0.22,-0.03,2.6,4.353358345526591,-0.037647372825118985,14.050000000000002,13.942,13.924652738983667,4.546010004299899,4.483953963896531,4.466272981055552,13.987,14.003272727272728,13.988719398827172,4.472462190166191,4.493159384577978,4.501271708066131,14.234,14.036476190476192,14.052529312551135,4.5762538948964195,4.520217825959246,4.545581267249414,13.954666666666666,14.081483870967745,14.093736285809465,4.5968604231128385,4.565536606957809,4.5749552876254365,14.625833333333334,14.232322404371585,13.982198265100834,4.6750061430758025,4.609576590915582,4.614673633370662,7.129862866751377
2006-12-26,sz000901,13.79,13.36,13.9,13.25,17615,10315107.0,4.74,-2.62,-0.36,2.03,4.245882647517261,-0.10747569800933032,13.896000000000004,13.712,13.736435159322445,4.476889021856946,4.383911511635653,4.392809536542789,13.940000000000001,13.889272727272727,13.874406780858594,4.45108859252618,4.451963104096356,4.4548373334208815,14.1745,13.953238095238094,13.986574139927217,4.554620287455397,4.488753897637421,4.5170385415606376,13.966333333333333,14.043118279569894,14.046398460918532,4.5869913955481385,4.54289287950003,4.553724794715231,14.620499999999998,14.190819672131147,13.961798321982775,4.666179652327111,4.595506968110385,4.602582125637763,7.013473737327934
2006-12-27,sz000901,13.34,13.23,13.5,13.07,25802,14790679.0,3.22,-0.97,-0.13,2.98,4.411653370897312,0.16577072338005117,13.632000000000001,13.49,13.567623439548298,4.390102116838138,4.362166294649109,4.399090814660964,13.893,13.760181818181817,13.757241911611578,4.468054480700233,4.444793063800197,4.446985703871142,14.0795,13.863285714285714,13.91451945993415,4.53544129070615,4.475138000822366,4.50700185864032,13.969333333333335,13.995612903225807,13.993727592472176,4.5849473167582415,4.5315807488773965,4.544558896404398,14.613,14.14522950819672,13.93780493437678,4.66457380504491,4.58716184412908,4.596322166465945,7.169988111737555
2006-12-28,sz000901,13.23,12.63,13.34,12.6,32736,18200238.0,5.59,-4.54,-0.6,3.78,4.515025612032066,0.10337224113475418,13.338000000000003,13.156,13.2550822930322,4.383385138864989,4.40380745971375,4.437735747117999,13.764000000000001,13.530545454545456,13.552288836773108,4.482680022044417,4.453333269496894,4.459356596264037,13.9545,13.725238095238094,13.792184273273755,4.524270192436214,4.473193650472453,4.50776602563001,13.969333333333335,13.909204301075269,13.905745167151391,4.584177886217281,4.527069671153127,4.542653523219087,14.5925,14.080213114754098,13.894926084069343,4.662497797134221,4.582258624686036,4.593656705664834,7.260077067183475
2006-12-29,sz000901,12.67,12.76,12.94,12.67,23629,13120771.0,2.14,1.03,0.13,2.73,4.373445342297979,-0.14158026973408777,13.140000000000004,12.963333333333333,13.090054862021468,4.379873063654242,4.400494194191413,4.416305612177992,13.636000000000001,13.347999999999999,13.40823632099618,4.47435911080937,4.4334724186339045,4.443736368270208,13.835999999999999,13.61147619047619,13.693881009152445,4.508179323407245,4.458829379030717,4.494973579598389,13.968,13.831182795698927,13.831826124109366,4.582673850014737,4.513474023158333,4.531736866385468,14.551833333333333,14.020131147540981,13.857715392788382,4.6503513651361486,4.5727814950192744,4.5864366609642815,7.117959355710939
2007-01-04,sz000901,12.76,12.45,12.89,12.29,32352,17610322.0,4.7,-2.43,-0.31,3.73,4.509901133910907,0.13645579161292876,12.886000000000001,12.733333333333333,12.876703241347645,4.411181621331105,4.44383688427697,4.447504119422298,13.468,13.132363636363635,13.23401153536051,4.478595812815502,4.4399346046523664,4.455766325659425,13.685000000000002,13.479476190476191,13.575416151137926,4.490370355956157,4.458993360983446,4.496395251437676,13.955333333333334,13.733247311827958,13.742676051586182,4.579154668096728,4.50877900921615,4.5303281094516255,14.481333333333334,13.951218579234972,13.811560789746139,4.638931023170851,4.568176569405332,4.583927299421548,7.245767296997639
2007-01-05,sz000901,12.45,13.07,13.21,12.36,34085,19175810.0,6.83,4.98,0.62,3.93,4.532563298334475,0.02266216442356761,12.828000000000003,12.794666666666668,12.941135494231766,4.468517751494548,4.484297443278092,4.475857179059691,13.362,13.059999999999999,13.204191256204053,4.4727033866757475,4.449746874746724,4.469729411600343,13.588500000000002,13.420904761904762,13.527281279600981,4.483243989741089,4.463011736448047,4.499839827332609,13.953666666666667,13.676129032258064,13.699277596645139,4.574157176621672,4.505773114392779,4.530472315186003,14.413000000000002,13.90494535519126,13.787247321229872,4.627763699252985,4.564689103017254,4.582243233812135,7.282753717919613
2007-01-08,sz000901,13.07,13.79,13.81,13.07,43354,25634978.0,5.66,5.51,0.72,5.0,4.637029173272112,0.10446587493763726,12.940000000000003,13.115333333333332,13.224090329487844,4.513592911969508,4.540467917203946,4.529581177130499,13.285999999999998,13.137818181818183,13.310701936894224,4.451847514403823,4.479624290491518,4.500147550086119,13.5715,13.440095238095239,13.552302110115173,4.475969309039774,4.477657944403383,4.5129054793268475,13.965000000000002,13.665569892473117,13.705130654926098,4.568709849151346,4.509829372241195,4.537346951191559,14.332333333333334,13.884519125683061,13.787337572992826,4.620047032480629,4.564992889050668,4.584039494122298,7.4088329490640055
2007-01-09,sz000901,14.1,13.77,14.1,13.57,38982,23372440.0,3.84,-0.15,-0.02,4.5,4.590864117149012,-0.04616505612310018,13.168000000000003,13.392,13.406060219658563,4.528760612992897,4.566224985597116,4.550008823803337,13.253,13.225818181818179,13.394210675640728,4.4560728759289425,4.504900036445189,4.516641471370281,13.5615,13.459,13.573035242485156,4.471596613432242,4.4886003070804525,4.520330111500387,13.964333333333334,13.65298924731183,13.709315773963125,4.56393627319393,4.511258679853947,4.540799671575911,14.278666666666668,13.86608196721312,13.786769127976667,4.610677687818666,4.56403607215455,4.584263252254322,7.36870405356555
2007-01-10,sz000901,13.79,13.97,13.99,13.41,56076,33416634.0,4.21,1.45,0.2,6.47,4.748777027071938,0.15791290992292595,13.410000000000002,13.659333333333336,13.594040146439044,4.603826949947689,4.639563790290128,4.6162648915595375,13.275,13.356181818181819,13.49889964370605,4.491850006800965,4.558118973016643,4.55884793604331,13.612,13.497904761904762,13.610841409867522,4.4798222967582015,4.514998441712805,4.54208696060244,13.957,13.653354838709678,13.726134111126797,4.565129579980573,4.523183889781561,4.554217565478881,14.213666666666667,13.85596174863388,13.792776697551203,4.604381467722721,4.568563919343181,4.589657146510637,7.523962702025126
2007-01-11,sz000901,13.99,14.66,14.71,13.95,104062,65475576.0,5.44,4.94,0.69,12.0,5.0172921684811875,0.2685151414092495,13.852000000000004,14.075999999999999,13.94936009762603,4.705305156861745,4.777385529801295,4.749940650533421,13.369,13.608,13.710008799395858,4.558243389096425,4.653653911503956,4.642201432850197,13.678,13.597714285714284,13.710761275594425,4.515352789631308,4.566186048543566,4.587344599448034,13.945666666666666,13.698709677419355,13.786383523312166,4.5702503929630875,4.552355669684826,4.58409334631774,14.173333333333334,13.8705956284153,13.821210248451163,4.606657253629848,4.582101975105752,4.603677966903114,7.8160793276779685
2007-01-12,sz000901,14.66,13.72,15.04,13.68,63144,39745764.0,9.28,-6.41,-0.94,7.28,4.800332089797309,-0.21696007868387834,13.982000000000003,14.032000000000002,13.872906731750689,4.7588589151543115,4.8090611741131495,4.766737796954717,13.405000000000001,13.671818181818182,13.711825381323882,4.61368833332443,4.697670038904118,4.670952461386035,13.6725,13.601714285714287,13.711641154109241,4.532388462925304,4.593326934273661,4.607629122338442,13.918000000000001,13.684150537634409,13.782100715356544,4.574309636078408,4.567199650125743,4.598044232993842,14.127333333333333,13.855732240437158,13.817891879649483,4.609109085715526,4.588451969734195,4.610125643063579,7.5992908494841735
2007-01-15,sz000901,13.68,14.64,14.64,13.61,56366,34854244.0,7.51,6.71,0.92,6.5,4.7510172163074085,-0.04931487348990071,14.152000000000005,14.251333333333331,14.128604487833794,4.781656523761372,4.806447274497516,4.761497603405615,13.546000000000001,13.896363636363635,13.880584402901357,4.6476247178654395,4.7226389267192035,4.685509689553557,13.7195,13.693857142857146,13.800056282289313,4.557839599282836,4.614148720310052,4.621285131287867,13.901666666666667,13.7307311827957,13.837449056301285,4.572835766425913,4.578600139172776,4.6079134577237495,14.081333333333333,13.872540983606559,13.844846244251139,4.608835778942476,4.593104695327372,4.614745038907639,7.542255667184732
2007-01-16,sz000901,14.89,15.38,15.49,14.57,119838,78538376.0,6.28,5.05,0.74,13.82,5.078594552389672,0.32757733608226314,14.474000000000004,14.660666666666666,14.545736325222531,4.879202610809503,4.905426617373616,4.867196586400301,13.821000000000002,14.229818181818183,14.153205420555656,4.7039816119012,4.800997078450882,4.7569796646146685,13.7925,13.851999999999999,13.950527112547473,4.593330816972808,4.663744430129752,4.664838409488039,13.91,13.826107526881719,13.936968472023784,4.584173998924542,4.6112297382672125,4.638279979960261,14.051833333333333,13.915120218579235,13.89517915427569,4.614977629804403,4.608506622325641,4.6299532196775415,7.895081916777403
2007-01-17,sz000901,15.87,16.59,16.88,15.69,216106,153535520.0,7.74,7.87,1.21,24.93,5.334666824868978,0.2560722724793063,14.998000000000001,15.366000000000001,15.227157550148355,4.9963805703689115,5.057248022060107,5.023019999223194,14.203999999999999,14.733272727272729,14.596258980454628,4.8001037601583,4.915667117172298,4.862013693751815,13.920000000000002,14.118428571428572,14.201905482781047,4.6372314354838355,4.734347859453196,4.728631591905271,13.958666666666666,13.999010752688172,14.108131796409348,4.60548746899093,4.659648630263628,4.683208163502759,14.059000000000001,13.998338797814208,13.983533936102717,4.62246257021786,4.6321029893769365,4.653058583782178,8.186208864213617
2007-01-18,sz000901,16.25,16.37,16.48,15.58,80133,56164752.0,5.42,-1.33,-0.22,9.24,4.9038114020578565,-0.43085542281112144,15.340000000000003,15.823333333333334,15.608105033432238,4.973684417084245,5.026391632623089,4.983283800168081,14.596,15.12709090909091,14.918757347644695,4.8394947869729945,4.934523052063125,4.8696132770801865,14.032,14.351761904761906,14.408390674897138,4.659045299894248,4.75973642769834,4.745315383348373,13.988666666666665,14.15458064516129,14.254058777286165,4.606745166295103,4.6788953356227845,4.697440630506314,14.078833333333334,14.074109289617489,14.061778725082956,4.624271857209142,4.641327541240544,4.661279987660069,7.749463845561737
2007-01-19,sz000901,16.37,17.15,17.73,16.25,99581,74012352.0,9.04,4.76,0.78,11.49,4.9981764831796625,0.09436508112180597,16.026000000000003,16.426666666666666,16.12207002228816,5.013253295760715,5.034555654654895,4.988248027838608,15.004,15.591454545454548,15.324437829891114,4.886056105457514,4.9633742695552465,4.892988405461909,14.182999999999998,14.648714285714286,14.669496324906934,4.679379746066631,4.7920346356302845,4.769397392856115,14.060333333333334,14.3585376344086,14.440893694880605,4.6175146949798975,4.704148968970175,4.716842943582015,14.110166666666666,14.174803278688525,14.163031881637611,4.629012423955319,4.653586709305151,4.672325774398416,7.8693042056469205
2007-01-22,sz000901,17.26,17.35,17.6,16.84,96142,72217408.0,4.43,1.17,0.2,11.09,4.9829131523248655,-0.01526333085479692,16.568000000000005,16.868,16.531380014858776,5.059632482964206,5.024442273509611,4.986469736000695,15.36,16.018,15.69272186082,4.920644503362789,4.980984641712946,4.909338359436992,14.323000000000002,14.950333333333335,14.92478238920151,4.686246008883306,4.82094257908345,4.789732227091234,14.167666666666666,14.570774193548388,14.628577972630245,4.624194373814112,4.727723062992431,4.734008763500908,14.159,14.281027322404372,14.267522639616704,4.632581455583904,4.665190011874644,4.682508967117316,7.858641896836608
2007-01-23,sz000901,17.33,16.61,17.33,16.14,83012,60249904.0,6.86,-4.27,-0.74,9.58,4.919140877401156,-0.06377227492370974,16.814,16.882,16.55758667657252,5.027741747966504,4.977611738321928,4.964026783134182,15.644000000000002,16.245272727272727,15.859499704307272,4.953472179388004,4.9807112551744686,4.911120635430477,14.448500000000001,15.168142857142858,15.085279304515652,4.704772527658473,4.843123042751817,4.802056860454083,14.255666666666666,14.728344086021504,14.756411651815391,4.632221802084162,4.746751869675466,4.745952770849311,14.194833333333333,14.361387978142078,14.344325176022714,4.637967270867318,4.674585402753899,4.690267390405311,7.779956359258467
2007-01-24,sz000901,16.48,17.19,17.58,15.94,91814,68217176.0,9.87,3.49,0.58,10.59,4.962908908425293,0.043768031024137066,16.934000000000005,17.007333333333335,16.768391117715012,4.953390164677766,4.956000791808191,4.963654158231219,15.966000000000003,16.526363636363637,16.101408848978675,4.974885367523339,4.982427024090339,4.920536685065898,14.620500000000002,15.429238095238096,15.28572889456178,4.733367687162152,4.867707459967705,4.817376103118009,14.396666666666667,14.917655913978493,14.91341735169827,4.64484332034658,4.768086521697474,4.759949941015504,14.252666666666666,14.459590163934426,14.437625989923609,4.646101468819113,4.685239226936128,4.6992064565699,7.833893736868472
2007-01-25,sz000901,17.15,16.16,17.15,16.05,53639,38727876.0,6.4,-5.99,-1.03,6.19,4.729480672637239,-0.23342823578805394,16.892000000000003,16.749333333333333,16.56559407847668,4.918524018793643,4.881364294461349,4.885596329699893,16.116,16.561636363636364,16.112061785528006,4.946104217938943,4.937807988656503,4.885799228260686,14.742499999999998,15.575857142857144,15.36899280936542,4.7521738035176835,4.867337268108188,4.809005109738888,14.490666666666668,15.03141935483871,14.993842038685479,4.658936599067187,4.773546996038807,4.757984181765295,14.2855,14.522125683060109,14.494097268942506,4.64931789146664,4.687972971323607,4.700199053818009,7.588023679098802
2007-01-26,sz000901,15.99,15.81,16.23,14.91,47084,31887464.0,8.17,-2.17,-0.35,5.43,4.6728733510306775,-0.056607321606561456,16.624000000000002,16.38866666666667,16.313729385651122,4.853463392363847,4.7994807385403595,4.814688670143488,16.325,16.506,16.057141460886548,4.93335834406228,4.8881296492186355,4.847085432400685,14.865,15.677523809523809,15.41099349418776,4.773523338693356,4.8597848440618066,4.796040180338106,14.556666666666668,15.116537634408605,15.046497391028351,4.666045089970964,4.7744461413267745,4.752493160427578,14.294833333333335,14.572109289617487,14.537241620780456,4.6467058938835075,4.688745281473247,4.699303129136457,7.503619981312549
2007-01-29,sz000901,15.9,16.14,16.23,15.83,35236,24662504.0,2.53,2.09,0.33,4.06,4.546986601314178,-0.12588674971649905,16.382000000000005,16.227333333333334,16.255819590434083,4.766278082161709,4.697321808190471,4.725454647200385,16.475,16.472363636363635,16.072206649816266,4.912955282562957,4.817880241446253,4.792522008566774,15.010500000000002,15.798952380952382,15.480422685217498,4.780290000214199,4.838209916692361,4.772320791859637,14.638,15.21868817204301,15.117045946445877,4.676211493709544,4.7667649485102075,4.739234672742843,14.313833333333333,14.632606557377052,14.589791075836834,4.646090838573803,4.685475796470974,4.694309144617693,7.392037168698272
2007-01-30,sz000901,16.21,17.06,17.42,16.05,103486,76464416.0,8.49,5.7,0.92,11.94,5.014881600672166,0.46789499935798773,16.472,16.453333333333333,16.523879726956054,4.785426226815911,4.780189647693956,4.821930298357645,16.643,16.578727272727274,16.251805440758762,4.906583987391207,4.836412299284292,4.832951025313209,15.232,15.994142857142855,15.630858619958687,4.8052827996462035,4.860551973878835,4.795421821270354,14.742666666666668,15.37494623655914,15.242397820868725,4.697748540445607,4.7886146328303765,4.757018345512477,14.354833333333334,14.722644808743167,14.670781532366775,4.6535114808290166,4.697567296867643,4.704819716947348,7.883459375935835
2007-01-31,sz000901,16.93,15.58,16.93,15.38,63945,45315836.0,9.09,-8.68,-1.48,7.38,4.805806591702813,-0.20907500896935272,16.150000000000002,16.156,16.209253151304036,4.754005763471414,4.786983102656257,4.816555729472702,16.542,16.385454545454547,16.129658996984443,4.85369796407459,4.8180891364318565,4.828015673747682,15.373000000000001,16.027285714285714,15.626014941867382,4.826900862116446,4.860601858836607,4.796410847025827,14.794,15.428967741935482,15.264178606619131,4.709386945014088,4.79558612000826,4.760165974298951,14.375666666666666,14.76281420765027,14.700591973928518,4.659926657747818,4.702560579191373,4.708130762021298,7.656249996396442
2007-02-01,sz000901,15.36,15.16,15.58,14.51,39449,25907488.0,6.87,-2.7,-0.42,4.55,4.596035998673795,-0.20977059302901857,15.950000000000003,15.825999999999999,15.859502100869358,4.727316828678727,4.734326514390385,4.743049152539733,16.421,16.13418181818182,15.953357361169088,4.822920423736184,4.771241506358984,4.785837551006975,15.508499999999998,16.006999999999998,15.581632566451441,4.83120760535459,4.838614728984926,4.7773275281351575,14.828333333333335,15.45258064516129,15.257457406192092,4.713670341174893,4.788273155728241,4.749576943613457,14.394833333333333,14.788530054644808,14.715654532160368,4.662942698422181,4.700465803484028,4.704455523878757,7.413425305667176
2007-02-02,sz000901,15.18,15.43,15.92,15.13,37566,25466198.0,5.21,1.78,0.27,4.33,4.57479495416876,-0.021241044505035056,15.874000000000004,15.652666666666667,15.716334733912905,4.7077011493063425,4.683485889553729,4.686964419749409,16.249000000000002,15.954,15.858201477320161,4.780582270835095,4.726127784619452,4.747466169763663,15.626499999999998,15.99952380952381,15.567191369646544,4.833319188146304,4.8141944764910365,4.75803871156693,14.871666666666668,15.491397849462366,15.268589186437765,4.713113920989453,4.779313453340749,4.738300686229929,14.411000000000001,14.82246994535519,14.739075695040356,4.660038609846601,4.697575713508507,4.700204357658757,7.405964111399741
2007-02-05,sz000901,15.36,16.59,16.81,15.36,71244,50689912.0,9.4,7.52,1.16,8.22,4.852748294973684,0.27795334080492395,15.964000000000004,15.891333333333334,16.00755648927527,4.768853488038244,4.731834938109509,4.742225711490834,16.173000000000002,16.016,15.99125575417104,4.767565785099976,4.739248879917378,4.766608374347303,15.766500000000002,16.091285714285718,15.664601715394491,4.844105144231382,4.816044867617455,4.767058671891383,14.939666666666666,15.602258064516127,15.353841496990169,4.713352600955529,4.788322122630054,4.745684402923074,14.446166666666668,14.89391256830601,14.799761737825918,4.664431997746962,4.703894063840542,4.7052057982264595,7.704921537269021
2007-02-06,sz000901,16.86,17.04,17.26,16.63,102073,75930392.0,3.8,2.71,0.45,11.77,5.008910879190448,0.156162584216764,15.960000000000003,16.25,16.351704326183516,4.7676593437419,4.811854068493577,4.831120767390706,16.216,16.173636363636366,16.18193652613994,4.776542785278906,4.783129806115646,4.8106633752278745,15.929999999999998,16.21257142857143,15.795592028214063,4.865007482333454,4.8317406518992705,4.790092215443675,15.037666666666667,15.737763440860213,15.462625916539192,4.728695946865284,4.807390398645211,4.762666756230647,14.486500000000001,14.978956284153007,14.873212172651296,4.672429973643019,4.715188453396066,4.715163341864622,7.880415641982453
2007-02-07,sz000901,17.06,18.0,18.27,16.93,129093,99574408.0,7.86,5.63,0.96,14.89,5.110902693515106,0.10199181432465831,16.444000000000003,16.93,16.90113621745568,4.828678564104359,4.92626851841798,4.924381409432173,16.297,16.498,16.51249352138722,4.791342163787887,4.843922516704046,4.865252342189189,16.1315,16.409714285714287,16.00553564457463,4.8831137656556125,4.855159243440379,4.820645594307621,15.179333333333334,15.928881720430104,15.626327470310859,4.752692512704064,4.83204889842907,4.785133590894161,14.551,15.09415300546448,14.97572980633486,4.683070620258154,4.729564608145971,4.728138402574475,7.998147733076871
2007-02-08,sz000901,17.96,17.82,18.96,17.64,96738,77560816.0,7.33,-1.0,-0.18,11.16,4.985597104367895,-0.12530558914721102,16.976000000000006,17.388666666666666,17.207424144970453,4.906590785243179,4.978574698505825,4.944786641077414,16.463,16.774909090909087,16.750221972044088,4.816953806960952,4.879241596809501,4.887133208039862,16.289499999999997,16.570523809523806,16.17834177366276,4.881529012449948,4.864919561412979,4.836355261932409,15.316,16.09924731182796,15.767854730290805,4.773767137998774,4.84707500111706,4.798066720795693,14.635333333333334,15.201333333333334,15.068984566782897,4.685313780555805,4.739483509264323,4.7365796714857336,7.889642369545825
2007-02-09,sz000901,17.75,18.65,18.94,17.49,98011,78500816.0,8.14,4.66,0.83,11.31,4.991274820296685,0.005677715928789517,17.62,17.946666666666665,17.688282763313637,4.989886758468764,5.0068027101903265,4.960282700817171,16.747,17.172545454545453,17.09563615894516,4.848793953887553,4.910936326506908,4.9060680466320115,16.536,16.795333333333332,16.413737795218687,4.891076148974917,4.875371543112667,4.85110950558615,15.492333333333333,16.314344086021507,15.953799586401077,4.798613543758089,4.861107754813698,4.810531759473177,14.729333333333335,15.33296174863388,15.186394908855588,4.692802469653113,4.749515018764023,4.744930332102486,7.894874171171435
2007-02-12,sz000901,18.65,18.58,18.94,18.0,76382,61429196.0,5.04,-0.38,-0.07,8.81,4.882991025830858,-0.10828379446582659,18.018000000000004,18.266666666666666,17.985521842209092,4.995935304640199,4.971170799311025,4.934518809155067,16.991,17.50581818181818,17.365520493682403,4.882394396339221,4.917153975951145,4.901872224668165,16.733,16.99,16.620048481388338,4.897674839451089,4.874601531384662,4.854145840847551,15.670666666666667,16.513548387096773,16.123231871149397,4.81432479892254,4.866551463334523,4.815206550851092,14.819999999999999,15.459213114754098,15.297660649548847,4.69963605784039,4.755750709130508,4.749456912224727,7.788374831206777
2007-02-13,sz000901,18.43,18.7,18.72,17.96,70505,56636100.0,4.09,0.65,0.12,8.13,4.8482199169263005,-0.03477110890455748,18.35,18.493999999999996,18.223681228139395,4.963797112187369,4.921932336739726,4.9057525117454786,17.155,17.816545454545455,17.60815313119469,4.865728227964634,4.910940434239706,4.8921172596241895,16.898999999999997,17.177333333333333,16.818139102208495,4.8861561076779205,4.8698915387632535,4.853581467140765,15.873,16.708989247311827,16.289474976236534,4.825431275752347,4.868738245141217,4.81733644543659,14.921166666666666,15.586426229508199,15.409212759399704,4.704804580984814,4.76062231106775,4.752695043526418,7.753093339900738
2007-02-14,sz000901,18.76,18.94,19.39,18.63,73591,61469380.0,4.06,1.28,0.24,8.49,4.866824704428034,0.018604787501733888,18.538000000000004,18.690666666666665,18.46245415209293,4.914981514369955,4.889608200819947,4.892776575972998,17.491,18.141090909090906,17.85030710734111,4.871830039237157,4.9111397935966865,4.887518613224888,17.0165,17.37171428571429,17.02022109247435,4.862764001655874,4.868050452739455,4.854842727834791,16.079,16.90686021505376,16.460476590672886,4.841877254490016,4.871408788926745,4.820529236339264,15.0235,15.718191256830602,15.52497627548496,4.712275552252376,4.76593444626261,4.7564369996215525,7.788658832708677
2007-02-15,sz000901,18.96,19.35,19.79,18.65,78966,66728200.0,6.02,2.16,0.41,9.11,4.897440139508252,0.030615435080217246,18.844,18.961333333333336,18.758302768061956,4.897350121398026,4.883761075866047,4.894331097151416,17.91,18.47909090909091,18.12297854237,4.901970453320603,4.915796175464158,4.88932252709459,17.1655,17.59395238095238,17.242104797952983,4.862445438528393,4.87135294205873,4.8588996241846445,16.309,17.117892473118278,16.646897455790768,4.854795221343261,4.874993491185986,4.825491230092102,15.132166666666667,15.860043715846995,15.650386889403485,4.716974944719994,4.772005416336572,4.76106005338833,7.824309409870838
2007-02-16,sz000901,19.39,18.99,19.57,18.94,62962,53135548.0,3.26,-1.86,-0.36,7.26,4.799078515017594,-0.098361624490658,18.912000000000003,19.009999999999998,18.83553517870797,4.858910860342208,4.851003873739235,4.862580236440142,18.266,18.675454545454542,18.280618807393633,4.924398809405486,4.8970885503181565,4.872914524898772,17.2575,17.767714285714288,17.408571007671746,4.85249054012029,4.865317996962462,4.853202375692544,16.506333333333334,17.290860215053762,16.798065361868783,4.863679061899364,4.871398864971426,4.823787183958263,15.229999999999999,15.98653005464481,15.75988240122632,4.718918119260518,4.7746973366742,4.762306560326994,7.725385163923899
2007-02-26,sz000901,19.08,19.97,20.2,18.52,76076,64865368.0,8.85,5.16,0.98,8.78,4.88124766976011,0.08216915474251607,19.190000000000005,19.362666666666662,19.213690119138647,4.858562189128057,4.858449476878536,4.868802714213464,18.604,18.985272727272726,18.587779024231153,4.927248746884128,4.8892428885644525,4.874429642146288,17.3885,18.02604761904762,17.652516625988724,4.847407265992052,4.868056771213873,4.855873356079932,16.712333333333333,17.51432258064516,17.002706306264347,4.871819678448964,4.87253232354309,4.827494312074512,15.338666666666667,16.141939890710386,15.897919043809063,4.720264763800155,4.780019617018447,4.766206268832997,7.812012886309078
2007-02-27,sz000901,19.95,18.0,20.96,18.0,88363,76463688.0,14.82,-9.86,-1.97,10.19,4.94627045212163,0.06502278236152037,19.050000000000004,18.966,18.80912674609243,4.878172296167124,4.887685564543061,4.894625293516187,18.7,18.87545454545455,18.48091011073458,4.920984704177246,4.892701380425817,4.88749160759635,17.458,18.084285714285713,17.685610280656466,4.8487637447280765,4.877472312750022,4.864482603321998,16.853333333333335,17.597397849462364,17.067047834892456,4.883666556281384,4.877335599263905,4.835157288851745,15.408833333333332,16.229196721311475,15.96683973089729,4.723801414737658,4.787429639586365,4.772110012547378,7.883455241098946
2007-03-01,sz000901,19.73,19.77,19.77,18.94,159917,138124304.0,4.61,9.83,1.77,18.45,5.2038946339385594,0.25762418181692937,19.216,19.206000000000003,19.129417830728286,4.945586282069229,4.996259677133539,4.997715073656978,18.877,19.069999999999997,18.71529009060102,4.930283898219592,4.944139549473327,4.945019430567661,17.587,18.30447619047619,17.884123587260614,4.860813031003739,4.911294302198642,4.896807558618813,17.046666666666667,17.78556989247312,17.241431845544557,4.898837143176939,4.897995475241788,4.8589467949863785,15.501833333333334,16.372185792349725,16.091533510212134,4.731983361578756,4.8031704008716405,4.7862668853798755,8.140270102651115
2007-03-02,sz000901,19.99,21.72,21.72,19.84,142230,131875336.0,9.51,9.86,1.95,16.41,5.1529912100386195,-0.05090342389993996,19.690000000000005,20.040666666666667,19.992945220485524,4.996696496175302,5.065394653123335,5.049473785784192,19.267,19.586909090909092,19.261600983219015,4.9470233087866635,4.984631787985879,4.982832481380562,17.865000000000002,18.698095238095238,18.24944515037865,4.881988557873809,4.939120795440059,4.921206001611177,17.282,18.087075268817205,17.530371726477167,4.903360444562186,4.914392511813509,4.877917402409104,15.613833333333334,16.576060109289617,16.276073395123213,4.736805418762637,4.8169739368867175,4.798290633729342,8.120163579165066
2007-03-05,sz000901,21.74,22.71,23.09,20.64,192185,186171984.0,11.28,4.56,0.99,22.17,5.283719488059653,0.13072827802103326,20.434000000000005,21.047333333333334,20.89863014699035,5.093624690783715,5.161068983751452,5.12755568654268,19.673,20.21290909090909,19.888582622633738,4.9762677755629605,5.045849275126422,5.037539209867669,18.21,19.159523809523808,18.674259897961637,4.912530864725257,4.977380884029186,4.955731095558651,17.581666666666663,18.437268817204302,17.8645412925109,4.919473357837599,4.938931804942378,4.904098182128495,15.749833333333333,16.80872131147541,16.487021808397863,4.746891496958003,4.834905545716127,4.814206333871319,8.269914326969458
2007-03-06,sz000901,22.64,21.63,22.64,21.18,77736,74058280.0,6.43,-4.76,-1.08,8.97,4.890622189721783,-0.39309729833787,20.766000000000002,21.446,21.142420097993565,5.095499594776049,5.093401483397475,5.048577854269048,19.978,20.568727272727273,20.20520396397306,4.977030891952053,5.030277350428025,5.010827024386598,18.484499999999997,19.485238095238095,18.955758955298624,4.929712644145637,4.975294343552665,4.949530247383711,17.814666666666664,18.698451612903227,18.107474112348907,4.924126856951411,4.937070439257486,4.903228763263545,15.858166666666666,17.001513661202186,16.655644044188097,4.7484813116886615,4.839618027446088,4.816711771768055,7.869573621362044
2007-03-07,sz000901,21.74,21.74,22.19,21.27,55002,52374932.0,4.25,0.51,0.11,6.34,4.740378481733728,-0.15024370798805453,21.514000000000003,21.770666666666664,21.34161339866238,5.054321200698469,4.975027779050036,4.9458447300906085,20.282,20.88909090909091,20.48425778870523,4.966246748432797,4.98724963947924,4.961654562086077,18.7185,19.795285714285715,19.220924769079705,4.915987488198715,4.9572625185610555,4.929611031607522,18.026666666666664,18.951698924731186,18.341830621229622,4.912852987929546,4.925215705372474,4.892722293487428,15.968333333333332,17.194360655737704,16.822344239460616,4.748513493427043,4.839352360890189,4.814209040947257,7.719123472116711
2007-03-08,sz000901,21.74,21.9,22.57,21.34,66458,64502608.0,5.66,0.74,0.16,7.67,4.822547267396598,0.08216878566287011,21.940000000000005,21.899333333333335,21.52774226577492,4.978051727390076,4.897769801282745,4.9047455758592715,20.577999999999996,21.183272727272726,20.741665463486093,4.961819004729652,4.961122461109022,4.9363623266879895,19.0345,20.098285714285716,19.476074791072115,4.916824521983405,4.948363449913234,4.919414482635053,18.203666666666667,19.201591397849462,18.571389935989004,4.8957823360138,4.91938952985422,4.8881948724493105,16.081166666666668,17.388841530054645,16.988824756199612,4.750634902502365,4.841779697741651,4.814482425421006,7.809577274590474
2007-03-09,sz000901,21.85,21.09,21.85,20.89,82715,77024808.0,4.38,-3.7,-0.81,9.54,4.917584274081113,0.09503700668451476,21.814,21.616,21.38182817718328,4.930970340198575,4.877613983513091,4.909025141933219,20.752,21.276363636363637,20.80499901557953,4.963833418186939,4.953079782809287,4.932948135304921,19.331,20.294047619047618,19.629781953827152,4.932901935753771,4.948435807255874,4.919240177058487,18.360999999999997,19.387806451612906,18.73388090786068,4.896241431747908,4.920796106503723,4.890090962877169,16.174833333333332,17.55306557377049,17.12328951829143,4.751493299021506,4.847253447629478,4.817862813901665,7.886630624423001
2007-03-12,sz000901,20.98,21.47,21.76,20.8,49858,46605860.0,4.55,1.8,0.38,5.75,4.697734853261521,-0.21984942081959247,21.566000000000003,21.50133333333333,21.411218784788854,4.813773413238949,4.79986882120074,4.83859504570932,20.999999999999996,21.406909090909092,20.925908285474158,4.953699052011332,4.90469822555012,4.890182084024302,19.633000000000003,20.497761904761905,19.805040815367423,4.939048930708408,4.9260389422566115,4.898144431934966,18.505,19.588387096774195,18.910404720256768,4.886226710750637,4.907989230472343,4.877680891289063,16.282666666666668,17.726677595628416,17.265804616052367,4.751870702865268,4.8454908756373465,4.813924192241332,7.668440526253547
2007-03-13,sz000901,21.45,22.28,22.53,21.14,74467,71982976.0,6.47,3.77,0.81,8.59,4.87196385807743,0.17422900481590897,21.696,21.739333333333335,21.70081252319257,4.810041746910078,4.819265636146899,4.849717983165357,21.230999999999998,21.63963636363636,21.17210677902431,4.952770670843064,4.889837281198502,4.886869679306689,19.917499999999997,20.749857142857138,20.04075121390386,4.940009708863596,4.919649887720327,4.895651043948534,18.66933333333333,19.831935483870964,19.12779796411117,4.882528400942389,4.907069046428911,4.8773120504367,16.4185,17.92331147540984,17.43020446470639,4.75336138737825,4.849428356136106,4.815827132104811,7.857229797772027
2007-03-14,sz000901,21.97,24.16,24.47,20.82,132909,134459808.0,16.38,8.44,1.88,15.33,5.123554390408466,0.25159053233103634,22.18,22.56066666666667,22.520541682128382,4.886676928645025,4.923769850646362,4.940996785579727,21.846999999999998,22.172181818181816,21.71536009192898,4.970499064671747,4.920888866574028,4.929903263143376,20.273500000000002,21.153904761904766,20.433060622103493,4.945741884424496,4.937130333581744,4.917356124563765,18.921,20.186172043010753,19.452456159974968,4.889342184709299,4.922619110265432,4.893198653015524,16.588333333333335,18.177131147540983,17.65085349865044,4.760781993396732,4.8615658316452945,4.82591655040985,8.128592486774423
2007-03-15,sz000901,23.6,23.4,24.16,23.38,79496,82820672.0,3.23,-3.15,-0.76,9.17,4.900345276812047,-0.22320911359641915,22.48,22.967333333333332,22.813694454752255,4.902236530528115,4.928325966702036,4.927446282657167,22.21,22.454545454545453,22.021658257032797,4.940144128959096,4.908133632417719,4.924529083810406,20.5435,21.451666666666664,20.715626277141254,4.935214013589343,4.932806847142462,4.915736043825507,19.128,20.475139784946236,19.70713640771852,4.887256730322192,4.923328987175287,4.893659725518526,16.762333333333334,18.400464480874316,17.839350105252066,4.766050025334385,4.8661416770031725,4.8283568365213965,7.918138750009728
2007-03-16,sz000901,23.2,22.3,23.76,21.85,63534,63602888.0,8.16,-4.7,-1.1,7.33,4.803006198688662,-0.09733907812338494,22.722,22.907333333333334,22.64246296983484,4.879320915449625,4.895249189422219,4.885966254667665,22.268,22.470909090909092,22.072265846663196,4.9051456278241,4.883199463277641,4.902434013788271,20.767500000000002,21.61895238095238,20.86651901265161,4.9260844683053815,4.9202156266757315,4.904999868098188,19.332666666666668,20.67978494623656,19.874417929801194,4.889707581190573,4.9178934690053815,4.887811110884342,16.911666666666665,18.582027322404368,17.98560092147331,4.774322090128879,4.867353354818068,4.827525668067864,7.803476835994133
2007-03-19,sz000901,21.14,23.0,23.2,21.0,56658,56231596.0,9.87,3.14,0.7,6.54,4.753261240069805,-0.04974495861885675,23.028000000000002,23.0,22.761641979889895,4.890426192811281,4.853229297628944,4.841731249801712,22.297,22.604,22.240944783633523,4.852099803025116,4.8555841200495875,4.875311691294005,20.985,21.83157142857143,21.069707678113364,4.914183789294038,4.903756271605676,4.890548570190723,19.572333333333333,20.916387096774194,20.076068385943053,4.892387177491876,4.909090479255655,4.879130474057598,17.0645,18.781644808743167,18.15000744863812,4.7792161337314205,4.866662835143998,4.825090768789239,7.749980410099418
2007-03-20,sz000901,23.0,23.04,23.42,22.77,41717,42256020.0,2.83,0.17,0.04,4.81,4.620313069402341,-0.132948170667464,23.180000000000003,23.004,22.854427986593265,4.8400960350762645,4.763191589825965,4.767925189668588,22.438,22.73909090909091,22.386227550245607,4.825068890993171,4.81344107757272,4.828948305495521,21.208,22.027285714285718,21.257354565912088,4.901049891472612,4.875768583996942,4.864811855829925,19.80233333333333,21.140107526881724,20.267289780398343,4.894831393094815,4.891537310991815,4.862432576983065,17.220166666666668,18.97756284153006,18.310335073272938,4.785521443402179,4.861452898608619,4.8183767458585205,7.625888589416796
2007-03-21,sz000901,23.09,23.83,24.12,22.86,57579,59462060.0,5.47,3.43,0.79,6.64,4.760264118022905,0.1399510486205635,23.114,23.220666666666666,23.179618657728845,4.767437980599152,4.736580950808178,4.765371499120027,22.647,22.992181818181816,22.648731632019132,4.827057454622088,4.801658391578125,4.81646027140959,21.4645,22.277,21.502368416777607,4.896652101527442,4.862360415096972,4.854854928419732,20.028000000000002,21.399956989247308,20.49714205263071,4.886344143673173,4.882855551309755,4.855841063501765,17.385333333333335,19.19427868852459,18.491307693821366,4.7920463420593915,4.8606247895797905,4.816471413798336,7.774239950801235
2007-03-22,sz000901,23.91,23.6,24.86,23.6,62770,66813308.0,5.29,-0.97,-0.23,7.24,4.7977521286507105,0.037488010627805934,23.154000000000003,23.38266666666667,23.319745771819232,4.746919350966885,4.746685666825365,4.776165042296922,22.817,23.165454545454544,22.821689517106563,4.8245779407475,4.7963301504924205,4.813058790907975,21.697499999999998,22.480380952380948,21.702142853274978,4.893198472738576,4.8529413700610915,4.849416566536968,20.295333333333335,21.630408602150535,20.697326436331956,4.886075661571437,4.877139937437338,4.852093390285568,17.544666666666668,19.39803825136612,18.658805802220666,4.797731303292762,4.860811864549997,4.815857666744315,7.824862974681116
2007-03-23,sz000901,23.6,23.29,23.6,22.75,53884,54773544.0,3.6,-1.31,-0.31,6.22,4.7314598274638575,-0.06629230118685303,23.352000000000004,23.427999999999997,23.309830514546157,4.732610076721924,4.741532492324355,4.761263304019234,23.037,23.251454545454543,22.906836877632642,4.805965496085774,4.77939958444085,4.798222615736317,21.8945,22.63204761904762,21.853367343439267,4.884899457136357,4.837537689558737,4.838182591387148,20.566333333333333,21.823612903225804,20.86459569850409,4.890589789197772,4.867164722333624,4.8443105797809425,17.697333333333333,19.586409836065577,18.810648234934742,4.802130065186333,4.858639029276918,4.813090524472824,7.73857084189372
2007-03-26,sz000901,23.02,23.6,23.76,23.02,47306,48857732.0,3.18,1.33,0.31,5.46,4.674916227453134,-0.05654360001072334,23.472,23.510666666666665,23.406553676364105,4.71694107419859,4.722301209234759,4.732480945163868,23.25,23.353818181818184,23.03286653624489,4.803683633504936,4.75557244468946,4.775803272412102,22.125,22.794476190476193,22.019713310730765,4.878691342758133,4.817539286731765,4.822633413869623,20.838666666666665,22.019333333333332,21.041073395374795,4.893927164973918,4.85325029899526,4.833381911888827,17.85516666666667,19.779939890710384,18.967676161658193,4.803520542981684,4.85446808377747,4.808560219652507,7.688933302941424
2007-03-27,sz000901,23.6,24.3,24.61,23.58,75923,80325200.0,4.36,2.97,0.7,8.76,4.880373360347904,0.20545713289476986,23.724,23.78666666666667,23.70436911757607,4.768953132387702,4.776778637951197,4.78177841689188,23.452,23.544727272727272,23.263254438745818,4.804524583731983,4.769516031388181,4.794816015673156,22.3415,23.001619047619048,22.23688347161355,4.878647627287523,4.8176994788831715,4.828132456391364,21.095666666666663,22.242645161290323,21.251326724705454,4.894848000486392,4.85237585998713,4.836413618241026,18.01766666666667,19.991245901639346,19.14250645143989,4.80410030072096,4.85698784828128,4.810914748855634,7.904851815565458
2007-03-28,sz000901,24.27,24.99,25.12,22.59,113613,118556008.0,10.41,2.84,0.69,13.11,5.055428027723985,0.17505466737608089,23.956000000000003,24.208666666666666,24.132912745050714,4.827985914327918,4.872270269729958,4.872994953835915,23.535000000000004,23.82436363636364,23.57720817715567,4.797711947463535,4.815134839386727,4.842200017864216,22.691,23.253857142857143,22.49908504574559,4.884105506067641,4.834535707496167,4.8497796536611375,21.360666666666663,22.493892473118283,21.492531452143815,4.896398572104176,4.862735861744395,4.850543580143152,18.199166666666667,20.21984699453552,19.33422755139268,4.81254725948473,4.865228101625641,4.818931577670989,8.073923567383229
2007-03-30,sz000901,23.87,24.23,24.97,23.04,69391,73493176.0,7.72,-3.04,-0.76,8.0,4.8413031461925815,-0.2141248815314034,24.082000000000004,24.3,24.16527516336714,4.836696117836293,4.876709347018179,4.862431017954805,23.618000000000002,23.95072727272727,23.695897599491,4.791807734401589,4.823060511882917,4.842036950287555,22.913999999999998,23.400428571428574,22.663934089007917,4.8659759316803415,4.83045929226997,4.848972367235561,21.56833333333333,22.679010752688168,21.669142326199054,4.887411920526758,4.8591813181371935,4.8499474231140836,18.373833333333334,20.417579234972678,19.494744680855213,4.8200522166154105,4.866170917583277,4.819665071720877,7.866247015776307
2007-04-02,sz000901,24.39,24.65,25.03,24.39,80649,87862336.0,2.64,1.73,0.42,9.3,4.9065989867631155,0.06529584057053395,24.354000000000003,24.489333333333335,24.32685010891143,4.871723949696144,4.90001030332712,4.8771536742242425,23.853,24.138363636363636,23.86937076321991,4.802167013209034,4.843931648675922,4.85377550237402,23.060499999999998,23.565761904761906,22.853083223388115,4.853656320516567,4.834328154658807,4.854460616714376,21.796,22.877827956989247,21.861455724508794,4.884778649939933,4.86041919337825,4.853602362704344,18.555999999999997,20.62335519125683,19.663769445417337,4.829272893969354,4.869008516604514,4.8225153640173435,7.943802745690321
2007-04-03,sz000901,24.63,24.63,25.44,24.34,63377,69410128.0,4.46,-0.08,-0.02,7.31,4.8019316776709156,-0.1046673090921999,24.560000000000002,24.58133333333333,24.42790007260762,4.897127039739701,4.876746212652043,4.852079675373133,24.016,24.27963636363636,24.007666988089014,4.807034056969145,4.843888860396265,4.844349352428001,23.1565,23.715238095238096,23.022313392589247,4.82956692999713,4.829401998197317,4.849457860614998,21.99533333333333,23.06066666666667,22.040071484217904,4.878467211852407,4.85507422742541,4.850268770121542,18.743833333333335,20.822502732240437,19.826596676715127,4.838540377805247,4.868112083283252,4.821840489055165,7.841422845290451
2007-04-04,sz000901,24.5,24.23,24.68,23.76,53738,57094268.0,3.74,-1.62,-0.4,6.2,4.730281498994675,-0.0716501786762409,24.546,24.47133333333333,24.361933381738417,4.867108667469054,4.821131032403701,4.811480283246981,24.134999999999998,24.318545454545454,24.04809117207283,4.818030899928379,4.829933849855452,4.823609742712851,23.2865,23.817476190476192,23.137331164723605,4.821549895460775,4.8199462428637485,4.838107730936872,22.183666666666667,23.204838709677425,22.181357194913524,4.873376894291201,4.845513858853944,4.842527655855293,18.92716666666667,21.00237704918033,19.97097055616709,4.843850846606871,4.864562611846841,4.818838554954821,7.756592509280401
2007-04-05,sz000901,24.05,24.09,24.43,23.69,41843,44225888.0,3.05,-0.58,-0.14,4.83,4.621622814404592,-0.10865868459008254,24.366000000000003,24.319333333333336,24.27128892115895,4.7803476248051755,4.7393024147155485,4.748194460299518,24.160999999999998,24.310363636363636,24.055710958968678,4.804166769566547,4.794223288851128,4.786884846656803,23.404,23.894000000000002,23.22806152998802,4.8156121120943185,4.800905568477445,4.81749011983856,22.363333333333333,23.327827956989246,22.304495440402974,4.865823657540477,4.82927166015158,4.828275730600409,19.118166666666664,21.171650273224046,20.106020701866527,4.845627466646413,4.857276446856602,4.812372465100715,7.645676561754247
2007-04-06,sz000901,23.76,24.25,24.72,23.56,61152,65056948.0,4.82,0.66,0.16,7.05,4.786410665374919,0.16478785097032667,24.370000000000005,24.280666666666665,24.264192614105966,4.769369128641643,4.741323428238796,4.760933195324652,24.226,24.326545454545457,24.09103623915619,4.803032623238968,4.790994906270831,4.786798631878279,23.521499999999996,23.974571428571426,23.325389003322496,4.813805281993234,4.798124478313693,4.814530171794404,22.540333333333333,23.449548387096776,22.430011863602786,4.86314318957204,4.82414824130219,4.825574758650378,19.309666666666665,21.339907103825137,20.24188887557582,4.852510222031028,4.855334912388685,4.811521258552328,7.813293685477515
2007-04-09,sz000901,24.27,24.36,24.63,23.91,61626,65695564.0,2.97,0.45,0.11,7.11,4.789763979603068,0.003353314228148996,24.312000000000005,24.277333333333335,24.296128409403977,4.746002127209634,4.748121711892604,4.770543456750791,24.333000000000002,24.35090909090909,24.13993874112779,4.808863038452889,4.788582425609758,4.787337786010058,23.685,24.054428571428573,23.42392338395845,4.807414267269332,4.795834830467011,4.8121714868238,22.707333333333334,23.566946236559133,22.554527227241316,4.859553984241867,4.819414098723548,4.823264385808616,19.508166666666668,21.505491803278687,20.37690891244219,4.857174602792565,4.853277658538587,4.810807905144156,7.81753604542944
2007-04-10,sz000901,24.39,25.75,26.74,23.87,144907,163258176.0,11.78,5.71,1.39,16.72,5.161089365374171,0.37132538577110363,24.536000000000005,24.756666666666668,24.780752272935985,4.817833664750284,4.886484124614117,4.900725426291918,24.548000000000002,24.608545454545457,24.432677151831825,4.857480352244993,4.852623575959083,4.855292618621714,23.898999999999997,24.251095238095235,23.64545449024812,4.830581992874964,4.829518173143661,4.845401760971454,22.932666666666666,23.763247311827957,22.760686760967683,4.871621012587086,4.83886799428047,4.845059545780588,19.719499999999996,21.71014207650273,20.553075833345726,4.867650037243226,4.863242076983885,4.822292543184484,8.21287494004065
2007-04-11,sz000901,25.62,25.21,25.62,24.65,69783,77274888.0,3.77,-2.1,-0.54,8.05,4.84374963601263,-0.3173397293615414,24.732000000000003,24.981333333333335,24.92383484862399,4.840527292153876,4.895122781701565,4.881733496198822,24.639,24.728909090909085,24.57400857877149,4.853817979811465,4.850127082098653,4.853193894510971,24.0455,24.37595238095238,23.7944588245102,4.829171281771724,4.830772234394869,4.84524441573728,23.107333333333333,23.910172043010746,22.91870696993751,4.870371078128837,4.8370698409530855,4.844975035472977,19.90983333333333,21.89015846994535,20.705761871596685,4.871095378288901,4.862458457271408,4.822996054424751,7.888038384281868
2007-04-12,sz000901,24.97,25.39,25.64,24.79,52069,57798492.0,3.37,0.71,0.18,6.01,4.716579237006358,-0.12717039900627203,24.992,25.200666666666667,25.079223232416,4.859518576674229,4.853806763319058,4.826682076468001,24.679,24.865454545454547,24.722370655358493,4.819933100739702,4.825174583406815,4.828354865873768,24.107,24.504,23.9464151269378,4.808822524101619,4.820049182512452,4.832990589191478,23.353666666666665,24.057440860215056,23.07814522994154,4.862714704291662,4.827147786687119,4.836691435571906,20.1035,22.069836065573767,20.85934344957712,4.8731906302865236,4.857392354278535,4.81950697844382,7.761916507544712
2007-04-13,sz000901,25.33,25.53,26.87,25.1,103033,118398080.0,6.97,0.55,0.14,11.89,5.012976345312311,0.29639710830595334,25.248,25.380000000000003,25.229482154944,4.904831712661708,4.904959352865086,4.888780166082771,24.809,25.020181818181815,24.869212354384217,4.837100420651676,4.86027335514729,4.861922407589867,24.2135,24.639523809523812,24.097232733896107,4.814454077526632,4.839492403580137,4.850132089774415,23.545666666666666,24.19784946236559,23.236329408654992,4.8563507613374535,4.836842086107806,4.848064655555158,20.296166666666668,22.24775409836066,21.012479729918855,4.877593952257197,4.8619754924761045,4.825850236373935,8.073344659716579
2007-04-16,sz000901,26.07,26.6,27.43,26.0,91845,107813480.0,5.6,4.19,1.07,10.59,4.963055518491414,-0.04992082682089727,25.696000000000005,25.83066666666667,25.68632143662934,4.9394900204393775,4.924367288141655,4.913538616885653,25.003999999999998,25.345818181818185,25.183901017223448,4.842746073824506,4.883174282027242,4.880310245935602,24.4285,24.866809523809525,24.335591521144096,4.82245654351677,4.85364492176726,4.860886702033176,23.708333333333332,24.394903225806456,23.45334041454822,4.850019571619214,4.843726263988707,4.855483420905884,20.495166666666663,22.454437158469947,21.195677115823155,4.8766900080907,4.86477751104116,4.830348770213852,8.032673064409325
2007-04-17,sz000901,26.78,27.01,27.39,25.89,74569,87635216.0,5.64,1.54,0.41,8.6,4.872558319067667,-0.0904971994237469,25.948,26.268666666666668,26.127547624419563,4.881783811178076,4.902056721017752,4.899878517612991,25.242,25.710545454545453,25.51591901409191,4.849808737964181,4.888594690253272,4.878900804686887,24.628999999999998,25.112666666666666,24.590297090558945,4.828421397466663,4.858416519438775,4.861998284607889,23.85166666666667,24.607913978494626,23.682802323287046,4.83631419931948,4.845180376727317,4.856585027238903,20.716666666666665,22.66803825136612,21.38631065300928,4.87789377857854,4.864642045827289,4.831732689848403,7.942678661431911
2007-04-18,sz000901,27.01,27.9,28.51,26.31,88044,105667552.0,8.15,3.3,0.89,10.16,4.944699765122399,0.07214144605473205,26.486,26.919333333333334,26.718365082946377,4.90197383700003,4.9230287056658595,4.91481893344946,25.609,26.19381818181818,25.94938828425702,4.871250564576952,4.905847604282038,4.8908642520387975,24.872000000000003,25.424190476190475,24.905506891458096,4.844640732252666,4.869490649691701,4.869874616085461,24.06066666666667,24.869096774193547,23.9548795927524,4.838116785166167,4.852172993875892,4.862269849037838,20.937666666666665,22.903557377049186,21.599874238156517,4.881121821058789,4.866832406041843,4.835436528381977,8.023941646240397
2007-04-19,sz000901,27.45,25.66,27.61,25.15,77944,91112040.0,8.82,-8.03,-2.24,8.99,4.891782689541761,-0.05291707558063852,26.540000000000003,26.644000000000002,26.365576721964253,4.937014527507111,4.919631656513102,4.907140185480227,25.766000000000002,26.20309090909091,25.896772232573923,4.89826655209067,4.909580717912003,4.8910312406757,24.9635,25.499238095238095,24.977363377985895,4.851216660828609,4.8739803599097105,4.8719610992717755,24.191333333333333,24.972279569892475,24.064887360961922,4.843163592093102,4.85563531028722,4.8641739032638975,21.108999999999998,23.058387978142072,21.732993115594006,4.878008290011324,4.867181942713415,4.83728394350197,7.959575770607027
2007-04-20,sz000901,26.02,26.65,27.19,26.02,63323,74613984.0,4.56,3.86,0.99,7.3,4.801561481878607,-0.09022120766315389,26.764000000000003,26.680666666666664,26.460384481309504,4.894731554820369,4.874480641303602,4.8719472842796865,26.006,26.363818181818182,26.033722735742302,4.899781633741038,4.891997977873446,4.8747640118035,25.116,25.659857142857142,25.136662103892,4.8514071284900036,4.869251295247805,4.865256373805759,24.349666666666664,25.130903225806453,24.231668821545025,4.8424640659091684,4.852951303176607,4.860134392206782,21.276666666666664,23.24006010928961,21.894206456066332,4.869123200961484,4.864675489987752,4.836112715252024,7.8728202296829695
2007-04-23,sz000901,26.83,27.97,28.13,26.67,89833,108894520.0,5.48,4.95,1.32,10.36,4.953435903317797,0.1518744214391905,27.038,27.082666666666668,26.963589654206338,4.892807631785646,4.8940487574694105,4.89911015729239,26.367,26.720909090909092,26.385773147425517,4.9161488261125115,4.901753299614675,4.889067992078827,25.35,25.93166666666667,25.406503808283237,4.8625059322827,4.878968321421881,4.873654424235477,24.579,25.36447311827957,24.472851478219543,4.843659120217058,4.86011077655781,4.866153844536526,21.470000000000002,23.459513661202184,22.093412801769073,4.869950275982484,4.867439840884681,4.83995937715582,8.03700602490138
2007-04-24,sz000901,27.97,27.99,28.91,27.05,100153,123445400.0,6.65,0.07,0.02,11.55,5.000663962755228,0.04722805943743058,27.234,27.399999999999995,27.305726436137558,4.918428760523158,4.930000867792605,4.932961425780003,26.590999999999998,27.016000000000002,26.677450756984513,4.900106285850617,4.917119688095169,4.909358168565445,25.569499999999998,26.18309523809524,25.652551064637215,4.878793319047805,4.892126229085931,4.885750570761168,24.796333333333333,25.5845376344086,24.699764286076345,4.853756757200182,4.870240121237693,4.874831916679668,21.650666666666666,23.67328415300547,22.286743529579923,4.86999173397541,4.871725535532967,4.845228379962357,8.091474911264
2007-04-25,sz000901,27.88,29.58,30.55,27.12,147180,188778928.0,12.25,5.68,1.59,8.98,5.167848798590029,0.16718483583480115,27.570000000000004,28.182,28.06381762409171,4.9630585672166845,5.013140880481561,5.011257216716679,27.028000000000002,27.559454545454546,27.20518698298733,4.932516202108357,4.96580014495688,4.956356464933551,25.833500000000004,26.56504761904762,26.026593820386054,4.893167090959912,4.919655322375666,4.912617068649631,25.03966666666667,25.893161290322578,25.01461820310368,4.863619588550602,4.890504123908005,4.893736231641626,21.854499999999998,23.933262295081974,22.525866692544515,4.873073994746496,4.881491340930169,4.855806098605887,8.275953515576148
2007-04-26,sz000901,29.18,29.76,30.7,28.28,237949,305389216.0,8.18,0.61,0.18,14.52,5.376483883980775,0.20863508539074616,28.390000000000004,28.912,28.62921174939447,5.0599988061044865,5.150949319402925,5.132999439138045,27.464999999999996,28.05618181818182,27.669698440625993,4.998506666805799,5.046521541660956,5.032743268396682,26.072000000000003,26.938999999999997,26.382156313682618,4.909219883772751,4.965685493139558,4.95679486058593,25.226333333333333,26.197698924731178,25.320771867419573,4.8720505716696785,4.923592142968015,4.924881241469959,22.073666666666664,24.192459016393443,22.76305139114961,4.880696378189489,4.897996583200144,4.872877501405064,8.484853697047896
2007-04-27,sz000901,29.67,28.6,30.55,28.31,155809,201384864.0,7.53,-3.9,-1.16,9.51,5.192592540226451,-0.1838913437543246,28.78,28.982000000000003,28.619474499596315,5.138205017774056,5.195147230776913,5.152863806167513,27.772,28.262545454545457,27.838844178693993,5.016468286297212,5.081809882282893,5.06180677236573,26.290499999999998,27.179761904761904,26.593379521903323,4.926784353474444,4.992673365182768,4.979251782456456,25.39966666666667,26.415354838709675,25.532334972747343,4.881792147116825,4.944272269971679,4.942152938163927,22.26383333333333,24.406437158469945,22.95442675537421,4.884524438719509,4.908222686873487,4.883359961694289,8.304026826057212
2007-04-30,sz000901,28.35,28.13,28.71,27.34,77602,96083216.0,4.79,-1.64,-0.47,4.74,4.8898729142707,-0.30271962595575097,28.812,28.765333333333334,28.456316333064212,5.125492419964636,5.112369862942461,5.065200175535242,27.925,28.327636363636362,27.891781600749628,5.009150025875142,5.0587925419144355,5.030546070893906,26.464499999999997,27.35495238095238,26.7397243293411,4.925948049849823,4.989157990020506,4.970739509295908,25.594,26.591505376344085,25.69992626482816,4.884687704302894,4.944793609788057,4.938780033396623,22.46333333333333,24.598770491803283,23.124117681427514,4.887197642746732,4.908398046727624,4.883573501123024,7.982647530902752
2007-05-08,sz000901,28.35,29.51,29.76,28.13,98179,125917376.0,5.79,4.91,1.38,5.99,4.992018604289684,0.10214569001898433,29.116000000000003,28.998,28.80754422204281,5.1237633482715275,5.06787859105081,5.04080631845339,28.175,28.61581818181818,28.18600312788606,5.021096054397343,5.055677737989806,5.0235410769658655,26.708500000000004,27.645,27.00356010749909,4.935452396180762,4.995450423776684,4.972766089771506,25.811,26.844150537634405,25.945737473548924,4.892646283110223,4.951718183980755,4.942214779905854,22.691666666666666,24.829808743169398,23.333490872200382,4.8925167303010495,4.911834799565099,4.887129078276029,8.100085664819671
2007-05-09,sz000901,29.38,28.53,30.07,27.45,90156,114874664.0,8.88,-3.32,-0.98,5.5,4.954994634887383,-0.03702396940230113,28.906000000000006,28.80266666666667,28.715029481361874,5.081192515530999,5.011622353256095,5.012202423931388,28.238,28.680363636363634,28.248548013724957,5.022125541373842,5.043659298078905,5.01107808749705,26.9235,27.818476190476186,27.14893533535632,4.946688052975397,4.99731158936779,4.971073570258732,25.994000000000003,27.01956989247312,26.11246408815867,4.903802335293057,4.955740658288958,4.9430392866788555,22.89816666666667,25.021229508196726,23.50386822065283,4.899316864193936,4.913883255453174,4.889354178492795,8.060224254116394
2007-05-10,sz000901,28.57,28.57,29.2,27.86,63239,79256640.0,4.7,0.14,0.04,3.86,4.8009849938041995,-0.15400964108318327,28.668,28.69066666666667,28.666686320907917,4.966092737495684,4.918219846013829,4.941796613888992,28.528999999999996,28.740727272727273,28.306993829411326,5.013045771800085,5.0034519257935175,4.972879343189259,27.147499999999997,27.97528571428571,27.284274827227147,4.955656161945377,4.983435107541962,4.954874658215443,26.152,27.18576344086022,26.271014792148435,4.9051596978191006,4.949107281418708,4.933874493590168,23.09,25.207191256830598,23.6699709019429,4.895751920746137,4.910659259702691,4.8864568281751355,7.899035656941018
2007-05-11,sz000901,28.8,29.25,30.1,28.57,164988,214750048.0,5.36,2.38,0.68,10.07,5.217452358012074,0.41646736420787445,28.798000000000002,28.884666666666664,28.861124213938613,4.971064701052808,5.0020063861859585,5.033681861930019,28.788999999999998,28.87181818181819,28.478449496791086,5.054634859413431,5.040616759650241,5.017347164066134,27.397499999999997,28.175523809523806,27.47148674844361,4.977208246577235,5.008368078595932,4.9798820581960745,26.340333333333334,27.385634408602154,26.463207386203376,4.919149705464479,4.969255194979546,4.952169839681905,23.317833333333333,25.409158469945353,23.85292267564969,4.902612683517958,4.921206815022887,4.897309140628805,8.331933269574911
2007-05-14,sz000901,28.78,30.34,30.43,28.35,224981,294863872.0,7.11,3.73,1.09,13.73,5.3521458428065785,0.1346934847945045,29.240000000000002,29.398666666666667,29.35408280929241,5.063519286759984,5.129033433437216,5.139836522222206,29.026,29.15381818181818,28.81691322464725,5.0945058533623095,5.094709665721723,5.078219651109851,27.696499999999997,28.45576190476191,27.744678486687075,5.005327339737411,5.044076421093966,5.015335751968504,26.575333333333333,27.64367741935484,26.713323038706385,4.9398392393092365,4.9971904296467775,4.9779747431093035,23.570833333333333,25.63939344262295,24.065613735464453,4.915214514253504,4.9359456071307095,4.912221819388733,8.469621564168555
2007-05-15,sz000901,30.59,29.83,31.93,29.83,198334,269686016.0,6.92,-1.68,-0.51,12.1,5.297397170819818,-0.05474867198676048,29.304000000000002,29.595333333333333,29.512721872861608,5.1245950000660105,5.206992728123827,5.19235673842141,29.21,29.299999999999997,29.001110820165934,5.124179174168769,5.131598996168542,5.118070109238936,27.9005,28.65895238095238,27.94328053557402,5.0121427300096935,5.071892595482767,5.042198744240057,26.783,27.853655913978496,26.91439897169307,4.960588604088127,5.020258683292622,4.998582641671272,23.81083333333333,25.844612021857923,24.25461000643283,4.927257884531022,4.948476186034523,4.924850519435654,8.43085842761163
2007-05-16,sz000901,29.69,29.96,30.37,28.35,112154,145284496.0,6.77,0.44,0.13,6.84,5.04981476741474,-0.24758240340507776,29.590000000000003,29.814,29.66181458190774,5.143559026571483,5.182065983906737,5.144842748085853,29.247999999999998,29.436363636363637,29.175454307408486,5.112375771051241,5.118078194940537,5.105660047089081,28.137999999999998,28.85509523809523,28.13534905599554,5.022445986579799,5.075480408568961,5.042924079780503,26.97166666666667,28.058623655913976,27.110889360616103,4.9662366509903535,5.026015209958855,5.001887940106335,24.033666666666665,26.04622404371585,24.44167197343503,4.930542325738372,4.952494444489727,4.928947707893984,8.162219271139687
2007-05-17,sz000901,30.19,31.02,31.44,29.65,155251,210034320.0,5.97,3.54,1.06,9.47,5.191034406227575,0.14121963881283506,30.080000000000002,30.290666666666667,30.114543054605164,5.221568909056157,5.197891110458769,5.160239967466428,29.374000000000002,29.758545454545455,29.510826251516033,5.093830823275921,5.1323797649725975,5.121182657841535,28.419500000000006,29.129571428571424,28.410077717329298,5.04616874504086,5.091536448535417,5.057029825156415,27.172666666666668,28.319806451612905,27.363090047027967,4.97075686360714,5.040518290941901,5.014090937920608,24.266666666666666,26.275284153005458,24.657354859551916,4.933577717855658,4.961035168440193,4.937540714396725,8.322290265061545
2007-05-18,sz000901,31.37,32.7,33.82,30.81,240911,343285600.0,9.7,5.42,1.68,14.7,5.38185663034386,0.19082222411628447,30.770000000000003,31.163999999999998,30.976362036403444,5.254449763522514,5.251320350888002,5.234112188425572,29.784000000000002,30.363272727272726,30.09067602396766,5.112757232287661,5.184748093530405,5.16857792556923,28.778,29.537238095238095,28.818641744250318,5.064612759292437,5.123506723326178,5.087965711364744,27.455,28.676408602150534,27.707406818187454,4.9887753130788495,5.067040856537818,5.037817756786625,24.511666666666667,26.5517868852459,24.921048142845294,4.938093616802804,4.9757328377021,4.952108449345811,8.535655586205522
2007-05-21,sz000901,31.71,35.92,35.92,31.28,327044,500773920.0,14.19,9.85,3.22,19.96,5.514606185907079,0.132749555563219,31.886000000000003,32.88066666666667,32.6242413576023,5.286941832142614,5.338039158349523,5.327610187586075,30.563000000000006,31.478909090909088,31.15055311051899,5.175230559451299,5.2578115396430265,5.231492154721566,29.244000000000007,30.21742857142857,29.494961578131242,5.09219029266322,5.16636324014662,5.1285981375116325,27.83066666666667,29.222537634408603,28.237251539594716,5.009042219716982,5.100965428978349,5.068578300600849,24.813333333333333,26.925830601092898,25.28166951521102,4.946910434828458,4.994634889148143,4.970550998085525,8.699641702999859
2007-05-22,sz000901,35.97,35.41,36.37,34.62,266034,415936320.0,4.87,-1.42,-0.51,16.23,5.424937144408408,-0.08966904149867094,33.002,34.05533333333334,33.552827571734866,5.312449826860332,5.3840375957714555,5.360052506526853,31.153,32.360181818181815,31.924997999515536,5.218522413463171,5.303212736907955,5.2666639710282634,29.663999999999998,30.80466666666667,30.05829857069017,5.119809233930257,5.1980534165033045,5.15682090007323,28.19,29.711526881720427,28.700009504782155,5.029809068608231,5.127797359603602,5.091569193749724,25.092666666666666,27.273262295081963,25.613745924548365,4.954138140230318,5.010307896019618,4.9854489045223405,8.619026845074911
2007-05-23,sz000901,35.23,36.32,37.09,34.73,171234,273413888.0,6.66,2.57,0.91,10.45,5.233590001850057,-0.1913471425583504,34.274,35.16133333333333,34.47521838115658,5.3492048737473965,5.357750987434697,5.317898338301255,31.932,33.29963636363637,32.72408927233089,5.246381950159439,5.305952298432843,5.260650522086771,30.084999999999997,31.43857142857143,30.6546510877673,5.13425374576664,5.208889680114715,5.164132243099595,28.593000000000004,30.236043010752688,29.191621794796212,5.046586018703411,5.140944516586946,5.1007318265303905,25.388333333333332,27.641371584699453,25.964770648333666,4.959981456497306,5.019470252138297,4.993584678205216,8.436820570687466
2007-05-24,sz000901,36.28,34.6,36.28,33.5,164009,252350880.0,7.65,-4.74,-1.72,10.01,5.214867680627524,-0.018722321222533367,34.989999999999995,35.269999999999996,34.51681225410439,5.353971528627386,5.312971923061406,5.283554785743345,32.535000000000004,33.78472727272727,33.06516395008891,5.2877702188417715,5.300222431245223,5.25232636909418,30.532,31.86857142857143,31.030398603218032,5.150407995320928,5.216567197720514,5.1689641895308265,28.94333333333333,30.623591397849466,29.540549420938397,5.066360847577509,5.151801398001406,5.108095430020529,25.653333333333332,27.94339344262295,26.24789292215879,4.966092252558993,5.027827177519615,5.000839858612504,8.402004823547523
2007-05-25,sz000901,34.2,34.58,35.18,34.13,99590,152369024.0,3.03,-0.06,-0.02,6.08,4.998215732370959,-0.21665194825656542,35.366,35.13333333333333,34.53787483606959,5.277243349032806,5.194386657642597,5.18844176795255,33.068,34.15654545454545,33.34058868643638,5.26584655627766,5.247576160977802,5.2061244351445035,30.928500000000003,32.25409523809524,31.36845587910203,5.160240707845546,5.202072696487183,5.152702431706078,29.287666666666667,30.987247311827957,29.865675264748823,5.073421016477377,5.1474049389558205,5.101006417268944,25.914,28.23607103825137,26.521076760776534,4.968282103024709,5.028880406365909,5.000753821686551,8.182896685683248
2007-05-28,sz000901,34.73,34.55,35.16,34.13,127445,195145280.0,2.98,-0.09,-0.03,7.78,5.105322801633413,0.1071070692624545,35.092000000000006,34.86133333333334,34.54191655737973,5.195386672178072,5.137079808509466,5.160735445846171,33.489,34.426,33.560481652538854,5.241164252160344,5.218390023769757,5.187796865415214,31.2575,32.599,31.671460081092313,5.167835052761327,5.196842419705074,5.148190085984871,29.627333333333333,31.32675268817204,30.16788976379729,5.083939643878389,5.1494631186433075,5.101284893679555,26.167333333333332,28.519218579234977,26.784320145669106,4.971746814060128,5.033373544025212,5.00418231283235,8.29035805141668
2007-05-29,sz000901,34.91,36.26,36.64,34.4,205262,323658240.0,6.48,4.95,1.71,12.52,5.312308556200452,0.2069857545670386,35.262,35.25066666666667,35.11461103825316,5.17286095453648,5.17605376985026,5.211259815964265,34.132,34.929818181818185,34.05130317025906,5.242655390698407,5.23132535177705,5.210435354648893,31.671,33.07542857142857,32.10846388289305,5.183417282433588,5.210601800984991,5.1638204164815935,29.977666666666664,31.754666666666665,30.560929133874886,5.088980283572598,5.164196596857634,5.114899323519613,26.455166666666667,28.850125683060103,27.094998173679954,4.980300648079843,5.044539502783911,5.01428481261491,8.510086668177607
2007-05-30,sz000901,32.67,32.67,35.29,32.67,107054,159552880.0,7.23,-9.9,-3.59,6.53,5.02960289905197,-0.2827056571484814,34.532,34.38666666666666,34.299740692168776,5.132063533976864,5.128301084688756,5.150707510326834,34.403000000000006,34.664,33.80015713930287,5.240634203862129,5.192588535114061,5.177556726358543,31.825499999999998,33.17057142857142,32.16194351309371,5.176504987456685,5.195952812091504,5.15103779577401,30.226333333333333,31.92836559139785,30.69699822201199,5.095175392340576,5.160365797856303,5.109396328392668,26.666833333333333,29.053890710382507,27.277785118805202,4.982773235234706,5.046155970028899,5.014787044957109,8.20290464780762
2007-05-31,sz000901,30.81,29.45,31.71,29.45,126708,165838048.0,6.92,-9.86,-3.22,7.73,5.102804035926631,0.07320113687466101,33.502,32.69266666666667,32.68316046144585,5.109650805036685,5.118547918672012,5.134739685526767,34.245999999999995,33.76345454545454,33.00921947761144,5.231811166832036,5.167528504580334,5.163965328098196,31.809999999999995,32.94433333333333,31.903663178513355,5.162820995053978,5.1889336738505465,5.146444104359974,30.361666666666665,31.878279569892474,30.61654672381767,5.108049552304585,5.160857968410243,5.108971019201311,26.857666666666667,29.145142076502733,27.349005278844377,4.985382128298123,5.050091406117159,5.017672847939716,8.219684177244163
2007-06-01,sz000901,29.65,26.54,30.32,26.54,127208,154559424.0,12.84,-9.88,-2.91,7.76,5.104514424571855,0.0017103886452236594,31.894,30.372,30.635440307630567,5.130910543476864,5.116835791850402,5.124664598541797,33.63,32.36236363636363,31.832997754409355,5.204076946254835,5.14438364235121,5.153156072911589,31.707,32.44242857142857,31.392838113893035,5.158417089271248,5.183380667137964,5.14245080152301,30.395333333333333,31.631720430107524,30.35354370937782,5.111100821613236,5.160629895653293,5.108683496967153,26.9705,29.134726775956285,27.322480515603576,4.9837257914753454,5.053997383044165,5.0205201127473265,8.18909549057965
2007-06-04,sz000901,25.24,23.91,26.54,23.91,39680,42553968.0,9.91,-9.91,-2.63,2.42,4.598571663482141,-0.505942761089714,29.766000000000002,27.71066666666667,28.393626871753714,5.029560315846609,4.939389498518827,4.949300286855245,32.428999999999995,30.595090909090906,30.392452708153108,5.112473494012341,5.034291772756175,5.052322543924416,31.496000000000002,31.699857142857148,30.68018686495084,5.14385202673182,5.1300620551580485,5.090652788376261,30.305666666666664,31.21331182795699,29.93783121199861,5.098951359779593,5.12756349835451,5.075773056097153,27.007,29.0343825136612,27.210595908534604,4.974485465699403,5.0413693788476674,5.0066857373615825,7.628940062661663
2007-06-05,sz000901,21.56,22.79,23.2,21.56,153930,148613168.0,6.86,-4.68,-1.12,9.39,5.187323269375047,0.5887516058929059,27.072000000000003,25.38533333333333,26.525751247835814,5.00456325848153,4.991977149694973,5.028641281028513,31.167,28.84254545454546,29.010188579397997,5.088712106509004,5.047900822822122,5.076868130369984,31.159999999999997,30.87071428571429,29.928740496860286,5.153617259986088,5.134202173505023,5.099859500852336,30.165,30.728430107526883,29.476680811224508,5.10944352478984,5.1332649118768,5.082969844050566,27.008333333333333,28.896120218579235,27.06565833776298,4.972878862054659,5.04834766749277,5.012608279394811,8.17205729217268
2007-06-06,sz000901,22.71,22.79,23.76,20.96,134112,133703056.0,12.29,0.0,0.0,8.18,5.127467639153751,-0.05985563022129625,25.096,23.958000000000002,25.280500831890542,5.024136206501884,5.032945276585713,5.061583400403592,29.814,27.31945454545454,27.879245201325634,5.078099870239375,5.054947283302985,5.086068041057941,30.872999999999998,30.073571428571434,29.24886044954026,5.162240910199406,5.131711733425752,5.102488847357233,29.994666666666667,30.252623655913983,29.045282049210023,5.115535787257552,5.134427757964794,5.085840669541095,27.027666666666665,28.75781420765027,26.92547281849206,4.9768262862118595,5.053416151987823,5.016374160042645,8.126141333879552
2007-06-07,sz000901,22.75,24.0,24.39,22.1,138130,142172752.0,10.05,5.31,1.21,8.43,5.140288011811867,0.012820372658116419,24.006000000000004,23.592666666666666,24.853667221260363,5.031633001678932,5.071662545022375,5.087818270873017,28.753999999999998,26.262363636363638,27.1739278919937,5.070641903357808,5.066254218134348,5.095926217558654,30.6445,29.419000000000004,28.74896897815547,5.17920606109979,5.129620981198367,5.106088767781484,29.939333333333334,29.86587096774194,28.719779981519054,5.123819297999888,5.136024675677976,5.0893534013004995,27.06533333333333,28.65854644808743,26.829555676902157,4.9834914450464955,5.058775552827168,5.0204369092809795,8.152816370022755
2007-06-08,sz000901,24.0,23.94,24.65,23.56,115197,122313840.0,4.54,-0.25,-0.06,7.03,5.061441169187796,-0.07884684262407138,23.486,23.570666666666668,24.549111480840246,5.02301835060212,5.081598600858663,5.07902590364461,27.690000000000005,25.387090909090908,26.585941002540295,5.076964447039492,5.064581357376163,5.0896562087639525,30.379,28.780476190476193,28.290971932616856,5.171405501658576,5.118405277206748,5.1018366155344665,29.849,29.478817204301077,28.411407079485567,5.132481954243528,5.132000280270743,5.0875526121319385,27.099333333333334,28.55607650273224,26.734816146511918,4.987473010076348,5.061331281487537,5.021781311245137,8.087475600908407
2007-06-11,sz000901,24.23,24.09,24.5,23.44,139866,146656032.0,4.43,0.63,0.15,8.53,5.145712154756496,0.0842709855687005,23.522000000000002,23.772,24.396074320560167,5.132446448856991,5.122496535576787,5.101254654015239,26.644,24.732545454545455,26.132133547532966,5.081003382351801,5.077080940597436,5.099848198944415,30.0665,28.181523809523814,27.890879367605727,5.161083817256072,5.1159582917875035,5.106015238317517,29.71966666666667,29.107268817204304,28.132606622744564,5.138891162624818,5.132853841594161,5.091304840688362,27.14933333333333,28.457409836065573,26.64810086301972,4.991275141420938,5.066519450165576,5.0258446175897715,8.166299930326733
2007-06-12,sz000901,24.32,23.31,24.54,21.72,133932,136041520.0,11.71,-3.24,-0.78,8.17,5.12688435418193,-0.018827800574566567,23.626000000000005,23.701333333333334,24.034049547040112,5.120358665818367,5.120642504018434,5.109797887404136,25.349,24.12636363636363,25.619018357072424,5.062460962149948,5.085422935475641,5.104763863533054,29.740499999999997,27.538047619047617,27.454605142119465,5.1525581764241775,5.112701200066157,5.108002773161746,29.563666666666666,28.69374193548387,27.821470711599755,5.143098509005708,5.132079208791395,5.093600293171818,27.18,28.3315300546448,26.538654933084647,4.998427633102945,5.070965653862657,5.029157395838695,8.133671475685889
2007-06-13,sz000901,23.38,25.62,25.62,22.95,198964,216385184.0,11.45,9.91,2.31,12.14,5.29877450346647,0.1718901492845406,24.192,24.366,24.562699698026744,5.154620038680912,5.180114449901135,5.172790092758248,24.644,24.175636363636364,25.61919683760471,5.089378122591398,5.128389033896827,5.14003852533913,29.523500000000002,27.145619047619046,27.279880842869993,5.165006163226764,5.126626564546374,5.126171509381244,29.431666666666665,28.439311827956992,27.679440343109448,5.147462699168257,5.14212282133725,5.10683733899728,27.235666666666663,28.280382513661202,26.508535099213017,5.005541143859429,5.080813092235232,5.037997301006818,8.335227521095689
2007-06-14,sz000901,25.77,25.3,26.78,25.06,222149,253024496.0,6.71,-1.25,-0.32,13.56,5.346644362611959,0.04786985914548847,24.452000000000005,24.735333333333337,24.808466465351167,5.19589130884093,5.244122557878151,5.230741516042819,24.229,24.29490909090909,25.56116104894931,5.1137621552599315,5.175164713900566,5.177603223025098,29.237499999999994,26.74338095238095,27.09132076259666,5.172786661045984,5.1439254406782995,5.147168923974646,29.283,28.172752688172043,27.52592806290884,5.146468048455962,5.154973251236843,5.122308759875646,27.254666666666665,28.216918032786886,26.468910997599473,5.00925931006282,5.091996804325479,5.048116876797151,8.403162568458987
2007-06-15,sz000901,24.88,24.5,25.57,23.65,107666,116663512.0,7.59,-3.16,-0.8,6.57,5.032078578473196,-0.3145657841387628,24.564000000000004,24.75133333333333,24.705644310234113,5.19001879069801,5.189518314422239,5.164520536852945,24.025,24.34418181818182,25.36822267641307,5.106518570650065,5.160313154484796,5.1511441967429334,28.827499999999997,26.292190476190473,26.844528309016024,5.15529775845245,5.130524670909461,5.136207938688794,29.146333333333335,27.864172043010758,27.330706897559885,5.141117583064187,5.147593285431503,5.116487457849682,27.273,28.126601092896173,26.404356538661784,5.011454865090507,5.092744977060245,5.047591030950463,8.06693504614905
2007-06-18,sz000901,25.17,25.3,25.62,24.47,113327,124796240.0,4.69,3.27,0.8,6.92,5.054333392246933,0.022254813773737503,24.806000000000004,24.996666666666666,24.903762873489413,5.171743038196097,5.14428984827188,5.127791488650941,24.163999999999998,24.575999999999997,25.355818553428875,5.152094743526544,5.150824940229681,5.133542232289115,28.296499999999998,25.956238095238092,26.69743037482402,5.132284118769443,5.120909016985126,5.128410362837188,29.052,27.61602150537634,27.199693549330217,5.146599598996728,5.141994305378778,5.112477518133376,27.323,28.06191256830601,26.368148127558115,5.01564365164981,5.094150830409637,5.047812091976577,8.096201500636058
2007-06-19,sz000901,25.37,26.54,27.21,25.37,197426,227286400.0,7.27,4.9,1.24,12.05,5.295404346474297,0.24107095422736347,25.452000000000005,25.574666666666666,25.449175248992944,5.20544703665457,5.185510284364613,5.183662441258727,24.538999999999998,25.008000000000003,25.57112427098726,5.16290285123647,5.176881231674726,5.162971707595512,27.852999999999998,25.78895238095238,26.68243700579316,5.125807478872737,5.136444276766541,5.1443145517550075,28.952999999999996,27.453956989247317,27.15713267517988,5.156712457069548,5.151594611667654,5.124279248994081,27.382,28.036240437158465,26.37378261517916,5.024679370089886,5.103323312207161,5.055929870812568,8.356573449883971
2007-06-20,sz000901,26.33,24.72,26.38,24.32,112532,127353216.0,7.76,-6.86,-1.82,6.87,5.0512760375342545,-0.24412830894004234,25.272000000000002,25.33066666666667,25.206116832661962,5.155947343468127,5.134119951324507,5.139533640017237,24.732,25.04090909090909,25.41637440353503,5.155283691074519,5.1565854473652335,5.14266340394801,27.273000000000003,25.490571428571425,26.495538243336668,5.116691780656947,5.1293460442581145,5.135453740876841,28.826,27.18086021505376,26.999898309039242,5.1599218371577775,5.144792262020214,5.1195693643837705,27.410000000000004,27.948961748633877,26.31956023435361,5.031862086225417,5.1041953340905835,5.0557772861149175,8.10500991650355
2007-06-21,sz000901,24.54,23.76,25.1,23.2,84928,89860136.0,7.69,-3.88,-0.96,5.18,4.929050896848323,-0.1222251406859316,24.964000000000002,24.826666666666664,24.724077888441307,5.0724286503154,5.058487802451239,5.069372725627599,24.708000000000002,24.864181818181812,25.115215421074115,5.134159979578166,5.115452212051379,5.103824766293521,26.731,25.156000000000002,26.23501079159032,5.1024009414679865,5.111475483895388,5.115796327159839,28.665666666666663,26.85402150537634,26.790872611681873,5.164190700592583,5.129897362645411,5.1072778503492255,27.408833333333334,27.829289617486342,26.235640226669886,5.03467519920584,5.100824475422481,5.051622322532406,7.953567071546177
2007-06-22,sz000901,23.67,21.43,24.27,21.43,88065,87366240.0,11.95,-9.81,-2.33,5.37,4.944803339433345,0.015752442585021953,24.35,23.648666666666667,23.626051925627543,5.05497360250743,5.0159460321572205,5.027849596896182,24.457,24.268181818181812,24.445176253606093,5.122496196602721,5.081023732025048,5.0749117795916705,26.073499999999996,24.651142857142855,25.777390716200763,5.099730321821107,5.096466188463517,5.099511280709697,28.404999999999998,26.38720430107527,26.44500986254111,5.15510239997329,5.115743339344814,5.096795623838523,27.372666666666664,27.633262295081973,26.078078252024973,5.037126052718885,5.097877857069284,5.048120060791454,7.941343645287242
2007-06-25,sz000901,22.53,23.53,23.53,22.53,172761,178338656.0,4.67,9.8,2.1,10.54,5.237445709228349,0.29264236979500424,23.996000000000002,23.375333333333334,23.59403461708503,5.091596065903714,5.07677006773086,5.097714967673571,24.401,24.09963636363636,24.278780571132256,5.131669552049905,5.101923643411525,5.104463403161975,25.5225,24.408904761904765,25.563353505134025,5.106336467200853,5.10958193964516,5.1126478929495685,28.178,26.07268817204301,26.256944710119104,5.15127906218735,5.121055810909657,5.105869822895931,27.376666666666665,27.50727322404372,25.99453470277825,5.045559150748294,5.104445714659758,5.05432745910086,8.251245489377824
2007-06-26,sz000901,23.53,22.95,23.53,21.23,146762,144296272.0,9.77,-2.46,-0.58,8.96,5.16661362147479,-0.07083208775355931,23.278000000000002,23.026666666666664,23.37935641139002,5.065837920903812,5.101775919587885,5.120681185607311,24.365000000000002,23.835818181818183,24.03718410365366,5.135642478779191,5.108277110579687,5.115763442855213,24.857000000000003,24.163904761904757,25.31446269512126,5.09905172046457,5.115322621004582,5.117787486142446,27.948666666666668,25.735397849462366,26.04359343849852,5.146919610542515,5.122045137315299,5.109788777642955,27.36583333333333,27.362136612021853,25.89471389285109,5.053754107315322,5.108414713699972,5.058008972621317,8.159255110922025
2007-06-27,sz000901,22.71,22.79,23.09,21.92,88327,87201040.0,5.1,-0.7,-0.16,5.39,4.946093480005892,-0.22052014146889753,22.892000000000003,22.863999999999997,23.182904274260014,5.04480140939814,5.061861105955245,5.0624852837401715,24.082,23.54945454545454,23.810423357534813,5.100374376433134,5.073813656257269,5.084914358700791,24.363,23.967047619047623,25.074037676538282,5.094876249512266,5.100755169532327,5.101435676034203,27.709666666666667,25.402580645161294,25.83368418440184,5.143462234295554,5.109088612764548,5.099227790698629,27.340666666666664,27.212109289617487,25.792919994724826,5.054849442642955,5.104884857066875,5.054339612207696,7.940521664560638
2007-06-28,sz000901,22.79,21.94,24.0,21.94,121647,123874400.0,9.04,-3.73,-0.85,7.42,5.085101403036577,0.1390079230306851,22.528000000000002,22.546666666666667,22.768602849506678,5.076011510635791,5.075294437168058,5.070023990172307,23.746000000000002,23.160000000000004,23.470346383437573,5.074220080475596,5.07103675200335,5.084948366761843,23.9875,23.736285714285717,24.77555789782035,5.0939911178677635,5.099824231772737,5.09988003098681,27.406999999999996,25.030344086021508,25.58247875315011,5.139931134189188,5.105323397844614,5.098316410849465,27.28983333333333,27.03503825136612,25.666594748996143,5.055343998898164,5.105876724620765,5.05534819551356,8.092981563942816
2007-06-29,sz000901,19.79,19.79,19.79,19.79,28337,24596516.0,0.0,-9.8,-2.15,1.73,4.452353870173597,-0.6327475328629806,22.200000000000003,21.634,21.775735233004454,4.977521616783841,4.867408557013992,4.864133950172737,23.275,22.440727272727276,22.80119249553983,5.016247609645636,4.957970168312077,4.969931185563979,23.65,23.33652380952381,24.300742859932697,5.061383090147851,5.038715922468532,5.0382108728141235,26.97666666666667,24.5389247311828,25.208770446495265,5.108947708850179,5.0609635743597385,5.056641408225216,27.21583333333333,26.789142076502735,25.473919511324137,5.048861510964514,5.08610655646586,5.035577889764709,7.390873595350088
2007-07-02,sz000901,17.84,19.12,19.12,17.84,117848,94124808.0,6.47,-3.39,-0.67,7.19,5.071322216505364,0.6189683463317674,21.318,20.607333333333333,20.890490155336302,4.944296918239244,4.898675423587834,4.933196705616946,22.657,21.68527272727273,22.13188476907804,5.017946492071479,4.9679837331956636,4.988365918462413,23.410500000000003,22.905095238095235,23.807338778034346,5.085020617799012,5.039662505931152,5.041364334118051,26.416666666666668,24.032043010752687,24.815946546721378,5.094171576536788,5.058536123240718,5.0575885571465165,27.12366666666667,26.523704918032784,25.265594281444656,5.051606898126885,5.08684297304097,5.036749834903747,7.9737041033163205
2007-07-03,sz000901,18.9,18.63,19.17,18.05,79662,64792396.0,5.86,-2.56,-0.49,4.86,4.901251205639218,-0.1700710108661463,20.454000000000004,19.711333333333332,20.13699343689087,4.89122443507213,4.884326852721159,4.92254820562437,21.866,20.95309090909091,21.495178447427488,4.97853117798797,4.946766408389799,4.972526879767286,23.2025,22.449809523809524,23.314258894412028,5.07071701461222,5.022160657154029,5.028020226643877,25.857333333333333,23.529677419354837,24.416853221126452,5.076715378577815,5.04608964769894,5.047502276404111,27.023666666666664,26.245224043715847,25.04803381320057,5.053262223593023,5.08191327820531,5.032307256895074,7.8115240402993695
2007-07-04,sz000901,18.43,17.75,19.1,17.75,54973,44485672.0,7.25,-4.72,-0.88,3.35,4.740149438037123,-0.16110176760209516,19.446000000000005,18.81,19.341328957927246,4.850035626678375,4.833968520376157,4.8617486164286206,21.169,20.204727272727272,20.81423691153158,4.9474185180382575,4.903424273853281,4.930276435816347,22.950499999999998,21.93052380952381,22.784329475896595,5.051351104556389,4.990678030813544,5.000603961062281,25.238333333333333,23.006623655913984,23.986733658473135,5.060267359784051,5.024375716051153,5.027673061025595,26.915666666666663,25.941169398907103,24.80875401604645,5.0534266892437305,5.0716472852362635,5.022728312014486,7.6482201554008
2007-07-05,sz000901,17.15,16.01,17.15,16.01,81053,58550824.0,6.42,-9.8,-1.74,4.95,4.908769093944975,0.1686196559078521,18.26,17.66466666666667,18.230885971951498,4.814769164860055,4.853546342798356,4.877422108934072,20.394,19.266727272727273,19.94073929125311,4.945390337747923,4.89639710583632,4.926366010021551,22.551,21.26952380952381,22.13915524009692,5.039775158663044,4.977098791707694,4.991857783241586,24.61866666666667,22.411247311827953,23.472105680507127,5.050064073561299,5.014601634384116,5.020001837342975,26.781,25.58360655737705,24.520270277815417,5.058212460569404,5.066904413259255,5.018991944208929,7.76753301138336
2007-07-06,sz000901,16.72,17.33,17.49,16.07,90010,66219960.0,8.87,8.24,1.32,5.49,4.954290761701127,0.04552166775615252,17.768,17.354666666666667,17.930590647967666,4.915156543165561,4.900053541745381,4.9030449931897575,19.984,18.709636363636363,19.46605942011618,4.946339079974701,4.898015364736902,4.931443237599655,22.220499999999998,20.772285714285715,21.681140455325785,5.03441763828871,4.968957420568463,4.988279971666304,24.043666666666663,21.941010752688175,23.075840797893765,5.048599907872305,5.008422711038298,5.015762413108018,26.665666666666667,25.273737704918034,24.284523711329665,5.06101046217484,5.063497144443902,5.016870593962771,7.820988914081641
2007-07-09,sz000901,17.35,17.96,18.58,16.81,102050,78702672.0,10.21,3.64,0.63,6.23,5.00881300905209,0.05452224735096234,17.536,17.418666666666663,17.94039376531178,4.902654701674907,4.931272363707557,4.938300998477202,19.427,18.341636363636365,19.19223043464051,4.9234758099570755,4.9093742609327915,4.9455104687728255,21.914,20.366523809523812,21.326746126247137,5.02757268100349,4.966518884450689,4.990235499036379,23.490666666666666,21.548516129032258,22.745786552868363,5.045382914786261,5.00585581434022,5.015314064459249,26.559000000000005,24.988306010928962,24.077162278171315,5.0646612793323245,5.0617857525382375,5.016606410850946,7.8959894771513985
2007-07-10,sz000901,17.8,16.88,17.8,16.75,58028,43602544.0,5.85,-6.01,-1.08,3.54,4.763637602376833,-0.24517540667525672,17.186,17.2,17.58692917687452,4.875131981022429,4.884933330608198,4.8800798664437455,18.82,17.878545454545453,18.771824901069508,4.88317820804728,4.880312768645475,4.912442674882645,21.5925,19.88709523809524,20.90324649517598,5.009410343413235,4.941382210295771,4.968654746973565,22.84466666666667,21.122021505376345,22.367348710747827,5.02709388299214,4.98767869741058,4.999076873357158,26.411166666666666,24.670961748633886,23.841189744460777,5.058037083282369,5.051916123785598,5.008312351556712,7.6395118290146895
2007-07-11,sz000901,16.68,17.49,17.71,16.48,42909,32538710.0,7.29,3.61,0.61,2.62,4.6325483933594604,-0.13108920901737253,17.134000000000004,17.301333333333332,17.554619451249682,4.8536117720868965,4.804072134720542,4.797569375415651,18.29,17.636727272727274,18.538765828147778,4.851823699382637,4.834743711429508,4.861552805514793,21.186,19.496380952380953,20.578175400397313,4.976099037907885,4.905490596004935,4.936644618057936,22.338666666666665,20.776559139784947,22.052681051989904,5.013858732802389,4.962224149692341,4.975429874647629,26.282500000000002,24.378464480874314,23.632954015134192,5.054517062571482,5.037965674935667,4.995992221779752,7.51240033129946
2007-07-12,sz000901,17.51,18.27,18.94,17.17,117222,93572104.0,10.12,4.46,0.78,7.15,5.069009126886532,0.4364607335270714,17.586000000000006,17.68,17.793079634166453,4.885659778675209,4.875871252987087,4.888049292572612,17.923,17.633090909090907,18.489899313939087,4.850214471767631,4.87423197097567,4.899272136673291,20.8345,19.218666666666667,20.358349171788046,4.9622172761216135,4.914339175907664,4.949250761755898,21.966,20.51406451612903,21.808637113151846,5.012732235834386,4.965782239633254,4.981467245759816,26.163833333333333,24.11575956284153,23.457119457260937,5.060390894069485,5.038440824585341,4.998386218668499,7.9711463948430215
2007-07-13,sz000901,18.16,17.89,18.16,17.24,49881,38518352.0,5.04,-2.08,-0.38,3.04,4.6979351515051535,-0.3710739753813783,17.698000000000004,17.781333333333333,17.825386422777637,4.834388656636014,4.813296377263735,4.824677912216792,17.733,17.62709090909091,18.38082671140471,4.874772599900788,4.846544821837037,4.862665412097266,20.503999999999998,18.9382380952381,20.123268298284422,4.945510104773211,4.889169449753715,4.925315941732018,21.677666666666664,20.25109677419355,21.55582181552915,4.99917959339883,4.945472750321691,4.963174852582097,26.0365,23.844486338797815,23.274590950465498,5.0551402075060325,5.026557029747166,4.988535364007405,7.585667697647282
2007-07-16,sz000901,18.16,17.49,18.92,17.42,73055,58570908.0,8.38,-2.24,-0.4,4.46,4.863649945090279,0.1657147935851251,17.604000000000003,17.712,17.713590948518426,4.805356043843651,4.823050140081824,4.837668589841288,17.57,17.58290909090909,18.218858218422035,4.8540053727592785,4.8445225209624,4.862844418095996,20.1135,18.651190476190475,19.872480841304956,4.93597593241538,4.881373244069625,4.9194429896709,21.463666666666665,19.9809247311828,21.293510730656305,5.0080155361191006,4.93672890204372,4.956753890808431,25.884666666666668,23.564273224043717,23.0849322307781,5.053483447949348,5.020278660487633,4.984440760108482,7.7676819567637105
2007-07-17,sz000901,17.15,18.0,18.11,17.04,40843,31532846.0,6.12,2.92,0.51,2.49,4.611117634384384,-0.2525323107058943,17.828000000000003,17.843999999999998,17.80906063234562,4.774852050245162,4.758304003595401,4.762151604688986,17.506999999999998,17.66109090909091,18.179065815072573,4.8249920156337955,4.800361113985146,4.817075911966612,19.686500000000002,18.44990476190476,19.694149332609246,4.901761596810884,4.850434358542864,4.890078670119803,21.304,19.757462365591397,21.081026167388156,4.988808681619412,4.91112258580277,4.9344547774907515,25.734500000000004,23.305759562841526,22.91821314124439,5.0491261032046255,5.0057748633215695,4.9722006576257245,7.4987631698064545
2007-07-18,sz000901,18.0,17.98,18.45,17.37,41769,33006642.0,6.0,-0.11,-0.02,2.55,4.620854077858355,0.009736443473970624,17.926000000000002,17.894666666666662,17.86604042156375,4.77251318714494,4.706971346133132,4.715052429078776,17.53,17.747090909090907,18.14287203051392,4.813062479615918,4.7632451252987025,4.78139921485602,19.3495,18.287380952380953,19.53089701521789,4.880240498827089,4.823681261499766,4.86443823276157,21.143666666666665,19.543010752688172,20.880959963040535,4.971921562909565,4.887383579108508,4.914222474288661,25.569166666666668,23.051513661202186,22.756304513662606,5.043728675083559,4.99173315757251,4.960681097633351,7.518601342717091
2007-07-19,sz000901,17.96,17.98,18.27,17.51,31776,24933462.0,4.23,0.0,0.0,1.94,4.502099226815287,-0.11875485104306804,17.868000000000002,17.91266666666667,17.904026947709166,4.659131207130692,4.616833359356581,4.644068028324281,17.726999999999997,17.82890909090909,18.113258934056844,4.77239549290295,4.706706352062224,4.730617398848613,19.060499999999998,18.15695238095238,19.38319253757809,4.858892915325437,4.787667807022452,4.829929756004781,20.942999999999998,19.338903225806447,20.693801255747598,4.950648603409679,4.857072460650813,4.887633877677476,25.441166666666664,22.802688524590167,22.599704365673666,5.037233950704785,4.973974815006337,4.945645626458988,7.396782584284337
2007-07-20,sz000901,17.91,18.47,18.54,17.82,59389,47716352.0,4.0,2.73,0.49,3.62,4.773706012629468,0.2716067858141811,17.984,18.113333333333333,18.09268463180611,4.674285379355554,4.655024961189507,4.687280689759343,17.841,17.964,18.17812094604651,4.754337017995784,4.706944628376136,4.738451692263314,18.9125,18.100714285714282,19.29622181971351,4.850338048985242,4.779554768670455,4.824575113778561,20.76066666666667,19.179354838709678,20.55033020698969,4.941057431524402,4.845656809632735,4.880283692835669,25.30483333333333,22.574125683060103,22.46430422253682,5.036769692883966,4.965334554741574,4.940008262071134,7.678667233681667
2007-07-23,sz000901,18.47,19.55,19.88,18.29,100859,84997880.0,8.61,5.85,1.08,6.15,5.00371465788781,0.23000864525834164,18.396000000000004,18.63533333333333,18.578456421204077,4.702298321915061,4.764834720700259,4.792758679135499,18.0,18.274727272727272,18.42755350131078,4.753827182879356,4.752286017447413,4.786681322376858,18.713500000000003,18.16142857142857,19.320391170216983,4.838651496418216,4.794162064756414,4.841636022741347,20.609333333333332,19.101247311827958,20.48579277428068,4.936324181628779,4.849699211333601,4.888246980903549,25.1645,22.38544262295082,22.36875326442086,5.037607672126798,4.964250783102356,4.942096996360206,7.929408093763898
2007-07-24,sz000901,19.57,19.84,20.78,19.05,113007,98545552.0,8.85,1.48,0.29,6.9,5.053105345848163,0.0493906879603534,18.764000000000003,19.116666666666667,18.998970947469388,4.790695864207817,4.881770395344626,4.879540901373054,18.296,18.609272727272728,18.68436195561791,4.782773957226489,4.806700228896288,4.835122053917096,18.558,18.268714285714285,19.369877725434414,4.832976082636884,4.814586240892599,4.861775958275329,20.49366666666667,19.051612903225806,20.44412872432709,4.933864881350987,4.857233479992915,4.898883004448363,25.028666666666666,22.210868852459015,22.285843321325096,5.038481695178347,4.964758903552236,4.945736614376205,7.993637026530725
2007-07-25,sz000901,19.73,20.22,20.4,19.64,68207,59969440.0,3.83,1.92,0.38,4.16,4.833828948048988,-0.21927639779917474,19.212,19.601999999999997,19.40598063164626,4.833290838245944,4.896148089958349,4.864303583598366,18.569,18.95909090909091,18.96356887277829,4.8029020126954425,4.815982954500378,4.834886943759257,18.4295,18.427,19.450841751583518,4.82736285603904,4.814667466169942,4.8591143382537725,20.31366666666667,19.03395698924731,20.42966880662857,4.918366696170404,4.850779548812141,4.89468596855163,24.872666666666667,22.053207650273222,22.218110753412795,5.03291469766933,4.958048977416848,4.9420675105621985,7.777929993375959
2007-07-26,sz000901,20.35,21.7,21.9,20.35,129430,121218592.0,7.67,7.32,1.48,7.9,5.11203495117343,0.278206003124442,19.956000000000003,20.431333333333335,20.170653754430838,4.955277983117571,4.989062794267512,4.9468807061233875,18.912,19.528363636363636,19.461101805000418,4.807204595124132,4.872188943314558,4.885277490561834,18.4175,18.738476190476188,19.665047299051754,4.828709533445882,4.841779094277979,4.8832020156746925,20.193666666666665,19.123397849462364,20.511625657813823,4.910546382455786,4.863274274941368,4.908708483559488,24.738333333333337,21.949185792349727,22.20112351559598,5.028507215455875,4.960643084089113,4.947640213533058,8.083569235207882
2007-07-27,sz000901,21.63,21.9,22.15,20.96,103448,97914848.0,5.48,0.92,0.2,6.31,5.014722098700544,-0.09731285247288657,20.642000000000003,21.079333333333334,20.747102502953894,5.003481200331787,5.008877499461836,4.9694945036491065,19.313,20.071636363636365,19.904537840454886,4.83888328984367,4.90991939851027,4.908812873859781,18.523,19.07014285714286,19.877899937237302,4.856827944872229,4.859494576683186,4.895727737867631,20.106999999999996,19.233483870967746,20.601198196019386,4.909967833130032,4.8699952888926425,4.915548071633105,24.626666666666665,21.856125683060114,22.19125061344529,5.025542708097109,4.960191113047954,4.9498396196041226,7.9908485540658365
2007-07-30,sz000901,21.99,22.15,22.73,21.74,84512,82658672.0,4.52,1.14,0.25,5.16,4.92691837952683,-0.08780371917371355,21.162,21.582,21.214735001969263,4.988121944659591,4.983356559193518,4.955302462275014,19.779,20.587454545454545,20.312803687644905,4.845210133287326,4.925925778452663,4.9121047839810625,18.674500000000002,19.415571428571425,20.094290419405176,4.849607753023302,4.8661698561741,4.898698275168507,20.002000000000002,19.36529032258064,20.701120893050394,4.905720666039361,4.871088872531145,4.916281639884313,24.527,21.77492349726776,22.189898134315936,5.0261601325180445,4.956957528504666,4.949088103536015,7.917288423596246
2007-07-31,sz000901,22.15,23.02,23.2,21.63,87991,86699712.0,7.09,3.93,0.87,5.37,4.944438253397613,0.01751987387078291,21.798000000000002,22.20133333333333,21.816490001312843,4.966388526169481,4.968795328772858,4.951681059315881,20.281,21.176727272727273,20.805021198982196,4.878542195188649,4.943967254836351,4.917983596602253,18.894,19.82942857142857,20.372929427080873,4.851767105411222,4.875201332400224,4.903054463571279,19.884666666666668,19.56,20.850725996724563,4.894021796270138,4.8735867813929685,4.918098195594849,24.418833333333335,21.725513661202182,22.217114588928528,5.0253671266698445,4.954278122631866,4.948935649433116,7.938017654834705
2007-08-01,sz000901,23.38,20.76,23.65,20.76,122924,119973056.0,12.55,-9.82,-2.26,7.5,5.089636683944112,0.1451984305464986,21.906,21.85533333333333,21.464326667541897,5.017550073348506,5.0098780480310685,4.997666267525291,20.559,21.263818181818184,20.796835526439978,4.925420455797225,4.982348070973708,4.949193248846227,19.0445,20.007142857142856,20.40979329116841,4.869241467706572,4.897855577974785,4.920824198844882,19.752666666666666,19.61647311827957,20.8448727066133,4.8953004844838,4.886207096726774,4.929165194843189,24.28933333333333,21.60555191256831,22.169340340111198,5.027611160820789,4.9563853212310205,4.953548798105608,8.07908372151079
2007-08-02,sz000901,20.53,21.16,21.67,20.35,62983,58249300.0,6.36,1.93,0.4,3.84,4.799223343064829,-0.29041334087928306,21.798000000000002,21.60666666666667,21.36288444502793,4.954987751726786,4.937102471269842,4.9315186260384705,20.877000000000002,21.37309090909091,20.862865430723616,4.955132867422178,4.959403141385999,4.921925993249609,19.302,20.20861904761905,20.481241549152372,4.863764180162564,4.891187185151763,4.909243164961068,19.666,19.7072688172043,20.865203499735024,4.890972899357683,4.880008571473936,4.920781849567166,24.165833333333335,21.502950819672133,22.136247214205913,5.027581799975133,4.948897196058695,4.948488947120665,7.765290710677215
2007-08-03,sz000901,21.41,20.96,21.63,20.6,57739,53083928.0,4.87,-0.95,-0.2,3.52,4.7614692579263656,-0.03775408513846301,21.610000000000003,21.327333333333335,21.22858963001862,4.90433718357195,4.872596306669703,4.8748355033344355,21.125999999999998,21.388181818181817,20.880526261501142,4.953909191951868,4.924191576023123,4.892752041372655,19.4835,20.366523809523812,20.526837592090242,4.8541231049738265,4.881444811605458,4.895169459529192,19.650333333333332,19.790752688172038,20.871319402977928,4.884861763307452,4.871653497833207,4.910503617848406,24.027666666666665,21.397841530054645,22.09768173177293,5.019982081640371,4.940172194680048,4.942357154032328,7.724963051449522
2007-08-06,sz000901,21.09,20.8,21.18,20.49,57011,51974624.0,3.29,-0.76,-0.16,3.48,4.755958658802291,-0.005510599124074922,21.340000000000003,21.057333333333336,21.085726420012417,4.870145239427042,4.823136798413149,4.835209888490388,21.250999999999998,21.328909090909093,20.865885123046386,4.929133592043316,4.888200569995927,4.8678805172689525,19.6255,20.491904761904763,20.55285305951022,4.841480387461337,4.872095816731978,4.881911288031392,19.55933333333333,19.864924731182796,20.866718151172904,4.868812194959916,4.863337168510293,4.900532975329302,23.86866666666667,21.292016393442623,22.055134789747587,5.010045628573633,4.931515689013225,4.936245727959212,7.715791356198488
2007-08-07,sz000901,20.62,21.0,22.08,20.58,76245,70638232.0,7.21,0.96,0.2,4.65,4.882211368758385,0.12625270995609394,20.936,20.944000000000003,21.057150946674945,4.857699862499196,4.827158841523597,4.85087704857972,21.366999999999997,21.283272727272728,20.890269646128857,4.912044194334339,4.879669256671395,4.870486126630667,19.8315,20.62280952380953,20.595438482414007,4.847409075780414,4.8759749578078875,4.881939867148248,19.49433333333333,19.957870967741936,20.875316980129494,4.859332119869369,4.864201631336001,4.899350936195694,23.721500000000002,21.19796174863388,22.020540206477172,5.003125865205942,4.927324401806168,4.934474109624758,7.849039820775444
2007-08-08,sz000901,21.18,21.7,21.97,20.8,99262,94192248.0,5.57,3.33,0.7,6.06,4.996783021417554,0.11457165265916913,21.124000000000002,21.198666666666668,21.27143396444996,4.839129129993885,4.873519894496383,4.899512372858998,21.514999999999997,21.34381818181818,21.0374933468327,4.928339601671196,4.89507631614107,4.893449198410101,20.041999999999998,20.800761904761902,20.7006348174222,4.865620807183318,4.890201047868567,4.892877310411992,19.458000000000002,20.10017204301075,20.92852233625017,4.861021771249757,4.873069431435884,4.90563687717775,23.583833333333335,21.131683060109292,22.010030691510707,5.002242002772657,4.927116439714745,4.936517024765505,7.974015161929213
2007-08-09,sz000901,21.72,23.83,23.83,21.63,196227,199535488.0,10.14,9.82,2.13,11.97,5.292758764227691,0.2959757428101373,21.658,22.100666666666665,22.12428930963331,4.937836214226458,5.024729772574318,5.030594503315229,21.728,21.76472727272727,21.545221829226755,4.946411982976622,4.961334345696797,4.966050937649663,20.32,21.16152380952381,20.998669596715324,4.876808289050376,4.930880853301365,4.930961258394439,19.521,20.382236559139784,21.115714443588875,4.867943683289462,4.900923430982847,4.930612482793876,23.464000000000002,21.139754098360658,22.069701816379208,5.003937408739325,4.936641579434581,4.948197081797052,8.300020147501138
2007-08-10,sz000901,24.77,24.7,25.21,23.87,229413,248764080.0,5.62,3.65,0.87,14.0,5.3606180241506785,0.06785925992298747,22.406000000000002,23.114666666666665,22.982859539755538,5.05766596747132,5.165657042549059,5.140602343593713,22.008,22.305090909090907,22.118817860276437,4.981001575521635,5.03664453500117,5.037790407922574,20.6605,21.57866666666667,21.351177254171006,4.909942432682653,4.976957970929965,4.971880950371224,19.684666666666665,20.716365591397846,21.346958673034756,4.8982191550886975,4.932708872328732,4.958354775784637,23.330666666666666,21.180278688524588,22.155941101088086,5.003583431969438,4.948336025841512,4.961719079907007,8.395787671099177
2007-08-13,sz000901,24.7,25.98,26.89,24.7,147495,168836832.0,8.87,5.18,1.28,9.0,5.168777298217809,-0.19184072593286938,23.442,24.306,23.981906359837026,5.1402296953544235,5.202694152797888,5.149993995135079,22.391,23.027272727272727,22.82085097658981,5.005187467390733,5.070785575491384,5.061606206158071,21.085,22.085285714285714,21.792017515678527,4.925198800339029,5.001608910504743,4.99063298349947,19.913333333333334,21.122516129032256,21.645864565097032,4.901467657812446,4.950164236401578,4.97193042239323,23.165,21.267142076502736,22.28132008138028,4.997819617174617,4.953752218177525,4.968507873949983,8.227467194596878
2007-08-14,sz000901,26.02,25.91,27.19,24.99,95948,109786312.0,8.47,-0.27,-0.07,5.85,4.9820359264605845,-0.1867413717572246,24.424000000000003,25.128666666666668,24.624604239891354,5.160194606894864,5.149962896499941,5.094007972243581,22.68,23.66709090909091,23.382514435391663,5.00894723469703,5.066576204413176,5.04713888257671,21.4805,22.544809523809523,22.18420632370914,4.943744714942839,5.007021970135366,4.989814216162433,20.156,21.509397849462363,21.920970077026258,4.904160481839824,4.955362189217586,4.972582390397576,23.006666666666664,21.35714207650273,22.400293193466172,4.990437930208821,4.953234720121326,4.968951416655249,8.040548196275854
2007-08-15,sz000901,25.86,26.65,26.87,24.54,144511,165916304.0,8.99,2.86,0.74,8.82,5.159900906313864,0.17786497985327987,25.414,25.87066666666667,25.299736159927573,5.192818183874126,5.149864996306276,5.1159722836003425,23.269,24.38890909090909,23.9766027198659,5.015973656934006,5.094022326525327,5.0676410687107385,21.913999999999998,23.037142857142857,22.609520007165415,4.970697056365614,5.027608274075464,5.0060129485578075,20.452666666666666,21.928365591397846,22.22606878173424,4.918152197449049,4.9718615714417185,4.984667455940562,22.8455,21.476595628415303,22.53962784286072,4.989209778616551,4.95879088327231,4.9752120556604496,8.21988906468212
2007-08-16,sz000901,26.22,25.06,26.22,24.97,101929,113613728.0,4.69,-5.97,-1.59,6.22,5.008297763478044,-0.15160314283582021,25.660000000000004,25.752666666666666,25.219824106618383,5.135925983724196,5.0883581895075825,5.08008077689291,23.659,24.714545454545455,24.173584043526645,5.036881098975327,5.0926267095333335,5.056851376850249,22.268,23.336761904761907,22.84289905410204,4.996006983198752,5.031189293800457,5.006230549978783,20.75433333333333,22.225612903225805,22.408903053880422,4.921469819766818,4.977677414411331,4.986191991910722,22.686500000000002,21.549202185792346,22.62226299555381,4.985766946664058,4.95941671884154,4.976296832965944,8.055430810551389
2007-08-17,sz000901,24.68,24.14,25.33,23.94,73475,79547760.0,5.55,-3.67,-0.92,4.48,4.86613959474465,-0.1421581687333937,25.548000000000002,25.246,24.85988273774559,5.037030297842991,4.998429393181067,5.008767049510157,23.977,24.802000000000003,24.167477853794527,5.047348132657155,5.061582799673212,5.0221765073765035,22.551499999999997,23.51504761904762,22.966432477520897,5.0006286623045115,5.018820971090543,4.992888554242199,20.981333333333335,22.44404301075269,22.520586727823623,4.918531447534935,4.974107722474416,4.978446675964524,22.5125,21.596857923497268,22.672024864552043,4.98356567770362,4.955494510581889,4.972685120237377,7.900627954776613
2007-08-20,sz000901,24.72,26.51,26.51,24.36,101559,115915240.0,8.91,9.82,2.37,6.2,5.0067184159450875,0.14057882120043708,25.654000000000003,25.566666666666666,25.409921825163728,5.004618521388446,4.988325432548432,5.008084171655134,24.548,25.262545454545457,24.59339097128643,5.072424108371434,5.054195578452835,5.0193659452980635,22.899499999999996,23.89204761904762,23.303915098709385,5.000778850207375,5.019400947627741,4.994205683928188,21.266333333333332,22.800731182795694,22.77796822925436,4.918461627764702,4.979797204307331,4.980270659189077,22.378499999999995,21.727923497267764,22.7978601148946,4.981922271275481,4.956253616753739,4.973800965998285,8.064140538748674
2007-08-21,sz000901,27.23,27.68,27.9,26.74,146740,176780288.0,4.38,4.41,1.17,8.95,5.166548514738755,0.15983009879366783,26.008000000000003,26.242,26.166614550109156,5.04152103904408,5.042302096998536,5.060905619349675,25.216,25.832,25.154592612870715,5.100857822969472,5.071309106883258,5.046126412469098,23.2915,24.347333333333335,23.72068508930849,5.006451008651905,5.035188534725968,5.010619286862528,21.62633333333333,23.21451612903226,23.094228343496013,4.931891991510099,4.995802809918559,4.992288585353572,22.2355,21.90174316939891,22.95793027506199,4.97949293725112,4.962306936211552,4.980120557760268,8.247433837090522
2007-08-22,sz000901,27.21,27.45,28.46,26.54,93320,113181104.0,6.94,-0.83,-0.23,5.69,4.969974730121715,-0.19657378461704056,26.168000000000006,26.72266666666667,26.59440970007277,5.00353580380565,5.018453327357747,5.030595322940355,25.790999999999997,26.23818181818182,25.571939410530586,5.098176993839887,5.047512180910937,5.0322806520423,23.653,24.743380952380956,24.075857937945777,5.0132582977555415,5.031714603437377,5.006748376696736,21.958333333333332,23.590236559139786,23.375245869722075,4.943139536068841,4.998259760796728,4.990848981790227,22.148500000000002,22.072710382513662,23.105211249650118,4.978499134435617,4.961994863846652,4.9797879076737575,8.053773925849262
2007-08-23,sz000901,27.43,27.88,29.43,27.01,114340,142792784.0,8.82,1.57,0.43,6.98,5.058198187878253,0.08822345775653861,26.732000000000006,27.293333333333333,27.022939800048515,5.013515888685692,5.036674122048614,5.039796277919655,26.195999999999998,26.618,25.991586790434116,5.074720936204944,5.040243307099732,5.036992931285201,23.962,25.145952380952384,24.43815718195094,5.010566459590782,5.035994592972874,5.011648358714024,22.278666666666666,23.97227956989247,23.665875168449684,4.942779171435232,5.005682899623141,4.995194091860422,22.122333333333337,22.26062841530055,23.261761700481262,4.97775570363481,4.964607947566084,4.982358736532921,8.154706261024437
2007-08-24,sz000901,27.97,28.13,29.25,27.9,80582,101631240.0,4.84,0.9,0.25,4.92,4.906238042131346,-0.15196014574690775,27.53,27.759333333333334,27.39195986669901,5.021535578163031,5.000914839863833,4.995276865990219,26.538999999999998,26.96963636363636,26.380389192173364,5.029282938003011,5.009610053631805,5.013219315075409,24.273500000000002,25.54290476190477,24.789761259860374,5.005142256762323,5.026058553214832,5.001609280944246,22.62,24.34978494623656,23.953883222098096,4.9497226011227715,5.003325407409987,4.989454991877901,22.148833333333336,22.457601092896176,23.421376070957287,4.9744510972608005,4.962263106205315,4.979862976060739,8.007027224426189
2007-08-27,sz000901,28.39,30.9,30.9,28.39,144095,191637952.0,8.92,9.85,2.77,8.79,5.158648911347762,0.2524108692164164,28.408000000000005,28.88266666666667,28.561306577799343,5.051921677243565,5.0466192842587425,5.049734214442733,27.031,27.762545454545457,27.202136611778204,5.028270099316006,5.033131139694487,5.0396610598522,24.711,26.174000000000003,25.37168875892129,5.016728783353369,5.040678234603921,5.0165654362207714,23.067,24.883978494623655,24.402019788414346,4.959555899998022,5.0168045241986965,5.0003707286178924,22.265333333333334,22.744524590163937,23.666576855516062,4.983785718058561,4.968302378798329,4.985724810004576,8.282481520984629
2007-08-28,sz000901,31.04,31.69,32.81,30.14,142614,200634688.0,8.64,2.56,0.79,8.7,5.154162161029893,-0.004486750317869159,29.21,29.976666666666667,29.604204385199562,5.049444406501793,5.080699445520851,5.0845435299717865,27.608999999999998,28.609636363636362,28.018111773273073,5.045482722772936,5.056020605460648,5.060479441884508,25.1445,26.838666666666672,25.973432686643072,5.027214978734984,5.053767127715972,5.029669886202592,23.523333333333333,25.440301075268817,24.87221206012955,4.977657384219539,5.029359766845913,5.010292756515441,22.413666666666664,23.05353005464481,23.92963990943357,4.983233032919475,4.973888491682636,4.9912473461037665,8.302406020930789
2007-08-29,sz000901,31.26,31.19,32.34,30.28,95602,131808912.0,6.5,-1.58,-0.5,5.83,4.98046697783968,-0.1736951831902127,29.958000000000006,30.636666666666663,30.13280292346638,5.051542856045386,5.057706969300146,5.049851345927752,28.063,29.260727272727276,28.59481872358706,5.027539329925519,5.044199560927328,5.045931721149084,25.666000000000004,27.41442857142857,26.470248621248494,5.021756493429761,5.049314937154514,5.024983894929934,23.963666666666665,25.9349247311828,25.279811282056677,4.989644480885583,5.029541030950439,5.008368512729909,22.55366666666667,23.341278688524586,24.167684502566896,4.980783021897575,4.973797801352151,4.990893891406583,8.119944775216823
2007-08-30,sz000901,31.19,32.05,33.23,31.19,92110,131657368.0,6.54,2.76,0.86,5.62,4.964306782303937,-0.016160195535743327,30.792,31.334,30.77186861564425,5.032764574930523,5.028628278052996,5.021336491386481,28.762,29.985636363636363,29.223033501116685,5.023140231808108,5.032702734087041,5.031090823177239,26.210499999999996,28.02242857142857,27.001653514462923,5.030010665391717,5.043843536094911,5.019205122298887,24.432666666666666,26.456623655913976,25.716597650956246,5.005051399401871,5.027906340719365,5.005525820444363,22.687833333333334,23.65263387978142,24.426121076253228,4.977850001405775,4.97325759677531,4.990022182911414,8.119445168737968
2007-08-31,sz000901,32.05,31.75,32.45,30.61,103180,142531632.0,5.74,-0.94,-0.3,6.3,5.0135955235372895,0.049288741233352695,31.516000000000002,31.653333333333332,31.0979124104295,5.0542360712117125,5.022238594255253,5.018756168770084,29.523000000000003,30.52890909090909,29.682481955459107,5.037885824687372,5.030967332583255,5.027909859606339,26.75,28.549999999999997,27.453876989275976,5.042616978672263,5.042280189251633,5.018670874797783,24.875333333333334,26.928709677419356,26.10584941541068,5.013047716432132,5.028457574534554,5.006046446450358,22.817999999999998,23.949754098360653,24.66624825408099,4.977052573978267,4.974429581107492,4.990795079325376,8.153911257878198
2007-09-03,sz000901,31.78,33.46,34.89,31.04,131496,191304656.0,12.13,5.39,1.71,8.02,5.118912542146316,0.10531701860902665,32.028000000000006,32.30133333333334,31.885274940286337,5.046288797371423,5.04379741790012,5.052141626562162,30.218,31.244727272727275,30.369303418102902,5.049105237307495,5.045699463030337,5.044455801886335,27.383000000000003,29.189047619047617,28.02588870458303,5.060764672839465,5.0495464333920195,5.028217700259548,25.339,27.482559139784946,26.580310743448706,5.016887645907416,5.035287563290308,5.013328130043646,22.97416666666667,24.29867213114754,24.954567983455384,4.976605913768097,4.979080727604804,4.994995651876882,8.28172554007696
2007-09-04,sz000901,33.23,32.23,33.7,31.71,74423,107748952.0,5.95,-3.68,-1.23,4.54,4.871707172500694,-0.2472053696456218,32.136,32.36866666666666,32.00018329352423,4.989797799665583,4.985603542943211,4.991996808541673,30.673000000000002,31.610545454545456,30.707611887538736,5.019621103083688,5.0134452694291,5.013046960179855,27.944499999999998,29.650666666666663,28.4262802565275,5.06023946302658,5.0315409571692795,5.013311935711085,25.752,27.927139784946238,26.944806824516533,5.010841040129167,5.025921081135036,5.0041912940731335,23.122833333333332,24.60214207650273,25.19310673809619,4.972352960740077,4.97564142461243,4.990953406651433,8.032413054769378
2007-09-05,sz000901,32.38,32.25,32.96,31.26,62606,89317376.0,5.27,0.06,0.02,3.82,4.796615956884909,-0.07509121561578525,32.348,32.406666666666666,32.083455529016156,4.953027595474629,4.921209595349652,4.926869857989418,31.153000000000002,31.897272727272725,30.988046089804417,5.002285225760008,4.97289887921114,4.973695868671682,28.471999999999998,30.060714285714287,28.79044404162012,5.050231109799948,5.006433956584358,4.992674223441926,26.153,28.346365591397845,27.28707735196708,5.009600607090364,5.012100108022503,4.990799336835184,23.233333333333334,24.901393442622947,25.424480287666807,4.963983651630384,4.969879555633571,4.984581686986956,7.950935955717583
2007-09-06,sz000901,32.79,32.47,33.28,32.09,60427,86803968.0,3.69,0.68,0.22,3.69,4.781231033504007,-0.015384923380902471,32.432,32.44733333333333,32.21230368601077,4.916412445714643,4.863944074692779,4.878323583160948,31.612000000000002,32.13672727272727,31.25749225529452,4.974588510322583,4.932707207891868,4.938702262277559,28.903999999999996,30.441476190476187,29.140877942418204,5.0246547232637635,4.98081490169903,4.972536776781172,26.512,28.753913978494626,27.621459458291785,4.998573809834716,4.997366587145963,4.977278801136398,23.352833333333333,25.204234972677593,25.65548093397281,4.954560096145252,4.963887666514673,4.977914452446531,7.938539578184742
2007-09-07,sz000901,32.74,30.41,32.74,30.14,82557,114924408.0,8.01,-6.34,-2.06,5.04,4.916753902946922,0.13552286944291492,32.164,31.77333333333333,31.611535790673848,4.89704412159657,4.864057893770205,4.8911336897562725,31.840000000000003,31.918181818181818,31.103402754331874,4.975640096404141,4.922191824732656,4.93471165149017,29.1895,30.584904761904763,29.261746709806946,5.002461517203576,4.970538633097426,4.967224122130291,26.795666666666666,29.00539784946236,27.801365299692314,4.9953082033095955,4.992087883475783,4.9733739689951415,23.451333333333334,25.435617486338803,25.811366804990097,4.9526380182198135,4.962648119196697,4.975909188528512,8.060412275285124
2007-09-10,sz000901,30.39,32.16,32.27,28.8,103486,141115344.0,11.41,5.75,1.75,6.31,5.014881600672166,0.09812769772524454,31.904000000000003,31.771999999999995,31.794357193782567,4.87623793330174,4.90333705346207,4.932382993394904,31.965999999999998,31.976363636363637,31.29551134445335,4.961263365336582,4.929326643690478,4.949288005886896,29.4985,30.867809523809527,29.537770832682476,4.994766732326294,4.971721498189672,4.9717629296104695,27.129333333333328,29.35148387096774,28.082567538421845,4.998240310681107,4.993350683305626,4.9760518807162395,23.565666666666665,25.721147540983605,26.01951871302321,4.951980488360234,4.964688892391855,4.977186972533222,8.149574238787844
2007-09-11,sz000901,32.25,29.65,32.61,29.47,67167,93472104.0,9.76,-7.8,-2.51,4.1,4.82715595105972,-0.18772564961244598,31.388000000000005,31.020666666666667,31.079571462521713,4.867327689013544,4.88697639271473,4.897307312616509,31.762,31.555272727272726,30.996327463643645,4.928562744339564,4.904943477458322,4.927082177736501,29.6855,30.882238095238094,29.548459324807954,4.987022733556251,4.955758566640476,4.957990836415161,27.35033333333333,29.51410752688172,28.183692213362374,4.994330900603177,4.982312982684892,4.9664456917061415,23.6175,25.920633879781423,26.138550886366712,4.944176348436658,4.960596284611511,4.972267922648844,7.970682018503411
2007-09-12,sz000901,29.92,30.59,31.73,29.25,65220,88053224.0,8.36,3.17,0.94,3.98,4.814380794469939,-0.012775156589781567,31.056000000000004,30.754666666666665,30.916380975014476,4.8708806565305505,4.869327427866862,4.869665139900986,31.701999999999998,31.342181818181814,30.92244974298116,4.911954126002589,4.884183122936572,4.90659101714258,29.8825,30.968380952380958,29.647653674826245,4.969746727964055,4.939316477203683,4.944313689563235,27.677999999999997,29.723118279569892,28.338937877016416,4.98515570428737,4.97070329841823,4.956635053174774,23.71533333333333,26.149240437158475,26.28450003763338,4.940228094385586,4.956340692678175,4.967091295495437,7.944745261947547
2007-09-13,sz000901,30.48,30.66,31.26,29.94,47575,64434656.0,4.32,0.23,0.07,2.9,4.677378796959058,-0.1370019975108807,30.694000000000006,30.622666666666664,30.830920650009652,4.850110209221561,4.804826808009697,4.805569692253677,31.563,31.152727272727265,30.874731607893676,4.8832613274681025,4.841533063110475,4.864916068018303,30.1625,31.04242857142857,29.74406761055708,4.953200779638104,4.911471912346064,4.9188913188390275,27.994666666666667,29.915505376344083,28.488683820434712,4.981094219417178,4.950846723751888,4.938618520515695,23.830333333333332,26.376934426229504,26.42795905279294,4.936033559387432,4.947722682926487,4.957592525051622,7.809119514274317
2007-09-14,sz000901,30.7,31.89,32.76,30.7,84955,119774208.0,6.72,4.01,1.23,5.18,4.9291889442234,0.2518101472643419,30.990000000000002,31.021333333333335,31.183947100006435,4.852597217476856,4.831186386343643,4.846776109576918,31.576999999999998,31.21218181818182,31.059325861003913,4.874820669536713,4.849883538884166,4.876602045510138,30.55,31.20695238095238,29.94844212383736,4.956353247112043,4.909185070877998,4.919872045066111,28.358999999999998,30.166817204301076,28.708123573955056,4.98668487562708,4.947497996320032,4.938010160754903,24.004666666666665,26.64118579234973,26.60704236253743,4.935773319467265,4.947498269314549,4.956661260106434,8.078363307792618
2007-09-17,sz000901,31.93,34.02,34.91,31.49,146241,217501232.0,10.72,6.68,2.13,8.92,5.16506914811758,0.23588020389418052,31.362000000000002,32.031333333333336,32.129298066670955,4.882634726965939,4.935343696557218,4.952873789090472,31.633,31.656363636363636,31.597630249912292,4.8794363301338395,4.902655989535233,4.929050609620582,30.9255,31.537428571428567,30.336209540614753,4.964270783720666,4.929062775735668,4.943224150118631,28.799666666666667,30.532043010752687,29.050825278861183,5.00032189193759,4.959006659061355,4.952659127681527,24.1795,26.969557377049178,26.850090153929646,4.9345670434487525,4.955016165335873,4.963494305614995,8.337461721287376
2007-09-18,sz000901,34.02,34.53,36.12,33.39,111755,172013184.0,8.02,1.5,0.51,6.82,5.048266962889721,-0.11680218522785957,32.338,33.087333333333326,32.929532044447306,4.926856929331939,4.990554441865145,4.9846715136902215,31.863,32.18309090909091,32.130788386291876,4.897092309172742,4.93335246821812,4.950726310214971,31.267999999999994,31.880714285714284,30.735618155794302,4.958356706128216,4.9370624118470054,4.953228227525402,29.250666666666667,30.90174193548387,29.404320422160463,5.005857078408634,4.962099889445363,4.958827375114314,24.372500000000002,27.30891803278689,27.101890476751624,4.932594599139002,4.9587440315470515,4.9662737370010515,8.235561734808819
2007-09-19,sz000901,34.08,32.67,34.49,32.49,71687,105333736.0,5.79,-5.39,-1.86,4.37,4.855440406153824,-0.19282655673589666,32.754000000000005,33.198,32.843021362964876,4.935068851668716,4.9667489341391065,4.941594477844756,31.904999999999994,32.32981818181818,32.228826861511536,4.902974754099634,4.925779394941954,4.933401600385671,31.529000000000003,32.01423809523809,30.91984499809961,4.95262998992982,4.927260859468492,4.94391510168049,29.616333333333333,31.122344086021506,29.615009427182372,5.001145657899843,4.952395588009568,4.952157248084606,24.537166666666668,27.580967213114754,27.28445144472698,4.9310837145748,4.956214385875406,4.962639857301142,8.022567488109917
2007-09-20,sz000901,32.65,33.66,34.17,32.38,54826,81101528.0,5.48,3.03,0.99,3.35,4.738986561745296,-0.1164538444085279,33.354,33.5,33.11534757530992,4.947390404625964,4.9013881708313,4.874058505811603,32.024,32.648909090909086,32.48904015941853,4.898750306923763,4.895963359968437,4.898053411541966,31.818,32.217190476190474,31.180812141137743,4.936669408623173,4.906913866308063,4.9243980978771384,29.944000000000003,31.383225806451616,29.875976560912544,4.982686584483763,4.935482097935083,4.938404300578845,24.7325,27.880076502732237,27.49348582358839,4.925315133886612,4.949916118569522,4.955306962364885,7.9090290366490965
2007-09-21,sz000901,33.68,35.29,36.01,33.32,141850,219452256.0,7.99,4.84,1.63,8.66,5.151829340131871,0.4128427783865751,34.034000000000006,34.14533333333334,33.84023171687328,4.991918483807659,4.969534482666602,4.966648783918359,32.512,33.24272727272728,32.998305584978795,4.922257850642258,4.941977729642638,4.944194489467403,32.176,32.54785714285715,31.57216336579129,4.9489489735231995,4.92740528835651,4.9460582161871125,30.297,31.728129032258064,30.22526839569238,4.9757269616831366,4.946394533783346,4.952173657969363,24.990833333333335,28.22622404371585,27.749109239208444,4.9369730583859175,4.957342813856251,4.961750319012983,8.341340049812183
2007-09-24,sz000901,35.41,35.72,37.04,34.44,82924,131627128.0,7.37,1.22,0.43,5.06,4.918680242963898,-0.23314909716797327,34.374,34.70733333333333,34.466821144582184,4.942640702776922,4.945121735718683,4.950659270266872,32.868,33.826,33.493159114982646,4.912637714871431,4.9413272555193,4.939555535557674,32.416999999999994,32.885380952380956,31.96719542619212,4.936950540104006,4.924522552112767,4.943450790165854,30.621666666666666,32.078,30.57976720887352,4.967390393174672,4.9427141003175885,4.95001279248514,25.2675,28.578,28.010449919890135,4.934429025493559,4.956743049416185,4.960338185372028,8.119345405437128
2007-09-25,sz000901,35.47,33.7,35.79,33.64,67752,103154752.0,6.02,-5.66,-2.02,4.13,4.830922119858525,-0.08775812310537301,34.208000000000006,34.48266666666667,34.211214096388126,4.899171734170683,4.907882208079216,4.910746886797423,33.272999999999996,33.97727272727273,33.53076654862216,4.913014331751311,4.926469874607864,4.9198040054305565,32.5175,33.00757142857143,32.132224433221445,4.9207885380454375,4.914424607327483,4.932733773946108,30.881333333333334,32.276602150537634,30.781072550236523,4.962353266287938,4.933909695587515,4.942329523283423,25.518666666666668,28.854475409836066,28.196992545467506,4.933256874063882,4.95334938037897,4.95609503568306,8.013489239287763
2007-09-26,sz000901,33.5,33.21,34.4,32.83,43926,64788028.0,4.66,-1.45,-0.49,2.68,4.6427216572370735,-0.18820046262145151,34.315999999999995,34.15,33.87747606425876,4.856627984387333,4.822398849101347,4.82140514361064,33.535000000000004,33.96581818181818,33.472445357963586,4.8958484180280255,4.877325751968911,4.869425396668105,32.6185,33.07352380952381,32.234869725295596,4.9039012720153075,4.887942047250496,4.905113572354772,31.1,32.42683870967741,30.937777546995456,4.945113957985378,4.9132883014552,4.922999983538497,25.776333333333337,29.106650273224044,28.36135344561611,4.931633077717214,4.9438236355649785,4.9458204986848315,7.811494761211694
2007-09-27,sz000901,33.21,33.59,34.06,32.83,32874,48815584.0,3.7,1.14,0.38,2.01,4.516852550818354,-0.12586910641871984,34.30200000000001,33.908,33.78165070950584,4.812201182201944,4.709140371245021,4.719887612679878,33.827999999999996,33.975818181818184,33.493818929242934,4.879795793413954,4.808417412476243,4.805321242877241,32.695499999999996,33.16604761904762,32.363929751457924,4.881528560441028,4.851080264279358,4.868136332208446,31.384333333333334,32.587483870967745,31.10888867299575,4.928732450896722,4.8856585332508775,4.896796923363004,26.069333333333336,29.36283606557377,28.532784480186073,4.9251011353317695,4.930224274027309,4.931755975803963,7.688558489313526
2007-09-28,sz000901,33.61,34.51,34.76,33.39,61663,93301336.0,4.08,2.74,0.92,3.76,4.790024650000473,0.27317209918211915,34.146,33.977333333333334,34.02443380633723,4.739840244175665,4.701748193844529,4.743266625120077,34.089999999999996,34.09981818181818,33.678579123926035,4.865879363991661,4.792095386401066,4.802540044172374,32.8335,33.33885714285714,32.56831739417622,4.8703500167641876,4.842365606142162,4.860697124379115,31.73,32.78913978494624,31.32831521022183,4.926195286071915,4.876709642870473,4.88990838959768,26.355666666666664,29.63957923497268,28.728758759524233,4.922363366803426,4.925795536803333,4.927109047089094,7.969887862538286
2007-10-08,sz000901,34.85,33.46,35.16,33.46,64871,97901480.0,4.93,-3.04,-1.05,3.96,4.81205059272188,0.0220259427214069,33.694,33.748666666666665,33.83628920422482,4.71851431412726,4.725818310026601,4.766194614320678,34.034000000000006,33.98527272727273,33.63883746503039,4.830577508452092,4.782308337079287,4.804269234817738,32.8335,33.39852380952381,32.653239547111816,4.855006919292966,4.836813280042895,4.85606412136414,31.961666666666666,32.90075268817204,31.465843261175266,4.919706358631142,4.869345469105956,4.8848853059282735,26.613999999999997,29.87250819672131,28.883881423146388,4.919083993197922,4.922178724538363,4.923336638749185,7.9907892571859245
2007-10-09,sz000901,34.6,35.29,35.74,33.95,86855,134422608.0,5.35,5.47,1.83,5.3,4.938794824624286,0.12674423190240613,34.01200000000001,34.28066666666667,34.32085946948321,4.740088855080414,4.799245146858943,4.823728017755214,34.11,34.21363636363636,33.93904883502486,4.819630294625548,4.801984212746959,4.828728432964383,32.9865,33.63247619047619,32.90435959024403,4.858361301899146,4.844793080550638,4.8639432359603445,32.215333333333334,33.11548387096775,31.712563050776865,4.91211456896066,4.870576983040997,4.888363339392533,26.920833333333334,30.156967213114754,29.093918097797328,4.922003280235379,4.922824981306442,4.923843464515581,8.12847231711015
2007-10-10,sz000901,35.32,34.06,35.79,33.84,59813,92024936.0,5.53,-3.49,-1.23,3.65,4.776795585571633,-0.161999239052653,34.182,34.29666666666667,34.23390631298881,4.7669036407473255,4.811480723689351,4.808083873694021,34.248999999999995,34.20454545454545,33.96103995592943,4.811765812567328,4.794196083828065,4.819286097074792,33.077000000000005,33.73471428571428,33.014420581649354,4.857370283333481,4.837024917090876,4.855643459732848,32.43566666666667,33.23449462365591,31.86401059588804,4.905675264142324,4.861846726048157,4.881165419791184,27.197,30.39103825136612,29.256740455246593,4.924407400105582,4.918064073284678,4.919022222582993,7.963905524082774
2007-10-11,sz000901,34.06,31.69,34.17,30.7,127983,179280832.0,10.19,-6.96,-2.37,7.81,5.107152286081356,0.3303567005097232,33.80200000000001,33.466,33.38593754199254,4.884963587799925,4.924896938800694,4.907773344489799,34.052,33.73927272727273,33.5481236003059,4.8485823850009355,4.84790271537607,4.871625404166894,33.038,33.60261904761905,32.88828528815894,4.873666345962349,4.86081367925734,4.879596681289849,32.562666666666665,33.1863870967742,31.852784105830747,4.90730706741576,4.874845243592611,4.895745217616357,27.420666666666666,30.53834972677596,29.336519456713916,4.925043119425497,4.924055708890442,4.925190421386217,8.253533858989803
2007-10-12,sz000901,31.44,29.6,31.44,28.55,142287,182931056.0,9.12,-6.6,-2.09,8.68,5.15316522273944,0.0460129366580837,32.82000000000001,32.065333333333335,32.12395836132836,4.9575917023477185,5.014297483780532,4.989570637239679,33.483,32.92981818181818,32.83028294570482,4.848715973261692,4.903281413146707,4.922814462089175,32.9975,33.275190476190474,32.57511526071523,4.885486911951975,4.887432619902777,4.905650828094572,32.611666666666665,32.99524731182796,31.707443195777152,4.91553797343603,4.890707060065106,4.912352959882362,27.61583333333333,30.609803278688524,29.345158163051163,4.932630287279401,4.93153512211385,4.932665005037142,8.262287441422238
2007-10-15,sz000901,29.51,29.92,31.26,28.08,81192,106400192.0,10.74,1.08,0.32,4.95,4.909513239499587,-0.24365198323985293,32.11200000000001,31.098666666666666,31.38930557421891,4.977084231703261,4.998271329497821,4.962884837992982,32.903000000000006,32.282000000000004,32.30114059194031,4.84779927291526,4.9143354615535975,4.920396057981977,32.8855,32.98209523809524,32.32224714064711,4.880218493893346,4.889720841573978,4.906018676799812,32.579,32.82159139784947,31.59212427992056,4.907233451041091,4.8903183675530775,4.912169752115732,27.822999999999997,30.68534972677595,29.364005436393747,4.933394675519556,4.930777186121069,4.931905930757223,8.026942411647614
2007-10-16,sz000901,29.58,29.02,29.83,28.6,49129,62906084.0,4.11,-3.01,-0.9,3.0,4.691337924344433,-0.21817531515515398,30.858000000000004,30.067999999999998,30.599537049479274,4.927592851647289,4.903022560378212,4.872369200110133,32.435,31.576,31.70456957522389,4.833840853363851,4.885887943631629,4.878749124593332,32.854,32.613952380952384,32.00774741296643,4.873427592557581,4.871732215902654,4.885572890851681,32.489999999999995,32.59197849462365,31.426180777990204,4.891805976484909,4.8763896238952285,4.8979225374208095,28.006666666666664,30.7245956284153,29.352726569626736,4.9347316803522245,4.922840899197294,4.924018455137131,7.798692650530333
2007-10-17,sz000901,29.47,30.55,30.95,29.16,77539,104457224.0,6.17,5.27,1.53,4.73,4.8895201957261,0.19818227138166744,30.156000000000006,29.965333333333334,30.583024699652853,4.9501377736781835,4.890331675071149,4.878086198648789,32.169,31.23327272727273,31.49464783427409,4.858520707212754,4.896011460424765,4.8807075011629255,32.852,32.39452380952381,31.868914326017247,4.877184562620389,4.873264844775846,4.885948824649245,32.46866666666667,32.46681720430108,31.36965298586181,4.888774417081123,4.876242154168854,4.897380450859861,28.216166666666663,30.807983606557375,29.39198143619635,4.939209448983352,4.921358555439061,4.922887364664637,8.018938480073622
2007-10-18,sz000901,30.59,29.2,30.61,29.02,45822,60002280.0,5.2,-4.42,-1.35,2.8,4.661074040986242,-0.2284461547398582,29.658000000000005,29.646666666666665,30.122016466435234,4.86092212465916,4.793977097507168,4.805748812761273,31.73,30.693454545454546,31.077439137133343,4.872942856229543,4.860112066565399,4.840774144767165,32.779,32.04671428571429,31.6147320092537,4.876369324821749,4.852682890334498,4.864532178586102,32.373666666666665,32.25593548387097,31.229675373870727,4.8786666590372,4.861551807324023,4.882134876029305,28.403166666666667,30.84024043715847,29.385686962878435,4.941859029219534,4.912239361734238,4.914303321265346,7.778167753260403
2007-10-19,sz000901,29.2,29.78,30.7,29.2,46915,62315124.0,5.14,1.99,0.58,2.86,4.671311720661767,0.010237679675524802,29.694000000000006,29.68733333333334,30.008010977623492,4.764551424243626,4.730773629508038,4.7609364487281045,31.257000000000005,30.338909090909087,30.841541112200005,4.861071563295672,4.8234518600985306,4.809962794929819,32.673500000000004,31.76109523809524,31.439995627420014,4.863475463643668,4.833153594700215,4.8461302302123554,32.308,32.088602150537625,31.136147930395197,4.867257198941348,4.848174069364318,4.8685333821346255,28.591666666666665,30.885382513661206,29.3986152591775,4.94015245768674,4.903368958174966,4.906336383540639,7.79459346355506
2007-10-22,sz000901,29.47,28.98,30.7,28.8,51061,67158088.0,6.38,-2.69,-0.8,3.12,4.708089315956465,0.03677759529469782,29.506000000000007,29.449333333333335,29.665340651749,4.724266639535001,4.71195292674565,4.743320737804225,30.808999999999997,29.924909090909093,30.503079091800004,4.850675435619131,4.795636906036856,4.791440344207391,32.4215,31.409333333333336,31.205710329570486,4.840626472035611,4.8183549139681,4.832983476473699,32.15866666666667,31.873892473118286,30.997041612305186,4.8535630914016865,4.837905173687873,4.858182152058616,28.74883333333333,30.89811475409836,29.384890168712662,4.935225368654552,4.895760330577254,4.899836479685419,7.827098323218398
2007-10-23,sz000901,29.04,26.54,29.76,26.11,78581,92938744.0,12.59,-8.42,-2.44,4.79,4.895317551222014,0.18722823526554944,29.01,28.46066666666667,28.623560434499332,4.765062564910518,4.768969897307988,4.793986342276821,29.934000000000005,29.14872727272727,29.782519256927273,4.846327708278904,4.803753654328289,4.81032710911914,32.022000000000006,30.849190476190476,30.761356964849487,4.832979001452226,4.823563588176328,4.838920055021157,31.969,31.511397849462362,30.709490540543563,4.85435010402573,4.840599009805314,4.860577984262706,28.8605,30.82569398907104,29.291615081213887,4.932595572077449,4.894451877546678,4.899688318096455,7.968196799006255
2007-10-24,sz000901,26.33,26.58,27.83,25.1,46907,55342076.0,10.29,0.15,0.04,2.86,4.671237657950171,-0.22407989327184286,28.216,27.650666666666666,27.942373622999558,4.721406057355332,4.737694928321206,4.753070114167938,29.186,28.53890909090909,29.20024302839504,4.835771915516757,4.771919099723065,4.78503811799751,31.7175,30.330904761904762,30.363132492006677,4.8237688640420435,4.808159650699943,4.822950302919159,31.779999999999998,31.163720430107528,30.443071795992367,4.850170827394574,4.828785303606891,4.8483624793393165,28.9665,30.750923497267756,29.20270966871507,4.929885717242469,4.885882765608079,4.892198132517889,7.74305544642824
2007-10-25,sz000901,26.74,23.96,26.74,23.96,50065,54148316.0,10.46,-9.86,-2.62,3.05,4.699534220501395,0.02829656255122348,27.168000000000006,26.232000000000003,26.614915748666377,4.729098093258362,4.73040431603656,4.735224816279091,28.413000000000004,27.588727272727276,28.247471568686848,4.795010108958762,4.747148609720273,4.769491954816398,31.232499999999998,29.592095238095233,29.753310349910805,4.821796246979848,4.796327779886548,4.811196390307943,31.496333333333332,30.65920430107527,30.024809099476734,4.847447600294486,4.819066812839587,4.838760656188483,29.004166666666666,30.586775956284153,29.03081754842933,4.923010705064601,4.878330257518208,4.885881282943577,7.73358495471425
2007-10-26,sz000901,22.79,21.81,22.93,21.61,61256,59229332.0,5.51,-8.97,-2.15,3.74,4.787148634085882,0.08761441358448696,25.574000000000005,24.446,25.013277165777588,4.752265475943186,4.749754496312399,4.752532755548022,27.634000000000004,26.388181818181817,27.077022192561966,4.758408450093405,4.745719250652477,4.772702260138122,30.558500000000002,28.694714285714284,28.99680460230025,4.803562211677549,4.79302800722998,4.808906127810604,31.20966666666667,30.03427956989247,29.494821415639525,4.843127424665784,4.815176556955162,4.835430848310896,29.002666666666666,30.350901639344258,28.794069432087383,4.91921781398769,4.873875763387757,4.882644146915456,7.772536834610387
2007-10-29,sz000901,21.81,22.44,22.68,20.58,38702,36554592.0,9.63,2.89,0.63,2.36,4.58773340859825,-0.19941522548763135,24.266000000000002,23.401333333333334,24.155518110518393,4.7281942944715425,4.694910473864088,4.697599639898098,26.886000000000003,25.443818181818184,26.233927248459786,4.726230467003272,4.714687424926084,4.739071559858146,29.8945,27.921523809523812,28.372347021128796,4.7870148699592665,4.772472883127189,4.7878420593141895,30.88566666666667,29.46849462365591,29.03967164688859,4.8288891515966545,4.798699523660483,4.819450368329435,29.0075,30.135732240437157,28.58573928677304,4.913564731138881,4.863007422227448,4.872974942380465,7.562941940938054
2007-10-30,sz000901,21.41,22.79,23.31,21.18,39772,39301904.0,9.49,1.56,0.35,2.43,4.599577430742687,0.011844022144436472,23.516000000000002,22.909333333333333,23.700345407012264,4.669046270375677,4.65203818595447,4.664925570179628,26.262999999999998,24.699090909090906,25.607758657830733,4.717054417643097,4.691659600151432,4.713708990928062,29.349,27.24490476190476,27.840694923878434,4.7754476355034745,4.7546216984398955,4.7699120946883315,30.656999999999996,28.9461935483871,28.63646702450868,4.82130320091942,4.7839052190892595,4.805265017517387,29.003666666666668,29.93187978142077,28.39571504786245,4.907817050761298,4.852712756640688,4.864011089539883,7.594413590494091
2007-10-31,sz000901,22.84,25.03,25.03,22.84,57153,60701676.0,9.61,9.83,2.24,3.49,4.757039031743558,0.15746160100087092,23.206000000000003,23.414,24.143563604674846,4.686206545134355,4.68136910641043,4.695630057367605,25.711000000000002,24.47490909090909,25.502711629134232,4.7038063012448434,4.69892952998788,4.721587180167242,28.939999999999998,26.833571428571428,27.57300969303287,4.7811635042287985,4.752868498081809,4.768686088693592,30.47166666666667,28.583161290322586,28.403791732604894,4.819391808828541,4.779759143658558,4.802153663596496,29.074833333333334,29.8015956284153,28.28536373481778,4.902273756557956,4.847769215033549,4.8605038089563966,7.783200682302656
2007-11-01,sz000901,25.64,24.54,26.27,24.54,51768,57972668.0,6.91,-1.96,-0.49,3.16,4.714061386814151,-0.04297764492940637,23.322000000000003,23.858666666666668,24.275709069783233,4.689111978396906,4.6906540536370285,4.701773833849788,25.245,24.261999999999997,25.327673151109824,4.709105035827634,4.700794091000481,4.720218854103043,28.4875,26.41452380952381,27.28415162702974,4.791023946028589,4.746477820232795,4.763483736133645,30.267666666666667,28.20047311827957,28.154514846630384,4.820614561823711,4.772963632560856,4.79647029090086,29.131166666666665,29.65291256830601,28.162564923840147,4.900854390620444,4.841598317664898,4.855702418066486,7.763223287795555
2007-11-02,sz000901,23.98,24.99,25.77,23.76,34273,37980680.0,8.19,1.83,0.45,2.09,4.534952120958077,-0.17910926585607445,23.958000000000006,24.41466666666667,24.513806046522156,4.638672675771344,4.639267434490752,4.646166596219217,24.766,24.215636363636367,25.266278032726216,4.6954690758572655,4.669129924660562,4.686533993531231,28.0115,26.081428571428575,27.06566099588405,4.778270319576468,4.722090027368936,4.741718820402638,30.037666666666667,27.859978494623657,27.950352598460686,4.807473334381533,4.754533797666298,4.779598150904551,29.198333333333334,29.517136612021858,28.058546401747027,4.897079105004306,4.8296015219382635,4.845186014882604,7.5795627360093185
2007-11-05,sz000901,24.99,25.51,25.75,24.09,22006,24489188.0,6.64,2.08,0.52,1.34,4.342541108623305,-0.1924110123347722,24.572000000000003,24.932000000000002,24.84587069768144,4.589634215776355,4.540556912108073,4.544958100353913,24.419,24.350909090909095,25.310591117685085,4.658914255123949,4.6049612033452965,4.62398983263888,27.613999999999997,25.84319047619048,26.917502805799856,4.75479484537154,4.680592007278158,4.703701895471273,29.754,27.56787096774194,27.79291049533419,4.780055733065057,4.724538170198026,4.751400922370277,29.276833333333332,29.396207650273226,27.97498750332909,4.890188812501323,4.811419948286428,4.828705854021643,7.3889743852486145
2007-11-06,sz000901,25.93,25.21,26.24,24.79,17449,19643400.0,5.68,-1.18,-0.3,1.06,4.241770542646124,-0.10077056597718048,25.056000000000004,25.14466666666667,24.96724713178763,4.518072838157043,4.4246023543979955,4.443895581117983,24.285999999999998,24.494727272727275,25.29230182356052,4.593559554266361,4.529116891985692,4.554495416276561,27.110000000000003,25.61423809523809,26.754883490961774,4.719943631272631,4.631732549875738,4.659708433297449,29.443333333333335,27.274709677419356,27.626271108538436,4.753172519056937,4.6898100933968045,4.718521543033235,29.346999999999998,29.262868852459015,27.884332175351087,4.879514798732786,4.79016033288134,4.809462073320806,7.293216660306404
2007-11-07,sz000901,25.21,24.32,25.35,23.18,27320,29093122.0,8.61,-3.53,-0.89,1.67,4.436480695009495,0.19471015236337053,24.914,24.899333333333335,24.751498087858423,4.45396117081023,4.397404973348813,4.441423952415154,24.060000000000002,24.500909090909094,25.11551967382224,4.570083857972293,4.500557099393535,4.533038194228004,26.623,25.348523809523808,26.52298982515589,4.702927886744524,4.604736079755439,4.6384486486985965,29.165,26.944172043010756,27.412963295084346,4.739207195352126,4.669378362813099,4.700325359289768,29.390666666666668,29.09804918032787,27.767468825339574,4.870176426625985,4.775634624562544,4.797233175671255,7.463790328143602
2007-11-08,sz000901,24.52,23.87,24.99,23.87,22553,24281498.0,4.61,-1.85,-0.45,1.38,4.35320431990742,-0.08327637510207442,24.780000000000005,24.551333333333332,24.457665391905618,4.381789757428884,4.363819356381209,4.41201740824591,24.051,24.466363636363635,24.889061551309105,4.535450867912894,4.461124456109012,4.500341126169715,26.232,25.08633333333333,26.270324127521995,4.665230488435829,4.571429073390001,4.6112825221470555,28.838666666666665,26.602559139784947,27.18438501798213,4.726347787290864,4.644474951494084,4.677930453523166,29.391333333333332,28.91704371584699,27.639682962213683,4.854517185887313,4.758684719424229,4.782674852531457,7.385275476186809
2007-11-09,sz000901,23.83,24.97,25.48,23.44,32699,35561516.0,8.55,4.61,1.1,2.0,4.514534471280389,0.1613301513729688,24.776000000000003,24.61466666666667,24.628443594603745,4.377706227493347,4.408067594331711,4.446189762590736,24.367,24.633454545454544,24.903777632889266,4.5081894516323455,4.457321474903102,4.502921734371656,26.0005,24.966142857142856,26.146483734424663,4.6332989508628755,4.557077071756148,4.602068422064516,28.494666666666667,26.352967741935483,27.041521468434897,4.705104624995814,4.630809576267603,4.667388777249439,29.395833333333332,28.772081967213115,27.552152373288646,4.840415793339475,4.747537745174822,4.773883364621586,7.55098026682013
2007-11-12,sz000901,24.77,25.24,25.73,24.12,24719,27247972.0,6.45,1.08,0.27,1.51,4.393030897514415,-0.12150357376597398,24.722,24.769333333333332,24.832295729735833,4.387804185271568,4.413175817672068,4.428470140898629,24.647,24.792181818181813,24.964908972363943,4.488719200523962,4.4363835559725695,4.482941582215794,25.7665,24.89371428571429,26.060151950193745,4.607474833763616,4.534194400008677,4.582160086393078,28.145333333333333,26.142989247311828,26.92529427692297,4.687582980147498,4.610675787397835,4.649688268879437,29.3835,28.635825136612024,27.47634409875459,4.827486686661086,4.732869387934657,4.761396398486924,7.435334184338001
2007-11-13,sz000901,25.46,24.79,25.89,24.59,22186,24668790.0,5.15,-1.78,-0.45,1.35,4.346079008652942,-0.04695188886147328,24.638,24.791999999999998,24.81819715315722,4.408665878472933,4.399267425465859,4.401006430150066,24.847,24.818181818181817,24.933107341025043,4.463369358314988,4.4104489756323835,4.458057477931638,25.555,24.80071428571429,25.93918509779434,4.590211887979043,4.509299559521946,4.55967617422735,27.848333333333333,25.926516129032255,26.787533355831165,4.671421543107312,4.5886432731078655,4.6301005746712764,29.364833333333333,28.485218579234974,27.38826724305772,4.816887404697624,4.7170855296393075,4.74777943488581,7.3921478479408655
2007-11-14,sz000901,25.44,25.26,25.55,24.54,26659,29469650.0,4.07,1.9,0.47,1.63,4.4258438546567165,0.07976484600377454,24.826000000000004,24.999333333333333,24.965464768771483,4.406538510402377,4.40499341752712,4.409285571652283,24.87,24.89327272727273,24.99254236992958,4.430249840606303,4.403626156785426,4.452200455518016,25.2905,24.77261904761905,25.874500802766306,4.5670280709255735,4.4936454611102965,4.546930239030147,27.583333333333332,25.75952688172043,26.688982816745284,4.6641922830213,4.572799551272342,4.616922721767112,29.341666666666665,28.350633879781423,27.318487989186973,4.804653120503338,4.704264429637965,4.737224169960266,7.469374977927587
2007-11-15,sz000901,25.35,24.43,25.44,24.27,24513,26710696.0,4.63,-3.29,-0.83,1.5,4.389396465218475,-0.03644738943824155,24.938000000000002,24.86733333333333,24.78697651251432,4.413776939464587,4.399279402465819,4.402655869507681,24.858999999999998,24.81327272727273,24.89026193903329,4.397783348446735,4.396198270351275,4.440781548190826,25.052,24.690666666666672,25.736929297740947,4.553444192137185,4.476728165328668,4.531927022476655,27.278000000000002,25.556086021505376,26.543241989858494,4.659943746834638,4.555070788833449,4.602243608441394,29.331166666666665,28.189595628415304,27.223783464951335,4.79433809886568,4.690649457333544,4.725819982919551,7.426685204570278
2007-11-16,sz000901,25.44,26.85,26.85,25.44,107450,126665824.0,5.77,9.91,2.42,6.56,5.031206419827462,0.6418099546089868,25.314000000000004,25.504666666666665,25.47465100834288,4.517111329174002,4.605089229253443,4.612172719614275,25.045,25.175272727272723,25.246577950118148,4.447408778333674,4.511366101511407,4.548131524852033,24.9055,24.86190476190476,25.842936031289426,4.571438927095469,4.522229329870599,4.579477441271969,27.02266666666667,25.52847311827957,26.563032829222465,4.667983139162204,4.579023219349116,4.6299186285308185,29.376333333333335,28.108245901639346,27.21152826937916,4.797089212617061,4.698415631791308,4.735832652982105,8.102659452686352
2007-11-19,sz000901,27.01,28.93,29.49,26.89,188142,237123664.0,9.68,7.75,2.08,11.48,5.27448575638046,0.24327933655299816,26.052000000000003,26.709999999999997,26.626434005561926,4.693402300947211,4.857547371655596,4.83294373186967,25.387,25.881636363636364,25.916291050096667,4.5406032431093895,4.66174373388355,4.680195930584474,24.903,25.245190476190476,26.136942123547577,4.59975874911667,4.589186170754884,4.6456687093775395,26.871666666666666,25.651526881720436,26.71574038862747,4.683397644617489,4.618152420459971,4.671503604521118,29.416666666666668,28.09361202185793,27.26787160480935,4.801552001624316,4.714067977488468,4.7534934104705755,8.374974897005576
2007-11-21,sz000901,28.46,27.95,29.0,27.54,71007,87897760.0,5.05,-3.39,-0.98,4.33,4.8513011643743,-0.42318459200615965,26.684000000000005,27.342666666666666,27.067622670374618,4.794446732091482,4.910180326131293,4.839062876037881,25.661,26.34763636363636,26.286056313715452,4.601556305282207,4.718234265022625,4.711305973091715,24.9735,25.535380952380955,26.30961430225733,4.5975579297742835,4.6131425912556105,4.665252752710565,26.627000000000002,25.721096774193548,26.79537004097409,4.680481189275824,4.628984905605571,4.683103447092292,29.421166666666668,28.04552459016394,27.290236470225437,4.796297879118242,4.715699097578631,4.7567002220739765,7.9439778075875935
2007-11-22,sz000901,27.86,27.99,28.91,27.03,67933,84944968.0,6.73,0.14,0.04,4.15,4.832080793961798,-0.01922037041250224,27.230000000000008,27.778,27.375081780249747,4.875694119952499,4.922725013421398,4.836735515345853,26.028,26.771090909090905,26.59586425667628,4.641116315177437,4.760147808418914,4.7332650314317295,25.044,25.822666666666667,26.469651035375676,4.605600086574865,4.635478102130611,4.681141137591635,26.424666666666667,25.80903225806452,26.872442941556404,4.682324029555496,4.638765525262731,4.692714888825809,29.430166666666665,27.998601092896177,27.313179536775422,4.793999646848909,4.7168723079013715,4.759171716234233,7.929137657077218
2007-11-23,sz000901,27.66,28.55,28.98,26.49,46948,57857036.0,8.9,2.0,0.56,2.86,4.6716170959106575,-0.16046369805114047,28.054000000000002,28.218,27.766721186833166,4.932138246090935,4.854699338740784,4.781696042200789,26.496,27.229636363636367,26.951161664553318,4.672957592777761,4.765693404915863,4.722056315882443,25.2735,26.156571428571425,26.66777950819704,4.604204230345328,4.641765436353068,4.6802340860029705,26.32,25.94615053763441,26.98067242919793,4.667806189883139,4.638074755350162,4.691353740895799,29.44133333333333,27.96974316939891,27.353731027372948,4.78755662864945,4.712859765247657,4.756301072944936,7.762356181095295
2007-11-26,sz000901,28.73,29.25,30.7,28.35,90386,118295208.0,8.23,2.45,0.7,5.52,4.95610116727181,0.2844840713611525,28.534000000000002,28.616666666666667,28.26114745788878,4.917117195579805,4.862686979134409,4.839831083891129,26.924,27.730363636363638,27.369132270998165,4.717114262376904,4.817174054823871,4.764609925225964,25.6455,26.535285714285713,26.91370526932113,4.612651857004624,4.675279430346066,4.706507141361907,26.308333333333334,26.135182795698928,27.127080659572258,4.661237388034219,4.656674431310719,4.708434220016832,29.459999999999997,27.96346994535519,27.415903780573835,4.788387680735124,4.718385815694293,4.762851895709751,8.072967152224642
2007-11-27,sz000901,29.02,28.91,30.07,28.73,44716,57950524.0,4.58,-1.16,-0.34,2.73,4.650462947480702,-0.30563821979110806,28.53,28.742,28.47743163859252,4.792312633799853,4.773802229768041,4.776708371754321,27.291000000000004,28.09145454545455,27.64929003990759,4.742857467373532,4.8050556339336525,4.74385592927228,25.969,26.846190476190475,27.103828577004833,4.615788333948747,4.678880486581883,4.701169599087507,26.27466666666667,26.303032258064512,27.242107713793402,4.652602378300256,4.65597930611372,4.704694137917727,29.42683333333333,27.945437158469947,27.464890541866495,4.779917914670673,4.713863693292508,4.7591670121612575,7.763057367293224
2007-11-28,sz000901,28.89,28.19,29.45,27.9,39254,49585652.0,5.36,-2.49,-0.72,2.4,4.593883918136431,-0.05657902934427117,28.578000000000003,28.62866666666667,28.381621092395015,4.74082918455228,4.7076593245469,4.7157668872150245,27.631,28.25490909090909,27.747600941742572,4.767637958321881,4.777969534072362,4.716588290883944,26.238999999999997,27.057714285714287,27.207273474432945,4.615503658318434,4.676794351742616,4.690951915187405,26.247000000000003,26.426602150537633,27.303262054838992,4.6493539114266556,4.652191018361215,4.697545091480224,29.3685,27.904885245901642,27.488664622461034,4.770579943955782,4.707764217996304,4.753747894324378,7.695356028129892
2007-11-29,sz000901,28.31,28.69,29.34,26.85,51899,64522764.0,8.83,1.77,0.5,3.17,4.7151589898587485,0.12127507172231766,28.718000000000007,28.666,28.484414061596677,4.71744482373167,4.699102592982389,4.715564254762933,27.974,28.447454545454548,27.9189462250621,4.796569471842085,4.768427903442701,4.7163284179702725,26.422000000000004,27.29114285714286,27.348485524486954,4.613409656224194,4.686285335698836,4.6932573508703905,26.185,26.58421505376344,27.392729019042932,4.643541871231077,4.656436507292317,4.698681472020774,29.326833333333337,27.882639344262294,27.528052667626245,4.766158144156099,4.705947137534107,4.752482684341898,7.809712963246321
2007-11-30,sz000901,28.13,28.87,30.14,27.59,56872,73694536.0,8.89,0.63,0.18,3.47,4.754898501220181,0.03973951136143228,28.782000000000004,28.716666666666665,28.612942707731122,4.734101104793575,4.711587152145228,4.728675670248682,28.418,28.610363636363637,28.091865093232627,4.833119675442255,4.760851363329627,4.723341160379347,26.6385,27.52428571428571,27.493391665012005,4.615451511944495,4.69976046379369,4.69912793661799,26.174,26.757440860215052,27.488036824265972,4.646669353238875,4.663620806001291,4.7023083771304135,29.273833333333336,27.867661202185793,27.572050940818826,4.762668006138037,4.705577968913256,4.752561891452662,7.867435288767896
2007-12-03,sz000901,28.71,29.18,29.58,28.15,32972,42156136.0,4.95,1.07,0.31,2.01,4.518145291171665,-0.23675321004851568,28.768000000000008,28.849333333333334,28.801961805154082,4.646509929573545,4.639601880937923,4.6584988772230105,28.651000000000003,28.748909090909088,28.289707803553966,4.781813562576676,4.7035832934622475,4.686032820523405,26.848000000000003,27.766333333333336,27.654021030248956,4.614611170455174,4.69049320467247,4.68189149419453,26.154,26.951376344086015,27.59719573882946,4.641563805589205,4.655328931029214,4.69042688771372,29.231,27.86458469945355,27.62477058210345,4.7544105022652765,4.697560830717638,4.744876101279514,7.624860796920262
2007-12-04,sz000901,29.2,28.8,29.36,28.44,33668,42759068.0,3.15,-1.3,-0.38,2.05,4.527217318503861,0.009072027332195809,28.746000000000002,28.86,28.801307870102725,4.621860803778178,4.599837677248029,4.614738357649961,28.637999999999998,28.775999999999996,28.382488202907787,4.707086718789015,4.657293067267189,4.657157274701669,27.0125,27.95223809523809,27.76316188451096,4.623844980949203,4.682169980677106,4.667160620319228,26.148,27.122086021505375,27.67479601374369,4.6355347390074515,4.647951738314029,4.679897238087277,29.153333333333332,27.85045355191257,27.66330269416563,4.74454891520457,4.6901118738730005,4.737739747745886,7.631028230520176
2007-12-05,sz000901,28.53,29.56,29.78,28.31,51921,67231848.0,5.1,2.64,0.76,3.17,4.715343048397467,0.18812572989360632,29.020000000000003,29.131333333333334,29.05420524673515,4.646152629830384,4.630998425454459,4.6482732545657965,28.799,28.94363636363636,28.59658125692455,4.6934909071913316,4.658794218105091,4.667736506282723,27.23,28.19485714285714,27.934289324081345,4.64752360623677,4.690884082338845,4.671749422993346,26.24866666666667,27.342215053763443,27.79642207737313,4.6295355889133,4.653100661500483,4.6821840645589035,29.108833333333333,27.863786885245897,27.725489491078232,4.741942846469516,4.689154304469488,4.737005429734462,7.827575048859547
2007-12-06,sz000901,29.29,30.7,30.79,29.02,72198,95619864.0,5.99,3.86,1.14,4.41,4.858525167084953,0.14318211868748598,29.422000000000004,29.691333333333333,29.602803497823437,4.674825865275625,4.701789271205981,4.718357225405516,29.070000000000004,29.289272727272724,28.979021028392815,4.696135344503647,4.688800447176658,4.70242535370131,27.549,28.525333333333332,28.197690340835504,4.668625829840543,4.710979469086291,4.689537589097309,26.386000000000003,27.629397849462364,27.983749685284543,4.63577850588446,4.667874182672847,4.693560909883165,29.083000000000002,27.91595628415301,27.823014425796977,4.742974666639516,4.692976675637208,4.740989683418085,7.98054812166377
2007-12-07,sz000901,30.37,30.43,30.97,30.05,45679,61495664.0,3.0,-0.88,-0.27,2.79,4.659716587811443,-0.1988085792735106,29.734,30.02733333333333,29.87853566521563,4.655789482593878,4.696752845384588,4.698810346207491,29.258,29.53654545454545,29.242835386866844,4.694945293693726,4.682178855050803,4.694660123539515,27.877,28.799714285714288,28.41029126075593,4.683951443235744,4.710130969845424,4.686697493736751,26.60166666666667,27.890301075268813,28.14157228623393,4.634451251461461,4.669418575055233,4.691377405233377,29.049,27.960120218579238,27.90848936265609,4.740949425877973,4.690246902560879,4.738324991758851,7.788844495169567
2007-12-10,sz000901,30.21,30.7,30.99,29.72,67828,90565240.0,4.17,0.89,0.27,4.14,4.831409011495666,0.171692423684223,30.038000000000004,30.349333333333334,30.152357110143754,4.718442226658678,4.75529268835185,4.74300990130355,29.403000000000002,29.79872727272727,29.507774407436507,4.682476078116112,4.7069904401057014,4.7195235577133605,28.1635,29.06857142857143,28.628358759731555,4.6997951702465075,4.724174547774941,4.700479543047124,26.898,28.154709677419355,28.30663213873497,4.6359265973751205,4.682125527315505,4.700411702411589,29.053833333333333,28.01425136612022,28.0000143015854,4.739527011020453,4.693212790613917,4.741376926832189,7.956961542347389
2007-12-11,sz000901,30.5,30.93,31.71,30.37,59652,81832000.0,4.36,0.75,0.23,3.64,4.775625009186624,-0.0557840023090419,30.464,30.64666666666667,30.411571406762505,4.768123764795231,4.774353615861165,4.753881603931241,29.604999999999997,30.076363636363634,29.766360878811685,4.694992284286704,4.723926609391248,4.72972382161759,28.447999999999997,29.33204761904762,28.84756268737617,4.718924875830118,4.73139643719781,4.707636254108029,27.181,28.41483870967742,28.475881678171426,4.642189650728067,4.691138328077537,4.70526417381643,29.033333333333335,28.07576502732241,28.096079406451448,4.73553940116236,4.694396331537399,4.742499814778236,7.912923165600507
2007-12-12,sz000901,30.93,30.48,31.49,30.1,39305,53260360.0,4.49,-1.45,-0.45,2.4,4.594447800611733,-0.1811772085748906,30.648000000000003,30.651999999999997,30.434380937841674,4.743944715238084,4.716461627799999,4.700737002824738,29.833999999999996,30.235454545454548,29.89611344630047,4.6950486725342335,4.7056457941776175,4.705128181434707,28.732499999999998,29.525571428571432,29.003032907626057,4.731343315428058,4.719541477653201,4.696856401394096,27.437333333333335,28.62767741935484,28.60517963441843,4.642018663057034,4.688058208715193,4.698114730383869,29.047166666666666,28.123196721311476,28.174240737387464,4.731660931988227,4.6897703774209845,4.737645650379333,7.7264040976171
2007-12-13,sz000901,30.32,28.69,30.81,28.57,47170,61995876.0,7.35,-5.87,-1.79,2.88,4.6736658762457015,0.07921807563396843,30.246000000000002,29.999333333333333,29.852920625227785,4.706972857070233,4.693035348135871,4.691713293965059,29.833999999999996,30.027454545454546,29.676820092427654,4.69089936117293,4.701758013034248,4.699407762309432,28.904000000000003,29.521523809523806,28.97322024975691,4.743734416507507,4.714048388207263,4.694647779951392,27.55933333333333,28.708494623655913,28.610651916068857,4.639239557873773,4.6900999644047845,4.696537384955601,29.0155,28.111486338797818,28.19115087714525,4.729315683351157,4.687868900183525,4.735547952866755,7.79236280094967
2007-12-14,sz000901,28.35,29.22,29.36,28.17,31522,39956972.0,4.15,1.85,0.53,1.92,4.498613764699758,-0.17505211154594313,30.004,29.657333333333334,29.641947083485192,4.674752292447897,4.623582317345714,4.627346784209959,29.869,29.915818181818185,29.59376189380444,4.6652708875208875,4.666796995493672,4.662899762744036,29.1435,29.55161904761905,28.996723083113395,4.749195281481571,4.690703564225573,4.675977873736951,27.715333333333334,28.815634408602154,28.649964695677323,4.632057970469959,4.681027332587107,4.683768119132644,28.9915,28.1181912568306,28.224883635271635,4.726336266146834,4.680304902850692,4.727779618828492,7.601592569305748
2007-12-17,sz000901,29.27,28.46,29.87,28.35,40911,52078620.0,5.2,-2.6,-0.76,2.5,4.611840095220057,0.11322633052029829,29.556000000000004,29.14266666666667,29.247964722323466,4.630838509192775,4.602611584936435,4.622177887879992,29.796999999999997,29.659636363636366,29.38762336765818,4.6746403679257265,4.65708230598443,4.653616186830585,29.224,29.48652380952381,28.945606599007355,4.728226965251201,4.677622117914952,4.669869513878199,27.831,28.863677419354836,28.637708908859434,4.6346209029453584,4.679722953538726,4.6791276014608645,28.934333333333335,28.100765027322407,28.232592368541418,4.721047118663446,4.676550930033421,4.723978322972478,7.716659467604575
2007-12-18,sz000901,28.42,27.43,28.87,27.36,24662,30502118.0,5.31,-3.62,-1.03,1.5,4.392028293417179,-0.2198118018028774,28.856,28.434,28.64197648154898,4.554119166038886,4.523008179677902,4.545461356392388,29.660000000000004,29.229272727272726,29.031691846265783,4.661121465417058,4.605698292437421,4.606054751664511,29.149,29.315666666666665,28.80126311338761,4.684104092103037,4.645603196787901,4.643408445262864,27.895,28.8378064516129,28.559792205062053,4.636270475771822,4.664071817440133,4.660605065458046,28.824499999999997,28.051442622950823,28.206277864654812,4.708163104418438,4.665763427566329,4.713094715446075,7.484329996847646
2007-12-19,sz000901,27.57,27.72,28.28,27.57,27312,33549374.0,2.59,1.06,0.29,1.67,4.4363535037706585,0.04432521035347925,28.304000000000002,28.055333333333337,28.33465098769932,4.522500306670671,4.483752958921826,4.509092072185145,29.476,28.87654545454545,28.793202419672003,4.633222510954377,4.5648313903198945,4.575199979320175,29.1375,29.179571428571425,28.698285674017363,4.663356709072855,4.622007902661009,4.62368892702551,27.978666666666665,28.826516129032257,28.505612062799987,4.642756574475972,4.6511739482787675,4.646137222768537,28.711,28.01522950819672,28.19033432810875,4.697964546766455,4.656851637381156,4.704021233096062,7.525684421051
2007-12-20,sz000901,28.22,28.6,28.75,27.75,23650,29637210.0,3.61,3.17,0.88,1.44,4.37383114507383,-0.0625223586968282,28.286,28.154,28.42310065846622,4.4625333604362964,4.43419657172288,4.464005096481373,29.266,28.717272727272725,28.758074707004365,4.584753108753265,4.5176693237961585,4.538587464002657,29.168,29.12838095238095,28.688925133634758,4.640444226628456,4.594434039423007,4.599892947792016,28.121333333333332,28.866602150537634,28.51170160713547,4.640668256144783,4.633823920575405,4.628569088723718,28.64316666666667,28.01159016393443,28.203765989482232,4.689937725748454,4.646224312735496,4.693195328570742,7.471837317436993
2007-12-21,sz000901,28.35,28.8,29.2,28.24,24152,30639674.0,3.36,0.7,0.2,1.47,4.382953100015041,0.00912195494121093,28.202000000000005,28.325333333333333,28.54873377231081,4.439401227499353,4.407669818249128,4.436987764325929,29.103,28.632545454545454,28.765697487549026,4.557076759973624,4.480978413116481,4.5102903069139995,29.180500000000002,29.09333333333333,28.69950369233621,4.626011026833676,4.569911074983634,4.579232009908495,28.285666666666668,28.910387096774194,28.530301503449316,4.641659882148371,4.6171971363089686,4.612722895903803,28.562166666666666,28.01673224043716,28.22331464556478,4.684003834719618,4.6361592430393195,4.683023452224654,7.4862841401787685
2007-12-24,sz000901,28.98,29.45,29.96,28.98,32536,42425680.0,3.4,2.26,0.65,1.99,4.512364159396531,0.1294110593814901,28.400000000000006,28.741333333333333,28.84915584820721,4.419506040334648,4.431990795548187,4.462113229349463,28.977999999999998,28.695636363636364,28.890116126176476,4.525172274763711,4.4728488493751914,4.510667371001732,29.190499999999997,29.119,28.770979531161334,4.603824176439912,4.559087563799144,4.572863643193069,28.435,28.98550537634409,28.589636890323554,4.641587538418909,4.608855476776593,4.606248138709787,28.464833333333335,28.04584153005465,28.263533837513478,4.673346081707362,4.630531712700858,4.677428065574551,7.627628811929748
2007-12-25,sz000901,30.1,31.51,32.27,30.07,114871,159275856.0,7.47,6.99,2.06,7.01,5.060210401798538,0.5478462424020067,29.216,29.778000000000002,29.73610389880481,4.5531424620109195,4.645558916036151,4.661478953499156,29.036,29.156,29.366458648689843,4.5536308140249036,4.570128508836069,4.6105842856920605,29.3205,29.33990476190476,29.031838623431682,4.624311549155804,4.602552918595204,4.619277620203114,28.644,29.183892473118277,28.778047413528487,4.66382685522838,4.635863403446246,4.635536026650996,28.39466666666667,28.145683060109288,28.369975351037624,4.675704917687939,4.643215788769421,4.689978306106485,8.202149947799457
2007-12-26,sz000901,31.51,31.6,31.89,30.81,64624,89384320.0,3.43,0.29,0.09,3.94,4.810393835825913,-0.24981656597262525,29.992,30.57266666666667,30.357402599203212,4.627950528421971,4.731309373974481,4.711117247608075,29.148000000000003,29.622181818181822,29.77255707620078,4.575225417546321,4.616812694618071,4.646913294807306,29.491000000000003,29.557000000000006,29.276425421200095,4.635137045040278,4.620275041135214,4.637479164548142,28.871,29.374602150537637,28.960108870720198,4.679304016134146,4.645319337678345,4.646817175630024,28.359666666666666,28.25077595628415,28.475877798544587,4.675362779620729,4.647631818872305,4.69392635626122,7.951261340555077
2007-12-27,sz000901,31.49,31.73,32.14,30.99,82381,114507504.0,3.64,0.41,0.13,5.03,4.915827059432076,0.10543322360616347,30.618000000000006,31.151999999999997,30.814935066135476,4.73634971129362,4.827268217644517,4.779353851549409,29.452000000000005,30.09163636363636,30.12845578961882,4.599441535864958,4.678740265870027,4.695806706557264,29.643,29.770238095238096,29.51009919060961,4.645170448518944,4.647007423458242,4.663988487870422,29.086666666666666,29.559053763440858,29.138811524222124,4.695636789626658,4.660578888858855,4.66417265200435,28.334999999999997,28.3612786885246,28.582570329739845,4.679914536323978,4.655515893620217,4.701201789152067,8.05883394815194
2007-12-28,sz000901,31.73,32.0,32.61,31.49,60896,86508368.0,3.53,0.85,0.27,3.72,4.784588766606927,-0.13123829282514965,31.258000000000003,31.612666666666666,31.209956710756984,4.816676844611997,4.843347902748952,4.781098823235249,29.73,30.554909090909085,30.46873655514267,4.628039036055675,4.712403398732203,4.711948899293566,29.799500000000002,29.994714285714288,29.74723260102774,4.646654961788281,4.6602853585142405,4.675474228702471,29.339,29.747010752688173,29.32340432911102,4.708809866339606,4.66631772608339,4.671941433591614,28.3085,28.481442622950823,28.694617204174605,4.684376806587122,4.658947835596707,4.703935788412883,7.937058119030722
2008-01-03,sz000901,32.94,33.5,34.62,32.94,102585,152696672.0,5.25,4.69,1.5,6.26,5.011083862788711,0.2264950961817842,32.068000000000005,32.36,31.97330447383799,4.916420785290432,4.908150242141191,4.8577605030864035,30.234,31.240363636363636,31.019875363298546,4.66796341281254,4.782047912683663,4.766337074474501,30.015500000000003,30.34714285714286,30.10463901997748,4.671301890369134,4.694992872895234,4.707437050996398,29.560666666666666,30.015462365591404,29.592862114329666,4.708139114438314,4.685819274241396,4.693821590314007,28.291666666666668,28.651655737704917,28.85217073846396,4.688061126800259,4.669659542357416,4.714006217080943,8.1838295717795
2008-01-04,sz000901,33.91,34.06,34.24,32.83,78181,115774208.0,4.21,1.67,0.56,4.77,4.893101221119308,-0.11798264166940253,32.57800000000001,33.024,32.66886964922533,4.8829989491545875,4.9003770540841485,4.869540742430706,30.897000000000002,31.936,31.572625297244265,4.718070705582753,4.822982059648531,4.789385101137193,30.278499999999998,30.732333333333333,30.48134006569391,4.689596085499906,4.716116618680965,4.725119352912866,29.73166666666667,30.305741935483876,29.881064558566464,4.695426296596276,4.697752313382106,4.706678340688543,28.301666666666666,28.840781420765026,29.02291923884219,4.689411970606883,4.6763821684006635,4.719878184426463,8.063611818710145
2008-01-07,sz000901,34.06,34.91,35.52,33.3,96287,147110352.0,6.52,2.5,0.85,5.88,4.983567655666821,0.0904664345475128,33.239999999999995,33.80133333333333,33.415913099483554,4.917633713122769,4.933899956254893,4.907549713509411,31.616000000000003,32.66563636363636,32.17942069774531,4.77279212077237,4.871254232391088,4.82469102014258,30.546000000000003,31.173428571428573,30.90311720229449,4.703007315863373,4.744113911077814,4.749733476984672,29.963666666666665,30.639827956989244,30.205512006400888,4.6998351796393605,4.716342078483432,4.724542167461336,28.295333333333335,29.0574480874317,29.215938280191626,4.690158184457592,4.686026617091153,4.728523740860573,8.167643234646565
2008-01-08,sz000901,35.18,34.38,36.73,34.33,101126,158426944.0,6.87,-1.52,-0.53,6.17,5.004862829229324,0.021295173562502434,33.77,34.181333333333335,33.7372753996557,4.935440867082218,4.962976328290412,4.939987418749382,32.194,33.168181818181814,32.57952602542798,4.835895289187919,4.913448906655989,4.857449530885623,30.73,31.53857142857143,31.23424889731406,4.710324198970592,4.772862055207905,4.774031510531782,30.17666666666667,30.924752688172042,30.47483381243954,4.705594580814944,4.736021281682785,4.742627371446368,28.300666666666665,29.25694535519126,29.385251779201734,4.69395930518522,4.696344802165636,4.737584038839875,8.199829044901225
2008-01-09,sz000901,33.84,36.64,36.64,33.5,95456,149423504.0,9.13,6.57,2.26,5.82,4.979803231681968,-0.025059597547355317,34.698,35.138,34.704850266437134,4.974483760097226,4.977763783156996,4.953259356393578,32.977999999999994,33.97654545454545,33.31779402080471,4.895580302354611,4.939613987109453,4.87969565830314,31.0405,32.10142857142857,31.749082335665104,4.7263285311641186,4.79852672498994,4.79362881730799,30.44633333333333,31.341741935483874,30.872586469701506,4.715867452007321,4.753712162383883,4.757929039848665,28.383166666666668,29.53036612021858,29.623112376604954,4.69183682094523,4.705716734181923,4.745525651719944,8.174418916452868
2008-01-10,sz000901,36.86,38.32,38.88,36.21,98282,164744800.0,7.29,4.59,1.68,6.0,4.992473985619664,0.012670753937695345,35.662,36.345333333333336,35.90990017762476,4.970761784663417,4.983760524997808,4.9663308994689395,33.864999999999995,34.947818181818185,34.22728601702203,4.943591284976925,4.9572310204303704,4.900200808724326,31.421499999999998,32.794714285714285,32.374884017982716,4.7343817798703185,4.8238739111285645,4.812566452385292,30.74866666666667,31.849720430107524,31.353064761978832,4.717079879285582,4.7715577451975815,4.773060971833891,28.5285,29.856163934426235,29.908256233109707,4.6891586336599005,4.715573690400756,4.75362231840518,8.216811715424187
2008-01-11,sz000901,38.81,38.65,39.28,37.42,72008,122480072.0,4.85,0.86,0.33,4.39,4.85738074869307,-0.13509323692659336,36.58,37.34133333333333,36.82326678508318,4.96361769017817,4.945966846341025,4.93001418254365,34.579,35.81781818181818,35.031415832108934,4.923308319666377,4.94155637746967,4.892415343264097,31.807500000000005,33.48314285714285,32.972514111508175,4.738469566845641,4.835588098635493,4.81683448060508,31.073333333333334,32.35948387096774,31.823834777335037,4.723977139325995,4.780609414191613,4.778500957437709,28.674,30.188016393442627,30.194870782843815,4.688289758813125,4.721089169582172,4.757024234152323,8.088065432990609
2008-01-14,sz000901,39.77,38.59,39.77,38.0,69907,120513968.0,4.58,-0.16,-0.06,4.27,4.844520665147154,-0.012860083545915835,37.316,38.01133333333334,37.412177856722124,4.9358082920742365,4.906267837997353,4.901516343411485,35.278,36.54709090909091,35.678431135361855,4.926721002598502,4.9272313493752655,4.883707219970107,32.213,34.129095238095246,33.50751276755501,4.750973210072411,4.845688203235636,4.819471260085278,31.42,32.84443010752688,32.26036156589407,4.732331697559686,4.788386415857494,4.7827602934189635,28.8335,30.513131147540985,30.470120921111228,4.690842804493171,4.72621149438001,4.759892969594777,8.081037386112223
2008-01-15,sz000901,38.63,38.16,38.79,36.86,89328,148736720.0,5.0,-1.11,-0.43,5.45,4.950987610506354,0.10646694535919998,38.072,38.29266666666667,37.66145190448142,4.925033248329642,4.911327610808059,4.9180067657764415,35.921,37.071090909090906,36.12962547438697,4.93023705770593,4.931643459903966,4.895940018249425,32.6865,34.69547619047619,33.950606789692635,4.7648392967854445,4.864737193753156,4.831996626792047,31.735666666666667,33.279268817204304,32.640983400352525,4.740192651581272,4.802493248950827,4.793613668714925,28.960333333333335,30.81891803278688,30.722248104025613,4.691867261406175,4.73474083228208,4.766158367657451,8.172418200026232
2008-01-16,sz000901,37.33,38.21,39.28,37.33,84589,143789680.0,5.11,0.13,0.05,5.16,4.927313890817926,-0.023673719688428463,38.386,38.33866666666666,37.84430126965428,4.914535380156834,4.912087824970822,4.92110914079027,36.541999999999994,37.487272727272725,36.50787538813479,4.94450957012703,4.931111975015238,4.901644358716425,33.136,35.22152380952381,34.356263285912384,4.786274303091353,4.880210964613392,4.8410744614611785,32.047000000000004,33.69696774193548,33.00027479387817,4.745939831234531,4.814565586966096,4.802239489495764,29.110500000000002,31.12218579234973,30.967748166188706,4.696304592236703,4.742460393902138,4.771442155302057,8.157727717202034
2008-01-17,sz000901,38.12,39.44,41.3,37.31,148055,258031920.0,10.44,3.22,1.23,9.03,5.170423078633406,0.24310918781548008,38.61,38.68999999999999,38.37620084643619,4.950125198759582,4.9973837244630115,5.004213786737982,37.135999999999996,38.014181818181825,37.04098895392846,4.9604434917115,4.9721871583800334,4.950513216883148,33.685,35.82190476190476,34.84042868725406,4.81420345226202,4.9167965622840635,4.872440996429962,32.388999999999996,34.17393548387097,33.415740936208614,4.767682424149922,4.841951602927314,4.8259932694401275,29.2715,31.460857923497265,31.245526914838255,4.704623114869563,4.758005262308587,4.784523497050626,8.411673433956956
2008-01-18,sz000901,38.5,38.41,39.12,36.64,64857,108643744.0,6.29,-2.61,-1.03,3.96,4.811956856246018,-0.35846622238738757,38.562,38.62333333333333,38.38746723095746,4.941040420270172,4.951327610291824,4.940128143240662,37.571,38.24581818181818,37.28990005321419,4.952329055224171,4.9451895882954,4.92532115131276,34.233999999999995,36.27190476190476,35.180387859896534,4.835199880403462,4.91658260075873,4.866680602126729,32.70933333333333,34.562387096774195,33.73795119838871,4.777173742074662,4.844808017901256,4.8250876943953465,29.42866666666667,31.76048087431694,31.4804276717288,4.706354240541056,4.76152440137011,4.7854229514504745,8.036004723528132
2008-01-21,sz000901,37.87,37.76,38.83,36.86,73252,123192184.0,5.13,-1.69,-0.65,4.47,4.864819486734081,0.052862630488062834,38.396,38.355999999999995,38.17831148730498,4.945100184587557,4.92592063244646,4.915025257738469,37.856,38.280181818181816,37.37537277081161,4.940454238330896,4.929278757660839,4.914320848662091,34.736000000000004,36.60771428571429,35.42606520657306,4.856623179551633,4.91940351564736,4.866503353041715,32.98266666666667,34.888236559139784,33.9974382178475,4.7821562900192145,4.850462582072831,4.827651035836555,29.615666666666666,32.03363934426229,31.686315289049166,4.705845939466258,4.766719983212505,4.78802611654174,8.090583154635635
2008-01-22,sz000901,36.86,34.02,37.31,34.02,65484,100898016.0,8.71,-9.9,-3.74,4.0,4.816135199830771,-0.048684286903310614,37.568,36.897333333333336,36.792207658203324,4.918129702452441,4.882932304194198,4.882061905102569,37.82,37.58272727272727,36.76530499430041,4.921581475391041,4.906675296115362,4.896468912510941,35.007,36.53952380952381,35.292154234518485,4.87873838228948,4.915547517578706,4.861706386069244,33.093333333333334,34.95516129032258,33.998893816696054,4.780743291110741,4.852654769802609,4.826908078674893,29.739666666666665,32.17804371584699,31.762829541867223,4.7082608984976,4.770336024535933,4.788947725829905,8.003882626606352
2008-01-23,sz000901,32.79,34.62,35.29,31.06,63002,93408528.0,12.43,1.76,0.6,3.84,4.799354336361152,-0.016780863469618268,36.85,35.91466666666667,36.06813843880222,4.892537791561085,4.843340515497101,4.854492715522097,37.618,37.0009090909091,36.37524954079124,4.90353658585896,4.884452179928108,4.878811716847343,35.297999999999995,36.50266666666667,35.228139545516726,4.899558444106786,4.907987132252199,4.855768095620854,33.233,35.053655913978496,34.03896518336082,4.7853978827290655,4.85385548239941,4.825130417880458,29.917333333333332,32.33805464480874,31.856507261806,4.709924567095262,4.77332269462982,4.789288926175192,7.970386528202987
2008-01-24,sz000901,34.62,38.03,38.05,33.95,89434,144020832.0,11.84,9.85,3.41,5.46,4.951502655319874,0.15214831895872205,36.568,36.308,36.72209229253482,4.84875370689838,4.862995470083365,4.8868293621213565,37.589000000000006,37.07581818181818,36.67611326064738,4.899439452828981,4.893173283466458,4.892028251115076,35.727,36.76285714285714,35.494983398324656,4.921515368902953,4.912934199986779,4.8648856727350465,33.477333333333334,35.36313978494623,34.296451300563355,4.789401004189872,4.864571919340751,4.833283465457194,30.187666666666665,32.604043715847,32.05891685977957,4.7126638007824955,4.7812432876863635,4.794607409097968,8.158425315486182
2008-01-25,sz000901,37.49,37.49,39.21,36.91,72774,122929056.0,6.05,-1.42,-0.54,4.44,4.8619762464369805,-0.08952640888289398,36.384,36.61533333333333,36.97806152835655,4.858757584936571,4.867402983262898,4.8785449902265645,37.473,37.057818181818185,36.8240926678024,4.899899002603371,4.886361791395184,4.886564250264513,36.025999999999996,36.93076190476191,35.6849849794366,4.911603661134874,4.907263807370973,4.8646085845161835,33.696,35.622021505376345,34.502486700527015,4.792279378764884,4.869254193034114,4.83513461261718,30.438499999999998,32.84346448087432,32.236985159458925,4.717234514746475,4.786138777707821,4.796816223436951,8.089654546588868
2008-01-28,sz000901,37.31,33.77,37.87,33.77,74630,113703144.0,10.94,-9.92,-3.72,4.55,4.872913441620395,0.010937195183414516,35.586,35.74400000000001,35.90870768557103,4.860376375913835,4.872121602157506,4.876667807357842,36.991,36.38454545454545,36.26880309183832,4.902738280250696,4.881455325761915,4.884082285056492,36.1345,36.71590476190476,35.502605457585496,4.914729641424599,4.903579024560069,4.865399523288014,33.80566666666667,35.62679569892473,34.455229494041404,4.801561566798506,4.874456390637695,4.83757195642384,30.6215,32.95269398907104,32.28724794111601,4.72179011492777,4.791243004818443,4.799311214197064,8.05577247350896
2008-01-29,sz000901,33.73,33.93,35.5,32.87,31647,47447528.0,7.79,0.47,0.16,1.93,4.500332547048551,-0.3725808945718443,35.568000000000005,35.192,35.24913845704735,4.797215845357391,4.7521069925357455,4.751222720588078,36.568,35.827999999999996,35.843566166049534,4.857672773904915,4.808290646997889,4.814309605418684,36.2445,36.50595238095238,35.35283350924402,4.893954915805423,4.864112634619493,4.830631239836636,33.980333333333334,35.63481720430107,34.42134372023228,4.795783789158602,4.855022260331246,4.815814575173821,30.769833333333334,33.061169398907104,32.3411086643581,4.717511673516187,4.7839821009535495,4.789508634946293,7.6762135907585645
2008-01-30,sz000901,31.73,33.91,35.03,31.73,28506,42730240.0,9.73,-0.06,-0.02,1.74,4.454936280802849,-0.045396266245701256,35.426,34.639333333333326,34.8027589713649,4.7283322342457295,4.638013804350899,4.652460573993002,36.138,35.344727272727276,35.49200868131325,4.810435012903407,4.7350658300702415,4.748969000943077,36.339999999999996,36.28361904761905,35.21542079407792,4.877472291515219,4.822301336047819,4.794850767547704,34.13666666666666,35.63027956989247,34.388353802797944,4.7943278730287044,4.833032098501843,4.792532104569243,30.926,33.164125683060114,32.392547724543086,4.713192921749333,4.77537307168426,4.778539049564541,7.630735332095992
2008-01-31,sz000901,33.93,32.74,34.85,32.61,17433,25805156.0,6.61,-3.45,-1.17,1.06,4.241372130158435,-0.21356415064441414,34.36800000000001,33.744,34.1151726475766,4.586306129213442,4.475693769655133,4.515431092714813,35.468,34.72690909090909,34.99164346652903,4.717529918055911,4.631599851389336,4.656678660800415,36.302,35.94076190476191,34.97966643273717,4.838986704883705,4.761720368299555,4.742138516367774,34.279333333333334,35.540172043010756,34.28200839616582,4.781978940859983,4.797357534445697,4.756973396542739,31.055166666666665,33.22360109289618,32.40393960242692,4.708299921902671,4.759903537533739,4.760927019420079,7.4117064888558595
2008-02-01,sz000901,32.74,29.9,33.84,29.49,54379,72687184.0,13.29,-8.67,-2.84,3.32,4.735431216887467,0.494059086729032,32.85,32.254666666666665,32.7101150983844,4.560997123303539,4.5254021322131415,4.588764467439032,34.617,33.71454545454545,34.065890108978294,4.709877354120056,4.634854632995075,4.670997307361697,36.094,35.331047619047624,34.49588867723839,4.831103204672113,4.751857940871342,4.741499725941078,34.361666666666665,35.25763440860215,33.99929817705835,4.79342570497566,4.794354455479728,4.755583578500464,31.128333333333334,33.18572677595629,32.321843222019474,4.7148480903737395,4.760793088188978,4.7600910914681895,7.861457844026373
2008-02-04,sz000901,30.55,32.65,32.85,30.55,27414,38747980.0,7.69,9.2,2.75,1.67,4.437972408439348,-0.2974588084481189,32.626,32.188,32.69007673225627,4.47400891666733,4.484393893925077,4.538500447772471,34.106,33.35690909090909,33.80845554370951,4.667192646290582,4.585417370144037,4.62862914392127,35.981,35.00304761904762,34.32008975559664,4.8038234423107395,4.714416912658698,4.7125923623694845,34.525999999999996,35.14720430107527,33.912246681764266,4.793479668464617,4.771421984735449,4.735092535270715,31.252333333333333,33.235617486338796,32.33260246064178,4.718118121470294,4.751715196978014,4.749529823172161,7.588249066901168
2008-02-05,sz000901,32.56,33.99,34.69,32.0,30770,46079724.0,8.24,4.1,1.34,1.88,4.488127496247459,0.05015508780811029,32.638,32.64266666666666,33.12338448817085,4.4715679065071114,4.489100087118454,4.5217094639308,34.103,33.33581818181818,33.84146362667142,4.634391875932251,4.552860070136196,4.603083389798758,35.9615,34.81342857142857,34.28865263601601,4.777986675661646,4.684350632081242,4.691214756072149,34.705666666666666,35.112623655913985,33.91726302487625,4.79728954683707,4.751721844592407,4.719159306946634,31.4135,33.325377049180325,32.386943363571554,4.718978901490927,4.7441745207412005,4.74095925507627,7.663509869164375
2008-02-13,sz000901,34.02,34.55,35.88,33.08,35580,54976388.0,8.24,1.65,0.56,2.17,4.551205943747906,0.06307844750044733,32.766000000000005,33.28,33.5989229921139,4.490821839096123,4.515646099532051,4.531541623869836,34.096000000000004,33.41709090909091,33.97028842182207,4.6095770366709266,4.537735355193588,4.593651126880421,35.857,34.679,34.313542861157345,4.756556811264943,4.662752467137076,4.6778805834698405,34.897333333333336,35.10258064516129,33.95808476520681,4.802897974961499,4.735845483102784,4.708323606095103,31.5915,33.4282131147541,32.45786325329052,4.722278928554936,4.738673768028313,4.734737835032717,7.74017620289197
2008-02-14,sz000901,34.55,35.07,35.67,34.55,19988,31068988.0,3.24,1.51,0.52,1.22,4.300769340770549,-0.2504366029773566,33.232000000000006,34.048,34.0892819947426,4.502701281218546,4.4522952667568605,4.454617529503407,33.8,33.594181818181816,34.170235981490784,4.544503705215994,4.481588501393519,4.540399893042262,35.6945,34.60404761904762,34.38558639818998,4.721971579022488,4.619344136613801,4.641965227022289,35.084666666666664,35.11372043010753,34.02982123196767,4.795844814340634,4.703450087348529,4.6820297825257775,31.759833333333333,33.54226229508197,32.54350708105149,4.718716176379771,4.72485378154358,4.720509359811007,7.4923271073530255
2008-02-15,sz000901,35.07,34.4,35.07,33.23,22654,34110556.0,5.25,-1.91,-0.67,1.38,4.355144896174567,0.054375555404017284,34.132000000000005,34.43733333333333,34.19285466316173,4.426644017075966,4.403109805075534,4.42145998506046,33.491,33.703272727272726,34.21201125758337,4.493820570189753,4.4471596270223515,4.506717166339045,35.482,34.4807619047619,34.38695912217189,4.696859786396562,4.584408262056856,4.614649005036792,35.181000000000004,35.06954838709677,34.053703733131044,4.772342630819834,4.67501783456362,4.660940435019248,31.9125,33.62882513661202,32.60437570134488,4.718084743024106,4.712933411700786,4.708530197068828,7.532888798438883
2008-02-18,sz000901,34.96,36.19,36.64,34.67,36210,57500540.0,5.73,5.2,1.79,2.21,4.558828524817011,0.2036836286424446,34.839999999999996,35.12333333333333,34.858569775441154,4.450815240351498,4.447171307655882,4.467249498312644,33.733,34.193999999999996,34.571645574386395,4.462412078509415,4.458979255136398,4.516191958789584,35.362,34.54819047619048,34.55867730101266,4.682575179380056,4.571262427620709,4.609332768825385,35.333999999999996,35.13464516129032,34.191529298735496,4.76395712045287,4.661242730950535,4.654352569844911,32.1025,33.76907103825136,32.721937153759804,4.7216305682935085,4.707711896349734,4.703621945519587,7.759671923262135
2008-02-19,sz000901,36.41,36.41,37.87,35.81,28660,46773168.0,5.69,0.61,0.22,1.75,4.457276186061326,-0.10155233875568559,35.324,35.64666666666666,35.37571318362744,4.444644978314272,4.4493249562258255,4.463925060895539,33.980999999999995,34.680727272727275,34.90589183358887,4.458106442410692,4.458045456509472,4.505480000111719,35.274499999999996,34.647999999999996,34.73499374853526,4.657889608157804,4.549805380637971,4.5948511895145225,35.49,35.20406451612903,34.33465644075256,4.748672091340512,4.6414568642155976,4.64163796443952,32.288333333333334,33.910300546448084,32.84285724707915,4.7221544404835845,4.699044539555237,4.6955450353734145,7.669996786165161
2008-02-20,sz000901,36.75,35.59,36.86,35.52,35478,56589840.0,3.68,-2.25,-0.82,2.16,4.549959129382749,0.09268294332142357,35.532000000000004,35.73533333333333,35.4471421224183,4.44439561544124,4.484429673248652,4.492603083724609,34.149,34.97327272727273,35.030275136572705,4.467608727268682,4.474745945049847,4.513567114524633,35.1435,34.67804761904762,34.81642291534143,4.639021870086045,4.5395262874213,4.590575755216259,35.60966666666666,35.21051612903225,34.41564634780079,4.74085110343304,4.628636673121549,4.63572320088747,32.474333333333334,34.018551912568306,32.93292750127328,4.724830484886323,4.69339879165029,4.690771726980278,7.752738466029067
2008-02-21,sz000901,35.74,36.17,36.64,35.2,26121,41607464.0,4.05,1.63,0.58,1.59,4.416989799179172,-0.13296933020357748,35.752,35.948,35.68809474827887,4.467639707122965,4.475294401161295,4.467398655542797,34.492000000000004,35.34072727272727,35.237497839014026,4.485170494170755,4.465542503579027,4.49600760264364,34.98,34.77580952380952,34.94533501864225,4.601350206113333,4.518380375906359,4.574043759403203,35.69866666666667,35.24666666666666,34.52883045439429,4.721047967979389,4.607742395427751,4.621611368519193,32.629666666666665,34.13972131147541,33.039061025821695,4.714593541208852,4.683305654413991,4.681795270331061,7.6191712460892695
2008-02-22,sz000901,36.21,35.07,36.57,34.51,26571,41595704.0,5.7,-3.04,-1.1,1.62,4.424407899397461,0.0074181002182891476,35.886,35.72066666666667,35.48206316551925,4.481492307767544,4.460883798586127,4.453068403494352,35.009,35.44581818181818,35.20704368646602,4.454068162421755,4.454494759074791,4.482989474780698,34.813,34.78438095238095,34.957207874009654,4.581972758270906,4.501528727647705,4.559792725116942,35.73233333333334,35.20610752688172,34.56374461862692,4.705424857255327,4.5886043264869825,4.608888564059726,32.732,34.21973224043715,33.10564918890951,4.7004255769258005,4.673791371075913,4.673356340136516,7.619048479053736
2008-02-25,sz000901,34.62,32.72,35.45,32.61,27790,41470288.0,8.1,-6.7,-2.35,1.7,4.443888546777372,0.019480647379911176,35.192,34.665333333333336,34.5613754436795,4.458504312159616,4.448349211589403,4.450008451255359,35.016,35.029636363636364,34.75485392529038,4.454659776255557,4.452643919866722,4.47588021514373,34.561,34.585047619047614,34.744140457437304,4.56092621127307,4.488377850362607,4.548754231941745,35.65933333333333,35.011763440860214,34.44479335290905,4.687435553625678,4.5717310161335645,4.598243401654413,32.8115,34.2193387978142,33.09300495320756,4.693635366632519,4.665380320907111,4.66583280592802,7.617737051432899
2008-02-26,sz000901,33.7,34.06,34.31,31.93,25987,38081960.0,7.27,4.1,1.34,1.59,4.414756146424954,-0.029132400352418486,34.722,34.288,34.394250295786335,4.450000304232342,4.433766489677849,4.438257682978557,35.022999999999996,34.85581818181819,34.62851684796485,4.447322641273307,4.445388714442975,4.464766748103952,34.563,34.537333333333336,34.67898422339565,4.540857258602779,4.474456891805643,4.5359925095115745,35.64866666666667,34.90858064516129,34.419967975302015,4.6677653308655325,4.554138796314163,4.586405514220255,32.91266666666667,34.260273224043715,33.1247097088401,4.686679955840238,4.6562367399167,4.657600784304969,7.580719292529636
2008-02-27,sz000901,34.06,35.63,35.83,33.91,30180,47019024.0,5.64,4.61,1.57,1.84,4.479719235439571,0.06496308901461756,34.730000000000004,34.59066666666667,34.80616686385756,4.435952325443706,4.443672800080259,4.452078200465563,35.13099999999999,34.966181818181816,34.81060469378942,4.440173970442473,4.451279004291387,4.467485382164973,34.6135,34.63895238095238,34.76955715450083,4.5248755035567,4.468634222932956,4.530633150076145,35.615,34.90737634408602,34.49803455754059,4.65109586432412,4.542006790157649,4.579522528492469,33.03066666666667,34.349366120218576,33.20685037412403,4.68348165816572,4.649451142526514,4.651768602374955,7.672273609990674
2008-02-28,sz000901,35.63,35.52,36.19,35.05,21163,33442654.0,3.2,-0.31,-0.11,1.29,4.325577231940418,-0.1541420034991532,34.6,34.854000000000006,35.04411124257171,4.417669811995955,4.40688110224583,4.409911210957182,35.176,35.03690909090909,34.93958565855498,4.44265475955946,4.43044323365465,4.4416839003059625,34.48800000000001,34.72528571428571,34.84102790169123,4.493579232387727,4.449653435159977,4.5111040150156,35.52166666666667,34.90124731182796,34.56396781189281,4.628865972534812,4.5210055880683795,4.563138960972982,33.13516666666667,34.430983606557376,33.28269134546423,4.672972925910197,4.637716571174864,4.641073803344314,7.524300735627566
2008-02-29,sz000901,35.63,36.91,37.31,35.14,49792,81122552.0,6.11,3.91,1.39,3.04,4.697159570973576,0.37158233903315807,34.968,35.624,35.66607416171448,4.472220146311178,4.50004435523837,4.50566066429598,35.427,35.35218181818182,35.29784281154498,4.476856227039361,4.476716835729944,4.488134022245529,34.459,34.95595238095238,35.03807286343492,4.485338398614557,4.469042038834821,4.528823591773502,35.46366666666667,34.990817204301074,34.71532472725457,4.623525266610828,4.5254116266773305,4.571785451940762,33.2685,34.554748633879775,33.40161949807196,4.673751202968412,4.638509575931041,4.642912680971503,7.909141604490303
2008-03-03,sz000901,36.39,38.14,38.21,36.26,46194,77162360.0,5.28,3.33,1.23,2.82,4.664585570012582,-0.032574000960994276,36.05200000000001,36.681333333333335,36.490716107809654,4.51635955095822,4.564166163138838,4.558635632868181,35.622,35.845454545454544,35.81459866399135,4.487431931558918,4.510849443543257,4.520216121839538,34.677499999999995,35.30652380952381,35.333494495488736,4.474922005034166,4.486113198015584,4.541753303986748,35.44866666666667,35.16348387096774,34.936271519044595,4.617527430106343,4.528060678509702,4.5777725563324925,33.434333333333335,34.7144699453552,33.5569762358401,4.674929563833015,4.638209063375112,4.64362326749744,7.88740550201103
2008-03-04,sz000901,38.43,37.42,39.33,37.13,47511,80638016.0,5.77,-1.89,-0.72,2.9,4.676794171440283,0.012208601427701637,36.724000000000004,37.13733333333334,36.800477405206436,4.568767155961287,4.617644369966192,4.598021812392215,35.723,36.172363636363634,36.106489815992916,4.509383730096813,4.545278941703505,4.548684858130582,34.852,35.56771428571428,35.53220930544219,4.483745086253753,4.505339118625691,4.554614338982322,35.424,35.29066666666667,35.09651206620301,4.608387648804141,4.531884339240924,4.584161047629769,33.57983333333333,34.84514754098361,33.6836327526978,4.674290150192706,4.638270198050759,4.644710838118517,7.906539833947038
2008-03-05,sz000901,37.42,37.65,38.41,35.92,40776,67082676.0,6.65,0.61,0.23,2.49,4.610404620580652,-0.06638955085963172,37.128,37.446000000000005,37.08365160347096,4.594904232989502,4.631523524839314,4.602149415121694,35.929,36.52272727272727,36.387128031266926,4.515428279216604,4.56364637633693,4.5599066331215035,35.039,35.83419047619048,35.733903657304836,4.491518503242643,4.517401931418728,4.559927699134544,35.40533333333333,35.434279569892475,35.26125322322218,4.597824006462899,4.532014466452312,4.5858541813685365,33.726166666666664,34.9785956284153,33.81367758047819,4.671881918848714,4.636175590522497,4.643586044100881,7.826610378752967
2008-03-06,sz000901,37.65,38.77,39.1,36.86,55811,93716352.0,5.95,2.97,1.12,3.41,4.746719804107614,0.13631518352696226,37.778000000000006,37.99333333333333,37.64576773564731,4.679132747422942,4.682128715212017,4.650339544783668,36.189,37.03927272727273,36.82037748012748,4.548401279709448,4.605699380862568,4.593872664209887,35.340500000000006,36.18952380952381,36.02305568994247,4.516785886940101,4.541706817215394,4.577717423417694,35.383,35.65135483870968,35.487623983014295,4.583700563978706,4.5416206469455185,4.596232608642025,33.885999999999996,35.143967213114756,33.97617995488874,4.6756914940643135,4.638629291678526,4.6469674788552,7.9718153749195375
2008-03-07,sz000901,38.65,37.31,38.65,36.97,29503,49252408.0,4.33,-3.77,-1.46,1.8,4.469866179273143,-0.2768536248344713,37.858000000000004,37.837333333333326,37.53384515709821,4.633674069082855,4.612373192495418,4.59018175628016,36.413,37.24309090909092,36.90939975646794,4.552947107697017,4.59142027169233,4.571326030585024,35.711,36.377095238095244,36.145621814709855,4.5035076350593854,4.537238273628064,4.567445876356308,35.346333333333334,35.77567741935484,35.60519662927144,4.572297541412942,4.534276493093547,4.5880799357795174,34.027833333333334,35.25622950819672,34.085485530138286,4.674735641743802,4.631880920701765,4.641160878868903,7.692427468448805
2008-03-10,sz000901,37.94,37.56,39.37,37.09,85474,145236832.0,6.11,0.67,0.25,5.22,4.931834028485627,0.4619678492124839,37.742000000000004,37.73799999999999,37.54256343806548,4.687123760777464,4.711759845629675,4.704065847015316,36.897000000000006,37.45163636363637,37.02769070983741,4.601741655867842,4.660308802744805,4.636872939294225,35.9565,36.55319047619048,36.28032449902321,4.5282007160617,4.578031263478182,4.602149509892433,35.339666666666666,35.91849462365591,35.73131297577006,4.574531359471327,4.557472395485333,4.610257619179912,34.16116666666667,35.37203825136613,34.199404037346866,4.678343824745271,4.640310376004776,4.650691146069451,8.162076767231188
2008-03-11,sz000901,38.21,40.87,41.05,38.21,147045,258702928.0,7.56,8.81,3.31,8.97,5.167450261693632,0.23561623320800518,38.432,38.78066666666667,38.651708958710316,4.785254978828133,4.871868679268398,4.858527318574755,37.578,38.174,37.72629239895788,4.67701106739471,4.763164912894949,4.733341543366844,36.30050000000001,37.021142857142856,36.71743645149719,4.562166854334008,4.638912172585985,4.655987676730643,35.568,36.275290322580645,36.06284117088167,4.586241861533423,4.595725227886772,4.646205531600152,34.330666666666666,35.592,34.41811210169615,4.683492576322082,4.656346652626034,4.667634067893195,8.412801344089743
2008-03-12,sz000901,41.3,42.35,44.05,39.91,200627,373797312.0,10.13,3.62,1.48,12.24,5.302389379142764,0.13493911744913234,39.37200000000001,40.086666666666666,39.88447263914021,4.923651930540556,5.044246812706608,5.006481338764091,38.25,39.041636363636364,38.566966508238266,4.7592780817650295,4.876870060485504,4.836804786235193,36.6905,37.59728571428571,37.25387107516413,4.599726026103751,4.709409555901105,4.7175497436270355,35.82566666666666,36.71283870967742,36.46846432114737,4.60300969629281,4.641928293538989,4.688539973377094,34.52933333333333,35.85492896174863,34.67817400000119,4.694203789510937,4.676638351079171,4.68844571744236,8.572636174015086
2008-03-13,sz000901,41.23,38.16,41.79,38.16,187859,326743872.0,8.57,-9.89,-4.19,11.46,5.273832006195822,-0.02855737294694194,39.25000000000001,39.68266666666667,39.309648426093474,5.029074370958197,5.160973504591698,5.0955982279080025,38.513999999999996,39.025272727272736,38.492972597649484,4.85410355919057,4.970425319472921,4.91626428077349,36.845000000000006,37.73723809523809,37.34016906800564,4.648379159375015,4.773610125433684,4.770529006728824,35.83,36.863440860215064,36.5775956552669,4.613754007988674,4.685207152242408,4.72630074968798,34.653666666666666,35.973967213114754,34.79233222950935,4.701577506089274,4.695642554904905,4.707638710516244,8.514207451244038
2008-03-14,sz000901,36.75,35.52,37.6,34.96,92130,146659920.0,6.92,-6.92,-2.64,5.62,4.964401071162731,-0.3094309350330908,38.89200000000001,38.43933333333334,38.04643228406232,5.127981349336116,5.139415737993208,5.0518658423262455,38.375,38.48090909090909,37.952432125349574,4.880827709209485,4.990479412558767,4.925016424480624,36.900999999999996,37.611047619047625,37.166819632957484,4.678841968124423,4.803707450365846,4.7889930128653875,35.76433333333333,36.84344086021505,36.50936367750774,4.617168168812866,4.707829543414929,4.741662060750868,34.73016666666667,36.00237158469945,34.81619018919756,4.704723773788875,4.704259720972888,4.716057148570227,8.16631144376086
2008-03-17,sz000901,35.18,32.0,36.3,32.0,78582,115958000.0,12.11,-9.91,-3.52,4.8,4.895323077897911,-0.06907799326482067,37.78000000000001,36.142,36.03095485604155,5.120679159218572,5.06186298084714,4.999684920850134,37.761,37.32181818181818,36.87017173892238,4.903901459998018,4.9931149341384815,4.919617634192858,36.691500000000005,37.144285714285715,36.67474157267581,4.695666695778468,4.824324698915702,4.7991196857256275,35.705333333333336,36.60058064516129,36.21843698863628,4.617915156688783,4.725775021420414,4.751575674760355,34.7555,35.91285792349727,34.72385608463371,4.7097383617436455,4.710508878484658,4.721934720023594,8.064300716199567
2008-03-18,sz000901,31.78,28.95,31.78,28.84,67044,88246992.0,9.19,-9.53,-3.05,4.09,4.826359917407789,-0.06896316049012174,35.396,33.19866666666667,33.67063657069437,5.052461090361403,4.963756566910212,4.941909919702686,36.914,35.719818181818184,35.430140513663765,4.918858034594768,4.97901647184935,4.902661685686481,36.3185,36.407000000000004,35.939051899087644,4.7141208823457905,4.836771672404209,4.801713993504881,35.539333333333325,36.164752688172044,35.749505570014584,4.628782735700758,4.73922307049906,4.756400464608577,34.75983333333333,35.722513661202186,34.53454932776047,4.71228326242968,4.714332536047418,4.72535849698701,7.945699910886312
2008-03-19,sz000901,29.6,31.11,31.64,29.31,67662,91554816.0,8.05,7.46,2.16,4.13,4.830344830817118,0.0039849134093294936,33.148,31.77,32.81709104712958,4.958052180696274,4.889717813728784,4.904721556740831,36.26,34.66454545454545,34.644660420270355,4.940852055618415,4.962923162071596,4.889513166619324,36.0945,35.91095238095238,35.47914219441263,4.72814016741751,4.847840619877669,4.804440739915571,35.446000000000005,35.87898924731183,35.45018263001364,4.641296354034567,4.7522270766356,4.7611710688800954,34.791333333333334,35.60284699453552,34.422269021932266,4.717812113531636,4.718203407142088,4.7288006718666855,7.9616811941561565
2008-03-20,sz000901,30.37,32.87,33.28,28.82,69365,95761984.0,14.34,5.66,1.76,4.23,4.841140390612114,0.010795559794996024,32.09,31.67733333333333,32.83472736475306,4.871513857579533,4.850747217034065,4.883527834697926,35.67,34.04818181818182,34.32199488931211,4.950294114268865,4.944793768434087,4.880718116436195,35.929500000000004,35.60385714285714,35.23065246161143,4.749347696989156,4.858602545896203,4.8079359447438135,35.45033333333333,35.71279569892473,35.28371923452889,4.661288629383023,4.765120240285765,4.766330379959581,34.86483333333334,35.53985245901639,34.3713749556394,4.721633785121504,4.7222469572103,4.732483941333748,7.981193135219222
2008-03-21,sz000901,33.12,33.32,34.62,32.14,65442,97921704.0,7.54,1.37,0.45,3.99,4.815856563519181,-0.02528382709293364,31.65,32.08733333333334,32.996484909835374,4.841804956050822,4.832194785680614,4.8609707443050105,35.271,33.62090909090909,34.13981400034627,4.984893152693469,4.92035057738869,4.8689251068149195,35.842,35.35533333333333,35.048685560505575,4.768920130195243,4.864936723660967,4.808690289389086,35.56433333333334,35.57535483870967,35.157027671010894,4.663969474270746,4.775092365068741,4.769525617608588,34.962999999999994,35.48920218579235,34.336903645618435,4.728697589623204,4.725336228633175,4.735217469929991,7.990878962311271
2008-03-24,sz000901,33.73,32.49,34.85,32.49,52790,78805144.0,7.08,-2.49,-0.83,3.22,4.722551662000958,-0.09330490151822257,31.748,32.367333333333335,32.82765660655692,4.807250672871432,4.792443687663992,4.81483105020366,34.763999999999996,33.11527272727273,33.83984781846513,4.963964916045002,4.872652124535505,4.842311753212381,35.8305,35.036095238095236,34.80500122140981,4.782853285956422,4.860520679071035,4.800486610590217,35.559,35.37701075268817,34.98496136965535,4.673455449389467,4.7788718610513365,4.766495039827451,35.042500000000004,35.40812021857923,34.2763494277293,4.733467558927042,4.7251347228094955,4.734802197538875,7.896554566955302
2008-03-25,sz000901,31.62,33.32,33.77,31.26,34274,49631760.0,7.73,2.55,0.83,2.09,4.534964792394666,-0.18758686960629234,32.622,32.891333333333336,32.991771071037945,4.748971647868808,4.70168172750507,4.721542297600662,34.009,32.85272727272727,33.74533003328965,4.900716369115106,4.794652102053626,4.7864304876091595,35.7935,34.797000000000004,34.6635725336565,4.788863718254907,4.836912251112772,4.775198818381117,35.53666666666667,35.23255913978495,34.87754450709694,4.675016692594374,4.769936979954898,4.751557604509207,35.12116666666667,35.35164480874317,34.244993708787355,4.7361531197157225,4.7186264353822045,4.728250151468573,7.695759676058405
2008-03-26,sz000901,33.61,32.63,34.29,32.23,24378,35656860.0,6.18,-2.07,-0.69,1.49,4.386998072710055,-0.14796671968461084,32.926,32.894,32.8711807140253,4.660302296247395,4.58102386911882,4.6100275559704595,33.037,32.602,33.54254275450971,4.809177238471834,4.701248775434526,4.713806412172958,35.6435,34.495714285714286,34.469898959022544,4.7842276601184315,4.798639332489453,4.738227318793397,35.47266666666666,35.045032258064516,34.73254163567134,4.669543096893112,4.751355133510748,4.728037634715713,35.184999999999995,35.269967213114754,34.192043095384484,4.7362205359273055,4.707178728923001,4.717061558722391,7.552143095857969
2008-03-27,sz000901,31.71,29.47,32.16,29.4,53714,72462696.0,8.46,-9.68,-3.16,3.28,4.730087494830229,0.34308942212017435,32.246,31.742,31.7374538093502,4.638091717091018,4.604285601979765,4.650047535590383,32.168,31.953454545454548,32.80208043550794,4.754802787335275,4.686868822045143,4.716766609019734,35.340999999999994,33.907761904761905,33.9937181057823,4.804453173262923,4.7934831262715285,4.737452097463572,35.285999999999994,34.657763440860215,34.39302282046673,4.6838537020284345,4.755261223700239,4.72816988375536,35.18533333333334,35.08259016393442,34.03722201028991,4.739849258184534,4.706977645608344,4.717488638594779,7.860114488077511
2008-03-28,sz000901,28.24,30.32,30.57,27.59,42644,55022436.0,10.11,2.88,0.85,2.6,4.629857934678262,-0.10022956015196716,31.646000000000004,31.1,31.264969206233467,4.600891991322834,4.601541007842179,4.643317668619677,31.647999999999996,31.617454545454546,32.3507930835974,4.721348473686829,4.664151576107504,4.700965031866739,35.0115,33.429571428571435,33.643840190945895,4.801088091448156,4.776855008311085,4.727205034341162,35.15,34.33737634408602,34.13024715463017,4.693010803311892,4.75177762580668,4.72182717736329,35.165499999999994,34.923071038251365,33.915345878805,4.732676717065863,4.703371372706498,4.714615500761451,7.740539813933318
2008-03-31,sz000901,29.07,28.31,30.01,28.22,27827,35507756.0,5.9,-6.63,-2.01,1.7,4.444466388020193,-0.18539154665806912,30.810000000000002,29.987999999999996,30.279979470822312,4.545274936526681,4.549399140074632,4.577033908419849,31.279000000000003,31.010545454545454,31.616103432034237,4.676262804699056,4.6138093787135706,4.65432891480373,34.519999999999996,32.79133333333333,33.13585541085581,4.790082132348537,4.742891036556041,4.700277544215355,34.88733333333334,33.896086021505376,33.75474733820242,4.689198732085331,4.735742502239473,4.703932932889542,35.11066666666667,34.69830054644809,33.731564046713025,4.7265779262691,4.693921853721395,4.705758152802721,7.550323226860571
2008-04-01,sz000901,28.35,25.51,28.91,25.51,37407,44138628.0,12.01,-9.89,-2.8,2.28,4.572952879657996,0.128486491637803,29.248,28.221333333333334,28.689986313881544,4.552872553979347,4.558625121118403,4.5756735654992315,30.934999999999995,29.961636363636362,30.50590280802801,4.6509221009240775,4.595025755978833,4.6395332720499605,33.9245,31.933238095238096,32.40958346696478,4.784890067759423,4.722212060109323,4.6881513856860835,34.524,33.291096774193555,33.22282815509259,4.6930546218718865,4.728242769824807,4.695482606874603,35.007,34.38352459016394,33.46200456977161,4.7208633566062,4.68888496694726,4.701403881552074,7.644818829476072
2008-04-02,sz000901,25.98,23.0,26.31,23.0,41747,43841036.0,12.98,-9.84,-2.51,2.55,4.620625271909247,0.04767239225125053,27.322000000000003,26.138666666666666,26.793324209254365,4.599597993819185,4.581209360428371,4.5906574676359035,30.124000000000002,28.51890909090909,29.141193206568374,4.62995014503329,4.5895172416125,4.636095453842557,33.19199999999999,30.892809523809532,31.513432660587185,4.785401100325853,4.706567793837877,4.6817203272311465,34.10433333333334,32.54761290322581,32.56329085476404,4.6954101599561024,4.723569908536893,4.690653101392967,34.857,33.98985245901639,33.11898802650041,4.718130631694573,4.685598472367032,4.698755402547391,7.641880808335964
2008-04-03,sz000901,22.97,23.49,24.09,20.94,34411,34191912.0,13.7,2.13,0.49,2.1,4.536697293608185,-0.08392797830106158,26.126000000000005,24.86133333333333,25.69221613950291,4.560919953574777,4.560242460358037,4.572670742959998,29.186,27.31272727272727,28.11370353264685,4.599505835332897,4.572562177717026,4.618023061072671,32.428,29.968809523809522,30.74929621672174,4.774899974800881,4.682881717007624,4.667908609743246,33.681666666666665,31.862817204301077,31.977917251230878,4.699400409770404,4.713330368772513,4.680720468632659,34.69016666666666,33.61716393442623,32.80328350104138,4.7102241888748955,4.679649838331413,4.693442021926434,7.533923387074218
2008-04-07,sz000901,23.6,25.37,25.44,22.79,29025,31331908.0,11.28,8.0,1.88,1.77,4.4627722284106115,-0.07392506519757358,25.136000000000003,24.609333333333332,25.58481075966861,4.527502812321247,4.527526551969982,4.53603790477687,28.391000000000002,26.61890909090909,27.614848344892874,4.564197401822041,4.547701521912974,4.589795636952297,31.831,29.296619047619043,30.236982291319666,4.774545277257755,4.653155264970455,4.64837181152109,33.358333333333334,31.326580645161293,31.551600009215985,4.700679220737508,4.698064034491236,4.66665929184414,34.54533333333334,33.31158469945355,32.55956928789248,4.703052038996418,4.671536659299797,4.685879077876734,7.495986842651911
2008-04-08,sz000901,25.44,26.4,27.21,25.01,38465,44834340.0,8.67,4.06,1.03,2.35,4.585065736773767,0.12229350836315511,24.754,25.03066666666667,25.85654050644574,4.555622682071961,4.546714193454155,4.552380515442502,27.782,26.25690909090909,27.393966827639623,4.550448809299321,4.551495764631469,4.588935655101655,31.272999999999996,28.779380952380947,29.871555406432076,4.757206862672161,4.635109594448171,4.642342661545155,33.147666666666666,30.877655913978494,31.219238718298826,4.705385127070722,4.690605100041962,4.66139519151702,34.4035,33.04452459016393,32.35761619648617,4.6964103403482,4.667668255948235,4.682573722430735,7.651610780954162
2008-04-09,sz000901,26.42,24.43,26.74,23.98,30784,34759224.0,10.45,-7.46,-1.97,1.88,4.488325050357719,-0.09674068641604805,24.538000000000004,24.922666666666665,25.38102700429716,4.538697116211905,4.524281649549407,4.531028693747574,26.893,25.647454545454544,26.85506376806878,4.545784835095626,4.540200535732997,4.570642817875484,30.451,28.12766666666667,29.353312034390928,4.723250602105366,4.6095018027991745,4.6276743176225414,32.82666666666667,30.31522580645162,30.78122331711826,4.707837423868481,4.676601224124994,4.6502293759583555,34.23766666666667,32.71752459016393,32.097694353978426,4.687801377367007,4.6608457874239555,4.6762049135103085,7.541070072256495
2008-04-10,sz000901,23.87,25.1,25.33,23.15,27987,29887552.0,8.92,2.74,0.67,1.71,4.44695634779546,-0.04136870256225844,24.958000000000006,25.11,25.28735133619811,4.503963331389148,4.493701393410592,4.503004578430203,26.139999999999997,25.321454545454543,26.535961264783545,4.551780662604167,4.522231719860239,4.5481543687700245,29.588500000000003,27.61804761904762,28.94823469778227,4.680478950538001,4.583188064293471,4.610463082400915,32.47566666666667,29.8167311827957,30.41469278052999,4.706745327613677,4.659770186958993,4.637114987044621,34.04533333333333,32.417928961748636,31.86826175220864,4.678920595968898,4.652949229077349,4.668688567093429,7.4754903447338155
2008-04-11,sz000901,25.1,25.75,26.47,25.1,27733,31477906.0,5.46,2.59,0.65,1.69,4.442996851654092,-0.003959496141368035,25.410000000000004,25.374000000000002,25.441567557465408,4.48522324299833,4.473379233498907,4.483002002838166,25.768,25.250545454545453,26.393059216641078,4.5230715982865535,4.502452845142043,4.529034820203491,28.968,27.252476190476187,28.6436409170411,4.638937192810914,4.560570721542621,4.594513917567884,32.15,29.382817204301077,30.113744859205475,4.710659314937465,4.6427541562519234,4.624591236374265,33.83583333333333,32.14595081967213,31.667663006234584,4.669762643736139,4.645214024345715,4.661288838718368,7.498005834141512
2008-04-14,sz000901,25.39,23.56,25.39,23.42,24644,26343528.0,7.65,-8.5,-2.19,1.5,4.391711200121372,-0.051285651532720244,25.048000000000002,24.757333333333335,24.814378371643606,4.471011037340482,4.442208552539921,4.452571735265901,25.092000000000002,24.849090909090904,25.877957540888154,4.499256924830864,4.4785691363847375,4.5040668892794695,28.369999999999997,26.737428571428573,28.159484639227664,4.610302699258846,4.537025388905522,4.575199373049168,31.705,28.828623655913976,29.69092261022448,4.700477702575726,4.6221768585218515,4.609566717906336,33.58433333333333,31.809038251366125,31.401837989636725,4.662001484593277,4.636097583571461,4.652450227616828,7.420673936469725
2008-04-15,sz000901,23.42,25.1,25.1,23.42,21451,22703140.0,7.13,6.54,1.54,1.31,4.331447542877797,-0.060263657243575075,24.788000000000004,24.77466666666667,24.90958558109574,4.420287398561288,4.3956873877190255,4.412197004469867,24.771,24.850545454545454,25.736510715272125,4.487955040316625,4.448058339665998,4.472681553570074,28.025,26.426000000000002,27.86810514977741,4.582108922507841,4.510467754964471,4.551984913032848,31.270333333333333,28.40249462365592,29.39473405472613,4.689373101671233,4.598368461121986,4.59162354532385,33.359500000000004,31.530863387978144,31.19522035063224,4.653450265888788,4.625259749416855,4.641925549428662,7.356085927253271
2008-04-16,sz000901,25.03,24.61,25.86,24.54,18534,20562336.0,5.26,-1.95,-0.49,1.13,4.267969158685094,-0.06347838419270246,24.824000000000005,24.71533333333333,24.809723720730496,4.376216220226763,4.344914641093627,4.364121055874943,24.680999999999997,24.821272727272724,25.53169058522265,4.457456668219335,4.408060906642083,4.435461118136441,27.808000000000003,26.100761904761903,27.55780942122718,4.554189384571706,4.480549682219447,4.524935793571157,30.84333333333333,27.97279569892473,29.08604153506638,4.67574560124606,4.571181109961589,4.570742617153608,33.13366666666666,31.24399453551913,30.979311486677084,4.6420666250251,4.612621024590504,4.6296646841583815,7.313072451484733
2008-04-17,sz000901,24.61,23.65,25.42,23.49,14771,15804283.0,7.84,-3.9,-0.96,0.9,4.1694098981407,-0.0985592605443939,24.534,24.324,24.423149147153666,4.320706930295811,4.2759792003982735,4.299217336630195,24.746000000000002,24.633818181818185,25.189565024273076,4.41233513084248,4.355688766627786,4.387088169046306,27.435000000000002,25.704761904761906,27.18563709539602,4.521142637937885,4.443904016845066,4.491076184482543,30.376666666666665,27.508709677419358,28.735329177965326,4.661045777164728,4.538514290406405,4.544850183668904,32.891,30.933054644808742,30.739006192031933,4.629434891813814,4.597124082725441,4.614574363305343,7.1987747977898415
2008-04-18,sz000901,23.65,22.66,24.21,22.44,19694,19962514.0,7.48,-4.19,-0.99,1.2,4.294333933583456,0.12492403544275543,23.916000000000004,23.699333333333335,23.83543276476911,4.290974346681684,4.267188201494155,4.297589535614616,24.663,24.254545454545454,24.72964411076888,4.3880987948400065,4.334234003489783,4.370223762598515,26.924500000000002,25.250000000000004,26.754624038691638,4.493802315086452,4.422303187858929,4.472338827254058,29.839666666666666,27.010860215053764,28.343372456806275,4.645966248147256,4.514855461788258,4.528687844953715,32.61133333333333,30.59761202185792,30.474120743112852,4.614833406062981,4.586137166062152,4.604074677084953,7.3002152337236526
2008-04-21,sz000901,24.32,22.97,24.9,22.86,26948,28370784.0,9.0,1.37,0.31,1.64,4.430526538680641,0.13619260509718512,23.798000000000002,23.384,23.54695517651274,4.298737414393537,4.313705598827141,4.341901869969958,24.423,23.946727272727276,24.40970881790181,4.3848742258670095,4.3419481387335335,4.3811879037043555,26.407,24.87338095238095,26.39418365405434,4.4745358138445255,4.4162769234393275,4.46835670453278,29.361666666666668,26.567655913978495,27.99670326604458,4.644654926794173,4.500956125693638,4.5223548574522265,32.354,30.281502732240437,30.228083997437018,4.608476234103558,4.580094317951255,4.5983845741864515,7.4528713372822555
2008-04-22,sz000901,22.86,22.75,23.31,20.87,19803,19180854.0,10.62,-0.96,-0.22,1.21,4.296730987471248,-0.1337955512093929,23.328000000000003,23.034666666666666,23.281303451008494,4.2917941033122275,4.313036789853044,4.326844909137055,24.058,23.642545454545452,24.107943578283297,4.356040750936758,4.32592209538885,4.365832100752881,25.919999999999998,24.52509523809524,26.047118544144407,4.453244780118039,4.399343130451396,4.4520113981459675,28.868,26.141096774193546,27.65820628113848,4.6234848254270275,4.4785094199308695,4.507798478743776,32.103833333333334,29.966617486338798,29.982900915553834,4.599008092449177,4.569873162323966,4.588494292654805,7.282867939603717
2008-04-23,sz000901,22.75,24.07,24.36,22.75,18769,19649232.0,7.08,5.8,1.32,1.15,4.273441134312813,-0.02328985315843468,23.220000000000002,23.282,23.54420230067233,4.2928884984377715,4.306919133519906,4.309043650862308,24.022,23.64472727272727,24.10104474586815,4.3345523593322675,4.310903983275406,4.349033743218323,25.4575,24.34890476190476,25.858821539940177,4.440168597213947,4.382218973708043,4.435004706352334,28.308,25.831548387096774,27.426709101710195,4.593684521181,4.455925955988016,4.492678650070811,31.938,29.7032131147541,29.789035311765183,4.589963191357212,4.559198835827692,4.578164680905887,7.293345580427462
2008-04-24,sz000901,26.22,26.45,26.45,25.33,54856,63027828.0,4.65,9.89,2.38,3.35,4.739224136457318,0.4657830021445051,23.780000000000005,24.358666666666668,24.512801533781555,4.406851346101095,4.455697679526422,4.452437146060645,24.157,24.086181818181817,24.52812751934667,4.363779138198453,4.384480670025415,4.4199774510799585,25.1485,24.44342857142857,25.915124250422064,4.45777990040131,4.410700453635982,4.463977985409952,27.778,25.71167741935484,27.36369561127728,4.574912346424819,4.465315608586489,4.508584810482844,31.80183333333333,29.523278688524595,29.67955874416632,4.588961021358814,4.564092637306385,4.58344531879282,7.7995323411749915
2008-04-25,sz000901,26.47,26.71,28.26,25.57,47195,55743092.0,10.17,0.98,0.26,2.88,4.673895990425781,-0.06532814603153714,24.59,25.335333333333335,25.245201022521037,4.482763757469561,4.544712560967984,4.526256760849024,24.253,24.550363636363635,24.92483160673818,4.386869052075622,4.440865552248566,4.466144458233744,25.0105,24.592142857142854,25.99082670276282,4.454970325181088,4.4312829384002175,4.48397017636384,27.396333333333335,25.642774193548387,27.321521700872296,4.554914479232484,4.471701650134937,4.519250047898518,31.613166666666665,29.356333333333332,29.582196162390378,4.58433424361058,4.566877390390547,4.586410914584064,7.746191054820317
2008-04-28,sz000901,26.45,26.67,27.43,26.0,29112,34415768.0,5.35,-0.15,-0.04,1.78,4.464072042578179,-0.20982394784760228,25.330000000000005,26.02866666666667,25.72013401501403,4.4894728582490675,4.538481989337523,4.5055285214254095,24.564,24.989818181818183,25.242134950967603,4.394105136321302,4.454902459612667,4.465767655387277,24.828,24.750190476190472,26.055509873928266,4.446681030576084,4.432149768628512,4.482075116003301,27.101333333333333,25.595913978494625,27.279488042751503,4.538236844946331,4.465840847770145,4.515690176587528,31.432833333333335,29.194262295081966,29.486714321000527,4.577702506879599,4.5629343674058775,4.582399804026494,7.53675746543241
2008-04-29,sz000901,26.56,27.41,27.63,26.45,30288,36362828.0,4.42,2.77,0.74,1.85,4.481270596619722,0.017198554041542913,26.262,26.721999999999998,26.28342267667602,4.526380780078763,4.535747902127741,4.497442546490181,24.794999999999998,25.507272727272728,25.636292232609858,4.409087441695496,4.47075072512147,4.468586371974994,24.783,24.996095238095236,26.184508933554145,4.44852124100606,4.43544401301362,4.481998495109627,26.948333333333334,25.615827956989246,27.287908169025602,4.524435095570393,4.46216560594262,4.513469558525089,31.326833333333333,29.062366120218577,29.41862532686936,4.571175126129588,4.5597726654301445,4.579084092308239,7.560657651696094
2008-04-30,sz000901,27.9,28.8,28.89,27.45,51628,64281216.0,5.25,5.07,1.39,3.15,4.7128853013829275,0.23161470476320556,27.208000000000006,27.567999999999998,27.122281784450685,4.614269613492786,4.597916075895796,4.5692567981210965,25.214000000000002,26.235454545454548,26.21151182668079,4.453579055965279,4.525986699610094,4.513004359140073,24.947499999999998,25.378666666666668,26.433603320834703,4.455517862092306,4.460621542573322,4.503987714754704,26.94333333333333,25.735290322580646,27.385462480701374,4.520652608369563,4.474323683736977,4.526335090322369,31.241333333333333,28.979519125683062,29.398342529267083,4.5747176720351606,4.564418900684353,4.583471017195934,7.808084083665279
2008-06-03,sz000901,31.64,31.64,31.64,31.64,3773,5270350.0,0.0,9.86,2.84,0.19,3.5766868052009957,-1.1361984961819318,28.246000000000002,29.045333333333335,28.62818785630046,4.381762147241521,4.252055139798532,4.238400133814396,26.012999999999998,27.40381818181818,27.198509676375192,4.394306746671308,4.366551744925679,4.342764803878422,25.3795,26.01604761904762,26.92945062361235,4.4033209387568935,4.376923346678911,4.415673342416255,26.961,26.03830107526882,27.65994877226903,4.478864007515694,4.413422664177715,4.465067459024216,31.203500000000002,28.992590163934427,29.47183949552062,4.560080180775129,4.531696577181593,4.550461698769871,6.721839457341835
2008-06-04,sz000901,34.78,31.33,34.78,30.99,197213,286065024.0,11.98,-0.98,-0.31,10.08,5.294935539622323,1.7182487344213278,29.170000000000005,30.073333333333334,29.528791904200308,4.5059700570808285,4.556446270592134,4.59057860241704,26.880000000000003,28.370545454545454,27.949689735216065,4.494366907275195,4.530302434553136,4.5158867558318585,25.771500000000003,26.582761904761902,27.348550564220698,4.441232851057601,4.461839022951809,4.499412599293024,26.90966666666667,26.32017204301075,27.896726270832318,4.4939905124827,4.466072440442659,4.518607335191836,31.18,28.99673770491804,29.532762790749448,4.577639570932861,4.555790195504451,4.574870677158476,8.45646476164181
2008-06-05,sz000901,30.14,30.37,32.38,29.09,93822,127220088.0,10.5,-3.06,-0.96,4.8,4.972304686548743,-0.32263085307358086,29.910000000000004,30.473333333333336,29.809194602800204,4.607616585874942,4.711891147081437,4.717820630460941,27.619999999999997,29.005090909090914,28.389746146994963,4.548544722062005,4.617200212602872,4.598871834144019,26.021500000000003,27.020714285714288,27.636307653342538,4.4667094739645075,4.5124172929985855,4.544449940936426,26.811333333333334,26.54341935483871,28.056292317875396,4.499205449917018,4.496931419414662,4.547878132053572,31.187833333333334,28.970180327868853,29.560213191052743,4.581587462093883,4.56873003536071,4.5879013004171725,8.104555691648478
2008-06-06,sz000901,29.69,28.37,30.14,28.19,64359,82669472.0,6.42,-6.59,-2.0,3.29,4.808609287480195,-0.1636953990685477,30.102000000000004,29.959999999999997,29.32946306853347,4.6730843240470366,4.778888714283188,4.748083516134026,28.182,29.141454545454543,28.386155938450422,4.5997325520629,4.664484679042543,4.637005916568778,26.119999999999997,27.24438095238095,27.70618311492896,4.477886651499829,4.544979180000079,4.569607973940594,26.674,26.643978494623656,28.07653152317376,4.502074037432993,4.516892957321963,4.564699496919806,31.1165,28.87779234972678,29.521189807739535,4.58776474341123,4.576173373897967,4.595137627861861,7.917345163849875
2008-06-10,sz000901,26.42,25.57,27.25,25.57,38481,44118480.0,5.92,-9.87,-2.8,1.97,4.585246349458262,-0.22336293802193286,29.456,28.449333333333335,28.07630871235565,4.647556533662104,4.749609389420264,4.693804460575437,28.332,28.666545454545457,27.87412758600489,4.630913073577444,4.661850824023519,4.627595086185047,26.177000000000003,27.191999999999993,27.502737103983346,4.482732716454856,4.555203913138977,4.571097343037515,26.415666666666663,26.57275268817204,27.91481981200126,4.503750089335114,4.522258912936498,4.566025100309384,30.976166666666668,28.69593989071038,29.391642600928403,4.589383390964743,4.576090803604427,4.594813323651906,7.644620541415843
2008-06-11,sz000901,23.87,24.3,25.42,23.24,45168,48480904.0,8.53,-4.97,-1.27,2.31,4.654830860802844,0.06958451134458166,27.988,26.730666666666668,26.817539141570435,4.863185344782474,4.7520341651338445,4.68081326065124,28.117,27.93345454545455,27.22428620673127,4.6224737460119965,4.666199512609954,4.632547045206464,26.137,27.013238095238094,27.197714522651598,4.4931264421052255,4.57159421260069,4.57907196377707,26.137999999999998,26.43625806451613,27.681605630581824,4.512677848938206,4.532006059482803,4.571754504212188,30.805333333333333,28.477049180327867,29.224703499258617,4.591110472915659,4.578236622287643,4.596781111755215,7.685570709313166
2008-06-12,sz000901,23.87,24.77,24.97,23.67,48996,52752788.0,5.35,1.93,0.47,2.51,4.690160625970622,0.03532976516777797,26.676000000000005,25.658,26.135026094380294,4.742230362052133,4.694359258863227,4.683929049091034,27.923000000000002,27.32490909090909,26.778052350961946,4.624100209566481,4.6785062180569765,4.643022241709038,26.088,26.883047619047616,26.9665036157324,4.505484630821051,4.590359372968823,4.589651836366931,25.981333333333335,26.348000000000003,27.49376010602816,4.511346953309553,4.5434565612268285,4.579393608841764,30.633666666666667,28.279169398907097,29.078647646823907,4.597600327668994,4.581484168289444,4.599842735172113,7.722245417164404
2008-06-13,sz000901,25.24,24.54,26.69,24.36,87545,99290496.0,9.41,-0.93,-0.23,4.48,4.9422313470566035,0.25207072108598183,25.51,24.946,25.603350729586865,4.736215694153705,4.761026253864717,4.770029815079558,27.71,26.709818181818182,26.371133741696134,4.671916140014323,4.736348243055181,4.697423897226777,26.137,26.735619047619046,26.735408033281697,4.533010638167814,4.63195429832459,4.6232308373849955,25.788666666666664,26.25501075268817,27.30319493789731,4.52175940038883,4.571255554371802,4.602802495178206,30.469333333333335,28.07937704918033,28.92983952725591,4.607385101850361,4.592783545974285,4.611068591299473,7.996907680194357
2008-06-16,sz000901,23.98,22.68,24.52,22.48,44256,45274060.0,8.31,-7.58,-1.86,2.26,4.645972158429217,-0.29625918862738665,24.372000000000003,24.002666666666666,24.628900486391245,4.70368826834351,4.730945075289887,4.728677262862778,27.237000000000002,25.795272727272724,25.700018515933202,4.688386296195273,4.731631155494251,4.68806903562722,26.016,26.406380952380953,26.34917869677868,4.548736868945385,4.642712538349486,4.625396677484446,25.601000000000003,26.05445161290322,27.004924296742647,4.528476259402464,4.579269280696987,4.605587634742787,30.24416666666667,27.823989071038252,28.72492675587047,4.608837495743897,4.594048695370313,4.612212970549629,7.655849442066141
2008-06-17,sz000901,22.95,22.73,24.32,22.32,58790,60518564.0,8.82,0.22,0.05,3.01,4.769303460189081,0.12333130175986451,23.804000000000002,23.455333333333336,23.995933657594165,4.740499690489673,4.752816805905078,4.742219328638212,26.630000000000003,24.97581818181818,25.16001514939989,4.694028112075888,4.746343367129491,4.702838931002104,25.922000000000004,26.093428571428575,26.004495011371183,4.573803584020583,4.663718880372695,4.639102085361078,25.508333333333333,25.869225806451613,26.729122729210864,4.535021278753501,4.594806519457413,4.616149946061903,30.016166666666667,27.577622950819674,28.52837178026816,4.614037950312694,4.59930987453245,4.617363478406659,7.781888614422614
2008-06-18,sz000901,22.53,23.69,24.3,20.62,70919,70736632.0,16.19,4.22,0.96,3.63,4.850762603162047,0.08145914297296564,23.682000000000002,23.417333333333332,23.893955771729445,4.779686038961513,4.789571110129203,4.778400420146157,25.835,24.441272727272725,24.89273966769082,4.8214356918719945,4.774840547326973,4.7297341441220935,25.924,25.880857142857145,25.78406691505012,4.607871219271651,4.690095929814739,4.659260229913551,25.531333333333333,25.751913978494628,26.53305029506823,4.5426925231285935,4.615176927483771,4.631286246519977,29.817833333333336,27.370207650273226,28.369736639931496,4.619051341542348,4.607071338560297,4.625015908726509,7.849644377805047
2008-06-19,sz000901,23.51,21.36,23.51,21.36,47354,46542396.0,9.08,-9.84,-2.33,2.42,4.675356669813541,-0.17540593334850563,23.000000000000004,22.643333333333334,23.04930384781963,4.776725247730098,4.754794653746545,4.744052503368619,24.838,23.627636363636363,24.250423364474305,4.759477804891115,4.748280725134528,4.719847330611447,25.859,25.446190476190477,25.36272720885487,4.626922356083155,4.696523115580634,4.6607932241897405,25.460333333333335,25.482795698924733,26.19930511474125,4.547314502335439,4.623735904689251,4.634129499635692,29.571,27.09290163934426,28.13990920911407,4.62335745605292,4.608917414897057,4.62666642548346,7.667848736982382
2008-06-20,sz000901,21.07,20.47,22.5,19.39,63391,58538868.0,14.56,-4.17,-0.89,3.24,4.802027602869252,0.12667093305571075,22.186,21.8,22.18953589854642,4.748684498892628,4.763228772126263,4.763377536535497,23.848,22.833454545454543,23.563073661842612,4.742450096523166,4.756017052039644,4.734789198294685,25.733999999999998,24.932952380952376,24.89675318896393,4.645497409292585,4.713199805750739,4.674244117397313,25.297000000000004,25.16083870967742,25.82967252669343,4.558623014817394,4.640169007949498,4.64496163532818,29.32766666666667,26.794508196721306,27.888436776028364,4.629651117777452,4.614775452497594,4.6324159722829945,7.767444319975005
2008-06-23,sz000901,20.15,18.47,20.4,18.45,48470,40825200.0,9.53,-9.77,-2.0,2.48,4.685473019722759,-0.1165545831464927,21.344,20.56133333333333,20.949690599030948,4.756584671151336,4.742158279069641,4.737409364264585,22.857999999999997,21.855636363636364,22.637060268780317,4.730136469747423,4.745657583530479,4.725822620372517,25.52,24.241142857142858,24.28468145668165,4.6649345109051605,4.717007006744087,4.675313536666403,25.032666666666664,24.72038709677419,25.354854944326114,4.561969924249027,4.648352879233715,4.647575273031056,29.09016666666667,26.438519125683055,27.57963557025694,4.633677525659875,4.616605678790882,4.634155547608888,7.610928320994343
2008-06-24,sz000901,18.34,18.94,19.5,18.34,35264,29431730.0,6.28,2.54,0.47,1.8,4.547331572835672,-0.1381414468870874,20.586000000000002,19.759999999999998,20.2797937326873,4.712190293680655,4.672407246297752,4.674050100454948,22.195,21.14327272727273,21.96486749263844,4.726344992085164,4.712420329546525,4.693369702638545,25.2635,23.61447619047619,23.77566417509292,4.678629032831305,4.705806726927946,4.663124778206333,24.849666666666668,24.327311827956986,24.940993335014753,4.563936808331625,4.647408469465112,4.64110793753458,28.838166666666666,26.105726775956285,27.296368830248515,4.635887116100053,4.613774663944186,4.631308859911405,7.468815790722501
2008-06-25,sz000901,18.96,20.69,20.8,18.96,60845,53424732.0,9.71,9.24,1.75,3.11,4.784224895439896,0.23689332260422358,19.986000000000004,19.794666666666668,20.41652915512487,4.698882752136225,4.696418780217499,4.710775032116597,21.833999999999996,20.869636363636364,21.733073403067813,4.73928439554887,4.722943948338293,4.709888828602427,24.9755,23.17890476190476,23.481791396512644,4.680879070780433,4.715863475747812,4.674658122704767,24.702666666666666,24.058946236559144,24.666735700497675,4.575179093253107,4.6616206041172585,4.650341289657504,28.589166666666664,25.838573770491802,27.079766573519056,4.640962210433392,4.618638197693034,4.636322500420536,7.727742352245315
2008-06-26,sz000901,20.71,21.07,21.27,20.06,59339,54008428.0,5.85,1.84,0.38,3.03,4.773340223171566,-0.010884672268329787,19.928000000000004,20.156000000000002,20.634352770083247,4.71847946280783,4.72123793722928,4.731630095801587,21.464000000000002,20.730727272727275,21.61251460251003,4.747602355268964,4.729135916996966,4.7214254457968154,24.6935,22.806952380952378,23.252096977797155,4.6858512824177225,4.724669299785064,4.684056417987319,24.546666666666667,23.82458064516129,24.43468823594944,4.586190538970356,4.674405193144255,4.658276704722928,28.348333333333336,25.59204371584699,26.88272504651843,4.64842492695391,4.622978460405761,4.640814884773028,7.732461536643142
2008-06-27,sz000901,20.06,19.03,20.26,19.01,43190,36911444.0,5.93,-9.68,-2.04,2.21,4.635383204047499,-0.13795701912406688,19.640000000000004,19.85666666666667,20.09956851338883,4.6851505830434785,4.69353918430917,4.699547798550224,20.913000000000004,20.288181818181815,21.14296649296275,4.716917540968053,4.7087324349566995,4.705781401842394,24.311500000000002,22.26757142857143,22.849992503721236,4.694416840491188,4.719862816130755,4.679420873802575,24.395666666666667,23.468666666666664,24.085998672339798,4.5943129391012265,4.677578913471813,4.656799704679353,28.050333333333334,25.286524590163932,26.62525865155061,4.647395320838476,4.622550862933419,4.640636796880387,7.567161035414162
2008-06-30,sz000901,18.83,19.1,19.39,18.45,28056,23296364.0,4.94,0.37,0.07,1.43,4.448025752873446,-0.18735745117405322,19.766000000000005,19.676666666666666,19.766379008925888,4.637661129673615,4.614497574252493,4.615707116657965,20.555,19.958545454545455,20.771518039696794,4.6971229004124755,4.659843018939498,4.6589167383934935,23.896,21.771238095238097,22.49285036050969,4.692754598303875,4.696396998262399,4.657383243237896,24.195666666666668,23.12701075268817,23.764321338640457,4.598198879434415,4.668141030489376,4.643330417466069,27.733,24.993071038251365,26.37852885969649,4.643785990552824,4.616014155787025,4.634321680683438,7.367288143431209
2008-07-01,sz000901,19.12,18.27,19.21,18.0,20941,17007458.0,6.34,-4.35,-0.83,1.07,4.320997416794221,-0.12702833607922503,19.632,19.177999999999997,19.26758600595059,4.592394298465325,4.5089430032926945,4.517470550036717,20.108999999999998,19.543090909090907,20.316696577933737,4.65229229607299,4.591456567372543,4.59747686173908,23.3695,21.23542857142857,22.090674135699242,4.673160204074439,4.6609915524043375,4.625346497862307,23.984333333333332,22.74470967741935,23.40984899421204,4.599966488038052,4.650257065157751,4.62253474000337,27.413833333333333,24.682808743169396,26.11267545446054,4.637856044642056,4.605430923860514,4.6240487539985455,7.2306394071416005
2008-07-02,sz000901,18.72,18.94,19.26,18.38,28780,23749688.0,4.82,3.67,0.67,1.47,4.4590907896005865,0.1380933728063658,19.282000000000004,18.947333333333333,19.15839067063373,4.527367477297463,4.464508500337781,4.49801062989134,19.634,19.330545454545454,20.06638810921851,4.613125114716843,4.556329020741196,4.572315757713899,22.7345,20.81357142857143,21.790609932299315,4.717280403294419,4.6406039891211135,4.609512620885001,23.827333333333335,22.419268817204298,23.12147163974675,4.609622517753382,4.6411683104198485,4.611989969009642,27.102,24.4049781420765,25.877505767429046,4.635334147459054,4.599569767957515,4.618640296149431,7.375657908665374
2008-07-03,sz000901,18.49,20.29,20.62,18.29,57458,49918392.0,12.3,7.13,1.35,2.94,4.759350504982058,0.3002597153814719,19.126000000000005,19.283333333333335,19.535593780422488,4.5245695336595615,4.541836176232646,4.585123921588246,19.527,19.44981818181818,20.107044816633326,4.621524498233695,4.582915455334872,4.606322075399019,22.1825,20.580761904761903,21.647694700651762,4.6905011515624055,4.6446106654723165,4.623782895560911,23.748333333333335,22.19105376344086,22.93879605008567,4.625123070133336,4.650828180563634,4.621497100362701,26.794,24.18163387978142,25.694308857021536,4.635544659140296,4.603635878040237,4.623253745619354,7.698260587155647
2008-07-04,sz000901,20.24,20.06,20.73,19.73,41951,37283068.0,4.93,-1.13,-0.23,2.15,4.622742317710742,-0.13660818727131652,19.332000000000004,19.59466666666667,19.71039585361499,4.52204135639221,4.57456043758304,4.597663386962411,19.486,19.54672727272727,20.098491213609083,4.603595969717844,4.583136877057972,4.60930757400115,21.667,20.378619047619047,21.49648568154207,4.673023033120506,4.638157443200729,4.623683792908514,23.651333333333337,21.953096774193547,22.75306727266079,4.631530262767671,4.650674583633145,4.621577436965801,26.5065,23.960846994535515,25.509577419086405,4.638092594780923,4.603216129140907,4.623236977491202,7.571511642969689
2008-07-07,sz000901,20.29,21.07,21.36,19.97,42486,39096344.0,6.93,5.03,1.01,2.17,4.628245844770344,0.00550352705960222,19.726000000000003,20.174,20.163597235743328,4.55808537477159,4.609961933709084,4.607857539565056,19.746000000000002,19.834727272727275,20.275129174771067,4.597873252222604,4.587618672522062,4.612750895959185,21.302,20.321761904761903,21.45586799758568,4.664004860985012,4.633892949072143,4.624118274038212,23.595333333333333,21.786559139784945,22.644482287327836,4.6425807580109755,4.650462685697833,4.622007656824158,26.23166666666667,23.782601092896176,25.364017503706524,4.633032791719001,4.602893284878265,4.623401202647894,7.592136147297088
2008-07-08,sz000901,21.07,22.08,22.55,20.94,62329,59309208.0,7.64,4.79,1.01,3.19,4.794690159172349,0.16644431440200513,20.488000000000003,20.958666666666666,20.80239815716222,4.652823923247216,4.688830195176004,4.670135079434154,20.060000000000002,20.259090909090908,20.603287506630874,4.622609110856271,4.623403564694742,4.645830761997942,21.1275,20.395857142857142,21.51530914067276,4.674477051470718,4.6463391679471275,4.640363215479558,23.529,21.688795698924732,22.608064075242172,4.659955725506293,4.66027619545018,4.6331484634272675,25.9185,23.64648087431694,25.256344798666966,4.626820123343647,4.608193526434112,4.629017234009352,7.773122124614582
2008-07-09,sz000901,22.12,22.3,22.39,21.65,42485,41238024.0,3.35,1.0,0.22,2.17,4.628235622589084,-0.1664545365832648,21.160000000000004,21.562666666666665,21.301598771441483,4.686652889844916,4.680634094956627,4.656168593819131,20.221,20.666363636363638,20.911780687243443,4.607010183571189,4.624426566827982,4.642631645741786,21.0275,20.50752380952381,21.590041603465828,4.6731472895600294,4.641935222339353,4.639208206632846,23.390666666666668,21.609505376344085,22.588188973613644,4.6562561083773515,4.658229737197456,4.6328315059538365,25.584333333333333,23.527841530054644,25.159415461005754,4.615584227401086,4.608239936245439,4.628991607405408,7.615297847046584
2008-07-10,sz000901,21.63,22.75,23.83,21.45,70809,70829584.0,10.67,2.02,0.45,3.62,4.850088461106817,0.22185283851773274,21.652,22.092666666666666,21.78439918096099,4.704800481069867,4.735112618710593,4.720808549581694,20.389,21.12618181818182,21.246002380471907,4.614685007364715,4.668622617289005,4.680351066717246,20.9265,20.671571428571426,21.70051383170718,4.681143681316839,4.658786762486666,4.6592920403922715,23.258666666666667,21.568172043010755,22.59862839467083,4.662129190733386,4.670735050276777,4.646848083705643,25.3275,23.434912568306007,25.080418232776054,4.608521834982935,4.615928599645626,4.636240684575945,7.85021469108492
2008-07-11,sz000901,22.97,23.87,24.54,22.73,104770,108614608.0,7.96,4.92,1.12,5.36,5.020236943910808,0.17014848280399075,22.414000000000005,22.832,22.479599453973997,4.784299406309881,4.8402581063242405,4.8206180143580655,20.872999999999998,21.759090909090908,21.72309285674974,4.653170381351045,4.742359333024658,4.742148498934257,20.893,20.951904761904764,21.907131562020783,4.685043961159549,4.691081358924186,4.693667745489275,23.165333333333333,21.607612903225807,22.680652369208197,4.680668020777808,4.693838776288224,4.670937687589848,25.133333333333333,23.387125683060106,25.040732389078478,4.609452432862069,4.629427455676048,4.648830725865613,8.035888239130786
2008-07-14,sz000901,23.2,23.76,24.45,23.2,62259,65053096.0,5.24,-0.46,-0.11,3.18,4.794202140792856,-0.226034803117952,22.952000000000005,23.28066666666667,22.906399635982666,4.8174906655143825,4.843559017818565,4.811812723169663,21.339,22.284000000000002,22.093439610067968,4.687788020142987,4.768001471104987,4.751612797454002,20.947,21.22495238095238,22.08359522278071,4.692455460277731,4.701477376032122,4.703242449803902,23.043666666666663,21.645978494623655,22.750287700227023,4.691099072250244,4.701163558224679,4.678890232957784,24.996,23.34209836065574,24.998741163207054,4.607767083910319,4.635484823149188,4.653597001764867,7.813267970286075
2008-07-15,sz000901,23.76,23.6,24.52,22.77,81214,83949272.0,7.37,-0.67,-0.16,4.15,4.909630901145835,0.11542876035297933,23.256000000000004,23.496666666666666,23.13759975732178,4.84047881390908,4.874272429695717,4.844418782495054,21.872000000000003,22.695090909090908,22.367359680964697,4.7466513685781475,4.8083365403782325,4.780343361761608,20.990500000000004,21.477619047619044,22.228014725373022,4.699471832325569,4.7221607513528925,4.722898492788848,22.870333333333335,21.68187096774194,22.805107848599476,4.697657258909008,4.715262385895361,4.693776727679594,24.906833333333335,23.296327868852458,24.952880797200265,4.609154933639286,4.645381997484779,4.661991555842931,7.924016934330486
2008-07-16,sz000901,23.42,22.79,23.76,21.41,78288,77557280.0,9.96,-3.43,-0.81,4.0,4.893695198415863,-0.0159357027299718,23.354000000000006,23.341333333333335,23.021733171547854,4.893570729074436,4.892011224531311,4.860844254468657,22.256999999999998,22.862000000000005,22.44420337533475,4.790111809459676,4.835071782166907,4.800952786607835,20.9455,21.649,22.281537132480352,4.70161846208826,4.740658214790063,4.739164845705706,22.575333333333333,21.676688172043015,22.804133148689832,4.741557538682837,4.727909994895803,4.706674693533547,24.768166666666666,23.226923497267762,24.881966672701896,4.610210773099265,4.654711186493848,4.669588396583027,7.889622569595621
2008-07-17,sz000901,22.97,23.42,24.07,22.3,85075,87846608.0,7.77,2.76,0.63,4.35,4.929801957767847,0.036106759351983264,23.488000000000007,23.363333333333333,23.154488781031905,4.909513428406642,4.904088300762448,4.883830155568387,22.57,23.073454545454545,22.621620943455703,4.807156954738255,4.860469990950213,4.824379908636928,21.0485,21.884666666666664,22.389962167482224,4.7143407264859745,4.762389976283358,4.757320761140196,22.311666666666667,21.731182795698924,22.84386649393565,4.729386419287689,4.740054796127095,4.721070000903502,24.610666666666667,23.182721311475408,24.834033339170688,4.6116884658851935,4.665189585991178,4.678119988753021,7.943724996846419
2008-07-18,sz000901,23.85,24.7,24.99,22.75,105246,109922056.0,9.56,5.47,1.28,5.38,5.02220559894059,0.09240364117274336,23.654000000000003,23.767333333333333,23.669659187354604,4.909907159412598,4.941652357607097,4.9299553033591215,23.034,23.460727272727276,22.999508044645577,4.847103282861239,4.899569744441545,4.8603482159648665,21.259999999999998,22.23242857142857,22.609965770579155,4.7253496262895425,4.791710440326654,4.782547888549757,22.122666666666664,21.8852688172043,22.963617042713995,4.731049783034083,4.758946356104701,4.740498104002669,24.467,23.18565027322404,24.82963880346017,4.615127616475551,4.678649164124142,4.689401484169007,8.041084842906015
2008-07-21,sz000901,24.77,25.37,25.98,24.39,117407,130672984.0,6.44,2.71,0.67,6.0,5.069693991040597,0.047488392100007104,23.976000000000003,24.339333333333336,24.236439458236404,4.965005529462147,4.994914634816429,4.976534865919614,23.464000000000002,23.885454545454547,23.430506581982744,4.891248097488265,4.940040782292337,4.898411084160454,21.605,22.62385714285714,22.87282617338114,4.744560674855434,4.824505141731517,4.809895136406029,22.022666666666666,22.094774193548385,23.118867556087288,4.739752606486096,4.780794369524477,4.761736548327697,24.348333333333336,23.215256830601092,24.84735556400246,4.620913321959545,4.693552979683651,4.701870090951682,8.116185808601973
2008-07-22,sz000901,25.82,24.74,26.04,24.74,61655,68257160.0,5.12,-2.48,-0.63,3.15,4.789968302089217,-0.2797256889513804,24.204,24.593999999999998,24.404292972157606,4.9410730096508235,4.936568892358787,4.914346011309482,23.729999999999997,24.117454545454546,23.66859629434952,4.890775911779952,4.9216262740379655,4.878694214692956,21.895000000000003,22.922428571428572,23.050652252106744,4.7566925113181115,4.828829677658544,4.8079973426615705,21.995,22.270086021505378,23.223456746017142,4.746576671573795,4.784034091821452,4.763557951796182,24.205333333333332,23.228098360655736,24.843835709445003,4.625163380454454,4.699095765917411,4.704758556890618,7.83414821447313
2008-07-23,sz000901,24.99,24.21,25.17,24.14,42877,46597048.0,4.16,-2.14,-0.53,2.19,4.632224391213061,-0.1577439108761558,24.488000000000003,24.596,24.339528648105073,4.888778848210263,4.833619352879532,4.820305471277342,23.921,24.204727272727276,23.767033331740514,4.891174788642349,4.874616906662167,4.833881519514793,22.071,23.14290476190476,23.161066323334673,4.74909248610677,4.816975570981872,4.791257061571237,21.992,22.412989247311828,23.287104697887006,4.745823122587469,4.776656525346566,4.755084818855336,24.065,23.228251366120222,24.823054210774675,4.629250485762838,4.699327274466874,4.702380387524141,7.668358404288298
2008-07-24,sz000901,24.34,24.77,24.95,24.09,43366,46968072.0,3.55,2.31,0.56,2.22,4.637149365472668,0.00492497425960714,24.758000000000003,24.69,24.48301909873672,4.830248329751226,4.749742858633668,4.759253436009118,24.123,24.35909090909091,23.94939090778769,4.869880879078934,4.828430466085862,4.798112036961679,22.256,23.39995238095238,23.314298102064704,4.7422829432218245,4.806314321397672,4.776580138133278,21.992,22.592215053763443,23.38277536253946,4.7440560805708705,4.769645315210128,4.747476079927422,23.986666666666668,23.25136612021858,24.821314728454194,4.627701516940211,4.699586254129491,4.700241665489666,7.671802733124562
2008-07-25,sz000901,24.54,24.52,25.19,24.32,29821,32497530.0,3.51,-1.01,-0.25,1.52,4.474522202738711,-0.1626271627339575,24.722,24.610666666666663,24.49534606582448,4.720711650510851,4.631167482962829,4.664343024918982,24.188,24.431272727272727,24.053138015462654,4.815309404961725,4.756547070387639,4.739277521648412,22.5305,23.615571428571425,23.42912685424902,4.734239893156385,4.780813298494517,4.747812715714748,21.991333333333333,22.755311827956987,23.456144693988527,4.728465775760275,4.752256032769342,4.72986615236686,23.89,23.268852459016394,24.811435557029466,4.625112588074552,4.6945639815327205,4.6928410273666845,7.511850353343943
2008-07-28,sz000901,24.79,25.01,25.44,24.61,34259,37783280.0,3.38,2.0,0.49,1.75,4.534774682014773,0.06025247927606259,24.650000000000002,24.706666666666667,24.666897377216323,4.6137277887056865,4.569188493464137,4.621153577284247,24.313000000000002,24.580727272727273,24.22711292174217,4.789366659083916,4.705540757124558,4.702095187169569,22.826,23.851714285714284,23.579686201463396,4.738577339613451,4.7618166117191265,4.727523379171893,22.069,22.95006451612903,23.556393423408622,4.724759193213127,4.739759833172858,4.717279605892532,23.834999999999997,23.305573770491804,24.817945866635057,4.626617726307796,4.691602082973384,4.687658524240391,7.577299656710971
2008-07-29,sz000901,24.99,25.68,26.18,24.77,86819,98430928.0,5.64,2.68,0.67,4.44,4.938614779233814,0.4038400972190406,24.838000000000005,25.05,25.00459825147755,4.643457084134605,4.677484156973512,4.726973977934103,24.520999999999997,24.829272727272727,24.491274208698137,4.792265046892714,4.732676778969992,4.745098749363067,23.1965,24.12352380952381,23.77971608703831,4.769458207735431,4.780867796444875,4.7476273220349325,22.167333333333332,23.183032258064518,23.693400299317744,4.73040290384795,4.753556967754838,4.731559294495196,23.837833333333332,23.366065573770495,24.846209936581445,4.632712091300726,4.701831494544727,4.695886598174601,7.993131579623432
2008-07-30,sz000901,25.91,25.12,26.11,24.88,40909,45544372.0,4.79,-2.18,-0.56,2.09,4.611818863517198,-0.32679591571661604,25.020000000000003,25.144000000000002,25.043065500985037,4.6393759785954325,4.666938083434377,4.688588939795134,24.753999999999998,24.93818181818182,24.605587988934836,4.7640774134028465,4.699868381992626,4.720866042845636,23.5055,24.306714285714285,23.907362173987043,4.777094611431261,4.765854525566948,4.734693183128482,22.215,23.37352688172043,23.785438989684344,4.722438112526456,4.745906384507692,4.723834105399842,23.873166666666666,23.408103825136614,24.85518665997222,4.632565317827526,4.701146470682973,4.693130279005506,7.658434718073988
2008-07-31,sz000901,25.17,23.09,25.44,23.04,36976,39063060.0,9.55,-8.08,-2.03,1.89,4.5679199281350344,-0.04389893538216327,24.684000000000005,24.500666666666667,24.39204366732336,4.6255300911279065,4.643119399947578,4.648365935908434,24.721,24.635636363636365,24.330026536401228,4.7278892104395664,4.664203384671206,4.693057658352799,23.6455,24.267142857142854,23.82951815741685,4.7675230825889106,4.745933127157784,4.718810015986249,22.272666666666666,23.42997849462366,23.740571958091806,4.718856887803839,4.735937469385666,4.713775126221467,23.8665,23.3824262295082,24.797311687514114,4.6330856950696395,4.699026949709449,4.6890250215999165,7.591766260689215
2008-08-01,sz000901,22.88,23.67,23.87,22.68,31895,32551440.0,5.15,2.51,0.58,1.63,4.5037226064864795,-0.06419732164855496,24.514000000000003,24.16266666666667,24.151362444882242,4.631370171877459,4.602516905067103,4.6001514927677825,24.618000000000002,24.444545454545455,24.210021711601005,4.676040911194155,4.623445820316099,4.658633103468014,23.826,24.26947619047619,23.81432595194858,4.761572097027697,4.720809272290885,4.698325500795795,22.37933333333333,23.52012903225807,23.736018928537497,4.708913387924413,4.722057838332933,4.700223350754694,23.838166666666666,23.375983606557373,24.760350648579223,4.633768201370903,4.694785536969018,4.682949532579803,7.512570205507005
2008-08-04,sz000901,23.44,23.0,24.03,22.97,23622,24512634.0,4.48,-2.83,-0.67,1.21,4.373316665173873,-0.1304059413126062,24.112000000000002,23.658,23.76757496325483,4.599078568509279,4.516499069499241,4.524539883569813,24.381,24.150363636363636,23.990017764037184,4.606403178607483,4.568405048312411,4.606757387414533,23.9225,24.190809523809524,23.736771099382047,4.748825638047874,4.683832564495283,4.667372278355612,22.530333333333335,23.560172043010756,23.68853383637379,4.698508176106117,4.700406436865157,4.679132596846254,23.781499999999998,23.348502732240433,24.70263423387171,4.630239050177573,4.686246142339607,4.672797635287805,7.38938998078299
2008-08-05,sz000901,23.38,22.75,23.83,22.62,24954,25303060.0,5.26,-1.09,-0.25,1.28,4.397140170748577,0.02382350557470403,23.526000000000003,23.204,23.428383308836555,4.490783646812233,4.449186270245672,4.482073312629401,24.182000000000002,23.853818181818184,23.764559988757696,4.56712036547342,4.530357228701701,4.568645166202541,23.956,24.079142857142863,23.642792899440902,4.728948138626685,4.650338710466779,4.641635887154942,22.657333333333334,23.574344086021508,23.62798326628516,4.693501796036546,4.680963339745315,4.660939537098018,23.7535,23.31468306010929,24.638613439318537,4.628719302184086,4.678603556128819,4.66375968563078,7.403173045316304
2008-08-06,sz000901,23.13,23.18,23.49,22.41,26578,26946382.0,4.75,1.89,0.43,1.36,4.424522297086633,0.027382126338055812,23.138000000000005,23.08866666666667,23.345588872557705,4.45332433352612,4.427099153670472,4.462889640781812,24.079,23.67163636363636,23.658276354438115,4.546350156060776,4.504430307176832,4.542441008181466,24.0,24.0052380952381,23.598717385208435,4.718762472351562,4.62134577317725,4.620958402386532,22.740333333333336,23.608064516129033,23.599081120073215,4.681511709424771,4.66360982368403,4.645686811935993,23.7215,23.29587978142077,24.59079004786547,4.628345401338939,4.671908572355133,4.655915836826054,7.430500462178941
2008-08-07,sz000901,23.2,21.63,23.49,21.18,46094,44519068.0,9.97,-6.69,-1.55,2.36,4.663644397483383,0.23912210039674964,22.846000000000004,22.586000000000002,22.77372591503847,4.472469227395789,4.497205841656227,4.529807893015669,23.764999999999997,23.226363636363637,23.289498835449365,4.548999659261847,4.525756532890032,4.564477988054542,23.944,23.77952380952381,23.41122049137906,4.709440269170391,4.616096432713614,4.625023735252899,22.759,23.53643010752688,23.472043628455587,4.677855181901832,4.66245709388136,4.646845365842276,23.652833333333334,23.227306010928963,24.4937149643289,4.632022860436094,4.673065916491015,4.656169232257442,7.648546063868108
2008-08-08,sz000901,21.65,19.5,21.79,19.5,45143,40600900.0,10.59,-9.85,-2.13,2.31,4.654590416951598,-0.009053980531784411,22.012000000000004,21.470666666666666,21.68248394335898,4.502642789488813,4.557912904841497,4.571402067660979,23.262999999999998,22.45090909090909,22.600499047185846,4.567006480683136,4.544954852469988,4.5808620660358255,23.7255,23.35628571428571,23.03872330172391,4.69115794282243,4.6108726372642055,4.627839609700394,22.77466666666667,23.326172043010757,23.21578274920039,4.678495422331968,4.6609561413039255,4.647345046559008,23.58516666666667,23.09114754098361,24.329986604842706,4.636404180716598,4.673805836376771,4.6561174678211845,7.608535660688069
2008-08-11,sz000901,19.5,17.6,19.61,17.6,40278,31887616.0,10.31,-9.74,-1.9,2.06,4.605067897568564,-0.04952251938303398,20.932000000000006,20.0,20.321655962239323,4.548993035967752,4.592054607534747,4.5826240109635075,22.522,21.42127272727273,21.691317402242962,4.574035802238515,4.551875110085519,4.585263126314505,23.4175,22.772904761904766,22.52074965394068,4.681701230661216,4.602673585335265,4.625670875211648,22.724666666666668,22.992322580645162,22.853474184735852,4.683730160488474,4.65621888164177,4.644617488559625,23.460166666666666,22.89491256830601,24.10933130632327,4.640964519961444,4.672778417257162,4.654443711419459,7.5036220514867065
2008-08-12,sz000901,17.46,17.82,18.23,16.75,34300,26266806.0,8.41,1.25,0.22,1.75,4.535294120042771,-0.06977377752579361,19.946000000000005,18.962666666666667,19.487770641492883,4.57662382582659,4.5874883022264195,4.566847380656595,21.736,20.566363636363633,20.98744151092606,4.533703736319412,4.544831167868111,4.576177852446916,23.1285,22.239809523809523,22.073059210708234,4.662984391606063,4.588730050990652,4.617063565195564,22.70966666666667,22.675892473118278,22.528733914752895,4.690873383930091,4.6466423629033375,4.637564368010151,23.346999999999998,22.709989071038255,23.90312372250939,4.645419935984071,4.669313813981141,4.650537167439896,7.419407266508624
2008-08-13,sz000901,17.51,18.0,18.25,16.93,27278,21074244.0,7.41,1.01,0.18,1.39,4.4358125250458365,-0.09948159499693432,18.910000000000004,18.314000000000004,18.99184709432859,4.57888187141843,4.540551201966169,4.523169095453009,21.024,19.887090909090908,20.444270327121323,4.516103102472275,4.527032765818371,4.5506568838285375,22.889000000000003,21.751380952380956,21.685148809688403,4.640090257937561,4.567094635127773,4.59980156137178,22.678333333333335,22.372043010752687,22.236557533155935,4.690097441778266,4.630186823620483,4.62454812007697,23.25283333333333,22.534677595628416,23.709578682427114,4.649859979765823,4.662441439852018,4.643497015230254,7.3237520040551525
2008-08-14,sz000901,18.05,18.43,18.67,17.82,28084,22431550.0,4.72,2.39,0.43,1.44,4.448458964362637,0.012646439316800873,18.270000000000003,18.154,18.804564729552396,4.535844784794282,4.497076899614238,4.498265718422886,20.558,19.415454545454544,20.07803935855381,4.504157006095036,4.514733831616618,4.532075443925646,22.6395,21.32671428571429,21.375134637337126,4.616023108267301,4.548844035739685,4.585387980704243,22.616333333333333,22.097956989247315,21.990973176178134,4.679734390424286,4.614597244432378,4.613187529385723,23.182333333333336,22.376551912568303,23.536477742019667,4.65242873027881,4.655838127871586,4.637102325037874,7.350859283979275
2008-08-15,sz000901,18.09,18.49,18.58,17.91,23029,18452214.0,3.64,0.33,0.06,1.18,4.3622750797831165,-0.08618388457952086,18.068000000000005,18.22733333333333,18.699709819701596,4.4773817173605845,4.439220331277183,4.452935505542962,20.04,19.039454545454547,19.789304929725844,4.490012253424699,4.488937117741724,4.501202650445186,22.329,20.93152380952381,21.100359909971687,4.583026582309427,4.524677556836429,4.564139132997469,22.564,21.831741935483873,21.76510393900535,4.671052149160031,4.594115998584559,4.5969996294113615,23.107666666666667,22.22270491803279,23.371019455396073,4.651291205963852,4.646324893429104,4.628091595685258,7.266048482706237
2008-08-18,sz000901,18.65,19.1,20.31,18.45,75731,63533616.0,10.06,3.3,0.61,3.87,4.879273691561369,0.5169986117782521,18.368000000000002,18.57133333333333,18.833139879801067,4.532222876159145,4.573184322677444,4.595048234215765,19.65,18.868545454545455,19.66397676068478,4.5406079560634485,4.559711924675664,4.569942839739037,22.0155,20.623999999999995,20.909849442355338,4.573505567335466,4.552891567241376,4.5941519480987925,22.498333333333335,21.60825806451613,21.593161749392102,4.679419744053065,4.60754964648142,4.615210859227491,23.046833333333332,22.091306010928967,23.23098603062899,4.6610002510320205,4.653799729022466,4.636327074238573,7.803003573801435
2008-08-20,sz000901,19.39,20.96,20.96,19.3,110132,98553336.0,8.69,9.74,1.86,5.63,5.041913526094411,0.1626398345330422,18.996000000000002,19.435333333333336,19.54209325320071,4.633546757369475,4.743081205989199,4.744003331508647,19.470999999999997,19.10672727272727,19.899617349651184,4.605085291598032,4.650858391954021,4.65575569180365,21.8265,20.52347619047619,20.914625685940546,4.586102828535725,4.597501849027943,4.636795907907898,22.461,21.50901075268817,21.552312604270032,4.687660522950467,4.630936342096992,4.642740063541486,22.995,22.022885245901637,23.15652747224771,4.673808124228381,4.666288688860576,4.649624990692863,7.9936713295984205
2008-08-21,sz000901,20.29,20.85,21.32,19.86,78952,71523912.0,6.97,-0.52,-0.11,4.04,4.897363135965114,-0.1445503901292966,19.566000000000003,20.053333333333335,19.978062168800477,4.725856879553329,4.831019998854413,4.7951232663274705,19.238000000000003,19.357454545454544,20.072414195169152,4.65236937548588,4.703999818202582,4.699684318014825,21.6585,20.43047619047619,20.908470858708114,4.599359765773328,4.627145687830741,4.661611834389538,22.412666666666667,21.405075268817203,21.507002113671966,4.696631440063002,4.644465542936647,4.659167358536559,22.901666666666667,21.95255737704918,23.080903620698606,4.676443774220177,4.673618361376535,4.657747552832937,7.854451260171951
2008-08-22,sz000901,20.76,20.06,21.25,20.06,41619,37599256.0,5.71,-3.79,-0.79,2.13,4.619291640995758,-0.2780714949693559,19.892000000000003,20.218,20.005374779200316,4.760023414879954,4.795498252668555,4.736512724550233,19.081,19.506909090909094,20.070157068774762,4.6479340998371175,4.697985684658923,4.6850674676477215,21.423,20.2782380952381,20.82766411025972,4.598466879549482,4.6290439616614485,4.657581339780607,22.323,21.253290322580643,21.413647138596357,4.688938212725967,4.639475878480696,4.656594731598442,22.790833333333335,21.859387978142077,22.981857600347833,4.675533701729676,4.671744520942947,4.6564867032645045,7.575179251356082
2008-08-25,sz000901,20.29,19.84,20.71,19.19,30067,26182004.0,7.58,-1.1,-0.22,1.54,4.4780900975902895,-0.14120154340546875,20.162000000000003,20.200666666666667,19.950249852800212,4.783186418441389,4.701520480238668,4.650371848896919,19.115,19.644909090909092,20.028310328997534,4.630284067900987,4.66710495697768,4.64743521854637,21.189,20.12747619047619,20.733600861663557,4.598645274292061,4.617579506236764,4.640486935762482,22.188666666666666,21.09309677419355,21.312121516751432,4.670866651181949,4.625872774278394,4.645078303597917,22.677,21.762639344262297,22.878845875746265,4.675767335979879,4.665270960151492,4.650637634226006,7.418002884874516
2008-08-26,sz000901,19.5,17.89,19.79,17.89,54285,43431664.0,9.58,-9.83,-1.95,2.78,4.734679842163881,0.2565897445735912,19.920000000000005,19.44333333333333,19.26349990186681,4.754267648561891,4.685351621479498,4.67847451331924,19.144,19.42218181818182,19.639526632816164,4.643245262360518,4.686086006843663,4.663297877385917,20.833000000000002,19.813285714285715,20.462781731981316,4.608640532299517,4.630535179367413,4.649457688753091,21.993000000000002,20.81576344086022,21.091339483412632,4.668882574560984,4.629989754341743,4.650859048021528,22.518333333333334,21.60568852459016,22.715277158508684,4.679990823405615,4.667202517731296,4.653393116453477,7.637806468832041
2008-08-27,sz000901,17.42,17.04,17.98,16.14,50006,37093520.0,10.29,-4.75,-0.85,2.56,4.6990221165471775,-0.03565772561670322,19.136000000000003,18.483333333333334,18.522333267911208,4.685689366652444,4.66693644414126,4.685323714395219,19.066,19.03963636363636,19.166885426849586,4.659618062010958,4.696227253059418,4.669793193597055,20.401,19.452047619047615,20.136802519411667,4.596660899165185,4.6391429492957625,4.654178110447766,21.774333333333335,20.49621505376344,20.829962742547302,4.661862281741028,4.631934240921499,4.653966342765118,22.322333333333333,21.42607103825137,22.529202497573973,4.679759770325019,4.66782649455561,4.654889149243434,7.569298047781023
2008-08-28,sz000901,16.95,16.59,17.31,16.37,23766,17422962.0,5.52,-2.64,-0.45,1.22,4.375956092787937,-0.32306602375924065,18.284000000000002,17.634666666666664,17.878222178607473,4.581407958017008,4.563692019519759,4.582201173859458,18.925,18.589454545454547,18.698360803786024,4.653632418785169,4.644652349564323,4.616368266177215,19.9745,19.08909523809524,19.79901180327722,4.584867760628722,4.6181234439265,4.627680775432545,21.56766666666667,20.161741935483874,20.556416759157155,4.644604311553431,4.61348868034388,4.6360301976053,22.0715,21.23812568306011,22.334474546833842,4.693080925118134,4.657865718242919,4.645743803130139,7.241121989414659
2008-08-29,sz000901,16.79,17.37,17.75,16.66,27935,21051056.0,6.57,4.7,0.78,1.43,4.446148675696183,0.07019258290824659,17.746000000000002,17.330000000000002,17.708814785738316,4.546779364957094,4.518605592079482,4.536850341138367,18.819,18.306727272727276,18.45684065764311,4.653401389918524,4.606928032639054,4.585419249726118,19.6885,18.841047619047618,19.567677345822247,4.57877919800678,4.604912102504354,4.610392004029082,21.366,19.890924731182796,20.350841484372825,4.628482535484375,4.600685090933736,4.623779776836971,21.838833333333337,21.083978142076504,22.1717048895606,4.678934477386033,4.649769578917609,4.639199700591321,7.3232738865598
2008-09-01,sz000901,17.35,16.43,17.35,16.25,22780,16610261.0,6.33,-5.41,-0.94,1.16,4.357553719743081,-0.08859495595310207,17.064,16.891333333333332,17.282543190492213,4.522672089387652,4.455530377008145,4.477084800673271,18.613000000000003,17.872363636363637,18.08832417443527,4.65292925391452,4.553137547152609,4.543989153365565,19.326500000000003,18.530714285714286,19.268850931934416,4.57147075366961,4.583843009336383,4.586312167430415,21.090333333333334,19.572473118279568,20.097883969252,4.606327472844458,4.583205812498813,4.6066039021857526,21.6065,20.906639344262295,21.983452270230746,4.668688627939271,4.639232504896528,4.62996540613728,7.220376456651829
2008-09-02,sz000901,16.03,16.75,16.93,15.58,32068,22812848.0,8.22,1.95,0.32,1.64,4.50607187492535,0.14851815518226896,16.836000000000002,16.78666666666667,17.105028793661475,4.476950495939946,4.449996972187379,4.486747158757298,18.378,17.533636363636365,17.84499250635613,4.615609072250918,4.526436205518215,4.537095102740071,19.014000000000003,18.285333333333334,19.028960366988283,4.578108514157184,4.577614544694073,4.578670234810884,20.803,19.292451612903225,19.88189145510671,4.58754006897395,4.576737709407257,4.600117964943147,21.412833333333335,20.747409836065575,21.811863671206787,4.6636463377300235,4.633900808076399,4.625903323146725,7.3581795068231015
2008-09-03,sz000901,17.33,18.16,18.38,17.19,119952,95498080.0,7.1,8.42,1.41,6.13,5.079007493502037,0.572935618576687,17.060000000000002,17.228,17.456685862440985,4.552947571330917,4.650682638041409,4.684167270338878,18.098000000000003,17.494,17.902266596109563,4.619318468991681,4.610690463927509,4.635624628333156,18.7845,18.204,18.94620223679892,4.612201880294856,4.625319209393582,4.6263214023052806,20.583666666666666,19.12193548387097,19.770801683809506,4.597174708687711,4.6084452851832625,4.631014063559849,21.28933333333333,20.640759562841527,21.692130436085254,4.6718756901307525,4.647519206626302,4.640759197584604,7.979994640130474
2008-09-04,sz000901,17.37,17.49,17.78,16.81,66642,50472900.0,5.34,-3.69,-0.67,3.41,4.823748022251222,-0.25525947125081494,17.240000000000002,17.371333333333332,17.467790574960656,4.642505957223575,4.740949455014844,4.730694187642992,17.761999999999997,17.383454545454548,17.827309033180548,4.611956957620292,4.647859473611062,4.669828881772804,18.5,18.080714285714286,18.80751630948474,4.632163166553086,4.645466461008474,4.645123937538227,20.359666666666666,18.922344086021504,19.62365318807986,4.603558829722316,4.623062918316393,4.64344851250768,21.175833333333333,20.516191256830602,21.554355667689013,4.674690976154893,4.652498627351563,4.646758831180231,7.703058258524351
2008-09-05,sz000901,16.59,17.64,18.02,16.37,62590,47598880.0,9.43,0.86,0.15,3.2,4.796504951553296,-0.027243070697926086,17.294000000000004,17.504666666666665,17.525193716640437,4.712577212394997,4.792282453124751,4.752631108946427,17.520000000000003,17.361272727272727,17.793252845329537,4.629678288676045,4.681413654326154,4.692860894460166,18.3005,17.998809523809523,18.696324280010003,4.638806194256582,4.661118059579922,4.659541176968235,20.122,18.746881720430107,19.49567556304245,4.60887068259167,4.635511055208714,4.6533231214783655,21.057000000000002,20.40026229508197,21.426016137600847,4.676463381581271,4.656492528184297,4.651668540044921,7.677596733906579
2008-09-08,sz000901,18.25,17.73,18.9,17.49,72063,57114220.0,7.99,0.51,0.09,3.68,4.857712337946495,0.06120738639319878,17.554000000000002,17.65,17.59346247776029,4.81260893603568,4.840660828308583,4.787658185279783,17.309,17.399454545454546,17.78175232799689,4.667640512711666,4.722874390557145,4.722833884184952,18.212,17.94447619047619,18.604293396199527,4.648962290306327,4.6819662637408666,4.678414620870926,19.895666666666667,18.59255913978495,19.3817610105881,4.621643687098596,4.651565355554187,4.666509522540826,20.943500000000004,20.291180327868858,21.30483528063033,4.6750547314294355,4.6624351169175835,4.658424074402348,7.7567442500790555
2008-09-09,sz000901,17.75,17.4,18.05,17.11,34404,26253218.0,5.3,-1.86,-0.33,1.76,4.536608938994109,-0.3211033989523857,17.684000000000005,17.598666666666666,17.528974985173527,4.818716348849432,4.748660829294726,4.7039751031845585,17.259999999999998,17.415999999999997,17.712342813815635,4.647833422394688,4.699050468063044,4.6889748032411624,18.201999999999998,17.867142857142856,18.489598787037668,4.645539342377604,4.671265944568275,4.664909317835039,19.642,18.431548387096775,19.2539054615179,4.621704828997907,4.646079242773252,4.6581288397313605,20.8555,20.175,21.176807894380154,4.673232011105516,4.657895910608229,4.654430135536504,7.419182544846205
2008-09-10,sz000901,17.33,18.0,18.49,17.15,62769,49747684.0,7.7,3.45,0.6,3.21,4.7977452097732,0.2611362707790903,17.652000000000005,17.704,17.68598332344902,4.762463892103665,4.741670449602649,4.7352318053807725,17.356,17.550545454545457,17.76464412039461,4.657705731717291,4.7263071566773185,4.7087512407924415,18.211,17.84790476190476,18.44297033112932,4.658661896864125,4.685761741463094,4.677560355162483,19.386,18.325612903225807,19.173008334968358,4.617009176682554,4.657436686694238,4.667136347475996,20.776666666666664,20.081377049180325,21.072650258498836,4.673706040265253,4.661978310564546,4.65912899042951,7.696772867002693
2008-09-11,sz000901,17.96,16.68,18.0,16.5,55364,41755316.0,8.33,-7.33,-1.32,2.83,4.743227459974195,-0.05451774979900481,17.490000000000002,17.380000000000003,17.350655548966014,4.746359779648259,4.735258305559493,4.73789702357858,17.365000000000002,17.427636363636363,17.56743609850468,4.694432868435917,4.741856561814936,4.715019644280033,18.145,17.702095238095236,18.275068394831287,4.674032643610543,4.693815604616434,4.683814365144551,19.104666666666667,18.151032258064518,19.012169087551044,4.621389463231121,4.665579801745312,4.672045451508138,20.65983333333333,19.947060109289616,20.92862893854805,4.671913787878789,4.664257701374675,4.661886317299827,7.620711774729682
2008-09-12,sz000901,16.55,16.77,17.04,16.14,27515,20062872.0,5.4,0.54,0.09,1.41,4.439569517147175,-0.3036579428270194,17.316000000000003,17.14,17.157103699310674,4.674972692767035,4.6329948847257985,4.638454521434779,17.305,17.319454545454544,17.422447716958374,4.693774952581016,4.695517770671529,4.664937802983149,18.061999999999998,17.571142857142856,18.131728547704498,4.6735881712497696,4.671485783048493,4.660552951049563,18.894000000000002,18.00040860215054,18.86751301738646,4.617111116198192,4.653849482643122,4.657047004130011,20.583333333333332,19.819524590163937,20.79228044875959,4.667984002001016,4.656639856432656,4.654597241884986,7.302393102386928
2008-09-16,sz000901,16.52,16.66,17.13,16.28,30309,22293528.0,5.07,-0.66,-0.11,1.55,4.4815716077088865,0.042002090561711114,17.102000000000004,16.921333333333333,16.991402466207116,4.5997445467195135,4.568527856373081,4.586160216859482,17.327999999999996,17.202181818181817,17.283820859329577,4.706176741377597,4.656935344331141,4.631598494751465,17.9705,17.437619047619044,17.991563924113592,4.6795529976460575,4.653198491282695,4.643507108826641,18.66033333333333,17.85627956989247,18.725092822716366,4.616372749572272,4.6451049982244585,4.64572601081252,20.519833333333334,19.690890710382515,20.656795843882225,4.662643068748342,4.650527974652586,4.648924270272654,7.348178801979092
2008-09-17,sz000901,16.84,15.02,16.99,15.02,59118,40366144.0,11.82,-9.84,-1.64,3.02,4.771719733173371,0.29014812546448443,16.626,16.227333333333334,16.334268310804745,4.646766705555366,4.625852918524368,4.648013388964112,17.154999999999998,16.782545454545453,16.8722170667242,4.732741527202399,4.668852251930374,4.657075083555448,17.7665,17.15661904761905,17.708557836102774,4.674175299726658,4.66197627561863,4.655717834954901,18.394333333333332,17.62141935483871,18.486054576089504,4.629652851838922,4.655127384263238,4.653854638061607,20.462333333333333,19.51056830601093,20.471982865394285,4.664080513972519,4.654104258732095,4.652950351023497,7.606017265152074
2008-09-18,sz000901,13.83,14.24,14.98,13.57,57079,34426288.0,9.39,-5.19,-0.78,2.92,4.756476355853152,-0.01524337732021852,15.874000000000004,15.432,15.63617887386983,4.638512934771356,4.662422801956963,4.684167711260459,16.762999999999998,16.252545454545455,16.393632145501616,4.70048841343751,4.6731676753214195,4.67514804215503,17.430500000000002,16.82076190476191,17.378218994569178,4.659903441214595,4.6698144714402,4.665313884564258,18.110666666666663,17.353397849462368,18.212115571180505,4.641630724675741,4.6633095458125435,4.6604753940481585,20.384000000000004,19.30655737704918,20.267655558332176,4.6675662603561445,4.657133630597034,4.656344646263814,7.536890197609531
2008-09-19,sz000901,15.54,15.63,15.63,15.54,38539,26218960.0,0.63,9.76,1.39,1.97,4.5859004415047915,-0.17057591434836095,15.664000000000005,15.350666666666667,15.634119249246556,4.607047531077475,4.644885304201441,4.651411954675237,16.577,16.046545454545452,16.254789937228594,4.676703655362867,4.65233349860638,4.658921205673168,17.1695,16.649285714285714,17.21172194746735,4.644330306491579,4.662766566705933,4.657750699510975,17.858999999999998,17.193354838709677,18.045527469814022,4.6470099961563465,4.659714043672482,4.655664106787296,20.299666666666667,19.15068852459017,20.11560127773112,4.664260852790559,4.654456062765841,4.654035000206141,7.418615460991787
2008-09-22,sz000901,17.15,17.15,17.15,16.48,119285,89089096.0,4.29,9.72,1.52,6.1,5.076585834895799,0.4906853933910078,15.740000000000004,15.846,16.139412832831038,4.7344507946272,4.801398072140883,4.793136581415425,16.528,16.150727272727273,16.41755540318703,4.704711743697118,4.725039349430549,4.734860229168191,17.024,16.64742857142857,17.205843666756174,4.667195016186581,4.7039337598872875,4.697639760023815,17.70966666666667,17.147612903225806,17.98775150401957,4.66077471073676,4.687428613913736,4.682820347310425,20.234333333333332,19.047420765027322,20.01836844895305,4.669314946319296,4.667974914638144,4.66788912593367,7.94982455210847
2008-09-23,sz000901,17.6,18.83,18.83,17.17,276242,222906448.0,9.68,9.8,1.68,14.13,5.441289709657281,0.3647038747614815,16.174,16.875999999999998,17.036275221887358,4.926394415016879,5.037011043817576,5.00918762416271,16.637999999999998,16.56927272727273,16.85618169351666,4.763069480868196,4.8589626159687604,4.86330195289348,16.9735,16.81942857142857,17.360525222303202,4.715354996789932,4.777657064027354,4.768463564750812,17.687333333333335,17.219892473118282,18.04209011666347,4.686998020493617,4.737784420295705,4.731753854558609,20.230999999999998,19.00137704918033,19.979405548987376,4.6827467214127925,4.693285562616438,4.6932465221213295,8.348122631469545
2008-09-24,sz000901,18.25,18.58,18.7,17.44,176694,140032064.0,6.69,-1.33,-0.25,9.03,5.247221802414897,-0.19406790724238387,16.886000000000003,17.677999999999997,17.550850147924905,5.021494828865184,5.143953506283583,5.088532350246773,16.756,16.922363636363638,17.16960320378636,4.834130767210275,4.946990310795433,4.933105561897374,17.008,16.972428571428573,17.476665677321947,4.740982094802481,4.828311045515446,4.814059587385487,17.720000000000002,17.27748387096774,18.076793980104537,4.70840315065516,4.773927890097078,4.765009851194499,20.22233333333333,18.947245901639345,19.933523399840247,4.6960666555718165,4.711792942321427,4.7114096460653805,8.146227490134486
2008-09-25,sz000901,18.65,18.92,19.84,17.4,290770,238214480.0,13.13,1.83,0.34,14.87,5.46354959645607,0.21632779404117297,17.822000000000003,18.355999999999998,18.00723343194994,5.162909476985767,5.291305095480545,5.213538098983205,16.848,17.31581818181818,17.487857166734294,4.900711205878562,5.061430097931033,5.029549931817137,17.102,17.15452380952381,17.614126089005573,4.779208468797926,4.897126998053883,4.875915778725543,17.756666666666664,17.354903225806453,18.13119436848489,4.739344999868937,4.82264701563262,4.810076931533956,20.233166666666666,18.904546448087427,19.90029312443565,4.715109191899514,4.736956317432385,4.736069972307698,8.376968156781379
2008-09-26,sz000901,18.92,17.06,18.92,17.06,165160,126402416.0,9.83,-9.83,-1.86,8.45,5.217904874202665,-0.24564472225340506,18.108,18.101999999999997,17.691488954633293,5.289310363525343,5.309636894552844,5.214993690723025,16.886,17.35436363636364,17.410064954600784,4.948178947301409,5.11910167398996,5.0637962849781415,17.1255,17.15052380952381,17.56135217576695,4.821305907868663,4.938907608092429,4.908486168770983,17.72533333333333,17.30995698924731,18.062085054389094,4.7654147448408315,4.8535218462347975,4.836388411706132,20.201833333333333,18.80050819672131,19.80716875970005,4.72775609330955,4.7534414217701935,4.751867837943598,8.101755374938778
2008-10-06,sz000901,16.48,15.4,16.55,15.38,86426,59906856.0,6.86,-9.73,-1.66,4.42,4.936644413287853,-0.2812604609148117,17.758000000000003,17.199333333333335,16.927659303088863,5.261322079203753,5.192081577807014,5.122210598244635,16.749000000000002,17.084181818181815,17.044598599218823,4.9978864369154765,5.117004485987496,5.040677762852635,17.026999999999997,16.986190476190476,17.355509111408193,4.845830694748247,4.949892227656161,4.9111679063440175,17.624333333333333,17.159935483870967,17.89033763152528,4.781687593138339,4.864568921618474,4.842856540840437,20.120333333333335,18.643071038251367,19.662671423316443,4.7307109917813115,4.760290219146531,4.757926086315541,7.777476527774639
2008-10-07,sz000901,14.66,15.04,15.54,14.39,56896,37193068.0,7.47,-2.34,-0.36,2.91,4.755081734954101,-0.18156267833375228,17.0,16.293333333333333,16.298439535392575,5.124080484263117,5.023334796390463,4.999834310481124,16.586999999999996,16.773454545454545,16.68012612663358,5.025237449639998,5.072858176539973,4.988751212325628,16.9575,16.79695238095238,17.134984434131223,4.865707095508798,4.941249469580529,4.896302556687835,17.509333333333334,16.99320430107527,17.706444881104293,4.7947811483107055,4.862852414638848,4.837193650138093,20.03666666666667,18.476502732240437,19.511108425830656,4.732916648735368,4.761089259906295,4.7578328288938545,7.57046200413242
2008-10-08,sz000901,14.69,14.87,15.45,14.57,37879,24776532.0,5.85,-1.13,-0.17,1.94,4.578398505172458,-0.1766832297816432,16.258000000000003,15.583333333333334,15.822293023595051,4.99031582481463,4.841440803360244,4.859355708711568,16.572,16.461272727272725,16.351012285427476,5.0059053268399065,4.991614732091328,4.91414162920687,16.8635,16.598142857142854,16.91927163088063,4.869323427021152,4.913886746691354,4.8660259803530375,17.368333333333332,16.822924731182795,17.523448437162084,4.784751975431075,4.8488922441138,4.820497189172568,19.933333333333334,18.30710382513661,19.35894093645916,4.73208585974207,4.756023091264888,4.751949736312826,7.394040517590249
2008-10-09,sz000901,15.29,14.24,15.36,14.13,39218,25371992.0,8.27,-4.24,-0.63,2.01,4.593485442184617,0.015086937012159574,15.322000000000003,14.910666666666664,15.294862015730034,4.816302993960339,4.709164009150239,4.770732286535918,16.572,16.037272727272725,15.967191869895208,4.989606235473053,4.916629298517641,4.855840504293732,16.6675,16.348285714285716,16.664102904130093,4.845047324455281,4.8876164624212075,4.840069738622711,17.144333333333336,16.621096774193546,17.31161305411937,4.7698043726340815,4.836552467775318,4.805851270012055,19.802666666666667,18.120437158469947,19.191106807394924,4.728732447792274,4.751478815279397,4.7467541856856705,7.404354565788787
2008-10-10,sz000901,13.75,12.85,13.75,12.85,57382,32394544.0,6.32,-9.76,-1.39,2.93,4.758775681132473,0.16529023894785588,14.48,14.086666666666668,14.47990801048669,4.7244771553463005,4.689988238207618,4.7667467514014366,16.294,15.360545454545456,15.400429711732441,5.006893759435821,4.874660106819354,4.838192354628048,16.435499999999998,15.984714285714283,16.300855008498655,4.841798707399344,4.879400115438083,4.8323274474331654,16.877666666666666,16.34404301075269,17.023767050627796,4.765184790806327,4.835840939291343,4.80281413524563,19.645166666666668,17.892480874316938,18.98320166616886,4.730908115434664,4.7524638393233385,4.7471483330773685,7.510471871002211
2008-10-13,sz000901,12.22,12.78,12.85,11.66,56109,29666730.0,9.26,-0.54,-0.07,2.87,4.7490325285795585,-0.00974315255291458,13.956000000000003,13.520000000000001,13.913272006991129,4.686954778404641,4.698173362618704,4.760842010460811,15.857,14.721636363636362,14.923987945962907,4.974138428804197,4.827776246663669,4.821981477164686,16.192500000000003,15.636571428571427,15.965535483879735,4.839425086250658,4.87056524126477,4.824394598018536,16.634999999999998,16.079677419354837,16.74997562800665,4.76950948705912,4.834798857857358,4.7993443541704,19.479,17.66739344262295,18.779818004982992,4.729223849892543,4.75305808237727,4.747210109979079,7.472269679069784
2008-10-14,sz000901,13.23,12.33,13.34,12.11,53497,29800748.0,9.62,-3.52,-0.45,2.74,4.728329428376807,-0.020703100202751124,13.414000000000001,12.978000000000002,13.38551467132742,4.681604317089183,4.711964912609426,4.7500044830994765,15.206999999999999,14.080363636363634,14.45235377396965,4.90284240067615,4.7830837011314165,4.804953831930526,15.9225,15.268714285714287,15.619294009224523,4.832955940772173,4.859984702419642,4.815245534243132,16.384666666666664,15.801935483870967,16.464815910070737,4.777850798085337,4.832142079877855,4.794762746054684,19.286666666666665,17.433000000000003,18.568348562196665,4.724358724633643,4.753028757081672,4.74659107123802,7.4742271650224135
2008-10-15,sz000901,12.09,11.84,12.22,11.66,33561,17319220.0,4.54,-3.97,-0.49,1.72,4.525834892800632,-0.20249453557617514,12.808000000000003,12.453333333333335,12.87034311421828,4.6710915946148175,4.660041771179908,4.675281286333195,14.532999999999998,13.468181818181819,13.977380360520621,4.830703709714723,4.714536881517686,4.754204933906908,15.644499999999999,14.879904761904761,15.259361246441236,4.832417238462499,4.830735078803304,4.787682616010513,16.183,15.508731182795698,16.166440690066175,4.770889299773229,4.815882989214325,4.777412561973778,19.088,17.18884699453552,18.347746969993498,4.719885937167106,4.746519778988786,4.7393531637482695,7.238528328944385
2008-10-16,sz000901,11.1,11.59,12.31,10.95,48621,24692946.0,11.49,-2.11,-0.25,2.49,4.686823886840014,0.16098899403938205,12.278000000000002,12.047333333333334,12.44356207614552,4.689759283545897,4.665285868588308,4.679128819835468,13.8,12.933090909090907,13.543311204062325,4.7530311387531174,4.6883769137222835,4.7419538344402,15.324000000000002,14.493761904761906,14.90989827058969,4.82687117231584,4.816869045315448,4.778077022756181,16.00133333333333,15.212408602150537,15.87118645199739,4.770482692116323,4.810459414186377,4.771568131319987,18.887833333333333,16.94301092896175,18.12618149556748,4.716172486928675,4.7454357773387175,4.737630892374228,7.392572906668229
2008-10-17,sz000901,11.66,11.59,11.86,11.1,35135,17563144.0,6.56,0.0,0.0,1.8,4.545739957873238,-0.14108392896677646,12.026000000000003,11.818,12.159041384097014,4.64715213889405,4.617279426697421,4.634665865848058,13.253,12.531272727272725,13.18816371241463,4.685814647120175,4.65068760810776,4.706278584155298,15.0695,14.138142857142858,14.593717482914482,4.816996797210793,4.7900946439399625,4.75594968324352,15.834666666666667,14.9278064516129,15.594980874449172,4.776142154285834,4.795959882944887,4.756998571742778,18.701166666666666,16.703737704918034,17.91188046292592,4.710373232919633,4.739847825566407,4.731339386325016,7.24460226211854
2008-10-20,sz000901,11.68,12.02,12.11,11.33,34484,17612982.0,6.73,3.71,0.43,1.76,4.537617636420976,-0.008122321452261438,11.874000000000004,11.816,12.112694256064676,4.604869160462334,4.580767925873063,4.6023164560390315,12.915000000000001,12.307090909090912,12.975770310157424,4.645911969433487,4.623742697071542,4.675612957294511,14.832000000000003,13.847714285714288,14.348601532160721,4.821899203174483,4.7634871048171235,4.735156154974706,15.656333333333333,14.681698924731185,15.364336947065356,4.779191119643327,4.78057120437296,4.74284496301234,18.511166666666668,16.484683060109294,17.718704054305398,4.703836827563851,4.734183707648419,4.724987853541276,7.245832891260123
2008-10-21,sz000901,12.02,11.89,12.67,11.86,47070,25040400.0,6.74,-1.08,-0.13,2.41,4.672744198306599,0.135126561885623,11.786000000000005,11.821333333333333,12.038462837376452,4.593752114448292,4.6033929384878185,4.625792370128221,12.6,12.12072727272727,12.778357526492437,4.637678215768737,4.628621284139381,4.675091364751254,14.5935,13.567523809523811,14.114449005288272,4.831457832704368,4.749281866258277,4.729212159101553,15.504999999999999,14.438709677419357,15.140186176286948,4.789697468928777,4.773703661060914,4.738322333031324,18.297666666666665,16.267595628415304,17.527599003344566,4.698012470886618,4.733164277180967,4.72327494681227,7.398641262094513
2008-10-22,sz000901,11.62,11.59,12.22,11.57,34356,17623352.0,5.47,-2.52,-0.3,1.76,4.536002594069224,-0.13674160423737547,11.736000000000002,11.756,11.888975224917635,4.59578565470201,4.584143098361462,4.595862444775222,12.272,11.937090909090909,12.56229252167563,4.633438624658414,4.610134807466743,4.649802497354521,14.422,13.28147619047619,13.874025290498912,4.819671975749161,4.721143272102549,4.7108112481460935,15.333,14.186129032258068,14.911141906849082,4.790695159566907,4.7573362497796525,4.7252694466466725,18.067999999999998,16.047672131147543,17.332923626185725,4.689117614270428,4.727852477941053,4.717134869673154,7.246088515690709
2008-10-23,sz000901,11.33,11.59,11.75,10.99,36488,17992752.0,6.56,0.0,0.0,1.87,4.562150059232882,0.026147465163657735,11.736000000000004,11.707333333333334,11.789316816611757,4.5708508891805835,4.572931233205086,4.584624982927775,12.007000000000001,11.813090909090908,12.385512063189152,4.63030508636324,4.597173250116645,4.633865690423314,14.2895,13.011761904761906,13.656499072356159,4.809955660918147,4.696617375291475,4.696653039678169,15.113999999999999,13.944645161290321,14.696874687052368,4.7734665784246015,4.74259140459681,4.714745615200622,17.848833333333335,15.83527868852459,17.144631048277994,4.685320643556156,4.723689607284085,4.71205340047839,7.255097593974122
2008-10-24,sz000901,11.73,11.64,12.13,11.55,34104,17359454.0,5.0,0.43,0.05,1.74,4.532805319639076,-0.02934473959380579,11.746000000000004,11.675333333333333,11.739544544407838,4.568263961533751,4.5602493766912495,4.567351761831542,11.886,11.746363636363636,12.24996441533658,4.607708050213901,4.579446019803161,4.615491077553452,14.09,12.759428571428572,13.464451541655572,4.807300904824862,4.670222104693468,4.681048494912541,14.919,13.720516129032257,14.499656965307054,4.76376848833753,4.727064871771939,4.703007531616006,17.639333333333333,15.631710382513665,16.964151341777075,4.683663659029922,4.718689104860574,4.706176414221363,7.239536061363735
2008-10-27,sz000901,11.55,10.86,11.64,10.52,39023,18483428.0,9.62,-6.7,-0.78,2.0,4.5913206539196745,0.05851533428059863,11.514000000000005,11.379999999999999,11.446363029605227,4.579004565033491,4.5679349408198915,4.575341392527587,11.693999999999999,11.559818181818182,11.99724361254811,4.591936862747913,4.576466493204211,4.611096455074583,13.7755,12.45180952380952,13.216408537688375,4.783037645776054,4.649652556988213,4.672502986246554,14.693,13.458645161290324,14.264840386900149,4.756929011749743,4.715939205035302,4.695801926603339,17.407500000000002,15.409437158469945,16.764015232210614,4.682899847170707,4.715661465348763,4.7024106515885205,7.266782520099457
2008-10-28,sz000901,10.88,11.21,11.26,10.68,45020,21552892.0,5.34,3.22,0.35,2.3,4.653405490664501,0.06208483674482679,11.378000000000004,11.278666666666668,11.367575353070151,4.575136823505071,4.59273524936356,4.6013627585732255,11.581999999999999,11.471818181818183,11.854108410266635,4.584444468976682,4.587642607370863,4.618789007000022,13.394499999999999,12.207476190476191,13.025322010289482,4.743643434826415,4.637306637453778,4.670684177143502,14.475666666666667,13.233935483870969,14.067753910325946,4.750118783507009,4.709260268191093,4.693066672671802,17.18566666666667,15.20624043715847,16.58191637213813,4.685881235302802,4.7146944372665915,4.700803925000848,7.3335055527043265
2008-10-29,sz000901,11.46,10.14,11.51,10.14,44226,20481288.0,12.22,-9.55,-1.07,2.26,4.645677661583387,-0.007727829081114024,11.088000000000003,10.866000000000001,10.958383568713435,4.5970718370079044,4.616248862056334,4.616134392909946,11.411999999999999,11.209636363636363,11.542452335672701,4.596428745854958,4.598775915117537,4.623677853287907,12.9725,11.897523809523811,12.75052943788096,4.71356622778484,4.627976563811586,4.668302604233015,14.233666666666666,12.95421505376344,13.814350432240403,4.753754407593319,4.702522131292795,4.690009317117711,16.937833333333334,14.975234972677596,16.370705999281142,4.687729618295614,4.71337628730858,4.698996506528144,7.311357264496363
2008-10-30,sz000901,10.3,10.21,10.3,9.67,39003,16769026.0,6.21,0.69,0.07,1.99,4.591098013009509,-0.054579648573878536,10.812000000000003,10.573333333333334,10.70892237914229,4.60286142776323,4.614257587390201,4.607788932943134,11.274000000000001,10.991090909090909,11.300188274641302,4.586856158471907,4.597806690963819,4.617754245964561,12.536999999999999,11.634428571428572,12.508574253320868,4.669943648612512,4.616312924309174,4.660949786021253,13.973999999999998,12.694623655913981,13.581811694676507,4.746866167701196,4.692028170351905,4.683627942659117,16.68,14.75465027322404,16.168715638648973,4.681937672191875,4.710208037954935,4.695458851002943,7.224507838091486
2008-10-31,sz000901,10.07,9.49,10.18,9.42,26198,11050215.0,7.44,-7.05,-0.72,1.34,4.418268137803801,-0.17282987520570803,10.382000000000001,10.132666666666667,10.302614919428194,4.579953991396175,4.552726490737059,4.544615334563356,11.064,10.666727272727272,10.97106313379743,4.574108976464963,4.567154323569618,4.581484044480786,12.1585,11.344238095238097,12.221090991099834,4.62996181179257,4.592343828041677,4.6378372480957815,13.734333333333332,12.405333333333333,13.317823843407055,4.736034190295515,4.670828297455298,4.666507955249098,16.4195,14.518912568306009,15.949741355414579,4.678711826763318,4.701563135188114,4.686370630898053,7.043370728012554
2008-11-03,sz000901,9.56,9.53,9.8,9.44,21833,9063452.0,3.79,0.42,0.04,1.12,4.339113414771401,-0.07915472303240012,10.116000000000003,9.848666666666668,10.04507661295213,4.52951254356652,4.4724462985288005,4.476114694632704,10.815000000000001,10.387818181818181,10.709051654925169,4.554258554300006,4.524427857807153,4.537416657260898,11.865,11.093904761904763,11.964796610995087,4.600085261866747,4.564643980706328,4.609387359207745,13.492999999999999,12.134086021505375,13.073448111574343,4.732685653549656,4.645220505486,4.645385726831182,16.1935,14.29302732240437,15.73925803228623,4.674898384873924,4.690428761024443,4.674985148402097,6.957293639069508
2008-11-04,sz000901,9.71,9.78,10.12,9.49,53827,22686138.0,6.61,2.62,0.25,2.75,4.731000175473266,0.39188676070186546,9.830000000000004,9.736666666666668,9.956717741968088,4.545031480528273,4.539608842497716,4.561076521579558,10.604000000000001,10.199636363636362,10.540133172211501,4.560084152016672,4.556562698020472,4.572613660572237,11.602,10.895333333333333,11.756720743281269,4.598881183892705,4.577112067716471,4.6209695321854145,13.263666666666667,11.894537634408602,12.860967588246966,4.740999939141803,4.645111764964944,4.650909239646801,15.961999999999998,14.082748633879781,15.543872523030943,4.678686344357037,4.692268163994915,4.6768217066667255,7.3557605695718085
2008-11-05,sz000901,9.8,10.12,10.16,9.65,54436,23295002.0,5.21,3.48,0.34,2.78,4.7358862054043565,0.004886029931090441,9.826000000000004,9.833333333333334,10.011145161312058,4.563073189292466,4.603227084123077,4.619346416187825,10.456999999999999,10.111636363636363,10.4637453227185,4.580072513150185,4.588526707727324,4.60229957781444,11.364500000000001,10.754190476190477,11.60084257725448,4.606755568904299,4.590160165003296,4.631913977253885,13.100333333333333,11.691720430107528,12.684130969650388,4.739805488216168,4.644781846659301,4.656391624534385,15.747333333333332,13.891207650273225,15.36604063702993,4.684729170027546,4.694143569275154,4.678758247608943,7.367262752070736
2008-11-06,sz000901,9.78,10.05,10.43,9.67,61689,26953190.0,7.51,-0.69,-0.07,3.15,4.790207730237464,0.05432152483310748,9.794000000000002,9.908,10.02409677420804,4.602895132738057,4.67893859777141,4.676300187537705,10.303,10.037636363636363,10.388518900406046,4.6028782802506445,4.6267331108341025,4.636464696436808,11.155,10.629000000000001,11.453143284182625,4.616591683306942,4.6076317994159774,4.64698957277613,12.960666666666667,11.494924731182794,12.514187036124557,4.740929867362312,4.648033604209062,4.665024921676519,15.535666666666666,13.704409836065574,15.191744222701079,4.691280296019027,4.69760188272466,4.682412329006599,7.4306101727661975
2008-11-07,sz000901,9.87,10.0,10.12,9.67,36124,15403125.0,4.48,-0.5,-0.05,1.85,4.557795833605629,-0.23241189663183537,9.896000000000004,9.976666666666667,10.016064516138695,4.630800671898423,4.6639054980606,4.636798736227012,10.139,9.982545454545454,10.317879100332219,4.605377331647299,4.61853630235319,4.622161266831139,11.0125,10.518999999999998,11.314748685689041,4.6065426909306,4.60203219468252,4.638494930950368,12.773,11.303913978494624,12.351981420890715,4.739993047099007,4.636218505257018,4.6581069159945265,15.316,13.522912568306008,15.021523100645304,4.6935015216276765,4.693225342973401,4.67832654227214,7.187608839834819
2008-11-10,sz000901,10.09,10.79,10.86,10.03,69710,31565244.0,8.3,7.9,0.79,3.56,4.843295082736507,0.2854992491308783,10.148000000000001,10.274666666666667,10.27404301075913,4.731637005491445,4.734736968339961,4.705630851730177,10.132,10.10090909090909,10.403719263908178,4.6305747745289825,4.661794075278501,4.662367415177569,10.913,10.497809523809524,11.264772620385324,4.611255818638447,4.6245800415211775,4.657999707310953,12.561,11.175978494623655,12.25120842599454,4.732216688693698,4.642883152717502,4.6700545396552995,15.135333333333334,13.374519125683062,14.882784638329063,4.6964956997152285,4.698136607272051,4.68373534687753,7.4992091507818275
2008-11-11,sz000901,10.79,10.41,10.79,10.39,60073,27403874.0,3.71,-3.52,-0.38,3.07,4.778679320825542,-0.0646157619109653,10.274000000000003,10.362,10.319362007172753,4.741172834561899,4.750417740117994,4.729980341428632,10.052000000000001,10.151454545454547,10.404861215924871,4.643102157545086,4.6887221746051475,4.683515034386291,10.817,10.449904761904762,11.18336570415815,4.613773313260884,4.640525136967567,4.669493003836153,12.280333333333335,11.037204301075269,12.132420785607795,4.71012967573264,4.645880741887298,4.67706259005338,14.983833333333333,13.219590163934425,14.736135961662537,4.698563848113127,4.700831152226488,4.686848264056153,7.437811962013653
2008-11-12,sz000901,10.36,10.97,11.1,10.27,57841,26679052.0,7.97,5.38,0.56,2.96,4.762235792770701,-0.016443528054840506,10.444000000000003,10.594,10.53624133811517,4.746442752035168,4.757438726187595,4.740732158542656,10.135000000000002,10.318363636363637,10.507613722120348,4.654757970663818,4.71038283555526,4.697827899547092,10.7735,10.46447619047619,11.163045160904993,4.625593358259387,4.654664420730407,4.678325650401348,12.026666666666666,10.952666666666667,12.057425896213743,4.6939634754111665,4.649242426857497,4.682557635389982,14.873333333333333,13.087989071038251,14.612656094067043,4.701183313033163,4.702918756969359,4.689319986309089,7.426170393517243
2008-11-13,sz000901,10.65,11.33,11.57,10.61,81535,39314892.0,8.75,3.28,0.36,4.17,4.911344075536678,0.14910828276597687,10.700000000000003,10.889333333333333,10.800827558743446,4.770670021095011,4.812405834021431,4.797602797540663,10.247,10.535636363636364,10.657138499916648,4.686782576916534,4.757034854623052,4.736649022454289,10.760499999999999,10.517476190476192,11.178945621771184,4.636819367694221,4.681878774756816,4.700517881366617,11.773666666666667,10.907720430107526,12.010495193232211,4.6755566247138525,4.663266981704303,4.697318050883317,14.765166666666666,12.971814207650272,14.505028025409107,4.707450812291396,4.709809273772752,4.696599464644419,7.5945570869749774
2008-11-14,sz000901,11.37,11.89,12.0,11.17,83305,41673400.0,7.33,4.94,0.56,4.26,4.920671068720615,0.009326993183937482,11.078000000000003,11.286000000000001,11.163885039162299,4.843245068118009,4.862406183229965,4.838625554600648,10.487,10.834363636363635,10.881295136295439,4.737022870008216,4.799560034951068,4.7701075763208935,10.775500000000001,10.62504761904762,11.246665086364406,4.655565923236589,4.7089122700926636,4.721484851590807,11.601333333333335,10.915225806451613,12.002721309797876,4.665648831197785,4.679080816801513,4.7117279230018525,14.663333333333332,12.87754644808743,14.419289401625202,4.715531788019308,4.7168001018523995,4.70394607461413,7.619858934606576
2008-11-17,sz000901,11.82,12.78,12.92,11.68,85588,45578408.0,10.43,7.49,0.89,4.38,4.932412878005291,0.011741809284675497,11.476000000000003,11.853333333333333,11.7025900261082,4.861068627171766,4.892128786525727,4.869887995735529,10.812000000000001,11.251272727272728,11.226514202423541,4.796352816331605,4.835085490950536,4.799617631172602,10.813500000000001,10.81595238095238,11.392696982901128,4.675305685315805,4.735278646737301,4.741573235058853,11.514,10.991268817204302,12.052868322068981,4.665507780021699,4.696291400466515,4.725965662034333,14.569166666666666,12.815797814207649,14.365542208129293,4.723597686580019,4.723910957261776,4.711436789479414,7.658759151715575
2008-11-18,sz000901,12.67,11.55,12.78,11.55,87261,45334152.0,9.62,-9.62,-1.23,4.46,4.940820185639037,0.008407307633746086,11.704000000000004,11.878000000000002,11.651726684072134,4.893496800134465,4.91871263934815,4.893532059036699,10.989,11.385454545454547,11.285329801982897,4.817334817348182,4.861352285370068,4.825290822893772,10.796499999999998,10.88609523809524,11.40767822262483,4.688709484682428,4.76056574200618,4.7605491351141085,11.397666666666668,10.993591397849462,12.020425204516146,4.671699061711196,4.714053491151504,4.739827244202379,14.4535,12.7168087431694,14.273229348846364,4.733240105010951,4.731033006411252,4.718957556566615,7.656425496427148
2008-11-19,sz000901,11.53,12.22,12.4,11.33,67609,34723676.0,9.26,5.8,0.67,3.46,4.830004512364254,-0.11081567327478314,11.954000000000004,12.05,11.841151122714756,4.907050544053175,4.8975485434247465,4.872356210145885,11.199000000000002,11.60927272727273,11.455269837986007,4.826746648044172,4.863655866282082,4.82614785734295,10.828,11.021666666666665,11.485042201422464,4.703409580597179,4.774022411309212,4.767163932947456,11.309333333333335,11.046645161290323,12.03330099777317,4.68008592861759,4.724266746032346,4.745645132470887,14.338833333333332,12.64357923497268,14.20591035380222,4.732418952024332,4.734205609931032,4.722598440363258,7.5406256952489255
2008-11-20,sz000901,12.02,12.29,13.16,11.91,86032,46797832.0,10.23,0.57,0.07,4.4,4.934660019133044,0.10465550676878976,12.146000000000003,12.162,11.990767415143171,4.911713732772448,4.906751701784702,4.893124146474937,11.422999999999998,11.807636363636362,11.607038958352186,4.841191876933729,4.883276479207331,4.845877341304785,10.863000000000001,11.160904761904762,11.56170484890604,4.722035078592187,4.796046262598342,4.783115941155607,11.244333333333334,11.109913978494623,12.049862223723288,4.691458414515872,4.740690880904311,4.757839641287801,14.194333333333335,12.576404371584701,14.143093620890673,4.730631393574976,4.740836464590334,4.7295512790114485,7.670225734009039
2008-11-21,sz000901,11.75,13.01,13.48,11.48,165278,91404224.0,16.27,5.86,0.72,8.45,5.218215048886224,0.28355502975318014,12.370000000000003,12.45,12.330511610095447,4.97122252880557,5.008918807155961,5.001487780612033,11.724,12.096181818181819,11.862122784106333,4.90723379846179,4.9518261468350575,4.913575106319592,10.9315,11.365380952380951,11.699637720438798,4.756305565054544,4.8433014978644415,4.824553951415666,11.249666666666666,11.223827956989247,12.111806596386304,4.706773060107663,4.774675179895946,4.7875412804877,14.063666666666668,12.537573770491802,14.105943010369666,4.735978925456995,4.756822813944801,4.7455730419581625,7.960966265947219
2008-11-24,sz000901,13.01,11.91,13.01,11.86,104501,55501488.0,8.84,-8.46,-1.1,5.34,5.019120446355244,-0.19909460253097944,12.196000000000003,12.296666666666665,12.190341073396965,4.988564042475561,5.02488477967252,5.00736533585977,11.836,12.13,11.870827732450635,4.924816334823663,4.972169173724776,4.932765168144257,10.984,11.458571428571426,11.71967222325415,4.777695554676322,4.868331486559745,4.843084093790864,11.220666666666666,11.266430107526883,12.098786815974284,4.715775990700186,4.794826624169983,4.802481871833994,13.927833333333332,12.466961748633878,14.033944878882135,4.7426427388796535,4.766106142498843,4.754541809315444,7.74430462675378
2008-11-25,sz000901,12.02,11.51,12.2,11.1,57000,28552006.0,9.24,-3.36,-0.4,2.91,4.7558748556724915,-0.2632455906827529,12.188000000000002,12.068,11.963560715597977,4.951574976482251,4.947321717404829,4.923535175797344,11.946,12.070727272727272,11.805222690186884,4.922535888308358,4.941452541151836,4.90060329314939,10.999,11.508666666666667,11.699703440087088,4.782819022926722,4.866253324749857,4.834778452065305,11.193333333333333,11.285096774193548,12.060800569782396,4.716694171610042,4.797413647716585,4.79947496756551,13.789,12.387688524590162,13.951192587771246,4.747272484847689,4.766539982393689,4.75458551575338,7.455636626211495
2008-11-26,sz000901,11.46,11.46,11.8,11.39,23645,11865024.0,3.56,-0.43,-0.05,1.21,4.373739318351445,-0.3821355373210462,12.036000000000003,11.825333333333335,11.795707143731985,4.860321937679689,4.754709831361228,4.740269889982045,11.995,11.982363636363635,11.742454928334723,4.8836862408664325,4.841671346614215,4.804809843186127,11.065,11.552571428571428,11.676874541031175,4.769222105765126,4.827293352885545,4.790869963140175,11.180666666666667,11.302301075268817,12.022039242699663,4.711624319128402,4.775287528151513,4.772008151487184,13.681833333333334,12.311327868852459,13.869514142270548,4.741256809450816,4.75429299332824,4.742098755182824,7.074268621024241
2008-11-27,sz000901,12.22,11.53,12.31,11.46,53912,27851686.0,7.42,0.61,0.07,2.76,4.731685443363646,0.3579461250122007,11.884000000000004,11.656666666666666,11.707138095821325,4.81972702252581,4.711830999922546,4.737408407775912,12.014999999999999,11.897818181818181,11.70382675954659,4.865720377649129,4.814034837977345,4.791514497763857,11.131,11.596857142857141,11.662886489504396,4.776251477282832,4.8237184326568325,4.785233342209078,11.178666666666667,11.324838709677417,11.990294775428717,4.713119704345857,4.776581794231207,4.769406686446956,13.59,12.240775956284152,13.79280876055676,4.74180119823109,4.753979178046692,4.74175733512318,7.444851490293718
2008-11-28,sz000901,11.37,11.28,11.71,11.21,30956,15336924.0,4.34,-2.17,-0.25,1.58,4.490744837987661,-0.24094060537598505,11.538000000000002,11.455333333333334,11.56475873054755,4.674232980346098,4.602170271743163,4.655187217846495,11.953999999999999,11.764181818181818,11.626767348719937,4.822727754575834,4.745857467129806,4.736829105077276,11.2205,11.61104761904762,11.626421109551597,4.779875312292025,4.79652732415253,4.757186817997515,11.168333333333333,11.33137634408602,11.944469306046221,4.711286533683004,4.76223502865971,4.751428502675389,13.501499999999998,12.165038251366118,13.710421588079488,4.743714343984419,4.745747821973137,4.733527417184311,7.185738265494216
2008-12-01,sz000901,11.46,11.82,11.86,11.12,41771,20922260.0,6.56,4.79,0.54,2.14,4.62087487242297,0.13013003443530913,11.520000000000001,11.549333333333331,11.649839153698368,4.594583865559643,4.5843842357687885,4.643749769371987,11.858,11.739818181818183,11.661900558043584,4.7915739540176014,4.709156943102012,4.715746517321947,11.334999999999999,11.668142857142858,11.644857194356208,4.793963385174604,4.781384425117381,4.744204727942797,11.161666666666667,11.37341935483871,11.936439028236787,4.71406177488307,4.756402018255838,4.7430056878203946,13.408999999999999,12.109907103825137,13.64844055240475,4.746626447263198,4.741720298315385,4.729833891126562,7.32060859475148
2008-12-02,sz000901,11.57,12.96,12.96,11.35,160167,86949832.0,13.62,9.64,1.14,8.19,5.204573041122633,0.5836981686996632,11.810000000000002,12.029333333333334,12.086559435798913,4.68432350264967,4.787713960956451,4.830690859955537,11.998999999999999,11.940181818181818,11.897918638399297,4.817949239565961,4.784247686212018,4.80462406710389,11.494,11.822904761904764,11.770108890131807,4.817642028457072,4.820490106636242,4.788049329198019,11.197333333333335,11.489440860215057,12.002475219963447,4.731789402976939,4.788047906400325,4.77278422674312,13.351166666666668,12.095185792349728,13.625868731014432,4.7607434359528575,4.756734940737006,4.745399109159219,7.939268747218048
2008-12-08,sz000901,13.12,13.68,13.97,13.12,214651,125872792.0,6.56,5.56,0.72,10.98,5.331732916078772,0.12715987495613845,12.254000000000001,12.652666666666669,12.61770629053261,4.875922222195136,5.003517098766151,4.997704878663281,12.145,12.245818181818182,12.221933431417607,4.868122079937413,4.877662900123438,4.900462039644777,11.672,12.031095238095237,11.952003281547825,4.847434363990792,4.869451143552595,4.839828718424758,11.267,11.649612903225806,12.110702625127097,4.758313747043924,4.82675393950367,4.80884543250671,13.3,12.105967213114754,13.627643526718876,4.774504453305415,4.775455907298511,4.764623168402483,8.099931865443489
2008-12-09,sz000901,13.52,15.02,15.02,13.3,222102,136911312.0,12.57,9.8,1.34,11.36,5.346552469332144,0.014819553253372142,12.952000000000004,13.574666666666667,13.418470860355074,4.998895627388836,5.160393847811821,5.113987408886236,12.418,12.768545454545455,12.730672807523495,4.909311324957324,4.964650243649753,4.981569390497025,11.9205,12.34995238095238,12.244193445209936,4.875251600945527,4.9169862012041525,4.88808812327308,11.381333333333334,11.891741935483873,12.298399229957607,4.784460494047232,4.864704824812588,4.843536209076093,13.247666666666667,12.162360655737704,13.673294558629733,4.778963536235917,4.794211579955125,4.783702817613292,8.136439332255403
2008-12-10,sz000901,15.02,14.95,15.18,14.19,182052,117036224.0,6.59,-0.47,-0.07,9.31,5.260195454399832,-0.08635701493231185,13.686000000000002,14.240666666666668,13.92898057357005,5.15278575067127,5.247493790148819,5.162723424057435,12.612,13.228909090909092,13.134186842519224,4.913509365508683,5.028447358093845,5.03222867484299,12.168000000000001,12.63847619047619,12.501889307570895,4.9103715819852365,4.953647520580751,4.9235269167137234,11.491666666666667,12.121978494623654,12.469470247379698,4.80870683187259,4.895397402899852,4.8704174507098825,13.205333333333334,12.218174863387977,13.715153753428758,4.78623766010506,4.809989675632631,4.799325527016129,8.068320301476637
2008-12-11,sz000901,15.13,14.26,15.2,14.19,100731,64228264.0,6.76,-4.62,-0.69,5.15,5.003163145400541,-0.25703230899929075,14.174000000000003,14.432,14.039320382380033,5.229243405266784,5.19761958839191,5.109536664505137,12.847,13.528545454545453,13.338880143879365,4.911913635413213,5.0447480453469105,5.026944033126181,12.3415,12.837714285714286,12.669328421135573,4.918364985118439,4.962484812334591,4.931111319445802,11.605,12.300580645161292,12.584988295935847,4.822434914921954,4.907942971514559,4.878981689077023,13.149000000000001,12.252754098360654,13.73301756479175,4.789681963335848,4.817101986625925,4.806008727618896,7.8077261838012815
2008-12-12,sz000901,13.92,13.97,14.15,13.3,94779,56698996.0,5.96,-2.03,-0.29,4.85,4.976712122207094,-0.026451023193446943,14.376000000000001,14.363999999999999,14.016213588253356,5.183671221483676,5.113442494038679,5.065261817072457,13.093,13.732727272727274,13.45362920862857,4.933997362066674,5.056529588400344,5.0178109584136195,12.519499999999999,12.992809523809525,12.793201904836947,4.928266625187516,4.968041682533511,4.935454253042116,11.697,12.453161290322582,12.674343889746439,4.833211802640039,4.917896339726502,4.885286878311221,13.086333333333334,12.27967213114754,13.740787480700217,4.791665293073524,4.823234122982359,4.811605560228346,7.75357536867209
2008-12-15,sz000901,13.92,14.6,15.27,13.92,115634,74048328.0,9.66,4.51,0.63,5.91,5.0630855489749775,0.08637342676788329,14.560000000000002,14.438666666666668,14.210809058835572,5.129941748062918,5.073247269869113,5.064536394373298,13.407,14.006727272727273,13.662060261605193,5.002931985129027,5.080000167838216,5.026042702152048,12.700999999999999,13.190952380952378,12.965277913900096,4.94330911299773,4.980881580037079,4.947609614559532,11.845666666666666,12.640451612903224,12.798579767827313,4.847125398886425,4.932726904006175,4.896757760289528,13.039666666666667,12.329300546448088,13.76895838297234,4.800439903239872,4.832133147766013,4.819850805761022,7.869515256664496
2008-12-16,sz000901,14.69,14.71,15.07,13.97,82569,52237992.0,7.53,0.75,0.11,4.22,4.91681702485131,-0.1462685241236672,14.498000000000001,14.488666666666667,14.377206039223715,5.043994659166751,5.0022056954652445,5.015296604532636,13.725,14.243636363636364,13.852594759495158,5.021445143277793,5.064342902333176,5.006183488097368,12.870000000000001,13.382285714285718,13.131441922100086,4.943582760463461,4.978358524023134,4.944676986968273,11.995666666666667,12.825247311827955,12.921897202161036,4.857982699281153,4.9372231379393945,4.898051906390289,12.984833333333334,12.384065573770492,13.799812206481445,4.802424433491173,4.835948791097535,4.8230300260590635,7.717986474544195
2008-12-17,sz000901,14.75,15.25,15.74,14.31,149120,99254472.0,9.72,3.67,0.54,7.62,5.173535895009906,0.25671887015859607,14.558000000000002,14.739333333333333,14.668137359482479,5.026662747288766,5.045386107412963,5.068043034691726,14.122,14.52090909090909,14.106668439586947,5.089724248980017,5.09199576628447,5.036611198445102,13.038,13.608952380952381,13.333209358090555,4.956226001777926,5.000258822551365,4.966473073448428,12.187666666666667,13.035204301075268,13.072097382666776,4.883158291188023,4.9575814086315715,4.915825066946394,12.961,12.458333333333332,13.847359347252544,4.809596240741769,4.848116379999789,4.8345220217623694,7.996750083406633
2008-12-18,sz000901,15.13,15.43,15.76,14.73,106106,70919176.0,6.75,1.18,0.18,5.43,5.025739942744089,-0.14779595226581765,14.792000000000002,15.030000000000001,14.92209157298832,5.0311781067574755,5.045078505898071,5.053942004042514,14.483,14.758727272727272,14.347274177843865,5.13021075601213,5.080362256059756,5.034634606499463,13.170499999999999,13.836761904761905,13.532903704939073,4.960892355014866,5.006879197881477,4.972117537190873,12.384333333333334,13.244387096774192,13.224220132172146,4.906045842120445,4.9667802248609965,4.922916349255924,12.938666666666666,12.539284153005465,13.899249204719673,4.819365747835051,4.855203058753963,4.840791461794557,7.850763680951271
2008-12-19,sz000901,15.31,15.36,15.69,15.09,95724,64126316.0,3.89,-0.45,-0.07,4.89,4.981020838098854,-0.04471910464523443,15.070000000000002,15.219333333333335,15.06806104865888,5.032039849935828,5.028359416345197,5.029634948727961,14.722999999999999,14.918181818181818,14.531406145508615,5.107855535709752,5.05323681643916,5.024886648608442,13.361,14.045285714285713,13.706912875897256,4.962902387637856,5.0087961962704295,4.9729654706106805,12.570333333333334,13.436365591397852,13.362012381709427,4.914379864207964,4.971617321375732,4.926665025955468,12.917,12.61867213114754,13.947142673417389,4.827689901674884,4.860503225647859,4.84538914626355,7.807036290800943
2008-12-22,sz000901,15.36,15.09,15.38,14.48,92153,59935784.0,5.86,-1.76,-0.27,4.71,4.9645094780492665,-0.016511360049587864,15.168000000000003,15.225999999999999,15.075374032439253,5.012324635750685,5.005849292383009,5.007926458501729,14.863999999999999,14.98490909090909,14.632968664507048,5.071133191906801,5.027173896864527,5.013908981234046,13.504499999999998,14.209952380952382,13.838635459145138,4.969627635922107,5.008949252500086,4.972160137985784,12.735999999999999,13.598924731182796,13.473495453857206,4.922000639962795,4.9748514900106535,4.929106603509906,12.918166666666668,12.689918032786887,13.98461340543649,4.830903064089482,4.864989113397838,4.849294730912262,7.777686190562717
2008-12-23,sz000901,15.04,14.01,15.27,14.01,67887,43634100.0,8.35,-7.16,-1.08,3.47,4.831786617155269,-0.1327228608939972,15.028000000000002,14.840000000000002,14.720249354959503,4.995318554211478,4.945669952851205,4.94921317805291,14.763000000000002,14.829636363636364,14.519701634596675,5.0196566066891135,4.983656337818793,4.980795824128814,13.5905,14.258095238095237,13.854955891607506,4.964483965823218,4.995821536427055,4.958791231240021,12.867999999999999,13.68111827956989,13.508108650382548,4.923386602860057,4.969031230474685,4.922827894712833,12.914333333333333,12.725715846994536,13.985445752799226,4.832158235111184,4.865018082350815,4.848720694395639,7.639826022606747
2008-12-24,sz000901,13.63,14.28,14.35,13.59,64443,39420812.0,5.42,1.93,0.27,3.3,4.809175749827857,-0.02261086732741191,14.834000000000003,14.590666666666664,14.573499569973002,4.922446525175067,4.883622351389998,4.902534035311225,14.696000000000002,14.74181818181818,14.47611951921546,4.974554636231916,4.945387091116747,4.949592174255912,13.654,14.323761904761904,13.895436282882981,4.9440320008703,4.98103027776083,4.944542137772195,13.010666666666667,13.77221505376344,13.557908092293353,4.931765933400796,4.961662788343577,4.915495498268642,12.891833333333333,12.770491803278688,13.99510326910089,4.835879490249902,4.864264558243166,4.84742413883604,7.5957255657447265
2008-12-25,sz000901,14.24,14.13,14.42,13.61,46543,28335884.0,5.67,-1.05,-0.15,2.38,4.667854372965648,-0.14132137686220947,14.574000000000002,14.356,14.425666379982001,4.850869411219379,4.798758300653524,4.824307481196033,14.683000000000002,14.638909090909088,14.413188697539923,4.941023758988427,4.889623406886516,4.898367119475863,13.765,14.369095238095237,13.917775684513172,4.9264686972008205,4.954727646531815,4.918190922076334,13.122000000000002,13.844430107526879,13.594817247629267,4.925917909741767,4.944636236057436,4.899518651474901,12.841499999999998,12.81108743169399,13.999526112736927,4.829067299217733,4.858755538004338,4.841536605528813,7.452336765956988
2008-12-26,sz000901,14.1,14.66,15.31,13.95,105058,67430672.0,9.62,3.75,0.53,5.37,5.021429128836864,0.35357475587121634,14.434000000000003,14.384666666666666,14.50377758665467,4.858951069366981,4.855611539859353,4.89001469707631,14.752,14.634727272727272,14.458063479805391,4.945495459651404,4.904242565040779,4.920742030268772,13.9225,14.454333333333333,13.988463714559536,4.939746410859039,4.963771497163819,4.928023132244004,13.263666666666666,13.943655913978494,13.663538715524153,4.934009570008811,4.950798250192604,4.90738384356277,12.772,12.870710382513662,14.021180994286535,4.8220696228707265,4.865062483237751,4.84743472104711,7.8288574877863475
2008-12-29,sz000901,14.42,15.18,15.54,14.35,92928,61281584.0,8.12,3.55,0.52,4.75,4.9681465903479625,-0.05328253848890174,14.452000000000004,14.633333333333335,14.72918505776978,4.85967849182672,4.892010046853013,4.916058661500195,14.810000000000002,14.712545454545456,14.589324665295319,4.936001563788703,4.908360952440153,4.929361041192261,14.108499999999998,14.574095238095238,14.10194336079196,4.969466774458865,4.966476276162765,4.93184441396819,13.404,14.067290322580646,13.76137492742582,4.940873263261387,4.953000638601582,4.911304020774718,12.715333333333332,12.94966120218579,14.05917506004763,4.817418369336277,4.869851892007497,4.851392487253695,7.78732998236816
2008-12-30,sz000901,15.07,14.8,15.54,14.71,66639,43686420.0,5.47,-2.5,-0.38,3.41,4.823728471325795,-0.14441811902216717,14.610000000000003,14.749333333333334,14.752790038513188,4.858066862660825,4.8800267066860386,4.885281931442062,14.818999999999999,14.710727272727274,14.62762927160526,4.926692708436152,4.887947662901442,4.910155119398358,14.272,14.639952380952382,14.16842494547844,4.974068925856972,4.952596437769138,4.921547657526058,13.519666666666666,14.15735483870968,13.828382996624155,4.937952743121024,4.945442910089608,4.905653985326401,12.646666666666668,13.018010928961749,14.08346440234115,4.806754683917439,4.870058780597318,4.850485470338025,7.640346456750115
2008-12-31,sz000901,14.8,14.1,14.98,13.61,61122,37879332.0,9.26,-4.73,-0.7,3.13,4.786197556541994,-0.037530914783800995,14.574000000000003,14.579333333333333,14.535193359008792,4.853471224003654,4.8560702713130945,4.852253806475373,14.703999999999999,14.580000000000002,14.53169667676794,4.88795887458936,4.862403089829776,4.887617380697201,14.413,14.623571428571427,14.161908284004303,4.988841561784689,4.934703926405807,4.908657171718052,13.593333333333334,14.19479569892473,13.845906674261308,4.933470292715071,4.935652252890961,4.897947118953214,12.597333333333331,13.065661202185792,14.084006553084063,4.7995595619564275,4.8693847764210725,4.848377669885696,7.578402311638735
2009-01-05,sz000901,14.35,14.62,14.82,13.9,60620,37999188.0,6.52,3.69,0.52,3.1,4.782615932031604,-0.0035816245103905686,14.672000000000002,14.594666666666665,14.563462239339195,4.876423535816844,4.832451840655745,4.829041181660783,14.623,14.564727272727271,14.547751826446495,4.863646473518111,4.843249827546548,4.868526208212547,14.553,14.643285714285717,14.205536066480084,4.99692861476512,4.915063390238847,4.896653244128866,13.654666666666667,14.261032258064514,13.895848179147675,4.928477061182615,4.925919713492028,4.890506397216336,12.584333333333332,13.131978142076505,14.10158010872065,4.796992420602157,4.86882924757108,4.846221547333103,7.579774316330307
2009-01-06,sz000901,14.48,15.36,15.65,14.48,113235,74904240.0,8.0,5.06,0.74,5.79,5.053980684427165,0.2713647523955611,14.812000000000003,14.824000000000002,14.82897482622613,4.882933846934904,4.891637556859185,4.9040210159162445,14.623000000000001,14.698727272727272,14.695433312547133,4.870942458150942,4.8778560477118305,4.902245203887931,14.672999999999998,14.720142857142859,14.3154850125296,4.989398996930347,4.920496920682852,4.9116368098715615,13.781666666666666,14.371053763440862,13.9903095869446,4.932249077808886,4.934016721443288,4.901053125423486,12.589666666666666,13.222983606557376,14.142839777287186,4.801974069760041,4.877255092286653,4.853033322319794,7.874506401898201
2009-01-07,sz000901,15.36,15.69,16.23,15.09,140161,96570088.0,7.42,2.15,0.33,7.17,5.14662718737518,0.09264650294801502,14.914000000000001,15.116666666666667,15.115983217484086,4.918629966340347,4.979535337005943,4.984889739735889,14.683000000000002,14.892727272727273,14.876263619356745,4.889154229083534,4.927980543934419,4.946678291794703,14.773499999999999,14.817,14.446391201812496,4.9801437104951685,4.93547103405855,4.934016845824287,13.897333333333332,14.494172043010751,14.099967032948173,4.942803166975916,4.94784756722176,4.916896613291338,12.603333333333333,13.324633879781423,14.193566341966296,4.811444547796754,4.888555194503543,4.862659350682265,7.984842627158584
2009-01-08,sz000901,15.25,15.29,15.56,15.04,80840,53872492.0,3.31,-2.55,-0.4,4.13,4.907626304843267,-0.2390008825319132,15.012000000000004,15.241999999999997,15.173988811656058,4.935409533043842,4.9758674498402495,4.959135261438348,14.810999999999998,15.003090909090908,14.951488415837336,4.896738197852334,4.93133910316346,4.939577930530805,14.787,14.866190476190475,14.526734896877972,4.958197402270724,4.928564614472654,4.931503460968952,13.997333333333334,14.584021505376343,14.17674335340313,4.941902043166256,4.945578092245459,4.916298528875334,12.620833333333334,13.412721311475408,14.22951498649199,4.816680228841064,4.891708694734575,4.8641336770481995,7.7313670653327975
2009-01-09,sz000901,15.34,15.81,15.96,15.31,80369,54954812.0,4.25,3.4,0.52,4.11,4.9050885646052915,-0.00253774023797515,15.354000000000003,15.508000000000001,15.38599254110404,4.959187734656501,4.965760460360733,4.94111969582733,14.963999999999999,15.184727272727274,15.107581431139637,4.906329479330077,4.932857351663999,4.933307136726166,14.830000000000002,14.963619047619046,14.64895062098483,4.940442057780997,4.923506629933089,4.928987756553366,14.090666666666666,14.700967741935484,14.282114749957769,4.9314644936902265,4.943203029112493,4.915575305374041,12.670166666666667,13.517284153005463,14.281334167262745,4.819118776898944,4.894607328694059,4.865476460246793,7.7400057264874205
2009-01-12,sz000901,15.85,15.92,16.39,15.72,88384,62116160.0,4.24,0.7,0.11,4.52,4.946373652562518,0.04128508795722663,15.614,15.696666666666665,15.563995027402694,4.991939278762684,4.961489099662739,4.942871014739059,15.142999999999997,15.358545454545455,15.255293898205156,4.934181407289764,4.940138110433534,4.9356828668782295,14.913,15.067428571428572,14.770002942795799,4.937602583139095,4.924071543721805,4.930643556173285,14.224333333333334,14.818989247311828,14.387784766089526,4.929039600563801,4.944164910330061,4.917562295515233,12.7225,13.62383606557377,14.335060915877081,4.822407795631994,4.898779619699422,4.868128827207965,7.793204599948384
2009-01-13,sz000901,15.69,15.2,15.87,15.02,62680,42095372.0,5.34,-4.52,-0.72,3.21,4.797128987796553,-0.14924466476596532,15.582000000000003,15.558666666666666,15.442663351601796,4.940568939436562,4.896552336007361,4.894290339091557,15.197,15.36890909090909,15.245240462167855,4.9117513931857335,4.915219488707495,4.910491252499742,14.9745,15.094761904761903,14.810955043481913,4.928623426418569,4.910693106070134,4.917927882994548,14.347333333333333,14.881935483870969,14.44018574892246,4.93041473830127,4.9356545482160445,4.909792404694674,12.770333333333332,13.70506557377049,14.363419574372916,4.823554454955657,4.897950806327769,4.865800963620705,7.624234351765739
2009-01-14,sz000901,15.13,15.81,15.92,15.09,47728,32423004.0,5.46,4.01,0.61,2.44,4.678773236017988,-0.11835575177856494,15.606000000000003,15.634666666666666,15.565108901067864,4.846998149165123,4.809287101534504,4.822451304733701,15.26,15.480363636363636,15.347924014500972,4.882814057752735,4.872859823767905,4.868360704048514,15.035,15.174333333333333,14.906102182197921,4.909407810770719,4.8868978498415085,4.895151249949162,14.492333333333333,14.976301075268818,14.528560861895205,4.940582535556823,4.919419612584865,4.894887942199404,12.836500000000001,13.804726775956283,14.410848440786918,4.826103427342612,4.893203881116698,4.859668906977993,7.510853249876624
2009-01-15,sz000901,15.6,16.1,16.52,15.58,91103,64443864.0,5.95,1.83,0.29,4.66,4.959532678421886,0.28075944240389816,15.768000000000004,15.799333333333333,15.743405934045244,4.857379423880848,4.846798611286758,4.868145095963096,15.39,15.633090909090908,15.484665102773523,4.896394478462344,4.8868086638895685,4.884937426661854,15.104500000000002,15.275761904761904,15.01980673627431,4.911543593449248,4.891671646760667,4.9012828145656115,14.644666666666668,15.080021505376344,14.629944032095516,4.948177443392097,4.920642202447128,4.89905857034279,12.911666666666667,13.911726775956284,14.466230459121773,4.830648573868976,4.897578610660279,4.862943128992547,7.809181572460525
2009-01-16,sz000901,16.05,15.99,16.48,15.81,77572,54787096.0,4.16,-0.68,-0.11,3.97,4.8897049887855095,-0.06982768963637653,15.804000000000002,15.873333333333335,15.825603956030164,4.854302708716891,4.8575737995883115,4.875331726903901,15.579000000000002,15.742181818181818,15.576544174996517,4.9067452216866965,4.885592393039235,4.885804256138882,15.141499999999999,15.360095238095237,15.112206094724376,4.897352048138028,4.889591779649835,4.900180164491316,14.801666666666666,15.166817204301072,14.717689578411935,4.961476115085358,4.9168697860208965,4.898455113468127,12.985000000000001,14.012655737704918,14.516190116199748,4.836381324384181,4.899514886559183,4.8638205670185455,7.738678281186678
2009-01-19,sz000901,15.99,15.65,16.3,15.29,58494,40307592.0,6.32,-2.13,-0.34,2.99,4.7671113207739815,-0.12259366801152805,15.750000000000004,15.822000000000001,15.767069304020112,4.818450242359184,4.8285100036073425,4.839258258193928,15.681999999999999,15.755090909090908,15.589899779542604,4.905194760560934,4.860204411055105,4.864223722436172,15.1525,15.408523809523809,15.163424561893484,4.884420617039522,4.877187900853258,4.887506941280142,14.929333333333334,15.221548387096773,14.77783863786923,4.966350663363725,4.904330121871776,4.889981320391086,13.0455,14.100032786885244,14.553364210750576,4.840206219123398,4.8972437388998316,4.860649772059707,7.605386853912178
2009-01-20,sz000901,15.47,15.96,16.1,15.47,43497,30161682.0,4.03,1.98,0.31,2.22,4.638459304578205,-0.12865201619577604,15.902000000000005,15.892000000000001,15.83137953601341,4.7867163057155135,4.7685130243470155,4.772325273655354,15.741999999999999,15.805636363636365,15.657190728716674,4.863642622576038,4.811707055421882,4.823175646461996,15.1825,15.485428571428569,15.2392888893322,4.867292540363491,4.853763013952181,4.863788118737101,15.029333333333334,15.28804301075269,14.85410711284541,4.947480205478911,4.883175840659806,4.8737540935644486,13.113333333333335,14.195590163934424,14.599483416955474,4.8396348042279245,4.890629085963923,4.853364838699658,7.479455556791572
2009-01-21,sz000901,15.76,16.55,16.59,15.69,109301,78413512.0,5.64,3.7,0.59,5.59,5.038624135348561,0.4001648307703558,16.050000000000004,16.108,16.07091969067561,4.858686485581629,4.852482300891365,4.861091560886424,15.828,15.952545454545454,15.819519687131825,4.8528423173733755,4.843521875925977,4.862348098986826,15.255500000000001,15.615666666666666,15.364118518919609,4.870998273228455,4.870080308712663,4.880439167938192,15.125,15.386150537634409,14.963519557177966,4.937709912787904,4.889056094199783,4.884390870453746,13.196,14.308267759562842,14.663434780333981,4.848011829915914,4.897153326328535,4.859438913999622,7.894390905559637
2009-01-22,sz000901,16.37,16.61,16.99,16.12,101810,73599472.0,5.26,0.36,0.06,5.21,5.007790437445979,-0.03083369790258228,16.152,16.294666666666668,16.250613127117074,4.868338037386447,4.902183618179482,4.909991186406276,15.959999999999999,16.094727272727276,15.963243380380582,4.862858730633648,4.871694261393724,4.888792160524853,15.385500000000002,15.744666666666665,15.482773898070121,4.87979846424299,4.883108133876238,4.892567860272267,15.178,15.481956989247314,15.069744101876163,4.926417845058365,4.893577418371272,4.892352132840342,13.279666666666666,14.420202185792348,14.727256590814834,4.855439169552798,4.902391969198373,4.864302898374913,7.866874698735475
2009-01-23,sz000901,16.63,16.21,16.66,16.05,65992,46940320.0,3.67,-2.41,-0.4,3.37,4.81949129059582,-0.18829914685015936,16.196000000000005,16.314,16.23707541807805,4.854295297748509,4.8859013692492725,4.879824554469458,16.0,16.14018181818182,16.008108220311385,4.8542990032327005,4.863809272295936,4.876192002355938,15.482,15.82319047619048,15.552033526825348,4.880314241281388,4.877364593528888,4.8856081869697485,15.22,15.548537634408602,15.143308998529314,4.911727706264898,4.886678930986592,4.887651433340696,13.355833333333333,14.516278688524592,14.775871128820905,4.860217269068744,4.901213350216177,4.862833665332976,7.671546045930671
2009-02-02,sz000901,16.34,16.86,17.15,16.16,78702,57094564.0,6.11,4.01,0.65,4.02,4.895985768927391,0.07649447833157108,16.438000000000002,16.535333333333334,16.444716945385366,4.880070187379191,4.899798192975567,4.885211625955436,16.094,16.296545454545456,16.162997634800224,4.8492602148691875,4.871388684240426,4.8797908690052925,15.618500000000001,15.954428571428569,15.67660176236579,4.891720811079475,4.8788571199713635,4.886596528108572,15.306666666666667,15.654344086021506,15.254063256688713,4.908155127049126,4.885663322126107,4.888189132410805,13.455833333333333,14.631169398907103,14.844203222957923,4.865295020985539,4.902386087916461,4.863920619549186,7.756594760834505
2009-02-03,sz000901,16.7,17.24,17.51,16.66,117447,87825760.0,5.04,2.25,0.38,6.01,5.0698419278817335,0.1738561589543428,16.694000000000003,16.802666666666667,16.709811296923576,4.966346712039896,4.9630554398097475,4.946755059930869,16.298,16.50490909090909,16.358816246654726,4.876531508877705,4.9114944502427065,4.9143456069828275,15.747500000000002,16.108857142857147,15.825496832616667,4.89414145103172,4.895821035857294,4.904048470944112,15.415666666666668,15.779075268817204,15.382188207870087,4.911259453904948,4.896094728631438,4.899908667602477,13.556333333333333,14.755240437158472,14.922753936959301,4.8722356282724935,4.90909254388027,4.870672137855172,7.943621916646564
2009-02-04,sz000901,17.26,17.35,17.58,16.95,81826,61874040.0,3.65,0.64,0.11,4.18,4.912891321548977,-0.1569506063327566,16.854000000000003,17.021333333333335,16.923207531282387,4.941200149279981,4.945236976312774,4.935467147136905,16.451999999999998,16.696181818181817,16.539031474535683,4.899943317430805,4.918105325273847,4.9140811914494,15.856,16.26147619047619,15.970687610462697,4.89137868759177,4.8976067378113175,4.904890647192195,15.507333333333332,15.903870967741936,15.50914380736234,4.906252979657413,4.8962000104149235,4.90074625817967,13.6765,14.879622950819671,15.002335775091783,4.87668918927192,4.910425517430319,4.8720563733861155,7.791508473744664
2009-02-05,sz000901,17.31,17.55,18.0,17.08,130416,100108984.0,5.3,1.15,0.2,6.67,5.115330875793478,0.202439554244501,17.042000000000005,17.253333333333334,17.132138354188257,4.96270823694948,5.003280551817273,4.995421723355763,16.597,16.895818181818182,16.72284393371101,4.9155231371679635,4.957266699521605,4.950672043148323,15.993500000000001,16.422809523809523,16.121098314228156,4.905958807815154,4.918935517640053,4.92493257372565,15.602,16.035655913978495,15.640811948822837,4.912870108022153,4.90968890693983,4.9145904270579805,13.798833333333334,15.006622950819672,15.085865749678938,4.885426403651652,4.918249835021191,4.880032586579799,8.000473053768495
2009-02-06,sz000901,17.6,18.67,18.94,17.6,128118,102947024.0,7.64,6.38,1.12,6.55,5.1076101504433655,-0.007720725350112367,17.534000000000002,17.796,17.644758902792173,5.020332008918989,5.051581189648569,5.032817865718298,16.865000000000002,17.272727272727273,17.076872309399917,4.937313653333749,4.992191611026223,4.979206244474694,16.222,16.677714285714288,16.363850855730234,4.922029437510223,4.938140407414168,4.942330438174956,15.716000000000001,16.233591397849462,15.836243435995558,4.910672583203268,4.922252780644425,4.927043312437683,13.951833333333333,15.166333333333336,15.20337834805012,4.896915437195645,4.925534548030754,4.887494146050735,8.012613796519284
2009-02-09,sz000901,18.79,18.9,19.46,18.36,144686,119764856.0,5.89,1.23,0.23,7.4,5.160426510269712,0.05281635982634647,17.942,18.25133333333333,18.06317260186145,5.073220157187453,5.0982793567654765,5.075354080568769,17.189999999999998,17.642727272727274,17.408350071327202,4.976645172283321,5.032757585014582,5.012155383710152,16.436,16.932761904761904,16.60538886947021,4.940919966422128,4.960844890534119,4.96310149266017,15.831666666666667,16.43901075268817,16.033905149802298,4.915162135454123,4.9383659372293565,4.942100292942976,14.108,15.328568306010931,15.324579057950114,4.910603988787284,4.934174255344659,4.896442748156276,8.078329396647362
2009-02-10,sz000901,18.92,18.99,19.05,18.27,112301,91384016.0,4.13,0.48,0.09,5.74,5.050383623514782,-0.1100428867549299,18.292,18.600666666666665,18.372115067907632,5.069328496314062,5.090667178874586,5.067030594884107,17.493000000000002,17.97,17.695922785631346,5.01783760417698,5.046164576147575,5.019105972765539,16.6175,17.175999999999995,16.832494691425428,4.940740113376509,4.971270000733419,4.971414076551086,15.952666666666666,16.642774193548387,16.224620946589248,4.91747422830132,4.947089904201012,4.94908631427019,14.261500000000002,15.48863387978142,15.444756793755028,4.915927046254642,4.938757194188183,4.901489989971309,7.960870239825121
2009-02-12,sz000901,19.21,20.24,20.51,18.54,169285,144064160.0,10.37,6.58,1.25,8.66,5.228618477861832,0.17823485434704978,18.870000000000005,19.25,18.994743378605087,5.132473927576633,5.143763839390508,5.120893222543349,17.862000000000002,18.469454545454543,18.15848227915292,5.036837038428307,5.084488371363002,5.057199155510319,16.845000000000002,17.521,17.15701900652777,4.944839677900841,4.99868698782726,4.995909733818776,16.124333333333333,16.91937634408602,16.483677659712523,4.926277861628406,4.967163726753302,4.967120647405134,14.430166666666668,15.684650273224044,15.60197788248437,4.9241392507956006,4.9490093722736646,4.9122155141644415,8.158555951319192
2009-02-13,sz000901,19.86,20.33,20.69,19.84,128791,114025168.0,4.2,0.44,0.09,6.59,5.109885515299387,-0.11873296256244448,19.426000000000002,19.736666666666665,19.43982891907006,5.131384855477816,5.136234368631427,5.117223986795362,18.234,18.918181818181818,18.553303682943298,5.047046546213648,5.097769912612288,5.066778493653786,17.097,17.852904761904764,17.45920767257274,4.954952638423648,5.014405639008073,5.0067645701502625,16.335,17.190709677419356,16.731827488118167,4.935547824899875,4.979009381828851,4.976331284043473,14.6015,15.878087431693988,15.75699500109144,4.929467213879965,4.955099413732804,4.9186964978082095,8.057000720785103
2009-02-16,sz000901,20.33,20.4,20.73,19.84,95418,84812192.0,4.38,0.34,0.07,4.88,4.979630309329733,-0.13025520596965467,19.772,20.06133333333333,19.75988594604671,5.105788887255089,5.085649519915398,5.071359427640153,18.653,19.311999999999998,18.889066649680878,5.063060448087039,5.085512414997032,5.05093336923123,17.3265,18.16747619047619,17.739283132327717,4.958679725659869,5.016755893380082,5.004180354834022,16.538999999999998,17.45296774193548,16.968483779207318,4.941229643549939,4.981853413082389,4.976544124384523,14.774833333333333,16.06820218579235,15.909224673186802,4.936497788475368,4.956744105386895,4.920694327694161,7.928458287843095
2009-02-17,sz000901,20.35,20.64,21.92,19.61,204846,187926672.0,11.32,1.18,0.24,10.47,5.3114274879626375,0.3317971786329048,20.12,20.350666666666665,20.053257297364475,5.1359890827936745,5.1541957201512485,5.151382114414314,19.031,19.673272727272728,19.207418167920718,5.104604619990564,5.130670058610777,5.0982959362733045,17.5625,18.483047619047618,18.015541881629836,4.976932417429876,5.050350918361298,5.033441986560557,16.756,17.717548387096773,17.205355793452007,4.9626820807165055,5.005737144979982,4.998149502679885,14.939,16.260502732240436,16.06433206095117,4.9442999952291355,4.969036882419265,4.933505250981652,8.273988422891225
2009-02-18,sz000901,19.91,21.25,21.47,19.84,147954,136093568.0,7.9,2.96,0.61,7.57,5.170126710993405,-0.14130077696923227,20.572000000000003,20.72733333333333,20.45217153157632,5.159937700289399,5.165574929551159,5.157630313274012,19.432,20.076727272727272,19.578796682844224,5.114633098301731,5.1425831660658385,5.1113560771315045,17.865000000000002,18.834238095238096,18.323585511950803,4.995582303589718,5.068750374891158,5.0464595793636855,16.97566666666667,18.00748387096774,17.466300580971232,4.96763866678839,5.019120669513976,5.009244806442048,15.119666666666667,16.467420765027324,16.234353960592113,4.950824118398601,4.976441037034487,4.941263331637774,8.133837600235543
2009-02-19,sz000901,21.34,20.94,21.9,20.04,131151,119311640.0,8.75,-1.46,-0.31,6.71,5.117771606347083,-0.052355104646322204,20.712,20.85,20.61478102105088,5.13776832598645,5.15151956490372,5.144344077631703,19.790999999999997,20.35090909090909,19.826288195054364,5.1351211267815415,5.143153803892266,5.112522536988882,18.1215,19.127095238095237,18.572767844145964,5.017532222106174,5.08038745134424,5.053251200981152,17.167666666666666,18.263247311827957,17.690410220908575,4.972626167321693,5.028806665614537,5.01624653546818,15.285833333333333,16.65825136612022,16.388637437294012,4.956749715291541,4.981914725163945,4.94705048818562,8.076682815348214
2009-02-20,sz000901,20.53,22.26,22.48,20.15,167352,156821648.0,11.13,6.3,1.32,8.56,5.223630906916524,0.10585930056944104,21.098000000000003,21.366,21.163187347367256,5.160517404309877,5.180140425213745,5.170773020726644,20.262,20.799818181818182,20.268781250499025,5.145951129893847,5.159246491189537,5.132724058793908,18.4295,19.521238095238097,18.92393281137016,5.030737133530904,5.100015897516655,5.069477839641664,17.416333333333334,18.591784946236555,17.985222464720927,4.985956248508051,5.045000519781945,5.029626172335815,15.467999999999998,16.88691256830601,16.581141127874535,4.961954495814538,4.9906649281680435,4.956118698635813,8.195406013437738
2009-02-23,sz000901,22.08,22.59,23.18,21.63,122039,120709040.0,6.96,1.48,0.33,6.24,5.086498640331716,-0.13713226658480782,21.536000000000005,21.863333333333333,21.638791564911507,5.181891070510273,5.155467503887691,5.142681560595002,20.654,21.22309090909091,20.690821023135562,5.143839978882681,5.148436947632786,5.124319437255328,18.7595,19.91747619047619,19.273082067430146,5.040576816108215,5.10532651721197,5.071098868278812,17.699333333333335,18.92556989247312,18.282304886351834,4.995966284634375,5.051487125706053,5.0332953638194216,15.646333333333333,17.120420765027323,16.778152894173733,4.964718288674723,4.994748342742376,4.960393450822564,8.081739795988826
2009-02-24,sz000901,22.08,22.68,23.27,21.85,133950,133037256.0,6.29,0.4,0.09,6.85,5.126942717944227,0.04044407761251101,21.944000000000006,22.244666666666664,21.98586104327434,5.144994116506591,5.137151386365677,5.137435279711411,21.032,21.591454545454546,21.052489928020005,5.140491599650133,5.1453647183712485,5.124796397380583,19.110999999999997,20.290857142857142,19.597550441960607,5.058568385966727,5.113551841196352,5.076417330151708,17.968,19.24690322580645,18.566027151748493,5.007443844164796,5.059937218177656,5.039337128601667,15.811333333333334,17.35103278688525,16.971656077971314,4.967960452673705,5.000067176488918,4.965854082531471,8.123973278632176
2009-02-25,sz000901,22.77,24.92,24.92,22.41,227027,238963296.0,11.07,9.88,2.24,11.61,5.35607751029316,0.22913479234893241,22.678000000000004,23.236666666666668,22.963907362182894,5.182184276366542,5.207512517627865,5.210316023238661,21.625,22.29836363636364,21.755673577470912,5.171060988327971,5.184562156669981,5.166847508819233,19.559,20.84409523809524,20.104450399869123,5.094449296252475,5.141886043513155,5.103051633022323,18.286666666666665,19.695419354838712,18.975960883893755,5.017513738360329,5.082429712766584,5.059771991936602,16.034166666666668,17.649677595628418,17.232257518037827,4.974881408084608,5.012792325919064,4.978648293277756,8.378331199823476
2009-02-26,sz000901,24.77,22.46,25.15,22.46,176911,184328544.0,10.79,-9.87,-2.46,9.05,5.2477548373799205,-0.10832267291323916,22.982000000000006,23.164,22.795938241455264,5.208180922573109,5.229369371298992,5.222795627952415,21.847,22.450181818181814,21.883732927021654,5.172974624279779,5.198506492861244,5.181557932193903,19.854499999999998,21.120380952380952,20.328788457024444,5.104905831354044,5.156486571239578,5.11683289058019,18.512333333333334,19.964666666666666,19.200737601061903,5.0208846600271535,5.097283977219461,5.071899917449074,16.204833333333333,17.860360655737704,17.403658910889046,4.981843913501535,5.021738995732024,4.987471458658154,8.265592592635343
2009-02-27,sz000901,20.85,20.24,21.18,20.24,126647,113172232.0,4.19,-9.88,-2.22,6.48,5.102594906729197,-0.1451599306507232,22.578000000000003,22.25,21.943958827636845,5.183973722535645,5.194174032684355,5.18272872087801,21.838,22.158,21.584872394835898,5.172245563422761,5.18571018057932,5.1672010184730475,20.035999999999998,21.15709523809524,20.320332413498306,5.109646054818205,5.156266483180069,5.115476892118191,18.67733333333333,20.076129032258063,19.267786788090167,5.027383613423352,5.102555606038946,5.073880239338115,16.337333333333333,17.992661202185793,17.496653700695962,4.984642828294805,5.025698044690309,4.9912459979391715,8.053739881194003
2009-03-02,sz000901,18.83,19.39,20.11,18.83,97728,83769648.0,6.32,-4.2,-0.85,5.0,4.990019011040308,-0.11257589568888893,21.938000000000002,21.187333333333335,21.092639218424566,5.1646777966773625,5.129522462185909,5.118492150932109,21.737000000000002,21.71290909090909,21.185804686683916,5.173284433593818,5.152578080146148,5.1349861080307315,20.195,21.09557142857143,20.231729326498467,5.1181724408404285,5.144873431391698,5.103528522491725,18.796666666666667,20.12210752688172,19.27567151143919,5.030214628304519,5.100144986530363,5.06846983751245,16.443666666666665,18.09274863387978,17.558730628541994,4.980839560997373,5.025874312977045,4.99120576886052,7.923086690541136
2009-03-03,sz000901,18.72,20.06,20.64,18.49,117605,102247528.0,11.09,3.46,0.67,6.01,5.070425786249036,0.08040677520872741,21.414000000000005,20.561333333333334,20.748426145616378,5.1533744103383246,5.098105125376467,5.102470029371085,21.679000000000002,21.407999999999998,20.981112925468658,5.149184263422457,5.1338765079016415,5.1232478677067865,20.354999999999997,21.082714285714285,20.21537415254623,5.126894441706511,5.140326130954423,5.100375880944802,18.93466666666667,20.203612903225803,19.326273349410855,5.034349699427404,5.102739254784848,5.06859602775352,16.5795,18.21131693989071,17.64073946039308,4.981694649995602,5.028811566263985,4.993803146479816,8.009652817032075
2009-03-04,sz000901,20.17,21.18,21.63,19.99,128404,117301712.0,8.18,5.58,1.12,6.57,5.108578552945213,0.038152766696176954,20.666000000000004,20.483333333333334,20.892284097077585,5.103874618868735,5.083173172912097,5.104506203895795,21.672000000000004,21.317272727272726,21.017274211747083,5.143029447617638,5.1264936514512325,5.120580719568319,20.552,21.161285714285714,20.30724328087516,5.128831272959685,5.138581760596204,5.101157087801984,19.134,20.348473118279568,19.4458686171908,5.044731351599025,5.107528213076319,5.071175545507823,16.740666666666666,18.36215300546448,17.756780789560516,4.987573044950149,5.0329716942295475,4.997566274560648,8.069304350621303
2009-03-05,sz000901,21.07,20.69,21.63,20.26,118671,109219384.0,6.47,-2.31,-0.49,6.07,5.074344602031817,-0.03423395091339554,20.312000000000005,20.491333333333333,20.82485606471839,5.069192571799115,5.073329833966457,5.094452336607803,21.647000000000002,21.138727272727273,20.957769809611246,5.138686747186112,5.114005497708357,5.112174152743501,20.719,21.17442857142857,20.343696301744192,5.136903936983826,5.13339255384117,5.098603517728635,19.29666666666667,20.448860215053763,19.5261351580172,5.0579170637994855,5.109438745362307,5.0713800007674354,16.8945,18.491639344262293,17.85295191121427,4.999249799678154,5.035816663314192,5.000083596772818,8.038299722774921
2009-03-06,sz000901,20.06,20.38,20.6,19.57,72677,64205864.0,4.98,-1.5,-0.31,3.72,4.861396991966543,-0.21294761006527452,20.340000000000003,20.514,20.67657070981226,5.020952988846584,5.0040646406889335,5.016767221727384,21.459,20.90836363636364,20.85272075331829,5.102463355691114,5.0635891785775256,5.066578305329508,20.8605,21.142142857142858,20.347153796816176,5.12420724279248,5.107153797172856,5.0760124200370065,19.439333333333334,20.518752688172047,19.581223212338674,5.054645874250975,5.096760031050504,5.057832709877055,17.041999999999998,18.605918032786885,17.93580594691216,5.001411658821536,5.031296899126926,4.995536494975891,7.807574694525887
2009-03-09,sz000901,20.38,18.72,20.71,18.38,68756,58408492.0,11.43,-8.15,-1.66,3.52,4.837310602912363,-0.02408638905417959,20.206000000000003,19.974,20.024380473208176,4.9904113072209935,4.942850512044193,4.956948348789044,21.072,20.410363636363634,20.464953343624053,5.077544551949179,5.015379587163207,5.024893268526391,20.863,20.93828571428571,20.19218676854797,5.1106922654159295,5.079830307660464,5.053278913644184,19.53033333333333,20.472344086021508,19.525660424445856,5.05289939472187,5.082738400641561,5.043605477169656,17.166,18.660934426229506,17.96151722734127,5.0071877549036135,5.025916536638102,4.990348760809873,7.766475993698468
2009-03-10,sz000901,18.43,18.99,19.12,18.09,43643,35786972.0,5.5,1.44,0.27,2.23,4.639914596147855,-0.1973960067645084,19.992,19.568666666666665,19.679586982138783,4.9043090692007585,4.8260182750198135,4.85127043124198,20.703,20.03181818181818,20.19678000841968,5.0288417397695415,4.93581050429024,4.954897146275748,20.8675,20.75990476190476,20.077692790591023,5.084666669709837,5.034994339158742,5.013910883406439,19.641666666666666,20.437483870967743,19.491101687384838,5.048659503900999,5.056094220088399,5.017560904200508,17.2855,18.720737704918037,17.99523797398582,5.0075050836323625,5.013874793728075,4.978859116066856,7.553724953508089
2009-03-11,sz000901,19.21,19.77,20.49,19.19,101240,88256936.0,6.85,4.11,0.78,5.18,5.005352136486216,0.3654375403383616,19.71,19.494666666666664,19.709724654759192,4.8836637859089596,4.859699297448299,4.902630999656726,20.188,19.86218181818182,20.119183643252462,4.9937692023888465,4.931539667329635,4.964070780859469,20.9065,20.655380952380952,20.048388715296642,5.082415095358408,5.027440574089827,5.013095764652132,19.768666666666665,20.445763440860215,19.5090951269084,5.060889264964599,5.053300196384219,5.016773241767328,17.399,18.802196721311475,18.053426892871528,5.004184735221755,5.013804205297055,4.979727739687163,7.945748846050322
2009-03-12,sz000901,19.61,20.06,20.29,19.26,63747,55612812.0,5.21,1.47,0.29,3.26,4.804459751237714,-0.20089238524850206,19.584,19.611333333333334,19.826483103172794,4.829686815750138,4.833297952557885,4.869907250183722,19.948,19.838909090909087,20.108422980842924,4.949439693774627,4.897119767120337,4.935050593655514,20.8975,20.574761904761907,20.049494551935055,5.061207159027203,5.000968636554522,4.993225668136473,19.88566666666667,20.464559139784942,19.544637376785275,5.053083785494238,5.036756356788935,5.00307559721703,17.505333333333336,18.889442622950817,18.119216175072463,4.995396849141071,5.007255845166431,4.97398124826259,7.7451748552496635
2009-03-13,sz000901,20.42,19.64,20.42,19.59,42333,36926684.0,4.14,-2.09,-0.42,2.16,4.626679046581241,-0.177780704656473,19.436,19.63,19.764322068781865,4.782743226673078,4.765628696168252,4.788831182316229,19.887999999999998,19.78290909090909,20.02325516614421,4.901848107759831,4.838436013085177,4.8789830396420095,20.863,20.455000000000002,20.01049507079838,5.037046835591296,4.959585006797764,4.958316466083594,19.986666666666668,20.44870967741936,19.55078980408945,5.040380072465413,5.0092463736332595,4.978791948788915,17.58233333333333,18.95943169398907,18.169077939824184,4.983398958761888,4.995166736885781,4.962594290830414,7.567340309948267
2009-03-16,sz000901,19.46,20.08,20.08,19.39,32346,28043064.0,3.51,2.24,0.44,1.65,4.50982058221228,-0.11685846436896163,19.708000000000002,19.844666666666665,19.86954804585458,4.717245222533061,4.674654481347986,4.695827648948246,19.957,19.817818181818183,20.033572408663446,4.853828264877028,4.76715828116744,4.811862592836604,20.847,20.380428571428574,20.017114587865205,5.013556349235423,4.9093729826664285,4.915602572381564,20.115666666666666,20.454731182795697,19.584932397374004,5.030057715519295,4.9750167291007985,4.948535731590423,17.667833333333338,19.041322404371588,18.23173112212503,4.970892710892096,4.979639576998909,4.94774925120359,7.447825463131804
2009-03-17,sz000901,20.04,20.82,21.18,19.97,77252,69984168.0,6.03,3.69,0.74,3.95,4.887909731821405,0.3780891496091252,20.074000000000005,20.215333333333334,20.186365363903054,4.766844249667772,4.731542651110768,4.759855009905966,20.032999999999998,19.97472727272727,20.17655924345191,4.835576659434265,4.773354911520964,4.825689345379295,20.856,20.377857142857145,20.093579865211375,4.992380461428361,4.897406638150809,4.912965158994882,20.247666666666664,20.500172043010753,19.664614178188586,5.029788514282429,4.9658458914428705,4.944624376766615,17.77716666666667,19.144672131147537,18.316592396809455,4.968971820665777,4.976918823586755,4.945787299748437,7.844999803901344
2009-03-18,sz000901,21.11,20.8,21.52,20.8,70626,65427220.0,3.46,-0.1,-0.02,3.61,4.848964610086359,-0.03894512173504605,20.280000000000005,20.457333333333334,20.39091024260204,4.735566744387801,4.75891610458363,4.789558209966097,19.994999999999997,20.114181818181812,20.289912108278834,4.809615265148379,4.7757890843667985,4.82992121168967,20.833499999999997,20.37252380952381,20.160857973286483,4.976322356383009,4.883747985642047,4.906869868622642,20.366333333333333,20.535806451612903,19.73786487636997,5.022425937022584,4.95417983310764,4.938452778916276,17.891000000000002,19.243781420765025,18.39801559691406,4.9668426954637654,4.972984160944806,4.942612785333287,7.815758467534963
2009-03-19,sz000901,20.8,21.18,21.32,20.55,68384,62963952.0,3.7,1.83,0.38,3.5,4.834954500483976,-0.014010109602383025,20.504,20.757333333333335,20.653940161734695,4.741665694237052,4.792045356615688,4.804690306805391,20.044,20.329636363636364,20.451746270409956,4.785676254993595,4.78039621806418,4.8308363551068165,20.845499999999998,20.40552380952381,20.25791911868777,4.962181501089853,4.870284380318329,4.900020785942769,20.493999999999996,20.588301075268816,19.830905852088037,5.019828042987084,4.9420849017180535,4.931775470630321,18.000666666666667,19.351617486338796,18.489228200293926,4.963040511322249,4.968659957830715,4.9390830055021615,7.799091979165615
2009-03-20,sz000901,21.18,20.76,21.23,20.06,75353,68076136.0,5.52,-1.98,-0.42,3.85,4.877100547393979,0.04214604691000279,20.728,20.842666666666666,20.689293441156465,4.7917499943996,4.837190307667997,4.828827053668254,20.082,20.459818181818182,20.507792403062687,4.7872466105363385,4.797018816682432,4.839248026431755,20.7705,20.397380952380953,20.305736345479414,4.944854983113727,4.862181432347293,4.89783790608098,20.601,20.605462365591396,19.89084741001784,5.011887032040433,4.9328766761959155,4.928248056227977,18.101499999999998,19.442087431693988,18.56367973471052,4.9623785700312935,4.965842254095361,4.93705079376091,7.832994897230732
2009-03-23,sz000901,20.82,20.98,21.27,20.51,83109,76361072.0,3.66,1.06,0.22,4.25,4.9196480567407015,0.04254750934672291,20.908000000000005,20.926666666666666,20.786195627437646,4.873715489305284,4.879822995115031,4.85910072135907,20.308,20.62309090909091,20.593648329778564,4.795480355919173,4.821091806901407,4.8538662137606545,20.69,20.417333333333335,20.369951931624232,4.936512453934176,4.85978077269272,4.899915063286668,20.678,20.629913978494628,19.96111531904895,5.0056216289170115,4.926925774563675,4.927693217551378,18.197,19.536464480874315,18.64290334996591,4.95814710606014,4.964441253659604,4.936480212219263,7.882872016636463
2009-03-24,sz000901,21.03,21.92,22.21,20.51,150825,142701056.0,8.1,4.48,0.94,7.71,5.178473333988442,0.2588252772477402,21.128000000000004,21.264000000000003,21.164130418291766,4.931828209738692,4.981408943342751,4.965558258902194,20.601000000000003,20.91618181818182,20.83480317890973,4.849336229703232,4.890726893823091,4.912885690165706,20.652,20.53447619047619,20.51757555718383,4.939088984736387,4.882824666031222,4.926444422401123,20.778666666666663,20.71004301075269,20.087494975884503,5.006223189707635,4.938077497471509,4.943872579902157,18.305166666666665,19.658530054644807,18.750349141770304,4.960692662580879,4.9716650644113525,4.944414412933006,8.15442718694279
2009-03-26,sz000901,21.14,21.79,21.83,20.76,102935,96638336.0,4.88,-0.59,-0.13,5.26,5.012563068857345,-0.16591026513109686,21.326000000000004,21.484666666666666,21.37275361219451,4.964547901492889,5.008320563048969,4.981226528887245,20.803,21.13236363636364,21.00847532819887,4.850057322940344,4.920404500942022,4.931008849927822,20.4955,20.642857142857142,20.638758837452034,4.921913262664596,4.889822197852265,4.934646198254097,20.872,20.77529032258065,20.19733400969841,5.0049625045523864,4.938486521932782,4.948304224350879,18.412333333333333,19.7727868852459,18.850009825646683,4.961218366426853,4.9733657334695955,4.946648795094459,7.985149443294445
2009-03-27,sz000901,21.79,21.79,22.64,21.63,92299,89913552.0,4.64,0.0,0.0,4.72,4.965196995751431,-0.047366073105913564,21.448,21.639333333333337,21.51183574146301,4.990596400546379,5.008536927801816,4.975883351175307,20.976,21.311818181818182,21.1505707230718,4.866131047391716,4.941338986907674,4.937224876441205,20.462,20.76614285714286,20.748400852932793,4.907785370583171,4.893944458146249,4.937555798015747,20.92366666666667,20.83451612903226,20.300086654233997,4.99618178848204,4.9359210052359455,4.949394080570269,18.524,19.883530054644808,18.94640294611728,4.961229825055224,4.973496180332698,4.947256932820917,7.953825154639271
2009-03-30,sz000901,21.81,22.79,23.13,21.81,114585,113821248.0,6.06,4.59,1.0,5.86,5.059127769083361,0.09393077333192945,21.854000000000003,22.086666666666662,21.937890494308675,5.027001844884255,5.031380717314144,5.003631490477992,21.291000000000004,21.641636363636362,21.448648773422384,4.909375919641928,4.9764292999425175,4.959389038739778,20.5895,20.98785714285714,20.942838866939194,4.905612013700879,4.908358019908172,4.949134080974568,21.005666666666666,20.954924731182796,20.460726224928578,4.994489863608174,4.939982036242482,4.956473673377566,18.670333333333335,20.023398907103825,19.07242252165442,4.965018844254024,4.976705948989357,4.950924829091816,8.056223343146687
2009-03-31,sz000901,22.3,22.39,22.59,21.23,98033,95131880.0,5.97,-1.76,-0.4,5.01,4.991372293095057,-0.06775547598830389,22.136000000000003,22.265333333333334,22.08859366287245,5.041346692155127,5.019504200051077,4.999545091350347,21.522,21.841454545454546,21.61980354189104,4.957531090730205,4.991337731479451,4.965204175895284,20.7395,21.159333333333333,21.08066373675451,4.905679677803617,4.91652566556476,4.953156767843186,21.072000000000003,21.044236559139787,20.58519550073964,4.994881263067017,4.939780902660991,4.958725197230308,18.8055,20.14535519125683,19.181195553731325,4.968055453308478,4.977569996492343,4.9522509754525785,7.978326079376398
2009-04-01,sz000901,22.32,22.19,22.91,22.03,91758,90505232.0,3.93,-0.89,-0.2,4.69,4.962643938912067,-0.02872835418298969,22.190000000000005,22.283333333333335,22.1223957752483,4.998180813139852,4.993269948970056,4.987244707204255,21.659,21.96290909090909,21.72347562518358,4.965004511439272,4.992267340239789,4.964738678261972,20.846,21.29747619047619,21.186314809444557,4.900290585436768,4.921950833289375,4.954060307944984,21.12366666666667,21.11636559139785,20.68873127488547,4.983255144765332,4.937701075296155,4.958978019274293,18.939833333333333,20.256322404371588,19.279844879838496,4.972968612740917,4.977392569790822,4.952591728352889,7.9566736859792435
2009-04-02,sz000901,22.19,22.55,22.95,21.9,125852,124718256.0,4.73,1.62,0.36,6.44,5.09986012160915,0.1372161826970828,22.342000000000006,22.403333333333332,22.2649305168322,5.015640223690213,5.027163051793155,5.024783178672553,21.834,22.12490909090909,21.87375278424111,4.990094062591551,5.016786542088857,4.989306213416004,20.9145,21.4597619047619,21.31618958949746,4.899854663869965,4.940957455781982,4.967946004484428,21.166999999999998,21.208387096774192,20.808813128118665,4.980912925119189,4.945223977028015,4.968067187166865,19.07133333333333,20.374688524590162,19.387063080499527,4.9742757959537895,4.981552947130763,4.957420200262931,8.095930029258463
2009-04-03,sz000901,22.64,23.0,23.85,22.41,155560,158202400.0,6.39,2.0,0.45,7.95,5.191897934475422,0.09203781286627244,22.584000000000003,22.622666666666664,22.509953677888134,5.060980411435011,5.085915622054893,5.08048809727351,22.016000000000002,22.336909090909096,22.078525005288178,5.025788405990696,5.053478155158652,5.026141071790443,21.03,21.658380952380952,21.476552485735795,4.905732330492145,4.968771100601549,4.989274759721665,21.235666666666663,21.326645161290326,20.95018002307875,4.983383802723468,4.9588359131155135,4.98250788054161,19.201666666666664,20.50349726775956,19.50552002867987,4.97800498502258,4.988688099213439,4.9651079948272745,8.199213067649966
2009-04-07,sz000901,24.0,23.4,24.0,23.15,121183,125883216.0,3.7,1.74,0.4,6.2,5.083441699665038,-0.1084562348103848,22.706000000000007,22.89466666666667,22.806635785258756,5.065843197551347,5.093402718131569,5.0814726314040195,22.28,22.588545454545454,22.31879318614487,5.046422521217801,5.063960572190352,5.036559367767642,21.181,21.884095238095238,21.659737963284766,4.91683456587707,4.9856958024275375,4.998243039716272,21.273666666666667,21.46627956989247,21.108232924815606,4.978710829148418,4.965291261305293,4.989019739839896,19.345000000000002,20.641147540983606,19.63320789659201,4.982333538828234,4.992145040677126,4.968987788428512,8.099967829516148
2009-04-08,sz000901,23.27,22.35,24.21,22.3,109139,112443848.0,8.16,-4.49,-1.05,5.58,5.0379799701868055,-0.045461729478232016,22.698,22.776,22.654423856839173,5.0751647329696965,5.084114975676721,5.0669750776649485,22.417,22.60127272727273,22.32446715230035,5.058255712562412,5.062425562911988,5.03681765911658,21.3625,21.995428571428572,21.725477204876693,4.926868034240792,4.997233459980847,5.002027509284893,21.265666666666664,21.535720430107528,21.188346929666213,4.977093540143588,4.9691150768561565,4.992178464378406,19.482499999999998,20.73967213114754,19.722283047523415,4.986529912388982,4.993969513836424,4.971249827174685,8.050935699409354
2009-04-09,sz000901,22.35,22.44,22.82,21.29,98505,94790032.0,6.85,0.4,0.09,5.04,4.993458275343276,-0.04452169484352986,22.748,22.69,22.582949237892784,5.081327600255938,5.056879489801247,5.042469476891058,22.469,22.605454545454545,22.345473124609377,5.039754206697895,5.050644210690328,5.02893413479416,21.535,22.09804761904762,21.79352699488844,4.944545218200563,5.003575387704894,5.001211391766644,21.25766666666667,21.611483870967742,21.269098740655494,4.972644058723556,4.970170866223878,4.992261032827753,19.612833333333334,20.836639344262295,19.811388521375108,4.990043951444176,4.994196673277549,4.971977973016279,7.976762669880195
2009-04-10,sz000901,22.5,23.38,23.71,22.21,118908,121096488.0,6.68,4.19,0.94,6.08,5.075211074458702,0.0817527991154261,22.914000000000005,22.900666666666666,22.84863282526186,5.076397790825848,5.054840647868835,5.0533833427469395,22.628,22.771090909090912,22.533568920134943,5.04601900725803,5.0570909139195654,5.037348123824077,21.7155,22.27376190476191,21.94461966204192,4.948038165099187,5.016019754967573,5.008258980594459,21.20633333333333,21.748408602150537,21.40528591867772,4.96328184419574,4.976788093045501,4.9976126484168475,19.7465,20.960153005464488,19.92839217641199,4.990397791278036,4.996989037966549,4.97536266486685,8.083131548061818
2009-04-13,sz000901,24.32,23.69,25.15,23.4,154396,163951504.0,7.49,1.33,0.31,7.89,5.188636044701593,0.11342497024289155,23.052000000000003,23.159333333333333,23.129088550174572,5.0757454128710835,5.09225339916075,5.098467576731824,22.818,22.96418181818182,22.743829116474043,5.068362912153047,5.083021284363849,5.064855018529079,21.897,22.461809523809524,22.11084636089507,4.967246979772382,5.038933838739231,5.025437748604662,21.247333333333337,21.908645161290327,21.552686827150126,4.9613112177731304,4.991327073723299,5.009936738499734,19.879833333333337,21.08944808743169,20.051723580464053,4.9910979389001415,5.003488652832895,4.982355234697497,8.214715404999923
2009-04-14,sz000901,23.58,23.83,24.39,23.04,114801,119635448.0,5.7,0.59,0.14,5.87,5.059945671098457,-0.12869037360313662,23.138,23.418666666666663,23.362725700116382,5.071046207157766,5.086986818569875,5.085626941520703,22.922,23.14818181818182,22.94131473166058,5.068444702354557,5.081490876899378,5.063962409905329,22.1065,22.645904761904763,22.27457527890506,4.988910310998242,5.04776228553219,5.028724217413595,21.367,22.075268817204297,21.699610257656573,4.9598895765854385,4.99769058684106,5.01316312124804,20.022166666666667,21.218961748633877,20.175601495858675,4.993636595004395,5.005745955527923,4.984899183431955,8.077859880236154
2009-04-15,sz000901,23.71,23.27,24.07,22.88,111610,114704944.0,4.99,-2.35,-0.56,5.71,5.0477031081343045,-0.01224256296415227,23.322000000000003,23.462666666666667,23.331817133410922,5.072990834747267,5.079205785562054,5.072985663725237,23.009999999999998,23.211454545454547,23.00107568954047,5.074077783858481,5.077719677950242,5.061006173219688,22.266000000000002,22.756714285714285,22.369377633295056,5.015804437294344,5.053361599545149,5.030531730815568,21.496333333333332,22.198043010752688,21.800925724904538,4.961812379821906,5.003355975973245,5.015391507498767,20.1465,21.325448087431695,20.277057184519045,4.996013504063212,5.007518628089559,4.986958328504163,8.059582137218134
2009-04-16,sz000901,23.29,23.13,23.78,22.84,111640,114007944.0,4.04,-0.6,-0.14,5.71,5.0478198278165936,0.00011671968228910146,23.46,23.398666666666664,23.264544755607282,5.08386314524193,5.070815449918496,5.0645970517556895,23.104,23.233272727272727,23.024516473260384,5.082595372748934,5.0729455041244425,5.0586086558736705,22.3815,22.839000000000002,22.44181785869553,5.023799942094103,5.056410684356791,5.032178216244238,21.598666666666663,22.30344086021505,21.886672452330053,4.961058847874156,5.008904843585805,5.017483657196692,20.266666666666666,21.423267759562844,20.370596293223336,4.99770427365078,5.009217196081473,4.988953787498013,8.056935113750185
2009-04-17,sz000901,23.15,22.53,23.42,22.35,78941,78776112.0,4.63,-2.59,-0.6,4.04,4.897302623601568,-0.15051720421502512,23.290000000000003,23.08866666666667,23.01969650373819,5.048281455070503,5.008628609371709,5.008832242370983,23.101999999999997,23.12890909090909,22.934604387213042,5.062339622948176,5.0392559133703765,5.0292802863696515,22.468,22.85314285714286,22.45021615786738,5.0262168427698635,5.044363320690836,5.01933292170684,21.643666666666668,22.36352688172043,21.928177455405535,4.954016316896035,5.004791538794026,5.009730042126039,20.388833333333334,21.497475409836067,20.441396414756994,4.99937383424753,5.005925338702809,4.985948831304687,7.896394542370382
2009-04-20,sz000901,22.46,22.75,23.02,22.19,80981,80756912.0,3.68,0.98,0.22,4.14,4.908383135383746,0.011080511782177282,23.102,22.908666666666665,22.929797669158795,4.992230873206934,4.9619958361427905,4.975349206708571,23.076999999999998,23.06490909090909,22.901039953174305,5.033988143039008,5.011263824722298,5.007298986190396,22.5465,22.880000000000003,22.47876699997525,5.029888274514851,5.033141062844538,5.008766275390355,21.712333333333333,22.434903225806455,21.981198264734214,4.948484268007766,5.001847462567427,5.003191532013633,20.504500000000004,21.574890710382512,20.51708833558463,5.003200665903626,5.002942037100718,4.983405693733509,7.907179703944206
2009-04-21,sz000901,22.64,23.22,23.42,22.3,101361,102643496.0,4.92,2.07,0.47,5.18,5.005870886527512,0.09748775114376595,22.98,22.948,23.026531779439196,4.981415916292745,4.96654250724965,4.985523099981552,23.059,23.09090909090909,22.959032688960793,5.026231061725256,5.006151596265663,5.007039331706235,22.669500000000003,22.944142857142854,22.549360619025226,5.036326791471529,5.030853692560029,5.008490524070084,21.807,22.532172043010753,22.061120957332008,4.953300064493132,5.005549825052571,5.003364393595174,20.623166666666666,21.66392349726776,20.605708390155627,5.003972969372054,5.003029585317895,4.984142257431673,8.01133143553028
2009-04-22,sz000901,23.56,23.83,24.92,22.88,271703,286079136.0,8.79,2.63,0.61,13.89,5.434094433693021,0.42822354716550937,23.092000000000002,23.231333333333332,23.294354519626133,5.058694181404488,5.117435346383074,5.135046877885375,23.207,23.23109090909091,23.117390381877012,5.065842508075876,5.080308572987075,5.0846857138856505,22.812,23.05466666666667,22.671326274356154,5.062049110319144,5.068736325152554,5.0490242297484595,21.977333333333334,22.66268817204301,22.175242185891236,4.973192858852487,5.036568816613856,5.031153428440196,20.753833333333333,21.769065573770497,20.711422869166917,5.013046126787178,5.017131928410384,4.9988947878008965,8.456486185486213
2009-04-23,sz000901,23.83,26.18,26.18,22.59,443800,492181856.0,15.07,9.86,2.35,22.69,5.647187297895989,0.21309286420296836,23.702000000000005,24.260666666666665,24.256236346417424,5.178567675420367,5.313599718546908,5.305760351222247,23.581,23.77163636363636,23.674228494263005,5.131215410331149,5.186007625681641,5.186958729160256,23.025,23.37542857142857,23.005485676798425,5.085484808514522,5.124463771588443,5.1059921410006055,22.217,22.93382795698924,22.43361365776922,5.006768615577425,5.0800523288102095,5.0708975490502475,20.929333333333332,21.94697267759563,20.890720480013904,5.027714059739212,5.037923442217232,5.020150279935161,8.692125599646506
2009-04-24,sz000901,26.11,24.27,26.29,24.07,312658,348531648.0,8.48,-7.3,-1.91,15.99,5.495069545479203,-0.15211775241678627,24.050000000000004,24.45,24.26082423094495,5.2981210597958945,5.419100341899854,5.368863415974566,23.669999999999998,23.89690909090909,23.782550586215187,5.173201257433198,5.252162922981287,5.242978877581883,23.149,23.493999999999996,23.125915612341434,5.1096101323456145,5.163471841775556,5.143047131903329,22.367000000000004,23.066279569892473,22.552090195977662,5.023092529210525,5.111555614610325,5.098263484303729,21.067833333333336,22.05650273224044,21.001516529849514,5.041990897087562,5.053246572897232,5.0357214033956215,8.542242219816282
2009-04-27,sz000901,23.49,23.13,23.87,22.19,180863,182232576.0,6.92,-4.7,-1.14,8.16,5.257349730268529,-0.2377198152106743,24.126,24.14333333333333,23.88388282062997,5.36791437877285,5.405509898724065,5.331692187405887,23.613999999999997,23.79872727272727,23.66390502508515,5.180072625989892,5.267462645314984,5.245591759888546,23.216,23.49219047619048,23.126304601642246,5.124217769071469,5.177542279672977,5.153933093652396,22.469333333333335,23.115505376344085,22.589374699462976,5.038188861844885,5.126668982420519,5.1085271130756515,21.177500000000002,22.124114754098358,21.071302873133135,5.045636323669561,5.060307518247428,5.0429879059160445,8.26062601430796
2009-04-28,sz000901,22.57,24.68,24.99,22.48,180838,188294064.0,10.85,6.7,1.55,8.15,5.257289695255826,-6.003501270246403e-05,24.418000000000003,24.327999999999996,24.149255213753314,5.418198140518514,5.36863500421839,5.3068913566892,23.698999999999998,23.992545454545454,23.848649565978757,5.199807028405629,5.281502112454245,5.2477186572280505,23.310499999999998,23.63161904761905,23.27427559196203,5.134125865380093,5.190215796452439,5.16377657951939,22.637333333333334,23.258129032258065,22.724253751110528,5.059209216800705,5.140804520059934,5.11812469902276,21.312,22.238950819672134,21.18962081171893,5.049794644633058,5.0672469730535346,5.050014194091119,8.274836629030581
2009-04-29,sz000901,24.32,24.99,25.82,23.98,200581,222591872.0,7.46,1.26,0.31,9.04,5.302289792164164,0.045000096908337284,24.650000000000002,24.518666666666665,24.429503475835542,5.391837212212742,5.329998888100274,5.305357501847522,23.871000000000002,24.227272727272727,24.056167826709892,5.225265696808615,5.300135342228524,5.257640681761889,23.4405,23.79157142857143,23.437677916537076,5.149671740333549,5.206231408527112,5.176968314056987,22.801,23.40991397849462,22.870430928458237,5.085624857132434,5.156487137825318,5.130006317935108,21.458333333333332,22.359540983606557,21.314223408056016,5.057841286325865,5.075525502480785,5.0582855251754815,8.347509301912451
2009-04-30,sz000901,24.97,25.44,26.18,24.9,137417,155192240.0,5.12,1.8,0.45,6.2,5.138040463069193,-0.1642493290949707,24.502000000000002,24.781999999999996,24.766335650557032,5.290007845247383,5.245399971719091,5.249585155588079,24.102,24.512545454545457,24.307773676399,5.234287760333875,5.284276208821356,5.235895187454126,23.603,23.982000000000003,23.62837525781926,5.158441566541405,5.205123667835268,5.173260899677198,22.955,23.58017204301075,23.036209578235127,5.093962548174027,5.159868789821238,5.130524649879243,21.601333333333333,22.490087431693993,21.44949477172631,5.061875531228228,5.078154983685484,5.060900441171997,8.190870001655188
2009-05-04,sz000901,25.24,26.78,27.21,25.21,170547,195632304.0,7.86,5.27,1.34,7.69,5.231844084371356,0.09380362130216291,25.004,25.541333333333334,25.437557100371357,5.237362753025813,5.226012051427081,5.243671465182505,24.527,24.99945454545454,24.75726937159918,5.267741906410853,5.283831904100898,5.2351586232572584,23.8145,24.28457142857143,23.928529995169807,5.165040764679516,5.212114383819074,5.178840250600451,23.154333333333334,23.826946236559138,23.27774444415544,5.10672519731686,5.168764372801711,5.137061387588412,21.760333333333335,22.659879781420766,21.6242654349484,5.064575567169722,5.0837277231327995,5.0665051507850904,8.291440569728502
2009-05-05,sz000901,26.78,28.1,29.25,26.45,211967,260775376.0,10.46,4.93,1.32,9.56,5.326268253223756,0.09442416885240057,25.998,26.573333333333334,26.325038066914242,5.251146457616859,5.255647218159729,5.271203727862923,25.062,25.64909090909091,25.365038576762963,5.309530418194855,5.294473058066879,5.251724010523894,24.069499999999998,24.69271428571428,24.325812852772685,5.171759280616932,5.227469382728049,5.192881012755051,23.385,24.146021505376343,23.588857705822832,5.123102322408186,5.182928440924736,5.149268282145531,21.9395,22.86773770491803,21.836584601015666,5.071465182697635,5.092307811200145,5.075021973815867,8.416266580264613
2009-05-06,sz000901,27.92,28.13,28.73,27.57,149080,185065568.0,4.13,0.11,0.03,6.72,5.173419384081802,-0.1528488691419545,26.688,27.284,26.926692044609496,5.234372395382055,5.229738193648044,5.238608946602549,25.553,26.206909090909093,25.86775883553333,5.326285267950285,5.269725597319052,5.237486805716241,24.306,25.079428571428572,24.68811639060386,5.17625816483777,5.227627487819943,5.19102752430998,23.63066666666667,24.452150537634406,23.881834628027814,5.132979616964446,5.186174702968197,5.150826417754323,22.115833333333335,23.070704918032792,22.042926089506956,5.07243332450244,5.095650571901265,5.078248118414749,8.267325624487112
2009-05-07,sz000901,28.01,28.57,29.22,27.14,157163,195791488.0,7.39,1.56,0.44,7.09,5.196350310232735,0.022930926150933395,27.404000000000003,27.91133333333333,27.474461363073,5.213184498995768,5.217064165264937,5.224522734479279,26.026999999999997,26.755454545454548,26.359075410890906,5.302510855604256,5.246101059552226,5.230007442901059,24.616999999999997,25.48552380952381,25.057819591498728,5.184176681840066,5.229541025476604,5.191534456302623,23.883666666666667,24.770817204301075,24.184296910090538,5.142203025414181,5.190263134791957,5.153763443075511,22.280833333333337,23.28231693989071,22.25692851280181,5.073912327165597,5.099713423892422,5.082120321425175,8.291793807002431
2009-05-08,sz000901,28.39,27.39,28.66,27.34,131872,161625120.0,4.62,-4.13,-1.18,5.95,5.120152592844494,-0.07619771738824088,27.794000000000004,27.906666666666663,27.446307575382,5.209606924950828,5.186053529881179,5.189732687267684,26.148000000000003,27.003272727272723,26.546516245274375,5.249807385099106,5.212945011777722,5.210033833799865,24.8645,25.74961904761905,25.27993201135599,5.1905113977151265,5.223443493191312,5.184736183592325,24.066,24.997032258064518,24.391116464278245,5.140259000709382,5.188840526239073,5.151595001125123,22.42233333333333,23.449830601092895,22.425225938611586,5.07324109520851,5.101229498176976,5.083367281143841,8.20850886033435
2009-05-11,sz000901,27.36,25.46,27.36,25.44,138759,161871072.0,7.01,-7.05,-1.93,6.26,5.142261161333997,0.022108568489502822,27.53000000000001,27.128666666666668,26.78420505025467,5.191690340343357,5.163604942008902,5.173908845289789,26.267000000000003,26.878181818181822,26.348967837042668,5.214526546684586,5.193391152911341,5.197711529715161,24.9685,25.806333333333335,25.2970813436078,5.193863902058892,5.2188482325835865,5.180690943377246,24.188333333333333,25.086967741935478,24.46007669238933,5.144582270458605,5.188969697892275,5.150992817912792,22.530166666666666,23.549426229508196,22.524726727509567,5.0747723875054955,5.103492451164697,5.085298228035321,8.209169242865187
2009-05-12,sz000901,25.12,26.54,26.6,24.99,99330,114331296.0,6.32,4.24,1.08,4.48,4.997080435471731,-0.14518072586226616,27.218,26.798666666666666,26.70280336683645,5.125852776792952,5.0987349737183605,5.1149660420171035,26.608000000000004,26.927818181818186,26.383700957580363,5.188499617204906,5.153855496327184,5.161233148943627,25.111,25.955999999999996,25.415454548978488,5.184286121597399,5.200106950051475,5.163204228338626,24.346666666666668,25.23868817204301,24.59426529288034,5.145645051782615,5.179453450473768,5.141062986787563,22.635166666666667,23.68089617486339,22.656375031525645,5.070913420132327,5.100945174048837,5.082405841393892,8.058165126455693
2009-05-13,sz000901,26.2,27.34,27.63,25.93,106901,125789336.0,6.41,3.01,0.8,4.82,5.028981767813555,0.031901332341823796,27.060000000000002,26.839333333333332,26.915202244557634,5.096965253539302,5.0664446373918945,5.086304617282588,26.874000000000002,27.06090909090909,26.557573510747567,5.1656688244606785,5.124852250983301,5.137187443283613,25.2865,26.168285714285716,25.598744591932917,5.182737926433154,5.185316059214919,5.150421136860047,24.498333333333335,25.431806451612903,24.771409467533225,5.144640185073621,5.171926786991892,5.1338319404021435,22.752000000000002,23.835153005464488,22.809936505901852,5.069565024340898,5.0995703657760885,5.0806542324240445,8.09964382463339
2009-05-14,sz000901,27.14,27.54,28.35,26.96,106840,130816584.0,5.08,0.73,0.2,4.82,5.0287338793493355,-0.00024788846421941457,26.854000000000003,26.999333333333333,27.123468163038424,5.063441967362623,5.043700845995239,5.067114371304838,27.129,27.181999999999995,26.736196508793462,5.138313233179195,5.099954988235785,5.117468613477381,25.5,26.38290476190476,25.783626059367876,5.181789464993906,5.170649007111697,5.13883187423998,24.669999999999998,25.628043010752695,24.950028211563342,5.145885571282097,5.16444896081613,5.127051420334221,22.871,23.99213661202186,22.965020554888678,5.070383417174557,5.098231639710793,5.078951925765857,8.116662804256887
2009-05-15,sz000901,27.41,26.76,27.9,26.45,88495,105620640.0,5.27,-2.83,-0.78,3.99,4.946918733593273,-0.08181514575606208,26.728,26.968000000000004,27.002312108692287,5.028795195512378,5.004859768072122,5.027049158734316,27.261000000000003,27.114909090909094,26.74052441628556,5.119201060231604,5.065155988311073,5.086459544407543,25.6815,26.50290476190476,25.87661405371379,5.176744410282739,5.148280366025923,5.120554432273627,24.822333333333333,25.76288172043011,25.06680058501087,5.14536139777147,5.151612390642659,5.115429956673514,22.973000000000003,24.11964480874317,23.0894461104661,5.064308271268402,5.094183617298292,5.0746229686454445,8.023748794733866
2009-05-18,sz000901,26.33,27.3,27.79,25.91,82954,98842296.0,7.03,2.02,0.54,3.74,4.91883733232595,-0.028081401267323614,27.096000000000004,27.158666666666665,27.101541405794862,4.9841104297107695,4.968207147009979,4.990978549931528,27.313,27.122,26.842247249688185,5.087900385027064,5.028726219600954,5.055982778574526,25.919999999999998,26.657047619047624,26.012174620026766,5.1778211457189585,5.123717787172896,5.101343279897657,24.980666666666668,25.9227311827957,25.210877966623073,5.139327304795364,5.1369979348074635,5.102746561554317,23.073833333333333,24.26151366120218,23.227497057663932,5.060120114957277,5.089414078316572,5.069515242864477,7.994942825039928
2009-05-19,sz000901,27.34,27.68,28.48,27.23,129085,158854000.0,4.58,1.39,0.38,5.82,5.1108757790928365,0.19203844676688675,27.324000000000005,27.35333333333333,27.294360937196576,5.00686949843499,5.010462263470669,5.030944292985298,27.270999999999997,27.18872727272727,26.99456593156306,5.066361137613971,5.032903563976548,5.0659633241233095,26.166500000000003,26.82466666666667,26.171015132405167,5.187945777904412,5.117342037970408,5.102251136963864,25.136666666666667,26.09688172043011,25.37017616232481,5.136626566282612,5.135162352504075,5.103271027201963,23.18616666666667,24.412535519125683,23.373480760691344,5.060005184503039,5.091078198452164,5.070871326019505,8.20099815498977
2009-05-20,sz000901,27.68,29.18,30.28,27.68,226632,291412032.0,9.39,5.42,1.5,10.22,5.355321231397767,0.2444454523049302,27.692,27.972,27.922907291464387,5.072137391151832,5.126612841124927,5.139069939122788,27.375999999999998,27.535818181818183,27.391917580369775,5.084551322345567,5.08544176284633,5.118573852718665,26.464499999999997,27.11166666666667,26.457585119795148,5.2054182951479255,5.133282557350728,5.126353050719474,25.329333333333334,26.357741935483872,25.615971248626437,5.14568921734037,5.14927168573731,5.119532330698466,23.3015,24.609054644808747,23.563858440668675,5.062200023244393,5.100760691792974,5.08019755242535,8.464507479223021
2009-05-21,sz000901,29.02,31.11,31.64,28.57,224291,300559840.0,10.52,6.61,1.93,10.11,5.350811847239873,-0.004509384157893592,28.406,29.111333333333334,28.98527152764293,5.13655298472994,5.219504326487608,5.209650575161817,27.630000000000003,28.21472727272727,28.067932565757086,5.099997476046282,5.133852767372567,5.160798942631612,26.828500000000002,27.554095238095236,26.90067225124323,5.201254165825269,5.147129562311866,5.147730078959512,25.621333333333336,26.730688172043006,25.970424716456993,5.156116946575471,5.162505403795344,5.13445358983017,23.443499999999997,24.86507103825136,23.8112729180238,5.06660524335953,5.110223374546925,5.089070152255334,8.477930950863101
2009-05-22,sz000901,30.81,30.41,31.26,29.58,129700,174379264.0,5.4,-2.25,-0.7,5.85,5.11293997608408,-0.237871871155793,29.136000000000003,29.779333333333334,29.46018101842862,5.169757233228101,5.211633323605654,5.177413708802572,27.932,28.72018181818182,28.493763008346704,5.09927621437024,5.136205949197622,5.152097312350241,27.04,27.895190476190475,27.234893941601015,5.174541799734673,5.138718687098418,5.144416735828519,25.887,27.039634408602147,26.256848928298478,5.160099669933499,5.159719792795898,5.1330656147497775,23.572333333333336,25.09348087431694,24.027624625629578,5.066371864328527,5.111742546111664,5.089852769430047,8.241494840311033
2009-05-25,sz000901,29.02,31.93,32.47,28.93,163569,223538336.0,11.64,5.0,1.52,7.38,5.213700998573439,0.10076102248935914,30.062,30.710666666666665,30.283454012285752,5.228729966477599,5.226281245387434,5.1895094720595285,28.578999999999997,29.447090909090907,29.11853337046548,5.106420198094184,5.157010455416385,5.16329798257264,27.423000000000002,28.360904761904763,27.682046899543774,5.160473372389385,5.142448134606872,5.151015237042321,26.172,27.429505376344085,26.622858674859867,5.164716000737323,5.163177943030733,5.13826789757711,23.689166666666665,25.367502732240435,24.286718900199098,5.0639989224665305,5.11657300952953,5.09391336710688,8.349352013756752
2009-05-26,sz000901,32.09,31.06,32.79,31.04,130437,183108992.0,5.48,-2.72,-0.87,5.88,5.1154008016455075,-0.0983001969279318,30.738000000000007,31.043333333333333,30.54230267485717,5.229634970988133,5.18850485711007,5.164806581921522,29.031,29.89818181818182,29.47152730310812,5.118252234711561,5.158643292425717,5.154589404222252,27.819499999999998,28.707285714285717,28.003756718634847,5.153375925958234,5.138155508821741,5.147623386052149,26.417666666666666,27.744860215053755,26.909125857126973,5.162274825968786,5.159996317282874,5.136792601065394,23.8325,25.609169398907103,24.508793690356505,5.061793021870958,5.118258317043594,5.094617873157326,8.262709671882764
2009-05-27,sz000901,31.04,31.44,31.67,30.39,101425,139075776.0,4.12,1.22,0.38,4.57,5.006145016376363,-0.10925578526914403,31.190000000000005,31.27733333333333,30.84153511657145,5.159799727983852,5.114008205572814,5.1119193934064695,29.440999999999995,30.336181818181817,29.829431429815735,5.115968559567842,5.138260161819316,5.1275995155229985,28.1575,29.05209523809524,28.331017983526763,5.1408186920142604,5.124133517432992,5.134149255606836,26.671333333333333,28.06888172043011,27.20144031795749,5.160481470811384,5.149923426341427,5.128363724633843,24.019166666666663,25.858595628415305,24.736046356246455,5.060185523698411,5.11643379227328,5.0917171237546714,8.143251491849089
2009-06-02,sz000901,32.05,30.66,32.83,30.5,146067,203000752.0,7.41,-2.48,-0.78,6.59,5.164552109591255,0.15840709321489133,31.1,31.100666666666665,30.781023411047634,5.122547780454129,5.115592332775281,5.1294636321347316,29.752999999999997,30.557818181818178,29.980443897121962,5.1295503825920346,5.147093534550847,5.134318168989954,28.441000000000003,29.29042857142857,28.55282579461945,5.133931807885615,5.1263938429165155,5.137044765510114,26.91766666666667,28.32621505376344,27.42457320066991,5.164376437526615,5.150186048198194,5.130698459147225,24.207,26.076327868852463,24.930274344566243,5.063094408674259,5.119855647548455,5.094105156077182,8.30749764672526
2009-06-03,sz000901,30.37,30.23,31.08,29.69,119725,160529584.0,4.53,-1.4,-0.43,5.4,5.078184845714645,-0.08636726387660953,31.064000000000004,30.810666666666666,30.597348940698424,5.115596754380242,5.100804687862119,5.112370703328036,30.1,30.644545454545455,30.025817734008875,5.142676993804171,5.137754346027685,5.124112110212625,28.680500000000002,29.460809523809523,28.71255667132236,5.130939027017887,5.1210846084240425,5.131439058862926,27.154333333333334,28.539913978494624,27.605568478046045,5.165388604789884,5.1446253003393565,5.127310484087058,24.3765,26.273803278688526,25.10403584146571,5.06322372633202,5.1203504159760085,5.093583178688247,8.205555080254818
2009-06-04,sz000901,30.25,30.48,30.99,29.94,96901,130173096.0,3.47,0.83,0.25,4.37,4.986328258910837,-0.09185658680380815,30.774,30.616,30.558232627132284,5.0701222064477225,5.057715189372318,5.070356555188971,30.417999999999996,30.713636363636365,30.108396327825442,5.14942608646266,5.109327303319806,5.099060500885027,28.865500000000004,29.632190476190477,28.8808846073869,5.118663235744862,5.107312154318608,5.117618982677013,27.41933333333333,28.754473118279567,27.79101567301082,5.1683561259668584,5.133073019960063,5.118214856656334,24.5315,26.473918032786884,25.28029696141765,5.061186221431447,5.117829253109741,5.090066623941447,8.114521234108507
2009-06-05,sz000901,30.37,29.56,30.37,29.49,89730,117918632.0,2.89,-3.02,-0.92,4.05,4.95293766775098,-0.033390591159856875,30.474,30.211333333333332,30.22548841808819,5.037629579668816,5.018653676473404,5.031216926042974,30.606,30.557636363636362,30.008687904584452,5.133632275328475,5.073602136281319,5.072492713042473,28.938499999999998,29.69833333333333,28.94556226382624,5.099996706471222,5.09152876689062,5.101935047922153,27.646333333333335,28.892580645161292,27.905143694106897,5.169841277045767,5.119175054913878,5.107551812210827,24.679333333333332,26.6387868852459,25.420615093830186,5.059162772526767,5.114280120202183,5.0855705925909405,8.071582432198342
2009-06-08,sz000901,29.47,29.92,30.25,29.2,81601,107131200.0,3.55,1.22,0.36,3.68,4.9116954809575475,-0.04124218679343272,30.170000000000005,30.026666666666667,30.12365894539213,5.0187396725850535,4.9766756435696475,4.991376444347832,30.68,30.432909090909096,29.99256283102364,5.0892697002844525,5.033249991850242,5.043256852663395,29.028000000000002,29.791809523809526,29.03836585774755,5.0869105113150095,5.0735953168417,5.083816993925524,27.869666666666667,29.039268817204302,28.035134423519356,5.166702096860102,5.102520487424315,5.094915919871906,24.83833333333333,26.810612021857917,25.568135910425916,5.060001080676616,5.109445127035981,5.079869769258698,8.029915969567158
2009-06-09,sz000901,29.92,30.37,30.46,29.04,69965,91750608.0,4.75,1.5,0.45,3.15,4.844880838468392,-0.06681464248915514,30.112000000000002,30.09333333333333,30.20577263026142,4.954805418360481,4.9187226988640935,4.942544575721352,30.606,30.376545454545454,30.061187770837524,5.038676599407305,4.9888156533382295,5.007188486446122,29.118000000000002,29.919619047619044,29.16518815700969,5.069337037726793,5.050544871808687,5.061061169596273,28.087666666666667,29.20058064516129,28.18577091232456,5.147061643685947,5.081757825592591,5.078784624297486,25.032500000000002,26.9919781420765,25.725574077297196,5.0601272512692175,5.1023920043406275,5.072165214150819,7.962608950855136
2009-06-10,sz000901,30.39,29.83,30.41,29.65,53738,70789632.0,2.5,-1.78,-0.54,2.42,4.730281498994675,-0.1145993394737177,30.032000000000004,29.999333333333333,30.080515086840947,4.885224749016486,4.843881392408826,4.87179021681246,30.547999999999995,30.23545454545454,30.019153630685246,5.000410751698364,4.932743816899569,4.956841761454949,29.24,29.987428571428573,29.228503570627815,5.049843483034302,5.018253868119913,5.029558343824692,28.209333333333337,29.31298924731183,28.291850208303625,5.116498117055904,5.054868783999607,5.056300551697305,25.21316666666667,27.149273224043718,25.86014541902516,5.061633366316665,5.091577389511955,5.060955912014552,7.849969654654252
2009-06-11,sz000901,29.83,29.49,30.1,29.45,48848,64063248.0,2.18,-1.14,-0.34,2.2,4.688846786954587,-0.04143471204008797,29.834000000000003,29.818666666666665,29.883676724560633,4.825728454625237,4.778422071721525,4.810809073526503,30.303999999999995,30.043090909090907,29.922943879651562,4.94792533053648,4.876095823309792,4.908115402454882,29.4415,30.011238095238095,29.253407992472788,5.027172764315331,4.983873230398036,4.997109624122777,28.383333333333333,29.395612903225807,28.369150194864684,5.089624025105082,5.027278375605972,5.032593857197775,25.375166666666665,27.28949726775956,25.97915704463089,5.056358277157804,5.079354878713199,5.048755612832258,7.8066089535709855
2009-06-12,sz000901,29.47,28.01,29.58,27.99,89422,113053784.0,5.39,-5.02,-1.48,4.03,4.951444379010545,0.26259759205595845,29.524,29.210666666666665,29.259117816373756,4.825429796877149,4.820327379849962,4.85768750868785,29.999000000000002,29.625999999999998,29.575135901533095,4.931529688272983,4.876735650305077,4.915993398192275,29.514999999999997,29.874904761904755,29.134988183665858,5.0248909614922725,4.976661003226152,4.992760553159707,28.546,29.371526881720428,28.345979214550837,5.07942718006315,5.018363559728907,5.027358406992148,25.50766666666667,27.375885245901642,26.045742059561025,5.058808020954017,5.075915078773945,5.045565080575808,8.053285103106118
2009-06-15,sz000901,28.01,28.78,28.87,27.92,46714,58530084.0,3.39,2.75,0.77,2.11,4.669447056402543,-0.28199732260800214,29.296000000000003,28.96266666666667,29.099411877582508,4.776980111966148,4.768333133025093,4.794940691259415,29.732999999999997,29.404363636363637,29.430565737617986,4.8978598922756005,4.82908426269227,4.871166790594142,29.587,29.804904761904755,29.10117978522149,5.006914225921721,4.942809202741416,4.961968791563787,28.682666666666666,29.38662365591398,28.373980555547558,5.059832425434707,4.991913229170158,5.0042673521153995,25.660000000000004,27.483174863387973,26.135389860886892,5.059520821117706,5.06314914550996,5.033233342078324,7.767379147396434
2009-06-16,sz000901,28.66,28.04,28.66,27.88,54314,67415536.0,2.71,-2.57,-0.74,2.45,4.734911787951127,0.0654647315485839,28.830000000000002,28.544,28.746274585055005,4.754986301862695,4.75431035835342,4.774931056823319,29.470999999999997,29.096545454545453,29.17773560350562,4.854895860111588,4.799457334633273,4.846393153749957,29.612000000000002,29.65757142857143,29.000115043771824,4.992223121351811,4.916904208648979,4.940344315029248,28.784333333333333,29.345161290322583,28.352433422931586,5.040919825294272,4.970950607397024,4.986889573782221,25.792666666666666,27.561207650273225,26.197836094956173,5.063272341213353,5.052506226389745,5.023452307516776,7.8287599918107
2009-06-17,sz000901,28.13,28.6,28.75,28.13,42111,52917704.0,2.21,2.0,0.56,1.9,4.624395554631505,-0.1105162333196219,28.584000000000003,28.467333333333332,28.697516390036675,4.733809112990061,4.710780109276356,4.724752556092715,29.308,28.93818181818182,29.072692766504595,4.809516931003274,4.75754818818235,4.806029953910238,29.704,29.56119047619048,28.96200884912689,4.976096962403723,4.881873011818472,4.910253956896129,28.889666666666667,29.3332688172043,28.368405460161807,5.023798328346349,4.944078073805876,4.963502862869272,25.92233333333333,27.653251366120216,26.27659556725269,5.058880438260188,5.038116823550997,5.010368479553325,7.723600992700608
2009-06-18,sz000901,28.71,29.02,29.18,28.35,53653,68180096.0,2.9,1.47,0.42,2.42,4.7295940104961876,0.10519845586468257,28.490000000000002,28.61266666666667,28.805010926691118,4.741958557698381,4.709375075111732,4.726366374227206,29.162,28.885818181818184,29.063112263503758,4.7838435061618085,4.7430167480901515,4.792132509653137,29.790000000000003,29.496047619047616,28.967531815876708,4.966634796312235,4.858396540208232,4.893048247715183,28.964333333333332,29.34167741935484,28.410443817570723,5.007056659217178,4.925097150073609,4.9484119691677835,26.05933333333333,27.754814207650274,26.366543253572274,5.05689092826702,5.027320547230865,5.001162759256369,7.833657608395379
2009-06-19,sz000901,29.02,28.93,29.69,28.91,56609,73086904.0,2.69,-0.31,-0.09,2.55,4.752885483124873,0.023291472628685028,28.674,28.759333333333334,28.846673951127414,4.702246778521247,4.7130173835872275,4.735206077193095,29.099,28.843636363636364,29.0389100337758,4.763838287699198,4.737388016628891,4.784996686647998,29.8525,29.414142857142863,28.963957357221783,4.948735281513836,4.838039462761816,4.879699412992297,28.992,29.339462365591395,28.44396357127584,4.987943900213882,4.908699009680556,4.935797357165015,26.188499999999998,27.84893442622951,26.45059101575023,5.055523111311033,5.01735315558686,4.993022520694681,7.863839565329123
2009-06-22,sz000901,29.04,28.26,29.38,28.26,49511,62786876.0,3.87,-2.32,-0.67,2.23,4.694701698096704,-0.058183785028168344,28.570000000000004,28.621333333333332,28.651115967418278,4.707297706860079,4.710502356779047,4.721704617494298,28.933,28.691090909090907,28.897290027634746,4.7421389094131134,4.724817727610255,4.768579416002308,29.8065,29.26247619047619,28.896913799391136,4.915704304848783,4.813845788150661,4.86208058300224,28.996333333333332,29.292236559139784,28.432094953774175,4.971986644014378,4.889780157931061,4.920242798515447,26.313499999999998,27.91685245901639,26.509915900479733,5.052483130489412,5.005522945317538,4.983241510117698,7.797868875004303
2009-06-23,sz000901,27.95,27.83,28.24,27.25,53842,65636056.0,3.5,-1.52,-0.43,2.43,4.7311211836979306,0.03641948560122632,28.528000000000002,28.374666666666666,28.37741064494552,4.7065395860094394,4.7184435157249975,4.724843472895509,28.679000000000002,28.490545454545455,28.703237295337516,4.730762943936067,4.72281450475295,4.761768828310602,29.642500000000002,29.074238095238098,28.795302961353887,4.884719771671686,4.79626644327915,4.849608259258972,28.971666666666668,29.216989247311826,28.39325011804681,4.956479006463217,4.87424045081387,4.908041404011091,26.427666666666664,27.966573770491806,26.553197346365643,5.049341015938699,4.9949864880456865,4.974975269907214,7.817142476876828
2009-06-24,sz000901,27.59,28.01,28.22,27.59,36285,44718436.0,2.26,0.65,0.18,1.64,4.559727127417561,-0.17139405628036997,28.410000000000004,28.202,28.254940429963682,4.693605900566651,4.669506029527705,4.669804691069527,28.497000000000003,28.36890909090909,28.577194150730694,4.7137075067783565,4.6917170835677675,4.725033973602776,29.5225,28.918761904761904,28.720512203129708,4.85705912923836,4.765314762873997,4.822000532416933,28.99233333333333,29.15494623655914,28.368524303979278,4.937798157615654,4.848643555391569,4.885569515198606,26.529166666666665,28.01845355191257,26.600961367796277,5.039028579162518,4.978933573667944,4.961360576710832,7.650486605959594
2009-06-25,sz000901,28.04,27.63,28.19,27.63,38084,46696488.0,2.0,-1.36,-0.38,1.72,4.580742556484907,0.021015429067346325,28.132000000000005,27.942,28.046626953309122,4.663835609764395,4.63188491483379,4.640117312874654,28.311,28.211272727272725,28.40497703241602,4.702897083731388,4.667541638059866,4.698799170490435,29.307499999999997,28.73852380952381,28.616653898069735,4.825411207133934,4.7389988988022385,4.799023582328168,29.064666666666664,29.06705376344086,28.320877574690293,4.919080870787351,4.825607710157328,4.865903259797722,26.6265,28.054546448087436,26.634700339343937,5.031831570622978,4.963907802432612,4.948881297359162,7.669284218904976
2009-06-26,sz000901,27.63,28.1,28.53,27.63,47726,59277240.0,3.26,1.7,0.47,2.15,4.67875503690713,0.09801248042222266,27.966,27.93133333333333,28.06441796887275,4.649009520520846,4.636858057214702,4.652996554218813,28.32,28.17290909090909,28.349526662885832,4.675628149521048,4.663152175000911,4.695154782566197,29.1595,28.62352380952381,28.56744876492024,4.803578918897014,4.725031644494924,4.787569435145212,29.116666666666667,29.00481720430108,28.306627408581242,4.908470024168531,4.810102817648928,4.853829180901556,26.731666666666666,28.102857923497265,26.682742951168727,5.027057537975572,4.952331522638651,4.940024698655816,7.772887974312115
2009-06-29,sz000901,28.15,28.13,28.46,27.72,43040,53413184.0,2.63,0.11,0.03,1.94,4.633872262658333,-0.04488277424879694,27.940000000000005,27.985999999999997,28.08627864591517,4.6368436334331715,4.631812304593864,4.6466217903653195,28.255000000000003,28.138363636363636,28.309612724179313,4.672070670146626,4.6555601955713275,4.684012506219313,28.994,28.525476190476187,28.52578697778498,4.784965281211113,4.708869105805525,4.772931609194081,29.142999999999997,28.941161290322576,28.295232091898583,4.8952997073300235,4.792386833035367,4.839638411982638,26.820666666666668,28.148704918032788,26.73019400195008,5.019969946201822,4.9394402021364465,4.929986913869013,7.727648467360916
2009-06-30,sz000901,28.31,29.13,29.13,28.1,73407,92959888.0,3.66,3.55,1.0,3.31,4.865737475671118,0.23186521301278518,28.200000000000006,28.38266666666667,28.434185763943447,4.66376689182781,4.708110252006512,4.7196603521339195,28.363999999999997,28.29745454545455,28.4587740470558,4.685153238918625,4.690772342030326,4.717053409756004,28.9175,28.538428571428575,28.58333107513879,4.770024549515107,4.7165616957540974,4.781770263144275,29.196,28.940322580645162,28.349088085969644,4.889866493874083,4.790479592283179,4.841322222543186,26.932999999999996,28.224420765027325,26.808876165820568,5.01787603257809,4.934383399823965,4.927880374911704,7.968295591799577
2009-07-01,sz000901,29.07,28.8,29.47,28.62,72816,93110168.0,2.92,-1.13,-0.33,3.28,4.862226818162318,-0.0035106575087997527,28.358000000000004,28.582666666666668,28.556123842628963,4.724266829976761,4.774263560784681,4.767182507476719,28.384000000000004,28.376727272727273,28.520815129409293,4.708936365271706,4.722967538256452,4.743448574920788,28.845999999999997,28.527238095238097,28.60396621083986,4.75922664813749,4.725342864196689,4.789432792193613,29.264000000000003,28.914774193548386,28.37817917719741,4.887043430026384,4.7886963873985495,4.842670906131517,27.043166666666668,28.28563387978142,26.874158914482187,5.016202413898927,4.929280146892298,4.925727799280577,7.968997110252728
2009-07-02,sz000901,28.8,31.04,31.64,28.71,177336,241162576.0,10.17,7.78,2.24,8.0,5.248796908270371,0.3865700901080533,29.040000000000003,29.476666666666667,29.384082561752642,4.857877700333853,4.949106920215884,4.927720641074604,28.586000000000002,28.859636363636366,28.978848742243965,4.760856655049125,4.821124000619845,4.835330090075257,28.874000000000002,28.73619047619048,28.835969428855112,4.772350080605467,4.771968603256964,4.833181755629494,29.388666666666666,29.02935483870968,28.549909552862097,4.898042082557865,4.812035321478806,4.868872583688863,27.18466666666667,28.416677595628418,27.01074386810572,5.018684693676614,4.936906195888085,4.936320229083521,8.382309914174117
2009-07-03,sz000901,30.57,30.5,31.06,29.96,93411,125660784.0,3.54,-1.74,-0.54,4.21,4.970398021390779,-0.27839888687959213,29.520000000000003,29.963333333333335,29.75605504116843,4.916206297230583,4.9866136939015275,4.941946434513329,28.743000000000002,29.207636363636365,29.25542169819961,4.782607908875716,4.859222430863783,4.859887895768988,28.921000000000003,28.89104761904762,28.99444853086891,4.773223098287457,4.790830311903184,4.846249971416284,29.482666666666667,29.10105376344086,28.675721839774223,4.893359490634462,4.816703446564801,4.875422611927696,27.30966666666667,28.525377049180324,27.125145708495698,5.014993028458537,4.935323026304942,4.937437533749334,8.099199764959831
2009-07-06,sz000901,30.59,29.51,30.59,29.2,87262,114417368.0,4.56,-3.25,-0.99,3.93,4.940825162570237,-0.029572858820542614,29.796000000000003,29.96,29.67403669411229,4.9775968772129655,4.994819982348078,4.941572677198965,28.868000000000002,29.347090909090902,29.301708662163318,4.8072202553230685,4.887989204262786,4.874603762460124,28.9005,28.94714285714286,29.04354867078616,4.774679582368091,4.806792413263448,4.855257132478565,29.493666666666666,29.102817204301076,28.729546237208144,4.879542955006879,4.819765747980012,4.8796421313239895,27.4115,28.59751912568306,27.203337652479444,5.012616086173623,4.932891292997129,4.93754860354674,8.058491953251153
2009-07-07,sz000901,29.36,29.31,29.92,28.98,49468,64254112.0,3.19,-0.68,-0.2,2.23,4.69432435211631,-0.24650081045392636,29.832000000000004,29.798000000000002,29.552691129408196,4.943314252502003,4.90039580731586,4.85915656883808,29.016000000000002,29.42745454545454,29.30321617813362,4.8035405721649065,4.867462676407012,4.8418256878521575,28.847499999999997,28.986142857142852,29.068924987854142,4.7671517580504865,4.79913953419185,4.839930201015493,29.433666666666667,29.090967741935483,28.766994867065684,4.857660038502759,4.807816160696748,4.867686145568655,27.5275,28.659765027322404,27.27240854911946,5.006888492539115,4.9224554984378734,4.92957403792607,7.807900925960777
2009-07-08,sz000901,29.18,30.48,30.88,29.02,115692,154210672.0,6.35,3.99,1.17,5.22,5.063303328908735,0.368978976792425,30.168,30.014000000000003,29.861794086272134,4.9835295546512866,4.940392166118103,4.927205488861633,29.262999999999998,29.69363636363636,29.517176873018418,4.853898192314024,4.914692268542253,4.882094349862444,28.880000000000003,29.141619047619052,29.203313084248986,4.7838028495461895,4.82734444570216,4.861203832243421,29.435999999999996,29.15847311827957,28.877511327254993,4.856005483596915,4.8210834697552,4.88030660900995,27.6615,28.75656830601093,27.377575481935217,5.008052576765206,4.92430516520409,4.933958604843534,8.188114429683383
2009-07-09,sz000901,30.48,30.97,31.62,29.94,154443,211498352.0,5.51,1.61,0.49,6.96,5.188768229048823,0.12546490014008782,30.154000000000003,30.281333333333336,30.231196057514758,4.971523818806977,5.00880505758395,5.01439306892403,29.597,30.004,29.781326532469613,4.914700759570415,4.975577729766762,4.93785323698724,28.954,29.340666666666667,29.371568980987178,4.808798921650903,4.865912577083363,4.892400441462983,29.404,29.257440860215056,29.01251059646435,4.855174391279427,4.842552033977903,4.900207358689877,27.788,28.865043715846994,27.495359892363567,5.009945196008375,4.930230268557651,4.9423130187519035,8.325306987691702
2009-07-10,sz000901,30.97,30.75,31.24,30.43,78066,105629184.0,2.62,-0.71,-0.22,3.52,4.892461927252068,-0.2963063017967551,30.204,30.48,30.40413070500984,4.955936599979235,4.982451093732313,4.973749355033377,29.862000000000002,30.213636363636365,29.957448981111497,4.936071448604909,4.9715343057088806,4.929600271580845,29.091,29.51171428571429,29.502848125655063,4.805849799062978,4.873880482378711,4.892406297252419,29.393666666666665,29.344279569892475,29.12460668701504,4.8477430954663125,4.844957681460009,4.899707653435825,27.905666666666665,28.962158469945354,27.60206940408935,5.00500896071755,4.926378358106625,4.940678556735516,8.023783924818096
2009-07-13,sz000901,30.97,31.58,32.49,30.97,156684,219799088.0,4.94,2.7,0.83,7.07,5.195024650160441,0.30256272290837316,30.618000000000002,30.938666666666666,30.79608713667323,5.006776497497276,5.062147110459382,5.047507786742399,30.207,30.526,30.25245825727304,4.992186687355121,5.018616705991705,4.977859249504407,29.231,29.748761904761903,29.700672113687915,4.832128678750873,4.910944753911804,4.921227092767469,29.398333333333333,29.48533333333333,29.283019158820522,4.8540390832591145,4.867362943053179,4.91876036290193,28.03483333333333,29.08262841530055,27.73249335805363,5.007260277035249,4.93260838071131,4.949017772913382,8.34202588609753
2009-07-14,sz000901,31.49,31.58,31.93,31.24,84553,117725480.0,2.18,0.0,0.0,3.81,4.927129021281269,-0.26789562887917207,31.072000000000003,31.259333333333334,31.057391424448824,5.0533374313302675,5.035597951720713,5.007381531588689,30.451999999999998,30.775636363636362,30.493829483223397,4.998325841916135,5.006788039432823,4.968635571645654,29.407999999999998,29.972476190476197,29.879655721908115,4.841739540417381,4.9199924055813655,4.921789181197354,29.428999999999995,29.626086021505376,29.431211471154683,4.846124980315449,4.872078422925576,4.9193002763457585,28.173333333333332,29.198863387978147,27.85864111680597,5.005250708921033,4.929981126424293,4.9483001089254435,8.070870469859516
2009-07-15,sz000901,31.67,31.93,32.23,31.08,127631,178279008.0,3.64,1.11,0.35,5.76,5.105956171985397,0.17882715070412836,31.362000000000002,31.54533333333333,31.348260949632554,5.0618679999455995,5.05313753193909,5.040239745054259,30.764999999999997,31.044363636363638,30.754951395364596,5.022698777298443,5.026357190354507,4.993602953525608,29.574499999999993,30.212666666666667,30.074926605535914,4.865817571285075,4.945155894302128,4.939328894605739,29.485666666666667,29.78744086021505,29.592423634305995,4.847050691191141,4.888841725613959,4.931342592193477,28.32,29.32203278688525,27.992128293304134,5.006219647990512,4.93328294488542,4.953469160173311,8.251100208870922
2009-07-16,sz000901,32.09,31.64,32.16,31.49,95713,134619120.0,2.1,-0.91,-0.29,4.32,4.980970928840914,-0.12498524314448378,31.496000000000002,31.637999999999998,31.44550729975504,5.0203085399040175,5.026171841570861,5.020483472983145,30.825,31.203454545454548,30.915869323480123,4.995916179355497,5.018770308816773,4.991306221764754,29.7055,30.40938095238095,30.223981214532493,4.878386417202311,4.956122880736019,4.943294802628137,29.524333333333335,29.92643010752688,29.724525335318514,4.846872113522144,4.897481740946203,4.93454442036428,28.471833333333333,29.430885245901642,28.111730644343343,5.007614119744502,4.932455118028057,4.954370857506675,8.129106747263712
2009-07-17,sz000901,31.31,31.04,32.05,30.72,82342,113747744.0,4.2,-1.9,-0.6,3.71,4.91562141134273,-0.0653495174981833,31.554000000000002,31.485999999999997,31.310338199836693,5.02494043672215,4.991276132050432,4.9855294524363405,30.878999999999998,31.242545454545457,30.938438537392827,4.990438518350692,5.004171260087181,4.977545347142568,29.811,30.536476190476186,30.30169728933892,4.886523213613204,4.959669070654153,4.940659241553337,29.573666666666664,30.02421505376344,29.809394668523773,4.845628238308535,4.901917179515273,4.9333235810725675,28.61,29.51508743169399,28.207739475676348,5.007734757677151,4.929438963654228,4.953100383861956,8.055942791895593
2009-07-20,sz000901,31.06,31.15,31.58,30.75,87194,119912408.0,2.67,0.35,0.11,3.93,4.94048660125661,0.024865189913879426,31.468,31.351333333333333,31.256892133224465,4.974032826941384,4.963124853561919,4.970515168709763,31.043,31.291818181818186,30.976904257866856,4.99040466221933,4.995089093342801,4.970807393345122,29.9555,30.664,30.382488023687593,4.898812458771199,4.964808440905907,4.940642799620315,29.61466666666667,30.125913978494626,29.895885335070627,4.846587942318504,4.908037073899019,4.933785711407022,28.74216666666667,29.59836612021858,28.304207033850894,5.006645019589302,4.927234106066669,4.952686817219158,8.078864124275839
2009-07-21,sz000901,31.15,29.92,31.15,29.92,99113,133434776.0,3.95,-3.95,-1.23,4.47,4.996130621770699,0.05564402051408912,31.136000000000003,30.835333333333335,30.811261422149645,4.98783314703927,4.97049078517169,4.979053653063408,31.103999999999996,31.087636363636364,30.78473984734561,5.020585289184768,4.996130176897596,4.975411616695227,30.059999999999995,30.660619047619054,30.338441545241157,4.912062930674837,4.974076837382049,4.945927354110828,29.599666666666668,30.145612903225814,29.89744111990478,4.851629601761914,4.917684988702387,4.93780796368855,28.843666666666664,29.636983606557376,28.357183852413158,4.999345622723931,4.926889371711962,4.9541112042536355,8.125269030904695
2009-07-22,sz000901,29.92,30.48,30.7,29.92,65902,88212944.0,2.61,1.87,0.56,2.97,4.81889859480317,-0.1772320269675287,30.846000000000004,30.616666666666667,30.700840948099767,4.930421631602824,4.914179267759656,4.925668633643329,31.104000000000003,30.974181818181815,30.729332602373677,4.996144815774212,4.959459868828214,4.946954703623943,30.1835,30.700619047619053,30.35192330283724,4.925021504044118,4.965204043489511,4.9338293770339074,29.621333333333332,30.202408602150534,29.935025563781892,4.854583504955531,4.915573310834081,4.930136391502396,28.915333333333333,29.69063387978142,28.426784381842236,4.985540811005717,4.920973075714558,4.9496780039437835,7.945532316371222
2009-07-23,sz000901,30.59,32.05,32.27,30.37,168760,235644848.0,6.23,5.15,1.57,7.61,5.2272695167098435,0.40837092190667335,30.928000000000004,31.018000000000004,31.150560632066515,4.9796813491766105,5.0131285627953295,5.026202261332167,31.212,31.146181818181812,30.969453947396644,4.9999949445403145,5.001482541725603,4.997921033275924,30.404500000000002,30.87838095238095,30.513644893043214,4.957347852055364,4.9939895685052935,4.961776057003044,29.706666666666663,30.359096774193546,30.071475527408868,4.872530929280706,4.93961756965694,4.949306270548037,29.044999999999998,29.793409836065578,28.545578336535932,4.981077477192895,4.9288986070491205,4.9587793650180805,8.372257949040996
2009-07-24,sz000901,31.93,31.87,32.25,30.81,129734,181334336.0,4.49,-0.56,-0.18,5.85,5.113053808600013,-0.11421570810983095,31.094000000000005,31.332,31.390373754711014,5.019167828628067,5.057586049269797,5.055152777088116,31.324,31.26581818181818,31.133189593324524,5.022054132675108,5.022038698827366,5.018854265153031,30.593,31.01795238095238,30.642821569896242,4.979062790640009,5.008818707223831,4.97618346191704,29.83533333333333,30.49866666666667,30.18750936435023,4.877917910267021,4.955135174774314,4.959870627841713,29.19066666666667,29.886032786885238,28.654575768124918,4.978672545165085,4.933225699882139,4.963837543496177,8.258480046364896
2009-07-27,sz000901,31.84,33.64,33.93,31.75,224937,329030144.0,6.84,5.55,1.77,10.14,5.352060898628907,0.23900709002889453,31.592000000000002,32.18066666666667,32.14024916980735,5.101482688102526,5.1685504059367435,5.154122150935047,31.53,31.686909090909086,31.588973303629153,5.0377577575219545,5.082039929000783,5.079437289421373,30.8685,31.308142857142855,30.92826713466803,5.014972222438537,5.044342336556108,5.011981313032456,29.997333333333334,30.744129032258062,30.41025069568248,4.9006717050079,4.985725044991209,4.985173225957016,29.339999999999996,30.031912568306016,28.818032300317544,4.980252065221304,4.945467940979315,4.9765661780906925,8.517235687534056
2009-07-28,sz000901,33.95,33.73,35.07,33.3,229648,344599968.0,5.26,0.27,0.09,10.36,5.3610626675081505,0.009001768879243421,32.354,32.89333333333333,32.6701661132049,5.174469097250016,5.255077065738618,5.223102323126081,31.745000000000005,32.08690909090909,31.97825088478749,5.081151122144644,5.1408226399073635,5.130641903618969,31.0985,31.58066666666667,31.195098836128217,5.039738482030389,5.077303331324642,5.045227156315856,30.187,30.98494623655914,30.62442807015458,4.9215434009931345,5.015427687733162,5.009424157669994,29.485666666666663,30.175846994535522,28.979080421618605,4.981231613143704,4.957953534496917,4.989172620366675,8.537315232782863
2009-07-29,sz000901,33.57,33.75,35.47,31.42,221138,332491328.0,12.01,0.06,0.02,9.97,5.344663377460171,-0.016399290047979243,33.007999999999996,33.358666666666664,33.0301107421366,5.2796220537814165,5.311808492475336,5.263622674570778,31.927000000000003,32.451454545454546,32.3003870875534,5.10502184269212,5.188733959055642,5.169554898862824,31.346000000000004,31.833190476190477,31.43842275649696,5.063860309995283,5.106343797556049,5.073744891662933,30.358666666666668,31.21481720430107,30.82607787208009,4.9455523284207565,5.0427257507310355,5.031052494430651,29.624166666666667,30.315661202185794,29.13550401435242,4.984675328383554,4.969869330048275,5.000828055025479,8.521780322568864
2009-07-30,sz000901,33.84,36.59,36.97,33.52,284379,440411200.0,10.22,8.41,2.84,12.82,5.453897522715773,0.10923414525560204,33.916000000000004,34.552666666666674,34.21674049475774,5.324947654982603,5.369900315453456,5.327047623952443,32.422,33.29927272727273,33.080316707998236,5.152314502079607,5.252165900878125,5.221253557745178,31.623499999999996,32.33261904761905,31.929049160640105,5.074115340717552,5.143490198767524,5.109949904144155,30.611,31.616838709677424,31.19794381581686,4.9696957788280764,5.075522214879101,5.058332818836144,29.787666666666667,30.544049180327868,29.37991371879988,4.988376219022626,4.985253664288676,5.015682791671062,8.643858354887243
2009-07-31,sz000901,36.59,36.35,36.95,35.2,215442,343747296.0,4.78,-0.66,-0.24,9.72,5.333330372082493,-0.12056715063328038,34.812,35.364000000000004,34.92782699650516,5.3690029676791,5.372694554486752,5.329141873329126,32.953,34.01345454545454,33.67480457927128,5.194085398153583,5.285077877242285,5.241631160351963,31.915999999999997,32.782761904761905,32.350092097722,5.092261958252138,5.168177344611804,5.131224234423997,30.858333333333334,31.98709677419355,31.530334537377062,4.989043941793329,5.098982511218096,5.076074596464941,29.925166666666666,30.759207650273222,29.60844113785562,4.988493921003606,4.996563636520149,5.0260974664386495,8.536239290585526
2009-08-03,sz000901,36.66,36.41,37.53,35.54,183032,295251776.0,5.47,0.17,0.06,8.25,5.262527025295934,-0.0708033467865592,35.36600000000001,35.89666666666666,35.42188466433677,5.351096193012504,5.337202573692364,5.306936923984729,33.479,34.641999999999996,34.172112837585594,5.226289440557515,5.297521809449986,5.245430408523593,32.260999999999996,33.2107619047619,32.73674999317704,5.108347051388423,5.184393065282643,5.143729262126087,31.13,32.3452688172043,31.845151663997896,5.007971452699972,5.11662658112149,5.088103785421779,30.063166666666667,30.971825136612022,29.83144306776199,4.989979048357174,5.005548328464159,5.033849255253642,8.470192518663808
2009-08-04,sz000901,36.48,35.25,36.77,34.85,166167,260724272.0,5.27,-3.19,-1.16,7.49,5.2205447791297095,-0.04198224616622426,35.67,35.858,35.36458977622452,5.322992615336817,5.293685435731432,5.2781395423663895,34.012,34.964,34.36809232166094,5.248730856293417,5.2964773255540205,5.240905748633796,32.558,33.49542857142857,32.97610713668399,5.134658072739093,5.195078563162764,5.151045025650241,31.377333333333336,32.6110752688172,32.06481929857868,5.024285572547697,5.130340989278246,5.096648365661001,30.174500000000002,31.14188524590164,30.009100672097663,4.990382289505457,5.013107860620634,5.03997041997089,8.416181463485113
2009-08-05,sz000901,35.05,35.34,35.81,33.95,139934,216253776.0,5.28,0.26,0.09,6.31,5.145923248576016,-0.07462153055369392,35.988,35.748000000000005,35.35639318414968,5.2832445895599855,5.234662313477831,5.234067444436265,34.498000000000005,35.20545454545455,34.54480280863168,5.2814333216707015,5.277785033241766,5.223636203168745,32.801,33.76038095238095,33.20123979033313,5.138789068722457,5.196151437051996,5.150557237357457,31.62166666666667,32.866731182795704,32.27612127931555,5.043825443252979,5.138188581280074,5.099827390365196,30.307000000000002,31.311245901639342,30.183884256619052,4.990811800434316,5.018207564196719,5.043444283203845,8.33496369940458
2009-08-06,sz000901,34.89,34.53,35.74,34.4,105809,164566480.0,3.79,-2.29,-0.81,4.77,5.024522609892925,-0.12140063868309081,35.576,35.26199999999999,35.08092878943312,5.197369606995415,5.148421653588811,5.164219166255152,34.745999999999995,35.21127272727273,34.542111388880464,5.261158630989009,5.2310739947367155,5.18743373166405,32.979,33.92504761904762,33.32778838172998,5.130576787764662,5.1852689171634685,5.1385539395036925,31.85166666666667,33.05436559139785,32.42153280968229,5.0586181116999125,5.1369432371923285,5.0949690174315005,30.458166666666667,31.44970491803279,30.32637985476269,4.988849491243632,5.019312836637986,5.04282390047234,8.216341379882799
2009-08-07,sz000901,34.29,32.43,34.8,32.09,114845,170430496.0,7.85,-6.08,-2.1,5.18,5.060112092089351,0.03558948219642666,34.792,34.21333333333334,34.197285859622085,5.142725950996787,5.102669148620124,5.129516808199885,34.802,34.79018181818182,34.15809113635674,5.2558644593379436,5.194520078573142,5.164284342650468,33.063,33.8727619047619,33.24228472632713,5.138959296006526,5.17855799376582,5.131083287368993,31.996,33.09167741935484,32.42207908002537,5.0713300135393204,5.137039623023905,5.092720183538459,30.556333333333335,31.51435519125683,30.39535100706555,4.989900018853926,5.021649315354239,5.0433907264269955,8.231547307916124
2009-08-10,sz000901,32.61,32.92,33.48,32.16,65904,95185696.0,4.07,1.51,0.49,2.97,4.818911774612342,-0.2412003174770092,34.09400000000001,33.589333333333336,33.77152390641473,5.054002900860068,4.994731089825309,5.025981797004038,34.730000000000004,34.448,33.93298365701915,5.202549546936286,5.11507413589576,5.101489330279899,33.13,33.85914285714286,33.2115909428674,5.120153652229121,5.148077277442564,5.101352667106455,32.15566666666667,33.15129032258064,32.45420301034631,5.077497997271121,5.120754575351198,5.075055124898064,30.649333333333335,31.591852459016387,30.47812638388307,4.986398852300571,5.01604314341189,5.036030760793728,7.978571689823444
2009-08-11,sz000901,33.05,33.17,33.5,32.85,37723,55182748.0,1.97,0.76,0.25,1.7,4.576606223610282,-0.24230555100205997,33.678000000000004,33.281333333333336,33.57101593760982,4.925215189756183,4.83559886407538,4.876189939206119,34.674,34.16436363636364,33.79425935574294,5.1241039025465,5.001266258927395,5.0060560381581505,33.209500000000006,33.86295238095238,33.207629900689554,5.102627512345571,5.096310855669342,5.051376815344915,32.290333333333336,33.2167311827957,32.50038346129171,5.067860288869094,5.088438977050497,5.042897131266595,30.743166666666664,31.67449726775956,30.566384535231165,4.978863391371588,5.002607319520405,5.020967661213942,7.741803323753174
2009-08-12,sz000901,33.19,31.13,33.19,31.04,62021,87224192.0,6.48,-6.15,-2.04,2.8,4.792538764335695,0.21593254072541246,32.836,32.432,32.75734395840655,4.854538292908119,4.791373388935217,4.848306214249312,34.412,33.519999999999996,33.30984856378967,5.068891441234053,4.940981688343613,4.967234715644976,33.169500000000006,33.664904761904765,33.00976038633817,5.086956641963086,5.0667785939541155,5.026725572391655,32.368,33.141870967741944,32.411971625079346,5.065537353741538,5.070676298048343,5.026744978561376,30.816,31.68718032786885,30.584863730797355,4.976290391883961,4.9964983153552955,5.013478189185147,7.940636955058335
2009-08-13,sz000901,31.13,31.49,31.71,30.81,51924,71852864.0,2.89,1.16,0.36,2.34,4.7153681412463495,-0.07717062308934519,32.228,31.983333333333334,32.334895972271035,4.792707399178804,4.744983338381294,4.803993523248325,33.902,32.988727272727274,32.978967006737,4.99503850308711,4.8767047247094855,4.921440793027044,33.162,33.50495238095238,32.86502130192501,5.073676502583359,5.031389212933473,4.9970724837111495,32.383,33.08522580645162,32.35248958475165,5.047756394840738,5.048084735951879,5.006656150347504,30.885833333333334,31.70927868852459,30.614540329787605,4.9728992386993,4.987943487465537,5.003704089252727,7.856444083459904
2009-08-14,sz000901,31.51,31.84,32.29,31.04,72118,101417696.0,3.97,1.11,0.35,3.25,4.8580436742205295,0.14267553297418,32.11,31.854,32.169930648180696,4.75229371560504,4.766762096728536,4.82201024023906,33.451,32.61381818181819,32.77188209642118,4.947509833300913,4.851796574006471,4.9099140441531315,33.202,33.379047619047626,32.7674002255512,5.0707976157272485,5.010852753089395,4.983831644712042,32.42766666666667,33.05019354838709,32.319425740574125,5.044011249935064,5.035845205589284,4.997068248661893,30.955166666666667,31.740562841530057,30.654719335368338,4.968685370284763,4.984177731253118,4.998928337940195,8.006113740052792
2009-08-17,sz000901,31.49,32.58,33.05,31.02,122913,176351264.0,6.38,2.32,0.74,5.54,5.0895978188481,0.2315541446275704,32.04200000000001,32.010666666666665,32.30662043212047,4.806430924452192,4.879196797809556,4.9112060997754075,33.068,32.45545454545454,32.73699444252642,4.93021691265613,4.877630753196868,4.942583821370398,33.2735,33.319809523809525,32.74955258502251,5.078253176606823,5.012643248624713,4.9939046136773815,32.53,33.06002150537634,32.33623698311773,5.048970338477658,5.038786274551416,5.003037898351327,31.011833333333332,31.79383606557377,30.71784329158577,4.964256646742268,4.988142073828967,5.001901107806028,8.246378576826064
2009-08-18,sz000901,32.11,32.72,33.17,31.06,102508,146167248.0,6.48,0.43,0.14,4.62,5.0107577602237505,-0.0788400586243494,31.951999999999998,32.236666666666665,32.444413621413645,4.8932612317748845,4.947305743066743,4.944389986591522,32.815000000000005,32.39218181818182,32.733904543885245,4.909238210765534,4.892274543663708,4.954979082980098,33.413500000000006,33.26709523809523,32.74673805311561,5.078984533529476,5.006215113731089,4.995509675253226,32.64366666666667,33.07227956989247,32.360995887432715,5.059518118747906,5.036320946922132,5.003535953956,31.038666666666664,31.849841530054643,30.783487773828856,4.958589078625333,4.989666700500489,5.00219148985251,8.164850070252797
2009-08-20,sz000901,30.86,33.99,34.4,30.86,149431,215335488.0,10.82,3.88,1.27,6.74,5.174440702782961,0.1636829425592108,32.524,32.916000000000004,32.959609080942435,4.969641619464338,5.041032233402769,5.021073558655336,32.68,32.60581818181819,32.96228553590611,4.912089956186228,4.940493178575967,4.994881195671527,33.589000000000006,33.322,32.86514395281888,5.096761638928465,5.015306177469516,5.012550725494153,32.760666666666665,33.159139784946234,32.46609292695319,5.063222697877047,5.043735307182458,5.0145620667835455,31.098333333333333,31.94660655737705,30.88861932222791,4.959614090736981,4.9967438029318885,5.007839005030558,8.33311560888763
2009-08-21,sz000901,33.95,36.17,36.19,33.28,206420,316844704.0,8.56,6.41,2.18,9.31,5.314751773715044,0.14031107093208295,33.46,34.13133333333334,34.02973938729496,5.089518345958077,5.156068951486336,5.118966297008572,32.844,33.24036363636364,33.545506347559545,4.941112872568441,5.013704418126661,5.05303948258853,33.795,33.56780952380952,33.179892147788514,5.101135751778726,5.036067142687285,5.0413317777056665,32.934,33.37909677419355,32.705054673601374,5.067422149365922,5.059962989494587,5.033929144650094,31.169,32.11289071038251,31.061779344449945,4.961298270322675,5.008387661390183,5.017901718757918,8.500846452370842
2009-08-24,sz000901,35.85,38.25,39.55,35.54,350965,586872128.0,11.09,5.75,2.08,15.83,5.545263808588995,0.2305120348739509,34.742000000000004,35.728,35.43649292486331,5.22696237283177,5.307984105696643,5.26106546753538,33.426,34.22327272727273,34.40086882982145,4.989628044218405,5.123550042857672,5.142534814588614,34.114,33.99209523809523,33.66275956228485,5.122746251778174,5.078365052859691,5.08932530445646,33.184,33.72206451612903,33.062793081756126,5.089182212077152,5.090791483638013,5.066918477807443,31.288833333333333,32.34505464480874,31.297458710205685,4.9684626537717325,5.027534072480884,5.035192279080249,8.768543484290818
2009-08-25,sz000901,37.76,37.47,38.65,36.41,265238,443725536.0,5.86,-2.04,-0.78,11.96,5.423635744499213,-0.12162806408978177,35.720000000000006,36.63733333333334,36.11432861657554,5.2937699579619935,5.3735418962524575,5.3152555598566575,33.881,34.95854545454546,34.95889267894482,5.050100441207093,5.202460533817819,5.193644074572359,34.3055,34.31171428571429,34.02535388968629,5.126324994071689,5.1070211950235995,5.121164393984341,33.38033333333333,33.99858064516129,33.34712901196541,5.096802581888444,5.1123691308910475,5.089932495013364,31.389333333333337,32.547715846994535,31.499837113149763,4.975420832573779,5.042457780373589,5.04792813040546,8.647114422687189
2009-08-26,sz000901,37.47,38.12,39.71,36.73,239449,405899360.0,7.95,1.73,0.65,10.8,5.379213027658063,-0.044422716841149956,36.8,37.437333333333335,36.7828857443837,5.367461011448855,5.40202291948448,5.33657471579046,34.376,35.72927272727273,35.53363946459122,5.1303611216118705,5.262299185899813,5.227383884224305,34.525,34.675,34.415320185906644,5.127232512079185,5.1311057696508735,5.14574045433422,33.598333333333336,34.304365591397854,33.65505617248377,5.111872048767671,5.130589159650379,5.108595755183989,31.513666666666666,32.76839344262295,31.716891634030098,4.97899851454156,5.055696868737007,5.058789930315382,8.608418366545944
2009-08-27,sz000901,37.56,36.08,38.21,35.47,193469,313700064.0,7.19,-5.35,-2.04,8.72,5.28661138688725,-0.09260164077081345,37.218,37.197333333333326,36.5485904962558,5.389895148269714,5.375073044630612,5.319920272822724,34.870999999999995,36.03909090909091,35.63297774375645,5.179768383867026,5.29070832504079,5.238152521072113,34.64149999999999,34.82309523809524,34.5738611205822,5.124329912550539,5.146284710108786,5.159156733624984,33.736666666666665,34.46447311827957,33.811504161355785,5.117893889264399,5.141862665335511,5.1200806346487155,31.61116666666667,32.91810928961749,31.85994436734059,4.982472290227771,5.065782536682766,5.066259486268558,8.496514607301009
2009-08-28,sz000901,35.72,36.48,37.29,35.03,151214,243110032.0,6.26,1.11,0.4,6.82,5.179592001755643,-0.1070193851316068,37.28,36.95133333333333,36.52572699750387,5.362863193877833,5.304971995792588,5.273144182467031,35.370000000000005,36.33163636363636,35.78698179034618,5.226190769917954,5.290676255565995,5.227505153923663,34.636,34.99819047619048,34.75539815671723,5.1106146365025324,5.1515477662235565,5.161102949637428,33.898,34.6414623655914,33.9836651832038,5.12451459169489,5.1458431887220435,5.123920077687873,31.711166666666667,33.07774316939891,32.01142160119827,4.985693352608517,5.072245478044335,5.0699753064484625,8.38580288049018
2009-08-31,sz000901,35.74,34.38,37.24,34.35,137523,217519680.0,7.92,-5.76,-2.1,6.2,5.138375337713571,-0.04121666404207236,36.50600000000001,35.98466666666666,35.810484665002576,5.2814854997027485,5.230142710404501,5.228221234215878,35.624,36.151636363636364,35.53116691937415,5.25422393626726,5.274709813347015,5.211299732794555,34.5375,34.97380952380952,34.71964595131559,5.100866884784086,5.15419164252937,5.158938415168489,34.00933333333334,34.672559139784944,34.0092351713842,5.131939722573918,5.146737430400669,5.124852675108886,31.7915,33.165245901639345,32.0890799093557,4.988783980441227,5.077251444769092,5.072217930424367,8.337498555675728
2009-09-01,sz000901,34.38,30.97,35.03,30.97,164348,233122816.0,11.81,-9.92,-3.41,7.41,5.21576442339027,0.07738908567669878,35.206,34.13933333333333,34.19698977666839,5.2399112354809585,5.208235684967008,5.224068963940676,35.463,35.305454545454545,34.7018638431243,5.266840596721476,5.267717174642108,5.212111494721048,34.2655,34.634047619047614,34.36253681309506,5.098528754688802,5.165134265253768,5.164350415951516,34.00333333333333,34.47647311827957,33.8131554829078,5.141115649978374,5.152145475614625,5.130717949191556,31.809,33.138311475409836,32.05238876478666,4.993851796148439,5.084693426505127,5.076924372816692,8.36758478050465
2009-09-02,sz000901,30.48,33.26,33.95,28.35,166255,229253904.0,18.08,7.39,2.29,7.5,5.22077471526691,0.0050102918766405935,34.234,33.49066666666667,33.88465985111226,5.208223573002729,5.201856844895659,5.222970881049421,35.516999999999996,34.90490909090909,34.439706780738064,5.287842292225792,5.259341559832187,5.213686625729387,34.166000000000004,34.53828571428571,34.25753330708601,5.098540251495663,5.176776737689778,5.169724158743458,34.114666666666665,34.42851612903225,33.77746803239762,5.148603786428248,5.157284770149371,5.136528063131902,31.857166666666668,33.185885245901645,32.091982575777266,5.000116694095081,5.0921335222139295,5.081640777487191,8.360316740072575
2009-09-03,sz000901,33.37,34.51,35.36,32.61,168259,253233216.0,8.27,3.76,1.25,7.59,5.225978303480266,0.005203588213356092,33.92,33.58266666666667,34.09310656740818,5.196096956321332,5.207775088388171,5.223973355193037,35.568999999999996,34.72181818181818,34.45248736605841,5.292996052295523,5.248093561878456,5.215921476229546,34.1245,34.57104761904762,34.281577754030195,5.102543004240876,5.188913695021646,5.17508169633744,34.249,34.45402150537634,33.82472815933971,5.1621731100508175,5.162276674475307,5.142299046380184,31.935166666666664,33.27286338797814,32.17126183558785,5.0083783075031745,5.099538820882297,5.086373155388603,8.403520670458226
2009-09-04,sz000901,34.35,35.97,36.86,33.73,169674,265977104.0,9.07,4.23,1.46,7.65,5.229615298289249,0.0036369948089829407,33.818,34.266,34.718737711605456,5.206101615628054,5.218947869044143,5.225854002891775,35.549,34.79472727272727,34.728398754047795,5.284482404752944,5.236569788422769,5.218411262058583,34.1965,34.74680952380952,34.44237987269399,5.112797638660692,5.201015818264348,5.180275372713802,34.37966666666667,34.565053763440865,33.963132794221025,5.16225130277013,5.166627783393916,5.147932352954962,32.043166666666664,33.405153005464484,32.29581062786366,5.0173911160254185,5.106792492711349,5.091069619090264,8.42484425304298
2009-09-07,sz000901,35.99,35.56,37.15,34.98,145047,231017920.0,6.03,-1.14,-0.41,6.54,5.161508750740066,-0.0681065475491831,34.054,34.84666666666667,34.99915847440364,5.210728298233352,5.204083580748148,5.204405585507873,35.28,34.796727272727274,34.87959898058456,5.2461068989680495,5.214210942238609,5.208065350909761,34.352999999999994,34.876666666666665,34.54881988481837,5.117867471593228,5.205654971795717,5.178488075382971,34.50266666666666,34.64120430107527,34.06615648491645,5.163866467508132,5.166579876811331,5.148808249586259,32.169,33.520459016393445,32.40283323022878,5.0208921888875775,5.1115176610626465,5.093379098816487,8.363645669308864
2009-09-08,sz000901,35.16,36.62,37.83,34.85,161470,262636624.0,8.38,2.98,1.06,7.28,5.208091845275695,0.046583094535629144,35.184000000000005,35.702,35.53943898293576,5.209193782610438,5.203204763095595,5.205634338763813,35.195,35.04036363636364,35.19603552956919,5.224552509045699,5.207299114294545,5.208070168067204,34.538,35.092571428571425,34.74607513388329,5.137326475126395,5.214247769289284,5.181307482039421,34.602,34.77780645161291,34.23092058266378,5.159067499063026,5.169433126989882,5.152632997695255,32.29966666666667,33.66639344262295,32.5411009931721,5.029869602035463,5.117655354714717,5.097140172470887,8.419355287222068
2009-09-09,sz000901,36.46,36.46,37.06,35.97,101575,163572496.0,2.98,-0.44,-0.16,4.58,5.00678683099845,-0.20130501427724568,35.824,36.12733333333334,35.84629265529051,5.166396205756746,5.135735779224933,5.13935183617536,35.028999999999996,35.27036363636363,35.4258472514657,5.187309889379737,5.16770535464959,5.171473197691067,34.7025,35.275619047619045,34.90930607351345,5.158835505495803,5.2018154222294815,5.164686467654566,34.693,34.897677419354835,34.37473215797579,5.147258304512703,5.159608567759911,5.143223567585784,32.44,33.80279781420766,32.669589485199246,5.034400852752919,5.116898542549569,5.094177767832446,8.213710280755782
2009-09-10,sz000901,36.19,35.07,36.84,34.8,103308,163304896.0,5.6,-3.81,-1.39,4.66,5.014133953865483,0.007347122867033207,35.93600000000001,35.876,35.587528436860346,5.124027335833789,5.084981695261178,5.097612542072068,34.928,35.27781818181818,35.361147751199205,5.16006214607756,5.136218820919726,5.142866062450051,34.899499999999996,35.31061904761904,34.92461025698836,5.169915264972293,5.188034322074213,5.150348133007987,34.736999999999995,34.922000000000004,34.41958814778381,5.136240657059546,5.1510198999762205,5.134895205410281,32.54783333333334,33.88902732240437,32.748291469291075,5.040896492740151,5.116234054061456,5.091553380489266,8.21299920539747
2009-09-11,sz000901,34.44,35.07,35.88,34.08,101756,158539744.0,5.13,0.0,0.0,4.59,5.007560026644835,-0.006573927220648201,35.75600000000001,35.58733333333334,35.4150189579069,5.079616281504906,5.046159258864861,5.0675950369296565,34.787,35.303636363636365,35.308211796435714,5.14285894856648,5.10849116284105,5.118264965030921,35.078500000000005,35.32685714285714,34.93845689917994,5.1845248592422175,5.172571918423978,5.136749265735306,34.68633333333333,34.94348387096774,34.46155020276551,5.121362740523848,5.142717923820431,5.126680032586704,32.64866666666667,33.9717213114754,32.82441306046186,5.045529259675962,5.115141055173087,5.088799500035351,8.200138152586552
2009-09-14,sz000901,35.07,36.57,36.68,35.07,116212,186375632.0,4.59,4.28,1.5,5.24,5.065250975426973,0.05769094878213821,35.958000000000006,35.858666666666664,35.800012638604606,5.060364726442287,5.04137082350555,5.066813683095429,35.006,35.62781818181818,35.5376278334474,5.13554651233782,5.09438062227023,5.108626057830203,35.315000000000005,35.46890476190476,35.0938419564009,5.194885224302539,5.161212500917764,5.12993990475356,34.693666666666665,35.06501075268818,34.59757922194193,5.112426760635331,5.139097809943214,5.122716867608657,32.775999999999996,34.10028961748633,32.94721918962704,5.050735351214331,5.115787668804266,5.088027417261305,8.270389129156676
2009-09-15,sz000901,36.41,36.48,37.31,36.3,105748,171913760.0,2.76,-0.25,-0.09,4.77,5.024272162362186,-0.04097881306478701,35.93000000000001,36.032666666666664,36.026675092403075,5.023600789859585,5.029339968812183,5.052633176184348,35.557,35.89581818181818,35.70896822736605,5.116397286235012,5.07414892227466,5.093288985926927,35.51,35.57985714285714,35.22585700817225,5.191618941478244,5.144963637875826,5.119876310240096,34.696,35.18025806451613,34.719025723752125,5.104484931870872,5.133410416506236,5.116365596302434,32.913,34.221732240437156,33.06304806865566,5.056228192285421,5.114920023268129,5.0859370810351034,8.235310639065814
2009-09-16,sz000901,36.3,35.85,36.41,35.0,106183,167784768.0,3.87,-1.73,-0.63,4.79,5.026054991348332,0.0017828289861459012,35.80800000000001,36.006,35.96778339493538,5.027454421929562,5.030158035975098,5.043773781239009,35.816,35.94909090909091,35.734610367844944,5.096925313843154,5.057723050477081,5.081064623276273,35.6665,35.6122380952381,35.28529919787013,5.192383803034472,5.129195642625358,5.110940946536119,34.716,35.25470967741936,34.7919918060907,5.098001938944827,5.128350420343492,5.1105391056602345,33.04666666666667,34.31802732240437,33.15442354181449,5.0611437557462615,5.113930737991504,5.083973733832258,8.224752531738142
2009-09-17,sz000901,35.85,37.11,37.96,35.85,174864,286861824.0,5.89,3.51,1.26,7.89,5.2427004086175035,0.21664541726917186,36.216,36.440000000000005,36.348522263290256,5.0731677128799655,5.101906698204412,5.110082657031841,36.076,36.184363636363635,35.98468121005495,5.098597524356878,5.0842276131633275,5.110452947883769,35.8225,35.74971428571429,35.4590802266444,5.1957967883261995,5.133987700299934,5.1234894667343465,34.775,35.40916129032258,34.94154072182678,5.101227844279544,5.137685805483664,5.119065641334898,33.19833333333334,34.45125136612022,33.284114573230404,5.0725266437662615,5.119883415134823,5.089177887103906,8.457672755533162
2009-09-18,sz000901,37.53,37.78,38.83,36.86,242577,408667520.0,5.31,1.81,0.67,10.94,5.384849620740724,0.14214921212322018,36.757999999999996,36.96133333333333,36.82568150886017,5.148625631699143,5.2058006674913315,5.201671644934802,36.257,36.494181818181815,36.31110280822678,5.114120956602024,5.136273448869481,5.1603432520395796,35.903,35.936142857142855,35.680120205059225,5.199301680677483,5.151992731958459,5.148380909973049,34.88333333333333,35.603032258064516,35.12466712687022,5.113238744641136,5.155983984610193,5.136212994844952,33.3675,34.60146994535519,33.43152065279662,5.085928428170525,5.130123512740543,5.098872042305113,8.61137012230834
2009-09-21,sz000901,38.18,38.79,39.06,37.09,266118,450803296.0,5.21,2.67,1.01,12.0,5.425074250862139,0.04022463012141486,37.202,37.63866666666666,37.48045433924011,5.220590286786177,5.297950207212329,5.276139180243915,36.58,36.954727272727276,36.76181138854918,5.140477506614232,5.19281041146223,5.208476160916408,35.93,36.21109523809523,35.97629923314882,5.193292202791141,5.173494881499855,5.174732656724391,35.095333333333336,35.8550752688172,35.36114021545924,5.125404149933562,5.176102404366385,5.154849204910577,33.54566666666667,34.77925683060109,33.60720850024591,5.098367081736441,5.14124304791076,5.109567196684032,8.653987082683251
2009-09-22,sz000901,38.74,36.21,38.74,36.21,166776,275089408.0,6.52,-6.65,-2.58,7.52,5.222133553391057,-0.20294069747108168,37.148,37.308,37.05696955949341,5.26016256499195,5.298464629413957,5.258137304626295,36.539,36.887454545454545,36.6614820451766,5.141881677425768,5.207656965421652,5.210959323184526,35.867,36.2377619047619,35.998556449039405,5.183217093235733,5.176241676795084,5.179247027835502,35.205,35.92698924731182,35.41590536284897,5.138844875892853,5.182343011041063,5.159190130618995,33.68033333333333,34.86661202185792,33.69254592646736,5.108171436581987,5.145300965014191,5.113257896903934,8.439473868704075
2009-09-23,sz000901,35.94,34.02,36.5,33.82,125613,192580400.0,7.4,-6.05,-2.19,5.66,5.09903458793704,-0.12309896545401688,36.782000000000004,36.26533333333334,36.04464637299561,5.274758484309692,5.244755303728986,5.205103065729877,36.295,36.42945454545455,36.18121258241722,5.151106453119627,5.19986658551461,5.190609371321346,35.662,36.06185714285714,35.81012250151185,5.169208171249682,5.168224295338065,5.171607747845172,35.233333333333334,35.8505376344086,35.32584695234259,5.156259154703745,5.179774605366496,5.155309127865321,33.761833333333335,34.87774863387978,33.70328212559958,5.1120597217864185,5.145001396206158,5.112791558905019,8.284612084424047
2009-09-24,sz000901,33.55,32.85,33.95,31.22,91954,133144032.0,8.02,-3.44,-1.17,4.15,4.963570625799691,-0.13546396213734901,35.93,34.95466666666667,34.97976424866374,5.21893252774613,5.1410260175589855,5.1245922524198155,36.073,35.80309090909091,35.57553756743227,5.146050120313047,5.165769162365532,5.149329599408318,35.5005,35.79404761904762,35.52820607279643,5.153056133195304,5.148639767199972,5.151794688602745,35.29066666666666,35.696774193548386,35.16611489090113,5.161960216752545,5.167343087372683,5.142938901925603,33.82933333333333,34.847852459016394,33.67530566246516,5.113748785247042,5.1401329012557735,5.107899069295008,8.124321704552237
2009-09-25,sz000901,32.81,32.74,33.43,32.31,54555,79664384.0,3.41,-0.33,-0.11,2.46,4.736834560110393,-0.22673606568929827,34.922000000000004,33.891333333333336,34.23317616577583,5.089329515620063,4.98032669501374,4.995339688316675,35.839999999999996,35.19709090909091,35.059985282444586,5.1189775736596035,5.091366333237775,5.07433050135415,35.3135,35.531142857142854,35.262662637292,5.130918261113042,5.10899961738236,5.112274676365378,35.33233333333333,35.53221505376344,35.009591349552664,5.162675764048013,5.139915625653836,5.1167386218084925,33.85766666666667,34.81213661202186,33.64463990304008,5.105216079444375,5.127775057808672,5.095733019813545,7.901264202332157
2009-09-28,sz000901,33.05,30.81,33.61,30.59,61097,86667456.0,9.22,-5.89,-1.93,2.76,4.786019885931058,0.04918532582066515,33.32600000000001,32.52066666666666,33.092117443850555,4.961518642633848,4.879223485117405,4.925566420854803,35.263999999999996,34.282545454545456,34.287260685636475,5.091054464710012,5.030828571832585,5.021910389459042,35.135000000000005,35.1022380952381,34.83859952897848,5.113300488523916,5.076152153079315,5.081202791562109,35.298,35.24045161290322,34.73864997216217,5.1602749711050295,5.115615246420484,5.095401929171239,33.862833333333334,34.7122131147541,33.55170088982565,5.102143110520046,5.117309608841022,5.08557849083379,7.937856048653655
2009-09-29,sz000901,31.04,33.3,33.73,28.57,127693,174213984.0,16.75,8.08,2.49,5.76,5.106167090335473,0.3201472044044147,32.74400000000001,32.512,33.161411629233704,4.9383253500227315,4.92743963435128,4.985766644015027,34.946000000000005,33.92545454545454,34.10775874279348,5.0992439575073405,5.033576321946306,5.037229789618393,35.2515,34.92747619047619,34.69206624050433,5.107820621871176,5.075472781823271,5.083580343826239,35.322,35.111548387096775,34.6458338449259,5.160827280154609,5.112124415403094,5.096096455697965,33.926,34.69375956284153,33.54344840163465,5.1048988093161345,5.117441542605461,5.086253526883025,8.241083012498764
2009-09-30,sz000901,32.83,31.11,33.43,31.06,93445,132935472.0,7.12,-6.58,-2.19,4.21,4.9705560683632894,-0.1356110219721831,32.162000000000006,31.967333333333332,32.47760775282247,4.91262964610798,4.938183207131467,4.980696452131115,34.472,33.228,33.56271169864921,5.093694065208837,5.010178523920114,5.025107294844737,35.144,34.533047619047615,34.350917074742014,5.095309689525996,5.062399967203474,5.072816127115481,35.26833333333333,34.8398064516129,34.417715532350044,5.15948722375926,5.09984885335204,5.087997075869922,33.956,34.60143169398907,33.463663208138435,5.109502671253583,5.113036862574222,5.082460167587296,8.123640881908376
2009-10-09,sz000901,31.15,31.96,32.16,31.15,66995,93804144.0,3.25,2.73,0.85,3.02,4.8260423914554735,-0.1445136769078159,31.984,31.9,32.30507183521498,4.885123999239137,4.909320788913963,4.929145098572568,33.957,32.77127272727273,33.271309571622076,5.052028263492633,4.961514583237685,4.988913676046689,35.0165,34.22980952380953,34.12321068667135,5.075312893924755,5.0367554626253295,5.0493138665764326,35.20066666666666,34.62636559139785,34.25915323994037,5.147873946715011,5.0783362835259895,5.071096773649635,33.980666666666664,34.535989071038244,33.41436277508472,5.10554832229603,5.10374308290871,5.0740530273862525,7.97222202469654
2009-10-12,sz000901,31.91,31.33,31.93,30.97,55136,76534528.0,3.0,-1.97,-0.63,2.49,4.741435255767935,-0.08460713568753864,31.702000000000005,31.682000000000002,31.98004789014332,4.886044138370645,4.86142454109023,4.866575150971023,33.312,32.29363636363636,32.91834419496352,4.987686826995355,4.9050431272877395,4.94391759963237,34.784499999999994,33.87871428571429,33.85719062127408,5.050903891798689,5.004957592324678,5.01999209411848,35.03933333333334,34.37664516129032,34.07017561155712,5.128763396116773,5.052114432497146,5.049828288625009,33.986666666666665,34.44908196721312,33.34602301196718,5.0980927727413485,5.0918049495799185,5.063147526677455,7.8838574081843
2009-10-13,sz000901,31.15,31.69,31.78,30.97,42400,58955652.0,2.59,1.15,0.36,1.91,4.627365856592733,-0.11406939917520198,31.878000000000004,31.677999999999997,31.883365260095548,4.85431333250298,4.775198447164258,4.786838719511593,32.602,31.998727272727272,32.69500888678833,4.907915987568414,4.839530223578172,4.8863627372615275,34.591,33.584,33.65079151448607,5.024196747091322,4.964620636590778,4.982599119116028,34.82066666666667,34.160559139784944,33.916615894682465,5.098166797716899,5.0197662041407565,5.022572647848733,34.00233333333333,34.37378142076503,33.291727175509244,5.093674504897025,5.076371280197997,5.04885960306812,7.7705254466617575
2009-10-14,sz000901,31.73,32.29,32.81,31.73,75838,107982400.0,3.41,1.89,0.6,3.42,4.879886871265441,0.25252101467270816,31.676,31.81533333333333,32.01891017339703,4.809057288688974,4.783722960085078,4.8178547700962095,32.21,31.942,32.62137090737227,4.873691319355853,4.834434020613995,4.8851853070804205,34.3745,33.36485714285714,33.521192322630256,5.00778649839081,4.950876838893075,4.972817000273114,34.648,33.997290322580646,33.81167293373521,5.0800418352757735,5.0056836282406625,5.013367113875617,34.01416666666667,34.3176393442623,33.25888366155812,5.0884222085821085,5.069361849587126,5.043319513500819,8.03335297580399
2009-10-15,sz000901,32.54,31.84,32.72,31.71,55127,78051864.0,3.13,-1.39,-0.45,2.49,4.741364358905963,-0.13852251235947843,31.822000000000003,31.87,31.959273448931356,4.76321894679751,4.761158650157408,4.7923579663661275,31.992,31.874727272727274,32.47930346966822,4.837924296452745,4.81037457325947,4.859036043775974,34.1435,33.12347619047619,33.36107876809404,4.994515374786186,4.925503301799281,4.9507738915714805,34.43866666666667,33.81612903225806,33.68446822833294,5.058780212984036,4.9838334684748675,4.995818549038865,34.0185,34.246355191256825,33.21236288576933,5.0853261308758535,5.057982903696105,5.033419344497709,7.892383279150491
2009-10-16,sz000901,31.89,31.6,32.11,31.15,48577,67346024.0,3.02,-0.75,-0.24,2.19,4.6864306903028625,-0.054933668603100116,31.75,31.796,31.83951563262091,4.735296606566988,4.735562564659192,4.75704887434504,31.867,31.803454545454542,32.31943011154672,4.810210302903062,4.7828302812322185,4.827653252235407,33.970000000000006,32.8812380952381,33.19335698065651,4.978130211608056,4.89616190327706,4.9255983485935175,34.28933333333334,33.632989247311826,33.54998640715017,5.038774189764557,4.959810918624469,4.975858042023639,34.013,34.167060109289615,33.15949852885886,5.078334039514478,5.044904364660924,5.022042667310992,7.828311960774202
2009-10-19,sz000901,31.62,32.16,32.18,31.19,59892,84125680.0,3.13,1.77,0.56,2.7,4.777368815913747,0.09093812561088477,31.916000000000004,31.932666666666666,31.94634375508061,4.7424833185961495,4.749586634441446,4.763822188201276,31.808999999999997,31.85672727272727,32.290442818538224,4.814263728483398,4.776859101779616,4.81851062744965,33.8245,32.70885714285714,33.09494203011779,4.9666206510715005,4.877041770353791,4.911481250243064,34.14533333333333,33.495612903225805,33.46030986475339,5.025366750236494,4.942946055795386,4.96305228550042,34.02166666666667,34.10630601092896,33.12672808528971,5.074940670965692,5.035036652411721,5.014020573822558,7.924928587711132
2009-10-20,sz000901,32.16,33.48,33.88,32.16,124191,182020528.0,5.35,4.1,1.32,5.6,5.0940901240856356,0.31672130817188826,32.274,32.45399999999999,32.457562503387074,4.83582817209473,4.866788902937942,4.87391150016273,32.076,32.160545454545456,32.50672594244036,4.845070752298855,4.82773662825275,4.868615990474375,33.67,32.676047619047615,33.13161421772562,4.968062608504434,4.889181720164662,4.928872571561405,34.11533333333333,33.452688172043004,33.46158019605962,5.0238905764488955,4.947379821850169,4.971506339602692,34.062333333333335,34.088546448087435,33.13831077101792,5.077915149511408,5.035664503333686,5.016645804978724,8.260120369822351
2009-10-21,sz000901,33.39,32.63,33.39,32.56,85004,123299600.0,2.48,-2.54,-0.85,3.83,4.929439362620812,-0.1646507614648236,32.342,32.57266666666666,32.51504166892472,4.8457386703658045,4.897992633113303,4.892420787648757,32.009,32.261272727272726,32.529139407451204,4.827397979527389,4.8430763755840145,4.87967478541009,33.477500000000006,32.577,33.083841435085084,4.9633209685173645,4.885503315794793,4.9289265516623,34.17066666666667,33.356860215053764,33.40792986082997,5.01434640775658,4.941286195151583,4.968792341087733,34.086999999999996,34.041584699453544,33.12164484409929,5.077731028867476,5.030796444747109,5.013786577360432,8.090961667690017
2009-10-22,sz000901,32.72,32.72,33.17,32.56,52356,75940824.0,1.87,0.28,0.09,2.36,4.718966459034445,-0.21047290358636683,32.518,32.69866666666667,32.58336111261648,4.8412590903915005,4.855735229336182,4.834602678110653,32.17,32.39054545454546,32.56384133336917,4.802239018594505,4.8233615536762064,4.850455089705427,33.321000000000005,32.50485714285715,33.049189869838884,4.94796654190167,4.862231457748801,4.908930352364409,34.15266666666666,33.263268817204306,33.36354728916352,4.997619465882165,4.922229424266284,4.952674542245585,34.13366666666666,33.996765027322404,33.1084761606862,5.073111626155206,5.019033671965698,5.004120343972694,7.880475305165006
2009-10-23,sz000901,32.83,33.12,33.37,32.72,70676,103304312.0,1.99,1.22,0.4,3.19,4.849271962070074,0.13030550303562904,32.822,32.89933333333333,32.76224074174432,4.873827344744942,4.858406186562374,4.83949243943046,32.285999999999994,32.563272727272725,32.664961090938405,4.8045619756559645,4.8319129979444915,4.850239975589909,33.1215,32.48571428571429,33.05593369175899,4.928295119574299,4.852831973955316,4.903248600907806,34.10633333333333,33.19664516129032,33.34783456083039,4.985062587835158,4.912658617568729,4.946003408040714,34.17766666666667,33.96353005464481,33.10885399148338,5.0736178489429875,5.01169466658586,4.999043347844739,8.014118449677627
2009-10-26,sz000901,33.05,33.73,33.77,33.01,75863,112077320.0,2.29,1.84,0.61,3.42,4.880030012868276,0.030758050798201708,33.136,33.202,33.08482716116288,4.894359584135849,4.860473742603485,4.853004963909732,32.525999999999996,32.82581818181818,32.8586045289496,4.818421451365999,4.845634459255821,4.8556563460041575,32.919,32.54366666666667,33.120130483020034,4.903054139180677,4.84823529712617,4.901037306808803,34.031666666666666,33.17236559139785,33.37249039561553,4.973409744987793,4.905882322409576,4.941747059965073,34.205666666666666,33.9488524590164,33.12921943438556,5.067830523878962,5.005347524419474,4.995141271288134,8.04951773752462
2009-10-27,sz000901,33.61,31.75,33.61,31.71,74764,107304360.0,5.63,-5.87,-1.98,3.37,4.873692528815085,-0.006337484053190678,32.790000000000006,32.739999999999995,32.63988477410859,4.850280065081739,4.8535847241632295,4.859900818878183,32.532,32.68472727272727,32.65704006914058,4.843054118588234,4.855683746064747,4.85893565196978,32.56699999999999,32.43233333333333,32.989641865589554,4.875485053078324,4.845438953281828,4.898433042237972,33.904666666666664,33.02516129032258,33.2678135958984,4.963815870923627,4.899448953624239,4.937356445052171,34.20366666666666,33.86833879781421,33.08399912506144,5.06384116921588,4.998982344253444,4.99115934530541,8.030617368615268
2009-10-28,sz000901,31.44,32.16,32.29,31.24,50039,69910408.0,3.31,1.29,0.41,2.26,4.69930862198818,-0.17438390682690486,32.696,32.529999999999994,32.47992318273906,4.804253916955212,4.803260909798711,4.8063700865815155,32.51899999999999,32.617090909090905,32.56666914747865,4.824996293660508,4.8295482012283735,4.829912555609489,32.3645,32.393571428571434,32.91062835458103,4.84934380650818,4.828660245558957,4.879468811737992,33.756,32.91260215053763,33.19634175100173,4.946856430147377,4.882383969821952,4.921998520983527,34.179,33.80133333333333,33.053704071780736,5.052961964605201,4.987030457459094,4.981590469131074,7.84454183669676
2009-10-29,sz000901,31.69,30.48,31.69,30.43,63395,86759504.0,3.92,-5.22,-1.68,2.86,4.802055006177634,0.10274638418945337,32.248,31.791333333333334,31.81328212182604,4.82087162638385,4.802527939539518,4.804931726446888,32.382999999999996,32.24636363636363,32.187274757027986,4.831065358387675,4.825377058049669,4.824847546621879,32.1875,32.21409523809524,32.67913993985903,4.83449482742021,4.824156550289381,4.872096068351291,33.556666666666665,32.701247311827956,33.0210938960984,4.940032035986682,4.873041942469066,4.914260229705728,34.124833333333335,33.68005464480875,32.96932033172235,5.043645170249691,4.978803999805731,4.975704060509649,7.938317060508145
2009-10-30,sz000901,30.95,30.63,31.31,30.59,43013,58676216.0,2.36,0.49,0.15,1.94,4.633599734067902,-0.16845527210973188,31.75,31.252,31.418854747884026,4.777737180783416,4.740103975434201,4.7478210623205594,32.285999999999994,31.927636363636363,31.904133892113805,4.8257822627641795,4.789474217264255,4.79007521706661,32.076499999999996,32.065761904761914,32.48398375511055,4.8179962828336205,4.805023684255828,4.849382131752872,33.40866666666667,32.51243010752688,32.866829773769474,4.92734756199343,4.853272116538822,4.8961531009549,34.072833333333335,33.5654699453552,32.89262130445277,5.031794109526487,4.965359887144033,4.964487525216477,7.768462098639063
2009-11-02,sz000901,30.48,31.31,31.31,29.81,59940,80791104.0,4.9,2.22,0.68,2.7,4.777716738609626,0.14411700454172394,31.266000000000002,31.105333333333327,31.382569831922687,4.757274525931686,4.740097161376272,4.757786287750248,32.201,31.750181818181815,31.79610954809311,4.825817055033767,4.780735031054336,4.7878282209835215,32.005,31.992761904761906,32.37217577843336,4.820040391758583,4.801187537186876,4.84255685621542,33.28333333333333,32.37703225806452,32.7663891432037,4.919686119058923,4.84361851503019,4.888512045319722,33.984833333333334,33.47488524590164,32.84073208135595,5.020524429791385,4.957029481540201,4.958363892868711,7.907363542749716
2009-11-03,sz000901,31.33,32.56,33.05,31.31,82271,116508584.0,5.56,3.99,1.25,3.71,4.915246776166563,0.13753003755693705,31.428000000000004,31.53666666666667,31.77504655461513,4.765585375401981,4.792754578121231,4.810273117222353,32.108999999999995,31.815454545454543,31.93499872116709,4.80793272024186,4.796994980351208,4.810995231016801,32.092499999999994,32.04561904761905,32.39006379953494,4.826501736270357,4.810254811892398,4.849479705734577,33.14966666666667,32.33036559139784,32.75307371460992,4.9146859790835755,4.843332105811327,4.890236866664679,33.92166666666667,33.4281693989071,32.83152775081969,5.013556369859454,4.953577755191847,4.956950216911263,8.066357924044407
2009-11-04,sz000901,32.45,32.36,32.7,31.89,59415,84626968.0,2.49,-0.61,-0.2,2.68,4.773896101459974,-0.14135067470658846,31.468000000000007,31.84733333333333,31.970031036410088,4.780502871296339,4.795524820140562,4.798147445301561,32.082,31.861090909090905,32.01227168095489,4.792378394125775,4.790806504209047,4.8042499347337415,32.0455,32.07109523809524,32.38720058053161,4.809888186826583,4.805244751434267,4.842281267232234,33.01233333333333,32.27941935483871,32.72771412011896,4.906340110386835,4.834248887900126,4.8827310108450215,33.854166666666664,33.37696721311475,32.816067824563305,5.0054125211288545,4.945720041473831,4.950948442634171,7.927508781328089
2009-11-05,sz000901,32.34,32.7,33.05,32.11,79331,114431456.0,2.9,1.05,0.34,3.58,4.8994429287818875,0.12554682732191313,31.912,32.258,32.21335402427339,4.79998045581719,4.835171505969078,4.83191260646167,32.08,31.973454545454544,32.13731319350855,4.81042604110052,4.810272783237432,4.821557751833404,32.125,32.133428571428574,32.41699100143337,4.806332529847512,4.813773774477629,4.847725234998868,32.907333333333334,32.2592688172043,32.72592611236935,4.902119708301287,4.833803908441744,4.883809199099013,33.81166666666666,33.339125683060104,32.812262322118606,5.000060823623057,4.942245628609997,4.949259737261966,8.058545423839831
2009-11-06,sz000901,32.94,32.61,33.14,32.45,66440,96086944.0,2.11,-0.28,-0.09,3.0,4.822429623779357,-0.07701330500253079,32.30800000000001,32.49066666666667,32.3455693495156,4.837746433759482,4.842654561956467,4.828751612234233,32.029,32.069818181818185,32.22325624923426,4.807741807271448,4.812455252815401,4.821716274005395,32.1575,32.17961904761904,32.43537281082067,4.806151891463706,4.815306831042566,4.845316129168438,32.75733333333333,32.24008602150537,32.71844700834552,4.888110682140015,4.828662612666137,4.879849226497745,33.76616666666667,33.29972677595628,32.80563077057373,4.99466926320978,4.936421654844628,4.945101372885486,7.982664381071672
2009-11-09,sz000901,32.9,33.23,33.5,32.61,87212,127736056.0,2.73,1.9,0.62,3.93,4.940576246116328,0.1181466223369716,32.692,32.797999999999995,32.64037956634373,4.870318335260821,4.876931166075416,4.8660264901949315,31.979000000000003,32.28818181818182,32.4063005675553,4.813796430596254,4.836606968969016,4.8433271780255645,32.252500000000005,32.28176190476191,32.51105159074251,4.816108940981127,4.828109150533292,4.854388521258714,32.605666666666664,32.27058064516129,32.75145042716194,4.873301569652536,4.832047487761381,4.8837670987312025,33.7445,33.2821475409836,32.819544515800814,4.993270157146836,4.9346481133005815,4.944953008073382,8.106313502679336
2009-11-10,sz000901,33.19,33.5,34.2,32.83,116739,173079136.0,4.12,0.81,0.27,5.26,5.067215968772479,0.12663972265615087,32.88,33.06733333333333,32.926919710895824,4.900712173782005,4.942563710579302,4.933089649720781,32.154,32.564727272727275,32.60515500981797,4.833148774591993,4.88268324863742,4.8840342308886395,32.343,32.400571428571425,32.60523715352894,4.838101446590113,4.852024105561041,4.87465780197431,32.42933333333333,32.32827956989247,32.79974394799021,4.861372960249548,4.844558094156216,4.895602509701608,33.76233333333333,33.274131147540984,32.8418545316762,4.993388555091555,4.937072566140767,4.948961629735647,8.238244718561763
2009-11-11,sz000901,33.28,34.47,34.51,33.17,156180,234986256.0,4.0,2.9,0.97,7.04,5.193625418492879,0.12640944972040025,33.30200000000001,33.59733333333334,33.44127980726388,4.984658037188586,5.040201458816259,5.019934905978147,32.385,32.98581818181818,32.944217735305614,4.882580454242463,4.9482244566194,4.9403235377257735,32.452,32.603142857142856,32.78283361509761,4.853788373951486,4.885883531456542,4.905035670214175,32.37133333333333,32.45993548387097,32.907502402958585,4.860422689086274,4.865993736623528,4.914829794139755,33.78816666666667,33.29733333333333,32.895236350309766,4.999633782489564,4.943637709203104,4.956983393301458,8.371042461769978
2009-11-12,sz000901,34.31,33.75,34.55,33.73,102223,153905616.0,2.38,-2.09,-0.72,4.61,5.009548622308196,-0.18407679618468364,33.512,33.74666666666666,33.54418653817592,5.006679175893848,5.048498320522796,5.0164728114214965,32.712,33.233999999999995,33.09072360161368,4.903329815855519,4.971309578085897,4.952909916740759,32.5475,32.7267619047619,32.874944699374026,4.867197587121597,4.900717840823847,4.9149892846993195,32.36233333333333,32.5488817204301,32.96185708663868,4.857439823565313,4.8756147645733305,4.920940686279654,33.79783333333334,33.29608196721311,32.923261388004526,5.006849489134528,4.943962785918469,4.958706843432827,8.187254467481319
2009-11-13,sz000901,33.5,33.5,33.86,32.67,83900,123313096.0,3.53,-0.74,-0.25,3.78,4.9237619608287,-0.08578666147949576,33.69,33.742666666666665,33.52945769211728,5.026945643303717,5.020859248834413,4.985569194557232,32.999,33.377272727272725,33.16513749222938,4.932346038531599,4.9750245135355655,4.947610288393111,32.6425,32.817476190476185,32.93447377562412,4.879064150647889,4.906104924034048,4.915824777664023,32.384,32.62227956989247,32.9965759842749,4.85611286806628,4.8798936121387095,4.921122703992497,33.83733333333333,33.28631693989071,32.942170850692904,5.0090365424094125,4.941238604662542,4.957561109576954,8.091009201644503
2009-11-16,sz000901,33.73,33.95,34.22,33.7,94199,141303616.0,1.55,1.34,0.45,4.25,4.974046292423588,0.05028433159488799,33.834,33.82933333333333,33.66963846141152,5.033639652565169,5.003226131874371,4.98172822717935,33.263,33.55018181818182,33.30783976636949,4.951978993912996,4.982606377879564,4.95241683458047,32.732,32.942,33.03119055889801,4.888898024473381,4.9151508422984005,4.921369683831601,32.42433333333333,32.72331182795699,33.058087211095874,4.864019925810053,4.887502220161761,4.924537129052567,33.87833333333333,33.29001092896175,32.97521442935871,5.013347844929033,4.940091383351529,4.9581016073752044,8.150153275710927
2009-11-18,sz000901,34.17,33.64,34.33,33.52,84329,126159152.0,2.39,-0.91,-0.31,3.8,4.925976950356074,-0.04806934206751379,33.862,33.76466666666666,33.659758974274354,5.005391848881887,4.967338564471339,4.963144468238259,33.371,33.61872727272727,33.36823253612049,4.9530520113319465,4.977878733596488,4.947609582903307,32.739999999999995,33.02847619047619,33.08917241043153,4.880492365786903,4.918682168572943,4.921808471119646,32.51866666666667,32.80174193548387,33.095629971670334,4.868685161290887,4.891499447551828,4.924630020749568,33.90833333333333,33.28219672131148,32.997010677576455,5.014480066197959,4.9372267638573355,4.957048339931954,8.100918761147112
2009-11-19,sz000901,33.68,34.24,34.33,33.68,93180,140448000.0,1.93,1.78,0.6,4.2,4.9693227061122025,0.04334575575612831,33.816,33.89066666666667,33.85317264951624,4.960531306405753,4.955315516881445,4.965203880862907,33.559000000000005,33.77672727272727,33.5267357113713,4.972594671797169,4.980837041738352,4.951557423486742,32.820499999999996,33.17133333333334,33.19877503800948,4.882486532961472,4.927142200984877,4.9263336363570325,32.55,32.91279569892473,33.169460296078704,4.864123681816778,4.89799219237901,4.927513419805222,33.936,33.29307103825137,33.037764425852636,5.012475480985694,4.935746194674195,4.957450778167372,8.14751555916488
2009-11-20,sz000901,34.26,35.03,35.41,34.02,133496,206021200.0,4.06,2.31,0.79,6.02,5.1254682529369,0.15614554682469706,34.072,34.29533333333333,34.24544843301083,4.983715232531493,5.010294499058494,5.018625338220905,33.792,34.04418181818182,33.80005649112197,4.99519720421267,5.008632238309213,4.983177574295861,32.936,33.38176190476191,33.37317741534191,4.902811622656595,4.950283317173012,4.945298837936068,32.68066666666667,33.07279569892473,33.28949511568653,4.869287421302564,4.914853132451276,4.940284699362104,33.9745,33.32893989071039,33.103083625005006,5.014387322530913,4.939450875721777,4.962959547831947,8.313911912453078
2009-11-23,sz000901,35.27,35.97,36.19,35.07,139787,220534480.0,3.2,2.68,0.94,6.3,5.145466784494185,0.01999853155728548,34.566,34.928,34.820298955340554,5.02805619726459,5.064211683046058,5.060905820311999,34.128,34.44018181818182,34.19459167455434,5.027500920284153,5.035953980178578,5.012684703422829,33.078500000000005,33.67071428571428,33.62049385197601,4.9176213637778,4.973393332586116,4.964362451893984,32.81433333333334,33.28501075268818,33.4624309146745,4.879934901070523,4.932671155882992,4.953522253241594,34.0075,33.39436612021858,33.197080883201565,5.013904423892766,4.94374856299926,4.968943391656937,8.343476499940206
2009-11-24,sz000901,35.97,33.21,35.99,32.94,143546,220599472.0,8.48,-7.67,-2.76,6.47,5.156991095110956,0.01152431061677106,34.418000000000006,34.476000000000006,34.28353263689371,5.0646451578020635,5.10718998232818,5.092934245244985,34.126,34.27327272727273,34.015575006453545,5.049142405183616,5.0594976483289065,5.0389222291843065,33.0525,33.683238095238096,33.58139919940687,4.931469417889934,4.9961904498559395,4.982708036962267,32.876999999999995,33.3105376344086,33.44614504921163,4.893786762381956,4.950545749046891,4.966649275297683,33.95816666666666,33.36821857923498,33.19750446080151,5.011275079249365,4.94843992926871,4.975108890130839,8.343604468631094
2009-11-25,sz000901,33.17,34.17,34.33,32.85,70497,105175200.0,4.46,2.89,0.96,3.18,4.848170635981932,-0.30882045912902445,34.524,34.39333333333334,34.24568842459581,5.049083894927235,5.035031808388136,5.011346375490634,34.193,34.28127272727273,34.04365227800744,5.027237871904561,5.022957326655873,5.004240121329329,33.173500000000004,33.78966666666667,33.63745641851098,4.930193323248277,4.988257232531367,4.9698949511546155,32.95966666666667,33.393956989247314,33.49284536861733,4.901146921694929,4.947602773150116,4.959005492116021,33.890166666666666,33.37516393442623,33.22938956044736,4.999656859705914,4.943092242604204,4.970946980158743,8.021913346539415
2009-11-26,sz000901,34.06,31.91,34.4,31.71,94590,138154736.0,7.87,-6.61,-2.26,4.27,4.975845225467567,0.12767458948563526,34.058,33.522,33.46712561639721,5.050388398798307,5.010618918568246,4.999512658816279,33.937,33.866181818181815,33.65571550018791,5.00545985260203,5.013613209121874,4.999077412990826,33.160999999999994,33.669333333333334,33.472936759605176,4.9440201534222465,4.992605032742729,4.970461643946325,32.946999999999996,33.32623655913979,33.390726312577506,4.904345533501667,4.952422018554802,4.9600919265257986,33.7975,33.31024043715847,33.18613088633433,4.99219368438872,4.942311533284912,4.971107578365589,8.140365777297493
2009-11-27,sz000901,31.91,31.46,32.45,31.22,59259,83034272.0,3.85,-1.41,-0.45,2.67,4.772754318454423,-0.20309090701314414,33.344,32.656,32.79808374426481,4.979845611901813,4.918074225120285,4.9239265453623275,33.708000000000006,33.41581818181818,33.25649450015374,4.981780422216652,4.9713031120041276,4.9579277594387525,33.21,33.507333333333335,33.28122849678564,4.9425551190360855,4.976294000841032,4.951632374851858,32.934333333333335,33.23030107526881,33.26616332466928,4.905391865486616,4.943932262745301,4.948005629230871,33.6865,33.23360109289617,33.12953643104468,4.982086039235326,4.935116799975592,4.964604192794732,7.919257382356581
2009-11-30,sz000901,31.84,32.52,32.58,31.69,44231,62871068.0,2.83,3.37,1.06,1.99,4.645726758261136,-0.12702756019328643,32.654,32.38133333333334,32.705389162843204,4.879897606655203,4.806701273906726,4.831193282995264,33.61,33.19981818181818,33.122586409216694,4.953976901959896,4.910202445830397,4.901163941042822,33.304500000000004,33.44161904761905,33.20873054471082,4.943161470245747,4.948024633148179,4.922498506605122,32.965,33.20356989247311,33.21802375533578,4.904035067751892,4.9271796751823675,4.928503766587663,33.62716666666667,33.19535519125683,33.109551630026814,4.971404628758224,4.9240886268288975,4.954149194941171,7.798450837836542
2009-12-01,sz000901,32.56,33.28,33.28,32.2,53866,77796432.0,3.32,2.34,0.76,2.43,4.731314726753937,0.08558796849280093,32.668000000000006,32.59,32.89692610856214,4.794762332983799,4.75717364727297,4.797900430914822,33.543000000000006,33.139818181818185,33.151207062086385,4.929703745392931,4.869718413974768,4.87028226571757,33.403,33.43928571428572,33.21551811188122,4.940841369652963,4.927848752815626,4.904290527571676,33.00233333333333,33.223892473118276,33.22202222273347,4.902499931446565,4.916036427376048,4.915781893050003,33.57383333333333,33.183972677595634,33.11514010117347,4.963933340841529,4.916216826763183,4.946843146803884,7.8909596792744585
2009-12-02,sz000901,33.37,33.77,34.08,33.05,70942,105165056.0,3.09,1.47,0.49,3.2,4.850903427957745,0.11958870120380816,32.58800000000001,32.95733333333333,33.187950739041426,4.795308891378961,4.77588734559762,4.815568096595797,33.556,33.18109090909091,33.26371486897977,4.922196393153098,4.855391083532007,4.866758840670329,33.4635,33.47423809523809,33.268325910749674,4.937624202242523,4.919283234558939,4.899206041894159,33.012,33.27341935483871,33.25737562771841,4.894393708242302,4.912707620699351,4.911596185624696,33.56366666666666,33.1904043715847,33.13661091752844,4.959142142345598,4.912510927980109,4.943697582251552,8.021871457427824
2009-12-03,sz000901,33.57,33.3,33.7,33.05,52907,77947176.0,1.92,-1.39,-0.47,2.39,4.723513136312176,-0.12739029164556914,32.866,33.19466666666667,33.22530049269429,4.744842473547884,4.7519554272420255,4.78488310983459,33.462,33.13454545454545,33.2703121655289,4.897615436173096,4.819266855015476,4.840714167150664,33.5105,33.45866666666667,33.27134249067828,4.935105053985132,4.898891704470334,4.882473384219685,33.034333333333336,33.292,33.26012558722045,4.88752950069868,4.9016830676716,4.89946179534647,33.6025,33.18175956284153,33.14196793662586,4.95093795422763,4.904785386798685,4.936478420089605,7.891800385466701
2009-12-04,sz000901,33.28,32.31,33.73,31.49,62277,89776616.0,6.73,-2.97,-0.99,2.81,4.794327683619487,0.07081454730731096,33.036,33.00933333333334,32.92020032846286,4.749157146580896,4.768450497265892,4.788031301096223,33.190000000000005,32.92509090909091,33.09570995361455,4.864501379241355,4.800487263642092,4.832280261054087,33.491,33.34433333333334,33.17978606299464,4.929849291727012,4.885484335864081,4.874078555591094,33.02066666666666,33.2452688172043,33.19882716223849,4.8900415415181815,4.895670047214878,4.892678949428601,33.586666666666666,33.1393825136612,33.11469029935944,4.943830503700173,4.899650623827926,4.931817740205339,7.953163231270305
2009-12-07,sz000901,32.16,32.58,32.67,32.16,39696,56799432.0,1.58,0.84,0.27,1.79,4.598746746928134,-0.19558093669135346,33.04800000000001,32.85733333333334,32.80680021897524,4.739761144314296,4.718313697381638,4.72493644970686,32.851000000000006,32.814181818181815,33.00194450750281,4.809829375484749,4.752168239585143,4.789819622122095,33.4895,33.25757142857143,33.12266358080467,4.918665147884452,4.85395076016895,4.847856478575574,33.00266666666667,33.21683870967742,33.15890282919084,4.881690701013451,4.876876834660681,4.873715581525346,33.5545,33.10637704918033,33.09715946987224,4.933376644424304,4.888336402294416,4.920897379770021,7.754343992744485
2009-12-08,sz000901,32.56,33.05,33.28,31.93,59846,86092096.0,4.14,1.44,0.47,2.7,4.777035128243161,0.1782883813150269,33.002,32.858,32.88786681265016,4.74890522461214,4.7307383586912595,4.742302675885627,32.835,32.85036363636364,33.01068186977503,4.77183377879797,4.746205649177582,4.787495168689562,33.4805,33.21571428571429,33.115743239775654,4.910488091990793,4.84046218686978,4.841111588067725,32.98,33.219892473118286,33.15187684021079,4.878257538192614,4.870124862223888,4.867478132926495,33.505833333333335,33.08983606557378,33.095613257745285,4.925833641590203,4.8832104509442145,4.916180584637993,7.934963281289262
2009-12-09,sz000901,32.61,32.38,33.3,32.27,57125,82940272.0,3.12,-2.03,-0.67,2.58,4.756826213077907,-0.020208915165254027,32.724000000000004,32.650666666666666,32.71857787510011,4.730089781636172,4.733378688179849,4.747143854949721,32.656,32.76763636363636,32.89601243890684,4.762699336507568,4.743477000864844,4.781918994941988,33.4245,33.11090476190476,33.04567245503512,4.894968604206064,4.825827722211409,4.833084409497267,33.001,33.18118279569892,33.10207833439074,4.874361994334707,4.8622905831842305,4.860339299387876,33.45283333333334,33.052923497267756,33.07215052798315,4.919088932629166,4.877669223779876,4.9109558511442195,7.918765455285358
2009-12-10,sz000901,32.83,32.99,33.5,32.79,54724,80063288.0,2.19,1.88,0.61,2.47,4.738177834224438,-0.018648378853468373,32.662,32.739333333333335,32.80905191673341,4.733022721218625,4.736074705709271,4.744155181374627,32.764,32.82836363636364,32.91310108637832,4.738932597383255,4.7390185459042735,4.773966056629705,33.350500000000004,33.06952380952381,33.04037031646034,4.872196224992642,4.810895267927446,4.824045688042712,33.028666666666666,33.18047311827957,33.09484747410747,4.8756576347425815,4.853504508338406,4.852457914538622,33.39233333333333,33.03774863387978,33.069457068049275,4.911257032444979,4.871737712356771,4.9052909981304555,7.90343342152895
2009-12-11,sz000901,33.01,32.65,33.23,32.43,35077,50616732.0,2.42,-1.03,-0.34,1.58,4.545022442756734,-0.19315539146770444,32.730000000000004,32.73533333333333,32.75603461115561,4.683161673046074,4.673407946221973,4.67777760183533,32.882999999999996,32.80763636363636,32.86526452521862,4.716159409813486,4.703762154153997,4.732339945016437,33.295500000000004,33.00280952380953,33.003192191083166,4.848969916015069,4.779735860095454,4.797472045634524,33.101,33.15604301075269,33.066147637068276,4.8670898826285525,4.832173205629641,4.832623367972048,33.328833333333336,33.01340983606558,33.05570437729356,4.903560959307617,4.859730020891583,4.89347891434771,7.704294102098754
2009-12-14,sz000901,32.67,32.61,32.9,31.49,38154,54085540.0,4.32,-0.12,-0.04,1.72,4.581540075367257,0.03651763261052299,32.736000000000004,32.69533333333333,32.707356407437075,4.679720338733899,4.6395340803290335,4.645698426345972,32.892,32.758,32.81885279336068,4.709740741524098,4.67928591152741,4.704921786898404,33.251000000000005,32.9375238095238,32.96574531574191,4.8318588217419975,4.754266351462329,4.77690709608526,33.167,33.12436559139785,33.03671875725742,4.865354560671864,4.813750637419236,4.816424445868513,33.28783333333333,32.98984153005464,33.04109111902164,4.8963510613326475,4.849171959123046,4.883251411430319,7.733081170141462
2009-12-15,sz000901,32.61,33.73,33.93,32.16,99347,146451728.0,5.43,3.43,1.12,4.48,4.997154757171881,0.415614681804624,32.872,33.026666666666664,33.04823760495805,4.7237442645196435,4.745345553141695,4.762850536621276,32.937,32.91036363636364,32.984515921840554,4.736324744565891,4.731543005281552,4.758055054220854,33.239999999999995,32.98314285714285,33.03853147614745,4.833014244979411,4.770008821503271,4.797883063807796,33.24766666666667,33.16068817204302,33.081446579369846,4.872669161290606,4.822253875903108,4.828084465952601,33.2655,33.004338797814206,33.063678295447154,4.8961776401747645,4.85247699833089,4.886985947356271,8.16569450033607
2009-12-16,sz000901,33.59,33.95,34.15,33.28,78286,116730176.0,2.58,0.65,0.22,3.53,4.893684103483578,-0.10347065368830322,33.186,33.385999999999996,33.34882506997204,4.751115842600777,4.801992166129673,4.806461725575376,32.955,33.094545454545454,33.16005848150591,4.740602812118475,4.76015379781204,4.782714881359531,33.2555,33.050761904761906,33.125338002228645,4.831399602635787,4.775786903265573,4.807006972348347,33.294000000000004,33.205999999999996,33.13748228392663,4.871950405534506,4.823609678625235,4.83231670063202,33.221833333333336,33.026781420765026,33.09273802346528,4.8933181923090405,4.85239524302954,4.8872055590325765,8.067183140331691
2009-12-22,sz000901,33.73,30.63,33.73,30.59,102970,144533200.0,9.25,-9.78,-3.32,4.64,5.012710712741787,0.11902660925820907,32.714,32.534,32.44255004664802,4.806022418304247,4.889190456176676,4.87521138796418,32.688,32.67181818181818,32.70004784850483,4.7695225697614365,4.809627961561734,4.824532305247213,33.075,32.80071428571429,32.88768676392116,4.833569002967266,4.793054628037572,4.82659780476677,33.236333333333334,33.034129032258065,32.97570923335072,4.879910892577234,4.832690988767641,4.84395502399394,33.12433333333333,32.94180327868852,33.011992514499205,4.893125501482035,4.856309751896187,4.891320482105009,8.159967618169818
2009-12-23,sz000901,30.66,29.99,30.7,29.38,56393,74214888.0,4.31,-2.09,-0.64,2.54,4.751225198840697,-0.2614855139010901,32.182,31.625999999999998,31.625033364432017,4.847262969521039,4.870924716355492,4.8338826582563525,32.455999999999996,32.181272727272734,32.2073118760494,4.765212321283558,4.806301166848871,4.811203740446028,32.823,32.506904761904764,32.61171659592867,4.814856850262456,4.785212360977899,4.819419461345239,33.146,32.82468817204301,32.78308283119906,4.874970301579194,4.8243886859459275,4.837972454629216,33.026666666666664,32.83903825136612,32.912910792712346,4.888545004940241,4.8516572829571265,4.886727194129129,7.870491036379625
2009-12-24,sz000901,29.99,30.61,30.86,29.99,41756,56075032.0,2.9,2.07,0.62,1.88,4.62071888891348,-0.1305063099272168,31.782000000000004,31.101999999999997,31.286688909621347,4.855098732230284,4.795410022819639,4.762828068475395,32.259,31.84563636363636,31.91689153494951,4.767409535482092,4.780029633690676,4.776570131076474,32.555,32.296142857142854,32.42107692012594,4.7886194554834205,4.766723031325616,4.80049559730412,33.07933333333333,32.6610752688172,32.64288393886364,4.868246610416999,4.807985368999753,4.823956095550781,32.91833333333333,32.75980327868852,32.837405520820134,4.878178646278507,4.842876098825102,4.8780056103515665,7.748769530091287
2009-12-25,sz000901,30.57,30.81,31.08,30.37,34913,47416524.0,2.32,0.65,0.2,1.57,4.542987168420798,-0.07773172049268151,31.198,30.778,31.127792606414232,4.7642652144800675,4.691372834883143,4.689547768457197,32.035,31.58218181818182,31.71563852859505,4.7440047394998555,4.739225566952259,4.734100501502715,32.434999999999995,32.129952380952375,32.26764102297109,4.757919259148913,4.7433294801767945,4.7759709850295184,32.998666666666665,32.51466666666666,32.52463336216276,4.85499364116048,4.787000888870965,4.805829067994008,32.80216666666667,32.690677595628415,32.77093320866209,4.864147605406507,4.831886214305177,4.867021399140722,7.675929713645739
2009-12-28,sz000901,30.88,31.26,31.37,30.79,35950,49331908.0,1.88,1.46,0.45,1.62,4.555698894718901,0.01271172629810291,30.660000000000004,30.79866666666667,31.17186173760949,4.696668172727132,4.621850728296088,4.644931477211099,31.922999999999995,31.441272727272725,31.632795159759585,4.723892007663954,4.704988140628449,4.701663845723839,32.2895,32.01804761904762,32.17167521125956,4.743295672085761,4.724070397850126,4.7549926907142215,32.924,32.40249462365591,32.44304411299097,4.837943072025362,4.767691550390864,4.78969163746013,32.67666666666667,32.640114754098356,32.72139441493547,4.849658016137454,4.821773141823616,4.856814103913776,7.693127912904809
2009-12-29,sz000901,31.11,30.93,31.15,30.32,35568,48269776.0,2.66,-1.06,-0.33,1.6,4.551059445354915,-0.004639449363986081,30.720000000000006,30.88866666666667,31.091241158406326,4.604337919249758,4.573314485838682,4.6136407999257045,31.716999999999995,31.260727272727273,31.50501422162148,4.7051801687770025,4.673564038390442,4.6742812274749435,32.240500000000004,31.88857142857143,32.05342042923484,4.722056383080128,4.7057621857805225,4.735570476870477,32.806,32.27384946236559,32.34542836376575,4.816524206254097,4.749182929315351,4.7742960121630205,32.58866666666667,32.58284699453552,32.66266017182283,4.838473447670185,4.811983024748779,4.846789361010207,7.683675283442896
2009-12-30,sz000901,30.93,30.7,31.24,30.41,36392,49222940.0,2.68,-0.74,-0.23,1.64,4.561005923821899,0.0099464784669836,30.862000000000002,30.882,30.96082743893755,4.566294064245999,4.558870487362729,4.596095841224436,31.522,31.075818181818182,31.35864799950848,4.706778516883519,4.647350539307696,4.653685717719844,32.2025,31.741857142857146,31.92452324549819,4.711468963348502,4.690424046803547,4.718945281342042,32.70433333333333,32.13797849462366,32.2392716951357,4.801572782971219,4.732697878835855,4.760535361302304,32.53333333333333,32.52092349726776,32.59831065799257,4.829506303268266,4.802885728884901,4.837419412249934,7.692167549790286
2009-12-31,sz000901,30.7,31.04,31.11,30.59,33067,45109032.0,1.69,1.11,0.34,1.49,4.519394795381017,-0.04161112844088155,30.948,30.941333333333333,30.987218292625037,4.546029245539506,4.543237397741068,4.570528825943296,31.365,30.98818181818182,31.300711999597848,4.700563988884896,4.6132807717617865,4.629269186385511,32.1285,31.631142857142862,31.840282936403124,4.705152365204496,4.672131268901882,4.699940473155277,32.62233333333333,32.03060215053763,32.16189932770759,4.788093877456296,4.714492847378423,4.744977905436414,32.503166666666665,32.47196174863388,32.5472185052715,4.822103372761288,4.7927181384623685,4.826992375631281,7.65426350762156
2010-01-04,sz000901,31.11,31.62,31.93,30.99,53787,74700576.0,3.03,1.87,0.58,2.43,4.730677321939782,0.21128252655876523,31.110000000000003,31.165333333333333,31.198145528416692,4.583567276243302,4.60478675654116,4.623911657942125,31.154000000000003,31.03454545454546,31.35876436330733,4.673916245361686,4.618755923226312,4.64770702921356,32.0455,31.58271428571429,31.819303609126635,4.705120494963789,4.674562217162387,4.702867792087135,32.544666666666664,31.96593548387097,32.12693808075871,4.77998157844017,4.7107885534741305,4.74405528714631,32.4845,32.44300546448087,32.516817898541284,4.822000752125112,4.789720563025597,4.823834505018445,7.873323950579215
2010-01-05,sz000901,31.58,31.46,31.71,30.66,36929,51040784.0,3.32,-0.51,-0.16,1.67,4.567367547554527,-0.1633097743852554,31.150000000000006,31.282,31.2854303522778,4.5859010068104284,4.599386846978235,4.605063621146259,30.904999999999994,31.09018181818182,31.377170842705993,4.64128458976878,4.599383432715919,4.633099850730099,31.929999999999996,31.52695238095238,31.785084217781243,4.690943700943628,4.661442888837694,4.689963006893553,32.472,31.89595698924731,32.083909817483956,4.768027931680119,4.697071519223445,4.732656078140389,32.495333333333335,32.40941530054645,32.48216813137599,4.818356546485503,4.781371933367546,4.8154257523147095,7.707917336642941
2010-01-06,sz000901,31.26,31.51,32.34,31.26,51492,72421392.0,3.43,0.16,0.05,2.32,4.711739760580297,0.14437221302577008,31.266000000000002,31.402,31.360286901518535,4.618037069855505,4.641333098234858,4.6406223342909385,30.993000000000002,31.200181818181814,31.40132159857763,4.611187494552632,4.612193463772559,4.647398016157408,31.840500000000002,31.486952380952378,31.758885720849698,4.690355032157034,4.663423465945949,4.692036983435147,32.381,31.83389247311828,32.04688337764628,4.75944183349572,4.693440024313779,4.731306638297802,32.4655,32.377109289617486,32.45029376641285,4.81178275765625,4.7778763010427845,4.812026211602105,7.859866868066037
2010-01-07,sz000901,31.51,30.63,31.67,30.55,39293,53622184.0,3.55,-2.79,-0.88,1.77,4.594315188234234,-0.11742457234606274,31.252000000000002,31.19,31.11685793434569,4.624698922737972,4.633425804361101,4.625186618938704,31.057000000000006,31.134181818181816,31.261081307927153,4.595496493491985,4.609125771714669,4.637746592898648,31.7565,31.371666666666663,31.65137279505449,4.680354407387772,4.654276814143778,4.682730145796966,32.23433333333333,31.720924731182798,31.955471546830395,4.741736731338966,4.682786692361423,4.7224684802291845,32.4575,32.31692896174864,32.39061200357964,4.805512076320765,4.7707462167994406,4.804888145262175,7.729344498565777
2010-01-08,sz000901,30.57,30.75,30.81,30.19,26344,35434824.0,2.02,0.39,0.12,1.19,4.420681717703851,-0.17363347053038325,31.194000000000006,31.022666666666666,30.994571956230462,4.604956307202539,4.565420069349728,4.557018318527087,31.071000000000005,31.078363636363637,31.168157433758577,4.575492776371022,4.577341267025917,4.598280251954139,31.665000000000003,31.275809523809528,31.56552776695406,4.671451155926556,4.6295460817929275,4.657773152645241,32.06033333333333,31.62516129032258,31.87769918897037,4.717577229112621,4.662073465675288,4.702998366517873,32.437333333333335,32.260945355191254,32.336821446085224,4.798756065091571,4.758128827992327,4.792291213211081,7.5494302800206725
2010-01-12,sz000901,31.44,31.15,31.69,31.11,59285,82176784.0,1.89,1.3,0.4,2.67,4.7729448242026775,0.3522631064988264,31.1,31.008,31.046381304153645,4.613409807655117,4.621416241683107,4.62899382041895,31.105,31.09272727272727,31.164856082166107,4.5984885419492105,4.613241639358945,4.6300374469084185,31.57,31.226761904761908,31.525953693910814,4.671246640724533,4.639212145438273,4.6687418832697585,31.991666666666667,31.56643010752688,31.83075085419809,4.704775686749012,4.665645568584324,4.707511041207216,32.434333333333335,32.218737704918034,32.29790926752505,4.799281224565484,4.7572825577992495,4.79165690537474,7.914749141082785
2010-01-13,sz000901,30.59,31.49,31.71,30.28,64805,88651944.0,4.59,1.09,0.34,2.92,4.811608514954512,0.03866369075183407,31.106,31.137999999999998,31.1942542027691,4.662258001135115,4.6874824774495725,4.689865385264137,31.128000000000004,31.16272727272727,31.223973158135905,4.624079503972771,4.651990725359909,4.663050368371344,31.5255,31.21914285714286,31.522529532585974,4.6739857558183635,4.6525799429839845,4.682348229144496,31.90233333333333,31.534064516129035,31.808766928120797,4.703556949381432,4.672538009113712,4.714227007255428,32.431000000000004,32.187775956284156,32.27142043908161,4.802351935538181,4.757686731254628,4.792311056508503,7.947688263447551
2010-01-14,sz000901,31.49,33.17,33.17,31.26,137782,197537728.0,6.07,5.34,1.68,6.21,5.139192484543432,0.32758396958892,31.438,31.826,31.852836135179402,4.747748545927742,4.846460638585679,4.839641085023902,31.351999999999997,31.534000000000002,31.577796220293013,4.682892807891624,4.745647630918211,4.7496216622208145,31.534499999999998,31.375761904761905,31.6794314818635,4.694036488334313,4.696885345719706,4.725857205849158,31.94433333333333,31.615849462365592,31.896588416629136,4.709001858017293,4.70064352751126,4.741644134822397,32.44566666666666,32.21200546448087,32.30088206402975,4.80667369575948,4.768730683681029,4.803684218083419,8.295650054379749
2010-01-15,sz000901,33.1,33.95,33.95,32.83,150566,223579264.0,3.38,2.35,0.78,6.79,5.177726912904192,0.038534428360760486,32.102000000000004,32.663333333333334,32.55189075678627,4.864430890861733,4.989786760911161,4.952336360983999,31.677000000000003,32.00636363636364,32.00910599842155,4.7445649067998525,4.835617468193223,4.827458980526883,31.5995,31.60580952380953,31.895676102638404,4.725671711841686,4.742951100440647,4.768892416044875,32.02733333333333,31.745247311827956,32.029066583298224,4.722500944498951,4.730883853632996,4.769778507601868,32.48083333333333,32.261327868852455,32.35495150455336,4.813946404992785,4.780896362931676,4.815947912995576,8.349431522166194
2010-01-18,sz000901,34.04,33.99,34.62,33.79,132981,201088992.0,2.44,0.12,0.04,6.0,5.123789594466244,-0.053937318437948356,32.75000000000001,33.29266666666667,33.031260504524184,5.005052466214211,5.076239662112666,5.009487438811414,31.972,32.42690909090909,32.36926854416309,4.805004386708374,4.904567411405295,4.881337273970403,31.6685,31.833476190476194,32.09513552143475,4.752784187796635,4.780867089262033,4.802692147323101,32.07633333333333,31.871870967741934,32.15557841663382,4.738436372372456,4.756773443953466,4.79261793256086,32.52066666666666,32.310808743169396,32.408559651945055,4.821235720062174,4.791055156029166,4.8260410828798594,8.303388297128283
2010-01-19,sz000901,34.4,34.22,34.6,33.61,97304,146818048.0,2.91,0.68,0.23,4.39,4.988130693734138,-0.13565890073210607,33.364000000000004,33.782666666666664,33.427507003016125,5.048089640120503,5.070599071285974,5.002368523785655,32.232,32.83563636363636,32.705765172497074,4.830749723887811,4.9378631035917975,4.900754259381991,31.693,32.07647619047619,32.29750356701239,4.752332984624748,4.803281042208462,4.820352961267009,32.10766666666667,32.010172043010755,32.28876690588326,4.746996904605129,4.772882755009059,4.805231659088169,32.555,32.366524590163934,32.46795113876653,4.824748418025846,4.796527122379067,4.831355496350492,8.166779445668793
2010-01-20,sz000901,34.08,32.94,34.51,32.58,93567,138753392.0,5.64,-3.74,-1.28,4.22,4.971122705095782,-0.01700798863835562,33.654,33.641333333333336,33.26500466867742,5.079992478148758,5.044943426277735,4.991953250889031,32.38,32.964363636363636,32.74835332295215,4.871125239641936,4.963385463811428,4.913548522239044,31.642500000000002,32.195238095238096,32.358693703487404,4.756204914705358,4.824118158443799,4.834711984488797,32.08,32.063870967741934,32.33078194421337,4.751004213843063,4.787342484072972,4.8159343072176934,32.546,32.37914754098361,32.48342815061025,4.822698961042682,4.801326279332178,4.8359380277847634,8.142243608795624
2010-01-21,sz000901,33.28,34.08,34.38,32.83,97078,145031440.0,4.71,3.46,1.14,4.38,4.987120820421423,0.015998115325641216,33.836,33.78333333333333,33.536669779118284,5.049578145324356,5.013986207035289,4.990342440733162,32.63699999999999,33.27345454545455,32.99047090059721,4.898663345626049,4.984475569407698,4.926925303726748,31.814999999999998,32.42738095238095,32.52262763648861,4.75492542008934,4.8461101494643755,4.8492271117204755,32.106,32.192903225806454,32.44363472200606,4.759791136646705,4.802575813529639,4.826978598392128,32.570166666666665,32.42944262295082,32.53577476862303,4.823660318672693,4.806717159967548,4.8408948406580965,8.161462159051661
2010-01-22,sz000901,33.5,33.66,34.15,32.58,76950,113402968.0,4.61,-1.23,-0.42,3.47,4.886208624167497,-0.10091219625392611,33.778000000000006,33.724666666666664,33.57777985274552,4.991274487577017,4.959529699983003,4.955631168544607,32.94,33.45945454545455,33.11220346412499,4.927852689219375,4.9822110745970525,4.919522271079611,31.9985,32.60309523809524,32.63094881396588,4.76167459135568,4.858613311757534,4.8527491605249535,32.150999999999996,32.29316129032258,32.522109901231474,4.7628538346649725,4.810731780466464,4.830799890377636,32.58583333333333,32.46517486338798,32.57263461227473,4.826447688091577,4.808767924082131,4.842380538478077,8.054624421127913
2010-01-25,sz000901,33.48,34.17,34.78,33.05,125274,188966064.0,5.14,1.52,0.51,5.65,5.097860944671626,0.21165232050412897,33.81400000000001,33.855333333333334,33.77518656849702,4.986088757618093,4.995058519014539,5.003041093920281,33.282,33.68309090909091,33.30453010701135,4.995570611916152,5.013121666497462,4.951947484459978,32.1765,32.80990476190476,32.7775251173977,4.785531694143588,4.890631059692386,4.8760931399674945,32.204,32.42341935483871,32.62842539147461,4.7794909745897565,4.832345142402378,4.8480296358159585,32.60333333333333,32.51711475409836,32.62500724793785,4.830590837801603,4.8176667193798375,4.850756945238521,8.276383817184563
2010-01-26,sz000901,34.15,33.5,34.8,32.45,134867,201726736.0,6.88,-1.96,-0.67,6.08,5.1299056971059915,0.03204475243436544,33.67,33.75066666666667,33.68345771233135,5.0144437582924635,5.042997498843838,5.045329294982185,33.517,33.72272727272727,33.34007008755474,5.031266699206484,5.0375462274410685,4.984303523122889,32.311,32.93595238095238,32.84633224907411,4.814877620577847,4.923428583784043,4.900265764456876,32.219,32.50703225806451,32.684656011379474,4.791253326885183,4.854952543855038,4.866215188157251,32.5995,32.546513661202184,32.65369553489071,4.8347554325388975,4.827480321324244,4.8599093633325365,8.304763461563178
2010-01-27,sz000901,32.92,31.04,33.05,30.19,81314,112795336.0,8.54,-7.34,-2.46,3.67,4.910165325413293,-0.21974037169269867,33.290000000000006,32.873999999999995,32.802305141554235,5.0022522823559665,5.008238021217449,5.000274638459222,33.471999999999994,33.272363636363636,32.921875526181154,5.041122380252363,5.015527795842306,4.970823850812052,32.3,32.814904761904764,32.674300606305145,4.832600942112566,4.932503603292181,4.901208579786059,32.17433333333334,32.43096774193549,32.57854917193564,4.796364630629696,4.862624285695562,4.869050680883447,32.587666666666664,32.495382513661205,32.60078748456642,4.835363312482202,4.829952776828321,4.8615570997942,8.052291142277284
2010-01-28,sz000901,30.7,31.91,32.09,30.5,39920,55114276.0,5.12,2.8,0.87,1.8,4.601190532615333,-0.3089747927979598,32.856,32.414,32.504870094369494,4.925066224794748,4.8745507713039045,4.867246603177925,33.346,32.98836363636364,32.73789815778458,4.987322185059552,4.935540187181029,4.903617792958103,32.349000000000004,32.7777619047619,32.601510072371326,4.835107496475588,4.910464516673396,4.872635432436465,32.138333333333335,32.41391397849462,32.53541696729464,4.791798387242726,4.850032408404312,4.851769380995182,32.5835,32.47316393442623,32.57813871458063,4.833728010992655,4.822274980767113,4.853020491034237,7.741264106746104
2010-01-29,sz000901,31.71,32.02,32.23,31.37,49341,69363712.0,2.7,0.34,0.11,2.22,4.693207947141575,0.09201741452624201,32.528000000000006,32.135333333333335,32.34324672957967,4.886466089389564,4.797264678752847,4.809233717832475,33.153,32.74727272727273,32.60737122000556,4.93887028848329,4.882064871195943,4.865361457355098,32.415000000000006,32.746428571428574,32.54612816071692,4.841717597641571,4.896950273879681,4.855547100503619,32.117333333333335,32.406279569892476,32.502164259727245,4.796737904055553,4.843671734849399,4.841539611069143,32.60916666666667,32.45468852459017,32.55983908459438,4.831913893342053,4.81766776555888,4.847780735496773,7.841132326365217
2010-02-01,sz000901,31.82,31.24,32.27,30.61,40075,55583060.0,5.18,-2.44,-0.78,1.81,4.602873531026183,-0.09033441611539228,31.942000000000007,31.706,31.975497819719777,4.787468606660475,4.702733825965053,4.740446988897045,32.878,32.39945454545455,32.35875827091364,4.886778682139284,4.820974551658287,4.817636379840749,32.425,32.63452380952381,32.421735002553405,4.84589153442383,4.874203219916311,4.831482951029578,32.071666666666665,32.34967741935484,32.420734307486775,4.797449019244185,4.831164355944279,4.8261417994534686,32.61933333333333,32.40979781420765,32.51656567198473,4.831401789958025,4.810158245482951,4.839750991087901,7.744942452202652
2010-02-02,sz000901,31.02,31.4,31.75,30.81,29412,40705612.0,3.01,0.51,0.16,1.33,4.468524557299703,-0.13434897372648003,31.522000000000002,31.525333333333332,31.78366521314652,4.655192378699217,4.596419142844795,4.649806178364598,32.596,32.13072727272727,32.18443858529297,4.83481806849584,4.7449283471419985,4.754161503015104,32.414,32.536904761904765,32.32442690707212,4.832783896191826,4.838263507809251,4.796915484960066,31.993999999999996,32.306344086021504,32.354880481197306,4.7798280125817785,4.809943422915602,4.803069719314516,32.62083333333333,32.36981967213115,32.47995696142785,4.826248586936193,4.798260631297432,4.827579632603042,7.609654288650641
2010-02-03,sz000901,31.51,31.71,31.78,30.34,40419,55949072.0,4.59,0.99,0.31,1.82,4.60658556450204,0.13806100720233694,31.656000000000006,31.588,31.759110142097683,4.594476426516967,4.580216871445737,4.635399307077078,32.473,31.96963636363636,32.09817702433061,4.798364354436467,4.703431528234035,4.727329514194547,32.426500000000004,32.469857142857144,32.26591005877954,4.8347447970392015,4.816720809553082,4.778788825868825,31.91933333333333,32.28802150537634,32.313275288861995,4.770258061282394,4.798766490781426,4.79039332222984,32.60666666666667,32.339956284153004,32.454712470889234,4.82110423340845,4.791058564988116,4.820333925452189,7.747792887493116
2010-02-04,sz000901,31.58,32.25,32.9,31.17,63749,90818376.0,5.46,1.7,0.54,2.87,4.8044733765901,0.1978878120880605,31.724,31.785999999999998,31.92274009473179,4.6351329953119205,4.650215854803448,4.691757330248086,32.290000000000006,31.929090909090906,32.12578120172505,4.780099610053334,4.704542259534696,4.7413556709937374,32.463499999999996,32.45304761904762,32.26439481508625,4.839381477839692,4.813837817129357,4.781234973556566,31.973333333333333,32.30935483870968,32.309193012161224,4.7633168167440045,4.800973930478697,4.791301712833729,32.60483333333333,32.32826229508196,32.44800058659778,4.82161385466062,4.790513290994072,4.819813907456711,7.958173731648359
2010-02-05,sz000901,31.75,31.49,31.78,30.97,42310,58605460.0,2.51,-2.36,-0.76,1.91,4.6264430253312945,-0.17803035125880573,31.618000000000002,31.707999999999995,31.77849339648786,4.621780010949864,4.647319198143238,4.669985895275822,32.073,31.78363636363636,32.01018461959322,4.7541230501697145,4.676604698676143,4.720462462691475,32.5065,32.36033333333333,32.19064292793517,4.840987869694544,4.79355796450951,4.766492883249397,32.02333333333333,32.27817204301075,32.25634185008631,4.759157410960358,4.79214336329078,4.780665668478734,32.58466666666667,32.29171038251366,32.41659073129949,4.817063856269775,4.784114247409504,4.813473878534566,7.767938079113802
2010-02-08,sz000901,31.49,30.93,31.69,30.86,19146,26333210.0,2.64,-1.78,-0.56,0.86,4.282078054577154,-0.34436497075414074,31.556,31.478666666666662,31.49566226432524,4.557620915660058,4.534085212685668,4.540683281709599,31.748999999999995,31.57581818181818,31.813787416030813,4.672544761160266,4.590778335841132,4.640756206670689,32.515499999999996,32.210190476190476,32.07058169670325,4.83405768653821,4.740328458307854,4.720358137661564,32.034,32.207634408602146,32.17077140814526,4.747869383149147,4.761364049975735,4.748498725646374,32.556666666666665,32.237459016393444,32.36785005158475,4.808057996783073,4.7665737293212205,4.796051064634323,7.420503802528569
2010-02-09,sz000901,30.63,30.86,31.37,30.59,15227,20785762.0,2.52,-0.23,-0.07,0.69,4.18261434773635,-0.09946370684080375,31.448,31.246666666666666,31.283774842883496,4.500438873747387,4.409083023377765,4.4213269703851825,31.484999999999996,31.414181818181813,31.640371522207026,4.577815626223303,4.501700078854966,4.557457686864446,32.501,32.052523809523805,31.955288201779133,4.804541162714893,4.67828623556482,4.669144443382972,32.035666666666664,32.13189247311828,32.086205510845566,4.735856955792999,4.7248959831749096,4.711990056103792,32.51716666666667,32.1818306010929,32.318412344975414,4.79542529847674,4.746067380172147,4.775938385391766,7.317765950243686
2010-02-10,sz000901,31.24,31.04,31.26,30.79,20398,27927438.0,1.52,0.58,0.18,0.92,4.309587587448228,0.12697323971187835,31.314000000000004,31.110666666666663,31.20251656192233,4.441039278336625,4.345465927944713,4.384080509406198,31.485000000000003,31.333272727272725,31.53121306362393,4.517757852426796,4.452931344532225,4.512390396061497,32.4785,31.913380952380955,31.868117896847785,4.779440116339578,4.631147799825137,4.634900933293949,32.028333333333336,32.0676559139785,32.0187083811136,4.727653245550643,4.697394733604279,4.686028606513111,32.476166666666664,32.133398907103825,32.276497186123756,4.782798158788001,4.730138274892524,4.760648195295256,7.446031096334816
2010-02-11,sz000901,31.04,30.7,31.19,30.7,18268,24938280.0,1.58,-1.1,-0.34,0.82,4.261691002934963,-0.04789658451326506,31.004,30.906000000000002,31.035011041281557,4.332482803605598,4.285683169477492,4.34328400724912,31.363999999999997,31.190545454545454,31.380083415692305,4.483807899458759,4.40637373553371,4.466808688220309,32.355000000000004,31.744,31.756868573338473,4.7355650422591555,4.581838360453269,4.599357130402617,32.02066666666666,31.981956989247312,31.933630421041755,4.718007630803311,4.667332653435525,4.658651986927425,32.413333333333334,32.07516393442623,32.22480875379183,4.767265918528704,4.713052794372753,4.744288943086722,7.3968664967660915
2010-02-12,sz000901,31.11,30.99,31.11,30.75,16671,22816934.0,1.17,0.94,0.29,0.75,4.221961651505041,-0.039729351429921955,30.904000000000003,30.901333333333334,31.020007360854372,4.251586528840347,4.248842785443973,4.302843222001094,31.261000000000003,31.12254545454545,31.309159158293703,4.436683269895106,4.358765326814852,4.422291045181169,32.207,31.614,31.68383347111576,4.687776779189198,4.53292375181002,4.563414703840944,32.03033333333333,31.9154623655914,31.872751039039063,4.7067061550594165,4.635329687029184,4.630478416900175,32.367333333333335,32.02849726775956,32.18432322088062,4.754139469015318,4.695173965945747,4.727163458116831,7.3582572861672055
2010-02-22,sz000901,30.59,31.06,31.35,30.59,24610,33812528.0,2.45,0.23,0.07,1.11,4.391111613702803,0.16914996219776146,30.93,30.95333333333333,31.03333824056958,4.273393240665477,4.2953511470647925,4.332266019234997,31.243000000000002,31.086000000000002,31.26385749314939,4.415507078162768,4.3504795711435245,4.416622057639647,32.0605,31.50476190476191,31.62442075958093,4.651142880151026,4.504669926525602,4.54700488573255,32.031,31.85286021505376,31.820315488133318,4.702430049003476,4.6149687488771445,4.615035397339054,32.32666666666667,31.98563387978142,32.1474601644583,4.745261963229885,4.683271413312551,4.716145364857354,7.529077642088071
2010-02-23,sz000901,31.04,31.69,31.8,30.81,46017,63822500.0,3.19,2.03,0.63,2.08,4.662918302165862,0.2718066884630588,31.096000000000004,31.206666666666667,31.252225493713055,4.3694540315513795,4.425192834231586,4.442483446878619,31.272000000000002,31.167272727272728,31.34133794894041,4.434946452649383,4.3954634300531765,4.461403193008049,31.934000000000005,31.46947619047619,31.630666401525602,4.634882260572612,4.505791395288919,4.5580442587261984,32.03333333333333,31.830860215053765,31.811908037286006,4.700171415011012,4.61241960391988,4.618124617005299,32.289,31.964759562841532,32.132461470541635,4.740076496725591,4.680571621146517,4.714400215260912,7.804973812000076
2010-02-24,sz000901,31.55,31.91,32.0,31.28,49732,69568120.0,2.27,0.69,0.22,2.24,4.696635924977212,0.03371762281135027,31.270000000000003,31.478,31.47148366247537,4.446863699057177,4.5342534653735305,4.52720093957815,31.291999999999994,31.283272727272728,31.44473104913306,4.443951488696901,4.443043334112783,4.504172780638806,31.8825,31.46719047619047,31.657269601380307,4.621157921566684,4.511672696660786,4.571243465035819,32.04833333333333,31.82290322580645,31.81823655100949,4.704480360925101,4.612191507788667,4.623189862680907,32.26016666666666,31.952333333333335,32.125167651835355,4.73625414630261,4.679147340105586,4.713817779513906,7.842410267197552
2010-02-25,sz000901,31.91,32.09,32.38,31.78,59232,83941248.0,1.88,0.56,0.18,2.67,4.77255639707281,0.07592047209559816,31.548000000000002,31.75133333333333,31.677655774983585,4.549036777884746,4.642817698045409,4.60898609207637,31.276,31.42836363636364,31.562052676563415,4.4407597907451715,4.502789681090221,4.552969801808624,31.783000000000005,31.48695238095238,31.698482020296467,4.610429700399253,4.52609159908994,4.590416125229817,32.06766666666667,31.82559139784946,31.835769676750814,4.706507582141518,4.616583510120777,4.632826413286836,32.224333333333334,31.946754098360653,32.12401461407026,4.732974707818619,4.680337577835758,4.715743635827312,7.923975421814765
2010-02-26,sz000901,32.09,32.74,33.17,31.89,99955,144515152.0,3.99,2.03,0.65,4.51,4.999804523497631,0.22724812642482117,31.898000000000003,32.14866666666667,32.031770516655726,4.704605352283264,4.793073613249704,4.739258902550124,31.401,31.69454545454546,31.776224917188248,4.478095940561805,4.604434177954304,4.634212478479352,31.737000000000002,31.57809523809524,31.79767420883966,4.61610949536576,4.563174915575502,4.629405496493418,32.138,31.86896774193548,31.89410711696044,4.720023893316965,4.635505893434076,4.656502420397211,32.186166666666665,31.963661202185794,32.144210856231894,4.730880312327965,4.68908609638261,4.725057107554208,8.159913384013038
2010-03-01,sz000901,32.74,32.9,33.32,32.4,69747,101175192.0,2.81,0.49,0.16,3.15,4.843525532211363,-0.15627899128626854,32.266000000000005,32.48266666666667,32.32118034443715,4.795088135984975,4.839380339892403,4.774014445770537,31.598000000000003,31.96709090909091,31.980547659517654,4.534240688325227,4.6708759218905875,4.672269397339717,31.6735,31.688857142857145,31.902657617521594,4.603392724742746,4.584833585751273,4.649797880847508,32.209666666666664,31.918129032258065,31.959003431995253,4.734118687133882,4.643473741104682,4.668568427611027,32.135,31.987065573770497,32.16899082815872,4.725847958123252,4.692779382280427,4.728941318198705,8.005074037224329
2010-03-02,sz000901,33.03,33.35,33.88,32.38,124802,183291216.0,4.56,1.37,0.45,5.63,5.096221545138104,0.2526960129267417,32.598,32.844,32.66412022962477,4.8817487845794245,4.939758142943447,4.881416812226393,31.847,32.285636363636364,32.22953899415081,4.6256014080654015,4.7730542594929295,4.7493516060303325,31.666000000000004,31.848523809523808,32.0404997491862,4.601708517144352,4.631769663884164,4.692314420303755,32.283,31.991698924731182,32.04874514606008,4.7448945778317295,4.666835215814631,4.696158951322452,32.13733333333333,32.02690163934426,32.207712440350235,4.72483513229037,4.7049227785759955,4.740983292852455,8.263141652446459
2010-03-03,sz000901,33.28,34.17,34.4,33.05,153476,230421056.0,4.05,2.46,0.82,6.92,5.186040471783999,0.08981892664589441,33.050000000000004,33.368,33.166080153083186,4.979629693940781,5.041188705344971,4.982958032078928,32.160000000000004,32.708000000000006,32.582350086123384,4.713246696498979,4.874952271078129,4.828749581621908,31.8225,32.086999999999996,32.24330929688276,4.615502274462887,4.6874203262307965,4.7393359490161595,32.37233333333334,32.11344086021506,32.185600297927174,4.757375643059379,4.695296241230907,4.727764210707069,32.13733333333333,32.09354644808743,32.27204973738793,4.7304662962204045,4.720044265116769,4.755575331505948,8.362522162627839
2010-03-04,sz000901,34.51,32.36,34.51,32.18,121713,178638144.0,6.82,-5.3,-1.81,5.49,5.085336967110446,-0.10070350467355293,33.104000000000006,33.138,32.89738676872213,5.042185807948309,5.076424463068193,5.017084343756101,32.326,32.74436363636364,32.541922797737314,4.7956112929165275,4.942605047552941,4.875401833528915,31.845,32.13819047619047,32.254422697179635,4.639709596187643,4.732166487435325,4.772288426929901,32.34533333333333,32.11264516129032,32.19685189160929,4.755580459144946,4.716455036330976,4.750833420797609,32.14483333333333,32.10084699453552,32.274933352555536,4.73229115858112,4.731679369080377,4.766387188411014,8.25197419788948
2010-03-05,sz000901,32.38,32.36,32.79,32.11,55320,79372960.0,2.1,0.0,0.0,2.49,4.742882171437273,-0.3424547956731727,33.028000000000006,32.89,32.718257845814755,4.9908013375362374,4.976656584231181,4.925683619649825,32.463,32.75054545454546,32.50884592542144,4.847703344909751,4.9330179345567124,4.851307349512252,31.862000000000002,32.1872380952381,32.264477678400624,4.642193307402428,4.741992446982909,4.769487831168698,32.29233333333333,32.11359139784946,32.2073775760216,4.741085634429383,4.715635791962738,4.750320436967911,32.15983333333333,32.10790163934426,32.27772242296355,4.731793289464167,4.73202661540353,4.765616532116793,7.899672576446449
2010-03-08,sz000901,32.36,32.49,32.83,32.27,40340,57755728.0,1.73,0.4,0.13,1.82,4.605735893876747,-0.1371462775605261,32.946000000000005,32.71066666666666,32.64217189720984,4.943243409869313,4.848301436344684,4.819034377725465,32.606,32.75545454545455,32.50541939352663,4.869165772927145,4.889023852550712,4.80665799394216,31.924500000000002,32.24704761904762,32.28595599474342,4.642336425544956,4.738520312361417,4.753892408569465,32.242333333333335,32.12634408602151,32.2256112807944,4.723817177743066,4.706903550636762,4.740992401929772,32.15933333333333,32.11872677595628,32.28468234352212,4.731126775057761,4.7278935860400075,4.7603745439777745,7.7615950624244565
2010-03-09,sz000901,32.49,31.96,32.49,31.55,48237,67811024.0,2.89,-1.63,-0.53,2.18,4.683380289928945,0.07764439605219842,32.668000000000006,32.382,32.414781264806564,4.8606751588274815,4.761680396364562,4.773816348459959,32.632999999999996,32.638000000000005,32.40625223106724,4.871211971703453,4.855244673823767,4.784243865939757,31.952499999999997,32.25042857142857,32.254912566672616,4.653079212176418,4.742429251826558,4.747176968698939,32.167,32.10812903225806,32.20847506913025,4.713658830949559,4.704294719164884,4.737275491478106,32.13733333333333,32.1121912568306,32.27403702078369,4.730327867777345,4.726328127511194,4.757850142205681,7.831300302616085
2010-03-10,sz000901,31.96,31.51,32.16,31.28,34125,47769016.0,2.75,-1.41,-0.45,1.54,4.533072660048813,-0.1503076298801327,32.136,31.996,32.11318750987105,4.730081596480445,4.652479563438338,4.693568452322911,32.593,32.43381818181818,32.2432972799641,4.8548556452106135,4.7937647989774685,4.738576373959585,31.942499999999995,32.208285714285715,32.1839685127038,4.649403566953756,4.731000056385834,4.7267860821608325,32.11933333333334,32.065741935483864,32.163412161444434,4.699057162781327,4.69264399846161,4.724101115256861,32.099666666666664,32.09162295081967,32.24898662665963,4.725030688312196,4.719860743651243,4.750480388692342,7.679146295288553
2010-03-11,sz000901,31.31,31.73,31.93,31.31,27912,39037004.0,1.97,0.7,0.22,1.26,4.445790956440055,-0.08728170360875787,32.010000000000005,31.860666666666663,31.985458339914032,4.602172394346367,4.557716016758208,4.610975953695292,32.557,32.27690909090909,32.149970501788815,4.822179101147338,4.719389401019186,4.685342661683307,31.916499999999996,32.188047619047616,32.14073341625582,4.631469445946254,4.711608379194053,4.700024641615996,32.041000000000004,32.040623655913976,32.135450086512535,4.681012833981948,4.676304243213786,4.7061456211396475,32.073499999999996,32.07950273224044,32.23197067168718,4.720401985314327,4.710705342606254,4.7404905712414465,7.591476479174047
2010-03-12,sz000901,31.75,31.11,31.93,31.02,31499,43611816.0,2.87,-1.95,-0.62,1.42,4.498296766444343,0.052505810004288556,31.76,31.56066666666667,31.693638893276024,4.553255313347781,4.5230908074575344,4.573416224611643,32.394,32.01381818181818,31.96088495600903,4.772028325442009,4.660501703800459,4.6513343170944035,31.897499999999997,32.11123809523809,32.04256832899336,4.625062133001907,4.698925266860537,4.68081246302822,31.956000000000003,31.980559139784944,32.069292016414956,4.668082438724509,4.664516109824263,4.692736017610919,32.0535,32.04791256830602,32.195184748025305,4.71546813669474,4.703423204282648,4.732549790756295,7.639604171111825
2010-03-15,sz000901,31.04,31.35,31.49,30.59,25402,34982212.0,2.89,0.77,0.24,1.15,4.404867911689591,-0.0934288547547526,31.532000000000004,31.424,31.579092595517352,4.513081716910349,4.473628340238137,4.517233453637626,32.239,31.824,31.849814964007383,4.728162563389832,4.593745264936382,4.606522243384437,31.9185,32.05909523809524,31.976609440517805,4.631201625857528,4.677954388640317,4.654532029567398,31.862,31.941462365591402,32.02288607987206,4.644982670958441,4.647534527434914,4.674163881745026,32.033,32.024846994535515,32.16747377268021,4.7122368227740985,4.693239590348054,4.7218061225901735,7.543847267378823
2010-03-16,sz000901,31.35,31.44,31.49,31.08,15557,21500288.0,1.31,0.29,0.09,0.7,4.191925851711436,-0.21294205997815485,31.428000000000004,31.393333333333338,31.53272839701157,4.414790829266847,4.366576385171833,4.408797586328896,32.048,31.678727272727276,31.775303152369673,4.637732994047164,4.496247680994857,4.5311410812620725,31.9475,32.013523809523804,31.92550377951611,4.631667201056283,4.636118600626403,4.6104742983430205,31.793333333333333,31.91423655913979,31.985280526331927,4.613716676111957,4.61830505522543,4.6430517507751174,32.006166666666665,32.0054043715847,32.14362217357594,4.7024850014985695,4.676180214247639,4.704432998954805,7.3324442774027245
2010-03-17,sz000901,31.64,32.05,32.07,31.49,40449,56897864.0,1.84,1.94,0.61,1.82,4.606907789240003,0.4149819375285668,31.536,31.600666666666665,31.705152264674382,4.429557855105085,4.430615371829552,4.474834320632599,31.836000000000002,31.679090909090906,31.825248033757003,4.579819725792765,4.4906430983026455,4.544916846348968,31.998,32.02328571428571,31.937360562419336,4.646533211145872,4.633760561405805,4.6101346308094,31.826999999999998,31.930795698924726,31.989455976245996,4.6036080915728474,4.617865772201431,4.640719882288981,32.00066666666667,32.00684153005465,32.14055259411443,4.6999863611012715,4.673046535157193,4.701235451095303,7.755095962872653
2010-03-18,sz000901,32.16,31.89,32.31,31.67,34243,48399264.0,2.0,-0.5,-0.16,1.54,4.5345718058407405,-0.07233598339926228,31.568000000000005,31.718666666666664,31.766768176449588,4.447314024985223,4.46562002207477,4.49474681570198,31.788999999999998,31.68890909090909,31.837021118528455,4.524743209665795,4.482416203765914,4.543035929892927,32.0575,32.013000000000005,31.932850032665115,4.660177251291161,4.623097570424364,4.602938171288575,31.82633333333333,31.93486021505377,31.983039461649483,4.601387467347027,4.6134118182832315,4.633871619292321,31.982333333333333,32.00321311475409,32.13233775496314,4.696592927294876,4.6676231071158645,4.695771069283677,7.684838757446705
2010-03-19,sz000901,32.07,32.54,32.72,32.05,49810,71221296.0,2.1,2.04,0.65,2.25,4.697316541732383,0.16274473589164273,31.854000000000003,32.04266666666667,32.02451211763306,4.4871179800428305,4.548954194323823,4.562270057712114,31.807,31.825454545454548,31.96483546061419,4.520186646695306,4.513793173232566,4.571086950227373,32.135,32.058952380952384,31.99067383907796,4.683944995802529,4.626634645704481,4.611926587521319,31.843666666666667,31.980903225806454,32.018972399607584,4.601524420500054,4.619600790824222,4.637964840094906,31.980500000000003,32.021497267759564,32.14570373021025,4.699131162277804,4.667646832179389,4.695821740511503,7.852609872181923
2010-03-22,sz000901,32.81,32.45,32.83,32.23,36041,51692564.0,1.84,-0.28,-0.09,1.63,4.556796832486183,-0.14051970924619983,32.074,32.24133333333334,32.166341411755376,4.517503764202148,4.572180478471608,4.560445649303471,31.802999999999997,31.942363636363634,32.053047195047974,4.51529274055625,4.52044957064909,4.568488747001702,32.2045,32.088952380952385,32.0344191877372,4.6922292567416966,4.6145252968172095,4.60667613466083,31.884,32.02002150537635,32.04678063189097,4.59998853054872,4.616715139984619,4.6327281944427305,31.97783333333333,32.036890710382515,32.1556806570886,4.698718774896452,4.662980132841959,4.691263546805755,7.713428074118456
2010-03-23,sz000901,32.4,31.75,32.7,31.55,36841,52322384.0,3.54,-2.16,-0.7,1.66,4.566331410031534,0.009534577545350587,32.136,32.13333333333333,32.02756094117025,4.592384875866168,4.588456360414736,4.562407569546159,31.782,31.932727272727274,31.99794770503925,4.503587852566508,4.529729328735504,4.568096503916216,32.207499999999996,32.04566666666667,32.007331646047945,4.68739991213498,4.602535025701957,4.6028337799342305,31.895666666666667,32.011376344086024,32.027633494349615,4.603248758973114,4.614543712854476,4.628444530932331,31.94483333333333,32.029420765027325,32.14237965193816,4.691538385777447,4.658639563502126,4.687167411173813,7.718687523818832
2010-03-25,sz000901,31.82,31.4,31.82,31.33,30651,42563452.0,1.54,-1.1,-0.35,1.38,4.486444648100676,-0.07988676193085809,32.006,31.887999999999998,31.818373960780168,4.568292247638303,4.553142951159572,4.537086595730998,31.771000000000004,31.863272727272726,31.889229940486658,4.498925051371694,4.52661238246899,4.553250711949754,32.182,31.968761904761912,31.949490536900523,4.6768903482911535,4.58339642912726,4.591749100711986,31.885333333333335,31.979397849462366,31.987141010843192,4.599244061759736,4.607007963765932,4.6192832481689985,31.90233333333333,32.01155737704918,32.118039335481164,4.684751061521066,4.651915178660263,4.680586336974693,7.629036843059457
2010-03-26,sz000901,31.33,31.73,31.91,31.31,28562,39804236.0,1.91,1.05,0.33,1.29,4.455788614818158,-0.030656033282517647,31.974,31.795999999999996,31.78891597385345,4.552535609433787,4.515641740219523,4.509987268760051,31.770999999999997,31.85581818181818,31.860279042216355,4.499924817209505,4.5187693940047104,4.5355303306531,32.164,31.925714285714285,31.92858667624333,4.661051959178421,4.562339121177452,4.578800483007813,31.868,31.969376344086022,31.970551268208148,4.5876212363673385,4.597752773640669,4.608735207307654,31.920666666666666,32.00590710382514,32.105316734317846,4.675469026555671,4.644408213194596,4.673215919854806,7.599929292514195
2010-03-29,sz000901,31.82,31.67,31.93,31.33,36896,51546280.0,1.89,-0.19,-0.06,1.66,4.566979285614605,0.11119067079644651,31.800000000000004,31.694666666666667,31.749277315902305,4.526468158210231,4.520456298946462,4.528984607711569,31.826999999999998,31.837454545454545,31.82568285272247,4.506793069126531,4.530961115532911,4.541248322464282,32.110499999999995,31.87866666666666,31.903959373743966,4.63941069728427,4.553379818933278,4.57767465468465,31.874000000000002,31.95660215053764,31.951160863807623,4.5856391117101145,4.596421034882428,4.606041276875845,31.948666666666668,31.997688524590163,32.091044054504145,4.672398261335236,4.640851172508003,4.669732751519063,7.712197328518316
2010-03-30,sz000901,31.64,32.25,32.34,31.49,45320,64266988.0,2.68,1.83,0.58,2.04,4.65628990119136,0.08931061557675513,31.76,31.84466666666667,31.916184877268204,4.546366771951267,4.563730213273505,4.571419705538166,31.916999999999994,31.914363636363635,31.902831424954744,4.531935268076708,4.558142357726516,4.5621649731419325,32.077999999999996,31.891952380952386,31.93691562386359,4.63004891573327,4.5549873621625245,4.585161821018621,31.918000000000003,31.980860215053763,31.970440808078102,4.5981128399305895,4.60097915033283,4.609283123605879,31.976000000000003,32.007568306010924,32.09625572484827,4.672991111539868,4.640323029552466,4.669292002327991,7.80798794631413
2010-03-31,sz000901,32.25,32.05,32.25,31.71,31787,44820964.0,1.67,-0.62,-0.2,1.43,4.502249541915224,-0.15404035927613613,31.820000000000004,31.941333333333333,31.960789918178804,4.533550398328005,4.549024469928158,4.548362984330518,31.977999999999998,31.93854545454545,31.929589347690243,4.562967637097087,4.552744952969881,4.55127125837344,32.013,31.889285714285716,31.947685564448008,4.600350315572126,4.542815993227473,4.577265413484965,31.957666666666668,31.989376344086022,31.97557365916984,4.6087673464032175,4.594794421428614,4.6023777312387395,31.996666666666666,32.00999453551913,32.0947391437057,4.672312151098109,4.6347249453024775,4.663815200347244,7.651481193015158
2010-04-01,sz000901,32.18,32.47,32.65,31.84,60038,85678936.0,2.53,1.31,0.42,2.71,4.778426216492103,0.2761766745768792,32.034000000000006,32.158,32.130526612119205,4.5919467120062905,4.630649742649524,4.62505072838438,32.02,32.028,32.02784582992838,4.580119479822296,4.591919240132611,4.59257215984956,31.927999999999997,31.932809523809524,31.997429796405342,4.579969602807531,4.559775602838899,4.596423585199931,32.00533333333333,32.02243010752689,32.00747213277179,4.62439530070468,4.605740154982736,4.613735698029279,32.01683333333333,32.02551366120219,32.107042778338304,4.676024273127663,4.638204094987526,4.667572938581502,7.932874064590863
2010-04-02,sz000901,32.52,32.83,33.17,32.4,74558,108134056.0,2.37,1.11,0.36,3.36,4.872494249659584,0.09406803316748125,32.254000000000005,32.42333333333333,32.36368440807947,4.675287838974574,4.724165588533955,4.707531902142781,32.114000000000004,32.17527272727273,32.17369204266868,4.613911724204181,4.645078289193938,4.643467085269564,31.9515,32.01871428571429,32.07672219674769,4.569327466934988,4.587635093015285,4.622716029434184,32.07633333333334,32.07563440860215,32.060538446786516,4.644755408928834,4.621746538786277,4.63042979813446,32.048500000000004,32.05217486338798,32.130746293802616,4.681381519866073,4.644645733562343,4.674291670092259,8.033962493246369
2010-04-06,sz000901,32.99,32.63,33.12,32.43,43862,63228960.0,2.1,-0.61,-0.2,1.98,4.6420884305599435,-0.23040581909964075,32.446000000000005,32.54866666666667,32.452456272052984,4.690309667963643,4.713099119062411,4.685717411615169,32.123000000000005,32.269090909090906,32.25665712581983,4.608388913086937,4.650201326713167,4.6432164207769056,31.964999999999996,32.083333333333336,32.129415320866954,4.564287779891122,4.594564708598614,4.624561020017589,32.131,32.11135483870967,32.09727790183255,4.658759634897331,4.621574475665705,4.631181967968363,32.080666666666666,32.07124043715847,32.1471152677763,4.682732894978374,4.643357435552307,4.673235826173166,7.800916038527188
2010-04-07,sz000901,32.76,32.83,33.01,32.43,42677,61673676.0,1.78,0.61,0.2,1.92,4.630193882888373,-0.011894547671570166,32.562,32.67666666666666,32.57830418136866,4.6850904643030455,4.693060524037321,4.667209568706237,32.161,32.39763636363636,32.360901284761674,4.6157286181271555,4.654165866677064,4.640848686615354,31.982,32.16571428571428,32.19613767126058,4.565510679341703,4.6008414803126385,4.62509748314814,32.19,32.156451612903226,32.14455029526271,4.666729043870183,4.61973152392319,4.631118220543848,32.1105,32.09580874316941,32.169504931127896,4.68457954643683,4.641634844991979,4.671824614917927,7.7900998349016835
2010-04-08,sz000901,32.83,33.05,33.55,32.45,65853,96235392.0,3.35,0.67,0.22,2.97,4.8185755644727175,0.1883816815843442,32.762,32.839333333333336,32.73553612091244,4.748355668814544,4.737555557427212,4.717664900628398,32.291000000000004,32.55927272727273,32.48619196025955,4.640953033571274,4.691047129648984,4.673162664407602,32.036500000000004,32.26742857142857,32.27745789304529,4.572270443068891,4.624942897944163,4.643523967083815,32.23533333333334,32.21193548387097,32.20296640524576,4.671917619280412,4.6295280736394835,4.643212242732807,32.13433333333333,32.12661202185792,32.19837362191059,4.686044517145712,4.646028157058729,4.6766361214607075,7.983334819684201
2010-04-09,sz000901,33.14,34.42,34.47,32.92,166692,249949184.0,4.69,4.15,1.37,7.52,5.221914757361144,0.4033391928884269,33.152,33.392,33.297024080608296,4.837053376988353,4.895408586942746,4.88574818620598,32.593,32.94636363636364,32.83779342203054,4.7145000444973215,4.7966765339744155,4.772935772217337,32.182,32.49442857142857,32.48150952227907,4.606712547934508,4.686813785019616,4.698608804253085,32.319,32.352881720430105,32.34600083071378,4.68942691369321,4.665011759967273,4.680547888837862,32.18366666666667,32.201551912568306,32.27121383102828,4.6969536373091545,4.663597673131367,4.694514109523016,8.397851723265541
2010-04-12,sz000901,34.38,35.34,35.47,34.17,204164,316624160.0,3.78,2.67,0.92,9.21,5.30997916586214,0.08806440850099584,33.654,34.12133333333334,33.97801605373887,4.924550360228864,5.053050516567341,5.027158512758033,32.954,33.44581818181818,33.292740072570446,4.79991909960172,4.9049454651316555,4.870580025607301,32.3625,32.79519047619047,32.75374671063344,4.649921958405612,4.753791558155581,4.756834552977757,32.42733333333334,32.54778494623656,32.53916206744192,4.707341005986186,4.7050473891394615,4.7211563583233,32.247499999999995,32.30503825136612,32.37182977099456,4.706924294063852,4.683696870788841,4.714693291698069,8.500544050622217
2010-04-13,sz000901,35.41,33.99,35.52,33.17,154012,233358144.0,6.65,-3.82,-1.35,6.94,5.187554560646506,-0.12242460521563459,33.926,34.233333333333334,33.98201070249258,5.033643586246177,5.140718583373222,5.080623862054191,33.186,33.63418181818182,33.41951460483036,4.86197662710491,4.975424639867071,4.928211759250792,32.5065,32.950190476190485,32.871485119144545,4.68438484811572,4.804994663130905,4.797855506089066,32.469,32.64860215053764,32.63276451470374,4.713599340557816,4.7360289087949665,4.751246564924797,32.3035,32.3621693989071,32.42488453260129,4.716811616937391,4.699455240184994,4.7301969398603125,8.368022961992303
2010-04-14,sz000901,34.22,34.33,35.85,33.99,159731,245061632.0,5.47,1.0,0.34,7.2,5.203389210580671,0.015834649934165057,34.226,34.368,34.09800713499506,5.148282651784635,5.197300458151387,5.121545644896351,33.394,33.84218181818182,33.58505740395211,4.916686558043841,5.037499655044482,4.978244023128951,32.6555,33.12385714285714,33.01039129827364,4.7243109130602745,4.854423650032328,4.836477763659695,32.516666666666666,32.76866666666666,32.742263578271235,4.72559479650346,4.767628255248054,4.780417058192918,32.363166666666665,32.42861202185793,32.48734733481108,4.72985674181867,4.715408603911002,4.745711440539669,8.389275321390661
2010-04-15,sz000901,34.4,35.27,35.61,33.68,149491,230575648.0,5.62,2.74,0.94,6.74,5.17461504705514,-0.028774163525530305,34.67,34.716,34.48867142333005,5.2194905483011205,5.206077923241555,5.139235445615948,33.716,34.18327272727273,33.891410603233545,4.983923108557833,5.0843957439556275,5.013947845660986,32.846999999999994,33.37285714285714,33.225592127009484,4.773445372827459,4.897309758031839,4.868681314459262,32.580666666666666,32.94630107526882,32.90534334741503,4.728207913234027,4.796597303670743,4.8058491865066095,32.43183333333334,32.52391803278688,32.57858184842383,4.736551245532879,4.729990843426953,4.759773853868045,8.36281343783428
2010-04-16,sz000901,35.18,35.63,36.5,34.85,183107,290805984.0,4.68,1.02,0.36,8.26,5.262704947268727,0.08808990021358643,34.912,35.035999999999994,34.86911428222003,5.227648586282637,5.220482722897424,5.180391946166875,34.032000000000004,34.53127272727273,34.20751776628199,5.032350981635495,5.135083350993972,5.059176409589666,33.025999999999996,33.637904761904764,33.45458335300858,4.8062352307288965,4.9439059079786265,4.90620737472683,32.629333333333335,33.143032258064515,33.0811276475818,4.730763395750185,4.831080983285885,4.835323751717069,32.50083333333333,32.62877595628415,32.67862834519682,4.744069519404783,4.747241784467472,4.776263397913969,8.463603338883841
2010-04-19,sz000901,35.36,33.95,36.12,33.95,141822,220551840.0,6.09,-4.72,-1.68,6.4,5.151743605582583,-0.11096134168614391,34.634,34.715333333333334,34.56274285481336,5.196001474226724,5.195181062664073,5.1708424993054445,34.144,34.516363636363636,34.160696354230716,5.060275917227794,5.1567911008025344,5.076006808861106,33.129000000000005,33.72590476190476,33.50176589081729,4.837093820715988,4.976811467488501,4.929591777665474,32.68233333333333,33.22823655913979,33.137183928382974,4.732976950365924,4.858240996823458,4.855737935837425,32.51383333333334,32.67628961748634,32.72031266174774,4.744278704755435,4.7606081479487115,4.788574224394906,8.343510685322377
2010-04-20,sz000901,34.02,35.97,35.97,33.37,145427,225065920.0,7.66,5.95,2.02,6.56,5.162645045191678,0.010901439609095398,35.03,35.16066666666667,35.03182856987557,5.19101957113576,5.184062252985724,5.168110014600856,34.477999999999994,34.848363636363636,34.48966065346149,5.112331578690968,5.17540366952324,5.091759215466665,33.3005,33.996476190476194,33.73683580597755,4.860360245888953,5.007816346009997,4.951787326953684,32.80266666666667,33.440344086021504,33.31994625558407,4.746969046157736,4.885961519070281,4.875538394505441,32.5475,32.78960655737705,32.82685978759208,4.744027340293559,4.7743250771433425,4.80083884147021,8.352309738108165
2010-04-21,sz000901,36.21,36.82,37.04,35.54,194727,314009120.0,4.17,2.36,0.85,8.78,5.289426173081609,0.1267811278899309,35.528000000000006,35.757333333333335,35.62788571325038,5.208226963635948,5.21686445363434,5.208548734094441,34.877,35.27418181818182,34.91335871646849,5.1782548077102915,5.207602686685175,5.127698662305745,33.519,34.33166666666667,34.03047049112254,4.896991712918725,5.048679767647392,4.9839434075372955,32.947,33.69952688172043,33.54575617457865,4.7697587221312325,4.920958753065369,4.902240831832936,32.59466666666667,32.92968852459016,32.95778241750709,4.746787949937148,4.792207006087213,4.816858098244353,8.496942261793459
2010-04-22,sz000901,36.37,37.49,38.09,35.81,212498,345814912.0,6.19,1.82,0.67,9.58,5.327354846889619,0.03792867380800935,35.972,36.41133333333334,36.24859047550025,5.2387749236028425,5.256573748052231,5.248150771692833,35.321000000000005,35.74927272727274,35.38183894983785,5.229132735951982,5.2347117847177795,5.16399978677554,33.806,34.70985714285714,34.35994949196802,4.935042884761629,5.089666732787477,5.016649258904184,33.13133333333334,33.99262365591399,33.800223518154226,4.7912245406965885,4.9569326965981695,4.929667542481755,32.649166666666666,33.0901912568306,33.10637971529374,4.752441685823074,4.811241986315164,4.833595696560591,8.538843716698693
2010-04-23,sz000901,37.09,36.97,38.43,36.68,140775,233351520.0,4.67,-1.39,-0.52,6.35,5.148525536013047,-0.17882931087657195,36.24,36.74400000000001,36.48906031700017,5.2159390413517075,5.226490618855633,5.214942359799571,35.576,36.049090909090914,35.67059550441278,5.221793813817172,5.2200559301834275,5.161186286636905,34.084500000000006,35.01119047619048,34.608525730828205,4.968146929157247,5.109998413859041,5.029208904343124,33.31333333333333,34.24027956989248,34.004725226660405,4.811739636562063,4.97998437371536,4.943787413032161,32.71633333333333,33.231857923497266,33.233055790202144,4.755398399671694,4.824228342059097,4.843921265067229,8.368010634128234
2010-04-26,sz000901,36.97,37.49,37.91,36.21,109849,180946560.0,4.6,1.41,0.52,4.95,5.040796107715713,-0.10772942829733356,36.948,37.160666666666664,36.82270687800011,5.193749541778333,5.168109640976967,5.156893609104952,35.791000000000004,36.39709090909091,36.00139632179228,5.1948755080025295,5.187147256346798,5.139297163196687,34.3725,35.33552380952381,34.88295185170171,4.997397303802124,5.1169173832455614,5.030312447521466,33.50533333333333,34.509741935483866,34.22958166365006,4.831573141604585,4.994762210563983,4.950046038495616,32.77316666666667,33.38837158469945,33.37262773150699,4.756292987793267,4.833585643962179,4.85037617794095,8.257550331090426
2010-04-27,sz000901,37.09,36.28,37.31,35.47,101786,162562480.0,4.91,-3.23,-1.21,4.59,5.00768804773681,-0.03310805997890309,37.010000000000005,36.938,36.64180458533341,5.16275814228736,5.106089142963126,5.107158421982239,36.019999999999996,36.486,36.05205153601186,5.176888856711559,5.153113172662123,5.115368233113073,34.603,35.51719047619048,35.01600405630155,5.0194327419082345,5.117897454096484,5.02815774278007,33.67766666666667,34.68875268817204,34.36186671760812,4.848552850980999,5.006124462572513,4.9537648778014995,32.816833333333335,33.50334972677596,33.46795141244119,4.758317644852754,4.841828104943936,4.855533944163764,8.211020316108867
2010-04-29,sz000901,36.73,34.85,36.86,34.69,92991,145477168.0,5.98,-3.94,-1.43,4.19,4.968440918021918,-0.03924712971489175,36.616,36.217999999999996,36.04453639022228,5.098561091275421,5.041316734874645,5.060919253995465,36.072,36.273272727272726,35.83349671128243,5.153394027455684,5.1152135474458245,5.088654175823772,34.733000000000004,35.54071428571428,35.00019414617759,5.035040292749763,5.113041089916835,5.022470426136436,33.794333333333334,34.76438709677419,34.39335918743986,4.867338617858745,5.013859176575153,4.954711719106044,32.82816666666666,33.57001092896174,33.51326448088574,4.7561606444085935,4.848717392588825,4.859235812159114,8.162794838066313
2010-04-30,sz000901,34.55,32.61,34.55,32.05,67503,98566480.0,7.17,-6.43,-2.24,3.04,4.8293230743790785,-0.13911784364283974,35.64000000000001,34.882666666666665,34.899690926814856,4.998954736773313,4.9515707292425315,4.98372052745667,35.806,35.64381818181819,35.247406400140164,5.118864830188079,5.05629155597735,5.041503066470192,34.761,35.33852380952381,34.77255660844639,5.051393969372954,5.093448973881531,5.004075440254782,33.833333333333336,34.68797849462366,34.27830375599213,4.888585191947666,5.011406560866787,4.946622129123659,32.81333333333333,33.56285792349727,33.483649252004234,4.751150934029812,4.851116160784579,4.8582550666581295,7.9937292473338815
2010-05-04,sz000901,32.0,33.23,33.91,31.71,55436,80793472.0,6.75,1.9,0.62,2.5,4.743791886095104,-0.08553118828397466,34.892,34.07933333333333,34.343127284543236,4.918008006789725,4.8665164456831285,4.903744313669481,35.565999999999995,35.17545454545454,34.88060523647831,5.0669735240707166,4.9880964752331725,4.987373760947448,34.79899999999999,35.19271428571428,34.62564645526102,5.049662252853105,5.064153537378879,4.979286530334813,33.87266666666667,34.649053763440854,34.21067125560554,4.893147995176168,5.002065057263398,4.933536306992784,32.849833333333336,33.576519125683056,33.47533288308606,4.748378043374507,4.850874880524425,4.8545021754921285,7.90737627180293
2010-05-05,sz000901,32.74,33.99,34.13,32.52,57351,85171552.0,4.85,2.29,0.76,2.59,4.758540994873653,0.014749108778548958,34.19200000000001,33.77866666666667,34.225418189695496,4.861556984221313,4.813360775044438,4.855343207404205,35.57,34.888909090909095,34.71867701166407,5.027653262999823,4.93201783356098,4.945767803479485,34.857,35.11566666666667,34.56510869761711,5.043964590113809,5.0364277032855975,4.958263146005178,33.94266666666667,34.65662365591398,34.19643440040519,4.9006136348105995,4.993380734663234,4.922246286856066,32.8845,33.61390163934426,33.49220721478816,4.751000551078813,4.851208092048987,4.851355907275129,7.930294561051963
2010-05-06,sz000901,33.95,33.99,35.05,33.5,100137,152728496.0,4.56,0.0,0.0,4.52,5.00059457624841,0.24205358137475752,33.734,33.711333333333336,34.146945459797,4.860138289923633,4.85970663905347,4.903760330352274,35.372,34.601636363636366,34.5861902822706,5.011448216105496,4.927098072333451,4.955736307619289,34.925,35.03309523809524,34.5103364407012,5.061889897398232,5.032297225774607,4.962294710790248,33.991,34.65967741935485,34.18311605199195,4.9107229026278,4.9998311179818025,4.92730101520396,32.91733333333334,33.6501475409836,33.508528289713134,4.756123661563928,4.859391502710286,4.856248978389006,8.1839200750457
2010-05-07,sz000901,32.83,34.82,34.98,32.83,84978,129218240.0,6.33,2.44,0.83,3.83,4.929306505534561,-0.07128807071384902,33.727999999999994,34.07333333333334,34.371296973198,4.8523114074261615,4.88276271092378,4.912275722079703,35.172,34.50127272727273,34.62870114003958,4.975436249350791,4.912163215866007,4.950930889058429,35.0245,35.02309523809524,34.53982820825347,5.076845528530542,5.019670236073306,4.959152976956373,34.07,34.71316129032258,34.22420533896022,4.923139891729412,5.001030060104819,4.927430401676903,32.977000000000004,33.71253005464481,33.55152736218155,4.761564211139066,4.865069628742108,4.858644307147877,8.111323821493706
2010-05-10,sz000901,35.74,35.03,37.51,34.4,162316,260732800.0,8.93,0.6,0.21,7.32,5.210361331712991,0.2810548261784298,34.212,34.507333333333335,34.59086464879867,4.9285190588929435,5.002112685686056,5.011637591957466,34.926,34.47545454545455,34.701664569123295,4.963736897833129,4.9548768672045895,4.9981000604501675,35.1235,35.02361904761905,34.58651123603885,5.096434816892556,5.032386026852587,4.983077582171289,34.17933333333334,34.77509677419355,34.27619209128537,4.944607555785462,5.019560475587631,4.945684010066328,33.0375,33.77984153005465,33.60000187489691,4.773928157379288,4.879784288433057,4.870176012871323,8.41619566854068
2010-05-11,sz000901,35.29,31.93,36.17,31.93,98030,145231440.0,12.1,-8.85,-3.1,4.42,4.99135900263795,-0.2190023290750407,33.952000000000005,33.74666666666667,33.70390976586578,4.978032482201513,5.023059333601058,5.004878062184295,34.422000000000004,33.93072727272727,34.19772555655542,4.948020244495619,4.959899068078194,4.996874413575219,34.999,34.71947619047619,34.33351016593991,5.084907029156396,5.022378806447387,4.983866288882399,34.197,34.629978494623664,34.12482485958954,4.961438034270037,5.022576697965211,4.948630783780627,33.04116666666667,33.74353005464481,33.54524771506423,4.780341048014887,4.8869131686054725,4.874149225650557,8.162060643502214
2010-05-12,sz000901,31.71,30.25,31.71,29.47,67904,91281048.0,7.02,-5.26,-1.68,3.06,4.8318953578852275,-0.1594636447527229,33.204,32.51266666666667,32.55260651057719,4.992703354803828,4.974346958828963,4.947217160751273,33.698,33.17218181818181,33.47995727354534,4.92713016951257,4.938785452330849,4.9668782216315845,34.7445,34.26719047619047,33.9446044358504,5.06100283875755,4.998282456802512,4.969392866882668,34.147666666666666,34.37533333333333,33.87483615897086,4.973974925705606,5.014219105940384,4.941099465980924,33.00783333333333,33.65201639344262,33.437206806373595,4.780798081036472,4.888603473847123,4.872763852936939,7.9603806175846135
2010-05-13,sz000901,29.94,30.93,31.02,29.49,42765,57586948.0,5.06,2.25,0.68,1.93,4.631088476365141,-0.2008068815200863,32.592,31.75466666666666,32.01173767371813,4.918802134827175,4.853808666016067,4.841840932622563,33.163,32.66890909090909,33.01632867835527,4.889470212375404,4.884959689940407,4.90582554067405,34.5915,33.90390476190476,33.6574992514837,5.033179534543481,4.95733823181276,4.937173401119094,34.123000000000005,34.16774193548387,33.68484672935983,4.9761118987306245,4.992097399531323,4.921098756973454,32.9985,33.58389071038252,33.355003304525276,4.7808755052203695,4.883694962218555,4.864840070098519,7.7603240623485945
2010-05-14,sz000901,30.9,31.37,31.93,30.59,59183,82373184.0,4.33,1.42,0.44,2.67,4.772196975870633,0.1411084995054921,31.902000000000005,31.347333333333335,31.79782511581209,4.887380228894388,4.80494027969722,4.8186262803719195,32.815,32.34290909090909,32.71699619138158,4.869845818160275,4.863637283303176,4.881529437982519,34.4435,33.597095238095235,33.439642179913825,5.011619922807979,4.932482750034394,4.921461360619241,34.093666666666664,33.99012903225807,33.53550177907856,4.9799754678866,4.978941598056483,4.911492190450692,33.005833333333335,33.530497267759564,33.28992122896707,4.789044153908594,4.8834104202726625,4.861802591599244,7.915785853247314
2010-05-17,sz000901,30.81,29.11,30.81,29.02,49854,65675996.0,5.71,-7.2,-2.26,2.25,4.697700009352491,-0.07449696651814186,30.718,30.416666666666668,30.901883410541394,4.784847964422289,4.741713539849922,4.778317523365444,32.464999999999996,31.669272727272727,32.06117870203947,4.856683511657616,4.832338045338126,4.848105905504332,34.1355,33.08914285714285,33.027295305636315,4.987774170922847,4.902585615419585,4.900150755736694,33.995666666666665,33.66860215053764,33.24998553526704,4.9864904834678425,4.960730278151057,4.897699146508873,32.97666666666667,33.4027650273224,33.15287463129601,4.7976289149355305,4.880415530287216,4.856422179066564,7.8174066677394025
2010-05-18,sz000901,28.8,29.02,29.65,27.79,41040,52330896.0,6.39,-0.31,-0.09,1.85,4.6132073521037595,-0.0844926572487319,30.136000000000003,29.850666666666665,30.274588940360932,4.709217634315451,4.684500002410412,4.723280799611549,32.044000000000004,31.04290909090909,31.508237119850474,4.843625058258482,4.788069652691969,4.805397077613319,33.805,32.60195238095238,32.64564813367095,4.955299291164598,4.866912585055862,4.872822812533557,33.88066666666667,33.34759139784947,32.97708324266917,4.9809831879882305,4.936647495482407,4.879344837192414,32.943,33.27303825136612,33.01737054502401,4.802689244346456,4.874368921669779,4.848447922444832,7.718758170713762
2010-05-19,sz000901,28.93,29.38,29.81,28.37,34196,44047940.0,4.96,1.24,0.36,1.54,4.533975308409208,-0.07923204369455128,29.962,29.598666666666666,29.97639262690729,4.649633624420247,4.626085893774998,4.660178969210769,31.583000000000006,30.558545454545456,31.121284916241294,4.821168489612037,4.73176969817392,4.756047665030753,33.576499999999996,32.18052380952381,32.33463402570229,4.92441087630593,4.826786491460109,4.840551621664572,33.76566666666667,33.05722580645161,32.745013356045355,4.969699223279886,4.907808277445051,4.857062932109627,32.921,33.156218579234974,32.89811249436748,4.80722731610436,4.865558628688232,4.838137344935467,7.643925602474458
2010-05-20,sz000901,29.02,29.25,30.1,28.98,37038,48303384.0,3.81,-0.44,-0.13,1.67,4.568647527350753,0.034672218941544486,29.626000000000005,29.361333333333334,29.73426175127153,4.637145434617369,4.599090528085166,4.629668488590763,31.109,30.134363636363634,30.781051295106508,4.777973784722272,4.685856795944595,4.721974912725298,33.2405,31.768476190476193,32.04085935658779,4.894711000413883,4.792904267750093,4.814655993634685,33.653,32.76589247311828,32.51952862339727,4.967251193172912,4.881933974481881,4.838455486641313,32.892,33.03585792349727,32.77850224865051,4.81300541403512,4.857736340532376,4.829301613211379,7.683977557274197
2010-05-21,sz000901,28.13,29.58,29.85,27.97,35880,45961952.0,6.43,1.13,0.33,1.62,4.554852434372054,-0.01379509297869852,29.268,29.346,29.682841167514354,4.593676526317653,4.571659528003394,4.604729803851194,30.585,29.856363636363636,30.56267833235987,4.7405283776060205,4.645289277699101,4.691589007570163,32.8785,31.419857142857143,31.806491798817525,4.857982313478406,4.760536785269919,4.789912797514435,33.544666666666664,32.50311827956989,32.32988161543616,4.9647398115557015,4.855327602946343,4.820158515527167,32.867333333333335,32.927267759562845,32.67363332246525,4.815734427712942,4.849272308412277,4.820303279478941,7.662398464855817
2010-05-24,sz000901,29.65,31.6,31.6,29.65,71279,96839592.0,6.59,6.83,2.02,3.21,4.852961598190317,0.29810916381826313,29.766000000000002,30.123333333333335,30.321894111676237,4.624728844085219,4.658087885294282,4.687473735297569,30.241999999999997,30.04090909090909,30.7512822719308,4.704788404253753,4.6657316814417,4.720929478592009,32.583999999999996,31.29809523809524,31.786825913215857,4.834262651043441,4.760058621909149,4.795917445197852,33.49633333333333,32.3776559139785,32.2827924789564,4.965886012679621,4.848116105309865,4.822274843440918,32.865833333333335,32.885715846994536,32.63843222992541,4.818901815980016,4.850492871378747,4.821374044026855,7.986052951024529
2010-05-25,sz000901,31.44,30.72,31.44,30.37,44307,60382660.0,3.39,-2.78,-0.88,2.0,4.64647234521208,-0.20648925297823695,30.106,30.441333333333333,30.454596074450826,4.631381842706882,4.665335719003237,4.673806605269073,30.121,30.127818181818185,30.7455945861252,4.670299738511167,4.6551287616159405,4.707391817977475,32.271499999999996,31.120571428571424,31.685223445290536,4.8091599915033925,4.74217383087759,4.78168457853254,33.373000000000005,32.1985376344086,32.18196715773341,4.946704598941319,4.827508771924863,4.810932746780994,32.846000000000004,32.815360655737706,32.575532812550804,4.818065756317265,4.844839446107666,4.815639562098501,7.7809122408148745
2010-05-26,sz000901,30.72,30.9,31.64,30.39,49397,68031632.0,4.07,0.59,0.18,2.23,4.69370057396396,0.047228228751879264,30.410000000000004,30.706000000000003,30.603064049633886,4.663326895817834,4.686108629422263,4.680437928167368,30.185999999999996,30.269454545454543,30.773668297738798,4.65648026011904,4.659383458970994,4.704902500884108,31.941999999999997,30.989952380952378,31.61044026002477,4.791805214815805,4.731177695873836,4.773305149526009,33.225,32.038989247311825,32.09925959916997,4.92616197921138,4.811185931603742,4.803369380792798,32.826166666666666,32.75155737704918,32.52059731049996,4.816751492598783,4.840761899145264,4.811641562487533,7.832710889306784
2010-05-27,sz000901,30.84,31.19,31.33,30.37,38803,53041900.0,3.11,0.94,0.29,1.75,4.588865303766349,-0.10483527019761052,30.798000000000002,30.966,30.798709366422592,4.667370451100952,4.661288098738434,4.6499137200336955,30.211999999999996,30.452,30.849364970877197,4.65225794285916,4.647089830543233,4.683804828680879,31.6875,30.918333333333337,31.570398330498602,4.770864077617282,4.711850085297696,4.755739449929851,33.13166666666667,31.907698924731186,32.040597689546104,4.906205670648708,4.78942485576858,4.789530408081415,32.800333333333334,32.69791256830601,32.47697116917209,4.809902505603262,4.833290220822889,4.80433742285733,7.7246190724241774
2010-05-28,sz000901,31.37,31.22,31.8,30.86,47824,66302964.0,3.01,0.1,0.03,2.16,4.679645897695205,0.09078059392885596,31.126000000000005,31.10666666666667,30.939139577615062,4.6923291437655825,4.6653799142698515,4.659824445920865,30.197000000000003,30.635272727272728,30.91675315799043,4.643002835041618,4.652069458695241,4.6830486594107565,31.506,30.873809523809516,31.537027060927304,4.756424326600946,4.703162639590832,4.748492444955123,33.028,31.784365591397858,31.987655903123777,4.888747560219192,4.774808096223191,4.782441084830692,32.772333333333336,32.64609836065573,32.43575899969103,4.807171178361327,4.8290195123668855,4.800249176130703,7.821532943488807
2010-05-31,sz000901,31.17,28.98,31.17,28.8,41980,55959156.0,7.59,-7.17,-2.24,1.89,4.623042434246382,-0.05660346344882328,30.602000000000004,30.391333333333332,30.28609305174338,4.646345310976796,4.642284344430118,4.647563775362704,30.184000000000005,30.413999999999998,30.56461622017399,4.635537077531007,4.6484402949142885,4.672138436653597,31.3245,30.6332380952381,31.29350067417232,4.746110294594311,4.690459602223731,4.736544824887624,32.818333333333335,31.523204301075264,31.793613586793214,4.8703618064589005,4.7576658300313985,4.772157300922027,32.6995,32.52175956284153,32.32245542593067,4.799284859846464,4.822982504363118,4.794439119019742,7.747871155653477
2010-06-01,sz000901,28.8,29.94,30.68,28.75,57000,75111152.0,6.66,3.31,0.96,2.57,4.7558748556724915,0.13283242142610963,30.446000000000005,30.17066666666667,30.170728701162254,4.668225813068878,4.678794192662017,4.6836674687993,30.276000000000003,30.369636363636367,30.45104963468781,4.6498038278878795,4.670319890940013,4.687363240111578,31.160000000000004,30.501380952380952,31.16459584806067,4.746714443073181,4.691389560421653,4.738385780200469,32.62866666666667,31.337505376344087,31.674025613451718,4.85346747007236,4.750279575141952,4.771106820583348,32.629000000000005,32.43128415300547,32.24434213327721,4.792115432911272,4.821559225537742,4.793174716942783,7.875704422922912
2010-06-02,sz000901,29.65,29.92,30.16,29.02,27072,35262728.0,3.81,-0.07,-0.02,1.22,4.43252034135893,-0.32335451431356166,30.250000000000007,29.995333333333335,30.087152467441506,4.615989766547871,4.600225702092034,4.59995175965251,30.329999999999995,30.304909090909096,30.354495155653662,4.6396583311828525,4.630813802480204,4.641028167611096,30.9565,30.383285714285712,31.04606291015013,4.7304134103974445,4.661466312639343,4.7092557384060365,32.49433333333334,31.16275268817205,31.560862670648383,4.8294933612649045,4.723121695870118,4.749262531601127,32.58833333333333,32.34246448087431,32.16813419448123,4.781235155815414,4.809769222536027,4.7813499833170825,7.5473159072122495
2010-06-03,sz000901,30.23,29.58,30.34,29.58,29400,38990044.0,2.54,-1.14,-0.34,1.33,4.468347330412158,0.0358269890532279,29.928000000000004,29.772,29.918101644961006,4.591886171877033,4.551011556713464,4.556083616572392,30.363,30.168545454545455,30.213677854625722,4.629628311488992,4.599666347794623,4.609631651756743,30.736,30.25219047619048,30.906437871088215,4.703801048105633,4.63650763835503,4.686312080501858,32.281333333333336,30.974731182795704,31.43306507899365,4.8063501041055865,4.699821951944134,4.731138970234097,32.542,32.243830601092895,32.08327733564578,4.776659575131662,4.799510605309688,4.771087601254625,7.590953725286637
2010-06-04,sz000901,29.6,29.76,29.81,29.25,20304,26462024.0,1.89,0.61,0.18,0.92,4.30758160475063,-0.1607657256615278,29.636000000000006,29.716,29.865401096640674,4.517473313288118,4.45624336767133,4.473249612631805,30.381,30.058909090909093,30.131190971966497,4.604901228526851,4.541112401114921,4.554713461391995,30.482999999999997,30.159238095238095,30.797253311936956,4.672714803066436,4.598772453273601,4.650242511382693,32.046,30.81206451612903,31.325125396477933,4.773621951827888,4.667643339082524,4.703812688590002,32.496500000000005,32.1526174863388,32.00710430824756,4.771690336979559,4.784130999723426,4.755890683336462,7.422623058990334
2010-06-07,sz000901,29.13,29.43,29.65,28.8,25270,32636624.0,2.86,-1.11,-0.33,1.14,4.402605241919915,0.09502363716928475,29.726000000000006,29.647333333333336,29.720267397760452,4.473385874822824,4.417954010548595,4.449701489061175,30.164000000000005,29.885999999999996,30.003701704336223,4.5598655928998095,4.504331312640933,4.527057421487981,30.203000000000003,30.058952380952388,30.667038710800103,4.632326998576781,4.573047733164408,4.626658009529096,31.777333333333335,30.643290322580647,31.202859241866456,4.742796964995564,4.643706777152977,4.684379950095158,32.45433333333333,32.05207650273224,31.92260908502633,4.767010752846076,4.772029849065732,4.74430755410969,7.513705228084258
2010-06-08,sz000901,29.18,30.25,30.66,29.18,44666,59325296.0,5.03,2.79,0.82,2.01,4.649977061589579,0.24737181966966393,29.788000000000004,29.822000000000003,29.896844931840302,4.452206316006242,4.476817739470846,4.516460013237309,30.117,29.901636363636367,30.048483212638725,4.56021606453756,4.520715216039073,4.549406446960998,30.119,30.063428571428574,30.62732073834295,4.615257901524363,4.5747286915465795,4.628878871630094,31.553333333333335,30.544752688172043,31.141384452068625,4.726178682514782,4.637718396288076,4.68216040890125,32.43333333333333,31.979803278688525,31.867769442894318,4.768959159538422,4.768192678860602,4.741214751076243,7.773239913781007
2010-06-09,sz000901,30.37,30.77,30.81,29.92,42859,57593064.0,2.94,1.72,0.52,1.93,4.632042033725212,-0.017935027864366404,29.958000000000006,30.149333333333335,30.18789662122687,4.492110654479498,4.536762978710502,4.554987353399944,30.104000000000003,30.020363636363637,30.179668083068044,4.554050210513685,4.533774483164101,4.564431099099946,30.145,30.12542857142857,30.640909239453144,4.605265235316362,4.576327180327613,4.629180125162962,31.329333333333334,30.49421505376344,31.117424164838393,4.712553546715098,4.6316450641081035,4.678926965341506,32.41733333333333,31.92526775956284,31.83177700214368,4.772063344159841,4.7637035927683655,4.737635317720471,7.760370183980424
2010-06-10,sz000901,30.66,30.9,31.46,30.43,49594,67916600.0,3.35,0.42,0.13,2.24,4.6954291376895725,0.06338710396436031,30.222,30.46333333333333,30.42526441415125,4.537527015934982,4.604535806447194,4.601801281496487,30.075,30.16509090909091,30.310637522510216,4.564706593906008,4.559479742650626,4.5882489242980595,30.1435,30.197333333333336,30.665584549981418,4.608482268382584,4.58491421864887,4.635489554927401,31.15,30.466516129032257,31.103396799364948,4.702144916380191,4.630540263525812,4.679991621622026,32.41383333333333,31.87551912568306,31.801226936499624,4.7753488836805955,4.761190995834914,4.73625150853913,7.831975936390811
2010-06-11,sz000901,31.15,30.99,31.71,30.84,38204,52535348.0,2.82,0.29,0.09,1.72,4.582108836392919,-0.11332030129665327,30.468,30.719333333333335,30.613509609434168,4.59243246226344,4.619396413266506,4.595237133128631,30.052,30.331454545454545,30.4341579729629,4.554952887775778,4.562643786739155,4.587132544678942,30.1245,30.277952380952385,30.696481259507,4.598977861408699,4.582402463221284,4.630405676971735,31.021333333333335,30.4561935483871,31.096080876825276,4.689267180325889,4.622796000300827,4.673676603220149,32.407833333333336,31.82883606557377,31.774629332024226,4.778302899092318,4.75485525657958,4.731197650435975,7.720451613418123
2010-06-17,sz000901,31.04,30.57,31.51,30.46,27957,38226084.0,3.39,-1.36,-0.42,1.26,4.44649056645319,-0.13561826993972925,30.696000000000005,30.75333333333333,30.599006406289448,4.601209527170094,4.57074911466309,4.5456549442368175,30.210999999999995,30.425636363636364,30.45885652333328,4.53729770099646,4.542923364680502,4.561561275910623,30.197499999999998,30.320380952380948,30.68443542526824,4.586417389263733,4.5678798637017115,4.612889952160446,30.953333333333333,30.42707526881721,31.062140175094616,4.676506096728361,4.6071329929542,4.659019439557764,32.39333333333333,31.76857923497267,31.7351332883513,4.782545644338014,4.743976163706167,4.721862991944736,7.582359809808185
2010-06-18,sz000901,30.5,29.29,30.59,28.84,33466,43836712.0,5.72,-4.19,-1.28,1.51,4.524603806718669,0.07811324026547872,30.504,30.284666666666666,30.1626709375263,4.576134876195913,4.545213874512615,4.538637898397434,30.145999999999997,30.258181818181814,30.2463371554545,4.514170596101077,4.540615383902723,4.55484173605754,30.211000000000002,30.23395238095238,30.55163205143317,4.581987211994479,4.561992855840277,4.604481747832657,30.822,30.319763440860218,30.947808550894965,4.669199827415813,4.59733284521164,4.650347463245565,32.34733333333333,31.666830601092897,31.65496498381519,4.7811739112959915,4.735519054276024,4.715395477675028,7.641837972168656
2010-06-21,sz000901,29.11,30.14,30.34,29.02,55041,71997904.0,4.51,2.9,0.85,2.48,4.74068631568052,0.21608250896185144,30.378000000000004,30.163333333333334,30.15511395835087,4.5978637325869745,4.600064354340817,4.6059873708251295,30.168,30.257090909090916,30.227003127190045,4.544987193533236,4.581800060189893,4.588631659625354,30.249000000000002,30.227190476190476,30.512428998915723,4.592322762358044,4.577107056191328,4.617453611437215,30.693666666666665,30.275763440860214,30.895691870192067,4.668604671442709,4.601944876712588,4.656175776305885,32.31816666666666,31.594459016393444,31.60529400073928,4.784609153126653,4.734191592124697,4.716224685478487,7.857319853452324
2010-06-22,sz000901,29.78,29.96,30.43,29.69,34103,45132288.0,2.46,-0.6,-0.18,1.54,4.532792585037585,-0.20789373064293493,30.190000000000005,30.024,30.09007597223392,4.565336422056577,4.5783739718243535,4.581589108895948,30.206,30.219272727272728,30.178457104064577,4.551431718995779,4.579582858645229,4.578479100609395,30.2845,30.19966666666667,30.4598167133047,4.590530015242386,4.571437515494142,4.609390656542012,30.55933333333333,30.22843010752688,30.835324652760324,4.653011271735681,4.593182806621934,4.648215570417608,32.275166666666664,31.517142076502733,31.55134993514127,4.781867087181741,4.725935311203743,4.710210518250916,7.654487350816557
2010-06-23,sz000901,29.78,29.67,30.34,29.25,25691,33757888.0,3.64,-0.97,-0.29,1.16,4.409781009133202,-0.12301157590438283,29.926000000000005,29.850666666666665,29.950050648155948,4.530870856604634,4.526522167516562,4.524319742308367,30.196999999999996,30.12181818181818,30.086010357871015,4.561651659434037,4.553828184124761,4.547806720340996,30.288999999999998,30.141142857142853,30.384596073942348,4.583276443980443,4.5542233244361245,4.590380213931649,30.387666666666668,30.171053763440863,30.76014241709837,4.635693755188969,4.577490531615324,4.632832695496034,32.228833333333334,31.431726775956278,31.48966633071041,4.779416823459191,4.713735767661168,4.700360370410991,7.528375267970277
2010-06-24,sz000901,29.74,29.63,30.03,29.43,20851,27325968.0,2.02,-0.13,-0.04,0.94,4.319126888281839,-0.09065412085136337,29.738000000000007,29.752,29.84336709877063,4.505398120970364,4.455940844742298,4.455922124299525,30.216999999999995,30.01872727272727,30.003099383712645,4.553303824070229,4.509732771187998,4.506228569057512,30.190500000000004,30.078380952380957,30.312729781185933,4.556584708485019,4.529066223893401,4.564546563869762,30.207666666666665,30.122172043010753,30.687230003092022,4.6059859404079315,4.557066862782605,4.6125936111596335,32.1935,31.346519125683063,31.428693664129742,4.775296748096696,4.698644294376665,4.687860911980526,7.436575555419994
2010-06-25,sz000901,29.47,29.07,29.78,28.73,24938,32034766.0,3.54,-1.89,-0.56,1.12,4.396861620602315,0.07773473232047579,29.694000000000006,29.52933333333333,29.585578065847088,4.4798496837470925,4.419762011286282,4.436235289733789,30.099,29.81018181818182,29.833444950310344,4.527992279971502,4.481288734193832,4.486343669338385,30.108000000000004,29.971666666666668,30.19437456393013,4.5441041722545314,4.513854501237905,4.548576569272862,30.112333333333332,30.048774193548386,30.5828925835377,4.586169361006743,4.5435749711822435,4.598675418220452,32.154666666666664,31.244109289617487,31.351359445633687,4.77380369763839,4.68623658527849,4.67831995160747,7.505621556007607
2010-06-28,sz000901,29.27,29.11,29.67,28.98,27296,35332316.0,2.37,0.14,0.04,1.23,4.436099009487429,0.0392373888851143,29.488,29.33466666666667,29.427052043898062,4.418932222508474,4.405178453199727,4.436189862985003,29.933,29.630363636363636,29.70190950479937,4.508397977547724,4.464580866833091,4.477208276638211,30.0185,29.876619047619048,30.091100795936786,4.531224094030705,4.503568295260086,4.537864420721869,30.074333333333335,29.98410752688172,30.487867255567526,4.572976149393483,4.533893013019707,4.588186617657032,32.111000000000004,31.144284153005465,31.277872250694877,4.773475537549545,4.675164300421081,4.670378281374026,7.5481721059617035
2010-06-29,sz000901,29.25,26.8,29.38,26.76,35338,43324756.0,9.0,-7.94,-2.31,1.59,4.548241966406093,0.11214295691866383,28.856000000000005,28.43866666666667,28.551368029265376,4.422022098782176,4.4482817011656,4.473540564125367,29.523000000000003,29.060727272727274,29.174289594835848,4.493679260419376,4.471825228443703,4.490123492959643,29.799,29.570095238095238,29.777662624895186,4.529192927162692,4.505189045010123,4.5388527584060805,29.936666666666664,29.77286021505376,30.249940335853495,4.570214599061514,4.532297259278584,4.585609543382778,32.029833333333336,30.97015300546448,31.131056767065534,4.773163248896069,4.667779593170476,4.666373812030815,7.636736125496699
2010-06-30,sz000901,26.22,24.16,26.69,24.16,66359,72318712.0,9.44,-9.85,-2.64,2.99,4.821899832780982,0.2736578663748892,27.754,26.873333333333335,27.08757868617692,4.504445863511732,4.581574279165202,4.5896603203439055,28.840000000000003,28.08563636363636,28.262600577592963,4.517658360058182,4.531501696145813,4.55044646383625,29.445999999999998,29.03304761904761,29.242647136809932,4.536305623916981,4.5330658931642445,4.565809622632262,29.696333333333335,29.40017204301075,29.85704095934682,4.571871360958526,4.548535016292744,4.600854078182662,31.895,30.712125683060105,30.902497528801092,4.7759234144225635,4.669377513953587,4.671473025825903,7.859250682729007
2010-07-01,sz000901,24.23,23.91,24.81,23.2,39995,42408184.0,6.66,-1.03,-0.25,1.8,4.602005701124516,-0.2198941316564662,26.610000000000003,25.592,26.028385790784615,4.561021626080267,4.61409422503613,4.593775447270776,28.174,27.189272727272726,27.471218654394242,4.5332098735253155,4.546837576339693,4.559820870615935,29.192499999999995,28.50580952380952,28.73477598092327,4.535253787260887,4.5393230433744876,4.569256868202952,29.523000000000003,29.02686021505376,29.473360897453478,4.568681550684261,4.550479167271194,4.6009283764369755,31.759333333333334,30.450322404371583,30.673235314742037,4.777586017076051,4.663675293845454,4.669195408622579,7.627449675532917
2010-07-02,sz000901,23.91,23.65,24.0,22.68,30441,31257494.0,5.52,-1.09,-0.26,1.37,4.4834589150942135,-0.11854678603030244,25.526000000000003,24.60533333333333,25.235590527189746,4.578341084978647,4.58823998804078,4.557003269878589,27.610000000000003,26.366727272727275,26.77645162632256,4.529095384362869,4.537791947534037,4.545936878702895,28.878000000000004,27.977952380952384,28.25051160178772,4.521632990231973,4.534390198406232,4.561085634573549,29.344,28.64795698924731,29.097660194391967,4.564356602783943,4.544980932716998,4.593349701511636,31.612333333333332,30.184442622950822,30.442965304422625,4.772669895386087,4.654031782305068,4.663105687523288,7.494954156485529
2010-07-05,sz000901,23.76,23.69,24.03,23.18,22809,23776966.0,3.59,0.17,0.04,1.03,4.358106245206415,-0.12535266988779803,24.442,23.993333333333336,24.720393684793166,4.562742532122444,4.514828374783368,4.490704261654531,26.965000000000003,25.654,26.21527860335482,4.490837377315459,4.506703013141955,4.511785854430808,28.5665,27.483857142857147,27.816177163522223,4.517912285424347,4.518816222689512,4.541754264157632,29.154333333333334,28.28318279569892,28.74877889152797,4.558494300677182,4.531674458034577,4.578172704330655,31.46,29.924693989071038,30.221556605916962,4.764096761978534,4.640439531479504,4.653105705807981,7.376156436761975
2010-07-06,sz000901,23.71,24.45,25.48,23.71,62832,67660408.0,7.47,3.21,0.76,2.83,4.798180883926343,0.4400746387199277,23.972,23.996,24.63026245652878,4.612730315626494,4.593307825384669,4.593196469078469,26.413999999999998,25.196727272727273,25.89431885729031,4.517376207204334,4.5625836507075705,4.56385767797545,28.310000000000002,27.091809523809523,27.495588862234392,4.534403963100057,4.545508470165893,4.566175846992747,28.99433333333333,27.97967741935484,28.471438317881006,4.566145412563035,4.547138108566781,4.592366780433602,31.323666666666664,29.694857923497267,30.032325241788538,4.766698302867974,4.6415570436745135,4.657862269024976,7.830334612305263
2010-07-07,sz000901,24.45,24.74,24.99,24.34,34253,37257868.0,2.66,1.19,0.29,1.54,4.534698614555115,-0.2634822693712282,24.088000000000005,24.252,24.666841637685856,4.55529007198132,4.567297258360876,4.573697184237352,25.921,24.892363636363633,25.684442701419343,4.529867967746526,4.565733179316803,4.558556030080843,28.059000000000005,26.751809523809527,27.23315182773588,4.545759813590282,4.5455365322092325,4.563178015332021,28.833000000000002,27.705204301075266,28.230700361888687,4.565473618569137,4.54510928288885,4.588646253602732,31.18883333333333,29.479000000000003,29.85880638140203,4.765106715062419,4.633950496516714,4.653824116419408,7.571217999719465
2010-07-08,sz000901,24.99,24.41,25.12,24.23,27723,30089678.0,3.6,-1.33,-0.33,1.25,4.442840224963883,-0.09185838959123149,24.188000000000002,24.359333333333332,24.58122775845724,4.523456976749194,4.52981397602173,4.530078197812863,25.398999999999997,24.617636363636365,25.452725846615824,4.54223930141473,4.549909953356322,4.5375167927868505,27.808,26.404285714285717,26.964280225094367,4.54777156274248,4.535734666625765,4.551717273392198,28.59333333333333,27.419849462365587,27.98420356434748,4.551802906128256,4.53719745104335,4.5792394130453875,31.044833333333333,29.25674316939891,29.680156991847863,4.758844459403938,4.623384382087254,4.646906611781522,7.47841754023023
2010-07-09,sz000901,24.41,25.42,25.44,24.41,54202,59947356.0,4.22,4.14,1.01,2.44,4.734015311869357,0.2911750869054739,24.542000000000005,24.77,24.86081850563816,4.573568256104222,4.600000087728451,4.5980572358316945,25.034,24.621454545454547,25.446775692685673,4.575954670541434,4.584778318893528,4.573243796256397,27.566499999999998,26.17685714285714,26.817205917942523,4.551973475256469,4.553472166542611,4.569078991342404,28.416666666666668,27.21511827956989,27.818771076325067,4.554721005016832,4.548953090123421,4.589224954904998,30.894833333333334,29.072322404371583,29.54047971342662,4.750712801979076,4.622570311676285,4.649762634735221,7.777770033140751
2010-07-12,sz000901,25.73,25.71,25.8,25.21,45183,50802264.0,2.32,1.14,0.29,2.04,4.654975063241963,-0.07904024862739423,24.946,25.159333333333333,25.143879003758776,4.632942019711332,4.627135690107697,4.617029844968451,24.694000000000003,24.744363636363637,25.494634657651915,4.5978422759168875,4.599145663020897,4.588104026617409,27.313499999999998,26.000047619047617,26.71175773528133,4.553120126732306,4.563281841588848,4.577259569618553,28.243666666666666,27.040494623655913,27.682721329465387,4.553430154659433,4.555421093879881,4.5934668973783515,30.734333333333332,28.902327868852456,29.41489021462575,4.739796066935407,4.619431369422609,4.649933534030523,7.70588306702403
2010-07-13,sz000901,25.46,25.33,25.57,24.79,38426,42707860.0,3.03,-1.48,-0.38,1.73,4.584625178418518,-0.07034988482344495,25.122000000000003,25.287333333333333,25.205919335839184,4.590230878609768,4.611030076343426,4.606228289451807,24.547,24.860000000000003,25.464701083533384,4.6014805971181305,4.5967425543848295,4.587471508763064,27.035000000000004,25.81114285714286,26.580161760492633,4.547579928768753,4.566282322701821,4.577961056170931,28.048333333333336,26.852516129032256,27.530932856596653,4.5532888171478385,4.5574336760578875,4.592896463897072,30.59,28.725136612021863,29.28095938791671,4.729747243898273,4.614343799307302,4.647792276469473,7.630507810399529
2010-07-14,sz000901,25.8,26.51,27.83,25.8,93907,111440072.0,8.01,4.66,1.18,4.23,4.972697966579898,0.3880727881613799,25.476000000000003,25.75,25.640612890559456,4.677830749014724,4.738519105666803,4.728384848494504,24.782,25.216909090909088,25.654755431981858,4.616560410498023,4.664236621559696,4.657512682911579,26.811,25.761142857142854,26.573479688064765,4.567109385278102,4.606769754874311,4.615555047638451,27.891333333333332,26.753268817204297,27.465066220687195,4.563057219443994,4.5844923308599554,4.617399786650804,30.45966666666667,28.591366120218577,29.19010826044403,4.725902389831593,4.622309396772273,4.658444922046864,8.047041384008088
2010-07-15,sz000901,26.09,25.68,26.8,25.66,51686,59526884.0,4.3,-3.13,-0.83,2.33,4.7133729232463075,-0.2593250433335905,25.73,25.817999999999998,25.65374192703964,4.731937288671209,4.750366497077332,4.723380873411772,24.959,25.38018181818182,25.6593453534397,4.6276971327102014,4.681838896604839,4.667669090245166,26.5665,25.653428571428567,26.488386384439547,4.580453503117758,4.620699615633187,4.62487103579158,27.781333333333336,26.610602150537634,27.349900658062214,4.566068235743992,4.5941901182020395,4.62359160191503,30.299833333333332,28.43465573770492,29.07502274370816,4.718215021101446,4.621898594589148,4.660245840118977,7.774713149525986
2010-07-16,sz000901,25.93,26.36,26.47,25.62,39933,45838224.0,3.31,2.65,0.68,1.8,4.60133193815588,-0.11204098509042737,25.918,26.028000000000002,25.889161284693095,4.705400613928513,4.706831380238888,4.682697894993142,25.23,25.634909090909094,25.786737107359755,4.639484435016368,4.6770452248676895,4.655607789865296,26.419999999999998,25.633761904761904,26.476159109731018,4.584289909689619,4.62268803801777,4.622629216969132,27.661999999999995,26.518903225806454,27.286036099477556,4.560916805160105,4.596465195777,4.62215549457573,30.145333333333333,28.305480874316938,28.986005604570188,4.707192137616232,4.618066362361425,4.658314236775924,7.661227782564443
2010-07-19,sz000901,26.11,26.8,26.89,26.0,46189,54182708.0,3.38,1.67,0.44,2.08,4.664538559796164,0.06320662164028423,26.136000000000003,26.322,26.1927741897954,4.707313313239354,4.693210695528106,4.676644783260816,25.541,25.920363636363636,25.970966724203436,4.670127666475343,4.681600520282197,4.657231566216362,26.252999999999997,25.669952380952378,26.507001099280444,4.5804825218954015,4.6303307665993465,4.6266205829526585,27.558,26.46329032258064,27.25467893176933,4.568650745774679,4.603150470269649,4.6248898858802745,30.026166666666665,28.195797814207648,28.914333289666246,4.699072053519791,4.61666788440011,4.658518312940521,7.733860706863024
2010-07-20,sz000901,26.8,27.43,27.45,26.56,60395,72249584.0,3.32,2.35,0.63,2.72,4.781000985603031,0.1164624258068665,26.556000000000004,26.75333333333333,26.60518279319694,4.7465884746762566,4.717773252982664,4.7114301840415544,25.839,26.26381818181818,26.236245501620992,4.668409676643012,4.7017593055781415,4.679735097013938,26.1265,25.78204761904762,26.59490575649183,4.592892941923673,4.64942776314293,4.64132347844317,27.48633333333333,26.45503225806452,27.265989968429373,4.579072534281042,4.616850485742447,4.634961569733356,29.88383333333333,28.110677595628417,28.865666624431285,4.692711319193315,4.619354078894644,4.662534138273718,7.85883535084693
2010-07-21,sz000901,27.32,27.21,27.79,27.14,52093,62902252.0,2.37,-0.8,-0.22,2.35,4.716779368873068,-0.06422161672996296,26.696000000000005,26.971333333333334,26.806788528797963,4.69540475513489,4.707836884381602,4.713213245652059,26.086000000000002,26.513090909090906,26.41329177405354,4.686617752074807,4.710553795074515,4.686470419170144,26.003499999999995,25.885238095238094,26.653486160635467,4.608242859910666,4.661226470471444,4.648509753722208,27.401333333333334,26.437204301075262,27.262377712401673,4.59271245975179,4.62573479765161,4.64024013741979,29.723666666666666,28.02301092896175,28.811382472810585,4.6831672057898395,4.620143195277587,4.664312670424516,7.798666194152193
2010-07-22,sz000901,27.27,27.72,28.01,27.23,51724,63010768.0,2.87,1.87,0.51,2.33,4.713692103036562,-0.003087265836505537,27.104000000000003,27.31266666666667,27.111192352531976,4.695468591092942,4.713932667015492,4.7133728647802275,26.417,26.810181818181817,26.650875087861984,4.713702939882075,4.715476404340288,4.691419816236765,25.907999999999998,26.04871428571428,26.755058907241615,4.627971120648403,4.671269255531052,4.654717596514051,27.344333333333335,26.45776344086022,27.291901730956404,4.603082021789011,4.633539935928046,4.644978973911194,29.560833333333335,27.957316939890706,28.775599440915155,4.672939493392288,4.621144011580759,4.665931668215075,7.799414772999184
2010-07-23,sz000901,27.66,27.23,27.68,26.87,51086,61227620.0,2.92,-1.77,-0.49,2.3,4.708301899042886,-0.005390203993676401,27.278000000000002,27.354666666666663,27.150794901687988,4.716862583270343,4.718210436332141,4.711682542867781,26.598000000000003,26.958,26.756170526432534,4.711131598599428,4.714494396914981,4.694489285837878,25.816000000000003,26.174619047619053,26.800291392266224,4.643543134570431,4.6789198058543375,4.659820863421559,27.24366666666667,26.45038709677419,27.2879080708947,4.605026183037455,4.640328315105717,4.64906432391969,29.398500000000002,27.88089617486339,28.724924049409736,4.665602432776118,4.622303434716843,4.667320856111068,7.786947378152771
2010-07-26,sz000901,28.08,27.66,28.46,27.32,54693,67045716.0,4.19,1.58,0.43,2.47,4.737931745786641,0.029629846743755017,27.45,27.482000000000003,27.32052993445866,4.731541220468438,4.72523349050424,4.720432277174067,26.793,27.151090909090907,26.920503157990254,4.719427266853896,4.7193671509490205,4.702387914919471,25.7435,26.35023809523809,26.882168402526585,4.658634771385392,4.687909197398739,4.667259995075376,27.14,26.477247311827956,27.311914001804723,4.6085558401061695,4.648902867541147,4.654797705975622,29.234666666666666,27.82389617486339,28.690008506806137,4.660554693410633,4.624674887602434,4.669635967247972,7.826371033089934
2010-07-27,sz000901,27.63,27.72,27.75,27.25,43945,53348852.0,1.81,0.22,0.06,1.98,4.642909468808235,-0.0950222769784057,27.508000000000003,27.572000000000003,27.45368662297244,4.7039229171094785,4.695689573284173,4.694591341052123,27.032,27.319636363636363,27.06586622017384,4.7252556958928675,4.705454824031627,4.691573651990155,25.789499999999997,26.53847619047619,26.961961888000243,4.6633681465054995,4.686411549534247,4.664940897335648,27.034000000000002,26.51466666666667,27.33824213072055,4.606805184476792,4.651119230683216,4.654030722932565,29.092,27.774234972677593,28.658204949205935,4.654475050428491,4.624096355648256,4.668759688610603,7.727125078391613
2010-07-28,sz000901,27.68,28.1,28.17,27.52,59734,73716952.0,2.34,1.37,0.38,2.69,4.776221597616025,0.13331212880778942,27.686,27.769333333333336,27.669124415314965,4.71581136285807,4.7197891334530215,4.721801426573424,27.191000000000003,27.51381818181818,27.253890543778596,4.70560805899648,4.714721351617656,4.706964187558495,25.9865,26.75852380952381,27.07034647009546,4.661084234747252,4.697159497259059,4.675539059267113,26.937666666666665,26.58344086021505,27.38738779970632,4.613275609850896,4.662049321853488,4.661914005170209,28.979499999999998,27.741710382513663,28.639903147592626,4.651271395088392,4.628088045719979,4.672283029889469,7.86756736999594
2010-07-29,sz000901,28.19,28.93,29.0,28.04,81084,102245208.0,3.42,2.95,0.83,3.66,4.9089351649726,0.1327135673565749,27.928000000000004,28.184,28.089416276876648,4.754859975245277,4.7841637341578656,4.784179339373149,27.516000000000002,27.830000000000002,27.558637717637033,4.725164283169109,4.751689916340586,4.743686183451969,26.2375,27.038857142857143,27.24745633008637,4.676430707939656,4.720764347756711,4.697767259810492,26.883,26.71197849462365,27.486911167467206,4.628690429801542,4.68112413186134,4.6778508541897175,28.918166666666664,27.740087431693993,28.649414519802704,4.6525982632649505,4.636536038175199,4.6800421162856365,8.009642962763236
2010-07-30,sz000901,28.89,29.29,29.45,28.42,79052,101375000.0,3.56,1.24,0.36,3.56,4.897912861971911,-0.011022303000689071,28.340000000000003,28.637999999999998,28.4896108512511,4.792782167831082,4.831848029733409,4.8220905135727365,27.808999999999997,28.152545454545454,27.87343085988484,4.754822375550712,4.783098748850187,4.771727397728322,26.5195,27.32957142857143,27.441984298649572,4.69715340528354,4.741857886235974,4.716828745730627,26.883,26.8672688172043,27.603239479243516,4.641134064976651,4.698493321033623,4.692048403078892,28.8525,27.752278688524594,28.670417322432122,4.655166946196231,4.644579139772149,4.6871854194228915,8.005930867219213
2010-08-02,sz000901,29.25,29.58,29.58,28.91,62977,81227464.0,2.29,0.99,0.29,2.84,4.799181968550801,-0.0987308934211093,28.724,29.051333333333332,28.85307390083407,4.805032212383915,4.8339812966399816,4.814454331898759,28.087,28.474545454545453,28.183716158087595,4.768286716426177,4.791164129395659,4.776719137877863,26.814,27.62104761904762,27.645604841635325,4.719207191450759,4.751574892261427,4.724671909808738,26.864333333333335,27.0412688172043,27.730772416066515,4.643083920072326,4.708689959973891,4.698960246012564,28.779,27.776131147540983,28.700239705303197,4.655844295757518,4.649300943783774,4.690857437427085,7.909702894352172
2010-08-03,sz000901,29.69,29.43,29.83,29.22,76557,99751488.0,2.06,-0.51,-0.15,3.45,4.883984906626505,0.08480293807570405,29.066000000000003,29.286666666666665,29.045382600556046,4.853247299947569,4.860298861387512,4.837631190141341,28.287,28.71872727272727,28.410313220253485,4.778585108528523,4.812200163977536,4.79622200492307,27.063,27.870190476190484,27.815547237670057,4.7234973925857675,4.76726800799245,4.739844576172335,26.846666666666668,27.206795698924736,27.840400002126742,4.654790330791957,4.724231959106418,4.710897320890883,28.702999999999996,27.797475409836068,28.724166272342437,4.653900801263819,4.656780963812266,4.697189485597558,7.998919382808602
2010-08-04,sz000901,29.25,30.1,30.37,28.62,91274,118436664.0,5.95,2.28,0.67,4.12,4.9603470835077035,0.07636217688119817,29.466,29.631333333333334,29.396921733704033,4.890072397125904,4.895998789240891,4.878536487930129,28.576,29.048363636363632,28.717528998389213,4.802941879991987,4.845247795791932,4.826062928302094,27.331,28.15942857142857,28.033114167415768,4.744779816033397,4.789825121413587,4.7608448149661795,26.861,27.41668817204301,27.986180647150825,4.673142533271107,4.7439452979913055,4.726990853962937,28.624333333333333,27.84327868852459,28.769275574888585,4.654418144230038,4.666828382902229,4.705817603561824,8.073486166137089
2010-08-05,sz000901,29.92,29.4,30.12,29.27,62548,82151208.0,2.82,-2.33,-0.7,2.82,4.796213427493061,-0.16413365601464225,29.560000000000002,29.609333333333332,29.397947822469355,4.867528049629996,4.8647124660299434,4.85109546778444,28.744,29.19818181818182,28.841614635045715,4.811194012437637,4.844024440792128,4.820635746336815,27.5805,28.356476190476183,28.16329377051903,4.762448476159856,4.794723560600222,4.764213254254454,26.853333333333335,27.58049462365592,28.077394798947548,4.689045417911481,4.751885355683044,4.731456826448752,28.5305,27.86871038251366,28.789955064236498,4.6475156791597065,4.671477408582984,4.708781401067766,7.9146139539412195
2010-08-06,sz000901,29.29,30.05,30.19,29.16,60374,79289080.0,3.5,2.21,0.65,2.72,4.780849950416652,-0.015363477076409282,29.712,29.77266666666667,29.615298548312904,4.844115467318945,4.835819766292162,4.827680295328511,29.026,29.435636363636366,29.061321065037404,4.818448817575013,4.838507338606494,4.813401965260421,27.812,28.591666666666672,28.342980078088644,4.764790208087221,4.796476081958012,4.765797701507997,26.886000000000003,27.786731182795698,28.20465965062835,4.701845028905293,4.757808228747892,4.734643479607971,28.499166666666667,27.918530054644812,28.831268012950055,4.644007194956017,4.67584902403403,4.711144304325106,7.899213378713507
2010-08-09,sz000901,30.01,30.1,30.3,29.81,56656,75084304.0,1.63,0.17,0.05,2.55,4.753245909414036,-0.02760404100261571,29.816000000000003,29.901999999999997,29.77686569887527,4.834928255491592,4.8055299136571925,4.802868833357019,29.27,29.630909090909093,29.250171780485147,4.819980233937754,4.826652264395408,4.8024645005610775,28.0315,28.809571428571424,28.51031530874687,4.769703750395824,4.795376624941517,4.764602292737143,26.918999999999997,27.99408602150538,28.326939673168457,4.712416592236179,4.761124414587167,4.735843636369653,28.496666666666666,27.971016393442618,28.872865783017264,4.64269637081483,4.6794306212293755,4.712524684819825,7.875549159392511
2010-08-10,sz000901,29.92,28.62,30.28,28.62,56108,72807920.0,5.51,-4.92,-1.48,2.53,4.74902478831771,-0.004221121096326108,29.654000000000003,29.503333333333337,29.39124379925018,4.807936231829832,4.776895424599232,4.784920818343917,29.360000000000003,29.512727272727272,29.13559509312421,4.8305917658887,4.813751274282672,4.792748189244102,28.195999999999998,28.86561904761904,28.520761469818595,4.777923730890784,4.793407199981698,4.7631187208876735,26.979666666666667,28.103827956989246,28.34584679102856,4.719109352966567,4.7634862336892025,4.7366940332695275,28.458166666666664,27.97506010928962,28.86457510160686,4.64466197601404,4.68291679885242,4.713721409524673,7.862178624164829
2010-08-11,sz000901,28.62,28.87,29.36,28.62,37397,47789144.0,2.59,0.87,0.25,1.69,4.5728367643474535,-0.17618802397025668,29.408000000000005,29.242,29.217495866166786,4.730434167997783,4.698528935438438,4.714226133678429,29.437,29.423636363636362,29.087305076192536,4.810253282561844,4.766886728547901,4.752764293808347,28.314,28.92980952380952,28.554022282216824,4.757930670779162,4.7738751079299515,4.744996629788605,27.136666666666663,28.22578494623656,28.379663127091234,4.710807250685448,4.754049292487968,4.726122596564878,28.4165,27.988562841530054,28.86475296712795,4.641339305821988,4.680561873879747,4.709102240830338,7.679329251499954
2010-08-12,sz000901,28.57,28.66,29.27,28.46,42042,53573876.0,2.81,-0.73,-0.21,1.9,4.623683367877219,0.050846603529765666,29.26,28.99266666666667,29.03166391077786,4.695928156074614,4.662945335398251,4.684045211744692,29.409999999999997,29.28236363636363,29.009613244157528,4.7817281028523055,4.732964925877968,4.729295034548142,28.463,28.9627619047619,28.564115398196172,4.753446193010707,4.76108965051072,4.733442985797044,27.295,28.32406451612903,28.397749376956316,4.711529839577206,4.748428396822923,4.7195136140689,28.409000000000002,27.996546448087432,28.858039755090967,4.640105695130733,4.679982990668442,4.70630162204499,7.728953068148428
2010-08-13,sz000901,29.04,31.49,31.49,28.53,140698,188339920.0,10.33,9.87,2.83,6.34,5.148287924050686,0.5246045561734665,29.548000000000002,29.735999999999997,29.851109273851907,4.7694157508014206,4.813731924723609,4.838792782513357,29.630000000000003,29.66054545454546,29.460592654310705,4.806765609060183,4.799612166095856,4.8054755599122405,28.719500000000004,29.251047619047622,28.842771074558442,4.780793992305448,4.7986936248954795,4.772952027535487,27.556333333333335,28.594709677419356,28.597249417152685,4.7336908065424215,4.776606337756695,4.747176472777403,28.450166666666668,28.097562841530053,28.944333533612575,4.649023704663181,4.696644703092047,4.72079297620911,8.274942381611105
2010-08-16,sz000901,32.11,32.25,32.96,31.28,199480,284463552.0,5.34,2.41,0.76,9.0,5.299899359546325,0.1516114354956395,29.978,30.636666666666667,30.650739515901275,4.878746440827879,4.990559794305242,4.99249497485768,29.897,30.136909090909086,29.967757626254212,4.8568373481597344,4.889272848002427,4.895370796209347,28.992,29.587285714285713,29.16726906745764,4.812562032292956,4.848132231299373,4.823137487726995,27.841666666666665,28.897526881720427,28.832910745078323,4.765083910353751,4.8131359218214635,4.782836013859269,28.498,28.222147540983606,29.052716040707242,4.661789105515467,4.717984888498052,4.739780070744756,8.454026628624518
2010-08-17,sz000901,32.02,32.23,32.96,31.93,119509,170867600.0,3.19,-0.06,-0.02,5.39,5.077400612423545,-0.2224987471227804,30.7,31.38733333333333,31.177159677267518,4.944421605649046,5.056777851503798,5.020796854046301,30.177000000000003,30.561090909090908,30.379074421480716,4.8761789187394395,4.929375259686757,4.92846712643011,29.232,29.895666666666667,29.45895772769977,4.827382013633981,4.8733549532165705,4.8473530234123805,28.101,29.18064516129032,29.052077793782946,4.774391234636992,4.833285386471126,4.801840181508577,28.547666666666665,28.344508196721314,29.156889285274218,4.6702683236000135,4.731611495281923,4.750849596701437,8.23265971939003
2010-08-18,sz000901,32.87,33.1,34.96,32.87,194474,292017632.0,6.48,2.7,0.87,8.77,5.2888615469917575,0.2114609345682128,31.546000000000003,32.18733333333333,31.81810645151168,5.087626562177907,5.171591165284702,5.1101517516947865,30.476999999999997,31.09254545454545,30.873788163029676,4.909030365087844,5.004408464823541,4.993993384714046,29.5265,30.264047619047616,29.805723658395028,4.855986122539916,4.91730538496493,4.889401454229464,28.379666666666665,29.50316129032258,29.31323406515179,4.799529999051546,4.866477019526273,4.833260914765558,28.606333333333335,28.493765027322404,29.286171603789814,4.682501808810342,4.75189324031116,4.76848933277653,8.465409074904313
2010-08-20,sz000901,32.18,34.08,34.62,31.37,167255,244173312.0,9.82,2.96,0.98,7.54,5.223379109638376,-0.06548243735338133,32.63,33.032000000000004,32.572070967674456,5.207565710530138,5.216842014438192,5.14789420434265,30.945000000000004,31.747636363636367,31.45673576975155,4.951746933302376,5.061562782014547,5.035699880154834,29.8445,30.697714285714287,30.212797595690738,4.8814704728700065,4.9522951932600225,4.921208849982693,28.702,29.870924731182793,29.62076735127103,4.825547961874029,4.8938221234351005,4.8584298305638045,28.647666666666666,28.673229508196723,29.4433463053049,4.6886754340011425,4.769626922305522,4.783403751690033,8.38769819407027
2010-08-23,sz000901,33.5,33.88,34.85,33.3,121206,183616496.0,4.55,-0.59,-0.2,5.47,5.083524119024941,-0.13985499061343543,33.108000000000004,33.44866666666667,33.008047311782974,5.1946129495249895,5.175494817269793,5.126437509236748,31.328000000000003,32.28127272727272,31.89732926616036,4.9820143501632055,5.085522270327741,5.044395196313034,30.177,31.082047619047618,30.562054967529715,4.900231583869109,4.9715383976557295,4.936667447034336,28.983999999999998,30.204989247311822,29.89555655441484,4.837198255445882,4.910465746477095,4.872952042722587,28.700333333333333,28.844781420765035,29.58881036086867,4.695959630231357,4.782572780830893,4.7932437637338,8.26391169538349
2010-08-24,sz000901,33.95,33.46,34.22,32.87,89510,132672944.0,3.98,-1.24,-0.42,4.04,4.9518715571283645,-0.13165256189657626,33.35,33.566,33.158698207855316,5.1250073890413965,5.094581019804251,5.068248858533954,31.663999999999998,32.66890909090909,32.18145121776757,5.001876914934638,5.080041762503225,5.027572716461276,30.467000000000002,31.394714285714283,30.838049732526887,4.910928574436195,4.976456490347089,4.938115457519482,29.242333333333338,30.493763440860217,30.1255206476784,4.8470948052420955,4.917864024004998,4.878043624297153,28.743000000000002,29.000836065573765,29.715734611331992,4.700262479950764,4.7909633358111225,4.798444674992639,8.122782366198741
2010-08-25,sz000901,33.05,33.55,34.49,32.79,102095,152216208.0,5.08,0.27,0.09,4.6,5.009004473472008,0.057132916343643814,33.614000000000004,33.632666666666665,33.28913213857021,5.111328161251089,5.055913381281122,5.048500730179972,32.157,33.011818181818185,32.43027826908255,5.0278748834500675,5.081337682237292,5.024196672281409,30.758499999999998,31.688333333333333,31.09633071038147,4.929233324669385,4.985797052160023,4.944866792372103,29.516333333333332,30.771677419354837,30.346454799441084,4.861240781743878,4.928309809052088,4.886492711340693,28.782333333333334,29.158442622950822,29.841448230632583,4.707264799445858,4.801086024123296,4.805348274942782,8.18246089862503
2010-08-26,sz000901,33.61,33.95,34.33,33.17,73152,109296088.0,3.46,1.19,0.4,3.3,4.864226204379169,-0.1447782690928392,33.784000000000006,33.74466666666667,33.50942142571348,5.026401092728572,4.973546062323815,4.9870758882463715,32.665,33.337818181818186,32.70659131106754,5.057013827453239,5.051583376951673,4.995111132662819,31.051000000000005,31.99228571428571,31.36810873796419,4.933633555007541,4.979605897846668,4.937186736372776,29.764333333333337,31.057720430107523,30.57894158657392,4.857625056337188,4.928502416964043,4.8850561625044655,28.827833333333334,29.32787431693989,29.97615484602168,4.710341137890591,4.806232299694878,4.807278698858729,8.038604617664085
2010-08-27,sz000901,33.93,32.85,33.93,32.38,73475,107572472.0,4.57,-3.24,-1.1,3.31,4.86613959474465,0.0019133903654813267,33.538,33.43333333333333,33.28961428380899,4.954953189749826,4.920125562995842,4.946763790412465,33.084,33.37145454545454,32.73266561814617,5.081259450139982,5.016878971004657,4.971661762132243,31.246999999999996,32.163619047619044,31.50924123911046,4.9314937764961435,4.973177901631155,4.930420341932002,30.00333333333333,31.25679569892473,30.725461484214314,4.862717278720465,4.9290517420225886,4.883835738778027,28.892333333333333,29.459748633879784,30.070379277299654,4.714392757232229,4.811340445821242,4.809208564297611,8.031701148764812
2010-08-30,sz000901,32.99,34.06,34.29,32.56,92964,137357680.0,5.27,3.68,1.21,4.19,4.968314802014349,0.1021752072696982,33.574,33.60733333333334,33.54640952253933,4.9319113263477075,4.924579433750682,4.953947460946427,33.341,33.54890909090909,32.973999142119595,5.0632621379363485,4.996343580436361,4.971053223928989,31.485500000000002,32.43152380952381,31.752170644909462,4.935013873498265,4.976684665966222,4.93402933813032,30.26,31.518516129032257,30.94059300136178,4.874950040849082,4.935864485460903,4.889286000922306,28.961,29.62918032786885,30.2011865141095,4.7179334230045935,4.819665758764917,4.814425162255537,8.137852946889996
2010-08-31,sz000901,33.75,35.18,36.15,33.41,146376,223648576.0,8.04,3.29,1.12,6.6,5.165469875069307,0.19715507305495805,33.918,34.14266666666666,34.09093968169289,4.974630989935896,5.0024322833245485,5.024454932320721,33.634,33.883272727272725,33.375090207188755,5.049819189488646,5.014926805369626,5.006401705954501,31.765499999999996,32.78338095238095,32.07863058348951,4.953328268824191,4.998632856592037,4.956071294029271,30.53933333333333,31.835935483870962,31.21410313030618,4.891647751358186,4.954607700571886,4.907104315383403,29.04866666666667,29.83308196721312,30.36442630053214,4.730149248566433,4.834339085062121,4.8259348249707426,8.349566137307196
2010-09-01,sz000901,35.18,33.99,35.29,33.43,108511,164986960.0,5.29,-3.38,-1.19,4.89,5.035473765808079,-0.12999610926122784,34.00600000000001,34.166666666666664,34.057293121128595,4.979924848403111,5.022713208615276,5.028127876816507,33.81,33.94800000000001,33.48689198769989,5.0456265048271,5.012318546518613,5.011687535018789,31.9935,32.99523809523809,32.26066576601432,4.96090271178327,5.006456237257168,4.963633434198681,30.758,32.05855913978495,31.39319325093159,4.900130177365022,4.963886798278331,4.915386215410802,29.122166666666665,29.995092896174867,30.483297569367153,4.739601355823031,4.844349724971684,4.832804954178523,8.21744962043307
2010-09-02,sz000901,34.26,34.31,34.96,34.02,77870,118780552.0,2.77,0.94,0.32,3.51,4.891370174696148,-0.14410359111193038,34.078,34.268,34.141528747419066,4.985353642466507,4.993194984046288,4.982541976109721,33.931000000000004,34.038909090909094,33.636547989936275,5.005877367597539,4.984271941040259,4.9898116513237625,32.204,33.21585714285714,32.45584045496534,4.957453866342692,4.999834090867919,4.956751219007964,30.994666666666667,32.28772043010753,31.58137433151665,4.9059498708924565,4.963321636815822,4.913836793429212,29.197999999999997,30.165185792349728,30.608763222830525,4.749331165322123,4.849325751819982,4.834725125343035,8.074745339210047
2010-09-03,sz000901,34.35,35.05,35.92,34.35,107699,167605184.0,4.58,2.16,0.74,4.86,5.032211670832818,0.14084149613666952,34.51800000000001,34.592,34.44435249827938,5.01856805768414,5.008814326835059,4.99909854101742,34.028,34.242363636363635,33.89353926449331,4.986760623716983,4.989059996173945,4.997520745779954,32.4865,33.48690476190476,32.702903268778165,4.96925377850968,5.00695388177174,4.963937928705569,31.238999999999997,32.549354838709675,31.805156632709124,4.916567189818999,4.971467559392621,4.921473882293961,29.291666666666668,30.357054644808745,30.754377543393456,4.759824605804004,4.8586005224924635,4.841200094047618,8.224287447156886
2010-09-06,sz000901,35.27,34.55,35.7,34.22,76625,118005976.0,4.22,-1.43,-0.5,3.46,4.884370487526471,-0.14784118330634666,34.616,34.602666666666664,34.479568332186254,5.001779194786565,4.96408180344917,4.960855856520437,34.095,34.33727272727273,34.01289576185816,4.966845260567136,4.970443607775672,4.976947971552048,32.7115,33.68342857142857,32.878817243180244,4.974429805365171,4.998869758820958,4.956360077164702,31.483,32.76296774193548,31.982243301566605,4.9224361427684515,4.969390352793101,4.919080114889607,29.363333333333337,30.529459016393446,30.878824181314982,4.763731162902953,4.862683994024349,4.8426155167846305,8.071904001188386
2010-09-07,sz000901,34.58,34.96,35.18,34.11,59295,90486144.0,3.1,1.19,0.41,2.67,4.773018073398652,-0.11135241412781927,34.572,34.717333333333336,34.6397122214575,4.923288834452434,4.887828096319865,4.898243262146509,34.245,34.49454545454546,34.185096532429405,4.948959912194165,4.935202301017764,4.93986980825143,32.9545,33.897571428571425,33.077025124782125,4.975418413564401,4.979687689109862,4.938898933948888,31.726333333333333,32.98729032258065,32.174356636949405,4.923605687022185,4.959750477349889,4.909656757374062,29.43316666666667,30.712956284153,31.012633224550555,4.766080763564178,4.86298848289306,4.840333633394926,7.956582081469851
2010-09-09,sz000901,35.2,33.75,35.52,33.64,75861,115794328.0,5.38,-3.46,-1.21,3.42,4.880018563276071,0.10700048987741884,34.524,34.443333333333335,34.34314148097167,4.892197793946032,4.87340467259441,4.89216836252303,34.265,34.404545454545456,34.105988071987696,4.936061321174572,4.922667510305384,4.928987763710455,33.211,33.97333333333333,33.141117970040966,4.98196810231232,4.970601989082402,4.9332912795990955,31.92733333333333,33.11784946236559,32.2760110474688,4.9315093235044465,4.95693840485014,4.907744615819353,29.480666666666664,30.854491803278687,31.10238295489316,4.769157253990619,4.866724148457383,4.841634778636931,8.063687286691666
2010-09-10,sz000901,33.68,34.49,34.67,33.03,75179,112182552.0,4.86,2.19,0.74,3.39,4.876096544610431,-0.003922018665639904,34.56,34.432,34.39209432064778,4.889143067928888,4.868037589482543,4.886811089885497,34.319,34.445454545454545,34.17580842253538,4.937248355197697,4.911764823657359,4.919371178419541,33.492000000000004,34.095142857142854,33.26958292527516,4.9971310913254685,4.960518983586984,4.9278441619811275,32.14033333333334,33.28318279569893,32.4188490444063,4.934838488404259,4.953363386856979,4.905702804773616,29.538999999999998,31.018732240437163,31.213452366208134,4.774057049127578,4.870230354707213,4.842764672603274,8.0499253153928
2010-09-13,sz000901,34.51,35.9,36.5,34.35,138888,218442160.0,6.23,4.09,1.41,6.26,5.142664724075153,0.26656817946472167,34.730000000000004,34.87866666666667,34.89472954709852,4.911233678577355,4.952544808197965,4.972095634615382,34.624,34.7329090909091,34.489297800256224,4.964900868130748,4.9491132543623495,4.95997000490238,33.854,34.32447619047619,33.52009883715372,5.0230801591353655,4.974379329563144,4.9483032631329396,32.37266666666667,33.525741935483865,32.64343942863815,4.942629473707679,4.966771531093809,4.920990670535007,29.627833333333335,31.22728961748634,31.367109665676722,4.78565995175461,4.882315852246479,4.8525974611761225,8.339336462275899
2010-09-14,sz000901,35.97,36.37,37.06,35.74,125863,203343168.0,3.68,1.31,0.47,5.68,5.099898079134955,-0.04276664494019755,35.09400000000001,35.425333333333334,35.38648636473235,4.954339196899053,5.015432941717165,5.01469644945524,34.855,35.050363636363635,34.83124365475509,4.978059195842809,4.97365820181766,4.985411472944667,34.098,34.564095238095234,33.79151799552003,5.020660666889579,4.981695321944057,4.962740864656942,32.608666666666664,33.783634408602154,32.88386269130666,4.94936231427978,4.976917892734279,4.932533083993068,29.745833333333334,31.44834426229508,31.53113885696601,4.795248189628214,4.892618741668784,4.8607056781583795,8.30822958539689
2010-09-15,sz000901,36.44,35.52,37.2,35.29,92401,148072192.0,5.25,-2.34,-0.85,4.17,4.965676671351404,-0.13422140778355107,35.206,35.56733333333333,35.43099090982157,4.992870916489602,5.019212099867948,4.998356523420628,34.888999999999996,35.17127272727273,34.956472081163255,4.958079875471018,4.971406833728314,4.981823327200437,34.2615,34.69952380952381,33.95613532928003,5.003949532479832,4.976458750940422,4.96302046529451,32.806666666666665,33.9714623655914,33.05393606606107,4.954912137706467,4.97797043190019,4.934671379951671,29.8355,31.637661202185786,31.661921189524502,4.798998028889397,4.898206560741676,4.8641473500663475,8.170473505550913
2010-09-16,sz000901,35.74,36.23,37.0,35.07,114228,182340608.0,5.43,2.0,0.71,5.15,5.0577725728677,0.09209590151629587,35.702000000000005,35.90866666666667,35.69732727321438,5.0284217184079285,5.040845985327314,5.018161873236319,35.113,35.41509090909091,35.188022611860845,4.96030975617698,4.989532778709529,4.99563228095812,34.4615,34.887,34.1726938693486,5.00296813050204,4.981584754786884,4.972044475539576,33.03333333333333,34.19232258064516,33.258843416637774,4.960705059914506,4.984606589007367,4.942613392397867,29.939999999999998,31.847316939890714,31.811694265277794,4.807747695353231,4.9066909720196525,4.870495718027048,8.260883398585802
2010-09-17,sz000901,36.5,35.03,36.75,35.03,75657,119956176.0,4.75,-3.31,-1.2,3.41,4.878849116374162,-0.17892345649353825,35.81,35.684666666666665,35.47488484880959,5.028972232760674,4.990988451316059,4.9717242876156,35.185,35.4,35.15929122788614,4.959057650344781,4.974721753290834,4.974398978306491,34.55800000000001,34.94114285714286,34.25434207226778,4.98246750897116,4.969763896298515,4.963168727047632,33.19766666666667,34.32113978494623,33.373111583306304,4.957988461010055,4.97932556039186,4.9384995681382735,30.029333333333337,32.01420218579235,31.917212486088356,4.815565497140581,4.9090221661514875,4.8707695999400675,8.079022612734628
2010-09-20,sz000901,34.8,33.23,35.07,32.72,76811,114729232.0,6.71,-5.14,-1.8,3.46,4.885423419213981,0.006574302839819524,35.275999999999996,34.824666666666666,34.72658989920639,4.9775239717884405,4.943138846800494,4.942957331481727,35.003,35.04454545454546,34.80851100463411,4.944378825182898,4.961333711267052,4.958221603926034,34.515499999999996,34.81466666666667,34.156785684432755,4.96556972444994,4.960521602035927,4.9557644120158555,33.32533333333333,34.32322580645162,33.36387857793171,4.9609621274007525,4.9746439447921125,4.935075300465739,30.089333333333332,32.119142076502726,31.960254699659227,4.825003772656117,4.911312589826026,4.871250053031015,8.059674086417681
2010-09-21,sz000901,33.37,33.5,34.26,33.05,33471,49815880.0,3.64,0.81,0.27,1.51,4.524668687798298,-0.3607547314156836,34.702,34.23266666666667,34.31772659947093,4.8624780935211085,4.792187085470446,4.803527783587251,34.898,34.771272727272724,34.57059991288246,4.908408645210081,4.885022777197125,4.879393800993718,34.4965,34.717952380952376,34.094234666867735,4.937626952888609,4.918531027116723,4.914707676376088,33.44033333333333,34.334494623655914,33.372660605161926,4.95242275198014,4.946495980946794,4.908597454487194,30.163166666666665,32.23096721311475,32.01073815212941,4.827133890442716,4.901465537863474,4.8598867295807615,7.69736780655547
2010-09-27,sz000901,33.77,35.38,35.74,33.77,59370,92293312.0,5.88,5.61,1.88,2.68,4.773567048926059,0.2488983611277611,34.674,34.458666666666666,34.67181773298062,4.824056169036039,4.762550070605429,4.79354087203352,34.940000000000005,34.858909090909094,34.71776356508565,4.908463542762822,4.860506123327304,4.860152573345053,34.592499999999994,34.80209523809524,34.21668850811843,4.928711727478493,4.902906274358385,4.901265711857038,33.61633333333334,34.45963440860215,33.502166372570834,4.953100123297208,4.934956903330402,4.899885815418735,30.267666666666667,32.40201092896175,32.12120575369894,4.832758357766694,4.899709247977682,4.857056576116673,7.965170231180501
2010-09-28,sz000901,35.47,36.53,36.93,35.29,108661,173630384.0,4.64,3.25,1.15,4.9,5.036073697499501,0.2625066485734422,34.734,35.07733333333333,35.29121182198708,4.8197163939624,4.83322258009325,4.874385147188847,35.218,35.148,35.047261098706436,4.924069056185164,4.883707969643063,4.892138232282225,34.7415,34.98661904761905,34.437003888297625,4.930065188679867,4.913131223884195,4.91410456763251,33.88,34.647612903225806,33.69751047756627,4.962668420269934,4.940310037149904,4.908672130391688,30.42983333333333,32.60733333333333,32.2657563847252,4.84088888661825,4.906375324690232,4.862925989932503,8.239625725730482
2010-09-29,sz000901,36.75,35.76,37.11,35.52,74658,119697816.0,4.35,-2.11,-0.77,3.37,4.873076351507806,-0.1629973459916947,34.88000000000001,35.419333333333334,35.44747454799139,4.818561840989129,4.851009232608386,4.873948881961834,35.345,35.246545454545455,35.176849989850716,4.923767036874901,4.8744365687926345,4.888672435777784,34.832,35.083619047619045,34.56300351798356,4.930507696036299,4.907703715582094,4.910197118477776,34.10966666666667,34.76890322580645,33.83057431772328,4.972676406508613,4.93452990368138,4.906375628528212,30.623166666666666,32.78209289617486,32.38032174916044,4.841741828597031,4.907430651407921,4.863258788672677,8.078086226364627
2010-09-30,sz000901,35.47,36.06,36.41,35.43,61642,98003720.0,2.74,0.84,0.3,2.78,4.789876721137764,-0.08319963037004197,35.446000000000005,35.81266666666667,35.65164969866093,4.799452501373885,4.841447525991265,4.8459248283538106,35.361,35.37654545454546,35.33742271896877,4.888488236581162,4.850092875022245,4.870709578570508,34.9925,35.20057142857142,34.705574611508936,4.926694552355956,4.8943102894012815,4.898738033016823,34.35633333333333,34.894731182795695,33.97440823270888,4.978216184950631,4.922736375592938,4.898859569986893,30.825666666666667,32.96034972677595,32.500966937712555,4.844873012263918,4.905730156081391,4.860852819245302,7.991242560843622
2010-10-08,sz000901,36.37,37.09,37.53,36.21,118169,192469632.0,3.66,2.86,1.03,5.33,5.0725035603462745,0.2826268392085103,36.164,36.360666666666674,36.13109979910729,4.909019475883481,4.9324645456487275,4.9214510723512985,35.43300000000001,35.69090909090909,35.65607313370172,4.885748784702296,4.883550206615902,4.907399393438829,35.144,35.40033333333334,34.93266274374618,4.931903990272551,4.9081968615908345,4.915287130857723,34.543,35.07109677419355,34.175414153179275,4.975690039493817,4.9288194320700764,4.910062408074595,31.049666666666667,33.16573770491804,32.65142703811542,4.854690423018118,4.913193452739827,4.867792187805989,8.284362215947223
2010-10-11,sz000901,37.09,36.55,37.09,35.74,114443,183895360.0,3.64,-1.46,-0.54,5.16,5.058589233844591,-0.013914326501683227,36.398,36.489333333333335,36.27073319940486,4.966023912867187,4.982321131635763,4.967163792849063,35.536,35.894,35.818605291210496,4.8950400409516135,4.914975742823592,4.9348884553307855,35.2125,35.534238095238095,35.0866948633894,4.926559958211316,4.92026212288341,4.928934950189806,34.68633333333333,35.200580645161295,34.328613240070936,4.967646368637093,4.93416776718948,4.919644783930725,31.264,33.34607650273224,32.7792491024395,4.866365139495422,4.919878659652171,4.874047828659713,8.264570771370659
2010-10-12,sz000901,36.32,36.3,36.86,35.72,79981,128018840.0,3.12,-0.68,-0.25,3.61,4.90298682980209,-0.1556024040425008,36.352000000000004,36.45666666666667,36.28048879960324,4.939406539327705,4.961308770614066,4.945771471833406,35.54299999999999,36.032909090909094,35.906131601899496,4.879561466645052,4.916420613523679,4.929088159780113,35.328,35.63780952380952,35.20224773354279,4.919935611411017,4.918017063034912,4.926463700629071,34.822,35.30468817204301,34.45579948264701,4.961832575883045,4.929996184038836,4.918570077212748,31.4615,33.5111912568306,32.89468355809722,4.868111905260018,4.9210793708097675,4.874996648369299,8.107273887663073
2010-10-13,sz000901,36.3,35.79,36.3,34.96,88636,138761056.0,3.69,-1.4,-0.51,4.0,4.947610148815706,0.04462331901361516,36.358000000000004,36.26933333333333,36.116992533068824,4.954313298789286,4.964043307110065,4.946384364160839,35.619,36.07781818181818,35.88501676519049,4.886437569889208,4.92879310119107,4.93245579415022,35.402,35.68180952380952,35.25822413987205,4.9227476101169945,4.920652733263932,4.928477648075417,34.91166666666666,35.36713978494624,34.54187693537946,4.950457529277176,4.929078608099008,4.920443630219391,31.645666666666667,33.65310928961748,32.98961196602846,4.874993764164361,4.923685870598478,4.877377418875739,8.14226759625238
2010-10-14,sz000901,36.08,33.77,36.77,33.73,104357,163019744.0,8.49,-5.64,-2.02,4.71,5.018521585738907,0.07091143692320134,35.900000000000006,35.406666666666666,35.33466168871256,5.000042271709514,4.985446069426605,4.970430104686862,35.672999999999995,35.74163636363637,35.50046826242858,4.8997473865417,4.952808376800108,4.9481041198936175,35.338,35.52638095238095,35.11648850750328,4.922063105862298,4.929774064275542,4.937053261186226,34.90133333333333,35.293483870967734,34.4920784234195,4.943628945147194,4.933469837548151,4.926771240252909,31.801666666666666,33.72275956284153,33.01519845894556,4.884588453510612,4.9283917008140365,4.88200509647781,8.212240206802548
2010-10-15,sz000901,33.68,34.02,34.64,33.01,95407,143118560.0,4.83,0.74,0.25,4.3,4.979580240006466,-0.038941345732441235,35.286,34.78,34.89644112580837,4.981457607641552,4.978625392192256,4.973480149793398,35.725,35.44109090909091,35.231292214714294,4.945238541762516,4.967323441066427,4.953827050823226,35.3115,35.40085714285714,35.012061030598204,4.926823593486299,4.935251886574986,4.941103449645297,34.906,35.23662365591398,34.46162175094082,4.940164149179911,4.935789275926169,4.930178272495073,31.944999999999997,33.795491803278686,33.04814277176702,4.888681202312896,4.931506185617179,4.885204281511536,8.155695957889108
2010-10-18,sz000901,34.04,33.61,34.04,32.2,81625,118369224.0,5.41,-1.21,-0.41,3.68,4.91182319428313,-0.06775704572333563,34.698,34.22133333333333,34.467627417205584,4.95210439972926,4.955413921072782,4.952927831289975,35.548,35.05654545454546,34.936511812038965,4.959064156298224,4.961247923342904,4.946189985997754,35.244,35.23880952380952,34.87853140863647,4.933763849530523,4.933823277127065,4.938314853896519,34.910999999999994,35.15301075268817,34.40667841217045,4.9388292037517365,4.933960827223151,4.928994073900755,32.07666666666667,33.850081967213114,33.066564320233674,4.892962004496916,4.93226493945227,4.886077032749949,8.07323880049176
2010-10-19,sz000901,33.52,34.29,34.58,33.23,72347,108728616.0,4.02,2.02,0.68,3.26,4.859420527017481,-0.052402667265648795,34.29600000000001,34.08533333333334,34.40841827813706,4.943391139172338,4.9245192968355225,4.921758729865811,35.324,34.82781818181819,34.81896420985006,4.941398839250022,4.943130899837313,4.930413720728613,35.271,35.14795238095238,34.82248079829014,4.932733947717592,4.926742960697252,4.930801108479467,34.93566666666666,35.11294623655914,34.39915077267558,4.933843072203252,4.928837686788683,4.924505457972803,32.226,33.92265027322404,33.10667696547191,4.897541926973566,4.9311652188791735,4.885203048955441,8.036343859958736
2010-10-20,sz000901,33.88,34.24,34.98,33.35,82236,124702424.0,4.75,-0.15,-0.05,3.71,4.91506197786502,0.055641450847538465,33.986000000000004,34.06666666666667,34.35227885209137,4.936881504982201,4.915076243066417,4.919526479198881,35.172000000000004,34.63072727272727,34.71369798987732,4.945597401885744,4.938342379585495,4.927622494753415,35.258500000000005,35.0497619047619,34.76700643654822,4.934682219380322,4.925059915949388,4.929302143659044,34.94533333333333,35.068064516129034,34.38888298089007,4.935537597986114,4.92762600328299,4.923896201191656,32.35483333333333,33.98868306010929,33.14383509775153,4.896581327161651,4.931739646777253,4.886182030231165,8.095874895496124
2010-10-21,sz000901,34.29,34.73,34.87,33.91,70582,107547976.0,2.8,1.43,0.49,3.18,4.848693960295664,-0.06636801756935551,34.178000000000004,34.31466666666667,34.47818590139425,4.902915979893552,4.88568039483757,4.895915639564476,35.039,34.550363636363635,34.7166619917178,4.951479125801533,4.920723572023664,4.9132718521247325,35.2,34.999428571428574,34.76348201401982,4.919983681191348,4.916870557941325,4.921625173814912,35.008,35.05417204301075,34.410890530510066,4.934956076837816,4.922023187948123,4.919044443714496,32.50566666666666,34.06655737704918,33.19584050438262,4.898836677779141,4.9301695691750895,4.884952913184099,8.03160224159189
2010-10-22,sz000901,34.94,35.63,36.01,34.89,103218,162101824.0,3.22,2.59,0.9,4.65,5.013755439723481,0.16506147942781713,34.5,34.79866666666667,34.86212393426283,4.909751019836955,4.922626881447547,4.935195572950811,34.893,34.65781818181818,34.88272344776911,4.945604313739254,4.932046538191289,4.9315415953245045,35.163,35.04038095238096,34.84600753649412,4.915676549220774,4.925801201611051,4.930399484853824,35.06033333333333,35.09430107526882,34.48954275434813,4.936470764761452,4.927107017811714,4.925154830553785,32.66016666666666,34.168994535519126,33.27564901243565,4.9057104028052665,4.93393739743556,4.889175946841128,8.209787901638634
2010-10-25,sz000901,35.83,36.41,36.79,35.18,119562,190665136.0,4.52,2.19,0.78,5.39,5.077593171185736,0.06383773146225469,35.06,35.43533333333333,35.37808262284189,4.942905015217477,4.978574265230475,4.982661439029119,34.879,34.93363636363636,35.16041009362927,4.947504707473368,4.956044512272468,4.958096427299274,35.2075,35.15914285714286,34.994959199685155,4.92127237421249,4.941221832274382,4.944417931171149,35.10133333333333,35.181376344086026,34.61344322180955,4.933541541298666,4.936211689193927,4.934989562207459,32.82033333333333,34.29193989071038,33.378414618585296,4.912594646328427,4.9395728980381985,4.895353560754066,8.280271287555415
2010-10-26,sz000901,36.21,37.94,38.39,35.7,205780,338863264.0,7.39,4.2,1.53,9.28,5.313403162886471,0.23580999170073458,35.79,36.39533333333334,36.23205508189459,5.033701542391275,5.102073647786806,5.0929086803149035,35.043,35.49018181818182,35.66579007660576,4.988546340781806,5.022571504165759,5.022697651951491,35.293,35.419380952380955,35.27543927590561,4.93405390371343,4.978567621671904,4.979559381810703,35.233,35.36451612903225,34.828059788144415,4.942805854534613,4.960718890586687,4.959403342896429,32.9955,34.459797814207654,33.52797479502512,4.9214680159498165,4.952714160876168,4.909060105086276,8.530024489737785
2010-10-27,sz000901,37.71,37.18,38.32,36.68,142105,235084688.0,4.32,-2.0,-0.76,6.41,5.152609358956373,-0.16079380393009757,36.378,36.858666666666664,36.54803672126307,5.081211018609546,5.141709586641839,5.112808906528727,35.182,35.878727272727275,35.94110097176834,5.009046261795873,5.052401143833864,5.046317962316015,35.4005,35.59909523809524,35.45682601153365,4.94774191584254,4.999382426933137,4.996040332015053,35.32866666666666,35.49012903225806,34.979797866328646,4.9515138273432875,4.974254600549382,4.971868247158361,33.16166666666667,34.59699453551913,33.647713326335776,4.928731849117871,4.960292565564906,4.917045326524639,8.37122434272056
2010-10-28,sz000901,36.93,37.8,38.36,36.93,142366,237783584.0,3.85,1.67,0.62,6.42,5.153406283012482,0.000796924056109205,36.992000000000004,37.33266666666667,36.96535781417538,5.142153483152908,5.16577467477615,5.126341365356646,35.585,36.35472727272727,36.279082613265004,5.022534731523231,5.078648420418701,5.065788566079009,35.629000000000005,35.827619047619045,35.679985439006636,4.961141059032466,5.01896950952075,5.01102756544338,35.42033333333333,35.649569892473124,35.161746391081635,4.955553647749276,4.987279920269975,4.983580378503789,33.32966666666667,34.749071038251365,33.78385387301329,4.936060418784137,4.9676589404466975,4.924794866081617,8.376181868683402
2010-10-29,sz000901,37.6,39.06,40.0,37.44,187745,324985408.0,6.77,3.33,1.26,8.47,5.273568379757035,0.12016209674455247,37.678000000000004,38.022,37.66357187611692,5.194116071159619,5.20957964031086,5.175417036823443,36.089,36.98654545454546,36.78470395630773,5.051933545498287,5.124290901915756,5.1035667140204675,35.907,36.154380952380954,36.00189158767267,4.998586043630402,5.048724492446899,5.03603145252087,35.57066666666667,35.88438709677419,35.413246623915086,4.968526910823628,5.007796999754347,5.002289281810451,33.52683333333333,34.936950819672134,33.95684227061941,4.945481526796041,4.978724775232694,4.936230063251303,8.511863861387027
2010-11-01,sz000901,39.21,40.22,41.79,39.21,175485,314743456.0,6.61,2.97,1.16,7.91,5.244240000028975,-0.029328379728060128,38.440000000000005,38.86933333333333,38.51571458407795,5.227445436928266,5.226287616600645,5.198358024558621,36.74999999999999,37.737636363636355,37.40930323697905,5.085175226072872,5.1592557118304265,5.129143675112923,36.149,36.56514285714285,36.40361619837051,5.022119691185548,5.072120107342001,5.055860837997833,35.746,36.18434408602151,35.72335974495282,4.984234308377973,5.025584940993402,5.017899005566485,33.73616666666667,35.15639890710383,34.1621917043696,4.953919997700079,4.988520135010822,4.94632874970303,8.49795670922427
2010-11-02,sz000901,40.78,42.53,42.8,39.8,187795,348056896.0,7.46,5.74,2.31,8.47,5.2736840250902794,0.029444025061304835,39.358000000000004,40.23266666666667,39.85380972271864,5.219501609369028,5.241700479321316,5.223466691402507,37.574,38.78854545454545,38.34033901207376,5.1266015758801515,5.193530038924501,5.15542373874517,36.449,37.17285714285715,36.98708132233522,5.034000207565087,5.096078615332929,5.076605903435208,36.03866666666667,36.622021505376345,36.16249782592361,4.997356490438446,5.044259116265163,5.034401264890601,33.983,35.44472131147541,34.43654607471814,4.964432906971445,4.999004201482632,4.957061709551791,8.541650242794633
2010-11-03,sz000901,42.53,39.62,43.99,38.88,179635,331720448.0,12.02,-6.84,-2.91,8.1,5.254390958311019,-0.01929306677926057,39.846000000000004,40.32,39.77587314847909,5.2398579292399585,5.25333026230198,5.233774780372011,38.112,39.160545454545456,38.57300464624217,5.160534473924751,5.216764472093749,5.1734177786662325,36.641999999999996,37.47485714285715,37.23783548211282,5.053065937905247,5.117068210642065,5.093537813423381,36.209666666666664,36.85307526881721,36.385562482315635,5.009966304228466,5.060841985160168,5.04859414833708,34.175,35.62954098360655,34.60649538374377,4.9724023963163635,5.008511022838027,4.9668102095111095,8.52077224324048
2010-11-04,sz000901,39.37,43.54,43.54,39.35,143465,270708512.0,10.58,9.89,3.92,6.47,5.156745962666777,-0.09764499564424156,40.99400000000001,41.55133333333333,41.03058209898606,5.240525865170817,5.225626273444252,5.2080985078036,38.992999999999995,40.147454545454536,39.476094710561775,5.1913396741618625,5.216075651865027,5.170386539393603,37.016000000000005,38.13180952380952,37.83804162667351,5.0714093999816985,5.126942498714592,5.0995576371608475,36.46433333333333,37.326,36.84713909635979,5.010435678848186,5.070311640543285,5.055571684745448,34.4185,35.93659016393442,34.89939717444069,4.976532576277933,5.01455507419378,4.973037611253918,8.432501911686689
2010-11-05,sz000901,46.96,46.09,47.86,44.93,432229,895589056.0,6.73,5.86,2.55,19.49,5.635713902106353,0.47896793943957583,42.400000000000006,43.25,42.717054732657374,5.31295496964068,5.357355619089431,5.350636972571184,40.039,41.43781818181818,40.67862294500509,5.25353552040015,5.296870966036752,5.254991514432285,37.465999999999994,38.996,38.623942424133176,5.099569917069703,5.180685784631225,5.150620138584229,36.788333333333334,37.947010752688165,37.44345270304626,5.028296206280566,5.110652171076069,5.093000214897765,34.698499999999996,36.31926229508196,35.26630218511477,4.988829260280173,5.036167576679957,4.994764702757276,8.9521087779085
2010-11-08,sz000901,46.23,44.99,46.94,43.9,227750,453427040.0,6.6,-2.39,-1.1,10.27,5.357458385645036,-0.27825551646131697,43.354000000000006,44.11333333333334,43.47470315510492,5.335598646763893,5.372190091090883,5.352910776929136,40.897000000000006,42.338,41.46250968227689,5.28152204184608,5.315766032444913,5.273621854652784,37.888,39.71257142857142,39.230233621834785,5.114513374659724,5.205246591162209,5.170319019256687,37.104000000000006,38.47615053763441,37.930326722204576,5.041355596757021,5.131888440712487,5.110062032365331,34.955333333333336,36.65668852459016,35.585111949537236,4.9981338672317435,5.048253777511592,5.00665629891753,8.656507415597796
2010-11-09,sz000901,44.32,44.37,44.86,43.58,143582,280147520.0,2.85,-1.38,-0.62,6.47,5.157099998467163,-0.20035838717787335,43.722,44.452000000000005,43.77313543673662,5.31228184143927,5.31269054165864,5.287640517441812,41.540000000000006,42.969454545454546,41.991144285499274,5.265891725404149,5.2931438427396555,5.252436062619035,38.2915,40.329904761904764,39.71973518166004,5.127219033092977,5.209302460096252,5.16906006489578,37.37533333333333,38.944924731182795,38.34578951432041,5.044666510943669,5.13935582146798,5.113096739855772,35.20433333333333,36.96536612021858,35.873141065945845,5.0026857854290885,5.053465781814392,5.011588879230633,8.447386782237881
2010-11-10,sz000901,44.14,43.9,44.66,43.13,97661,190223760.0,3.45,-1.06,-0.47,4.4,4.9897211669300665,-0.16737883153709632,44.578,44.51133333333333,43.81542362449108,5.259347883163079,5.2051703168222385,5.18833406727123,42.212,43.398545454545456,42.33820896086304,5.249602906201519,5.242931013926186,5.204669717948312,38.697,40.86404761904761,40.117855640549564,5.129324583998696,5.1962074252235935,5.151980169851426,37.67100000000001,39.36587096774194,38.704125674686836,5.0483622459622,5.135810960563877,5.105137025473469,35.434333333333335,37.250469945355185,36.13631676870172,5.003175353486127,5.053040712355409,5.0108719050568435,8.279264761772916
2010-11-11,sz000901,43.81,42.98,44.81,42.93,129487,252511856.0,4.28,-2.1,-0.92,5.84,5.112226169099394,0.12250500216932725,44.466,43.97866666666666,43.536949082994056,5.250443924449603,5.156129745467676,5.162964767880618,42.730000000000004,43.53818181818182,42.45489824070612,5.245484894810209,5.217953425362163,5.1878617999757815,39.1575,41.271952380952385,40.39044081764008,5.1340098131667204,5.194579004756993,5.148194074541709,37.996,39.708387096774196,38.97998853438446,5.055922337625047,5.1399312136695015,5.105594389578368,35.660666666666664,37.49786885245902,36.360699825465595,5.008442232512899,5.056616148932893,5.01419499568119,8.402281774036847
2010-11-12,sz000901,42.57,38.72,42.57,38.72,170382,302930816.0,8.96,-9.91,-4.26,7.68,5.231423711829807,0.11919754273041328,42.992000000000004,42.063333333333325,41.93129938866271,5.169585886394293,5.149789674594412,5.185784415863681,42.696,42.8090909090909,41.77582583330501,5.241270428017486,5.215396846638454,5.1957821475856045,39.3925,41.23028571428571,40.231351215960075,5.146601986757887,5.203856518915382,5.156120706664385,38.17,39.75509677419354,38.96321508055321,5.079480838426097,5.151253882973036,5.113712410368783,35.805166666666665,37.598174863387975,36.43805392954869,5.01595179520312,5.0639270171072175,5.021317248669669,8.48134345470631
2010-11-15,sz000901,38.68,39.73,39.89,38.23,90271,155967696.0,4.29,2.61,1.01,4.07,4.955548253494155,-0.2758754583356522,41.94,40.976,41.19753292577514,5.089203859964117,5.078443796961031,5.109039028407173,42.647000000000006,42.26981818181819,41.40385749997682,5.212401253364005,5.163447360361483,5.152103257750795,39.6985,41.26242857142857,40.183603481106736,5.148788239718439,5.185660925271217,5.13701856826722,38.31499999999999,39.85574193548388,39.01268507535623,5.085546878578366,5.143258232332264,5.103508271215581,35.96566666666667,37.72685792349726,36.545986587596275,5.019323500937788,5.06194657311676,5.01916088817211,8.193034656676696
2010-11-16,sz000901,39.75,37.09,40.18,36.82,95681,163407088.0,8.46,-6.64,-2.64,4.31,4.980825705651572,0.02527745215741728,40.484,39.35933333333333,39.8283552838501,5.053949001401,5.042317745523517,5.066301254155306,42.102999999999994,41.259454545454545,40.61951977270831,5.183115421420135,5.12134271532286,5.120961884641845,39.838499999999996,41.013999999999996,39.88897457814419,5.154858498650143,5.169664493455324,5.122143057541921,38.333666666666666,39.77670967741935,38.88864087694615,5.083705278850102,5.136502027627311,5.095593266985645,36.106833333333334,37.76372131147541,36.563823092920984,5.023186849560019,5.06068435032049,5.017903996941929,8.213270890706339
2010-11-17,sz000901,37.11,36.86,38.83,36.64,83406,139819776.0,5.9,-0.62,-0.23,3.76,4.921197293721232,-0.05962841193034052,39.07600000000001,38.15133333333333,38.83890352256674,5.040244226759232,4.998067176296928,5.017933267343948,41.827,40.30618181818181,39.93597072312498,5.149796054961156,5.073721237559424,5.084641049929006,39.9695,40.730333333333334,39.60050080879713,5.155165264442954,5.147411045366859,5.103005365749474,38.37033333333333,39.68163440860215,38.75776082036898,5.085309310257216,5.1260176414899625,5.084341913871812,36.24,37.78841530054645,36.57353381118587,5.028992858382915,5.0573404304569225,5.014733285360922,8.145568602026705
2010-11-18,sz000901,37.85,37.98,38.27,36.88,62031,103267352.0,3.77,3.04,1.12,2.8,4.792608782470484,-0.12858851125074722,38.076,37.785999999999994,38.552602348377825,4.97632074943345,4.915522028200679,4.942825105719461,41.271,39.60672727272727,39.580339682556804,5.113382336941527,5.008778097106574,5.031544274027457,40.132,40.54085714285714,39.4461673984355,5.152361005551695,5.112881856607575,5.0734437863895705,38.434333333333335,39.656451612903226,38.707582702925826,5.085400378968307,5.107133736471465,5.065520421523339,36.39533333333334,37.84546448087433,36.619647456720756,5.031808281959469,5.049590132886023,5.007450514774351,8.013963040906534
2010-11-19,sz000901,37.98,39.39,39.75,37.33,108500,185168944.0,6.37,3.71,1.41,4.89,5.035429738184549,0.24282095571406437,38.21,38.224,38.831734898918555,4.937121954704398,4.935225024451045,4.973693316541157,40.601,39.26472727272727,39.54573246754648,5.0533539205493465,4.994604897332578,5.032250722056019,40.32,40.470190476190474,39.44081812239402,5.153444720474748,5.101745545429751,5.069823400846235,38.511,39.71810752688172,38.751609625317705,5.084164584896249,5.103909824162834,5.063579087114386,36.527,37.94365027322403,36.71047868764794,5.029927312195033,5.0497088691556975,5.008367866361571,8.26756814983833
2010-11-22,sz000901,39.1,39.44,40.31,38.77,102366,179113680.0,3.91,0.13,0.05,4.62,5.010155733355473,-0.02527400482907538,38.152,38.634,39.034489932612374,4.948043450676662,4.959569617334737,4.985847455479263,40.046,39.05363636363636,39.526508382538026,5.01862365532039,4.986750681479148,5.028233451383192,40.4715,40.38638095238095,39.440740205975544,5.1500728485832346,5.088098975227916,5.064140765847115,38.60733333333333,39.77804301075269,38.79602190755528,5.082550134879947,5.0991350595473,5.06013241912994,36.64683333333333,38.03915846994535,36.79997118969227,5.025098251758519,5.049060620669156,5.008426484951534,8.25312875682405
2010-11-23,sz000901,39.1,37.58,39.24,36.95,73948,123447048.0,5.81,-4.72,-1.86,3.33,4.868926432549143,-0.14122930080633012,38.25,38.443333333333335,38.549659955074915,4.925663596056176,4.933197277958897,4.946873781169224,39.367,38.60527272727273,39.172597767531116,4.989806298728587,4.9595330046116475,4.99926853886791,40.453500000000005,40.111,39.263526853025496,5.127849012066369,5.0613231260818115,5.0455489245806415,38.65,39.71176344086022,38.71756888126139,5.081414788304847,5.085352885203378,5.047796549027953,36.736,38.06975409836066,36.82554590478433,5.021623682093947,5.043940233154094,5.003852712741619,8.091480709070387
2010-11-24,sz000901,37.76,38.95,39.15,37.76,68074,116414496.0,3.7,3.65,1.37,3.07,4.832981270317962,-0.03594516223118127,38.668,38.67666666666666,38.683106636716616,4.908020391375522,4.9023031693794925,4.90890961088547,38.872,38.52945454545454,39.13212544616182,4.974132309067377,4.931019363082443,4.969034490040647,40.541999999999994,39.96780952380952,39.233667152737354,5.111867607634448,5.033240484010535,5.0253043860794335,38.75533333333333,39.7311182795699,38.73256443730905,5.077593825688256,5.069324916300999,5.0339374987886,36.833499999999994,38.14234426229508,36.89520013741435,5.014025677482716,5.037755236046686,4.998250370367073,8.066007062279779
2010-11-25,sz000901,39.08,40.74,41.34,38.88,132807,235715520.0,6.32,4.6,1.79,5.99,5.1232209664571045,0.29023969613914247,39.220000000000006,39.367333333333335,39.36873775781108,4.974142828172846,4.974036694406687,4.980346729409348,38.647999999999996,38.869090909090914,39.4244662741324,4.975231788803148,4.958126391698757,4.997068394843639,40.689,39.986666666666665,39.37712742390523,5.110358341806679,5.034321756279359,5.034629774686831,38.98766666666667,39.859161290322575,38.862076409095565,5.081083805045529,5.072268602802215,5.039697722509149,36.9445,38.270426229508196,37.0212591493024,5.012356375096361,5.041335409455681,5.002347766960188,8.372388178317529
2010-11-26,sz000901,40.69,41.45,41.95,39.57,154352,281316928.0,5.84,1.74,0.71,6.96,5.188512261180191,0.06529129472308615,39.632000000000005,40.11066666666667,40.06249183854072,5.004759332771975,5.045493172075802,5.049735239999629,38.92100000000001,39.37854545454545,39.792745133381054,4.970940643738187,4.996904659403673,5.031876370541194,40.8085,40.05914285714287,39.57454385972378,5.106105535877837,5.041764986695884,5.049285249590961,39.23533333333333,40.018021505376346,39.02903922141198,5.0880482057513206,5.079199470939935,5.049298660487926,37.07066666666666,38.418147540983604,37.16646376735806,5.014106177465616,5.047111012278101,5.00845152086904,8.449195866241963
2010-11-29,sz000901,40.89,40.67,41.97,40.49,84926,154753920.0,3.57,-1.88,-0.78,3.83,4.929040669371032,-0.2594715918091586,39.87800000000001,40.45666666666667,40.26499455902715,4.988536319975086,5.02025361760882,5.009503716456764,39.015,39.69654545454545,39.95224601822086,4.968289885325874,4.989286482246009,5.013178970328436,40.831,40.04595238095238,39.67887301594057,5.090345569344939,5.024901666076189,5.03783338480811,39.470666666666666,40.110580645161285,39.13490765874024,5.088622121587584,5.068940920205723,5.041540080415868,37.19083333333333,38.536158469945356,37.28133380777255,5.0137256626696605,5.0443219792258205,5.005847886393696,8.18964165874422
2010-11-30,sz000901,40.67,38.41,40.67,37.31,93569,160689792.0,8.26,-5.56,-2.26,4.22,4.97113198806607,0.04209131869503757,40.044000000000004,39.967333333333336,39.64666303935144,5.008977431078472,5.014452173639148,4.996713140326532,39.147000000000006,39.58654545454546,39.67183765127161,4.967320513567324,4.989803228198772,5.005534064462551,40.625,39.815380952380956,39.558027966803365,5.07521796749373,5.013547991668677,5.031480870832677,39.608,40.042150537634406,39.088139422692485,5.09234583695587,5.06136091159143,5.036997622844913,37.27183333333333,38.576131147540984,37.31833925669803,5.013094454579561,5.042925465304391,5.004709660219019,8.20598828859357
2010-12-01,sz000901,38.39,38.54,39.26,37.56,42738,72698248.0,4.43,0.34,0.13,1.93,4.630814194728213,-0.3403177933378565,39.962,39.466,39.27777535956763,4.968544015960522,4.888397761522396,4.874746825127093,39.315,39.47618181818182,39.466048987404044,4.938282203668022,4.928620261137116,4.937403179056307,40.571000000000005,39.616809523809515,39.461072922345906,5.044039129314589,4.971223822833865,4.993322139775109,39.751333333333335,39.97324731182796,39.05277558897039,5.082870910851311,5.031584676609,5.010792240385771,37.348333333333336,38.61771038251366,37.3583937072981,5.009204254418711,5.030391686292871,4.992450792498008,7.861523944654076
2010-12-02,sz000901,38.97,38.47,39.21,38.45,44333,75975464.0,1.97,-0.18,-0.07,2.0,4.646727120863103,0.015912926134889815,39.508,38.968666666666664,39.00851690637842,4.873245246841722,4.781125463156589,4.798740257039096,39.364,39.32254545454545,39.284949171512395,4.923694037507284,4.875610246081675,4.884552986657543,40.317499999999995,39.416714285714285,39.36668502497963,5.018538187224405,4.933384583933725,4.9603130903549175,39.876,39.890580645161286,39.015177163875535,5.076138682870224,5.003446367577505,4.987304168158502,37.442,38.65448633879781,37.39483981525554,5.005547379854019,5.0185071901107206,4.981115590149322,7.8806733610984665
2010-12-03,sz000901,38.45,37.83,38.83,37.53,34244,57471724.0,3.38,-1.66,-0.64,1.54,4.5345844883785045,-0.11214263248459844,38.784000000000006,38.40933333333333,38.615677937585616,4.742459692281384,4.668238543668849,4.710688334152232,39.208,39.04363636363636,39.020412958510136,4.873609512526679,4.804863055330989,4.820922350606808,39.9045,39.179809523809524,39.220334070219664,4.963481716538013,4.887293755472211,4.919767509214307,39.949333333333335,39.758580645161295,38.93871412104485,5.0601663178253915,4.968507387287716,4.958096446882374,37.50483333333333,38.66720765027323,37.40910736229634,4.998318541293423,5.003065783832835,4.966475226156836,7.75945422501706
2010-12-06,sz000901,37.67,36.03,37.96,35.88,75702,122070256.0,5.5,-4.76,-1.8,3.41,4.879107353443136,0.3445228650646319,37.856,37.49133333333334,37.753785291723744,4.7324730290958055,4.713787764056101,4.766828007249201,38.867000000000004,38.46581818181818,38.476701511508296,4.860504674535446,4.805862662770344,4.831501442031595,39.4565,38.810809523809525,38.91649273019874,4.939564164927917,4.879258101844126,4.915895113426577,39.93666666666666,39.50572043010754,38.75105514549358,5.053550123900639,4.956826163779183,4.953000376337908,37.519000000000005,38.618852459016395,37.36389072746695,4.9935458325996525,4.999157220296759,4.963610705739994,8.086609855355865
2010-12-07,sz000901,35.74,36.44,36.64,35.07,52915,83570768.0,4.36,1.14,0.41,2.39,4.723578800462577,-0.15552855298055945,37.462,37.01933333333333,37.315856861149165,4.682962391575107,4.710823021178357,4.752411604986992,38.753,38.02454545454545,38.10639214577951,4.845969911326789,4.780967049302551,4.8118791435645,39.06,38.5235238095238,38.68063627970362,4.917888105027688,4.858688067133141,4.897579274096673,39.88666666666666,39.28012903225806,38.601954813526255,5.033889311819842,4.935537691299309,4.938198984345951,37.55983333333334,38.58347540983606,37.333599228205735,4.9883475831772275,4.990305842193905,4.955740807206308,7.92205439327199
2010-12-08,sz000901,36.35,36.66,36.97,36.03,39882,64477284.0,2.58,0.6,0.22,1.8,4.600776929157784,-0.1228018713047927,37.086,36.751999999999995,37.09723790743278,4.676954938461021,4.683427867039251,4.701866713043923,38.524,37.644,37.84341175563778,4.822749477210771,4.736386507090003,4.773496922763279,38.69799999999999,38.294952380952374,38.48819472925565,4.898440893139075,4.82848700276458,4.869312384102493,39.86933333333334,39.07195698924731,38.47666740620198,5.015494897493222,4.907594956934014,4.916429819495103,37.599000000000004,38.55397267759564,37.31151400760883,4.983504362418255,4.97759860763589,4.944102647270291,7.809406735238478
2010-12-09,sz000901,37.06,36.3,38.12,36.3,59540,97875208.0,4.96,-0.98,-0.36,2.68,4.774808830310706,0.17403190115292144,36.652,36.489999999999995,36.83149193828852,4.702571280350542,4.716045830989145,4.726180752132851,38.08,37.23963636363636,37.562791436430906,4.787908263596131,4.727670025835446,4.773735451408266,38.364,38.06657142857143,38.279795231231304,4.88157002619964,4.816712520590449,4.860312045646132,39.81933333333334,38.84167741935484,38.33623725096315,5.002874982403163,4.892066823567402,4.907292981483207,37.619833333333325,38.511382513661204,37.27834961391674,4.979214315076219,4.9707561311733475,4.938552030320796,7.990672698010125
2010-12-10,sz000901,35.72,36.46,36.79,34.82,38539,61166016.0,5.43,0.44,0.16,1.74,4.5859004415047915,-0.1889083888059142,36.378,36.426,36.70766129219235,4.712834470975799,4.677155551373895,4.679420648590165,37.581,36.94509090909091,37.36228390253438,4.727647081628592,4.690941330909748,4.739583631425815,38.251,37.8852380952381,38.106481399685464,4.849293862683389,4.788553512524274,4.83417760715648,39.73266666666667,38.62494623655914,38.21518968638488,4.979952717794755,4.865165240283636,4.886557978903954,37.651666666666664,38.473355191256836,37.25151847903422,4.9742398143091915,4.95786059433494,4.926989683146501,7.786510193991946
2010-12-13,sz000901,36.86,37.58,37.8,36.68,64120,105863904.0,3.07,3.07,1.12,2.89,4.806993513682107,0.22109307217731544,36.688,36.82666666666667,36.99844086146157,4.698411703023593,4.708541898942665,4.721944936954146,37.272000000000006,36.94490909090909,37.401868647528126,4.715442366059699,4.705367954919478,4.751839973654231,38.1435,37.82133333333333,38.05634031400113,4.841866125692786,4.7845249078574845,4.8315886458732065,39.644666666666666,38.486064516129034,38.174209706618115,4.965377834916526,4.8540065819537865,4.881424787599319,37.69533333333334,38.471005464480875,37.26228836496752,4.974806071647249,4.952377109068479,4.923055382508323,8.024747905661242
2010-12-14,sz000901,37.71,38.52,38.68,37.6,63810,108065272.0,2.87,2.5,0.94,2.88,4.804888744622391,-0.002104769059715572,37.104,37.43733333333333,37.50562724097438,4.714673691855556,4.744034246142264,4.749592872843562,37.283,37.17181818181818,37.605165257068464,4.698818041715332,4.721630932839968,4.761485204739351,38.214999999999996,37.85719047619047,38.100498379334354,4.833069277641327,4.781003252517447,4.829045798135033,39.510999999999996,38.413505376344084,38.19651875780404,4.949751325567596,4.8436524470961,4.876486978375001,37.77483333333334,38.498043715847,37.30352481201776,4.973553908003021,4.946806049166024,4.919181066512063,8.033686150919799
2010-12-15,sz000901,38.61,38.14,38.88,37.98,54974,93444200.0,2.34,-0.99,-0.38,2.48,4.740157338106828,-0.06473140651556353,37.4,37.782666666666664,37.717084827316256,4.742549773645365,4.7525287948926875,4.746447694597984,37.243,37.327636363636366,37.70240793760147,4.709752356053192,4.729147168547512,4.757607410806165,38.279,37.850047619047615,38.104260438445365,4.824017279860607,4.772154496371304,4.8205802305133,39.46166666666667,38.32505376344086,38.192872386332816,4.932610204894123,4.830130254356696,4.867691517712539,37.83566666666666,38.51001639344262,37.33095022801718,4.971288254561293,4.939153702612051,4.913311436072547,7.970552350271655
2010-12-16,sz000901,38.21,39.03,39.26,37.8,92284,157494304.0,3.83,2.33,0.89,4.16,4.96512641051614,0.22496907240931208,37.946000000000005,38.326,38.15472321821084,4.7806132896864515,4.826721007182946,4.819340599904036,37.299,37.652545454545454,37.94378831258302,4.741592285018497,4.775578814813502,4.79533813802616,38.3315,37.921571428571426,38.19242611097438,4.83264316126289,4.785593461195641,4.834346533370713,39.31133333333334,38.29720430107527,38.246880619472634,4.926222886489102,4.832228074074245,4.873977639828901,37.88783333333333,38.549174863387975,37.386656777918255,4.968329282668645,4.93895167493844,4.915010287693648,8.197264851547198
2010-12-17,sz000901,38.68,39.33,39.48,38.47,51765,89431864.0,2.59,0.77,0.3,2.33,4.714036218347168,-0.2510901921689719,38.52,38.78733333333333,38.546482145473895,4.806240445054927,4.804528650069852,4.784239139385081,37.449,38.021818181818176,38.195826801204284,4.759537458015363,4.770568620873261,4.780555970811798,38.328500000000005,38.016666666666666,38.300766481357776,4.816573485271021,4.774297561870333,4.822888408130376,39.086,38.298408602150545,38.316759289184084,4.8955002970304635,4.818538611613476,4.8636588384429835,37.93716666666667,38.596459016393446,37.45037294913405,4.961898251655514,4.930614197419702,4.908420973944582,7.951492282708884
2010-12-20,sz000901,39.82,41.3,42.35,38.83,207979,375628800.0,8.95,5.01,1.97,9.38,5.318019485710142,0.6039832673629739,39.264,39.714000000000006,39.464321430315934,4.908445639460533,4.97512166362159,4.962165921493435,37.976,38.722,38.76022192825805,4.803428671242063,4.872110807726857,4.878276609884224,38.421499999999995,38.29966666666667,38.58640776884751,4.831966672888755,4.822054323816917,4.870043748852258,38.962999999999994,38.441247311827965,38.50922643181737,4.894185667032633,4.845797914108939,4.892972428589252,38.0335,38.70671584699454,37.576590229490314,4.967770631894827,4.942290303454279,4.921850433346732,8.574758882852795
2010-12-21,sz000901,40.22,40.8,41.75,38.88,117065,208893552.0,6.95,-1.21,-0.5,5.28,5.0684270694623885,-0.2495924162477534,39.720000000000006,40.226,39.909547620210624,4.961153304428533,5.0284488069555415,4.9975863041497535,38.41199999999999,39.235454545454544,39.131090668574764,4.837913498142045,4.920292334676007,4.912849420716617,38.582499999999996,38.52619047619047,38.797226076576315,4.841941704734417,4.844574361585834,4.888937398434175,38.844,38.55976344086021,38.657018274925925,4.891229902732474,4.857039294910859,4.904292082839132,38.10966666666666,38.79742076502732,37.68227579573653,4.967948206838072,4.945590514522069,4.926656224694786,8.31992503464743
2010-12-22,sz000901,40.83,40.85,41.5,39.89,84901,152908208.0,3.95,0.12,0.05,3.83,4.928912805578749,-0.13951426388363952,40.262,40.602666666666664,40.22303174680708,4.998904397922917,5.017701974005614,4.974695137959419,38.831,39.67872727272727,39.443619637924805,4.870727085784141,4.936837663300863,4.915770036146095,38.677499999999995,38.74214285714285,38.992728354997624,4.846738281497457,4.852857323571009,4.892744580066991,38.742333333333335,38.689182795698926,38.798500966866186,4.8892029573540965,4.859470449933199,4.905880516564269,38.20666666666667,38.88726775956283,37.786135605712374,4.968782601658148,4.944310665300452,4.926730210953276,8.184430798646007
2010-12-23,sz000901,40.8,39.28,40.98,39.12,60692,107444152.0,4.55,-3.84,-1.57,2.74,4.78313144915058,-0.14578135642816914,40.312,40.275333333333336,39.90868783120472,4.9625054056498055,4.945777657748168,4.910840575023139,39.129,39.76036363636364,39.41387061284756,4.8715593476681285,4.920911183912943,4.891653929419638,38.6045,38.799523809523805,39.02008755928356,4.82973380563213,4.846799530014163,4.882305234265428,38.619,38.72387096774194,38.82956542061675,4.878233133355803,4.852627126823295,4.897961221892419,38.307500000000005,38.92245901639344,37.835114766180816,4.967077735490425,4.938223742267417,4.922022054828597,8.031182782570635
2010-12-24,sz000901,39.28,37.49,39.28,37.31,48700,81900576.0,5.02,-4.56,-1.79,2.2,4.6875289612146345,-0.09560248793594539,39.944,39.334666666666664,39.10245855413648,4.957203954223298,4.854118842936444,4.836403370420305,39.232,39.462363636363634,39.06407595596619,4.881722199639112,4.8874511136486705,4.85454029883691,38.4065,38.693380952380956,38.87436493458989,4.804684640633853,4.8332562114982105,4.863755113022495,38.577999999999996,38.65103225806452,38.7431418450931,4.860103308335297,4.840323631846445,4.884384947009981,38.374,38.89565573770492,37.823799527945376,4.969792073380697,4.929058208684604,4.914333756677319,7.913286956128451
2010-12-27,sz000901,37.49,36.1,38.34,35.81,40551,67034536.0,6.75,-3.71,-1.39,1.83,4.6080015685133136,-0.07952739270132092,38.904,38.05333333333333,38.101639036090994,4.815200370783933,4.737718047699782,4.760269436451308,39.084,38.89290909090909,38.52515305488143,4.861823005122234,4.837683726171252,4.80971507514171,38.178,38.47371428571429,38.61013970272418,4.788632685590967,4.8145244903438735,4.839397632593049,38.457,38.49116129032258,38.572616564764516,4.848518418835936,4.824059003470833,4.866553761300519,38.385999999999996,38.82109836065574,37.76728151063569,4.967032648707151,4.91719622491846,4.90429007837686,7.82629860762464
2010-12-28,sz000901,36.01,36.01,36.62,35.45,31279,49857564.0,3.24,-0.25,-0.09,1.41,4.495252860071183,-0.11274870844213059,37.946000000000005,37.08866666666666,37.40442602406066,4.700565528905692,4.631068877462199,4.671930577657934,38.833,38.334,38.067852499448435,4.830859416667113,4.771034608889243,4.752540126947069,38.05800000000001,38.26723809523809,38.36250735008378,4.764838729191221,4.786583554580085,4.806621939971919,38.421,38.333290322580645,38.407286463811964,4.83233265731659,4.801267677098913,4.842598864447014,38.37733333333333,38.74319672131148,37.709665723401734,4.958018968083346,4.9017280351271175,4.890879022038969,7.697731055411185
2010-12-29,sz000901,35.97,37.04,37.18,35.85,23884,38558560.0,3.69,2.86,1.03,1.08,4.378107062509742,-0.11714579756144072,37.184000000000005,36.78666666666666,37.28295068270711,4.590404380291891,4.523582721996882,4.5739894059418695,38.723,38.008,37.88097022682145,4.7946543891074045,4.688715999042449,4.684461387958463,37.983,38.17028571428571,38.236554269123424,4.752203372580299,4.749751967277087,4.765810999261235,38.427,38.244193548387095,38.319074433888616,4.8142296496095405,4.7719628000146015,4.812631651418804,38.39866666666667,38.69934972677595,37.68770947017545,4.949769479933378,4.882714530026344,4.874066826644568,7.586120806461822
2010-12-30,sz000901,37.02,36.82,37.29,36.44,25448,41508320.0,2.29,-0.59,-0.22,1.15,4.405653656099307,0.027546593589565127,36.69200000000001,36.665333333333336,37.128633788471404,4.514908821681636,4.461999147266021,4.517877489327683,38.501999999999995,37.662,37.688066549217545,4.73870711366572,4.617988593040977,4.63376907307498,37.9005,38.05952380952381,38.101644338730715,4.740149699342109,4.716747232374136,4.73151029991248,38.388333333333335,38.14051612903226,38.2223599542829,4.801331145397167,4.745603058497811,4.786375006559482,38.41133333333333,38.647590163934424,37.65925997935002,4.943365762182737,4.864874666949817,4.858709017774231,7.618135156180386
2010-12-31,sz000901,36.82,37.65,37.67,36.82,27298,45086536.0,2.31,2.25,0.83,1.23,4.436130829429701,0.030477173330393903,36.724000000000004,36.98466666666666,37.30242252564761,4.464629195324649,4.435739816515376,4.490628602695022,38.333999999999996,37.507090909090905,37.68114535845071,4.710916574773973,4.562974723179882,4.597834846957657,37.8915,38.03566666666667,38.058630592184926,4.735227016394669,4.68779305428724,4.703378921771263,38.33033333333333,38.09288172043011,38.18543350561949,4.781354515105338,4.722041747790233,4.76377860803498,38.42066666666666,38.62262841530055,37.658956373469685,4.932759550000795,4.848244013416929,4.844853995205558,7.654046869729386
2011-01-04,sz000901,37.56,38.5,38.63,37.49,34726,58396308.0,3.03,2.26,0.85,1.57,4.540654760910119,0.10452393148041761,37.20399999999999,37.57666666666667,37.701615017098405,4.45115983380401,4.461081671710533,4.507303988766721,38.053999999999995,37.53727272727272,37.830028020550586,4.633180102293972,4.53201802975009,4.587438467676286,38.015,38.09361904761906,38.100665773881595,4.7183043867680174,4.669262363288712,4.6878813826416295,38.299,38.10382795698924,38.205728118160174,4.765704482690493,4.706512731390541,4.749383521123699,38.45316666666667,38.62522950819672,37.686531574339526,4.92412730878522,4.835388118692647,4.834880249818822,7.766385390504307
2011-01-05,sz000901,38.34,38.61,38.99,37.98,38175,65127520.0,2.62,0.29,0.11,1.72,4.581779045728458,0.04112428481833952,37.724000000000004,38.04533333333334,38.00441001139894,4.468465070935466,4.504621409018682,4.5321290077539675,37.835,37.638363636363636,37.97184110772321,4.584515299920579,4.522672383101815,4.58640948186759,38.1235,38.150285714285715,38.14917379541668,4.711214399031311,4.656259949856373,4.677776398173709,38.333333333333336,38.12389247311828,38.23181017505307,4.756132903129805,4.694646574167185,4.738570329162716,38.49166666666667,38.63037158469945,37.71680922763987,4.918773845717326,4.824163585477669,4.826581849684712,7.813764540928244
2011-01-06,sz000901,39.55,38.95,40.22,38.88,47896,83393536.0,3.47,0.88,0.34,2.16,4.680299245137628,0.09852019940916978,38.10600000000001,38.45399999999999,38.31960667426596,4.528903507461043,4.5752328004194025,4.581519086881855,37.644999999999996,37.841090909090916,38.14968817904626,4.559653943876467,4.540087645868552,4.603480347916688,38.238,38.229000000000006,38.22544295775795,4.7151905148303035,4.653315649485545,4.67801666931313,38.333333333333336,38.16367741935483,38.278145002469,4.75104350229046,4.689754080103172,4.7348109043869036,38.544333333333334,38.645398907103825,37.757241711979546,4.914318663989358,4.816344746114402,4.821785698715955,7.921132388907197
2011-01-07,sz000901,38.59,37.33,38.86,36.91,48416,81310000.0,5.01,-4.16,-1.62,2.18,4.684988906343093,0.004689661205464546,38.208000000000006,38.19533333333334,37.989737782843974,4.5847705575098,4.627261266713419,4.616009026702268,37.45,37.78381818181818,38.00065396467421,4.549839689595718,4.562875820862484,4.618300085812398,38.289500000000004,38.1425238095238,38.140162676066716,4.710699518631923,4.650439305820097,4.678680691887411,38.21966666666666,38.09894623655914,38.21697435714842,4.736435766953325,4.685492493267859,4.731596581932465,38.60366666666667,38.60558469945355,37.743233786996605,4.908759785999427,4.808825737666983,4.817300557982418,7.910143961064513
2011-01-10,sz000901,37.6,36.19,37.67,35.79,43459,70718200.0,5.04,-3.05,-1.14,1.96,4.638079728899405,-0.04690917744368761,37.916000000000004,37.52266666666666,37.389825188562654,4.625160337403741,4.645030990509954,4.623365927434647,37.32000000000001,37.55472727272727,37.67144415291526,4.544894766364195,4.578919464372245,4.62189638455549,38.275999999999996,37.942571428571426,37.954432897393694,4.713308483001653,4.643523135369381,4.674813933507601,38.04433333333334,37.968,38.08620181797756,4.718088015877299,4.67914694242567,4.725563236575494,38.63983333333333,38.52644808743169,37.692308089062294,4.903068110814311,4.79995098169649,4.811424465225597,7.849531197988952
2011-01-11,sz000901,36.23,36.93,36.97,35.63,27847,44575940.0,3.7,2.04,0.74,1.26,4.444778414819479,-0.19330131407992646,37.602000000000004,37.193999999999996,37.23655012570843,4.605985068185612,4.584903682981866,4.5638367565629245,37.403,37.48381818181819,37.53663612511248,4.528572450994811,4.560716491364115,4.589693117330761,38.2435,37.81438095238096,37.856867859546675,4.695197728058522,4.617948843161555,4.652905788870637,37.919666666666664,37.89610752688173,38.01160815230159,4.701945940725581,4.6615140649380695,4.707448086784783,38.695166666666665,38.470387978142085,37.66731438122418,4.895284031156582,4.784925090024529,4.799403283245069,7.649100510176244
2011-01-12,sz000901,37.35,36.73,37.35,35.99,20367,33020960.0,3.68,-0.54,-0.2,0.92,4.308927063394053,-0.13585135142542537,37.226000000000006,36.90333333333333,37.06770008380562,4.551414671718732,4.485884348051346,4.478866858839968,37.475,37.36145454545455,37.38997501145566,4.509939871327099,4.520780966345796,4.538644743887723,38.153999999999996,37.6702380952381,37.74954711101842,4.670399643997106,4.581161160812558,4.620145910253819,37.86366666666666,37.819354838709685,37.92892375537891,4.679872443236515,4.636158008336034,4.68173705301764,38.73583333333333,38.405956284153,37.63658276216765,4.886109140096192,4.765700271409363,4.783322095708971,7.51878969511218
2011-01-13,sz000901,36.77,36.75,37.22,36.19,20479,33181784.0,2.8,0.05,0.02,0.92,4.311308746000808,0.0023816826067548647,36.786,36.74466666666667,36.96180005587041,4.477616571891368,4.405849039478706,4.423014154560248,37.446,37.22963636363636,37.27361591846372,4.503260039676205,4.484666216286469,4.497310926090102,38.084500000000006,37.53652380952381,37.65435214806429,4.648957214391805,4.546962027670053,4.590732846991627,37.803999999999995,37.74750537634408,37.85286415825769,4.6692222616122665,4.61237970528857,4.657838452564941,38.77766666666666,38.34084699453552,37.60751447488346,4.876046586231789,4.746854356848859,4.767846248177555,7.52089973191521
2011-01-14,sz000901,36.68,35.97,36.68,35.52,34815,55295812.0,3.16,-2.12,-0.78,1.57,4.541766399511599,0.23045765351079073,36.514,36.47266666666667,36.63120003724694,4.448972070525069,4.427232315352116,4.462598236210699,37.361000000000004,36.96127272727273,37.03659484237941,4.516871314017434,4.491667372620177,4.505393739439465,37.9315,37.335142857142856,37.493937657772456,4.627789213841577,4.5367533786338425,4.586069375803053,37.720666666666666,37.629182795698924,37.731389051273325,4.665723570900551,4.604156746443366,4.650349933013112,38.79833333333333,38.24879234972677,37.55382547570695,4.870931126885387,4.735894350726884,4.7604337941229335,7.742692239909298
2011-01-17,sz000901,35.74,33.64,35.74,33.61,28034,42603900.0,5.92,-6.48,-2.33,1.26,4.447685069004955,-0.09408133050664347,36.004,35.51466666666667,35.63413335816463,4.410893138546179,4.4268033148454125,4.457627180475452,36.96,36.28472727272727,36.419032143764966,4.51802673797496,4.479088055345182,4.494901253905917,37.647,36.92642857142857,37.126895976079844,4.614471656374468,4.519600602935117,4.572889918012758,37.581,37.36591397849462,37.46742846732021,4.662826923588099,4.590089746321069,4.637274780496457,38.765166666666666,38.07966666666666,37.425503328962456,4.861496620706745,4.722017430796379,4.750179737561688,7.629449356636837
2011-01-18,sz000901,33.64,33.28,33.91,32.92,22467,33101598.0,2.94,-1.07,-0.36,1.01,4.351545085306165,-0.09613998369879084,35.274,34.60666666666667,34.84942223877643,4.392246472643516,4.407020630432074,4.422266482085689,36.438,35.61563636363636,35.84829902671679,4.499115770414564,4.4488186639508545,4.46883649597869,37.246,36.51052380952381,36.76052493073891,4.566147936354268,4.494559977119088,4.551809457754987,37.489333333333335,37.08843010752688,37.19727179200923,4.645241514650199,4.570007047077072,4.6188406066132135,38.712999999999994,37.89982513661202,37.28958518702926,4.8493958192754185,4.705297708324229,4.737109748963147,7.519848960114997
2011-01-19,sz000901,33.28,35.29,35.29,33.28,33828,51531160.0,6.04,6.04,2.01,1.53,4.529276321919228,0.177731236613063,34.986000000000004,34.612,34.99628149251762,4.436316324348551,4.452697246857311,4.457936428696869,36.106,35.406909090909096,35.74679011276828,4.4938654980336405,4.454302400588066,4.479825555240605,36.9705,36.324238095238094,36.62047493733521,4.5391903989771105,4.4910483947919415,4.549663444818248,37.451,36.94653763440861,37.07422199897638,4.638764765365422,4.562525421739592,4.613062265665215,38.66883333333333,37.7875956284153,37.22402501696273,4.836327038592631,4.694801987099435,4.730295538240395,7.7120699188229755
2011-01-20,sz000901,35.07,33.46,35.16,33.39,26581,40145560.0,5.02,-5.19,-1.83,1.2,4.424571315444656,-0.10470500647457115,34.327999999999996,34.10333333333333,34.48418766167841,4.45896883823732,4.4487822438893465,4.446814724279465,35.557,34.92581818181818,35.331010092264954,4.468292705064345,4.441703458299161,4.46977932982316,36.601,35.98990476190476,36.319477324255665,4.513973324470405,4.480132291598373,4.53774990868743,37.34433333333333,36.68905376344086,36.84104638613919,4.6328912449083175,4.548706489486639,4.600901559199373,38.606833333333334,37.61681420765028,37.10061436066887,4.82419307120077,4.681301799455241,4.720271793230699,7.603637520371199
2011-01-21,sz000901,33.35,34.02,34.58,33.28,16455,24815040.0,3.89,1.67,0.56,0.74,4.216297886630392,-0.20827342881426425,33.938,34.00066666666667,34.329458441118945,4.393875135661079,4.367891926687037,4.369975778396441,35.226000000000006,34.64636363636364,35.09264462094405,4.421423603093074,4.395886218583896,4.423691794697202,36.338,35.74409523809524,36.100479483850364,4.485631646344396,4.451782249899325,4.507135430396283,37.26833333333333,36.47458064516129,36.65904339348505,4.6142742134523065,4.521829498629998,4.576088419033633,38.54383333333333,37.466426229508194,36.99961061113874,4.808574597927735,4.661370809797194,4.703748058588067,7.3947149795843305
2011-01-24,sz000901,34.2,33.23,34.51,33.23,19689,29370220.0,3.76,-2.32,-0.79,0.89,4.294223658976586,0.07792577234619369,33.85600000000001,33.76466666666667,33.96297229407929,4.363182853655405,4.3346747677922055,4.344725071923156,34.93,34.283454545454546,34.753981962590586,4.387037996100792,4.372758956017262,4.40015213365709,36.125,35.44809523809524,35.82710048538842,4.4659663812324935,4.433552917769057,4.486858118832502,37.160666666666664,36.21404301075268,36.43781478745375,4.6045516540347,4.501181075760598,4.557903595804146,38.44666666666667,37.29220218579235,36.8760168206096,4.792252185914728,4.644506844585682,4.690321029092608,7.467907199652803
2011-01-25,sz000901,33.28,32.09,33.61,31.73,21010,30077054.0,5.66,-3.43,-1.14,0.95,4.322426052405953,0.0282023934293667,33.61800000000001,33.176,33.338648196052866,4.357359047075363,4.321089167375721,4.337292065417421,34.446000000000005,33.76709090909091,34.26962160575593,4.37480275985944,4.361011329890927,4.386020118884155,35.9245,35.063809523809525,35.471186153446666,4.451687605427125,4.419882410261768,4.471197922029973,36.977666666666664,35.88690322580645,36.15731060761803,4.588399405325494,4.482979424042613,4.542711496230069,38.311166666666665,37.08378688524589,36.71909823632732,4.776888620121011,4.6291027090608035,4.678258898709439,7.478235295543248
2011-01-26,sz000901,32.05,32.61,32.74,31.87,15351,22003720.0,2.71,1.62,0.52,0.69,4.18613667169178,-0.13628938071417274,33.08200000000001,32.84,33.095765464035246,4.288731117029873,4.26401504224786,4.286906934175541,34.034000000000006,33.43327272727272,33.96787222289121,4.362523720689212,4.326708404769534,4.349677673940087,35.75449999999999,34.74814285714285,35.19869223407079,4.436231796008156,4.394591845144116,4.444049231521574,36.78066666666667,35.60511827956989,35.92845185873945,4.567774336227808,4.457026989614631,4.519706668840502,38.145833333333336,36.89686338797814,36.58437370398872,4.758762830897703,4.6097337927188615,4.662123743725253,7.342496109863048
2011-01-27,sz000901,32.38,33.39,33.61,32.16,20964,30714756.0,4.45,2.39,0.78,0.95,4.321474151030555,0.1353374793387756,33.068000000000005,32.94266666666667,33.19384364269017,4.268111684147053,4.274929386914755,4.298429339793879,33.698,33.31618181818182,33.8628045460019,4.3635402611921865,4.319244846649779,4.344549760683808,35.571999999999996,34.52295238095238,35.02643583082595,4.433400150434196,4.38366254562244,4.432375414331953,36.62233333333333,35.38636559139785,35.764680771078844,4.553818229991932,4.441136655085776,4.506917474143087,38.042,36.74093442622951,36.47964013992351,4.743214217443028,4.595396458952726,4.650954904620509,7.487347069605948
2011-01-28,sz000901,33.39,34.31,35.03,33.28,27651,41911308.0,5.24,2.76,0.92,1.25,4.441710842209566,0.12023669117901026,33.126,33.35666666666667,33.56589576179345,4.313194275262887,4.332795772935592,4.3461898405991075,33.532,33.42745454545455,33.94411281036519,4.353534705461984,4.33345767956203,4.362215411870309,35.4465,34.4027619047619,34.95820384693777,4.435203009739709,4.3844540400772365,4.43326450270125,36.464999999999996,35.23718279569892,35.67083039875118,4.536371044381713,4.433903920390141,4.502710594663505,37.88816666666666,36.61857377049181,36.408504397630935,4.731296965435408,4.585511102387694,4.644094443557855,7.622331214838093
2011-01-31,sz000901,34.29,34.96,35.0,33.84,25268,38392196.0,3.38,1.89,0.65,1.14,4.40257086822233,-0.039139973987235344,33.472,33.968,34.030597174528964,4.334863717112038,4.362587970588739,4.364983516473515,33.664,33.687090909090905,34.128819572116974,4.349023285383721,4.342373345518456,4.369552767570676,35.312,34.35642857142857,34.95837490913417,4.4335250116793405,4.381346217075581,4.4303412994175435,36.31933333333333,35.14008602150537,35.6249703730253,4.525988866044218,4.425271650960502,4.496249967151171,37.70266666666667,36.52256830601093,36.36101245016762,4.71074458153734,4.574733197561036,4.636175637809149,7.584242954092034
2011-02-01,sz000901,35.0,34.47,35.0,34.17,16684,25505364.0,2.37,-1.4,-0.49,0.75,4.222300181173794,-0.18027068704853644,33.948,34.300666666666665,34.17706478301931,4.314838542865606,4.325066791942659,4.317422404706942,33.783,33.833636363636366,34.190852377186616,4.336098794970484,4.3193327811166515,4.3427795700439695,35.110499999999995,34.27623809523809,34.91186301302616,4.417607282692524,4.361229566551244,4.410527859584806,36.09166666666667,35.02077419354839,35.55045615541077,4.4894648892263405,4.405678832581765,4.478575787410696,37.52733333333333,36.41657923497267,36.299012041965405,4.691825278129486,4.5587186270573135,4.62260595070635,7.406631525948498
2011-02-09,sz000901,34.38,34.6,35.07,34.08,21416,32697784.0,2.87,0.38,0.13,0.97,4.330738358178876,0.10843817700508218,34.346000000000004,34.518,34.318043188679546,4.3437588801630245,4.330366730380416,4.321861055864254,33.714,33.982181818181814,34.265242854061775,4.316244998596448,4.31835815624545,4.34059025879577,34.91,34.22761904761905,34.882161773690335,4.405055248315046,4.352956335645183,4.402928859450908,35.885000000000005,34.9245376344086,35.48913640344879,4.46487526551689,4.395438411223865,4.469037888750579,37.3645,36.320601092896176,36.24330672911408,4.678052584124681,4.5468797116490975,4.613036521443154,7.514518320575179
2011-02-10,sz000901,34.38,35.34,35.52,34.33,28046,43562452.0,3.44,2.14,0.74,1.26,4.447870929699048,0.11713257152017231,34.736000000000004,34.849333333333334,34.6586954591197,4.369038235896722,4.365070746892425,4.363864347142519,33.902,34.27781818181818,34.46065324423236,4.318574960021888,4.34229014371865,4.360095835323639,34.7295,34.26857142857143,34.925765414291256,4.393433832543116,4.357034019586515,4.407209056617397,35.70133333333333,34.88937634408602,35.479514700000486,4.448840536320899,4.394341357300132,4.46767227848919,37.22183333333333,36.254224043715844,36.21369011504476,4.669021746837498,4.5393327721597325,4.607621256140068,7.639112316907872
2011-02-11,sz000901,35.38,35.36,35.85,35.27,22444,35241228.0,1.64,0.06,0.02,1.01,4.351100260031419,-0.09677066966762915,34.946000000000005,35.05733333333334,34.89246363941314,4.350916119461093,4.359091421603989,4.359609651438819,34.036,34.54290909090909,34.62417083619011,4.33205519736199,4.348203834629474,4.358460276179599,34.631,34.32861904761904,34.96712108912066,4.376739400227533,4.353002250775878,4.401865361704447,35.57066666666666,34.86735483870968,35.471804074194004,4.434439496683594,4.388035533023392,4.460151503104819,37.094833333333334,36.19318032786885,36.185700275207225,4.656336315019699,4.5289091168546145,4.5992107316774895,7.547051033234104
2011-02-14,sz000901,35.41,36.53,37.06,35.41,48683,78115768.0,4.67,3.31,1.17,2.2,4.687377332978343,0.336277072946924,35.260000000000005,35.58533333333333,35.43830909294209,4.4078774124122955,4.471245159443072,4.468865545285327,34.366,34.99636363636364,34.97068522961009,4.371370564762167,4.412807859286993,4.418263377415735,34.648,34.50947619047619,35.1159666996806,4.3792042804314795,4.382586815799765,4.429056978016246,35.538666666666664,34.92924731182796,35.54007477908472,4.434434442409051,4.404354103106925,4.4748112340644015,37.05833333333333,36.17466120218579,36.1969887907742,4.647268875372174,4.529926855148339,4.602101439916861,7.892738706914428
2011-02-15,sz000901,36.59,37.22,38.21,36.19,63045,104362064.0,5.53,1.89,0.69,2.84,4.799650649061118,0.11227331608277513,35.81,36.23866666666667,36.032206061961396,4.5233475059897605,4.601836238326013,4.579127246543925,34.879,35.51527272727273,35.379651551499165,4.419093024427683,4.490676965523166,4.487606517714895,34.6625,34.754428571428576,35.31635082352054,4.396947892143562,4.422629327097825,4.464351613353853,35.576,35.03772043010753,35.648457051401834,4.440822745093978,4.4279164390199615,4.495768615677093,37.0165,36.17996174863387,36.23053014189635,4.644670581964957,4.534922978875846,4.608578463167492,8.018542659686007
2011-02-16,sz000901,37.24,37.98,37.98,36.66,49022,81044344.0,3.55,2.04,0.76,2.21,4.6903910256277115,-0.1092596234334069,36.486000000000004,36.961999999999996,36.68147070797426,4.5952780394795285,4.657517411538663,4.6162151729051875,35.416,36.07909090909091,35.85244217849932,4.469518459821276,4.540003874832262,4.5244764282444985,34.725,35.07038095238096,35.57003169747096,4.416021090255244,4.450576292191554,4.485879176427554,35.641666666666666,35.19281720430107,35.79887917711785,4.447327350612529,4.444017618409235,4.508324900190036,37.031333333333336,36.211551912568304,36.28788980937516,4.639830003964559,4.536422009815609,4.6112608422645485,7.908722711284455
2011-02-17,sz000901,37.98,38.59,39.03,37.35,66640,112415056.0,4.42,1.61,0.61,3.01,4.823734988398731,0.13334396277101934,37.136,37.663333333333334,37.31764713864951,4.670450851219465,4.733669727845065,4.685388444736369,35.936,36.65618181818182,36.35017996422671,4.519744543558094,4.604406880028162,4.578887075545268,34.81699999999999,35.43847619047619,35.85764772628325,4.44164240237514,4.489406187252839,4.518055920424809,35.69333333333334,35.38303225806452,35.97895148827154,4.462181614808828,4.468301982137376,4.528673938138985,37.06016666666666,36.26265573770491,36.363368832018594,4.638205632209184,4.542451681436401,4.618227207711571,8.050824481160321
2011-02-18,sz000901,38.25,37.58,38.27,37.42,41965,70155088.0,2.2,-2.62,-1.01,1.89,4.622887227449124,-0.20084776094960688,37.58,37.81133333333333,37.40509809243301,4.724808244703006,4.717815186588283,4.6645547056406205,36.263,36.955090909090906,36.57378360709458,4.5378621820820495,4.623160095281077,4.586887103164151,34.8975,35.70161904761905,36.02168127616103,4.445698443772017,4.506667599164647,4.528039854427125,35.718666666666664,35.50475268817205,36.08224494064112,4.469422733853822,4.478670086178685,4.534752214868671,37.0535,36.279699453551906,36.40325837850978,4.635376939625496,4.541949438657383,4.618379995243949,7.846059173727786
2011-02-21,sz000901,37.22,38.16,38.32,37.09,40044,66993292.0,3.27,1.54,0.58,1.81,4.602537452702418,-0.020349774746706295,37.906,38.004666666666665,37.65673206162201,4.7078402686478205,4.6770582559214215,4.643882287994553,36.583,37.3,36.86218658762284,4.557858840530058,4.6349192353938715,4.5897326212620175,35.1235,36.01233333333333,36.22533067843141,4.453441062956889,4.521604647634209,4.535134863786677,35.735666666666674,35.66225806451613,36.216293654148146,4.474969621296247,4.487258132556014,4.539125456019235,37.033,36.3159781420765,36.460856464460285,4.628162068200793,4.540872734168102,4.617860567619636,7.826031319219772
2011-02-22,sz000901,38.41,36.91,38.83,36.55,57397,96033744.0,5.97,-3.28,-1.25,2.59,4.7588891934869215,0.15635174078450387,37.844,37.672666666666665,37.407821374414674,4.699687977532982,4.694074564201121,4.682217923158676,36.827,37.35945454545455,36.87087993532777,4.611517741761371,4.671470208658755,4.6204883616665455,35.30499999999999,36.18247619047619,36.290537280485566,4.473808268365928,4.5506949457799255,4.556444799948605,35.68266666666667,35.738021505376345,36.261048902267625,4.48224410238214,4.505575524310251,4.5533037616623115,36.99083333333333,36.311945355191256,36.47558248201896,4.623974292536317,4.5451588694233855,4.622484456992334,7.982423860727213
2011-02-23,sz000901,36.82,37.4,37.69,36.66,30552,50206896.0,2.79,1.33,0.49,1.38,4.485039645365261,-0.2738495481216603,37.727999999999994,37.52466666666667,37.405214249609784,4.658617701480491,4.622525120145215,4.6164918305608715,37.107,37.46363636363636,36.96708358344999,4.626947870480009,4.648474191132189,4.595861322339039,35.4105,36.382,36.3962003966298,4.471596434538229,4.551764600732243,4.549644309035906,35.64233333333333,35.84881720430107,36.334529618250365,4.479019455703367,4.505755881922066,4.548899625127018,36.987833333333334,36.325360655737704,36.5058912531003,4.617576179416585,4.540603635089909,4.617978069725872,7.7007633723055955
2011-02-24,sz000901,37.2,38.21,38.32,36.97,47936,80415760.0,3.61,2.17,0.81,2.16,4.680661791683353,0.19562214631809205,37.652,37.68533333333333,37.67347616640652,4.630003062137416,4.629873150212836,4.6378818176016985,37.394,37.66418181818182,37.19306838645908,4.65022695667844,4.658240358623707,4.6112795894925505,35.647999999999996,36.64861904761905,36.56894321599839,4.484400958350164,4.571675587127018,4.562122164526139,35.617666666666665,36.01447311827957,36.45552770739551,4.479031540588224,4.518765064888517,4.557400410066137,36.975500000000004,36.36543169398907,36.56176367103144,4.615037521439342,4.542672015819966,4.620033273724478,7.9053411707670485
2011-02-25,sz000901,38.25,38.5,39.24,38.0,66282,113569240.0,3.25,0.76,0.29,2.99,4.821395604392127,0.14073381270877405,37.836,37.967999999999996,37.94898411093769,4.669704737526017,4.6936706642977395,4.699053079865175,37.708000000000006,37.865272727272725,37.43069231619379,4.69725649111451,4.689361930935287,4.649482501292473,35.872,36.9202380952381,36.7528533859033,4.514655844238251,4.60377031532149,4.586814873084805,35.656666666666666,36.200430107526884,36.587429145628064,4.483578430523193,4.540853069004898,4.574432358087169,36.93816666666667,36.41541530054644,36.62531240312877,4.61000709873826,4.549437854605304,4.6266353173529255,8.05526071951571
2011-02-28,sz000901,38.59,39.06,39.33,37.83,56465,96866200.0,3.9,1.45,0.56,2.55,4.7517793324765805,-0.06961627191554687,38.016000000000005,38.376,38.319322740625125,4.699553113480849,4.7210288626145935,4.7166284974023105,37.961,38.11109090909091,37.72693007688583,4.7036966910643345,4.6992751748193,4.668081925144128,36.1635,37.22385714285714,36.97258163486489,4.53753362791325,4.626353504677521,4.602525773979259,35.75233333333333,36.42,36.74694984591013,4.487368417309098,4.558156353001891,4.585874098370357,36.89833333333333,36.48498360655738,36.705138225977,4.602728216593198,4.554086124563936,4.630738399815996,7.986172262972074
2011-03-01,sz000901,38.97,38.54,39.06,38.27,44391,75914848.0,2.02,-1.33,-0.52,2.0,4.647294928525934,-0.10448440395064651,38.342000000000006,38.550666666666665,38.39288182708342,4.677234260488651,4.703609467629622,4.693517307776852,38.092999999999996,38.21636363636364,37.874760971997496,4.6884611190108165,4.689020308903226,4.6643024712135475,36.486000000000004,37.45019047619048,37.12185957440157,4.553777071719249,4.6368069618787295,4.6067895029837045,35.806000000000004,36.59984946236559,36.8626305010127,4.49411896776598,4.568474192435235,4.589836732573943,36.862833333333334,36.538808743169405,36.765297628403985,4.59803245424578,4.555547328233861,4.63128123682288,7.880326726802099
2011-03-02,sz000901,38.3,38.05,38.3,37.31,39429,65848716.0,2.57,-1.27,-0.49,1.78,4.595815762617501,-0.051479165908433266,38.472,38.45333333333333,38.278587884722285,4.699389483939099,4.676469968339239,4.6609501260570685,38.1,38.20854545454546,37.9066226134525,4.679003592709796,4.672175698649897,4.6518503423779025,36.758,37.59914285714286,37.210253900649036,4.574261026265536,4.640810646726182,4.6057443848535895,35.85,36.744623655913976,36.939234984818334,4.503681924406761,4.5750352759740425,4.590222476447721,36.85683333333334,36.57773224043716,36.80741901763664,4.5917771838216375,4.55547464981982,4.630118434389916,7.818547310967484
2011-03-03,sz000901,38.09,37.24,38.27,37.09,31041,51722896.0,3.1,-2.13,-0.81,1.4,4.491935703806716,-0.10388005881078488,38.278000000000006,38.04266666666667,37.93239192314819,4.661644266363771,4.607318708295111,4.604611985306951,37.964999999999996,38.052181818181815,37.78541850191568,4.645823664250594,4.638163355212972,4.622774953546777,36.9505,37.64504761904762,37.213086862491984,4.582784103904343,4.632970139825342,4.594905462849125,35.86633333333334,36.834301075268826,36.958639179346186,4.509702823000292,4.574277455290168,4.58388139434185,36.83516666666666,36.590295081967206,36.821602000664946,4.589462542306279,4.55220115867179,4.6255878530593195,7.713682833331495
2011-03-04,sz000901,37.42,38.41,38.41,37.27,38567,64832948.0,3.06,3.14,1.17,1.74,4.586215857841466,0.09428015403474976,38.260000000000005,38.086666666666666,38.09159461543213,4.614608317053639,4.582175905454343,4.5984799428184555,38.047999999999995,38.13309090909091,37.89897877429464,4.642156527289828,4.627325572229495,4.61612784523672,37.1555,37.78404761904762,37.3270785898737,4.590009354685938,4.633296973533639,4.594077881419824,35.94766666666667,36.99840860215053,37.05227536132385,4.511184471611287,4.579213780118632,4.584032004890212,36.83416666666667,36.64192896174863,36.87368062359396,4.588454021255918,4.552094710000813,4.624296967970209,7.811795769729144
2011-03-07,sz000901,38.77,38.99,39.75,38.65,83351,144491136.0,2.86,1.51,0.58,3.76,4.9209108146244525,0.3346949567829869,38.246,38.330000000000005,38.39106307695475,4.6484346134832135,4.684276737977948,4.705956900087122,38.131,38.30436363636363,38.097346269877434,4.673993863482031,4.6780081699267,4.671542930579944,37.357,37.95876190476191,37.48545205750477,4.615926352006045,4.664811398289689,4.625204827439312,36.126,37.19468817204301,37.17728985414167,4.5269586631319365,4.605647737732384,4.60576612164726,36.853500000000004,36.71261202185792,36.943068144131864,4.594892793360017,4.562994932734207,4.6340220121228075,8.159841205539873
2011-03-08,sz000901,38.99,39.51,39.84,38.68,53403,92919000.0,2.98,1.33,0.52,2.41,4.727565654909628,-0.19334515971482436,38.440000000000005,38.751333333333335,38.764042051303164,4.664488758759953,4.710653751786752,4.713159818361291,38.391,38.555090909090914,38.35419240262699,4.670861509624302,4.687748495640808,4.681728880458068,37.609,38.163809523809526,37.67826614726622,4.641189625692837,4.675443712851934,4.63495347767458,36.333666666666666,37.41301075268817,37.327787282906726,4.539492682118719,4.618590124298687,4.6136241560512845,36.911500000000004,36.79971038251366,37.02722984432426,4.59236709838446,4.567344862621079,4.637089016804342,7.968104527249389
2011-03-09,sz000901,39.55,39.19,39.91,38.88,44911,78159528.0,2.61,-0.81,-0.32,2.03,4.652352725284198,-0.07521292962543047,38.668000000000006,39.001333333333335,38.90602803420211,4.675796151293293,4.7066084072948335,4.692890787335593,38.57,38.70036363636363,38.50615742033118,4.687592817616196,4.684383262124426,4.676387761335546,37.838499999999996,38.31438095238095,37.82224079990753,4.6572703440481025,4.676506865193968,4.636610548875495,36.46366666666667,37.59729032258065,37.447930038848234,4.5435952288975505,4.625871417406136,4.61612277342115,36.957333333333324,36.874415300546445,37.098140341231655,4.591179997131486,4.5693116044866455,4.637589466262698,7.892981928044207
2011-03-10,sz000901,39.1,38.61,39.1,38.43,37942,65043992.0,1.71,-1.48,-0.58,1.71,4.5791202197015854,-0.07323250558261218,38.942,38.982,38.80735202280141,4.693233054472266,4.674383096764265,4.654967264790924,38.61,38.70763636363637,38.52503788936187,4.6774386604180185,4.664660971594496,4.658702753765734,38.001999999999995,38.38785714285714,37.89726548563062,4.6638328085482295,4.669063996208585,4.631135279430361,36.63533333333333,37.73576344086021,37.522902294406414,4.54874685903945,4.628163352296719,4.613735511890856,36.98983333333333,36.92860109289618,37.1477095103716,4.590819051973883,4.56891620194796,4.635672441785284,7.813207187726981
2011-03-11,sz000901,38.09,38.32,38.79,37.76,62048,105000720.0,2.67,-0.75,-0.29,2.8,4.792727787398611,0.21360756769702594,38.924,38.77466666666667,38.644901348534276,4.734535440383695,4.707548007739714,4.700887438993487,38.592,38.65490909090909,38.48775827311425,4.674571878718668,4.685622631045513,4.683070941698984,38.15,38.418142857142854,37.93752591557056,4.685914184916589,4.681339708480051,4.646525042094004,36.778666666666666,37.84445161290322,37.57432795283181,4.567961189065056,4.643904057352149,4.6252834006332915,37.023500000000006,36.9722131147541,37.186145264129905,4.591117701258682,4.575536160486475,4.640821797379164,8.021192277079033
2011-03-14,sz000901,38.09,38.43,38.63,37.8,31192,52636516.0,2.17,0.29,0.11,1.41,4.494043222179929,-0.29868456521868225,38.812,38.61,38.57326756568952,4.64916192189479,4.627383935005125,4.631939366722301,38.528999999999996,38.625454545454545,38.47725676891166,4.648798267689002,4.65279923894756,4.648702265422792,38.245,38.444809523809525,37.98442820932574,4.676247479376668,4.663066283457511,4.632002964006949,36.952,37.950989247311824,37.62953260103621,4.574621841171834,4.639135156262786,4.616816292345978,37.056333333333335,37.01832786885245,37.22692738661745,4.589586747603267,4.572353390680615,4.63600938507755,7.721287135696151
2011-03-15,sz000901,38.39,37.31,38.39,36.71,45740,75345048.0,4.37,-2.91,-1.12,2.06,4.66029616027073,0.16625293809080066,38.372,38.10933333333334,38.15217837712635,4.635708022967011,4.631095347797104,4.641391631238445,38.406,38.403818181818174,38.26502826547317,4.650098390863482,4.654889764871511,4.650810246304236,38.2495,38.3557619047619,37.92019695129472,4.669279754937149,4.661547110209328,4.634697554127309,37.126,37.97408602150538,37.60891759451775,4.5858841781006605,4.644662531688522,4.619621445115317,37.05183333333333,37.026644808743164,37.2296510788595,4.587141791713077,4.574671732079547,4.636805672788801,7.877054713890902
2011-03-16,sz000901,37.44,37.71,37.71,37.2,26640,44163212.0,1.37,1.07,0.4,1.2,4.425534220498263,-0.23476193977246673,38.07600000000001,37.88866666666666,38.004785584750906,4.590344322009824,4.561037413640856,4.569439160991718,38.372,38.277272727272724,38.164114035387136,4.633070236651558,4.614059915714199,4.609850968884968,38.236,38.30438095238095,37.900178194028555,4.656036914680676,4.638333249786576,4.6147772366388295,37.296,38.011763440860214,37.61543904003273,4.59386409639421,4.634317373133528,4.60709968868841,37.03833333333333,37.04822404371585,37.24540022381492,4.580819216311009,4.569373123187259,4.629878739926816,7.645060652201826
2011-03-17,sz000901,37.11,36.23,37.53,36.1,38666,62884988.0,3.79,-3.92,-1.48,1.74,4.58732924660681,0.161795026108547,37.6,37.27333333333333,37.413190389833936,4.591986127390869,4.560032388506517,4.575402522863415,38.271,37.88781818181818,37.81245693804402,4.642609590931567,4.605743372069699,4.605756110288938,38.118,38.11333333333334,37.74111360412107,4.64421662759108,4.631789662350969,4.612163142350066,37.39066666666667,37.94298924731183,37.52605587615965,4.602725932913418,4.633895769921438,4.605824176296049,37.006499999999996,37.02172131147542,37.21210841319804,4.578272081452676,4.5695865668035145,4.6284836745720614,7.798546982378683
2011-03-18,sz000901,36.57,36.68,36.91,36.32,23207,37564748.0,1.63,1.24,0.45,1.05,4.365619002254504,-0.22171024435230624,37.272000000000006,36.96666666666667,37.16879359322263,4.506564370362047,4.484576680127729,4.505474682660445,38.098,37.59854545454546,37.60655567658147,4.6205499053728705,4.555381446855688,4.562094817919041,38.073,37.97638095238095,37.64005516563335,4.63135321633135,4.605256555176058,4.58868274805525,37.46966666666667,37.89713978494624,37.47147162608484,4.600189538248249,4.618598548588605,4.5903270682933695,36.967333333333336,37.01101639344262,37.19466223571614,4.568280291314981,4.562614334698656,4.619865160725584,7.574780479756995
2011-03-21,sz000901,37.35,37.53,38.32,37.33,51709,86531488.0,2.7,2.32,0.85,2.33,4.713566139035244,0.3479471367807401,37.092,37.05266666666667,37.28919572881509,4.550468953733111,4.553577269685462,4.574838501452045,37.952,37.495272727272734,37.592636462657566,4.59981543781395,4.5722934893397555,4.589635058121987,38.0415,37.92466666666667,37.629573721287315,4.63690465064799,4.613086357338332,4.600576404339059,37.55533333333334,37.90103225806452,37.4752476502084,4.610556047275347,4.625913167994217,4.598277976083168,36.93733333333333,37.02946448087432,37.205656916512325,4.568272456659783,4.567377805115713,4.622937323948851,7.937174171929903
2011-03-22,sz000901,37.31,37.2,37.53,36.59,21617,35404844.0,2.5,-0.88,-0.33,0.97,4.334795422556774,-0.3787707164784697,37.07000000000001,37.08866666666666,37.25946381921006,4.485368806190319,4.481686092626683,4.494824141820288,37.721000000000004,37.35854545454545,37.521248014901644,4.560538414578665,4.524108032020269,4.543300578928311,38.056,37.84452380952381,37.588661938307574,4.615699962101483,4.584314049901075,4.5752639298836035,37.64633333333334,37.87810752688172,37.45748973729173,4.61430588865478,4.6081221599478575,4.58127910166211,36.869,37.038076502732245,37.20547144383979,4.551885388940559,4.559722820391026,4.613490048493373,7.549062685148693
2011-03-23,sz000901,37.31,38.07,38.21,37.15,31999,53412288.0,2.85,2.34,0.87,1.44,4.505136406405284,0.1703409838485097,37.14200000000001,37.422000000000004,37.529642546140046,4.501289243371723,4.488275292698337,4.4982615633486205,37.609,37.422000000000004,37.62102110310134,4.545816782690773,4.514034939625108,4.536361638469579,38.0895,37.84585714285714,37.63450365846876,4.616704800153484,4.573784187453818,4.568585118123764,37.76199999999999,37.90544086021505,37.4970065284342,4.620119156928992,4.601078967544664,4.5763666697100565,36.823499999999996,37.07745355191257,37.23381664240242,4.542497211222941,4.558190066865279,4.6099374700642555,7.727641182059975
2011-03-24,sz000901,38.12,38.14,38.47,37.71,38338,64789520.0,2.0,0.18,0.07,1.73,4.5836294530485775,0.0784930466432936,37.524,37.754666666666665,37.73309503076003,4.500549284660076,4.515722029257289,4.52671752658194,37.562,37.51854545454545,37.71538090253746,4.546267706025473,4.520909970599255,4.544955786574851,38.086,37.850666666666676,37.68264616718602,4.611853183221745,4.570634154396207,4.570017911926127,37.855333333333334,37.92982795698924,37.53848997821264,4.624644441040644,4.598724793100768,4.5768352363770575,36.77833333333333,37.120617486338794,37.26352757215972,4.536742488680772,4.559538664957922,4.609074912129315,7.81150476244072
2011-03-25,sz000901,38.14,38.83,38.83,37.98,54608,93245056.0,2.23,1.81,0.69,2.46,4.737256270934564,0.15362681788598653,37.954,38.190000000000005,38.09873002050669,4.574876738396089,4.594624358015452,4.596897108032815,37.613,37.7490909090909,37.91803892025792,4.540720554379067,4.55563516421909,4.57991951100389,38.102500000000006,37.92152380952381,37.79191796078735,4.607646216548867,4.582577305606953,4.585945374688834,37.971000000000004,37.992709677419356,37.62181320542473,4.637516308070749,4.605990072448762,4.587184980542059,36.770833333333336,37.18788524590164,37.31488732389218,4.535977902377171,4.566112887326899,4.613277579631126,7.969625814112465
2011-03-28,sz000901,38.99,38.77,39.21,38.25,55449,95134840.0,2.47,-0.15,-0.06,2.5,4.7438937182327345,0.006637447298170507,38.202,38.462,38.322486680337796,4.580942254235586,4.650963351294334,4.645895978099455,37.647000000000006,37.95945454545455,38.07294093475648,4.565705603984348,4.592575739465211,4.6097330032273165,38.088,37.98509523809524,37.88506863118855,4.6072519358366755,4.595553258148273,4.6009880740739675,38.04566666666666,38.04425806451612,37.695889772816685,4.639400187579229,4.61285313116889,4.597295221683393,36.79216666666667,37.25343169398907,37.36259593622358,4.53691731499414,4.572929799322164,4.61756007597872,7.978339592109119
2011-03-29,sz000901,38.54,38.92,39.68,38.03,82961,143222352.0,4.26,0.39,0.15,3.74,4.918873978335956,0.17498026010322132,38.54600000000001,38.70133333333333,38.521657786891865,4.697757965391423,4.763607259327789,4.736888644844956,37.80800000000001,38.19090909090909,38.22695167389166,4.591563385790871,4.656788171165503,4.665940453247069,38.107,38.06433333333334,37.983633523456305,4.620830888327176,4.625231547910109,4.6312629220989185,38.10233333333334,38.10066666666666,37.77486462618335,4.643374298555057,4.630883698314485,4.618042238241624,36.839166666666664,37.323196721311476,37.41365836454412,4.542098521824517,4.585452968612059,4.627439220318301,8.15601080144063
2011-03-30,sz000901,38.45,38.0,39.28,37.8,43519,73911744.0,3.8,-2.36,-0.92,1.96,4.638678907382412,-0.28019507095354346,38.532000000000004,38.51933333333333,38.34777185792791,4.724466465586849,4.743914239991454,4.704152065690775,37.837,38.225818181818184,38.18568773318408,4.612877854479286,4.665354629636692,4.660983808544404,38.104499999999994,38.05414285714285,37.98519223550809,4.622974045565422,4.626931359248703,4.6319692064116325,38.103,38.09406451612903,37.78938948901023,4.641650561280213,4.630580769851734,4.619373636250708,36.87233333333333,37.36125683060109,37.4328826804607,4.544488955946371,4.58861953863035,4.627807734648273,7.868713449885634
2011-03-31,sz000901,38.25,36.64,38.61,36.57,43722,72278600.0,5.37,-3.58,-1.36,1.97,4.6407000199084365,0.0020211125260241047,38.232000000000006,37.88866666666666,37.778514571951945,4.73588057895882,4.715992091431982,4.6830013837633295,37.878,38.00818181818182,37.90465359987788,4.618214931809449,4.6704132051692655,4.657295846974227,38.0745,37.91466666666667,37.85707868926922,4.630412261370508,4.62861954728137,4.632800712458947,38.038,37.999677419354846,37.71523532842893,4.63554939566387,4.6305194446019415,4.620749531970562,36.86566666666667,37.35363934426229,37.406886527002975,4.54886550523635,4.591773999743862,4.628230432525656,7.859009731905454
2011-04-06,sz000901,36.86,37.06,37.65,36.71,29582,48472444.0,2.57,1.15,0.42,1.33,4.4710275327305515,-0.16967248717788497,37.87800000000001,37.498000000000005,37.53900971463463,4.682634831318018,4.627707742689226,4.6123434334190705,37.916000000000004,37.85945454545455,37.7510802180819,4.628755784857054,4.643651859882192,4.623428880748104,38.007,37.818047619047626,37.78116643314834,4.624652845114962,4.613440049315661,4.617393742961005,38.02066666666666,37.936580645161285,37.67296208143352,4.630487405839918,4.619905130864308,4.611090048148625,36.869666666666674,37.36001092896175,37.39551319824878,4.54995506984687,4.58922193507154,4.62307623908975,7.68549491757617
2011-04-07,sz000901,37.0,37.27,37.53,36.93,20317,33449202.0,1.62,0.57,0.21,0.92,4.307859580598467,-0.1631679521320848,37.578,37.29533333333334,37.449339809756424,4.595428003791165,4.502782659116042,4.510848815812203,37.89,37.742000000000004,37.66361108752156,4.588185129013376,4.58530709547154,4.566052644357261,37.921,37.74785714285715,37.73248391570564,4.594000283413663,4.583269262218852,4.587914298926478,37.991,37.88815053763441,37.64696452779265,4.620664810103119,4.599090432461634,4.591526792177648,36.86333333333334,37.37313661202186,37.39139801142095,4.547817215699682,4.581284378047002,4.6127412666801995,7.524385761232973
2011-04-08,sz000901,37.38,38.16,38.41,37.04,32614,54708924.0,3.68,2.39,0.89,1.47,4.5134040668646405,0.20554448626617372,37.426,37.489333333333335,37.68622653983762,4.514334021496902,4.475441346807201,4.511700566163015,37.986000000000004,37.79109090909091,37.75386361706309,4.606045993444162,4.571710538717226,4.556480175722238,37.8535,37.77061904761905,37.77319973325749,4.583292204011413,4.575593432071326,4.58081808634916,38.032666666666664,37.89905376344086,37.6800635905157,4.612481972549043,4.592170384510765,4.586486616351002,36.85766666666667,37.41565027322405,37.41659807662026,4.547363037465591,4.5801560780851975,4.609484309309198,7.7380581732776
2011-04-11,sz000901,38.41,37.27,38.63,37.22,27669,46267464.0,3.69,-2.33,-0.89,1.25,4.441993463357438,-0.07141060350720263,37.28,37.43733333333333,37.54748435989175,4.474996932691907,4.451327827427379,4.488464865227823,37.906,37.6609090909091,37.66588841396071,4.599731699139378,4.5418828059741845,4.535664409837729,37.75750000000001,37.71504761904762,37.72527594913773,4.572774240915075,4.562136409151899,4.5675966936832815,38.02833333333333,37.84984946236558,37.65360787499856,4.611047099815449,4.581171125853241,4.577164477448192,36.83533333333333,37.429169398907106,37.411791582304836,4.545033277759407,4.576701337950504,4.603992806163238,7.665275695717974
2011-04-12,sz000901,37.09,37.47,37.91,37.04,20770,34438648.0,2.33,0.54,0.2,0.94,4.317436496535099,-0.12455696682233874,37.446000000000005,37.50066666666667,37.521656239927836,4.410344228017239,4.3988076820417765,4.431455408996915,37.839,37.58163636363637,37.63027233869512,4.57311240348803,4.490556405500679,4.495986607419068,37.7005,37.687666666666665,37.70096395398176,4.559690054756752,4.537818528734759,4.5437719130025025,38.00366666666666,37.81382795698925,37.641762205643815,4.598939589977174,4.562228506286768,4.5604078335183145,36.81066666666667,37.4499781420765,37.41370005501615,4.538985565282698,4.569239148402166,4.594597517322971,7.53704609348821
2011-04-13,sz000901,37.53,38.36,38.43,37.02,28050,46834000.0,3.76,2.38,0.89,1.26,4.44793286559218,0.13049636905708084,37.706,37.80533333333333,37.80110415995189,4.405725294589565,4.41133722790009,4.43694789452867,37.792,37.67636363636364,37.762950095296006,4.544180062953791,4.467796489519616,4.4872495634505425,37.7025,37.75047619047619,37.763729291697786,4.54245030866643,4.527174986909562,4.534644384677709,37.999,37.83681720430107,37.688100127860345,4.586490832017176,4.552486136971607,4.5531513839746935,36.827833333333324,37.50077595628416,37.44472628272054,4.535034631270183,4.5662538139860835,4.589788840217044,7.670561251605292
2011-04-14,sz000901,38.27,37.51,38.5,37.31,36301,60808904.0,3.1,-2.22,-0.85,1.64,4.559918588906636,0.11198572331445611,37.754000000000005,37.74,37.70406943996793,4.456137096251199,4.4627349926724476,4.477938125987992,37.666,37.62509090909091,37.716959168878546,4.525782550021182,4.47065803969286,4.500462113533468,37.6565,37.73214285714286,37.73956459725038,4.545744077002764,4.528838632646724,4.537051451747131,37.94733333333333,37.8052688172043,37.67660979703065,4.580095473898178,4.550771798706411,4.5535879778412705,36.849833333333336,37.52314207650274,37.44686640459855,4.533731945603638,4.567069681449573,4.588809487715063,7.783967175900064
2011-04-15,sz000901,37.49,37.09,37.74,36.75,38410,63089716.0,2.64,-1.12,-0.42,1.73,4.584444307165176,0.02452571825854033,37.540000000000006,37.518666666666675,37.49937962664529,4.470345144311306,4.505504062977107,4.513440186380387,37.483000000000004,37.52036363636363,37.60296659271881,4.492339582904103,4.481323813719041,4.515731603284687,37.6455,37.67819047619048,37.67770130227415,4.5419514843474875,4.532524368852668,4.54156505702504,37.899,37.749956989247316,37.638764003673835,4.578000453186152,4.551052368594604,4.555578708765394,36.8525,37.53101639344262,37.435165866742864,4.536059710476065,4.568732381828641,4.588666367041296,7.799958572422461
2011-04-18,sz000901,36.88,37.87,38.27,36.46,75177,124360880.0,4.88,2.1,0.78,3.39,4.876084990845182,0.29164068368000606,37.660000000000004,37.62866666666667,37.62291975109686,4.557163449808855,4.640750678488399,4.634321787868652,37.470000000000006,37.59072727272727,37.651518121315384,4.5160801912503805,4.551095706071965,4.581250401022959,37.6535,37.69957142857143,37.69601546396233,4.564479022864833,4.564346607566734,4.573424098341245,37.893,37.74808602150537,37.65368245504972,4.587342760793742,4.570283629088735,4.576256533415703,36.8715,37.56437704918033,37.44942272357097,4.545512342600251,4.579880751676808,4.598089928477489,8.094683786528053
2011-04-19,sz000901,37.31,36.48,37.31,36.3,44465,72466592.0,2.67,-3.67,-1.39,2.01,4.648018296651682,-0.22806669419350012,37.462,37.23533333333333,37.24194650073124,4.623279809832171,4.671035627436008,4.638887290796329,37.45399999999999,37.41072727272728,37.43851482653076,4.516812018924705,4.575084452508565,4.593390018409999,37.666000000000004,37.587809523809526,37.58020446739449,4.567513475367077,4.572302728879768,4.580528307704143,37.867666666666665,37.6569247311828,37.577961006336835,4.592545513888575,4.5741981797892475,4.580886324592218,36.867,37.55154098360655,37.41763837197848,4.551124168444432,4.583241602629315,4.599726924155331,7.860137837551248
2011-04-20,sz000901,36.55,36.64,36.86,36.41,27786,44990916.0,1.23,0.44,0.16,1.25,4.443826031377537,-0.2041922652741457,37.118,36.96133333333333,37.04129766715416,4.6224584429892435,4.611217701284463,4.573866870990065,37.412,37.26272727272727,37.29333031261608,4.514091868789404,4.561814272954534,4.5661965662222785,37.664,37.490095238095236,37.49066118478549,4.571423826823229,4.560522972309335,4.567509043292085,37.80866666666667,37.577720430107526,37.51744739302479,4.587799186339777,4.564603374465955,4.572043725029981,36.878166666666665,37.54409836065573,37.39214203191361,4.5494918289755315,4.579723630922203,4.594615419474092,7.653124835345956
2011-04-21,sz000901,36.64,36.3,36.91,36.19,34194,55361500.0,1.97,-0.93,-0.34,1.54,4.533949907357474,0.09012387597993765,36.876000000000005,36.68866666666666,36.79419844476944,4.61726470667941,4.581714856073874,4.560561216445868,37.315,37.060545454545455,37.11272480123134,4.536700901465304,4.565424825421456,4.560333537337768,37.6025,37.360190476190475,37.377264881472584,4.5624430152393405,4.5569540275983105,4.564312935107837,37.719,37.48038709677419,37.43890239992642,4.574900489430877,4.561129227434838,4.56958605937369,36.92250000000001,37.52514207650273,37.35633409644103,4.550929576281407,4.579214059721611,4.592626386289941,7.743207848661445
2011-04-22,sz000901,36.3,36.35,36.64,36.26,24449,39363408.0,1.05,0.14,0.05,1.1,4.388261100540889,-0.14568880681658491,36.728,36.513333333333335,36.64613229651296,4.5780280653545535,4.505380320694367,4.503127844477542,37.134,36.88509090909091,36.97404756464382,4.524186604832929,4.538435770707926,4.5290476397383355,37.56,37.24090476190476,37.27943013085615,4.5651162991385466,4.540365273817506,4.547546093720508,37.61366666666666,37.392064516129025,37.36865063218923,4.563590337618586,4.54908797653871,4.557887674932864,36.97366666666667,37.50637158469946,37.32333953590198,4.5515415098686525,4.573880667074381,4.58592588511784,7.595092691678043
2011-04-25,sz000901,36.37,35.11,36.64,35.05,28738,45099648.0,4.37,-3.41,-1.24,1.3,4.458456540444431,0.07019543990354205,36.176,35.974,36.13408819767531,4.494502375274402,4.465523145724325,4.488237409799838,36.918,36.51709090909091,36.63512982561767,4.525832912541628,4.526484849910017,4.516212894412171,37.412,37.007571428571424,37.07281773744128,4.5627823058405035,4.530207201560924,4.539061374360881,37.477666666666664,37.230537634408606,37.22293123656412,4.557127131457261,4.542305150914572,4.551472763030385,36.97066666666667,37.445267759562846,37.25077102652814,4.550361180177406,4.570828700863751,4.581746562341663,7.654173152249264
2011-04-26,sz000901,35.11,34.24,35.43,33.97,19245,29391848.0,4.16,-2.48,-0.87,0.87,4.28431791543061,-0.17413862501382127,35.728,35.32866666666667,35.50272546511688,4.421762299030189,4.395461659109729,4.420264245010095,36.595000000000006,36.030181818181816,36.199651675505365,4.52252105443118,4.482573032253469,4.474050170960978,37.217,36.7054761904762,36.80302557197068,4.547816728959605,4.503686783426648,4.514800092557998,37.332,37.02165591397849,37.0304840600116,4.5473003879815606,4.524704556332207,4.5342369664110445,36.983666666666664,37.355737704918035,37.15205722237968,4.548023623510505,4.562105970872052,4.571994803426547,7.468226893012769
2011-04-27,sz000901,34.4,33.28,34.76,33.01,22702,33871156.0,5.11,-2.8,-0.96,1.02,4.356064119338595,0.0717462039079848,35.056,34.51266666666666,34.76181697674459,4.4042099166224,4.3735622658791975,4.3988642031195955,36.087,35.427454545454545,35.66880591632257,4.513334179805822,4.452308134963907,4.45259816157509,36.939499999999995,36.33052380952381,36.46749932702109,4.528757121379806,4.485424630129409,4.499682380822817,37.164,36.76023655913979,36.78851734646247,4.53274493237956,4.51236673254879,4.522741944019273,36.971333333333334,37.23430601092896,37.02510452656395,4.5503530607223075,4.555812216636907,4.564915108866286,7.529830019079049
2011-04-28,sz000901,33.48,32.83,33.86,32.74,20156,29671090.0,3.37,-1.35,-0.45,0.91,4.304404349683731,-0.051659769654864185,34.36200000000001,33.77066666666666,34.117877984496396,4.3583008050876515,4.340293743566307,4.367377585307641,35.619,34.83527272727273,35.1526593860821,4.487782755883531,4.414320893123527,4.425653832140298,36.6425,35.939142857142855,36.12107081968575,4.506782652952356,4.464057699491688,4.481084473095285,36.977333333333334,36.48062365591398,36.53312913056167,4.526423636629687,4.497635082052285,4.508655647610529,36.964666666666666,37.09852459016393,36.887560115856935,4.550522738900761,4.547748324471709,4.5563737724996445,7.472333500893521
2011-04-29,sz000901,33.05,33.52,33.61,32.85,12213,17942866.0,2.31,2.1,0.69,0.55,4.086822357099062,-0.2175819925846687,33.79600000000001,33.49,33.9185853229976,4.298013056399286,4.249800927570112,4.273859175904781,35.262,34.45363636363636,34.85581222497626,4.43802056087692,4.341419002435442,4.364048109405528,36.3725,35.6417619047619,35.873349789239484,4.4651800718905115,4.424061480838993,4.443535700143264,36.851,36.25756989247312,36.3387337027835,4.507307843190631,4.46927370917934,4.48144059660979,36.9885,36.98558469945355,36.77714830877966,4.546596010645646,4.532545033265095,4.540978644125855,7.253891813767901
2011-05-03,sz000901,33.59,34.17,34.22,33.39,16217,24292604.0,2.48,1.94,0.65,0.73,4.209970516709344,0.12314815961028192,33.608000000000004,33.61466666666667,34.00239021533174,4.2483158516522685,4.220453414340131,4.252562956172969,34.891999999999996,34.25509090909091,34.73111909316239,4.3714091134633355,4.299955358041338,4.3360340016425845,36.181,35.431999999999995,35.7111259997881,4.443744652356858,4.399755808916976,4.421291396959081,36.733,36.084602150537634,36.19881539937811,4.500122386397667,4.450090655857967,4.463926397906536,37.014500000000005,36.893174863387976,36.691668036360646,4.546993241395938,4.521508131824561,4.530125918636789,7.385474070680644
2011-05-04,sz000901,34.2,33.75,34.44,33.57,21413,32152296.0,2.55,-1.23,-0.42,0.97,4.330677516998936,0.1207070002895918,33.510000000000005,33.662,33.91826014355449,4.257587771965934,4.247907302789019,4.278601143114958,34.61900000000001,34.04745454545454,34.5527338034965,4.339675035498061,4.292549613229629,4.335060095343739,36.036500000000004,35.20047619047618,35.52435209504638,4.428243527211383,4.388987510311461,4.412661503629543,36.650333333333336,35.89215053763441,36.04082730909566,4.491567328744072,4.439158728799986,4.455329695912497,37.0205,36.786142076502735,36.59521990402095,4.5471466308287445,4.514415812991872,4.523586626779809,7.507211991397928
2011-05-05,sz000901,33.5,33.57,33.91,33.39,10524,15656458.0,1.54,-0.53,-0.18,0.47,4.022180839413665,-0.30849667758527044,33.568,33.682,33.80217342903633,4.190811115980948,4.169438325271597,4.193127708547861,34.312,33.85672727272728,34.3740549301335,4.297510516301673,4.234823395759738,4.278172957901907,35.862,34.96557142857143,35.33822332408958,4.405801192545539,4.350314873378344,4.3754728689423175,36.54666666666666,35.69341935483871,35.88141909560562,4.48011938998271,4.408875729488346,4.427384608396444,37.00816666666666,36.67301092896175,36.496032366184195,4.54015446411548,4.497203819830722,4.507147092767805,7.194693517297579
2011-05-06,sz000901,33.26,33.66,33.95,32.83,14345,21162318.0,3.34,0.27,0.09,0.65,4.156700552582017,0.13451971316835198,33.734,33.712666666666664,33.75478228602422,4.161270356560605,4.158068137471954,4.180985323225913,34.048,33.738181818181815,34.24422676101831,4.259785580824127,4.209221584174346,4.256087066025563,35.6815,34.75585714285714,35.17839253131915,4.3982432411447165,4.326591002905628,4.354637410241336,36.41766666666667,35.507182795698924,35.73810173459881,4.461557203767603,4.388009998043139,4.409921120924546,36.9865,36.5632349726776,36.40304769844045,4.536056625521474,4.484631560436182,4.49565704226991,7.325563236117082
2011-05-09,sz000901,33.82,33.52,34.4,33.46,18088,27008588.0,2.79,-0.42,-0.14,0.82,4.257390549337304,0.10068999675528634,33.734,33.641333333333336,33.67652152401615,4.195383995008253,4.190108201730854,4.20645373192971,33.765,33.64218181818182,34.11254916810589,4.24669852570377,4.208786123904015,4.256324062991334,35.4495,34.55,35.02045038547923,4.38544256526835,4.313176460828732,4.345375804440953,36.294999999999995,35.320236559139786,35.59499839688276,4.4589770413269525,4.37483795582183,4.4000804388866595,36.97066666666667,36.449579234972674,36.30852154439322,4.536641464990867,4.475494967774406,4.487845026108185,7.431501880009823
2011-05-10,sz000901,33.55,33.99,34.04,33.41,19519,29038852.0,1.88,1.4,0.47,0.88,4.2904575640680385,0.03306701473073481,33.698,33.726666666666674,33.781014349344105,4.211481404479992,4.2217993914174485,4.234455009309153,33.653,33.683090909090915,34.09026750117755,4.22989862806613,4.216742312697518,4.262530154096189,35.2855,34.411,34.92231225352883,4.377865770303879,4.304130270238226,4.340145495834008,36.159,35.17152688172043,35.491450113212906,4.451821079915713,4.363965731482545,4.393007995349974,36.9605,36.351852459016385,36.23250444457705,4.5359701184223535,4.467423364465461,4.481373306041295,7.462979443298024
2011-05-11,sz000901,34.17,33.88,34.17,33.57,16604,24848760.0,1.77,-0.32,-0.11,0.75,4.220212724706482,-0.0702448393615569,33.724000000000004,33.78733333333333,33.8140095662294,4.189388446021502,4.2247098314929445,4.229707581108263,33.617,33.72436363636364,34.05203704641799,4.223488108993718,4.2149812393594,4.254836076025333,35.106,34.27714285714286,34.823044419859414,4.373004581712449,4.289115694467045,4.328723327155196,36.017,35.02449462365591,35.38748558977982,4.439707188970975,4.3490232569529175,4.381859913372975,36.936166666666665,36.25085245901639,36.15537315131223,4.53217581500581,4.457070663032154,4.472810664030318,7.39530472149615
2011-05-12,sz000901,33.66,33.23,33.82,33.1,16415,24244160.0,2.13,-1.92,-0.65,0.74,4.215240887065359,-0.004971837641122967,33.656,33.62266666666667,33.6193397108196,4.2280004555518405,4.233327311840897,4.224885349760628,33.612,33.654,33.902575765251086,4.209405785766394,4.213481744463334,4.247636950759883,34.8495,34.09847619047619,34.67132590368233,4.361369982786107,4.274090580691132,4.317915475718069,35.830333333333336,34.844688172043014,35.24829297108435,4.422306676175335,4.334541560055781,4.371110298772484,36.900666666666666,36.129338797814206,36.05945927749872,4.529911492123043,4.446679353919352,4.4643657533101555,7.3846071414857954
2011-05-13,sz000901,33.3,33.23,33.57,32.61,17585,25661576.0,2.89,0.0,0.0,0.79,4.245142372652961,0.02990148558760275,33.57000000000001,33.480666666666664,33.48955980721307,4.245688819566029,4.239041284207938,4.23163769072474,33.652,33.58454545454545,33.780289262478156,4.203479588063317,4.219979305715438,4.247183391104079,34.6355,33.94423809523809,34.5340567699983,4.345631171973424,4.263021284487976,4.310984703997582,35.64566666666666,34.676924731182794,35.11808052133697,4.405681631322676,4.323111604989821,4.362983335797031,36.84566666666667,36.00898907103825,35.96669012085941,4.522540909450952,4.437342661477711,4.457178101485329,7.409283324957282
2011-05-16,sz000901,33.5,33.61,34.38,33.28,36521,54401108.0,3.31,1.14,0.38,1.65,4.562542660662262,0.317400288009301,33.58800000000001,33.494,33.52970653814205,4.30671924183102,4.344659231240016,4.34193934737058,33.661,33.57690909090909,33.74932757839122,4.251051618419637,4.2852635007334285,4.304521440114657,34.4615,33.84657142857143,34.4460513633318,4.344536089648278,4.2836795215059595,4.334942604632314,35.468666666666664,34.54559139784946,35.020785003831364,4.393803920733553,4.333231671398827,4.375858130949627,36.7855,35.90290163934426,35.88942159230664,4.518589109644305,4.43865419430431,4.460632677196048,7.735607745164827
2011-05-17,sz000901,33.21,33.3,33.73,32.96,17866,26366364.0,2.29,-0.92,-0.31,0.81,4.252027329652786,-0.31051533100947637,33.45,33.398,33.4531376920947,4.299033194947969,4.326428593847271,4.311968674797982,33.574,33.511272727272726,33.66763165504736,4.25525729971398,4.285440902775818,4.294977056394316,34.233,33.735952380952384,34.33690361444306,4.313333206588658,4.274869163411151,4.3270459117771205,35.312,34.40567741935484,34.90976661648741,4.380915534809232,4.324084794554906,4.367869046994993,36.707499999999996,35.788622950819665,35.80452252370642,4.511283048044723,4.429914463812785,4.453793157604466,7.421050243422099
2011-05-18,sz000901,33.23,33.39,33.66,33.12,14732,21752950.0,1.62,0.27,0.09,0.66,4.168261710182875,-0.08376561946991057,33.352000000000004,33.378,33.4320917947298,4.288642992043249,4.282838098925572,4.264066353259613,33.538,33.47781818181818,33.617153172311475,4.239015719032375,4.269623522861073,4.27193790253769,34.0785,33.65566666666666,34.24672231782944,4.289345377265218,4.261052830420124,4.311923606863383,35.20366666666667,34.28167741935484,34.81171715735919,4.365167591151714,4.310365192966109,4.354991154297437,36.62083333333333,35.679852459016395,35.725357850798005,4.500358493407791,4.418667862571413,4.4444314708037576,7.337518161605397
2011-05-19,sz000901,33.61,33.43,33.95,33.39,16807,25005358.0,1.68,0.12,0.04,0.76,4.225490200071284,0.05722848988840834,33.392,33.403999999999996,33.43139452981987,4.290692854644433,4.261787168268251,4.25120763553017,33.523999999999994,33.458181818181814,33.5831253228003,4.2593466550981365,4.267164337595419,4.263492865725616,33.918,33.59390476190476,34.16893923994092,4.278428585699905,4.254971384973083,4.303691853835564,35.08266666666667,34.16724731182795,34.72257411494892,4.3569830133964045,4.301353748380274,4.346636254024783,36.55166666666666,35.5752349726776,35.650100216345606,4.493735209618161,4.409655787380052,4.43725306848466,7.398033076692586
2011-05-20,sz000901,33.46,32.76,33.68,32.72,20947,30486730.0,2.87,-2.0,-0.67,0.94,4.321121832708528,0.09563163263724395,33.298,33.193333333333335,33.20759635321325,4.305888746655547,4.271930160956282,4.274512367922956,33.434000000000005,33.319272727272725,33.433466173200244,4.275788783110788,4.278396188070036,4.273970859722509,33.741,33.48361904761905,34.03475455042273,4.267787181967458,4.259037408497713,4.305351851823465,34.93233333333333,34.01739784946236,34.5959564301135,4.35742508846674,4.299040123819767,4.34499016232696,36.461666666666666,35.45091803278689,35.55534283220313,4.48904494928493,4.403996332399409,4.433445486983803,7.484110844532149
2011-05-23,sz000901,32.72,31.51,33.1,31.49,22819,32492832.0,4.91,-3.82,-1.25,1.03,4.358296608355735,0.03717477564720717,32.878,32.59733333333333,32.64173090214217,4.265039536194242,4.289399448189679,4.302440448067216,33.233000000000004,32.969454545454546,33.0837450508002,4.2858793890126305,4.2933976108418435,4.289302814019458,33.499,33.271142857142856,33.79430173609676,4.2662889573582,4.267657353868026,4.310394209588443,34.71066666666666,33.79660215053763,34.39686246688037,4.352254839849777,4.299096350909379,4.3458486427159135,36.37166666666667,35.28856830601093,35.42270864098336,4.48236840619941,4.39970950154927,4.430981589323867,7.511787565096063
2011-05-24,sz000901,31.55,31.22,31.6,30.59,15843,21640222.0,3.21,-0.92,-0.29,0.71,4.199837422208157,-0.15845918614757792,32.462,32.044666666666664,32.16782060142812,4.2546015547053155,4.267665410194316,4.26823943944753,32.956,32.603454545454554,32.74488231429107,4.276817374826643,4.277753616877394,4.273036379144676,33.304500000000004,33.05409523809524,33.54913014218279,4.2533580014463865,4.261328636234688,4.299864991742702,34.509,33.57139784946237,34.191903598049386,4.344182971811467,4.2892629691260495,4.336428563973478,36.26866666666667,35.11966120218579,35.28491491504948,4.477615035813458,4.3904461905987375,4.423403092041385,7.33526171174324
2011-05-25,sz000901,31.06,30.32,31.33,30.14,15367,20793870.0,3.81,-2.88,-0.9,0.69,4.186589091272407,-0.013248330935749841,31.848000000000006,31.33066666666667,31.55188040095208,4.258267030923223,4.244994589050013,4.241022656722489,32.599999999999994,32.12418181818182,32.3039946207836,4.273455011483235,4.261348474412988,4.257318690440627,33.1085,32.76985714285714,33.24159393816538,4.248471560238476,4.254969692408595,4.289076810745531,34.27066666666667,33.30113978494624,33.94210336591717,4.339821391636044,4.279095621994497,4.326761501218571,36.137166666666666,34.92462295081967,35.12213081947409,4.46938049080661,4.38090435635149,4.41563869857355,7.317935324503848
2011-05-26,sz000901,30.57,30.21,31.02,30.21,11590,15598069.0,2.67,-0.36,-0.11,0.52,4.064083435963596,-0.12250565530881108,31.204,30.78466666666667,31.104586933968054,4.225985678101685,4.180266724063472,4.182042916469525,32.298,31.68963636363636,31.92326832609567,4.258339266373059,4.223280915227599,4.22218500780844,32.955,32.493809523809524,32.95287070595916,4.233872526069726,4.23740891866813,4.267648870290109,33.999,33.03916129032258,33.70132250359993,4.327026410648425,4.261306076467242,4.309814529266637,35.999,34.730289617486335,34.96107734998313,4.4567586213328,4.367615928323851,4.404112296520764,7.193070837165227
2011-05-27,sz000901,30.21,29.58,30.48,29.54,11927,15753584.0,3.11,-2.09,-0.63,0.54,4.076531219253812,0.012447783290215675,30.568,30.243333333333332,30.596391289312038,4.1770675554107415,4.130448571114181,4.146872350730955,31.933,31.19545454545454,31.497219539532818,4.241478151033144,4.190224906660463,4.195702500798507,32.7925,32.17238095238095,32.631644924439236,4.222478869548231,4.222424032304709,4.249447189239033,33.73466666666666,32.75406451612903,33.43543072917413,4.310913498326665,4.245145096377267,4.294763993136777,35.841,34.5198306010929,34.784648584409915,4.445504486112421,4.35514945612454,4.393371933331684,7.197379373005212
2011-05-30,sz000901,29.58,29.43,29.81,29.13,12915,16791196.0,2.3,-0.51,-0.15,0.58,4.111094410509336,0.03456319125552465,30.152000000000005,29.864,30.207594192874694,4.127627115841461,4.108457522813713,4.134946370657082,31.515000000000004,30.740363636363632,31.12136144143594,4.196333326017852,4.166518772019772,4.180319211655021,32.588,31.852142857142862,32.326726360206926,4.223692472218745,4.21181598858672,4.236270734121919,33.47933333333334,32.4763440860215,33.17701584342096,4.295135168438136,4.2322535423245355,4.282914342644685,35.689166666666665,34.30963387978142,34.609086335740734,4.436567810812145,4.344185191350668,4.38411693258341,7.225081631081555
2011-05-31,sz000901,29.47,30.12,30.25,29.38,12190,16011831.0,2.96,2.34,0.69,0.55,4.086003705618382,-0.025090704890954107,29.932000000000006,29.85333333333334,30.17839612858313,4.104860372523507,4.0945830527393525,4.1186321489775155,31.197000000000003,30.486727272727276,30.939295724811224,4.179730963614411,4.146458841038049,4.163170937830177,32.3855,31.617095238095235,32.116561944949126,4.217494131664196,4.198702772720018,4.2219595885501535,33.221,32.25961290322581,32.97978901481316,4.268799125597242,4.218761189884552,4.270210430578472,35.557,34.12703825136612,34.46190317719186,4.428070943195491,4.332691286262348,4.374342728420623,7.20444099761126
2011-06-01,sz000901,30.14,30.23,30.34,29.83,13124,17441858.0,1.69,0.37,0.11,0.59,4.1180662217140105,0.03206251609562827,29.914000000000005,29.952666666666666,30.195597419055424,4.091155798611827,4.0989850024695205,4.118443506556348,30.881,30.31090909090909,30.810332865754635,4.174711414767524,4.135247069783431,4.15497008035451,32.209500000000006,31.41180952380952,31.936889378763496,4.2068635668999494,4.189233447962859,4.212064982184806,33.01266666666667,32.066645161290324,32.80238327192199,4.251134056432654,4.209036486408215,4.260394675167862,35.44016666666667,33.9523825136612,34.3231522533495,4.421839785160614,4.3225271970334465,4.3659402200040125,7.241592746431823
2011-06-02,sz000901,29.83,29.54,29.92,29.02,11852,15426424.0,2.98,-2.28,-0.69,0.53,4.073791642808014,-0.04427457890599662,29.78,29.828,29.977064946036954,4.093097439980711,4.093196950534916,4.10355955197357,30.492,30.06709090909091,30.579363253799244,4.159541559041198,4.116898020336247,4.140210364436966,32.007999999999996,31.15757142857143,31.70861419983364,4.209444107069667,4.176559931382673,4.19889609272035,32.775999999999996,31.842602150537637,32.59190693179799,4.23879957681367,4.197595040367915,4.2483557698543235,35.29233333333333,33.75893442622951,34.166327589305254,4.4132993815767225,4.3111157825300825,4.356361578128734,7.188265263907725
2011-06-03,sz000901,29.58,30.01,30.32,29.47,15427,20459232.0,2.88,1.59,0.47,0.7,4.188281479522667,0.11448983671465296,29.866000000000003,29.904666666666667,29.988043297357972,4.115447492034482,4.124924963715568,4.131800194489935,30.216999999999995,29.979454545454544,30.47584266219938,4.146257523722612,4.122123460423787,4.14895056717982,31.825499999999998,30.967285714285715,31.546841418897102,4.2110231534167,4.174544443044863,4.197885177177714,32.56633333333333,31.66415053763441,32.42533229103683,4.227277295885842,4.194335808284625,4.2444800091877655,35.14266666666666,33.5857431693989,34.030054553590325,4.40108889265836,4.303738146397163,4.350850755223617,7.310889327107216
2011-06-07,sz000901,30.1,30.41,30.63,30.03,17572,23575066.0,2.0,1.33,0.4,0.79,4.244821194593283,0.05653971507061595,30.062000000000005,30.086000000000002,30.128695531571985,4.142192848851272,4.168049531235169,4.169473861191052,30.107,30.01454545454545,30.46387126907222,4.134909982346366,4.140044127854819,4.166381590345904,31.669999999999998,30.832476190476186,31.43857080757357,4.210394685679498,4.1777633041093,4.202355274074434,32.36833333333333,31.52503225806452,32.29531085290542,4.222495965687589,4.1954676727173625,4.244502021149412,34.99099999999999,33.430573770491804,33.911364240357855,4.393043151653087,4.298614615313062,4.347374376186558,7.372452917247995
2011-06-08,sz000901,30.41,30.52,30.63,30.01,12858,17197188.0,2.04,0.36,0.11,0.58,4.1091734214254725,-0.1356477731678103,30.142000000000003,30.23866666666667,30.259130354381323,4.146826792012689,4.157043055426569,4.149373714602525,30.037,30.089636363636366,30.474076492877273,4.125843582268098,4.135364753141928,4.155980105087644,31.496500000000005,30.722952380952385,31.351087873518942,4.201330478547371,4.168123183704155,4.19348081191739,32.215333333333334,31.40578494623656,32.180774668847015,4.210853195053624,4.1881565408294845,4.235771143747868,34.846500000000006,33.28398360655738,33.800171970182184,4.383990163255442,4.289307411043304,4.339564508817341,7.235457439005052
2011-06-09,sz000901,30.5,29.85,30.68,29.72,15324,20463710.0,3.15,-2.2,-0.67,0.69,4.1853721433110405,0.07619872188556798,30.066000000000003,30.141333333333332,30.12275356958755,4.1602879763320955,4.169891505859352,4.161373190838697,29.990000000000002,30.055636363636367,30.36060803962686,4.125721887471961,4.146188127877009,4.161324112037352,31.294999999999998,30.566142857142857,31.208127123659995,4.199588449477599,4.166603342253076,4.192708557764404,32.068999999999996,31.253182795698926,32.030402109566566,4.207555002649638,4.186512602007381,4.2325195953325885,34.700500000000005,33.12016393442622,33.67065813509424,4.3774276953156,4.282795344815619,4.334509021423692,7.310984372605056
2011-06-13,sz000901,30.55,32.81,32.81,30.34,123115,176483296.0,8.27,9.92,2.96,5.55,5.090310969424922,0.9049388261138818,30.720000000000006,31.055999999999997,31.01850237972504,4.363591841655477,4.479899170223629,4.471019117034106,30.25,30.56836363636364,30.805952032421974,4.228344640818094,4.321567960959365,4.330230813380547,31.274,30.71042857142857,31.360686445216185,4.243341953595577,4.2514340584385355,4.278194501732072,32.053333333333335,31.300989247311822,32.08069874765905,4.232029897652516,4.243464599863851,4.287860974306287,34.608666666666664,33.058180327868854,33.642439835582955,4.382387415016038,4.306168566917565,4.359289413161436,8.24670360605059
2011-06-14,sz000901,33.46,33.91,33.93,32.25,148521,216905008.0,5.12,3.35,1.1,6.7,5.171787864692418,0.08147689526749602,31.5,32.11933333333333,31.982334919816694,4.560293118689428,4.749297844569275,4.704608699586877,30.683,31.23381818181818,31.37032439016343,4.337870305361955,4.493103092572879,4.4832411863463415,31.308,30.961476190476194,31.60347821233845,4.2896742281975495,4.3398574785429975,4.36329863153782,32.08933333333333,31.420774193548382,32.19871818329395,4.260942681486139,4.304094146124491,4.344888515621522,34.53333333333333,33.03527322404372,33.65121229999007,4.393683159057913,4.332050548874166,4.385928706654255,8.336269579315516
2011-06-15,sz000901,33.28,33.01,33.75,32.85,65203,95720168.0,2.65,-2.65,-0.9,2.94,4.81426757814714,-0.35752028654527823,32.02,32.62266666666666,32.32488994654447,4.674182395400199,4.833955997721845,4.7411616591069645,31.040999999999997,31.656909090909092,31.66844722831553,4.408187622125736,4.579720778533821,4.543427803037396,31.278,31.123571428571427,31.737432668306216,4.302260474071793,4.389818749966767,4.406248055024421,32.07233333333333,31.480172043010754,32.25105894566208,4.2851908555210745,4.339792526554233,4.375171035784465,34.461666666666666,32.98532786885246,33.63018894589203,4.396249349355854,4.345840201959059,4.399972604080251,7.98100345217927
2011-06-16,sz000901,32.67,32.83,33.66,32.49,53555,78385400.0,3.54,-0.55,-0.18,2.41,4.728800023646677,-0.08546755450046284,32.482,32.89266666666666,32.49325996436298,4.79810771584444,4.852161873804006,4.737041113953536,31.312,31.982181818181818,31.879638641349068,4.472467253928565,4.63801394244672,4.577131843148174,31.2545,31.27138095238095,31.841486699896098,4.326099108771488,4.4304415642119945,4.436967290131302,32.02766666666667,31.52905376344086,32.28840998142582,4.302485172418986,4.368412472884918,4.397985809194931,34.38033333333333,32.93183060109289,33.60395324274803,4.401303779408327,4.35674350275548,4.410753830951281,7.894235178884619
2011-06-17,sz000901,32.79,32.81,33.5,31.71,54431,78269664.0,5.45,-0.06,-0.02,2.45,4.735846313198067,0.007046289551389862,33.074,33.002,32.59883997624199,4.908202549821845,4.8314080729218825,4.736642847035046,31.570000000000004,32.25454545454546,32.04879525201287,4.53424526307697,4.685901044132083,4.605989019520882,31.2255,31.419523809523806,31.933726061810756,4.354478338922247,4.469465107490716,4.465431958994803,31.996333333333332,31.57952688172043,32.322060950366094,4.315990798958956,4.396371256160987,4.419783261066101,34.32333333333334,32.88034426229508,33.57792198888743,4.403779063851514,4.367712110420717,4.421412600861012,7.893593469462414
2011-06-20,sz000901,32.61,32.27,33.03,31.84,36635,52205808.0,3.63,-1.65,-0.54,1.65,4.563896195875024,-0.17195011732304266,32.966,32.734,32.489226650828,4.802919595111865,4.716639288272942,4.679060629981706,31.843,32.38181818181818,32.08901429710144,4.583255718383671,4.691292122822639,4.598335778857998,31.167499999999997,31.519,31.965752151162114,4.371398638712434,4.489409665295742,4.474809505364348,31.952999999999996,31.597182795698927,32.31870217937474,4.334047977507669,4.412365152736217,4.429080869763451,34.24983333333333,32.813021857923495,33.53503930072719,4.407083683745189,4.372961852454275,4.42608419414016,7.717718821815206
2011-06-21,sz000901,32.49,33.5,33.84,32.07,71003,103995248.0,5.48,3.81,1.23,3.2,4.851276698802467,0.28738050292744255,32.884,32.912,32.826151100552,4.738817361933875,4.7327583228364745,4.736465986255293,32.192,32.683090909090915,32.3455571521739,4.649555240311651,4.740023210171512,4.644325037029719,31.204499999999996,31.741142857142854,32.11187099390858,4.397906382017132,4.53511233768527,4.510663523787026,31.94766666666667,31.69698924731183,32.39491494199573,4.357200515715017,4.445734747658461,4.456319310346614,34.18266666666667,32.78843715846995,33.53389047119516,4.4093788597413095,4.387525557865989,4.440024931997941,8.017013494928314
2011-06-22,sz000901,33.28,33.73,34.58,33.01,84248,126338232.0,4.69,0.69,0.23,3.8,4.925559599759713,0.07428290095724588,33.028000000000006,33.193999999999996,33.12743406703467,4.76107576625639,4.795005735445088,4.7994971907567665,32.524,32.96272727272727,32.597274033596825,4.717629080828294,4.790205820980249,4.695458593889717,31.315499999999997,31.981666666666666,32.26597851829824,4.42626953158733,4.585365025089325,4.550177435784425,31.954666666666665,31.811978494623656,32.481049461866974,4.379472817395764,4.482403075661344,4.486592877405523,34.124833333333335,32.77359562841531,33.5403202918117,4.419224929361359,4.4044495165551165,4.455944101432753,8.101534795005582
2011-06-23,sz000901,33.37,33.73,33.82,32.16,56291,82260904.0,4.92,0.0,0.0,2.54,4.750438963896022,-0.1751206358636912,33.208000000000006,33.428,33.328289378023115,4.765403554306259,4.791460134658299,4.7831444484698515,32.845,33.181999999999995,32.80322420930649,4.781755635075349,4.796171254265291,4.705455024799954,31.440999999999995,32.21161904761905,32.40540913560317,4.453799608671724,4.61623830435682,4.569249962271243,31.946,31.926516129032258,32.561626915940074,4.394805530723363,4.5063363754355565,4.503615205566201,34.0525,32.760650273224044,33.54653929863755,4.423313305319538,4.415308993097238,4.465599670693844,7.9151934778458335
2011-06-24,sz000901,33.28,34.89,35.74,33.08,108533,167618560.0,7.89,3.44,1.16,4.89,5.035561807667191,0.2851228437711697,33.624,33.98866666666667,33.84885958534875,4.825346653200083,4.881512885778609,4.867283568202298,33.349000000000004,33.55381818181818,33.18263798943258,4.866774601510964,4.842317831100172,4.765474439866724,31.6695,32.54009523809524,32.6420368369743,4.496248244491463,4.671644228070673,4.613660614213714,31.979666666666667,32.11645161290323,32.711844534266525,4.421983833488721,4.547675490077093,4.53793434118562,33.99833333333333,32.78810928961749,33.59058719048549,4.430845511229848,4.4353827144856846,4.484286953873298,8.224322105340246
2011-06-27,sz000901,34.62,35.81,36.64,34.44,129474,203980672.0,6.31,2.64,0.92,5.84,5.112182565404092,0.07662075773690091,34.33200000000001,34.717333333333336,34.502573056899166,4.935003927105897,4.97712485651328,4.948916567269563,33.649,34.00127272727273,33.66034017317211,4.868961761108881,4.886937460898922,4.828512280873518,31.9495,32.93442857142857,32.94374761440532,4.5486532009634875,4.730304639586161,4.661138895279465,32.065666666666665,32.363569892473116,32.91172553205578,4.451881889433344,4.592204440523246,4.574982613715845,33.948,32.847508196721314,33.663354823584335,4.43709428280434,4.457721634294677,4.504873695234963,8.309589018203258
2011-06-28,sz000901,35.79,35.61,36.32,35.11,71001,112260400.0,3.38,-0.56,-0.2,3.2,4.851264465499688,-0.26091809990440407,34.754000000000005,35.14333333333334,34.87171537126611,4.935001480445342,4.949211702644543,4.916365866679605,33.819,34.35781818181818,34.01482377804991,4.836909421189608,4.8837197707881606,4.83264904171464,32.251000000000005,33.28304761904762,33.197676413033385,4.5873898632757815,4.759124760018182,4.679246092443297,32.145,32.59223655913978,33.08580775579412,4.472085959194902,4.617971058333979,4.592807249314803,33.89533333333333,32.902,33.72717925559796,4.438883795258789,4.471300984546983,4.516230769669872,8.050226585340301
2011-06-29,sz000901,35.43,37.38,38.88,35.2,150022,247289920.0,10.33,4.97,1.77,6.77,5.176154950909072,0.3248904854093837,35.484,36.01866666666667,35.70781024751075,4.985120550675214,5.0295961927991195,5.002962228089428,34.256,35.005272727272725,34.62667400022265,4.873098158465801,4.9454007761917,4.895104661568173,32.6485,33.77152380952381,33.595992945125445,4.6406428902957675,4.815197625507066,4.7265707456305135,32.27066666666666,32.929978494623654,33.36285241671063,4.492539702203129,4.663394864251022,4.63044258490153,33.86966666666667,33.01625136612022,33.84694387016852,4.443171811468341,4.495473809322402,4.537867628071157,8.393206414066118
2011-06-30,sz000901,37.4,37.65,38.3,36.93,94120,155788240.0,3.67,0.72,0.27,4.24,4.973681918503984,-0.20247303240508785,36.26800000000001,36.74066666666667,36.35520683167383,5.029769141596805,5.02578331540871,4.993202124894281,34.738,35.62236363636364,35.1763696365458,4.897586347951532,4.963688732562277,4.909391435556501,33.025,34.24785714285714,33.9820888551135,4.685026800940048,4.846915628193562,4.750105143047034,32.41566666666667,33.277032258064516,33.63944258337446,4.516594855164835,4.694436297560753,4.652587058037173,33.86383333333333,33.14019672131147,33.97163423508103,4.448755194987034,4.512867583323571,4.552156621200102,8.192534670949703
2011-07-01,sz000901,37.53,36.86,38.21,36.62,75015,123756368.0,4.22,-2.1,-0.79,3.38,4.875148113603349,-0.09853380490063479,36.662000000000006,36.937999999999995,36.52347122111589,4.997686402784038,4.974242972744224,4.953850787797304,35.142999999999994,36.00818181818182,35.482484248082926,4.9115165279920605,4.9596090535898805,4.9031653770195645,33.3565,34.61309523809524,34.25617563081698,4.722880895534515,4.865022419875781,4.762013997385731,32.531333333333336,33.563763440860214,33.84722048122127,4.540157735278852,4.717568765847108,4.666945835815636,33.8675,33.23843169398907,34.066334751963616,4.452662663215282,4.526847679015908,4.56274650619693,8.092567555210508
2011-07-04,sz000901,36.53,37.35,37.91,36.53,69616,114601392.0,3.74,1.33,0.49,3.14,4.842709065948641,-0.03243904765470784,36.97,37.16733333333333,36.79898081407726,4.943791702892947,4.9225838604657595,4.916803547181083,35.650999999999996,36.409454545454544,35.8220325666133,4.939397814999422,4.947098605945623,4.892173320461215,33.747,34.99342857142857,34.55082557073918,4.761326766691546,4.876434626581888,4.76969924201077,32.662,33.87464516129033,34.07320625662635,4.560731697474764,4.737088206535483,4.678285399050024,33.87233333333333,33.35261202185792,34.17399590763694,4.458857355435584,4.539636085662904,4.5719256065166585,8.059189892799322
2011-07-05,sz000901,37.35,37.42,38.61,37.18,73328,122554856.0,3.83,0.19,0.07,3.31,4.865269839900711,0.0225607739520699,37.33200000000001,37.31733333333333,37.00598720938484,4.9465927777731515,4.896409906135014,4.899625644754293,36.043,36.731090909090916,36.11257209995634,4.940797129109247,4.933620792291313,4.887281778541123,34.1175,35.34323809523809,34.82408027828783,4.795176184710449,4.8863339668875225,4.778801203714574,32.81733333333333,34.181612903225805,34.2891284336182,4.57886996438117,4.7567358286274795,4.690348911362972,33.874833333333335,33.46892896174863,34.28042227132098,4.468147526423954,4.552961085153564,4.581543450234168,8.088330524010964
2011-07-06,sz000901,37.09,39.21,39.51,37.0,131981,224675024.0,6.71,4.78,1.79,5.95,5.120511414621926,0.25524157472121445,37.698,37.94333333333334,37.7406581395899,4.935464070515723,4.954382785084605,4.97325423471017,36.590999999999994,37.306909090909095,36.675740809055185,4.960292310595468,4.966296116929981,4.92968716691945,34.557500000000005,35.82823809523809,35.24178691845089,4.838960695711881,4.917318274498141,4.811345033324797,33.074,34.594043010752685,34.606604018546065,4.604277124590042,4.791680438320433,4.718101330928065,33.89233333333333,33.643852459016394,34.442047770621926,4.47826598221991,4.574350065094481,4.599214531033766,8.351554796754431
2011-07-07,sz000901,38.88,38.07,39.33,37.98,79303,135329040.0,3.44,-2.91,-1.14,3.58,4.899289616810688,-0.2212217978112374,37.782000000000004,38.06733333333333,37.8504387597266,4.9205856101770635,4.942324633849593,4.94859936207701,37.025,37.57581818181818,36.929242480136054,4.975177375886934,4.9552047180600205,4.9241603396269475,34.934999999999995,36.1627619047619,35.51114054526509,4.878466505481141,4.923063886031359,4.819720707942501,33.30233333333333,34.916365591397856,34.83004892057535,4.6275921977434615,4.810713502334667,4.7297908977592025,33.90566666666667,33.780825136612016,34.560997024044156,4.485887584777464,4.588154118687621,4.609053058436288,8.131391001020939
2011-07-08,sz000901,37.76,38.27,38.65,37.65,46884,79343584.0,2.63,0.53,0.2,2.11,4.671024657272409,-0.2282649595382793,38.064,38.230000000000004,37.99029250648441,4.879760918910875,4.8591376495480425,4.856074460475476,37.36300000000001,37.802181818181815,37.17301657465677,4.938723660847456,4.899904223766471,4.87813567010794,35.356,36.48038095238095,35.77388906476366,4.90274913117921,4.90330751953529,4.805559179307254,33.56733333333333,35.23686021505376,35.05198124828017,4.64374004994346,4.813515596497824,4.725999527405216,33.919000000000004,33.92391803278689,34.68260367899353,4.491780720789753,4.594224186638275,4.611084914135833,7.899511813938338
2011-07-11,sz000901,38.16,38.61,39.17,37.91,54563,93013376.0,3.29,0.89,0.34,2.46,4.7368982408204765,0.0658735835480675,38.316,38.412000000000006,38.196861670989605,4.858598753885242,4.811516756851243,4.81634905392381,37.64300000000001,38.028909090909096,37.43428628835554,4.901195228389095,4.863208692852474,4.852456137510219,35.646,36.790285714285716,36.0439948681195,4.885078494748988,4.887512196643982,4.799020042308514,33.84733333333333,35.5621935483871,35.28153084516533,4.666167210105356,4.819525802360858,4.726702670206201,33.92316666666667,34.07772131147541,34.81137077148555,4.49659681037689,4.602260826639283,4.615209941240247,7.968545407750417
2011-07-12,sz000901,38.45,36.62,38.45,36.55,81830,134661376.0,4.92,-5.15,-1.99,3.69,4.912912551176097,0.17601431035562065,38.156000000000006,37.84666666666667,37.67124111399307,4.86812729614032,4.829621355948195,4.84853688634124,37.744,37.842909090909096,37.28623423592725,4.907360036956736,4.865339115177385,4.863448212722197,35.7815,36.883047619047616,36.098852499727165,4.872134729073172,4.89016305916085,4.80986694791495,34.082,35.7410752688172,35.367883693864336,4.694046587836099,4.835444856623487,4.738716210913937,33.90833333333333,34.16614207650273,34.87067009045324,4.502480043081381,4.615910523058929,4.624970682549619,8.129243047872562
2011-07-13,sz000901,36.64,37.09,37.22,36.53,50285,81990712.0,1.88,1.28,0.47,2.27,4.701438454464351,-0.2114740967117461,37.732000000000006,37.49133333333334,37.47749407599538,4.784312704108805,4.774058408722872,4.79950407571561,37.715,37.724000000000004,37.25055528394048,4.859888387312263,4.827898827451495,4.833991893038952,35.9855,37.00766666666667,36.19324749975315,4.866493272889032,4.873906271102866,4.799540424729178,34.337333333333326,35.93513978494624,35.47898797167954,4.713724722634599,4.835921751244664,4.7363111943688025,33.90833333333333,34.270459016393445,34.94343500552034,4.504429945536368,4.622433749661649,4.627477822612397,7.9137646578030845
2011-07-14,sz000901,36.97,36.97,37.44,36.62,38959,63777332.0,2.21,-0.32,-0.12,1.76,4.5906078008745554,-0.1108306535897956,37.51200000000001,37.23733333333334,37.30832938399692,4.722576340921577,4.709490107644789,4.729871984101925,37.647,37.588545454545454,37.19954523231493,4.82158097554932,4.778938720826458,4.789740239918152,36.1925,37.10142857142857,36.26722392834809,4.859583661750426,4.847631464244346,4.779642079600166,34.565666666666665,36.10498924731183,35.575182296087306,4.730544859143139,4.827978724034338,4.72691097543369,33.89333333333333,34.37084153005464,35.00987975943771,4.4996719923701916,4.62525925311536,4.626268969440663,7.8046663474263305
2011-07-15,sz000901,37.06,38.25,38.32,37.06,64898,108926760.0,3.41,3.46,1.28,2.93,4.8122313130970165,0.22162351222246102,37.508,37.483333333333334,37.62221958933128,4.7508176720865,4.739375098369935,4.757325093766956,37.786,37.69818181818181,37.39053700825767,4.815289295498687,4.777238782198766,4.793829525950672,36.4645,37.297380952380955,36.45605974469589,4.863402911745374,4.843121716753544,4.782745816123676,34.833,36.342688172043005,35.747751180210706,4.753683695522572,4.833248817837815,4.732415513347454,33.92283333333333,34.51368306010929,35.11611320994795,4.502408875977613,4.635507099696567,4.632366095462183,8.03713458584087
2011-07-18,sz000901,38.0,38.39,39.33,37.62,85432,146614336.0,4.47,0.37,0.14,3.85,4.931620573503272,0.11938926040625564,37.464,37.77733333333334,37.87814639288752,4.789762138623058,4.799642732175526,4.815423587012395,37.89,37.808,37.572257552210814,4.82418044625415,4.798389923654145,4.818882443687508,36.7705,37.480761904761906,36.64024453091533,4.881789130626786,4.8496186369209635,4.796924364445543,35.128,36.57217204301075,35.91821884600357,4.782277993212414,4.844728616417214,4.745267452712346,33.952000000000005,34.66014754098361,35.22345376044145,4.510538785013042,4.64957961436954,4.6421777176930386,8.166176437844605
2011-07-19,sz000901,37.89,37.94,38.39,37.35,37172,62133284.0,2.71,-1.17,-0.45,1.68,4.570215928477933,-0.3614046450253392,37.728,37.936,37.89876426192502,4.721222814083426,4.726460662127151,4.733687700834242,37.942,37.81709090909091,37.639119815445206,4.794675055111872,4.7522145567857415,4.77367035001304,36.9925,37.59214285714285,36.76403076606625,4.86773609211056,4.819944998621072,4.77533308482958,35.39233333333333,36.75359139784947,36.04865633980979,4.795009141510923,4.831047192885957,4.733973805987546,33.97933333333334,34.79090163934426,35.31252085026304,4.511143218698383,4.651536242024125,4.639818314767953,7.793324308472072
2011-07-20,sz000901,38.05,37.42,38.41,36.97,39412,65400016.0,3.8,-1.37,-0.52,1.78,4.59562847411769,0.0254125456397567,37.794000000000004,37.833333333333336,37.73917617461668,4.7000608180140935,4.684595882138572,4.687667958595391,37.763,37.722181818181824,37.59927984900062,4.742186761061449,4.716024269332254,4.741299099850249,37.17700000000001,37.63285714285714,36.826504026440894,4.851239535828459,4.794029987383657,4.7582183599998755,35.626,36.884408602150536,36.13713012433819,4.80670271749507,4.818183924021878,4.72504830070562,33.997166666666665,34.90371038251366,35.3816185273036,4.51459934159133,4.6543062503985295,4.638369467533518,7.815577854573669
2011-07-21,sz000901,37.09,37.94,38.07,36.97,40170,66891956.0,2.94,1.39,0.52,1.81,4.603901831731672,0.008273357613981958,37.98800000000001,37.882,37.806117449744455,4.702719624185517,4.652542886711099,4.659745916307484,37.75,37.754363636363635,37.66122896736414,4.7126479825535466,4.690881554908659,4.716317778374144,37.3875,37.70552380952381,36.932551262017945,4.8439126792202405,4.770474015564915,4.743521547783856,35.873333333333335,37.03369892473118,36.25344430986476,4.823193664505277,4.80509999590811,4.717232399481494,34.044333333333334,35.03298360655738,35.46549988706414,4.51702342977945,4.657234200894934,4.637239381113784,7.825373895423206
2011-07-22,sz000901,37.71,38.32,38.63,37.35,50860,85682720.0,3.37,1.0,0.38,2.29,4.70637635583969,0.10247452410801827,38.002,37.992666666666665,37.97741163316297,4.681548632734051,4.65376179726249,4.675289396151553,37.754999999999995,37.858000000000004,37.78100551875247,4.7161831524102755,4.689741259142503,4.7145102470042435,37.559000000000005,37.794333333333334,37.06468923706385,4.827453406628865,4.757375318100101,4.73998391045584,36.15566666666667,37.19154838709677,36.38677048342187,4.840560471589566,4.797563395349041,4.7165320095691206,34.11233333333333,35.173169398907106,35.55909005470138,4.524057737119602,4.663442493552647,4.639506167170371,7.93289324473137
2011-07-25,sz000901,38.54,36.64,39.3,36.53,90543,152058240.0,7.23,-4.38,-1.68,4.08,4.956854880062712,0.2504785242230225,37.652,37.538666666666664,37.53160775544198,4.68659549404594,4.745530546372043,4.769144557455273,37.558,37.655272727272724,37.57354996988838,4.738178816334498,4.733499755079309,4.758572907560328,37.6005,37.706809523809525,37.024242643057775,4.819687022361797,4.769699267950943,4.760638288513637,36.28333333333333,37.222795698924735,36.403107871588205,4.836111935277491,4.805066260411825,4.732036710891288,34.16833333333333,35.256043715847,35.59452972503904,4.534070916465003,4.677632563813077,4.6499110430029065,8.182009959432914
2011-07-26,sz000901,36.37,35.9,36.64,34.69,49496,78072392.0,5.32,-2.02,-0.74,2.23,4.694570103011944,-0.2622847770507679,37.244,36.95466666666666,36.98773850362799,4.711466328952742,4.748188749360711,4.744286405974163,37.486000000000004,37.353818181818184,37.2692681571814,4.716344571518084,4.725570898111572,4.746936034006076,37.614999999999995,37.54485714285714,36.91717191514751,4.8118523042374095,4.757783370870005,4.754346080370619,36.349666666666664,37.19806451612903,36.37064929922767,4.820204676554809,4.795934529297917,4.7296195103829435,34.219500000000004,35.31281967213115,35.60454514389022,4.540573679020474,4.682894832224452,4.651375274478612,7.892497485583293
2011-07-27,sz000901,35.63,36.48,36.68,35.29,42604,68237512.0,3.87,1.62,0.58,1.92,4.629450376012932,-0.06511972699901225,37.056000000000004,36.7,36.81849233575199,4.71823070933179,4.720850098380775,4.7060077293204206,37.425,37.17090909090909,37.12576485587569,4.709145763672941,4.709771953474272,4.725575005280049,37.57,37.43676190476191,36.875536494657275,4.7845170754926025,4.74041175865815,4.742451251384172,36.465333333333334,37.206473118279575,36.37770418314847,4.814044103150335,4.7836278002307,4.723156985584879,34.26883333333333,35.38693442622951,35.633248581795456,4.549617479335705,4.685808822289779,4.65065642534859,7.834023183687468
2011-07-28,sz000901,36.17,35.92,36.79,35.63,33487,53554020.0,3.18,-1.54,-0.56,1.51,4.524876242141101,-0.10457413387183134,36.652,36.32133333333333,36.51899489050133,4.702425591413676,4.656398609317212,4.645630566927315,37.32000000000001,36.89727272727273,36.90653488208011,4.702572607799596,4.676268404104847,4.689084321072968,37.4835,37.27961904761904,36.78453301897563,4.762076791674458,4.7156840602437216,4.721729821932451,36.56833333333334,37.171290322580646,36.34817488100986,4.807246643766816,4.764971809197846,4.710364679556249,34.298,35.441071038251366,35.64265026763823,4.554865908092902,4.684997634185037,4.646532484915557,7.728792076443122
2011-07-29,sz000901,35.94,35.25,36.1,34.64,39878,61937888.0,4.06,-1.87,-0.67,1.8,4.600733369029172,0.07585712688807078,36.038,35.854,36.09599659366756,4.681296994051573,4.622501201855711,4.630664834294601,37.02,36.520909090909086,36.605346721701906,4.681422813392812,4.657752178873861,4.673020511610459,37.403,37.066904761904766,36.63838701716843,4.7483560544457495,4.700318019991789,4.710206350227376,36.64966666666667,37.086236559139785,36.27732488868664,4.802742878961186,4.751648372117998,4.703291691780309,34.323,35.47228415300546,35.629776488371405,4.559366838960072,4.686501485363277,4.645030874558626,7.791956392406242
2011-08-01,sz000901,35.63,35.74,36.19,35.11,30194,47697480.0,3.06,1.39,0.49,1.36,4.479920650712888,-0.12081271831628371,35.858000000000004,35.75466666666667,35.977331062445046,4.585910148181607,4.55537575407615,4.580416773100697,36.754999999999995,36.28818181818182,36.44801095411974,4.636252821113773,4.621115422022965,4.637911445992719,37.3225,36.90852380952381,36.55282634886667,4.730216633683962,4.674752743445802,4.688274378845044,36.76533333333334,37.02754838709677,36.242658766835895,4.799943694122448,4.7308211315858495,4.688880656872733,34.35916666666666,35.51874316939891,35.633390373998566,4.566995835815058,4.683896692305991,4.63961742459647,7.678495434574607
2011-08-02,sz000901,35.29,35.03,35.61,34.51,28260,43494688.0,3.08,-1.99,-0.71,1.27,4.45117215751254,-0.028748493200348335,35.684000000000005,35.47866666666666,35.66155404163003,4.537230559081726,4.510463090519793,4.537335234571311,36.464,35.974545454545456,36.19019078064342,4.624348444017234,4.587464392277286,4.603958848087232,37.202999999999996,36.69019047619048,36.40779526802222,4.7095117495645535,4.648177079048524,4.665693214908615,36.81633333333333,36.91559139784946,36.16442271736261,4.786606876079451,4.708319742127145,4.673544624655947,34.382,35.54073770491804,35.613607083047796,4.571903695897234,4.680099194656728,4.633438891249456,7.638436219870563
2011-08-03,sz000901,34.51,36.37,36.64,34.4,40850,64280388.0,6.39,3.83,1.34,1.84,4.611192060868435,0.1600199033558951,35.662,35.70733333333333,35.89770269442002,4.533578896052826,4.535116924448697,4.561954176670353,36.359,35.957454545454546,36.22288336598098,4.625904802692308,4.585072322613868,4.605273977683814,37.06099999999999,36.610857142857135,36.40419571868677,4.684045781876878,4.638813299172703,4.66050262880955,36.90433333333333,36.88679569892473,36.177685767855344,4.776127958116408,4.697002657274822,4.66952187860514,34.4295,35.60591803278688,35.63840685081672,4.577800387756086,4.681387337770539,4.632709486974669,7.808078489524886
2011-08-04,sz000901,36.3,36.46,36.97,36.08,40860,66032216.0,2.45,0.25,0.09,1.84,4.611298362296429,0.000106301427994282,35.769999999999996,35.97333333333333,36.08513512961335,4.550863320083893,4.561023413196564,4.578402238545712,36.211,35.975818181818184,36.265995481257164,4.626644455748784,4.582416606178254,4.6063693203406535,36.9805,36.553619047619044,36.409510412145174,4.669646219151166,4.631884973498375,4.655816508189253,36.99533333333333,36.85812903225806,36.19589958928403,4.771489938063088,4.686368489802566,4.665765522714256,34.47066666666667,35.67249180327869,35.66534433111781,4.583147734393226,4.682485632017762,4.632007482886857,7.819755872169618
2011-08-05,sz000901,35.0,35.36,36.08,34.62,25819,40286360.0,4.0,-3.02,-1.1,1.16,4.411939417524043,-0.1993589447723858,35.79200000000001,35.836666666666666,35.84342341974224,4.513104529782867,4.514715445676614,4.522914631538489,35.915,35.821090909090906,36.1012690301195,4.59720076191722,4.543379326501029,4.5710184289194515,36.835,36.39928571428571,36.30955703955992,4.656691957163748,4.607341468581505,4.63259011860209,37.010999999999996,36.75262365591398,36.14197058352377,4.750702525058316,4.663171682025853,4.649389644960049,34.49533333333333,35.70165027322404,35.65533304157296,4.586343179273518,4.676872244579429,4.62479213648152,7.605158029281439
2011-08-08,sz000901,35.74,36.95,38.79,34.91,136192,221725856.0,10.97,4.5,1.59,6.14,5.134151597606897,0.7222121800828543,36.034000000000006,36.22266666666666,36.21228227982816,4.643950719161669,4.721731134951289,4.726660286894625,35.946,36.00927272727273,36.25558375191595,4.614930433671638,4.641006751171878,4.673406277771714,36.752,36.41023809523809,36.37055160722088,4.676554625003068,4.652813815290377,4.68035787850731,37.049,36.74868817204301,36.19410151361901,4.751434826131744,4.6879103318676965,4.680664609646943,34.55733333333333,35.78213114754099,35.69778113857057,4.601658357782544,4.694833176328064,4.641492446682352,8.345816340220356
2011-08-09,sz000901,35.29,38.61,38.74,33.3,130489,210305184.0,14.72,4.49,1.66,5.88,5.115573902933673,-0.018577694673224343,36.75000000000001,37.08133333333333,37.01152151988544,4.776831068245896,4.878938862875292,4.8562981589076415,36.217,36.49363636363636,36.68365943338578,4.657030813663811,4.732032836492249,4.753800391437524,36.8515,36.58719047619047,36.583832406533176,4.686687692590947,4.694625175093292,4.721807023690773,37.149,36.84939784946236,36.34996593209521,4.760245140712877,4.711403175532337,4.708723273729958,34.647,35.91500546448088,35.793263724191206,4.61616554995389,4.71168286633302,4.657036100985674,8.32284997813019
2011-08-10,sz000901,38.77,39.24,40.67,37.91,199746,348567424.0,7.15,1.63,0.63,9.01,5.300478091138363,0.18490418820468957,37.324,37.91133333333334,37.75434767992363,4.9146882742998805,5.053487870506114,5.004358136317882,36.493,37.04327272727273,37.14844862731563,4.724133585176355,4.849023250578531,4.8531963368376765,36.958999999999996,36.81466666666667,36.83680074876811,4.7166396744246475,4.753081403526378,4.776918553923877,37.211000000000006,36.98430107526881,36.53641974292778,4.7643892453871866,4.746256914269464,4.746901003885339,34.74083333333333,36.065595628415295,35.90627147093903,4.628464473795159,4.734119343093166,4.678132559679204,8.542286796892977
2011-08-11,sz000901,38.32,39.06,39.55,37.98,111364,191419712.0,4.0,-0.46,-0.18,5.02,5.046744821644442,-0.25373326949392094,37.84400000000001,38.49,38.189565119949094,5.001777566169483,5.097506719620967,5.018487031426735,36.807,37.510000000000005,37.496003422349155,4.7763204431266875,4.907679839027273,4.888386970438907,37.0635,37.0147619047619,37.0485340107902,4.739446525463142,4.784519988975883,4.802616293706788,37.258,37.103591397849456,36.699231372416314,4.766824675491869,4.764473403060256,4.76624576632141,34.83683333333333,36.207207650273226,36.00967240631808,4.641709765328352,4.747833452858717,4.6902182076124905,8.281986658477527
2011-08-12,sz000901,39.15,39.55,41.12,39.01,141131,250678288.0,5.4,1.25,0.49,6.36,5.149622418787764,0.10287759714332267,38.682,39.05866666666667,38.643043413299395,5.1493141664222275,5.1467883371603955,5.062198827213745,37.237,38.00872727272727,37.869457345558395,4.831209348102547,4.9755529255111055,4.935884324684153,37.128499999999995,37.25157142857143,37.28676886690542,4.756316080747679,4.823584359768705,4.835664496095453,37.34766666666667,37.2514623655914,36.88315192903462,4.775973818998016,4.789170031659991,4.790979743899885,34.939499999999995,36.36173770491803,36.125748720865026,4.658065777138434,4.764486326742633,4.705280640765778,8.399116720036663
2011-08-15,sz000901,39.71,40.45,40.54,39.33,90462,159842720.0,3.06,2.28,0.9,4.08,4.956466185215803,-0.193156233571961,39.382000000000005,39.648,39.24536227553293,5.11377708394401,5.082505676758253,5.026954613214432,37.708000000000006,38.592909090909096,38.338646919093236,4.8788639015528386,4.998326895895334,4.939626481144453,37.2315,37.56790476190476,37.58802897481919,4.757558361333306,4.842646274479954,4.84716941886882,37.451,37.45161290322581,37.11327115941948,4.779765722973588,4.800814700448236,4.8016562885009115,35.05650000000001,36.54240983606557,36.26752745132846,4.670248710224175,4.774269946679595,4.71351623238709,8.203692861215616
2011-08-16,sz000901,40.22,39.55,40.45,38.9,78539,137571712.0,3.83,-2.22,-0.9,3.54,4.895085367303043,-0.0613808179127604,39.57000000000001,39.70399999999999,39.346908183688626,5.069679376817883,5.009608437877931,4.982998197910636,38.160000000000004,38.927818181818175,38.558892933803556,4.923255222531889,5.001276253304463,4.931528096809651,37.312,37.788714285714285,37.77488335816974,4.773801833274561,4.8557440845723105,4.851732842529222,37.522000000000006,37.58703225806452,37.27047947171501,4.780759573886998,4.808254677501749,4.807683971004275,35.169666666666664,36.68973770491803,36.37514950210458,4.679814769134084,4.781641640354311,4.719469318777777,8.138529141855205
2011-08-17,sz000901,39.26,40.65,41.12,39.01,101782,180677536.0,5.34,2.78,1.1,4.59,5.00767098043814,0.11258561313509663,39.852000000000004,40.064,39.781272122459086,5.011117954677839,4.988938972418016,4.991222458753137,38.588,39.38054545454546,38.93909421856654,4.96290311448886,5.016624572923781,4.9453722574693755,37.473499999999994,38.10661904761905,38.048703990725,4.794403958590584,4.8780173366831265,4.866584093758642,37.57000000000001,37.788838709677414,37.48851305418501,4.776998226080873,4.822894123085694,4.820586358709686,35.322,36.86942076502732,36.51530853482246,4.690637675335457,4.792391024331494,4.728918553586313,8.25690415921446
2011-08-18,sz000901,41.57,38.61,41.57,38.39,88950,157332048.0,7.82,-5.02,-2.04,4.01,4.9491459524199435,-0.058525028018196146,39.762,39.65,39.39084808163939,4.9915981808329395,4.968281638332052,4.977196956642073,38.803000000000004,39.38454545454545,38.87925890609989,4.996687873501211,5.014123270729431,4.946058383824024,37.507,38.21485714285714,38.1021607535131,4.811666164624998,4.89275466942878,4.874447127916862,37.587999999999994,37.85593548387096,37.56086705068921,4.778660103934514,4.834000428010795,4.8288805260458325,35.445166666666665,36.97722404371585,36.583986943516805,4.703126150838987,4.800866705547379,4.736139124039875,8.196817195934843
2011-08-19,sz000901,37.29,37.8,38.32,36.88,62010,103399464.0,3.73,-2.1,-0.81,2.8,4.79246173134695,-0.15668422107299307,39.412,38.996,38.86056538775959,4.920166043344777,4.901902821836723,4.915618548210366,39.047,39.20218181818181,38.68303001408173,5.034740104883502,4.9769912448832025,4.918131719737283,37.481,38.242761904761906,38.073383538892806,4.815970433400361,4.890925675783252,4.866638994910204,37.572333333333326,37.869612903225814,37.57629498290281,4.782708006403666,4.83489085558579,4.82653092638784,35.569833333333335,37.05443169398907,36.62385622405724,4.7132240281735625,4.80379574097387,4.737985766902402,8.014518287477019
2011-08-22,sz000901,38.32,36.41,38.32,36.35,55551,91449216.0,5.21,-3.68,-1.39,2.51,4.744691881289,-0.04776985005794998,38.604,37.99533333333333,38.043710258506394,4.877811182559415,4.843411434484797,4.858642992569911,38.993,38.722727272727276,38.26975182970323,4.995794133251712,4.924255204229656,4.886597203655777,37.4695,38.1407619047619,37.91496605899825,4.805362283461674,4.884137242248836,4.855024984089137,37.499,37.79462365591397,37.50105014529618,4.782967794419283,4.832438202352585,4.821250987994367,35.673166666666674,37.08197814207651,36.616844544579955,4.724567502262319,4.804827473862899,4.738205639505241,7.961179986593919
2011-08-23,sz000901,36.62,36.86,37.31,36.21,40195,65351800.0,3.02,1.24,0.45,1.81,4.6041720329983375,-0.14051984829066289,38.066,37.414,37.649140172337596,4.819628515698474,4.752198384631104,4.773819339379387,38.818,38.334909090909086,38.013433315211735,4.944653946258179,4.853051186001771,4.8352471726271515,37.5175,38.08271428571428,37.81449310099842,4.8008423799609945,4.864976266014233,4.831134226842394,37.50699999999999,37.75339784946236,37.4596920714061,4.772676443813357,4.820902991938332,4.807245894123656,35.7945,37.12089071038252,36.624816854593725,4.733361515824728,4.800880081428015,4.733811095029605,7.815257553956374
2011-08-24,sz000901,37.18,38.36,39.19,36.88,83015,140405648.0,6.27,4.07,1.5,3.74,4.919156572239294,0.3149845392409567,37.608000000000004,37.51200000000001,37.88609344822507,4.801925634058705,4.785374403478045,4.822265083666023,38.73,38.251636363636365,38.07644543971869,4.906521794368272,4.848415299816519,4.850503427102086,37.6115,38.162952380952376,37.866446138998576,4.815327689772313,4.876244284326451,4.839517307356385,37.54933333333334,37.80843010752688,37.51777645389603,4.779933714405856,4.8303533228045215,4.814465937873052,35.943333333333335,37.20500546448088,36.68170810526278,4.746829218520228,4.8069717226219355,4.739887995921726,8.147384578206163
2011-08-25,sz000901,38.18,38.81,39.03,37.8,56786,96454672.0,3.21,1.17,0.45,2.56,4.754241278102204,-0.16491529413709038,37.648,37.912666666666674,38.19406229881672,4.762944699195157,4.7694796181592105,4.799590481811417,38.705,38.26618181818181,38.20981899613347,4.877271440014049,4.820727933222688,4.833001218193016,37.756,38.277095238095235,37.9563084114749,4.826795941570368,4.87042653083406,4.831395780760748,37.61066666666667,37.88976344086021,37.601145714935,4.785388163646777,4.828695746268801,4.810580475952352,36.088166666666666,37.29899453551913,36.751488167385304,4.757966511394958,4.807214740968885,4.740358595337479,7.984323268524004
2011-08-26,sz000901,38.65,38.77,39.46,38.52,37707,64855596.0,2.42,-0.1,-0.04,1.7,4.576421980953126,-0.17781929714907818,37.842000000000006,38.28666666666666,38.38604153254448,4.719736749116392,4.7073053787452,4.72520098152532,38.627,38.278,38.31167008774556,4.819951396230584,4.766028031575249,4.786350447785763,37.932,38.37366666666667,38.033802848477286,4.8255803721665655,4.846581391727656,4.807112561731451,37.628,37.96455913978494,37.67655566881016,4.777527852575315,4.815214057062759,4.795473476274983,36.2305,37.38692349726776,36.81766888320873,4.765605774048944,4.801262461282267,4.734983624374058,7.811947454700272
2011-08-29,sz000901,38.77,38.43,39.55,38.43,49715,85628344.0,2.89,-0.88,-0.34,2.24,4.696487443750744,0.12006546279761832,38.246,38.48266666666667,38.40069435502966,4.710095861608741,4.699555610289983,4.715629802267128,38.425,38.24218181818182,38.33318461724637,4.793953522084079,4.743580040215277,4.770011719779395,38.066500000000005,38.42109523809524,38.07153591052707,4.836408711818459,4.834286827116626,4.7965768362094785,37.629333333333335,38.01630107526882,37.72516498049983,4.769690081583564,4.809985643590208,4.789087280628259,36.37866666666667,37.45903825136612,36.87053219851336,4.775984037397989,4.798996286518393,4.733721454517556,7.932617545112331
2011-08-30,sz000901,38.61,37.67,39.37,37.6,50563,86305552.0,4.61,-1.98,-0.76,2.28,4.703832833565342,0.007345389814598313,38.408,38.29066666666667,38.15712957001978,4.730028021722143,4.697467934275518,4.711697479366533,38.237,38.104909090909096,38.21260559592884,4.7748282687103085,4.727194460484598,4.7579791950132035,38.1985,38.38333333333333,38.03329439523878,4.849041745621099,4.821660552997282,4.787744074052894,37.620333333333335,38.01892473118279,37.72160594949984,4.7741439784198105,4.805736788879353,4.783586993720974,36.50633333333333,37.50137704918032,36.89674425757849,4.784576559965367,4.796630673277979,4.732741499732238,7.936038734595928
2011-08-31,sz000901,37.71,36.44,37.98,36.19,64934,105723408.0,4.75,-3.27,-1.23,2.93,4.812472156675629,0.10863932311028712,38.02400000000001,37.63466666666667,37.58475304667985,4.708691138609409,4.724949312593347,4.745289038469565,37.815999999999995,37.778181818181814,37.89031366939632,4.755308386334057,4.73403880375102,4.767887006224553,38.202000000000005,38.21585714285714,37.8815520718827,4.859105750411459,4.818177735002475,4.790099129540773,37.587666666666664,37.942774193548395,37.6389216946934,4.781372101171741,4.808209574573278,4.785450552621274,36.606833333333334,37.49920218579235,36.88176903601854,4.794037409333407,4.797545283006183,4.735355619632021,8.024171154192352
2011-09-01,sz000901,36.64,36.95,37.33,36.53,40917,66778528.0,2.2,1.4,0.51,1.85,4.611903784101518,-0.20056837257411164,37.652,37.276666666666664,37.37316869778657,4.680223639809272,4.692686861090716,4.700827287013549,37.65,37.62072727272727,37.719347547687896,4.721584169502215,4.707965239708741,4.739526420384001,38.2265,38.09661904761905,37.79283282694149,4.859136021501714,4.794634690592005,4.773128144260845,37.55466666666666,37.901634408602156,37.59447513374544,4.7816388329174035,4.797276134762295,4.774253986910322,36.714000000000006,37.51045355191257,36.88400611680482,4.80241624871134,4.7915736887362845,4.731308018467086,7.824636841664696
2011-09-02,sz000901,36.21,35.79,36.32,35.32,43992,69571968.0,2.71,-3.14,-1.16,1.98,4.643373706673823,0.03146992257230519,37.056000000000004,36.65599999999999,36.84544579852438,4.693613984953411,4.680403550045567,4.681676093566974,37.449,37.282545454545456,37.36855708447191,4.706675367034902,4.693745155558124,4.722044108800332,38.248000000000005,37.86457142857144,37.60208684342325,4.870707735959202,4.774085898703634,4.760770578776366,37.47033333333333,37.787784946236556,37.47805738318122,4.779538744611874,4.788355804036904,4.765810097862807,36.813,37.48015846994535,36.84813706379483,4.81004960810072,4.786359179161284,4.728424926277143,7.842434288530164
2011-09-05,sz000901,35.43,34.04,35.43,33.75,40956,62233164.0,4.69,-4.89,-1.75,1.85,4.612317534326264,-0.031056172347558864,36.178000000000004,35.650666666666666,35.910297199016256,4.676780003068515,4.6533047331698505,4.658556573820071,37.212,36.66272727272728,36.7633648872952,4.693437932338628,4.676589185974735,4.702093822532319,38.1025,37.46380952380952,37.262840477382944,4.84461603279517,4.749477308071924,4.746632193590643,37.38366666666666,37.566473118279575,37.2562472294276,4.76805416642066,4.777567338857186,4.755907351828192,36.8335,37.38924043715846,36.75606699612943,4.802083050849076,4.779876160349008,4.724618126541048,7.794021881537413
2011-09-06,sz000901,33.95,34.49,35.29,33.5,35425,54383144.0,5.26,1.32,0.45,1.6,4.549309858919498,-0.06300767540676588,35.54200000000001,35.088,35.43686479934417,4.6458754081393465,4.610814685120179,4.622141002186547,36.975,36.167818181818184,36.35002581687789,4.687951714930745,4.6503840817167115,4.6743149200572605,37.8965,37.1197619047619,36.99876043191791,4.816302830594461,4.721352910559957,4.727839590288629,37.336666666666666,37.37978494623656,37.077779666238726,4.763212158284245,4.7634548028893695,4.7425784813179535,36.84316666666666,37.3124043715847,36.6817697175678,4.791708417419527,4.771588514711971,4.718870314487883,7.735464311423262
2011-09-07,sz000901,34.64,34.96,35.38,34.62,33591,51895648.0,2.2,1.36,0.47,1.51,4.52622293292822,-0.023086925991278484,35.246,34.894000000000005,35.27790986622945,4.588625563389864,4.57093052671647,4.5901683124337715,36.635000000000005,35.801454545454554,36.09729385017282,4.648658350999637,4.620978848625343,4.647389104215616,37.682500000000005,36.84009523809524,36.804592771735244,4.777590072683955,4.693726253639362,4.708638003873352,37.285999999999994,37.226451612903226,36.94114872002978,4.759771243514754,4.748165175447045,4.728620058841197,36.87566666666667,37.250661202185796,36.62531825141804,4.786907673332545,4.762884072597503,4.712554006895762,7.715130939181148
2011-09-08,sz000901,34.98,34.69,35.38,34.64,25461,39333532.0,2.12,-0.77,-0.27,1.15,4.405875456896315,-0.12034747603190432,34.794,34.708666666666666,35.081939910819635,4.547419897948823,4.510013824551953,4.528737360587953,36.223,35.447818181818185,35.84142224105049,4.613821768879048,4.57683650424292,4.603477531975743,37.464,36.555095238095234,36.603202983950936,4.745546604446548,4.658324861659588,4.679803475589825,37.245,37.05896774193549,36.79591331873753,4.755804550673261,4.725333189213598,4.707797826457656,36.906666666666666,37.178999999999995,36.56186519399449,4.781525597220039,4.750391213042216,4.7024989724695505,7.594762946136103
2011-09-09,sz000901,35.23,35.2,35.7,34.82,27917,43560048.0,2.54,1.47,0.51,1.26,4.445868746564016,0.03999328966770044,34.676,34.844,35.12129327387976,4.5079189059268625,4.476163440757018,4.501114489246641,35.866,35.261818181818185,35.724800015404945,4.600766445440137,4.5462995910947335,4.574821389173611,37.246500000000005,36.339476190476184,36.469564604527044,4.71035892083536,4.629784113289822,4.657523977587367,37.24333333333333,36.927032258064514,36.692951169141566,4.75064239659109,4.705337330883968,4.690899176141937,36.94650000000001,37.123043715847,36.51721387615861,4.776692637776137,4.739386070397757,4.6940848667021555,7.6390883496448865
2011-09-13,sz000901,34.44,34.98,35.07,34.4,20013,30676700.0,1.9,-0.63,-0.22,0.9,4.301312195372246,-0.14455655119177013,34.864000000000004,34.94533333333333,35.07419551591984,4.445717838136059,4.407294537238812,4.4345137246218425,35.521,35.10072727272727,35.58938183078586,4.561248920602287,4.491853363809662,4.52509244484609,36.973,36.123619047619044,36.3277013088578,4.677601221343183,4.590827282293335,4.623599045947832,37.217999999999996,36.78101075268817,36.582438190487274,4.7446887814130685,4.676348285644043,4.665764532221313,36.99166666666667,37.058568306010926,36.46681342120258,4.7723162377677575,4.723799826384515,4.681207074199536,7.486808639211977
2011-09-14,sz000901,35.88,35.74,36.3,34.85,37045,58249484.0,4.15,2.17,0.76,1.67,4.568729599118429,0.26741740374618317,35.114000000000004,35.23733333333334,35.29613034394656,4.449601786175845,4.448298457566269,4.479252349454038,35.328,35.14054545454546,35.616766952461155,4.547738597157595,4.493213487176233,4.533026472895606,36.7825,36.00619047619048,36.271729755633245,4.661283432933952,4.5804585563671685,4.618373384345031,37.24166666666667,36.68565591397849,36.528087339488096,4.748607362799931,4.664996080334713,4.659504213956611,37.029,37.0175300546448,36.442983472966425,4.767607119439691,4.717124854625521,4.677519288131303,7.765292082540198
2011-09-15,sz000901,35.74,35.74,36.44,35.7,37652,60057412.0,2.07,0.0,0.0,1.7,4.57578805001599,0.007058450897560853,35.27,35.446000000000005,35.444086895964375,4.459514809593399,4.490360545512984,4.511430916308022,35.258,35.21545454545455,35.63917296110458,4.524070186491632,4.498313387695942,4.540801305099312,36.537,35.90690476190477,36.22108882652532,4.639689286412844,4.57231613894641,4.6143176382184565,37.22066666666667,36.588774193548396,36.47724299500499,4.74742722910485,4.653846447251878,4.654103171121733,37.0625,36.97526775956284,36.4199348345085,4.7617775936106295,4.710835704808351,4.6741838377012925,7.77856661360496
2011-09-16,sz000901,35.99,36.17,36.41,35.92,32343,51735932.0,1.37,1.2,0.43,1.46,4.509780300759586,-0.06600774925640351,35.566,35.746,35.68605793064292,4.480295778366053,4.5071157092350465,4.5108807111252105,35.17999999999999,35.38127272727273,35.73568696817647,4.513857838157438,4.4957152266537515,4.535161122492089,36.415000000000006,35.871952380952386,36.216223223999094,4.617721003829827,4.559943854598481,4.604361701317612,37.211,36.520989247311824,36.457420866294996,4.744043293720288,4.638514387358635,4.644792018195143,37.10316666666667,36.946005464480876,36.411740249770524,4.757766615891688,4.702573498485363,4.668793557801564,7.713792277117115
2011-09-19,sz000901,35.97,34.6,36.15,34.44,37689,58435080.0,4.73,-4.34,-1.57,1.7,4.576214614492762,0.06643431373317554,35.446000000000005,35.424,35.32403862042862,4.506364951951802,4.539088654610614,4.532658678914395,35.061,35.27581818181818,35.529198428508025,4.507141928939332,4.507052822351083,4.542625393764938,36.255,35.69909523809523,36.06229720266585,4.606908647987117,4.555990865137807,4.601681026381912,37.18566666666667,36.352537634408606,36.337587262017905,4.749519133619246,4.627686730634277,4.640367669569184,37.098333333333336,36.863934426229505,36.352338930105915,4.750110829338781,4.696620973849334,4.665758182611111,7.766673642943291
2011-09-20,sz000901,34.62,38.03,38.03,34.44,72902,118514152.0,10.38,9.91,3.43,3.29,4.862739442955138,0.28652482846237604,36.056,36.285333333333334,36.226025746952416,4.618650401468381,4.657880151611726,4.642685600261309,35.46,35.815636363636365,35.98388962332475,4.53218411980222,4.571706915808502,4.600827948163156,36.336,35.86814285714286,36.249697469078626,4.612811026070424,4.58035570275381,4.626543732722219,37.22166666666667,36.40701075268818,36.4467751805974,4.74047206179752,4.634991266720465,4.654714235594084,37.13533333333333,36.89448087431693,36.40734421108605,4.745953443964632,4.700313715279379,4.672216584589604,8.073770213371713
2011-09-21,sz000901,39.12,39.77,40.38,38.68,244843,425530848.0,4.47,4.58,1.74,11.04,5.388887692161343,0.5261482492062051,36.86200000000001,37.52333333333333,37.40735049796828,4.7826820200769635,4.914625915176047,4.891419630894654,35.988,36.59927272727273,36.672273328174796,4.616141903126404,4.727471201691978,4.7441115379810075,36.4815,36.195190476190476,36.58496437678542,4.652046809028574,4.654267766191039,4.699147919335468,37.26033333333333,36.57141935483871,36.66117678184918,4.749582521438442,4.676824533195551,4.702080265050037,37.20466666666666,36.98086338797815,36.51759522055864,4.754913831075659,4.721393526695665,4.695713997952612,8.628931048863773
2011-09-22,sz000901,39.37,40.0,40.6,39.1,200093,353471584.0,3.77,0.58,0.23,9.02,5.301231895659955,-0.08765579650138822,37.714000000000006,38.56933333333333,38.271566998645525,4.9277707892057565,5.087475873703712,5.028023719149754,36.492000000000004,37.32872727272727,37.27731454123392,4.693642799399578,4.852033018516259,4.845406148468088,36.5635,36.53028571428571,36.91020586471062,4.671150575199607,4.716094917298791,4.75648925041399,37.285666666666664,36.748172043010754,36.8765847314073,4.749607648255829,4.712414815403389,4.740735208960355,37.248333333333335,37.07251366120219,36.63177242644196,4.756998446821507,4.739305594386952,4.715567043779082,8.548354506087557
2011-09-23,sz000901,39.1,40.36,40.45,38.52,153639,268179440.0,4.83,0.9,0.36,6.93,5.186501471782027,-0.11473042387792809,38.55200000000001,39.45133333333333,38.967711332430355,5.063115023410245,5.173719434562468,5.080849636693845,37.059000000000005,38.032000000000004,37.83780280646411,4.771705400888149,4.94164368622216,4.907423479979713,36.641000000000005,36.89185714285714,37.23875768711913,4.692763584883599,4.765175955068544,4.797442795306184,37.32899999999999,36.94651612903226,37.101321200348764,4.754266203260415,4.7406015136954025,4.769494322690785,37.2935,37.17453551912569,36.75400939606681,4.760545439376142,4.7533876607791,4.731007516828358,8.428425479567727
2011-09-26,sz000901,40.0,39.37,40.27,38.7,135515,236740064.0,3.89,-2.45,-0.99,6.11,5.131987369429455,-0.054514102352571925,39.506,39.724000000000004,39.10180755495357,5.174269574397583,5.196676883235538,5.097895547605715,37.476000000000006,38.45218181818183,38.11638411437973,4.8403172631746925,5.007149498684216,4.948253278061484,36.67100000000001,37.151761904761905,37.44173314548874,4.720541854307415,4.8070067916919585,4.829304183317924,37.323,37.0781935483871,37.247687574519816,4.753678368281805,4.764970621190178,4.792880970867474,37.33533333333333,37.2426174863388,36.839779579802325,4.76482609363991,4.765566084715275,4.744154397241509,8.3742717606826
2011-09-27,sz000901,40.0,38.5,40.33,37.78,128974,220867120.0,6.48,-2.21,-0.87,5.82,5.110502169255828,-0.021485200173626318,39.6,39.38866666666667,38.901205036635716,5.223822119657721,5.17542108152162,5.10209775482242,37.828,38.638363636363636,38.18613245721977,4.921236260563051,5.056274027062605,4.977753076460456,36.6745,37.32595238095238,37.542520464966,4.74124259058267,4.844145869306094,4.856084943883439,37.258,37.15412903225806,37.3284819245508,4.758812901083139,4.7879915115755995,4.813372661086078,37.3545,37.28080327868852,36.894213036202245,4.769289312028363,4.776899726538748,4.756165799602634,8.344131068223637
2011-09-28,sz000901,38.7,40.22,40.4,38.16,200848,350848320.0,5.82,4.47,1.72,9.06,5.302867511480743,0.19236534222491475,39.690000000000005,39.59533333333333,39.340803357757146,5.206618083521602,5.201769545462626,5.169021007041861,38.275999999999996,39.07327272727272,38.55592655590708,4.994650051799282,5.125661527229457,5.036864791918689,36.80200000000001,37.663619047619044,37.797518515921624,4.771194324478439,4.897633957010672,4.898635664606991,37.28033333333334,37.34522580645161,37.515031477805586,4.772405639222396,4.823091809020607,4.844952974014766,37.40116666666667,37.374754098360654,37.003255231736595,4.7765826065546975,4.794394093733908,4.7740904458937194,8.54511940129671
2011-09-29,sz000901,39.1,36.23,39.51,36.23,137092,226239088.0,8.16,-9.92,-3.99,6.18,5.1370121122860395,-0.1658553991947036,38.936,38.442,38.30386890517143,5.173774126846818,5.1785675550507735,5.158351375456587,38.325,38.70127272727272,38.13303081846943,5.050772458026287,5.15154553822705,5.055073395621844,36.7915,37.60914285714286,37.6482310382148,4.787421322258959,4.932473746325682,4.921338183433567,37.133,37.2774623655914,37.432126221172965,4.776717010283992,4.846614807282777,4.863795499064525,37.351499999999994,37.33635519125683,36.97790260118786,4.776857618182432,4.806211454577559,4.785989516922976,8.354567641421236
2011-09-30,sz000901,35.52,33.05,35.54,32.65,139717,206577120.0,7.98,-8.78,-3.18,6.3,5.14524925190525,0.008237139619210687,37.474000000000004,36.480000000000004,36.552579270114286,5.165523682871463,5.169059263403583,5.1539840009394755,38.013,37.74218181818181,37.20884339692953,5.114319353140854,5.168723137114133,5.07146900585519,36.596500000000006,37.252809523809525,37.210304272670534,4.814088595649146,4.966552596768185,4.942663047097537,36.94766666666667,37.01404301075269,37.14940840045213,4.783253786933503,4.870391080935762,4.881953805699411,37.267833333333336,37.19532240437159,36.849118909345634,4.780956945434009,4.8182898687979785,4.797768524627313,8.31508221840332
2011-10-10,sz000901,33.5,32.83,33.68,32.4,59557,86793136.0,3.87,-0.67,-0.22,2.69,4.7749328133874,-0.37031643851785034,36.166,34.932,35.31171951340953,5.094112771663052,5.038862306908896,5.027633605088784,37.836,36.799818181818175,36.41269005203325,5.1341911730303185,5.107016493522596,5.017553334497409,36.448499999999996,36.89409523809524,36.7931324371781,4.820666550984825,4.96282347464802,4.926688739125144,36.782000000000004,36.7483870967742,36.87073689074554,4.782669489668184,4.869854243932788,4.875049225550249,37.17716666666667,37.04981967213115,36.71734451887529,4.782688748035924,4.81809235627186,4.797019812783381,7.938485380531374
2011-10-11,sz000901,33.73,32.85,33.73,32.61,57494,83695256.0,3.41,0.06,0.02,2.59,4.759622524639997,-0.015310288747403256,35.036,33.82666666666667,34.49114634227302,5.023936842739886,4.927365557901211,4.9382965782725226,37.318,35.89327272727272,35.764928224390836,5.123879481198804,5.038913102906174,4.9706568236142425,36.388999999999996,36.551380952380946,36.41759601458971,4.828031800500512,4.9570097578532755,4.9107776710789395,36.663333333333334,36.49470967741935,36.61133451069744,4.783167177779884,4.868367342963227,4.867602341620556,37.08116666666667,36.90794535519126,36.59054633792856,4.783067486099584,4.817336086652321,4.795793672188516,7.922700842086311
2011-10-12,sz000901,32.74,33.01,33.41,31.49,113394,165203840.0,5.84,0.49,0.16,5.11,5.054590075404953,0.29496755076495607,33.594,33.15133333333333,33.997430894848684,4.974281355524727,4.937583302122899,4.977061077316666,36.641999999999996,35.11000000000001,35.2640321835925,5.090449719523165,5.026315029125474,4.985917414848917,36.315,36.229571428571425,36.09306306081926,4.853295811324784,4.978586736415602,4.92447409053856,36.535000000000004,36.25901075268817,36.37899034871696,4.7981811125267715,4.885878497648715,4.879666066380839,37.021,36.77446448087432,36.47315137602926,4.785428778170064,4.826238466629547,4.804278800162825,8.218020137847732
2011-10-13,sz000901,32.83,33.61,33.84,32.74,95694,141077072.0,3.33,1.82,0.6,4.32,4.980884708429087,-0.07370536697586605,33.07000000000001,33.156666666666666,33.86828726323246,4.943055874753337,4.939784419757686,4.978335621020806,36.003,34.558727272727275,34.96329905930295,5.058415000800077,5.00639411801746,4.985002377318038,36.247499999999995,35.971952380952374,35.85658086455076,4.876028900099827,4.9907380599493445,4.929846530337658,36.376666666666665,36.070301075268816,36.20034581009006,4.800238717066431,4.897665826416607,4.886196301351694,36.963,36.662628415300546,36.37927756042174,4.790086215736143,4.832646857785581,4.810069157810899,8.149456437475187
2011-10-14,sz000901,33.46,32.52,33.57,32.11,76124,110228496.0,4.34,-3.24,-1.09,3.43,4.881521600585636,-0.09936310784345093,32.964,32.973333333333336,33.41885817548831,4.890310344489414,4.919272995035118,4.946064280875749,35.219,33.92545454545455,34.519062866702406,5.0279170136804385,4.974231681614834,4.966187690639418,36.138999999999996,35.616952380952384,35.538811258403065,4.899811207284294,4.991261174281327,4.925244156075561,36.167,35.82148387096775,35.962904144922966,4.804481394482545,4.902909883417846,4.8858947077538835,36.88883333333333,36.516956284153004,36.25274386991611,4.794934779064661,4.835644739256057,4.812411860852693,8.042293881773084
2011-10-17,sz000901,32.7,33.05,33.23,32.38,73146,106037568.0,2.61,1.63,0.53,3.3,4.864190581651683,-0.017331018933952613,33.008,33.001999999999995,33.29590545032554,4.9081618981422706,4.910566407422541,4.918773047801061,34.586999999999996,33.531090909090906,34.25196052730197,5.001137334902662,4.944463239427788,4.947642761732556,36.0315,35.322761904761904,35.30178161474563,4.920727299038678,4.987868733744888,4.919429529939953,35.97633333333333,35.620387096774195,35.77497484525052,4.814073681172497,4.906762089041661,4.884494441553741,36.80216666666666,36.391092896174854,36.14773587418116,4.7958007668739056,4.8379154213080895,4.814109523829709,8.02545975851511
2011-10-18,sz000901,32.79,32.23,32.79,32.11,58457,83551512.0,2.06,-2.48,-0.82,2.64,4.7668365236988555,-0.09735405795282759,32.884,32.742666666666665,32.94060363355037,4.909604697954043,4.8634579492747365,4.868127539766992,33.959999999999994,33.10254545454545,33.88433134051979,4.966770770346964,4.901863091936186,4.914768900271882,35.894000000000005,34.960714285714275,35.00923098476986,4.944003515455008,4.973212469426809,4.904896862678896,35.769666666666666,35.37868817204301,35.54626679071823,4.816418650504101,4.903714530494974,4.876903608143749,36.69949999999999,36.241185792349725,36.01928551765062,4.793054366043832,4.836965773990875,4.812559589399188,7.921954313562923
2011-10-19,sz000901,32.23,31.75,32.61,31.6,54037,76307504.0,3.13,-1.49,-0.48,2.44,4.732691230068507,-0.03414529363034813,32.632000000000005,32.36466666666667,32.54373575570025,4.845224928886753,4.804486793312891,4.822982103200831,33.113,32.70072727272727,33.49627109678892,4.909753142205741,4.859303175521922,4.8816638693258145,35.694500000000005,34.566047619047616,34.6988280338394,4.952201597002512,4.953087489866189,4.888496326239812,35.572333333333326,35.119354838709675,35.301346352607375,4.817380597054207,4.898312761434613,4.867599583751798,36.59633333333333,36.07890710382513,35.87930894330142,4.795762287737008,4.834986654778568,4.809940954667034,7.882567248119314
2011-10-20,sz000901,31.26,29.81,31.37,29.4,65683,86881632.0,6.2,-6.11,-1.94,2.96,4.8174529804952355,0.08476175042672818,31.872000000000003,31.424,31.632490503800163,4.812538583299983,4.795229477182385,4.821139062298966,32.471,32.10018181818182,32.82603998828184,4.87779722902666,4.842521327938194,4.869989162265709,35.398,34.00561904761905,34.23322536394993,4.964284843526474,4.940254288294068,4.881730293311756,35.35133333333333,34.74759139784946,34.94706594276174,4.81754662451486,4.898317431334034,4.864364319025569,36.4695,35.856404371584695,35.680315207455465,4.799459362843302,4.835697825032937,4.810187250595828,7.938927970186042
2011-10-21,sz000901,29.81,29.74,30.07,29.47,26954,35415668.0,2.01,-0.23,-0.07,1.22,4.4306232240319146,-0.38682975646332096,31.315999999999995,30.71333333333333,31.001660335866774,4.722358907989239,4.667924357426362,4.690967116209949,32.14,31.60363636363636,32.26494180859423,4.806334626239327,4.761216963393694,4.7901044462232,35.076499999999996,33.46676190476191,33.80529913881184,4.96032698969009,4.889429372151729,4.838767715285105,35.111,34.385569892473114,34.61112620451905,4.8115039391792065,4.873354631302877,4.836381022574366,36.33283333333334,35.63576502732241,35.485550774424134,4.796571386048305,4.823604836875186,4.797742528413404,7.549195437747508
2011-10-24,sz000901,29.78,29.85,30.01,28.78,72162,94366688.0,4.14,0.37,0.11,3.25,4.8583085613538275,0.42768533732191294,30.676000000000005,30.224666666666664,30.61777355724452,4.7211825039296675,4.713240908547891,4.746747597924575,31.841999999999995,31.18727272727273,31.825861479758913,4.81467220103597,4.770666769778149,4.802505194428768,34.839,32.969,33.42860398273452,4.974431687033144,4.8797133313578,4.840628748244031,34.913,34.046150537634404,34.30395677196944,4.818668434335207,4.8763742843464,4.8377957024956215,36.19166666666667,35.4232131147541,35.30077861788563,4.799103589473541,4.825629006557335,4.7997282999852215,7.974818712825743
2011-10-25,sz000901,29.96,31.73,31.75,29.87,110097,151097456.0,6.3,6.3,1.88,4.96,5.041775485173418,0.18346692381959073,30.576000000000004,30.576,30.98851570482968,4.7761702962245804,4.820105235629141,4.845090227007523,31.73,31.16690909090909,31.808432119802745,4.842887497089312,4.811958275984958,4.846008883655068,34.524,32.67290476190476,33.26683217485505,4.9833834891440585,4.886127026418778,4.859785580332543,34.836,33.84079569892473,34.137895044745605,4.832983699363444,4.890768287626284,4.850955688474835,36.109833333333334,35.27692896174864,35.1837039091025,4.800518932892052,4.833585462154053,4.80766427327008,8.179257152264485
2011-10-26,sz000901,31.28,32.23,33.5,31.15,127668,182823696.0,7.41,1.58,0.5,5.76,5.10608205493788,0.06430656976446159,30.672000000000004,31.127333333333333,31.40234380321979,4.850848461198455,4.930075821866908,4.9320875029843085,31.651999999999997,31.25781818181818,31.88508082529315,4.848036695042604,4.859811831957424,4.893294914797397,34.147,32.45442857142857,33.16808625344028,4.969243207282885,4.897812604113428,4.8832423874378135,34.760666666666665,33.672666666666665,34.01480504185879,4.851542772564058,4.908387536373023,4.867415454053097,36.04866666666667,35.14972131147541,35.08686115798438,4.8073774654241515,4.843603925171947,4.817448462832958,8.262032484478214
2011-10-27,sz000901,32.27,33.05,33.26,31.96,85546,123456040.0,4.03,2.54,0.82,3.86,4.932199707406741,-0.17388234753113885,31.320000000000004,31.919999999999998,31.951562535479862,4.873797806580757,4.9571929039363365,4.932124904458453,31.596000000000004,31.511999999999997,32.09688431160349,4.84316819494037,4.875114197841813,4.900368513453641,33.7995,32.34995238095238,33.15683994358882,4.950791597870224,4.894284651744271,4.887904989339616,34.696999999999996,33.56230107526881,33.95255955528726,4.865075331713342,4.91359120958868,4.871595083301719,35.9915,35.0514043715847,35.020078824935716,4.812423287614048,4.847696457695967,4.821210798720623,8.091512342340062
2011-10-28,sz000901,33.26,33.75,33.95,32.67,100851,148581792.0,3.87,2.12,0.7,4.55,5.003680208868356,0.07148050146161467,32.122,32.73,32.551041690319906,4.988409203548044,5.000487038032204,4.955976672595087,31.718999999999994,31.903636363636366,32.39745080040285,4.855384055768641,4.904298200374174,4.919152458074498,33.469,32.345238095238095,33.21333137753274,4.941650534724539,4.899321662315521,4.898931200723306,34.66566666666667,33.501204301075276,33.93949119688163,4.885002156779077,4.922533459727713,4.880116704306018,35.955333333333336,34.97791256830601,34.9784368962493,4.820403353726169,4.853967176425616,4.827193402332024,8.171965591938497
2011-10-31,sz000901,33.95,33.41,34.58,32.94,132772,197715856.0,4.86,-1.01,-0.34,5.99,5.123106497263723,0.11942628839536695,32.834,33.15933333333333,32.83736112687994,5.041368790730024,5.045386135937429,5.011686614151299,31.755000000000003,32.211090909090906,32.58155065487506,4.881275647329845,4.9529750079187345,4.956235010654357,33.171,32.33961904761904,33.23206172252962,4.941206491116253,4.916603182557349,4.9202812289652496,34.605999999999995,33.42019354838709,33.90533047450217,4.907576748469067,4.937895030081561,4.895793465141999,35.92466666666667,34.89445901639344,34.92701273571653,4.829109572530077,4.863891869656356,4.836895471018309,8.296041499344913
2011-11-01,sz000901,33.55,32.36,33.61,31.98,129306,185701744.0,4.88,-3.14,-1.05,5.83,5.111618677289015,-0.011487819974707492,32.96,33.001333333333335,32.6782407512533,5.055337429153143,5.068802764790427,5.044997301863871,31.768,32.321090909090906,32.541268717625044,4.915753862688862,4.994855558820402,4.9844865864061125,32.864,32.26238095238095,33.14900822514585,4.941262316517912,4.932832914573802,4.938503843091322,34.51866666666667,33.275290322580645,33.80563173421171,4.934586964532959,4.951059025489299,4.90971767237729,35.86833333333334,34.77758469945355,34.84284838372582,4.839637872973014,4.87315446325501,4.845902789256693,8.26881598239363
2011-11-02,sz000901,31.49,32.38,32.49,30.61,106520,147787056.0,5.81,0.06,0.02,4.8,5.0274311577669035,-0.08418751952211156,32.99,32.808,32.5788271675022,5.039607249718947,5.059500674328347,5.039141920498215,31.831,32.43236363636363,32.51194713260231,4.945227855458701,5.015160521561864,4.992294690289893,32.471999999999994,32.21628571428572,33.07576934656053,4.9274904988322215,4.94103947088323,4.946973111155663,34.406666666666666,33.137311827956985,33.71365549329482,4.949877016487908,4.9570489734398775,4.917312090789523,35.82416666666666,34.6632131147541,34.76209925639055,4.8492421896439195,4.879311620133497,4.851854539043913,8.169636397834532
2011-11-03,sz000901,32.72,32.2,33.37,32.18,106499,154062544.0,3.68,-0.56,-0.18,4.8,5.027345529873152,-8.562789375154978e-05,32.82000000000001,32.544666666666664,32.45255144500147,5.058636414212229,5.055413434379748,5.035209790289861,32.07,32.49945454545455,32.45522947212916,4.966217110396493,5.030091007819037,4.9986675702141214,32.270500000000006,32.190380952380956,32.99236274212619,4.922007169711576,4.950549473839509,4.954627627223996,34.28866666666667,32.99494623655914,33.61600030017903,4.964928932483147,4.962046942045377,4.924411022343307,35.75466666666667,34.544387978142076,34.67809600208266,4.856178080793998,4.885151073911507,4.857608342021921,8.187697064991106
2011-11-04,sz000901,32.58,32.94,33.3,32.31,94831,137616896.0,3.07,2.3,0.74,4.28,4.976950330251239,-0.050395199621912745,32.658,32.58466666666667,32.615034296667645,5.053290438488807,5.028184739726084,5.0157899702769875,32.39,32.657636363636364,32.543369568105675,5.020849821018425,5.032042502338081,4.994718981129961,32.265,32.25414285714286,32.98737581430465,4.913592223628877,4.955782155795667,4.956753598940876,34.181000000000004,32.907935483870965,33.572387377586836,4.980501266799536,4.962822516094931,4.927800655111561,35.696000000000005,34.45210382513661,34.62110924791601,4.862272280259911,4.889110819795349,4.861521194095014,8.13867175794814
2011-11-07,sz000901,32.72,33.12,33.57,32.63,80940,118835000.0,2.85,0.55,0.18,3.65,4.908163200055548,-0.06878713019569105,32.6,32.73866666666667,32.78335619777843,5.010301779047172,4.979808993581665,4.979914380203175,32.717,32.79036363636364,32.648211464813734,5.025835284888598,5.011554025799375,4.978981566389159,32.2795,32.33557142857143,33.000006689132775,4.9202537429622835,4.955265105931541,4.952125941904178,34.13166666666667,32.83948387096774,33.543201095161876,4.991566219651628,4.958155544046931,4.926533722527302,35.65866666666667,34.367644808743165,34.571892551263026,4.870542676635437,4.890615440116519,4.8630504401920795,8.07494437051221
2011-11-08,sz000901,33.01,32.02,33.23,31.91,68580,98509136.0,3.99,-3.32,-1.1,3.09,4.836197480778925,-0.07196571927662276,32.532000000000004,32.54533333333333,32.52890413185229,4.955217539745154,4.92177422749225,4.932008747061759,32.745999999999995,32.663636363636364,32.53399119848396,5.005277484449149,4.977074425052163,4.9530208235509345,32.238,32.310857142857145,32.90667271873918,4.92408249076923,4.947259747628365,4.941085136082726,33.931333333333335,32.70324731182795,33.444930056764335,4.990681487579088,4.948131754442242,4.920705577898374,35.5765,34.24834426229508,34.48822394302489,4.8655767746883045,4.889489368121222,4.862170015293287,7.993476509993985
2011-11-09,sz000901,32.14,33.03,33.61,31.96,86154,125654072.0,5.15,3.15,1.01,3.89,4.935275445888513,0.09907796510958722,32.662000000000006,32.71133333333333,32.69593608790153,4.936786397369476,4.915126862873369,4.933097646670677,32.826,32.715272727272726,32.62417461694142,4.988196823544212,4.964346781677502,4.949794391248675,32.239,32.38628571428571,32.918418174097354,4.918116759293408,4.94832574335401,4.940531832254706,33.70666666666666,32.64509677419355,33.41816037568277,4.975561079369994,4.944557171107365,4.921645569381609,35.4835,34.164852459016394,34.4404133219421,4.8625718004042175,4.891774570455656,4.864566914657066,8.099176567090755
2011-11-10,sz000901,32.67,33.37,34.24,32.4,114916,170091360.0,5.57,1.03,0.34,5.18,5.06038050064604,0.12510505475752698,32.896,32.94733333333333,32.92062405860102,4.943393391524053,4.956324897298891,4.975525264662465,32.858000000000004,32.814181818181815,32.75977923204297,5.001014902868141,4.977471086605108,4.96990095659365,32.227,32.49399999999999,32.96142596704046,4.922091548904256,4.961874671101881,4.951945991149119,33.48566666666667,32.623376344086026,33.41505325467098,4.967532699536196,4.950029391834852,4.930596210108347,35.38566666666667,34.095557377049175,34.4053178031899,4.8585701738960125,4.8982601016111245,4.870987032230475,8.230682253650055
2011-11-11,sz000901,33.39,33.46,34.22,32.96,75622,111988088.0,3.78,0.27,0.09,3.41,4.878648159107947,-0.18173234153809226,33.0,33.135333333333335,33.10041603906735,4.923732957295394,4.934743153160189,4.943232896144292,32.829,32.92363636363636,32.88709209894425,4.9885116978921005,4.955222587739618,4.953309538868976,32.274,32.61142857142857,33.0089092082747,4.921947876830371,4.9577372054069935,4.944965245240436,33.25566666666666,32.62172043010752,33.41795304469221,4.95727092244706,4.944294905355609,4.927244722947031,35.29233333333333,34.032420765027325,34.37432377685581,4.855768562853737,4.898918396208237,4.871238216718261,8.04917182989342
2011-11-14,sz000901,33.68,34.49,34.55,33.48,110699,167021392.0,3.2,3.08,1.03,4.99,5.044143697694952,0.16549553858700428,33.274,33.632,33.56361069271156,4.950929056823275,4.9748800666267075,4.976869829994512,32.937,33.22563636363636,33.1785298991362,4.9806154179352236,4.965337496794682,4.969824840473699,32.346,32.822476190476195,33.149965474153305,4.930945532632534,4.9693749026321905,4.954410812140866,33.092999999999996,32.701354838709676,33.48711736438949,4.95434280005591,4.949899600532894,4.934786592285606,35.208,34.006114754098355,34.37811643990972,4.854010584168857,4.905094630137458,4.876907248881431,8.222772098887555
2011-11-15,sz000901,34.49,35.16,35.9,34.22,134767,208769136.0,4.87,1.94,0.67,6.08,5.12958356080136,0.08543986310640861,33.902,34.260666666666665,34.09574046180771,5.009606272827762,5.034431567952737,5.027774406930128,33.217,33.62981818181818,33.538797190202345,4.982411906286457,4.992422613679434,4.998871880533273,32.4925,33.09047619047619,33.34139733375775,4.94908288448766,4.988292810076841,4.9710939310609135,32.98166666666666,32.834709677419355,33.59504527636437,4.954978846440762,4.9612054560648575,4.947354138641462,35.119833333333325,34.00454098360655,34.403751966470054,4.8568958737619505,4.91412980969918,4.885191718124707,8.319666293872105
2011-11-16,sz000901,35.41,35.29,36.15,34.64,177135,278127744.0,4.29,0.37,0.13,7.99,5.2483043816590635,0.1187208208577033,34.354,34.72333333333333,34.49382697453847,5.072212059981873,5.113997604229837,5.10128439850644,33.507999999999996,34.00672727272727,33.85719770107465,5.004499228675675,5.040766700110817,5.044223244374326,32.6695,33.35690476190476,33.52697854006654,4.974863542067188,5.016790095521737,4.997494926355976,32.81733333333333,32.98363440860215,33.70439719401828,4.953160075446705,4.980129684143457,4.966770283352275,35.04883333333334,34.01012021857924,34.432809279044804,4.862782857334551,4.9269628755318715,4.897097051355342,8.444244313082507
2011-11-17,sz000901,35.29,35.09,35.92,34.69,126179,197313696.0,3.49,-0.57,-0.2,5.69,5.100987081191673,-0.14731730046739067,34.698,34.968666666666664,34.69255131635899,5.080333376091,5.1235892779664365,5.1011852927348516,33.797000000000004,34.294363636363634,34.081343573606524,5.011863383807526,5.058309946022816,5.05454394197748,32.933499999999995,33.587428571428575,33.67583772672687,4.989040247102009,5.02880186115264,5.007351322054614,32.779333333333334,33.13025806451613,33.793790923436454,4.951959241076893,4.989666910320553,4.975429431599978,34.95616666666667,34.011469945355195,34.454356515797436,4.864338125680443,4.934772850084564,4.903781970366369,8.295157231682925
2011-11-18,sz000901,34.62,36.08,36.75,34.22,184135,288949856.0,7.21,2.82,0.99,8.3,5.265136346147434,0.16414926495576143,35.222,35.42933333333334,35.155034210905995,5.157631013498897,5.185190267985249,5.155835643872379,34.111000000000004,34.70945454545454,34.44473565113261,5.040681985397145,5.104359575539163,5.09283347000838,33.2505,33.88709523809524,33.90480556227669,5.030765903207786,5.055096727728395,5.03190227673012,32.88033333333333,33.343204301075275,33.941288283214746,4.955955477551632,5.009871884841233,4.994120200280459,34.913999999999994,34.04831693989071,34.50765630216473,4.8696046322425675,4.947913775345776,4.915629654818207,8.460822482369036
2011-11-21,sz000901,36.3,33.82,36.3,33.32,119287,182881840.0,8.26,-6.26,-2.26,5.38,5.076593116462486,-0.18854322968494852,35.088,34.961999999999996,34.71002280727066,5.1641208972524035,5.158177635639778,5.129421468069082,34.181,34.65654545454546,34.33114735092668,5.057524977037839,5.110888872096497,5.089880678454581,33.449,33.94133333333333,33.896728842059865,5.041680130963218,5.059461224228842,5.036158547180822,32.913333333333334,33.40382795698925,33.933463232684765,4.966010820987469,5.017654958319352,4.999441033582526,34.84766666666667,34.01244808743169,34.48511019389703,4.874340155327826,4.954700283025119,4.920907145363921,8.262170582571256
2011-11-22,sz000901,33.01,32.47,33.5,31.73,89999,129220064.0,5.23,-3.99,-1.35,4.06,4.954237683918273,-0.12235543254421266,34.550000000000004,34.089333333333336,33.96334853818044,5.129051721875785,5.088216564528401,5.071026873352146,34.226,34.34545454545455,33.99275692348546,5.069328997351773,5.092109364256577,5.065218315811616,33.486,33.84809523809523,33.76084990472083,5.037303240900461,5.051133372129324,5.028356560203436,32.900666666666666,33.37522580645162,33.83904624993091,4.972497992963412,5.016895401089082,4.996524688442897,34.782,33.93449180327869,34.41904100721188,4.877832585371648,4.957319874126444,4.921999949906686,8.111329951801194
2011-11-23,sz000901,32.43,32.29,32.92,32.18,42841,61507860.0,2.28,-0.55,-0.18,1.93,4.631859599634449,-0.322378084283824,33.95,33.336,33.40556569212029,5.0057627654708625,4.922485857114623,4.924637782112914,34.152,33.99345454545454,33.683164755579014,5.038987412726368,5.012569473762516,4.986425821961221,33.489000000000004,33.73419047619048,33.62076896141408,5.01359211813529,5.012519692008752,4.990594944911152,32.87666666666667,33.33582795698924,33.739107782193436,4.958406977104395,4.9949187305517295,4.972997908519772,34.70583333333334,33.852786885245905,34.34923638402461,4.878294044815582,4.949255186069488,4.912487151537104,7.788930617182114
2011-11-24,sz000901,31.91,32.56,32.61,31.26,43437,61433864.0,4.18,0.84,0.27,1.96,4.637859822832244,0.006000223197794696,33.444,32.87266666666667,33.12371046141353,4.913137313798977,4.79985154290175,4.829045129019358,34.071,33.70399999999999,33.478952981837374,4.996735344944989,4.939637184690859,4.923050185755953,33.4645,33.645714285714284,33.51974334604131,4.998875123906565,4.976735663884652,4.957001123760779,32.84166666666667,33.315397849462364,33.66303631237451,4.946972814251167,4.9742382689857845,4.951376096539931,34.60916666666667,33.78243169398907,34.2905728960238,4.873605765658799,4.941372096824132,4.903482976825469,7.78840783195806
2011-11-25,sz000901,32.67,31.58,32.83,31.46,47117,66610308.0,4.21,-3.01,-0.98,2.12,4.673177630571002,0.03531780773875859,32.544000000000004,32.251333333333335,32.609140307609024,4.79474557068369,4.719864981825757,4.77708929620324,33.882999999999996,33.251090909090905,33.13368880332148,4.976188292091293,4.8808085093501345,4.877618812085962,33.356,33.4662380952381,33.33500588451356,4.982349994991697,4.945716854995552,4.929970314885563,32.81033333333333,33.234,33.528646872866474,4.940028015250679,4.956574063587064,4.933427808412905,34.48866666666667,33.68311475409836,34.20170165353122,4.872254704866612,4.934800682558957,4.895931981866306,7.823541441799648
2011-11-28,sz000901,31.82,31.78,32.34,31.51,32784,46176904.0,2.63,0.63,0.2,1.48,4.51566194105712,-0.1575156895138825,32.13600000000001,31.99666666666667,32.33276020507269,4.682559335602617,4.626837105283568,4.689946844487867,33.612,32.86872727272727,32.88756356635394,4.923340116427511,4.797076445525738,4.8118084718989,33.2745,33.316142857142864,33.18691008598846,4.951977767181367,4.901270373668448,4.890512374520949,32.768,33.16752688172043,33.415830945584766,4.9284103938975266,4.929195607187479,4.906475171809306,34.372166666666665,33.59430601092897,34.122301599317076,4.871242037535011,4.923109116532418,4.88346411167584,7.664424811630323
2011-11-29,sz000901,32.16,33.05,33.21,31.98,61788,89312048.0,3.87,4.0,1.27,2.79,4.790904137874859,0.2752421968177394,32.252,32.30133333333333,32.571840136715124,4.649892626393935,4.662952039374315,4.7235992756168645,33.401,32.76654545454546,32.91709746338049,4.889472174134861,4.772997176697984,4.8080076838945285,33.309,33.294761904761906,33.17387103018003,4.9359420402106595,4.885930028020209,4.88102587579275,32.79533333333333,33.18572043010753,33.392228949095426,4.929212647703394,4.9203242358311785,4.8990189760716,34.2825,33.550956284153,34.08714416983127,4.872815649103747,4.920475087035363,4.880429358436464,7.950910048216472
2011-11-30,sz000901,33.03,32.0,33.68,31.49,69175,99601968.0,6.63,-3.18,-1.05,3.12,4.83994916781299,0.049045029938130646,32.194,32.217333333333336,32.38122675781008,4.691510540029642,4.726304219847333,4.762382573015573,33.072,32.511818181818185,32.750352470038585,4.848636652750253,4.763992993730371,4.813815226425158,33.29,33.170095238095236,33.0620737892105,4.926567940712963,4.876787849696623,4.877113808366106,32.803666666666665,33.134408602150536,33.30240772657314,4.9327879122948755,4.9145653016447,4.895208020700077,34.187999999999995,33.47612021857923,34.018713213443355,4.875084254674542,4.919397497484847,4.87910213907176,7.998267919579287
2011-12-01,sz000901,33.03,32.76,33.61,32.47,58809,85930440.0,3.56,2.38,0.76,2.65,4.7694437946345785,-0.07050537317841155,32.234,32.40599999999999,32.50748450520672,4.71782733439011,4.752281971382312,4.764736313555241,32.839,32.455090909090906,32.752106566395206,4.815482324094544,4.749594292254794,4.805747693372325,33.318,33.11961904761905,33.03330485690474,4.913672853951035,4.861823645308204,4.866859521344056,32.902,33.131591397849455,33.267413679697455,4.931187606099521,4.904026971473067,4.8870941996635935,34.126666666666665,33.42930054644809,33.97744392775669,4.874367115307191,4.915933875844191,4.8755067835164425,7.934147035568606
2011-12-02,sz000901,32.61,31.96,32.83,31.69,31469,44598844.0,3.48,-2.44,-0.8,1.42,4.4978829424244315,-0.2715608522101469,32.31,32.31466666666667,32.32498967013781,4.682768396760796,4.678967174060419,4.675785189844971,32.427,32.295272727272724,32.60808719068699,4.738756983722244,4.691848950132956,4.7497722841090715,33.269,32.99028571428571,32.931085346723336,4.889719484559694,4.822224606115195,4.831718894780281,32.976,33.07081720430108,33.183064410039556,4.933429596712605,4.876071831881127,4.861983795970745,34.0435,33.358262295081964,33.91129822520729,4.872466767945906,4.903590132470987,4.8631256739724416,7.6493236019648885
2011-12-05,sz000901,31.98,29.81,32.11,29.69,39338,53450400.0,7.57,-6.73,-2.15,1.77,4.594812275994005,0.09692933356957312,31.916000000000004,31.48133333333333,31.486659780091877,4.698598463748172,4.649648467138155,4.648794218561315,32.025999999999996,31.81945454545454,32.09934406510753,4.690578899675396,4.665677185091458,4.721597737179059,33.103500000000004,32.66085714285714,32.633839123225876,4.874051938356617,4.794138205299414,4.809156359657779,32.974666666666664,32.86655913978495,32.96544735132733,4.924646387200611,4.854225553125089,4.844746923714181,33.94383333333333,33.219459016393444,33.77682943093819,4.871657410767909,4.89448670650535,4.854328513382985,7.7279509596316585
2011-12-06,sz000901,29.76,30.57,30.77,29.58,29247,38857360.0,3.99,2.55,0.76,1.32,4.46608132511,-0.12873095088400444,31.419999999999998,31.032666666666668,31.181106520061256,4.633633901195201,4.572142754258764,4.58788992074421,31.835999999999995,31.554727272727273,31.82128150781525,4.641763263794568,4.624859444261386,4.675140207711957,33.031,32.41957142857143,32.43728301625198,4.855546130573171,4.75528386118069,4.776482546843705,32.936,32.71141935483871,32.810902360919115,4.905456581865164,4.824640710409565,4.820316885094557,33.885999999999996,33.10884153005465,33.671687482382836,4.8692201406143045,4.881189129926404,4.841599097374035,7.589473290952912
2011-12-07,sz000901,30.19,30.84,31.22,30.19,33691,45982280.0,3.37,0.88,0.27,1.52,4.5275139016916155,0.06143257658161527,31.188,30.839333333333332,31.067404346707505,4.571146847970926,4.536769421090903,4.567764581060013,31.691000000000003,31.37363636363637,31.64286668821248,4.631328694000285,4.60408683296994,4.6482990611628034,32.9215,32.210904761904764,32.28516082422799,4.835158053363326,4.724042696525303,4.752771247305411,32.88966666666667,32.5761935483871,32.683747369892075,4.886170976756954,4.800257311688691,4.801426370036303,33.82516666666667,33.00897267759563,33.578845269845694,4.868856874660506,4.869985646683036,4.8313012221057585,7.662590501662911
2011-12-08,sz000901,30.79,31.06,31.44,30.23,31009,42256868.0,3.92,0.71,0.22,1.4,4.491487761029827,-0.03602614066178855,30.848000000000003,30.79666666666667,31.064936231138336,4.515555641249976,4.510216392110536,4.542338974383284,31.541000000000004,31.258909090909086,31.5368909267193,4.6166914878200425,4.578661208793493,4.61978791568408,32.806,32.033619047619055,32.16847884096818,4.806713416382515,4.691312192493541,4.7278871057553555,32.82333333333333,32.45815053763441,32.578989475060325,4.871480578544391,4.774793878415974,4.781430330745563,33.76016666666666,32.91831147540983,33.496260179031076,4.868277955128867,4.857612888859081,4.820159797152449,7.625897304814633
2011-12-09,sz000901,30.59,30.52,31.22,30.34,18589,25201110.0,2.83,-1.74,-0.54,0.84,4.269256027417773,-0.22223173361205362,30.560000000000002,30.68733333333333,30.88329082075889,4.469830258248644,4.428116520833135,4.451311325394781,31.435000000000002,31.073272727272727,31.35200166731579,4.57629932750472,4.515491125083989,4.556054845090206,32.659,31.81590476190476,32.01148085611406,4.776243809798007,4.640125774496899,4.684207955437491,32.715666666666664,32.30954838709677,32.44615144441128,4.846999772496037,4.735940681569095,4.74838682730506,33.690666666666665,32.81207650273224,33.39867787807923,4.866000964637556,4.837972825655437,4.802097378472624,7.401419669998142
2011-12-12,sz000901,30.79,29.81,30.79,29.69,18483,24667316.0,3.6,-2.33,-0.71,0.83,4.266772463513072,-0.0024835639047013913,30.560000000000002,30.43733333333333,30.52552721383926,4.404222295752457,4.3604305892546105,4.389798371434211,31.238,30.77781818181818,31.071637727803825,4.5514103797503145,4.459213513449144,4.503458048439818,32.425,31.544571428571427,31.801816012674628,4.737375248088913,4.591604693898334,4.644452194301832,32.595666666666666,32.122086021505375,32.27607715767507,4.81845530470435,4.69850666163471,4.717314932866867,33.600833333333334,32.68484153005465,33.28101630830614,4.863016026586709,4.818325989552994,4.784545741916573,7.392121897369634
2011-12-13,sz000901,29.69,28.35,29.92,28.33,34993,44484480.0,5.33,-4.9,-1.46,1.58,4.543981176766847,0.27720871325377505,30.116000000000003,29.700666666666667,29.800351475892843,4.419802266083828,4.407016882926075,4.441192639878423,30.767999999999994,30.252727272727274,30.576794504566767,4.526718083639514,4.4578627492703315,4.510825889953822,32.084500000000006,31.156476190476194,31.47307163051514,4.708095128887187,4.5731862109152805,4.634883525965166,32.462,31.848172043010752,32.02278185717991,4.799534054686944,4.680798653380678,4.706132109892673,33.49033333333333,32.51268306010929,33.119343642460045,4.867060509609952,4.807865830542508,4.776658379124778,7.648208518261583
2011-12-14,sz000901,28.35,27.41,28.66,27.36,24733,30572306.0,4.59,-3.32,-0.94,1.12,4.393276797494561,-0.15070437927228575,29.43,28.798666666666666,29.00356765059523,4.392954845244416,4.398175060062986,4.4252206924171364,30.308999999999997,29.64218181818182,30.001013685554625,4.482050846607672,4.4336006972439765,4.489453327688502,31.690499999999997,30.711285714285715,31.08611242760894,4.6653437496789625,4.543203512687411,4.611873361348918,32.29633333333333,31.52223655913978,31.725183027684434,4.7783955760112,4.654588507755363,4.685947896189569,33.3515,32.31332786885246,32.93215204762529,4.864136296249554,4.792331938342002,4.764088491202475,7.485328197813577
2011-12-15,sz000901,27.19,26.85,27.5,26.2,38216,45209484.0,4.74,-2.04,-0.56,1.72,4.582245228275298,0.18896843078073644,28.588000000000005,27.938666666666666,28.28571176706349,4.41110633869351,4.461271854406613,4.477562204369857,29.718,29.013272727272728,29.428102106362875,4.463330989971743,4.451817857547182,4.506324582340646,31.2785,30.250285714285713,30.68267314878904,4.639406657033144,4.535289367791824,4.609051634389526,32.118,31.17086021505376,31.410655090414473,4.7635588992912705,4.641933646611111,4.6792574014854225,33.20333333333333,32.100163934426234,32.73273722639167,4.864243915887209,4.783089608244486,4.758126417008141,7.655229550227581
2011-12-19,sz000901,27.57,29.2,29.34,26.94,64049,79111544.0,8.94,8.75,2.35,2.89,4.806512353473801,0.22426712519850334,28.324,28.142666666666667,28.59047451137566,4.518557603904716,4.593073859333376,4.587212254071172,29.442,28.91909090909091,29.38662899611508,4.49419393107668,4.514214469093011,4.560904177092128,30.934499999999996,30.052333333333333,30.541466182237702,4.616475457399462,4.551204196024267,4.627857417159457,31.993333333333332,30.98260215053763,31.268032181355476,4.7578776333986905,4.644704837203531,4.6874673983878985,33.08716666666666,31.968907103825135,32.61690977634604,4.869189450099112,4.7811967701325715,4.759712841154555,7.898239860611397
2011-12-20,sz000901,28.64,28.15,29.09,28.13,42195,53195904.0,3.29,-3.6,-1.05,1.9,4.625260991220882,-0.18125136225291882,27.992,28.08466666666667,28.44364967425044,4.5902553094462775,4.628641655105432,4.599895166454409,29.276,28.684181818181816,29.16178736045779,4.497238802599368,4.538044843664684,4.572605416024629,30.651,29.787142857142857,30.313707498215063,4.593908851137381,4.552040913531069,4.627610138498641,31.82766666666667,30.73464516129032,31.066868814816416,4.7484475597708675,4.636148924804963,4.683454081796478,32.97966666666667,31.807032786885248,32.47045371810518,4.870006889711248,4.773199115743121,4.75530458377968,7.725878193598033
2011-12-21,sz000901,28.46,27.23,29.02,27.03,33465,41856408.0,7.07,-3.27,-0.92,1.51,4.524590829339519,-0.10067016188136346,27.768,27.830666666666662,28.03909978283363,4.586377239960812,4.606753495069845,4.574793720749446,28.942,28.312181818181816,28.810553294920005,4.50308975302232,4.54301793943562,4.563875491172791,30.389,29.461333333333332,30.02002106981363,4.5724265084084434,4.545439197169367,4.617798775721582,31.668,30.438021505376348,30.819328891279877,4.738060671389554,4.621706555099714,4.673204839702481,32.79966666666667,31.61851912568306,32.29863556341321,4.864371079484321,4.761873999009623,4.7477401983881995,7.621761955662632
2011-12-22,sz000901,27.01,27.45,27.59,25.71,43458,50698108.0,6.9,0.81,0.22,1.96,4.638069735584359,0.1134789062448407,27.776000000000003,27.724666666666668,27.842733188555755,4.635335827578771,4.6239843269443615,4.5958857256944174,28.602999999999998,28.04090909090909,28.563179968570914,4.514145336411594,4.5675597544469,4.577365353793076,30.147,29.18142857142857,29.77525715840281,4.57273701520594,4.5516909330908835,4.619729343327561,31.482000000000003,30.165892473118284,30.60195283377795,4.728153814379414,4.615255526983251,4.670938058791634,32.59433333333333,31.443120218579235,32.13966390559638,4.851857446874704,4.75445428281618,4.744144445509384,7.704991752223044
2011-12-23,sz000901,27.12,28.01,28.55,27.12,35069,43314728.0,5.21,2.04,0.56,1.58,4.544923382058467,-0.09314635352589207,28.008000000000003,27.802666666666667,27.898488792370504,4.627871458335405,4.5938468451042604,4.578898277815767,28.298000000000002,27.933090909090904,28.46260179246711,4.519488898514458,4.573155762746332,4.571466813477692,29.9195,28.97790476190476,29.607137429031113,4.568090193167251,4.549042015648268,4.612604966063837,31.303333333333335,29.941892473118276,30.434730070308408,4.710971910426496,4.603434208768997,4.66280807964756,32.3945,31.292814207650274,32.00426508901945,4.839252304981346,4.744390870854993,4.737612607363452,7.636635591539596
2011-12-26,sz000901,28.24,27.9,28.69,27.48,28066,34780004.0,4.32,-0.39,-0.11,1.27,4.448180520874052,-0.09674286118441522,27.748,27.766666666666666,27.898992528247007,4.556205091815456,4.5339498659504756,4.535325692168529,28.036,27.86072727272727,28.360310557473092,4.5373813478600855,4.560190603175348,4.549051123913394,29.735499999999995,28.785571428571433,29.444552911980534,4.556840337682403,4.537622046858439,4.596945495093381,31.118,29.722322580645166,30.271199098030447,4.696622989152034,4.586479925572065,4.648961140371849,32.18683333333333,31.145453551912574,31.86969902052701,4.826946955799547,4.731568845146557,4.728123030757242,7.541329627614302
2011-12-27,sz000901,27.72,27.1,27.83,26.11,28578,33747688.0,6.16,-2.87,-0.8,1.29,4.456031831895234,0.00785131102118175,27.538,27.550666666666665,27.632661685498007,4.522359259950326,4.500558779310401,4.508894405410764,27.764999999999997,27.690545454545454,28.131163183387073,4.556307284698302,4.54539978209083,4.532138525364637,29.5015,28.53457142857143,29.22126215845858,4.553858832224309,4.528021236783471,4.583525146217368,30.871666666666666,29.46309677419355,30.066605607834937,4.677019260292043,4.570957915426465,4.636514088212068,31.982333333333333,30.97867213114754,31.7133154460835,4.815681030173977,4.719407693543136,4.719202007843734,7.52824402536747
2011-12-28,sz000901,26.65,27.95,27.97,26.36,31825,38080912.0,5.94,3.14,0.85,1.44,4.502768412325693,0.04673658043045936,27.682000000000006,27.688,27.73844112366534,4.517994776547562,4.494028496768857,4.506852407715741,27.725,27.724181818181822,28.098224422771242,4.5521860082541865,4.535665441659447,4.526798504812101,29.246500000000005,28.386809523809518,29.100189571938714,4.539452045946851,4.523155482507412,4.575834028703874,30.631333333333334,29.27460215053764,29.93005040732946,4.656125422009521,4.559715925235087,4.6278853349290765,31.806500000000003,30.846464480874317,31.589928054408627,4.805552134225141,4.70914826344975,4.712105824384126,7.580707340758252
2011-12-29,sz000901,27.79,28.15,28.44,27.45,39518,48931016.0,3.54,0.72,0.2,1.78,4.596794956893753,0.09402654456805948,27.822000000000003,27.844,27.875627415776894,4.509739820809441,4.52029522355092,4.536833257441745,27.799,27.801454545454547,28.10763816408556,4.5725378241941055,4.543776159593913,4.53952513246331,29.054000000000002,28.282380952380958,29.00969532699217,4.527294335400889,4.528616712121402,4.5778303075791005,30.39333333333333,29.114516129032253,29.81520844556627,4.63440844118401,4.555888153292134,4.625879504088088,31.60533333333333,30.726579234972686,31.477143528034574,4.793784258315357,4.702303765832327,4.7083251402041135,7.689584233512086
2011-12-30,sz000901,28.15,28.51,29.18,28.13,62182,78602096.0,3.73,1.28,0.36,2.8,4.793664686426941,0.19686972953318804,27.922000000000004,28.07333333333333,28.087084943851266,4.559488081683135,4.61493684542342,4.622443733770144,27.964999999999996,27.930727272727275,28.180794861524546,4.5936797700092695,4.583981043636247,4.585732324093061,28.841500000000003,28.23057142857143,28.96210529585006,4.528505379990507,4.553985316981026,4.598385962707466,30.174,28.99301075268817,29.731001449078125,4.6241643613585195,4.56616274975942,4.636704354561562,31.476666666666667,30.62509289617486,31.379860133672786,4.788061801217706,4.7022998454425435,4.711123158113058,7.895434127071179
2012-01-04,sz000901,28.71,27.12,28.8,27.1,41628,51397272.0,5.96,-4.88,-1.39,1.88,4.619385545889685,-0.1742791405372559,27.766000000000002,27.806,27.764723295900847,4.5937290866862615,4.634902666825605,4.621424337809991,27.756999999999998,27.77709090909091,27.987923068520082,4.574967089250858,4.58865482106905,4.591851091692447,28.5995,28.066619047619046,28.78666669624529,4.534580510163769,4.562640570876186,4.600385923010535,29.875333333333334,28.79597849462366,29.56254974268599,4.6026393346832615,4.565854439084011,4.635587012066603,31.377833333333335,30.482251366120213,31.240192588306464,4.779297406117447,4.696769476415395,4.708115367548357,7.71094006866867
2012-01-05,sz000901,26.58,24.45,26.74,24.45,54790,61593204.0,8.44,-9.85,-2.67,2.47,4.73870130043471,0.11931575454502497,27.236,26.700666666666667,26.659815530600564,4.650262980394157,4.683226738075088,4.660516658684897,27.387,27.17581818181818,27.344664328789158,4.586311120172242,4.618424677647932,4.618551129645585,28.3315,27.67142857142857,28.373650820412408,4.541774961385805,4.582080646140086,4.613558816098552,29.563000000000002,28.445956989247314,29.232707823803025,4.591376274149001,4.5746326304228155,4.642239546800029,31.238166666666668,30.25510928961749,31.017563323116086,4.778693547568236,4.6954384565569445,4.70911818502004,7.789532796123504
2012-01-06,sz000901,24.72,24.41,24.72,23.2,40226,42139564.0,6.22,-0.16,-0.04,1.81,4.604506849267865,-0.13419445116684514,26.528000000000002,25.758666666666667,25.90987702040038,4.67061066778259,4.667974694366323,4.641846722212554,27.105,26.634545454545453,26.811088996282034,4.594302722165076,4.621732992028954,4.615997624122363,28.023500000000002,27.29795238095238,27.996160266087415,4.548696237593697,4.588055111652663,4.612696724019438,29.294333333333334,28.113505376344087,28.92156538355767,4.579718579660653,4.575479764301452,4.6398051792173085,31.0975,30.031234972677595,30.80092190268605,4.776108286312033,4.689727417268408,4.705688305159313,7.624690037836541
2012-01-09,sz000901,24.5,25.28,25.39,23.96,32356,35431088.0,5.86,3.56,0.87,1.46,4.509954826744245,-0.0945520225236196,25.954,25.342666666666666,25.699918013600254,4.653242641752689,4.614422747353542,4.5978827570564516,26.887999999999998,26.302727272727275,26.53270917877621,4.581491231281064,4.606397011043348,4.596717115508159,27.7455,27.03666666666667,27.73747833598385,4.54781828384633,4.584365453476525,4.602911781421801,29.060666666666666,27.854516129032255,28.686625681392663,4.575655087230981,4.570978877016522,4.631427737122273,30.968666666666664,29.840497267759567,30.619908069811096,4.767031032167688,4.681001074331759,4.699270814063737,7.549384488634091
2012-01-10,sz000901,25.28,26.29,26.45,25.24,41476,47511508.0,4.79,4.0,1.01,1.87,4.6177968658054125,0.1078420390611674,25.51,25.454666666666665,25.896612009066835,4.618069077628383,4.60260748870445,4.604520793306106,26.716,26.194000000000003,26.488580237180535,4.588778579655759,4.61299803550232,4.600549797380387,27.506999999999998,26.898047619047617,27.59962325636634,4.554133739085108,4.59103008032977,4.604329408505954,28.851666666666667,27.67576344086022,28.53200466968991,4.574986321996753,4.573697701440679,4.630548326069572,30.846666666666668,29.68709836065573,30.477943870800893,4.76097956812396,4.676108150844472,4.696599537071661,7.676798815005297
2012-01-11,sz000901,26.11,26.45,26.96,26.0,46903,54648848.0,3.65,0.61,0.16,2.12,4.6712006218574595,0.05340375605204706,25.376,25.767999999999997,26.081074672711225,4.628432092821938,4.620318003447475,4.6267474028232245,26.571000000000005,26.145636363636363,26.481565648602253,4.6110805897541,4.627983861357175,4.613395401830763,27.303500000000003,26.79738095238095,27.490135327188593,4.574230968807092,4.60217930726047,4.610698095491812,28.680666666666664,27.520817204301075,28.397681787774435,4.5749204217063015,4.57990507562524,4.633171054830082,30.7455,29.542945355191257,30.34588013733201,4.757474218478491,4.673164578835734,4.695766785753163,7.737581011436383
2012-01-12,sz000901,26.33,26.36,26.65,26.11,36048,41851752.0,2.04,-0.34,-0.09,1.63,4.556881174379756,-0.11431944747770384,25.758000000000003,26.096,26.174049781807483,4.592068067610947,4.596467697300081,4.6034586600087355,26.496999999999996,26.10727272727273,26.45946280340184,4.621165524002552,4.618129422198203,4.603120087748762,27.131,26.70752380952381,27.38250339126587,4.588736404350427,4.600526945886438,4.605572674433521,28.5,27.371096774193543,28.266218446627697,4.57629439615039,4.578741253217077,4.628249127059092,30.634,29.399158469945355,30.215195542665388,4.752352395023959,4.666587757717743,4.691213159150756,7.621713643165743
2012-01-13,sz000901,26.27,24.83,26.36,24.7,40132,44788524.0,6.3,-5.8,-1.53,1.81,4.603490803574361,0.046609629194604985,25.842000000000002,25.786666666666665,25.726033187871657,4.591864858472247,4.600275275954552,4.603469374530611,26.185000000000002,25.804181818181817,26.16319683914696,4.631237763127419,4.614915836665806,4.603187490626143,26.954999999999995,26.488380952380954,27.139407830192933,4.591711885690803,4.6019321267649085,4.605374401018363,28.226,27.134322580645165,28.04452693394204,4.57004728500704,4.580495860147655,4.626651815866529,30.510666666666665,29.20886338797814,30.038631754381274,4.749629966355217,4.661707049801363,4.688337016344972,7.65116675056218
2012-01-16,sz000901,24.09,23.74,24.68,23.74,23047,24572428.0,3.79,-4.39,-1.09,1.04,4.3626144018194015,-0.24087640175495917,25.534,25.086,25.064022125247774,4.5623967734872775,4.52385845707027,4.523184383626875,25.744,25.35963636363636,25.722615595665694,4.607819707619983,4.566075225518893,4.559446929024918,26.771499999999996,26.18219047619048,26.815654703507892,4.590178765907044,4.580113318777156,4.5822544010946515,27.950666666666667,26.844903225806455,27.766815518849008,4.5541361261405875,4.567113093490388,4.609617143992521,30.377166666666664,28.986874316939893,29.832119237844182,4.7434620192177315,4.649018014898549,4.677657586360526,7.390448071209606
2012-01-17,sz000901,23.76,25.17,25.24,23.53,34183,36886640.0,7.2,6.02,1.43,1.54,4.5338101750105695,0.17119577319116797,25.310000000000002,24.96466666666667,25.09934808349852,4.54559943532831,4.514329590911367,4.526726314088107,25.41,25.255272727272725,25.622140032817384,4.581834256478347,4.552618946862637,4.5547857010223085,26.6875,26.029666666666664,26.65892568412619,4.587757013243808,4.574744881548919,4.57764066527712,27.69766666666667,26.66550537634409,27.599279033761977,4.546281672153119,4.565801741804581,4.604726371800137,30.299833333333332,28.8161475409836,29.679262869390275,4.73873463912632,4.642144183940937,4.672941277791675,7.566869097191626
2012-01-18,sz000901,25.3,25.19,26.24,24.99,41957,46980848.0,4.97,0.08,0.02,1.89,4.622804427805032,0.08899425279446227,25.058000000000003,24.924666666666667,25.129565388999012,4.535920196517824,4.540064588403609,4.558752351993748,25.217,25.21527272727273,25.543569117759674,4.582176144669882,4.560068068922034,4.567152742255531,26.487000000000002,25.887047619047618,26.519027999923694,4.57857161696037,4.578082730554751,4.581941975994064,27.471999999999998,26.50372043010753,27.443841676745077,4.550445721665806,4.570738693782123,4.605892697994001,30.223999999999997,28.64861202185792,29.532073922852888,4.7419376591892055,4.638343193405813,4.671297446644571,7.671920851487924
2012-01-19,sz000901,24.99,25.28,25.53,24.86,25678,28614396.0,2.66,0.36,0.09,1.16,4.40956119452185,-0.2132432332831815,24.842000000000002,24.99866666666667,25.179710259332676,4.506456200546243,4.497944921071617,4.509021966169782,25.3,25.22672727272727,25.495647459985186,4.549262134078595,4.528683532531483,4.53849973357668,26.3435,25.77209523809524,26.401025333264293,4.567786627125418,4.561986499846321,4.565524758710996,27.321,26.362301075268817,27.304238987922815,4.544270685616735,4.561649369450255,4.593226149382894,30.147833333333335,28.486513661202185,29.392661663087218,4.734458536408672,4.627445604400326,4.662715930181531,7.456584583141995
2012-01-20,sz000901,25.37,25.53,25.73,25.24,25960,29171978.0,1.94,0.99,0.25,1.17,4.414304688128332,0.004743493606481408,24.982000000000006,25.228,25.296473506221787,4.468618977457036,4.467227750265646,4.477449540155966,25.412,25.268545454545453,25.501893376351518,4.530241917964642,4.504145815085979,4.515918816222435,26.258499999999998,25.694619047619046,26.318070539620077,4.562272320064859,4.547369172322789,4.551122847226933,27.153000000000002,26.24675268817204,27.189771956443927,4.542544797717345,4.553264466386486,4.581682829301955,30.044500000000003,28.335109289617485,29.266017018395832,4.7240006897912545,4.616948756915725,4.654571299294541,7.464965877368603
2012-01-30,sz000901,25.53,25.51,25.95,25.37,22286,25197058.0,2.27,-0.08,-0.02,1.0,4.348032126182487,-0.06627256194584508,25.336000000000006,25.404000000000003,25.36764900414786,4.4657025223296545,4.427032133174131,4.434310402164806,25.435000000000002,25.286363636363635,25.503367307923966,4.514049647908466,4.471016762034679,4.4853939634878985,26.1615,25.62333333333333,26.24111144060864,4.547770439594766,4.526965344333992,4.531780873794129,26.97533333333333,26.140752688172043,27.081399572157224,4.536562071867041,4.540715261771334,4.566608590391021,29.9325,28.186437158469943,29.142868919432033,4.711366524311997,4.604621918764617,4.644520834602342,7.401349835664305
2012-01-31,sz000901,25.42,25.42,25.55,24.65,24295,26879756.0,3.53,-0.35,-0.09,1.1,4.385516903399025,0.03748477721653831,25.386000000000003,25.432000000000002,25.385099336098577,4.436043868007345,4.4003035935305865,4.418045902576212,25.348,25.283636363636365,25.488209615574153,4.490821651667828,4.4476471721238715,4.467234498017194,26.032,25.552714285714284,26.162910351026866,4.539800115661793,4.511512626601063,4.517850971851738,26.787333333333333,26.04040860215054,26.974212502985793,4.533029709946015,4.530970412192753,4.554925255746376,29.805333333333333,28.03848633879781,29.02080764338508,4.7022551442452025,4.593938324636323,4.636028902431741,7.429425322107437
2012-02-01,sz000901,25.37,24.99,25.44,24.92,18954,20998442.0,2.05,-1.69,-0.43,0.85,4.277700876288793,-0.10781602711023197,25.346000000000004,25.3,25.253399557399053,4.3670231577040965,4.3475225962910695,4.371264227147073,25.202,25.218545454545453,25.397626049106123,4.451471677110961,4.408897940236774,4.43277383952112,25.8865,25.45347619047619,26.051204603310023,4.53127613343253,4.486550794279825,4.494979534179077,26.603,25.92445161290323,26.846198793115743,4.533311204908383,4.514497584214869,4.537039811910403,29.659333333333333,27.88060655737705,28.88865001573311,4.690155488702209,4.580018512572178,4.624280442558202,7.322187073024213
2012-02-02,sz000901,24.99,25.39,25.44,24.95,23802,26474642.0,1.96,1.6,0.4,1.07,4.3766134508577945,0.0989125745690016,25.368000000000002,25.314666666666664,25.298933038266036,4.360433608971286,4.350719360675635,4.373047301717314,25.105,25.252727272727277,25.39623949472319,4.4334449047587645,4.39528735364529,4.4225628597641515,25.801,25.406190476190478,25.988232736328115,4.527305214380658,4.471821014986992,4.483706573862764,26.455666666666666,25.8461935483871,26.75225048388247,4.536972571153205,4.504388051695475,4.5266897241005575,29.525666666666666,27.740628415300545,28.773940179151694,4.677713937928778,4.569738445757608,4.616160213322123,7.422830096126993
2012-02-03,sz000901,25.28,25.91,26.11,25.17,38351,43426692.0,3.7,2.05,0.52,1.73,4.583776692634928,0.20716324177713386,25.444000000000003,25.495333333333335,25.502622025510693,4.394328009872605,4.425167055230181,4.443290432023185,25.213,25.399090909090905,25.489650495682607,4.4314734936648215,4.42262040598641,4.451874465740657,25.699,25.416571428571427,25.980781999534962,4.53135562839612,4.47719925101121,4.4932370613648756,26.374333333333333,25.810989247311824,26.69791174298683,4.538299088348809,4.507407672436232,4.530372754328582,29.418166666666668,27.622081967213116,28.68004050114672,4.668916571517877,4.566658536075842,4.615098458545494,7.6377567485226585
2012-02-06,sz000901,25.84,26.29,26.49,25.77,42891,49377104.0,2.78,1.47,0.38,1.93,4.632366171895849,0.0485894792609205,25.600000000000005,25.77733333333333,25.765081350340463,4.451194819015278,4.50451310923793,4.5063156786474075,25.468,25.594909090909088,25.63516858737668,4.458448670672466,4.459146347482961,4.484691139587055,25.606,25.472857142857148,26.010231332912582,4.5331341891462245,4.486819302773088,4.5064874528440155,26.337,25.805548387096774,26.67159485634252,4.546268734162185,4.51347651653604,4.536952974816792,29.316666666666666,27.519519125683065,28.601678517502563,4.662332155086692,4.565460162317741,4.61566461308157,7.693525614682551
2012-02-07,sz000901,26.2,25.86,26.2,25.53,27721,31525588.0,2.55,-1.64,-0.43,1.25,4.442808892846281,-0.1895572790495681,25.688000000000006,25.863999999999997,25.79672090022698,4.462653216904728,4.501717800514931,4.485146750047032,25.537,25.666181818181816,25.676047026035466,4.449348542456037,4.4563027515145635,4.4770761856341865,25.4735,25.49704761904762,25.995923586920906,4.515591399467192,4.478216893601665,4.500422828082327,26.304,25.774774193548385,26.61923389786881,4.541620856314551,4.506801688064047,4.530879163076759,29.211,27.406185792349728,28.51178741856805,4.652589877802911,4.558262678309861,4.6099972124181186,7.498663195571015
2012-02-08,sz000901,25.8,26.6,26.69,25.57,47046,54395240.0,4.33,2.86,0.74,2.12,4.672522704239881,0.2297138113936006,26.01,26.168,26.064480600151324,4.541617582494946,4.571674296293315,4.547605401444649,25.678000000000004,25.859454545454547,25.844038475847196,4.454320370099522,4.496879871838899,4.512611916289767,25.447499999999998,25.604333333333336,26.05345467388082,4.518248257384702,4.493162732151445,4.516813292478284,26.217333333333336,25.793870967741938,26.61799300123211,4.53715453467342,4.515246968575359,4.540017456055025,29.105333333333338,27.320579234972676,28.4491058638609,4.647516084036056,4.558916213602876,4.612047228543422,7.735560897268383
2012-02-09,sz000901,26.56,26.49,26.98,26.4,54047,63526296.0,2.18,-0.41,-0.11,2.44,4.732771592468704,0.06024888822882257,26.230000000000008,26.328,26.206320400100882,4.612849210817129,4.635392299617902,4.6093274651193346,25.799,26.007090909090905,25.96148602569316,4.486641409894207,4.547507366815114,4.552640948322301,25.549500000000002,25.70361904761905,26.095030419225505,4.517951771986401,4.51359352596897,4.537380749620229,26.161999999999995,25.811462365591396,26.609735388249398,4.540738221381682,4.52786742391699,4.552453206791391,28.994833333333336,27.234830601092895,28.38487288471792,4.644592890576274,4.561711476174438,4.616005404409824,7.802953533854752
2012-02-10,sz000901,26.51,26.63,26.87,26.36,44075,51639460.0,1.93,0.53,0.14,1.99,4.64419232097136,-0.0885792714973439,26.374000000000002,26.461333333333332,26.34754693340059,4.624932336484415,4.645840003002645,4.620949083736677,25.909000000000002,26.15818181818182,26.083034021021675,4.50963017317851,4.57615298701096,4.5692866524403115,25.660500000000003,25.806523809523814,26.145979903108792,4.519936045571576,4.525616435396108,4.547553280225099,26.142000000000003,25.841655913978492,26.61104278255589,4.544724937769408,4.534541881955033,4.558371859319131,28.904999999999998,27.15729508196721,28.327336068825527,4.641392804579481,4.561698342744769,4.6169295656085625,7.712981692148867
2012-02-13,sz000901,26.54,26.94,27.16,26.33,48615,57530284.0,3.12,1.16,0.31,2.19,4.686770290087892,0.042577969116531555,26.504,26.65,26.54503128893373,4.635813160122824,4.666452654203804,4.642889485853749,26.052,26.345636363636366,26.23884601719955,4.543503989569051,4.608360280994484,4.590647313830781,25.7435,25.92838095238095,26.22160086471748,4.528776818738758,4.541505411064328,4.560812043069174,26.125,25.89313978494624,26.63226582884261,4.546348289586194,4.5437060982336455,4.5666556290461475,28.8035,27.092868852459016,28.281849640339445,4.637251051982804,4.56318612915488,4.6192194254275565,7.759896517938735
2012-02-14,sz000901,27.01,26.78,27.07,26.56,33911,39979452.0,1.89,-0.59,-0.16,1.53,4.530340596857957,-0.15642969322993494,26.688000000000006,26.742,26.623354192622486,4.653319500925159,4.631295133115515,4.605373189521819,26.188,26.477999999999998,26.337237650435995,4.557986358914944,4.605966936865194,4.579682456199357,25.768,26.027095238095235,26.274781734744387,4.524404005291386,4.541654342313777,4.557910000572868,26.084,25.935397849462365,26.641797065691474,4.545862196746176,4.542673343864081,4.564312723743684,28.69366666666667,27.026524590163934,28.232608668525035,4.628417053586336,4.559680868331115,4.616305365474455,7.601836836930493
2012-02-15,sz000901,26.83,27.43,27.45,26.6,55847,66757308.0,3.17,2.43,0.65,2.52,4.74699984856283,0.21665925170487377,26.854000000000003,26.989333333333335,26.892236128414993,4.668214929789749,4.662521915661405,4.652582075868823,26.432,26.703818181818182,26.535921713993087,4.604916256142348,4.640333025892082,4.610103800265444,25.817,26.185380952380953,26.38480252191159,4.528193966626654,4.562853946434866,4.575918557524292,26.068333333333335,26.022236559139785,26.69264886790493,4.555822841002469,4.555649966561931,4.576098989861048,28.59316666666667,26.985092896174866,28.206293630212738,4.626222915077252,4.563568828822148,4.6205904304937455,7.824498815360153
2012-02-16,sz000901,27.32,27.27,27.99,26.89,55683,67388392.0,4.01,-0.58,-0.16,2.51,4.745722625459326,-0.0012772231035045323,27.01,27.128000000000004,27.018157418943332,4.670805136387873,4.688357814217931,4.683628925732324,26.619999999999997,26.85618181818182,26.66939049326707,4.6418271736025005,4.665934183949715,4.634761768482513,25.8625,26.32376190476191,26.469107043634292,4.537636039180633,4.5835709615617874,4.592090373518105,26.074,26.099763440860215,26.729897328040096,4.565479200787939,4.567901565559147,4.587042450222228,28.472833333333334,26.941710382513662,28.175595478402485,4.621249230539991,4.567486852113363,4.62469312541065,7.82858509350097
2012-02-17,sz000901,27.36,27.5,27.68,26.92,39984,48210908.0,2.79,0.84,0.23,1.8,4.601886238782375,-0.1438363866769512,27.184000000000005,27.291333333333334,27.178771612628893,4.662343919950076,4.665384848349432,4.656381363415674,26.779000000000003,27.01618181818182,26.820410403582148,4.643638128217246,4.6586721958006,4.628784399446124,25.996,26.479714285714284,26.567287325192932,4.537555810941034,4.589690028190525,4.593023313067083,26.059,26.191763440860214,26.77958137139235,4.568783128336494,4.570250406720078,4.588000114000302,28.345166666666668,26.90981420765027,28.153444806979454,4.6124542751730075,4.566851999924588,4.623945358635952,7.6831453110240995
2012-02-20,sz000901,27.92,27.68,28.13,27.59,58586,71912856.0,1.96,0.65,0.18,2.64,4.767793847261148,0.16590760847877295,27.332000000000004,27.456666666666667,27.345847741752596,4.678548631384727,4.700534824119789,4.693518858030832,26.918,27.179999999999996,26.976699421112663,4.6571808957537755,4.681245962899492,4.654058844503401,26.193,26.640095238095242,26.673259960888842,4.557814783213121,4.611617460221011,4.60966812584747,26.043333333333333,26.29634408602151,26.837672895818653,4.574483091348742,4.583089807941023,4.59959970969455,28.21833333333333,26.88800546448088,28.13792202642275,4.604445766266376,4.57194510064879,4.628661702525303,7.856806536985968
2012-02-21,sz000901,27.59,27.7,27.72,26.96,51323,61838064.0,2.75,0.07,0.02,2.31,4.710312034401372,-0.05748181285977605,27.516000000000002,27.579333333333334,27.463898494501734,4.71454291889341,4.711122625125338,4.69911658348768,27.101999999999997,27.322181818181818,27.108208617273995,4.683931209909284,4.690906169926329,4.664286697212122,26.319499999999998,26.783619047619055,26.77104472651848,4.566639876182661,4.626141007953226,4.61925325999546,26.016333333333332,26.40322580645161,26.893306902540033,4.571704669614556,4.591852965557321,4.606742440320796,28.095166666666668,26.871010928961752,28.123563927195775,4.597934515486538,4.575416125833544,4.631338762586813,7.791255884414822
2012-02-22,sz000901,27.86,28.24,28.35,27.72,62599,77305512.0,2.27,1.95,0.54,2.82,4.796567395543485,0.08625536114211307,27.678000000000004,27.820666666666668,27.72259899633449,4.724456428289541,4.738464117342029,4.731600187506281,27.266000000000002,27.529090909090908,27.31398886867872,4.696335679039644,4.711385476405273,4.68833773327237,26.471999999999998,26.96652380952381,26.910945228754816,4.5753280245695835,4.648038866939971,4.636140320523844,26.05366666666667,26.54668817204301,26.980190328182612,4.577610731269682,4.606360238197897,4.618989211625486,27.964499999999997,26.875759562841534,28.127381503353288,4.590125032976471,4.581928679278034,4.6367560948149,7.888210460876156
2012-02-23,sz000901,28.22,29.09,29.22,27.86,97192,122358560.0,4.82,3.01,0.85,4.38,4.987630519053428,0.19106312350994337,28.042,28.29133333333333,28.17839933088966,4.772838007008361,4.826188814263324,4.816943631355331,27.526,27.860727272727274,27.636899983464406,4.721821571698117,4.764348174589598,4.7427546034143795,26.6625,27.215857142857146,27.118474254587692,4.604231490796162,4.687305771176527,4.6696155775266615,26.208333333333332,26.742580645161294,27.11630708120309,4.585908371890307,4.632813127732333,4.642772521782128,27.88566666666667,26.912661202185795,28.158942765538427,4.588642323019654,4.594961646034656,4.64826017429813,8.087634357265454
2012-02-24,sz000901,28.69,29.09,29.27,28.6,67875,86696712.0,2.3,0.0,0.0,3.06,4.831709842596903,-0.15592067645652463,28.360000000000003,28.640666666666668,28.482266220593107,4.818802727771267,4.8458127594595055,4.821865701769188,27.772000000000002,28.14509090909091,27.901099986470875,4.740573323860671,4.784327860207559,4.758928283265747,26.8405,27.447047619047616,27.306238611293626,4.625101748519591,4.708970376109932,4.6850531265809705,26.36433333333333,26.928494623655915,27.243642108222247,4.593481805001275,4.648671287132759,4.654962026350823,27.829333333333334,26.952147540983606,28.189469232242086,4.586600192330964,4.602931072906041,4.6542749175210405,7.938002627034064
2012-02-27,sz000901,29.22,28.87,29.38,28.84,69665,89395120.0,1.86,-0.76,-0.22,3.14,4.843014641446969,0.01130479885006519,28.598000000000003,28.810666666666666,28.611510813728742,4.833846886608431,4.853883397351406,4.828915348328449,27.964999999999996,28.344727272727273,28.07726362529435,4.75619775899658,4.802953554314158,4.774216712025969,27.008499999999998,27.64033333333333,27.455168267360897,4.649850874282815,4.729723984960158,4.700097080377732,26.483999999999998,27.09015053763441,27.348568423820815,4.604583798824698,4.664770179806674,4.667094453131219,27.772333333333332,26.986267759562843,28.21178171643087,4.59011944302784,4.611338104024599,4.660463105190743,7.9513138116939315
2012-02-28,sz000901,28.78,28.48,28.84,28.13,44299,55541216.0,2.46,-1.35,-0.39,2.0,4.646393922625243,-0.19662071882172594,28.754,28.771333333333338,28.567673875819164,4.821063264253206,4.791399076023676,4.768074873094047,28.135,28.438363636363636,28.15048842069538,4.767803091573308,4.782989220428461,4.7509762048622,27.1615,27.78047619047619,27.552771289517004,4.662894725244126,4.729394751468961,4.694982493925115,26.557000000000002,27.218924731182796,27.421564009380763,4.605537034052025,4.667467607148645,4.665758935034059,27.704333333333334,27.009469945355193,28.220575758515103,4.5902616780243894,4.61318316892943,4.660001820516465,7.74461538381015
2012-02-29,sz000901,28.48,28.28,28.75,28.26,32475,40815340.0,1.72,-0.7,-0.2,1.46,4.511549159745066,-0.134844762880177,28.762,28.613333333333337,28.471782583879445,4.764059617093521,4.688227707854296,4.682566301977721,28.22,28.46472727272727,28.174035980568945,4.744258022691531,4.73639759645969,4.7074440148409025,27.326,27.887,27.62203116670586,4.674587139416939,4.714980888088099,4.677512652574634,26.618,27.330086021505377,27.47694697651749,4.60021531864828,4.6614038733223895,4.655809917273479,27.64933333333333,27.028344262295082,28.222524094301495,4.587567870177291,4.610602430625192,4.655134520163304,7.610823418610983
2012-03-01,sz000901,28.26,28.66,29.43,28.01,50170,63902704.0,5.02,1.34,0.38,2.26,4.700444101027752,0.1888949412826859,28.676,28.579333333333334,28.534521722586298,4.7066223334883865,4.6670225358323725,4.688525568327732,28.358999999999998,28.544727272727272,28.262393075010955,4.739730170248373,4.7284314288844564,4.706171303238511,27.489500000000003,28.014047619047616,27.7208853413053,4.690778671925438,4.717443455860557,4.679696600046359,26.694666666666667,27.46182795698925,27.55327297803249,4.605000749536546,4.667870246379129,4.65868954203182,27.59733333333333,27.06148087431694,28.23686756661948,4.590647572843468,4.614303290653075,4.656620080191646,7.805519235426525
2012-03-02,sz000901,28.69,29.36,29.38,28.66,54284,69635048.0,2.51,2.44,0.7,2.45,4.734671841823417,0.03422774079566526,28.730000000000008,28.807333333333336,28.809681148390865,4.687214733333689,4.6763723719440495,4.703907659492961,28.544999999999998,28.72672727272727,28.46195797046351,4.753008730552478,4.727511732807192,4.711353219344858,27.662,28.192190476190476,27.876991499276222,4.698323429384862,4.7216237577556015,4.68493233735846,26.845666666666663,27.633784946236556,27.669836011707815,4.609373450811515,4.676236123300863,4.663591625889342,27.535833333333336,27.119273224043713,28.273691580828675,4.5897103679092774,4.619025397832745,4.659179154343508,7.842827879292766
2012-03-05,sz000901,30.14,29.49,30.63,29.47,107988,143240784.0,3.95,0.44,0.13,4.87,5.033375497863488,0.2987036560400709,28.854000000000003,29.06066666666667,29.036454098927244,4.725286904616993,4.791759293453982,4.813730272283137,28.726,28.898545454545456,28.648874703106507,4.779566895612712,4.778487508681921,4.769902724530063,27.821999999999996,28.366285714285716,28.030611356488013,4.718373895683244,4.7535334785630905,4.718117400263701,27.037333333333333,27.804387096774192,27.787265946436346,4.631732154012984,4.70359109407841,4.687448649887675,27.493999999999996,27.18334426229508,28.31357054539167,4.592934140076786,4.633571795536162,4.671447886917933,8.156066689371016
2012-03-06,sz000901,29.74,29.34,29.87,28.78,68990,89300720.0,3.7,-0.51,-0.15,3.11,4.838786144946595,-0.19458935291689272,29.026,29.222666666666665,29.137636065951497,4.763765349081264,4.82959237356385,4.822082229837624,28.889999999999997,29.010181818181817,28.77453384799623,4.792414306667235,4.789254644924445,4.782426982787614,27.996,28.51085714285714,28.155315036822486,4.738172758288259,4.765001311826266,4.729609661662072,27.176333333333332,27.952946236559143,27.887442336988844,4.641898019677519,4.716949416074126,4.697212359246315,27.437,27.24386885245902,28.347223970132926,4.594089845915319,4.641632517007304,4.676934387181167,7.950854960464878
2012-03-07,sz000901,28.95,29.13,29.83,28.82,52975,68751208.0,3.44,-0.72,-0.21,2.39,4.7240709653828326,-0.11471517956376243,29.196000000000005,29.257333333333335,29.13509071063433,4.8062697102088165,4.81636091233104,4.7894118083526935,28.978999999999996,29.05381818181818,28.839164057451462,4.785164663651169,4.776828582872736,4.771816797804926,28.122499999999995,28.61885714285714,28.248142176172724,4.7407501713454065,4.7636582839305115,4.729082166778335,27.307666666666666,28.078989247311824,27.967607347505695,4.6452735709301125,4.72225089644221,4.698945172545446,27.389833333333332,27.299377049180325,28.37288875799742,4.597859646297959,4.64589419305542,4.67847984876155,7.83728033338412
2012-03-08,sz000901,29.29,29.36,29.58,29.02,45784,59134008.0,1.92,0.79,0.23,2.06,4.660713732900333,-0.0633572324824998,29.336000000000002,29.312,29.210060473756222,4.798323636583333,4.767842253228212,4.746512449868574,29.006,29.12309090909091,28.933861501551192,4.75247298503586,4.754201140918037,4.751616240549546,28.266000000000002,28.736714285714285,28.354033397489605,4.737147278366988,4.756035765983361,4.722570887361383,27.443666666666665,28.211397849462365,28.05743913153759,4.653645322209394,4.723247035924161,4.696478628052213,27.382333333333335,27.36397267759563,28.405253061013894,4.598958003913064,4.647954982780086,4.677897353159543,7.771837315719771
2012-03-09,sz000901,29.4,29.38,29.54,28.98,51013,65801080.0,1.91,0.07,0.02,2.3,4.707680864506185,0.046967131605851975,29.340000000000003,29.326666666666664,29.26670698250415,4.792925441119887,4.737627995869162,4.733568588081111,29.034999999999997,29.19109090909091,29.014977592178248,4.740070087226788,4.746057119003551,4.743627990359844,28.403499999999998,28.842809523809528,28.451744502490598,4.74032170554373,4.753229440853761,4.721152789946602,27.572,28.33632258064516,28.142765639180325,4.663424528088656,4.726733199943309,4.697201352984727,27.3625,27.42946994535519,28.437211977046225,4.602984662903,4.65151966673396,4.6788738617282855,7.818233021793154
2012-03-12,sz000901,29.54,29.72,29.78,29.36,53875,70352728.0,1.43,1.16,0.34,2.43,4.731387283168788,0.023706418662603035,29.386000000000003,29.45333333333333,29.41780465500277,4.732527798180946,4.717115276552129,4.73284148644367,29.120000000000005,29.315636363636365,29.143163484509472,4.72890735139897,4.7444784273566425,4.741402407234197,28.5425,28.96819047619048,28.572530740348636,4.742552555197774,4.75237854348472,4.722127503586811,27.712333333333333,28.474903225806454,28.24452269471708,4.676203033321533,4.731117893819447,4.69940689686757,27.343833333333333,27.506765027322402,28.479270600749626,4.606382552594288,4.655729588709887,4.680595613250925,7.84728094231627
2012-03-13,sz000901,29.63,29.81,29.85,29.36,44567,58289832.0,1.65,0.3,0.09,2.01,4.64901340080603,-0.08237388236275756,29.48,29.594666666666665,29.548536436668513,4.694573249352834,4.689277144093824,4.704898791231123,29.253000000000004,29.441090909090907,29.264406487325928,4.729169299217048,4.729952254521563,4.724604406065439,28.694,29.088904761904768,28.69038495555353,4.748486195395178,4.7434700525902675,4.715164255702927,27.858666666666668,28.61023655913978,28.345521230541785,4.684986249901767,4.729363723979738,4.696155703573277,27.322999999999997,27.58762295081967,28.522901072856193,4.6090079799238906,4.65712732143814,4.679560130875683,7.7655928036197
2012-03-14,sz000901,29.94,28.01,30.23,27.9,84545,109514960.0,7.82,-6.04,-1.8,3.81,4.927087928472864,0.27807452766683394,29.256000000000007,29.104666666666667,29.03569095777901,4.73517664197084,4.766782037133834,4.77896183697837,29.226,29.215090909090907,29.036332580539394,4.770723176089828,4.765937459840802,4.761419591957698,28.722999999999995,29.023761904761905,28.625586388357956,4.75749059939068,4.760479741454809,4.735347462633397,27.959333333333333,28.619999999999997,28.323874699539093,4.706632484974569,4.744983187113355,4.711054556792606,27.281166666666664,27.610147540983608,28.506084644237955,4.6199718449414755,4.667556172210238,4.687675796370672,8.039473448871783
2012-03-15,sz000901,28.01,27.66,28.69,27.23,48756,59950156.0,5.21,-1.25,-0.35,2.2,4.688028068374036,-0.23905986009882785,28.916000000000004,28.57266666666667,28.577127305186007,4.740639509065581,4.7510658459349,4.748650580776926,29.125999999999998,28.930363636363637,28.78609029316859,4.769481572824457,4.750901985710658,4.74807567857885,28.7425,28.922523809523803,28.533625779942913,4.754605871536414,4.7538642623103655,4.730840853656316,28.035000000000004,28.60068817204301,28.28104407376238,4.717012972225111,4.743782902171386,4.709568976894634,27.245333333333335,27.622568306010926,28.478344164099006,4.626992771689158,4.669787523798191,4.687687346272422,7.7777903175408065
2012-03-16,sz000901,27.66,28.1,28.19,27.5,37550,46103956.0,2.49,1.59,0.44,1.69,4.574609941340187,-0.11341812703384946,28.660000000000004,28.300666666666665,28.41808487012401,4.714025324432381,4.695722656693102,4.690637034298013,29.0,28.743818181818185,28.661346603501574,4.753475382776133,4.715470779986245,4.716536453626365,28.772499999999997,28.861333333333334,28.492328086615018,4.753242056664306,4.736721792767868,4.715961719150018,28.107999999999997,28.604881720430107,28.269363810939,4.71670741384862,4.734595609856229,4.700861942342734,27.241166666666665,27.650590163934428,28.465939437407236,4.627503251098714,4.668070053950683,4.683979890373004,7.663738192098063
2012-03-19,sz000901,28.13,28.44,28.55,27.9,36063,44876204.0,2.31,1.21,0.34,1.63,4.5570618518720245,-0.01754808946816233,28.404000000000007,28.227333333333338,28.42538991341601,4.679160238173028,4.643401499172982,4.646111973489351,28.895,28.642000000000003,28.621101766501287,4.705844018176988,4.679759228912771,4.687541071489212,28.8105,28.829666666666665,28.48734445931835,4.74270545689485,4.7180379637400325,4.700828398456875,28.179666666666666,28.626301075268817,28.280372597330036,4.714197269847825,4.72429589618032,4.691584517151076,27.258333333333333,27.68989617486339,28.46508896404962,4.630233002005005,4.665760499877678,4.679818643209037,7.6520161135873055
2012-03-20,sz000901,28.44,27.75,28.44,27.61,32051,39424032.0,2.92,-2.43,-0.69,1.45,4.5058415841733,-0.05122026769872434,27.992000000000008,28.009333333333334,28.20025994227734,4.650525874846482,4.5856286145064065,4.5993551770506675,28.736,28.433818181818186,28.462719627137417,4.672549562099658,4.643395150003009,4.654504801068137,28.813,28.728666666666665,28.417121177478506,4.732481934383446,4.695479499671314,4.6822582256679635,28.242666666666665,28.59858064516129,28.246155010405516,4.716298359558726,4.710853593878738,4.679601102120253,27.27333333333333,27.706016393442628,28.441643424244713,4.628959607936639,4.661682092735654,4.674114477339013,7.595761038659925
2012-03-21,sz000901,27.7,27.83,28.04,27.39,26831,32785562.0,2.34,0.29,0.08,1.21,4.428636859268609,-0.07720472490469099,27.956000000000007,27.955333333333332,28.076839961518232,4.550835661005631,4.511665609313782,4.542449071123315,28.606,28.26909090909091,28.347679694930612,4.643006151488235,4.599047385851909,4.613437902559132,28.7925,28.635047619047622,28.361204874861507,4.714085407569702,4.6665418734699005,4.658103809820406,28.283666666666665,28.571956989247315,28.219306300056775,4.708168831393016,4.692294787408407,4.663409860645953,27.250500000000002,27.72426775956284,28.42158954148259,4.622661683033218,4.6551141337629325,4.666066030844901,7.5156826326085096
2012-03-22,sz000901,27.83,27.5,27.88,27.39,27852,33836993.0,1.76,-1.19,-0.33,1.26,4.444856386503543,0.016219527234933473,27.924,27.803333333333335,27.884559974345493,4.502201324631533,4.476339184479753,4.509918176250058,28.419999999999998,28.068,28.193556114034134,4.621420416848556,4.563020155854693,4.582786717821751,28.713,28.511952380952383,28.279185362969937,4.686946700942208,4.640901014320741,4.637794531409276,28.317333333333334,28.521397849462364,28.172899441988598,4.698571657860844,4.67530688773812,4.649309636507733,27.23966666666667,27.732448087431695,28.391373490942176,4.619654939621262,4.6492844519095,4.658813255620594,7.529391761532108
2012-03-23,sz000901,27.45,26.69,27.45,26.69,33850,40298498.0,2.76,-2.95,-0.81,1.53,4.529558673021163,0.08470228651762035,27.642000000000003,27.392,27.486373316230328,4.493191070967727,4.485458300609628,4.516465008507094,28.151,27.753454545454545,27.920182275118833,4.603608197700054,4.546318020613349,4.573108891494371,28.593,28.319285714285712,28.127834376020417,4.671839142463421,4.625911678328262,4.627486354419932,28.31933333333333,28.41640860215054,28.0772285102474,4.694750536262505,4.664402824200074,4.641583767895697,27.230666666666664,27.7144262295082,28.335590753534238,4.6197377370159565,4.6463304759553985,4.6545754004534,7.60528885947937
2012-03-26,sz000901,26.67,26.78,26.98,26.56,15877,18725481.0,1.57,0.34,0.09,0.72,4.200768444783171,-0.32879022823799176,27.310000000000002,27.10466666666667,27.250915544153553,4.421932389549957,4.387984091881444,4.411232820599119,27.857,27.50418181818182,27.712876406915406,4.550546313861493,4.4730744291739155,4.505410628455971,28.4885,28.146619047619048,27.999469197351804,4.639726832630232,4.581047802358714,4.586846553502145,28.314,28.317096774193548,27.993536348295958,4.678550474752346,4.6325330118465695,4.613144069630373,27.219499999999996,27.699650273224044,28.284587778008525,4.612449382169271,4.632593777849405,4.639696483874048,7.272432982203965
2012-03-27,sz000901,27.01,27.01,27.54,26.83,43464,51863519.0,2.65,0.86,0.23,1.96,4.6381296920256645,0.43736124724249326,27.162,27.004666666666665,27.17061036276904,4.44839001112043,4.460049859373346,4.486865111074635,27.576999999999998,27.350181818181824,27.585080696567147,4.549457942983457,4.488998679749218,4.529541367286824,28.415,28.00580952380952,27.90523403569925,4.639313621100252,4.580895693729707,4.5917306619329565,28.32166666666667,28.232967741935482,27.930082390341383,4.682143444591271,4.62992521941259,4.614756045268779,27.202833333333334,27.692781420765023,28.24279801479513,4.614002820668724,4.633435755221747,4.639645113649511,7.714861980818076
2012-03-28,sz000901,26.96,25.33,26.96,25.24,39942,45505544.0,6.37,-6.22,-1.68,1.8,4.601429807335315,-0.036699884690349904,26.662,26.394,26.55707357517936,4.4829486007337715,4.511063124778307,4.525053343161528,27.309000000000005,26.941636363636363,27.175066024464027,4.516892130869701,4.498448109631376,4.542611992750186,28.267500000000002,27.712000000000003,27.65997365134694,4.643807653479765,4.577287711466379,4.592654390066515,28.251666666666665,28.03995698924731,27.762335139351617,4.6772911098836865,4.624717887976722,4.613896287982749,27.160000000000004,27.631377049180326,28.147296440539552,4.6165569754430775,4.633023525276389,4.63839215278675,7.6580643105457575
2012-03-29,sz000901,25.21,24.45,25.24,24.32,32142,35092215.0,3.63,-3.47,-0.88,1.45,4.507072896756503,-0.09435691057881179,26.052000000000003,25.65666666666667,25.85471571678624,4.495391902784364,4.519104556785885,4.51905986102652,26.988,26.421818181818182,26.679599474561474,4.498796613707948,4.496662794338065,4.536150338933153,28.057,27.34842857142857,27.354261875028186,4.634139093266202,4.564265353683211,4.5845037716560375,28.157666666666668,27.794688172043013,27.548636098103128,4.669336118926926,4.613736067774968,4.607004456290733,27.115833333333335,27.542524590163936,28.026073606423502,4.617407659857433,4.629433883352239,4.634086603408709,7.545210781493193
2012-04-05,sz000901,24.56,25.33,25.44,24.56,29372,32317361.0,3.6,3.6,0.88,1.32,4.467933519535777,-0.03913937722072536,25.78,25.416,25.679810477857494,4.483066872087287,4.50995176236969,4.502017747196272,26.711000000000002,26.120363636363635,26.43421775191393,4.488128971527507,4.4910513226703985,4.523747280860903,27.855499999999996,27.088714285714286,27.161475029787407,4.620802177151821,4.548436251423172,4.57340184288268,28.08533333333333,27.61225806451613,27.40549828532228,4.664871028285374,4.600742351685216,4.598032137790414,27.072166666666664,27.48397267759563,27.937677750475192,4.616827078310934,4.624533091866282,4.628638961314514,7.509435889542795
2012-04-06,sz000901,25.21,25.55,25.66,25.08,22196,24850784.0,2.29,0.87,0.22,1.0,4.346274716142128,-0.12165880339364943,25.534000000000002,25.339333333333332,25.636540318571665,4.512168126359077,4.464354377054637,4.450103403511558,26.422000000000004,25.90927272727273,26.273450887929577,4.467050257954517,4.465259639873057,4.491479541821125,27.658500000000004,26.869142857142858,27.008001217426703,4.586447138065752,4.522290778946059,4.551770687955008,28.014333333333337,27.44868817204301,27.285788718527296,4.650820390581406,4.580187750901781,4.581789723490525,27.028833333333335,27.434065573770493,27.859393234066168,4.612651740965074,4.615662522614846,4.619381117210501,7.3953400945382795
2012-04-09,sz000901,25.46,25.64,26.04,25.33,28609,32329280.0,2.78,0.35,0.09,1.29,4.45650267772585,0.11022796158372206,25.26,25.374666666666663,25.637693545714445,4.475842723499115,4.445799227510228,4.452236494916322,26.211000000000002,25.76709090909091,26.15827799921511,4.462116367309773,4.4633418980133,4.48512011198562,27.4735,26.676904761904762,26.87771538719559,4.567332964704716,4.509915116056543,4.5426975441236594,27.945666666666668,27.295505376344085,27.17960880120296,4.642360078692221,4.567651124265939,4.573706688279901,26.981,27.38853005464481,27.78662624278531,4.6070323741533885,4.610542881197167,4.614040840506085,7.5095960326193225
2012-04-10,sz000901,25.66,26.47,26.47,25.55,49065,56165949.0,3.59,3.24,0.83,2.21,4.690771803180663,0.23426912545481304,25.488000000000003,25.778,25.9151290304763,4.493711122668184,4.517442254070744,4.53174826433777,26.075,25.81418181818182,26.21495472663054,4.4883298617009775,4.5049156136261885,4.522511328566536,27.340500000000002,26.58133333333333,26.838885350319817,4.565668006594607,4.521671195911396,4.55679985451004,27.886666666666667,27.200301075268815,27.133827588222125,4.638833558946795,4.57077446132971,4.581259276338015,26.970166666666668,27.371775956284154,27.74345816925136,4.608222145108238,4.613288436247242,4.616556609774104,7.749473101277053
2012-04-11,sz000901,26.0,26.92,26.92,25.91,44591,52168751.0,3.82,1.7,0.45,2.01,4.6492472119686274,-0.041524591212035666,25.982000000000006,26.255333333333336,26.250086020317536,4.52214598571061,4.569287617170891,4.570914580214723,26.017000000000003,25.96781818181818,26.34314477633408,4.508768944247486,4.534173313674852,4.545554216457825,27.2185,26.541285714285713,26.846610555051264,4.565094680548022,4.5296311202327315,4.565604364744192,27.81433333333333,27.137935483870965,27.120032259949735,4.627554115377301,4.571446309911763,4.585645594765796,27.01133333333333,27.37013114754098,27.716459540751316,4.606731243633804,4.614633520406599,4.6176284327968755,7.717410439170119
2012-04-12,sz000901,26.74,27.23,27.27,26.58,48173,57227438.0,2.56,1.15,0.31,2.17,4.682803693083709,0.033556481115081915,26.362000000000002,26.671333333333337,26.576724013545025,4.565120020420196,4.622840186295258,4.608210951171052,26.070999999999998,26.18836363636364,26.504391180636972,4.524093446253741,4.565815995281438,4.57050866675344,27.111,26.542380952380952,26.88312383552257,4.563850821976898,4.540841502378987,4.576766205538432,27.752333333333336,27.100236559139784,27.127126952856205,4.622590577060194,4.575010798796048,4.591913859173404,27.058333333333334,27.37730054644809,27.700510047611928,4.608036191030735,4.617127699077088,4.619765326576772,7.757604303529068
2012-04-13,sz000901,27.07,26.78,27.23,26.69,39449,46797951.0,1.98,-1.65,-0.45,1.78,4.596035998673795,-0.0867676944099145,26.608000000000004,26.810666666666666,26.644482675696686,4.615072276926529,4.633145512379792,4.6041526336719665,26.070999999999998,26.317272727272723,26.554501875066613,4.563620201642803,4.5788964593578125,4.575149999829868,26.964,26.510857142857144,26.873302517853755,4.557083257752148,4.543906757302501,4.578601423932276,27.682666666666666,27.037505376344086,27.10473166557516,4.614357955634422,4.5732976001904735,4.5921798036573005,27.083333333333332,27.368174863387978,27.670329390313174,4.60947087722956,4.616734250147352,4.618987315825854,7.6702268383545915
2012-04-16,sz000901,26.56,26.47,26.67,26.22,28593,33327147.0,1.68,-1.16,-0.31,1.29,4.456259724266472,-0.139776274407323,26.774,26.764666666666667,26.586321783797793,4.615023686234653,4.580207994826439,4.554854997203469,26.017000000000003,26.389818181818182,26.53913789778177,4.5454332048668835,4.559376372562116,4.553533586091069,26.796999999999997,26.463809523809516,26.834892754248635,4.54744557392517,4.534304516018151,4.5669498334879135,27.615666666666666,26.959268817204304,27.063781235538052,4.6080201490224635,4.5630977142957665,4.583410766277248,27.086333333333336,27.348065573770487,27.63097432833569,4.606778591537244,4.6117109336567585,4.613651984955054,7.522798137087173
2012-04-17,sz000901,26.38,26.49,26.76,26.29,21572,25211607.0,1.78,0.08,0.02,0.97,4.3338904116161245,-0.12236931265034734,26.778000000000002,26.67,26.55421452253186,4.543647407921745,4.4864969032869295,4.481200135341021,26.133000000000003,26.475818181818184,26.53020373454872,4.518679265294965,4.5209140465165225,4.51359846345926,26.720999999999997,26.434571428571434,26.80204582527257,4.517785698082333,4.513965929131575,4.544753698071553,27.556,26.88664516129032,27.02676309130979,4.602098190751499,4.545411924785681,4.567312678879755,27.087,27.328513661202187,27.59356533396403,4.601156754699889,4.602763780216722,4.604479474353778,7.4016005286986335
2012-04-18,sz000901,26.6,27.16,27.32,26.6,47571,56819270.0,2.72,2.53,0.67,2.15,4.677342280911539,0.34345186929541427,26.826000000000004,26.79733333333333,26.756143015021244,4.549266421710327,4.531061860950194,4.546580850531194,26.404000000000003,26.662545454545455,26.644712146448953,4.535706203710469,4.549761867537717,4.543370066632401,26.696000000000005,26.476380952380953,26.836136699056137,4.517251408709209,4.529161794162928,4.557381182151551,27.505999999999997,26.861096774193545,27.03535902090271,4.601328130080958,4.55026638221536,4.574411362881807,27.10033333333333,27.33090710382514,27.57935007711275,4.603164439808753,4.605261666322022,4.606868418831081,7.754495649714119
2012-04-19,sz000901,27.01,27.41,27.45,26.85,39896,47857594.0,2.21,0.92,0.25,1.8,4.600929355210306,-0.07641292570123248,26.862000000000002,26.992,26.9740953433475,4.532891554135647,4.54828283878352,4.564697018757565,26.612000000000002,26.845454545454544,26.783855392549142,4.549005787277921,4.5616206223558695,4.553835391828383,26.6615,26.544380952380948,26.890790346765076,4.518567379402714,4.537131122401128,4.5615286272047655,27.440999999999995,26.854903225806453,27.059529406650924,4.596870047193854,4.550240654804352,4.576122201096549,27.14333333333333,27.341060109289618,27.57379761556807,4.603121749002684,4.605188384859778,4.606673695433678,7.679950861039035
2012-04-20,sz000901,27.27,27.48,27.59,27.23,32729,39577521.0,1.31,0.26,0.07,1.48,4.514932736101877,-0.08599661910842915,27.002000000000002,27.198,27.142730228898337,4.516670901621263,4.5422965661055965,4.548108924539003,26.805,27.00327272727273,26.910427139358386,4.565871589273896,4.555425522142044,4.546762181696291,26.6135,26.622333333333337,26.94690555183507,4.516460923614207,4.536784965896286,4.557090923290205,27.374000000000002,26.857419354838704,27.086656541705704,4.5795886218018005,4.544954376669384,4.572174493677538,27.205666666666666,27.35209836065574,27.5707222839101,4.605660387907393,4.60229694181385,4.603665795127718,7.597448588007373
2012-04-23,sz000901,27.41,28.31,28.57,27.34,78576,97182952.0,4.48,3.02,0.83,3.54,4.895289916787529,0.3803571806856514,27.370000000000005,27.634,27.53182015259889,4.604476940125475,4.668502904494352,4.663835921955178,27.072000000000003,27.276909090909086,27.164894932202316,4.609750313180064,4.615319763508158,4.610130860803789,26.6415,26.78390476190476,27.07672407070792,4.5359333402449185,4.572863917627079,4.589300351242331,27.33966666666667,26.9178064516129,27.16558192611179,4.581472080863165,4.565322202152335,4.593020650007215,27.258,27.38830601092896,27.594960897552394,4.611685050270342,4.611792991941067,4.613227241739515,7.987590086925372
2012-04-24,sz000901,27.68,26.96,27.92,26.29,65377,78364296.0,5.76,-4.77,-1.35,2.95,4.815424987927764,-0.07986492885976482,27.464000000000006,27.497333333333337,27.34121343506593,4.700783855387803,4.738818920428447,4.714365610612707,27.121,27.256545454545456,27.12764130816553,4.6222156316547744,4.652715158916831,4.64745706573542,26.598000000000003,26.814238095238093,27.06560749254526,4.555272746677876,4.59948216978735,4.610836030926658,27.267333333333333,26.89331182795699,27.152318576040063,4.584517214947995,4.580415938091986,4.607369316969831,27.2875,27.378535519125684,27.574142507468707,4.6148953929390535,4.618472989897048,4.619856676040769,7.894118236382843
2012-04-26,sz000901,27.34,27.59,28.48,26.96,62471,76118092.0,5.64,2.34,0.63,2.82,4.795678457939073,-0.019746529988690753,27.550000000000004,27.53933333333333,27.424142290043957,4.72445109079331,4.770450454612204,4.741469893054829,27.188,27.341818181818184,27.211706524862702,4.636858756251819,4.6842538546048855,4.674406409772447,26.602500000000003,26.908714285714286,27.115549636112377,4.572813850249653,4.622377951812226,4.628440071594507,27.208333333333332,26.914129032258064,27.180556087263287,4.589016039115955,4.594039244091412,4.619518293806557,27.326,27.38845355191257,27.574662425256616,4.621330680662675,4.624400303503607,4.625621324627598,7.881487893589539
2012-04-27,sz000901,27.57,27.01,27.63,26.63,38610,45989012.0,3.62,-2.1,-0.58,1.74,4.586699801624049,-0.20897865631502377,27.470000000000006,27.359333333333332,27.28609486002931,4.721605180076058,4.724533358222451,4.689879862577902,27.166000000000004,27.309454545454546,27.1750326112513,4.627248367105852,4.675134044672563,4.658459753745466,26.6185,26.947523809523812,27.10549728981596,4.575670906679798,4.623700423371692,4.624464807787796,27.12933333333333,26.90133333333333,27.169552468730174,4.5849833370198825,4.593889809414513,4.617400971730266,27.350666666666665,27.378092896174863,27.55614890311705,4.62420393255427,4.623264864846601,4.624345209119285,7.6626540795553995
2012-05-02,sz000901,27.43,27.68,27.83,27.05,44732,54128924.0,2.89,2.48,0.67,2.02,4.650618316226444,0.06391851460239462,27.51,27.429333333333336,27.417396573352875,4.748742296100971,4.700871070272579,4.67679268046075,27.256,27.402909090909088,27.26684486375106,4.632706598861118,4.679383126330853,4.657034037832916,26.6635,27.048619047619052,27.16021183364301,4.598163400251961,4.630838271899945,4.626955618115287,27.061333333333334,26.936860215053766,27.202484567521775,4.582291038121805,4.598124324202034,4.619544026213891,27.386833333333335,27.388890710382512,27.560209594818133,4.6292470357216695,4.624130910212903,4.625206622467061,7.733429394068576
2012-05-03,sz000901,27.66,27.52,27.77,27.01,49254,59420660.0,2.75,-0.58,-0.16,2.22,4.692441506049593,0.04182318982314914,27.352000000000004,27.432666666666666,27.451597715568585,4.708172613953384,4.682104140255453,4.6820089556570315,27.361,27.45090909090909,27.312873070341777,4.65632477703943,4.69024401854694,4.663471759326857,26.689,27.13019047619047,27.19447737329606,4.6008789909531576,4.639817139118768,4.6331923693471255,26.985000000000003,26.966451612903224,27.222969434133276,4.583738641629923,4.605230806003827,4.6242470894290975,27.421833333333336,27.393256830601096,27.558891247447047,4.634362445765845,4.6262028600597205,4.6274110448796035,7.7739374713109
2012-05-04,sz000901,27.45,27.68,27.75,27.14,50283,61010369.0,2.22,0.58,0.16,2.27,4.701421180799489,0.008979674749896027,27.496000000000002,27.541999999999998,27.52773181037906,4.685371852527729,4.679853662537488,4.688479697371184,27.48,27.508909090909093,27.379623421188725,4.6930778539577656,4.698443364685133,4.670371654140062,26.8065,27.224571428571434,27.240717623458337,4.605878559626365,4.649392585770798,4.639690351390208,26.974,27.011290322580646,27.25245527709242,4.576216416707478,4.612823227885734,4.629226063065897,27.466666666666665,27.40172131147541,27.562862026219275,4.641424450841024,4.628401507110003,4.629837606713043,7.7854036516794745
2012-05-07,sz000901,27.5,27.75,27.81,27.19,42022,50755341.0,2.24,0.25,0.07,1.89,4.623476718424375,-0.07794446237511377,27.528000000000002,27.626666666666665,27.601821206919375,4.650931504624791,4.659221951169703,4.666812037722248,27.538999999999998,27.558,27.446964617336228,4.6876912977090495,4.685788612769971,4.661845302191756,26.971500000000002,27.31442857142857,27.289220706938494,4.611698750709759,4.651068600894418,4.638146195869653,26.976999999999997,27.061354838709676,27.284554936634844,4.574064705042488,4.615872279609405,4.628855137605154,27.505999999999997,27.411010928961755,27.568997697490772,4.645538838633799,4.6278130568668345,4.629629052998659,7.705481749930653
2012-05-08,sz000901,27.86,27.92,28.44,27.86,79145,98147145.0,2.09,0.61,0.17,3.57,4.898423483430849,0.2749467650064741,27.71,27.757333333333335,27.70788080461292,4.71327624098615,4.74171927743839,4.744015852958448,27.590000000000003,27.627272727272732,27.532971050547822,4.717440710531104,4.72410355562848,4.704859516962499,27.101,27.404761904761905,27.349294925325303,4.633223248904513,4.678375718296427,4.662934508970719,26.971000000000004,27.1221935483871,27.32555139233582,4.584858489778844,4.636798652408654,4.646246643787457,27.539499999999997,27.42458469945355,27.580505969704188,4.650782951813732,4.636104356696246,4.638441985143976,7.991877670937762
2012-05-09,sz000901,27.95,28.78,29.11,27.95,156592,197456342.0,4.15,3.08,0.86,7.06,5.194769570974779,0.2963460875439301,27.93,28.114,28.065253869741948,4.822106491935818,4.902217054101266,4.894267092297225,27.72,27.84363636363636,27.759703586811852,4.785424394018395,4.810890621163693,4.793934072237459,27.2625,27.564666666666668,27.4855525514848,4.675647991646145,4.731856320398357,4.71358546725682,26.982333333333333,27.238903225806457,27.419386786378674,4.606115413748936,4.676147754421295,4.681635219735027,27.581,27.465256830601096,27.619833642828638,4.660156341798381,4.653939983553985,4.6566822338597404,8.29547108718055
2012-05-10,sz000901,28.78,28.71,28.93,27.92,98804,124056701.0,3.51,-0.24,-0.07,4.46,4.994774527004258,-0.1999950439705218,28.168,28.374000000000002,28.280169246494633,4.88257309612675,4.959773065790746,4.927769570532903,27.759999999999998,28.02363636363636,27.932484752846058,4.795372855040067,4.848954281706577,4.830450518558695,27.416000000000004,27.702523809523807,27.602166594200536,4.702561584110066,4.762249323765796,4.740365377708957,27.014333333333333,27.35036559139785,27.502652154999407,4.622413178509968,4.701222535921639,4.7018377556878805,27.6285,27.502273224043712,27.65557680208016,4.669355769034346,4.664911071593524,4.667767227077593,8.093620227928852
2012-05-11,sz000901,28.8,27.57,28.8,27.54,63144,78169818.0,4.39,-3.97,-1.14,2.85,4.800332089797309,-0.19444243720694843,28.146000000000004,28.174666666666667,28.043446164329758,4.902355277926314,4.932359397014266,4.8852904102877055,27.821000000000005,27.98909090909091,27.86657843414677,4.793863565227022,4.849855960753349,4.8249744406020785,27.471000000000004,27.71719047619047,27.59910310903858,4.708039598440898,4.771560800497914,4.746076493145943,27.005666666666666,27.386215053763443,27.50699717725751,4.634803019527591,4.712701175359531,4.708192228856231,27.644666666666662,27.500355191256826,27.652771005290646,4.671485925460304,4.669205377192307,4.672113616019223,7.893039100805939
2012-05-14,sz000901,27.77,27.07,27.79,27.01,42113,50831999.0,2.83,-1.81,-0.5,1.9,4.624416180319289,-0.17591590947801983,28.01,27.816,27.718964109553173,4.902543170305297,4.839713031145258,4.798332333631567,27.769,27.852545454545456,27.72174599157463,4.776737337465044,4.819047345315578,4.788509302368844,27.478499999999997,27.678999999999995,27.54871233674919,4.706798046858431,4.7635966654387145,4.734489796686262,26.991333333333333,27.39036559139785,27.478803810982832,4.640788345988116,4.712031056700932,4.7027873224990095,27.654333333333337,27.481513661202182,27.63366375921554,4.66968000192448,4.667662106859816,4.670549765668405,7.70613718893935
2012-05-15,sz000901,26.85,26.74,26.85,26.45,31879,37402597.0,1.48,-1.22,-0.33,1.44,4.503504689722399,-0.12091149059689066,27.774,27.39266666666667,27.39264273970212,4.823559411563607,4.706700204284291,4.700056452328511,27.742,27.665454545454544,27.543246720379237,4.768417826274879,4.7693686820896435,4.736690281887672,27.454,27.608666666666668,27.471692114201648,4.697833096690365,4.74423539333052,4.712491215070656,26.993,27.37415053763441,27.431139048983944,4.639919879878158,4.703174046619272,4.6899303784489055,27.656166666666664,27.45153551912568,27.60436330809372,4.667335208070331,4.662213735967945,4.665072877932471,7.572901757912051
2012-05-16,sz000901,26.8,26.38,26.98,26.38,27548,32283656.0,2.24,-1.35,-0.36,1.24,4.440090074313282,-0.06341461540911641,27.294000000000004,26.927999999999997,27.055095159801414,4.672623512231307,4.578877091867516,4.613400992990101,27.612000000000002,27.41781818181818,27.33174731667392,4.747365002083563,4.709672727187535,4.6827629714196,27.433999999999997,27.506380952380955,27.367721436658634,4.69003580047234,4.719688438818417,4.68654824928424,26.97966666666667,27.33460215053763,27.363323626468855,4.647897267529161,4.6902818010989575,4.673811649149833,27.646833333333333,27.409693989071034,27.56422024881196,4.6632238711407545,4.6547630758447625,4.657696392567908,7.508982711016496
2012-05-17,sz000901,26.38,26.69,26.74,26.22,22494,26185503.0,1.97,1.18,0.31,1.01,4.352066690805194,-0.08802338350808814,26.890000000000004,26.726666666666667,26.933396773200947,4.544081944991495,4.472024818058812,4.5262895589284655,27.529000000000003,27.250181818181822,27.215065986369567,4.7133275205591225,4.637800306955104,4.622636374944253,27.445000000000004,27.43552380952381,27.30317653792924,4.684826148799276,4.687500904564404,4.654692862762426,26.969,27.315913978494624,27.319883392503126,4.638361834155146,4.6711959574393465,4.653053909901792,27.645333333333333,27.37832240437158,27.535557289834518,4.660252639373208,4.644561201079662,4.647675746608474,7.418060920724664
2012-05-18,sz000901,26.51,26.4,26.74,26.22,23336,27082439.0,1.95,-1.09,-0.29,1.05,4.368026416113676,0.01595972530848222,26.656000000000006,26.563333333333333,26.755597848800633,4.4576208102547685,4.413339641766206,4.473535177990202,27.401,27.04490909090909,27.06687217066601,4.679988044090541,4.575018287965023,4.576343655156876,27.440500000000004,27.336,27.21715972479312,4.686532949024153,4.657329501451489,4.627391296414926,27.004666666666665,27.279204301075268,27.260536076857765,4.6305817211144245,4.653754962726994,4.634665039334817,27.628166666666665,27.337491803278688,27.498325903282566,4.6539364154990555,4.634980013431808,4.6385069161004475,7.432687773622525
2012-05-21,sz000901,26.42,26.07,26.54,25.84,27384,31390283.0,2.65,-1.25,-0.33,1.23,4.4374968861298205,0.06947047001614415,26.456,26.368,26.527065232533758,4.420236951416874,4.406631667057891,4.461522414036741,27.232999999999997,26.802909090909093,26.885622685090368,4.661390060861086,4.53092898651762,4.551098788061047,27.385999999999996,27.20547619047619,27.107906417669966,4.674540679285068,4.633611781175839,4.609306114483011,27.058666666666667,27.218903225806454,27.183727297705655,4.6282625207602015,4.641297876598955,4.6219445133215915,27.608166666666666,27.2864043715847,27.45149554579789,4.6487993198435635,4.627883635419702,4.631916423314525,7.496795231112095
2012-05-23,sz000901,26.31,26.33,26.69,26.13,25958,30044186.0,2.15,1.0,0.26,1.17,4.41427122809658,-0.023225658033240393,26.374000000000002,26.326,26.46137682168917,4.402390259091711,4.404643092617793,4.445772018723354,27.074,26.63872727272727,26.7846003787103,4.612974835327659,4.485998289651346,4.52622104988569,27.332,27.104904761904756,27.03382009217759,4.6652077729293815,4.608824214395982,4.5907313633985884,27.092,27.17189247311828,27.128648117208517,4.626473777712229,4.627491986749688,4.608546236855462,27.588666666666665,27.244497267759563,27.414725200034024,4.645672402998801,4.620194189788654,4.624780515274592,7.477760441982235
2012-05-24,sz000901,26.2,26.27,26.51,26.09,19126,22034916.0,1.6,-0.23,-0.06,0.86,4.281624151440202,-0.13264707665637854,26.352000000000004,26.291333333333334,26.397584547792782,4.3706970745170945,4.364387723400623,4.391056062962304,26.823,26.492545454545457,26.691036673490245,4.521660293374201,4.425752710762717,4.481748886531965,27.271499999999996,27.0037619047619,26.961075321494008,4.653542343696297,4.572292440920821,4.561292581307314,27.116,27.11886021505376,27.073251464485388,4.624318758888831,4.605243623764396,4.587454489409316,27.565166666666666,27.201262295081968,27.377193226262413,4.637569574735118,4.608258181540831,4.613529486952153,7.3431113992613675
2012-05-25,sz000901,26.2,25.82,26.33,25.73,17474,19966156.0,2.28,-1.71,-0.45,0.79,4.242392331375743,-0.03923182006445902,26.178000000000004,26.113999999999994,26.20505636519519,4.348762202631204,4.321619475686839,4.341501485766783,26.534,26.31018181818182,26.532666369219292,4.44642207381135,4.374976717672089,4.4382295128671965,27.147000000000002,26.865523809523808,26.852401481351723,4.620897464425708,4.533135296890293,4.530921128932879,27.122,27.035247311827955,26.992396531292783,4.617181747343827,4.580603209086133,4.565192414697473,27.533833333333334,27.14404371584699,27.326137710647252,4.629770913018024,4.595301550611015,4.601361055621779,7.300294460029336
2012-05-28,sz000901,25.73,26.11,26.13,25.44,21398,24187912.0,2.67,1.12,0.29,0.96,4.330373183183088,0.0879808518073455,26.120000000000005,26.091333333333335,26.173370910130128,4.341231556045086,4.315489802537466,4.337792051572219,26.387999999999998,26.23309090909091,26.455817938452146,4.399426183149927,4.35387691937604,4.418619271106449,27.1045,26.766761904761903,26.781696578365846,4.596644874188475,4.50546631772433,4.511821324575756,27.11,26.969956989247308,26.93546772282228,4.6051684600105744,4.562099430753182,4.550042786857836,27.498333333333335,27.097360655737702,27.286264343085048,4.6220010094786845,4.585485231600033,4.592476207345101,7.383598379894879
2012-05-29,sz000901,26.11,26.58,26.67,26.04,27238,31631847.0,2.41,1.8,0.47,1.23,4.435175215544276,0.10480203236118779,26.222,26.244666666666664,26.308913940086754,4.340767221927978,4.346804355703863,4.370253106229571,26.339,26.268,26.478396495097208,4.380502086672426,4.36037674344774,4.421629442822417,27.053999999999995,26.716809523809527,26.76248738042624,4.578619712068734,4.49008825499631,4.504521695144186,27.098666666666666,26.93576344086021,26.912534321349877,4.59803272679643,4.551132124658582,4.542631975805349,27.4565,27.067251366120217,27.263108135115043,4.612793421086866,4.579359795733332,4.5873187977778604,7.500124551336807
2012-05-30,sz000901,26.56,26.94,26.96,26.47,32476,38101283.0,1.84,1.35,0.36,1.46,4.511562532733378,0.07638731718910208,26.344,26.483999999999998,26.51927596005784,4.360225482855337,4.40373612597233,4.417356248397507,26.358999999999998,26.37727272727273,26.562324405079533,4.381307870973524,4.384205915458822,4.437980913715319,27.0505,26.705952380952386,26.77939334419517,4.574862848624202,4.4837018569643705,4.505192251105062,27.089,26.925526881720433,26.91430630061763,4.592324688118085,4.545553402460967,4.540627495607157,27.420666666666666,27.050316939890706,27.25251442576701,4.60745763258914,4.576040750213546,4.584834985809189,7.580939600096585
2012-05-31,sz000901,26.69,26.74,26.96,26.58,25055,29415926.0,1.41,-0.74,-0.2,1.13,4.398894407078496,-0.11266812565488227,26.438,26.615999999999996,26.592850640038563,4.383679533982996,4.416625767380049,4.41120230129117,26.395,26.446545454545454,26.594629058701436,4.377188304250045,4.387403467477909,4.430874276144987,27.003500000000003,26.67638095238095,26.775641597128963,4.562276653166803,4.466942957769542,4.495068646912055,27.087666666666667,26.90301075268817,26.903060732835847,4.585753301731574,4.5330740294906695,4.531483425379502,27.38516666666667,27.028,27.235710674102517,4.600055628682998,4.569202611672213,4.57873857339179,7.468582524331839
2012-06-01,sz000901,26.74,26.85,26.92,26.51,23943,28136422.0,1.53,0.41,0.11,1.08,4.379178565528129,-0.019715841550366875,26.644000000000005,26.753333333333334,26.678567093359042,4.411036780813474,4.4151254445617605,4.40052772270349,26.411,26.52927272727273,26.641060138937537,4.379899491722338,4.3877653331648325,4.421475056032831,26.97,26.661761904761903,26.782723349783346,4.546613506140731,4.449505044661097,4.484031496304063,27.10033333333333,26.88767741935484,26.899637459749663,4.58318392977363,4.519746627154965,4.521657305389091,27.358,27.010453551912562,27.223064422492595,4.595602039398046,4.561960740749103,4.572195622314293,7.4492688690598445
2012-06-04,sz000901,26.47,26.96,27.88,26.36,97838,117307051.0,5.66,0.41,0.11,4.41,4.990507566290682,0.6113290007625531,26.814000000000004,26.85866666666667,26.772378062239362,4.543063657434992,4.608282373054163,4.597187670565887,26.467000000000002,26.62909090909091,26.699049204585258,4.44214760674004,4.49878498308635,4.524935512443349,26.934000000000005,26.660809523809522,26.79960684028017,4.56106782541529,4.491780669437284,4.532267312493264,27.116,26.878623655913973,26.90353181718517,4.605071168262782,4.546025571446387,4.551905709318226,27.336000000000002,26.9974043715847,27.21443935946005,4.60358467950714,4.574908462942303,4.585910768018437,8.069324117131382
2012-06-05,sz000901,27.03,27.77,27.95,26.47,107448,129409216.0,5.49,3.0,0.81,4.85,5.031198336095051,0.04069076980436925,27.052000000000003,27.17733333333334,27.104918708159573,4.662268281545147,4.7709939326075155,4.741857892408942,26.637,26.866000000000003,26.893767531024302,4.5015177517365625,4.605885115696352,4.61698329856184,26.935000000000002,26.740428571428566,26.892025236443963,4.581453906298824,4.536555003787737,4.5797845528362915,27.136333333333333,26.920817204301077,26.95943299027,4.616866370102232,4.573517646790404,4.582827814271569,27.321166666666667,27.01163387978142,27.232654462428574,4.609097250091595,4.588928582830431,4.6005103604143915,8.11196520612729
2012-06-06,sz000901,27.57,27.79,28.42,27.39,95218,116687225.0,3.71,0.07,0.02,4.29,4.978719055125408,-0.05247928096964305,27.222,27.423333333333332,27.33327913877305,4.755699586023553,4.876477523800937,4.820811613314431,26.782999999999998,27.07563636363636,27.056718889019884,4.557962534439445,4.692648989039778,4.682753436118853,26.928500000000003,26.821857142857144,26.977546642496918,4.585468684883552,4.574389779866459,4.6177783149590645,27.149,26.962989247311828,27.01301795863968,4.6294593600994025,4.596862981308028,4.608369184649236,27.294999999999998,27.027005464480872,27.250928086611243,4.613164703646628,4.601047330536458,4.612910645486884,8.06702331178058
2012-06-07,sz000901,27.92,28.57,28.71,27.75,130544,161842026.0,3.45,2.81,0.78,5.89,5.115756915785367,0.1370378606599587,27.588,27.872666666666667,27.745519425848702,4.899072087764928,4.996496633721541,4.919126714138077,27.012999999999998,27.400545454545455,27.331860909198085,4.641375810873962,4.794066149284491,4.761481341512765,26.918,26.978190476190477,27.12920886702102,4.581518052124082,4.624893420904727,4.6652048483710935,27.185333333333336,27.054666666666666,27.11346841292099,4.649486832755518,4.628237017158736,4.6411038769805995,27.27966666666667,27.0688087431694,27.29417634606661,4.614537727278659,4.617525763721335,4.62939740844749,8.209091306460184
2012-06-08,sz000901,28.57,28.6,29.29,28.01,137289,173119610.0,4.48,0.11,0.03,6.19,5.137635741674635,0.02187882588926815,27.938000000000006,28.209999999999997,28.030346283899135,5.050763522994229,5.076017851691444,4.991963056650263,27.290999999999997,27.68909090909091,27.562431652980248,4.730900151903851,4.884295227611887,4.829873050633104,26.9125,27.138380952380956,27.26928421301902,4.5886611128576,4.677857010385733,4.710198266780955,27.194999999999997,27.145935483870968,27.20937367660351,4.657565026918422,4.659730495153517,4.673138190831828,27.267333333333333,27.112098360655736,27.336990236359505,4.619518553890794,4.634676518291696,4.646060960356577,8.238346265058645
2012-06-11,sz000901,29.4,28.42,29.92,28.31,164201,209440404.0,5.63,-0.63,-0.18,7.4,5.215375797686951,0.07774005601231604,28.23,28.370666666666672,28.16023085593276,5.095737169273482,5.130888609922351,5.066433970329159,27.522000000000002,27.894363636363636,27.7183531706202,4.819400413354237,4.97238170866336,4.899964459188348,26.955000000000002,27.281952380952387,27.378876192731497,4.609413298252082,4.737544123226622,4.758310412581525,27.24366666666667,27.224967741935487,27.287478600693603,4.670896720577063,4.695718286816003,4.7081212622418365,27.2555,27.14989071038251,27.372498753200173,4.6277069677625295,4.654212821366979,4.664727020596916,8.32106046693969
2012-06-12,sz000901,28.13,28.8,28.87,27.59,102066,125942232.0,4.5,1.34,0.38,4.6,5.008881094961324,-0.2064947027256272,28.436,28.56066666666667,28.373487237288508,5.091273721046737,5.101936585151631,5.047249678539881,27.744,28.126727272727273,27.915016230507433,4.876771001295943,5.006832741682829,4.9197674838743435,27.041499999999996,27.457666666666668,27.51422131723326,4.628636543984184,4.77558867529417,4.782174287093887,27.284,27.32537634408602,27.38506062645531,4.67800347514447,4.717523730324665,4.727525122417288,27.246166666666667,27.20053005464481,27.41930207276738,4.633509757130213,4.6667103337341524,4.676010760740011,8.100171385779559
2012-06-13,sz000901,28.87,28.66,29.07,28.17,83756,105349624.0,3.13,-0.49,-0.14,3.78,4.923015928228942,-0.08586516673238176,28.610000000000003,28.635333333333335,28.46899149152567,5.080133095667444,5.045850654212367,5.005838428436235,27.915999999999997,28.29327272727273,28.050467824960627,4.9179163408454984,5.015240910216102,4.920358110120634,27.1375,27.611809523809523,27.623343096544378,4.649612105909512,4.8036248071270045,4.795587776725798,27.339000000000002,27.41415053763441,27.467314779587227,4.689214012697968,4.733330985362373,4.740137432469653,27.23416666666667,27.246885245901638,27.459980693332383,4.637098674858925,4.676202339343947,4.684109290821616,8.02263298992023
2012-06-14,sz000901,28.48,27.95,28.98,27.7,81350,101328068.0,4.47,-2.48,-0.71,3.67,4.910357557272878,-0.012658370956064147,28.486,28.415333333333333,28.295994327683783,5.039053223964946,4.989258808080844,4.9740114713817825,28.037,28.299454545454545,28.032200947695056,4.969062655864937,5.013866585930171,4.918539827784678,27.215999999999998,27.689190476190475,27.654453277825866,4.673125480057491,4.828457707256848,4.806518232015996,27.348,27.45356989247312,27.498455761549344,4.697871987399514,4.747598310818819,4.751119376005345,27.204666666666665,27.270355191256833,27.47604690010837,4.640081512760659,4.685161646964077,4.691527266770838,8.00572976213294
2012-06-15,sz000901,27.95,29.13,29.76,27.92,184728,235076805.0,6.58,4.22,1.18,8.33,5.266532728271086,0.35617517099820795,28.592000000000006,28.630000000000003,28.573996218455854,5.0648326212842365,5.065085309516225,5.071518557011551,28.264999999999997,28.498181818181816,28.231800775386862,5.057798072139232,5.06795205364038,4.981811264236752,27.338,27.871476190476194,27.794981537080545,4.718848781930786,4.884972683277191,4.8503291364212435,27.401666666666664,27.5685376344086,27.603716680159064,4.717008361473564,4.784286100552468,4.784371850345071,27.193333333333335,27.333480874316937,27.530274870596617,4.650373501551743,4.7057010310791725,4.710379904852814,8.371209779454736
2012-06-18,sz000901,29.0,28.15,29.0,27.92,111732,139119426.0,3.71,-3.36,-0.98,5.04,5.048177572695937,-0.21835515557514906,28.538,28.482666666666667,28.432664145637236,5.031392976286034,5.059533626653458,5.063738228906347,28.384000000000004,28.47727272727273,28.216927907134703,5.063565072779758,5.0662028719234184,4.993877865774785,27.4255,27.94880952380953,27.82879281926335,4.752856339759899,4.916337330016729,4.869171844637881,27.417333333333332,27.616817204301075,27.638960765310095,4.728566907870113,4.805651856115201,4.801391574367708,27.195666666666668,27.36484699453552,27.550593727298367,4.652391662288795,4.718743787510129,4.721455238224719,8.143387777120397
2012-06-19,sz000901,28.01,27.19,28.39,27.03,82691,100409745.0,4.83,-3.41,-0.96,3.73,4.9174582439777454,-0.13071932871819136,28.216,28.033333333333335,28.01844276375816,5.013108406089318,5.021555382550695,5.014978233930147,28.326000000000004,28.26018181818182,28.03021374220112,5.052191063568027,5.039637993959415,4.979983389084413,27.4815,27.926380952380956,27.767955407904935,4.776854407652295,4.932013701847,4.873770549336916,27.398666666666667,27.602150537634408,27.60999555464493,4.7383662920552245,4.817838393928597,4.8088797466006135,27.187833333333334,27.364661202185793,27.538770982141042,4.656215498548857,4.727434495106488,4.7278815662821945,8.001775864147119
2012-06-20,sz000901,27.21,26.92,27.32,26.67,43308,51153890.0,2.39,-0.99,-0.27,1.95,4.636568128107132,-0.28089011587061385,27.868000000000002,27.601333333333333,27.652295175838773,4.955818846064956,4.896041956556633,4.888841531989143,28.238999999999997,28.004545454545458,27.82835669816455,5.0179759708662,4.964070187511981,4.917544250724907,27.511000000000003,27.87290476190476,27.68719775000923,4.787969252652823,4.918653103795079,4.851179842553127,27.365333333333332,27.571268817204302,27.565479712409775,4.729637780211101,4.811270770448076,4.797762867988131,27.168166666666668,27.355879781420757,27.51848340895609,4.657248134994973,4.726790319026431,4.72488768306334,7.7088786652485215
2012-06-21,sz000901,26.92,26.47,26.92,26.18,33161,38435314.0,2.75,-1.67,-0.45,1.5,4.520627618619296,-0.11594050948783519,27.572000000000003,27.13533333333333,27.258196783892515,4.877872858334238,4.750978214074747,4.766103560865861,28.029000000000003,27.68290909090909,27.581382753043723,4.958463041149592,4.873643214376179,4.845377590342069,27.520999999999997,27.773761904761905,27.571274154770254,4.799919426011778,4.893191995791886,4.819698678368952,27.288333333333334,27.513505376344085,27.494803601931725,4.707166381799252,4.797786243893766,4.779883174480465,27.135333333333335,27.33298907103825,27.48410690374441,4.656640897774094,4.722310957833787,4.718190631770092,7.584730433419083
2012-06-25,sz000901,26.45,25.8,26.89,25.8,30185,34948553.0,4.12,-2.53,-0.67,1.36,4.479791180189491,-0.040836438429805,26.906000000000006,26.544666666666668,26.77213118926168,4.72052454871792,4.618284321359831,4.670666100640404,27.749000000000002,27.277636363636365,27.257494979763045,4.892678585001078,4.786611966928887,4.7789073339506905,27.52,27.609857142857145,27.40258137812547,4.811789368452464,4.862703591427859,4.787326535685194,27.191333333333333,27.41748387096774,27.385461434065164,4.69000027023876,4.783116876047974,4.760522400655241,27.102833333333333,27.289207650273227,27.42889028394951,4.656206724374363,4.716512606437569,4.710374256308433,7.54342919904809
2012-06-26,sz000901,25.46,25.89,25.91,25.03,34300,38296007.0,3.41,0.35,0.09,1.55,4.535294120042771,0.055502939853279365,26.454,26.206,26.478087459507787,4.6179478581872875,4.556540845134781,4.62554210710786,27.496000000000002,26.93963636363636,27.008859528897034,4.82467041723666,4.721632973300105,4.734614022331068,27.509000000000004,27.454619047619047,27.258526008780184,4.822035415295448,4.8363707106269365,4.763323448481153,27.13533333333333,27.333526881720434,27.288980051222254,4.6811656712469425,4.773135834099846,4.745991543841534,27.0705,27.24944262295082,27.378434864803623,4.657984345387266,4.712548258754566,4.704633923971854,7.5831534938571465
2012-06-27,sz000901,25.91,25.46,26.07,25.44,28084,31740511.0,2.43,-1.66,-0.43,1.27,4.448458964362637,-0.08683515568013345,26.108000000000004,25.874666666666666,26.138724973005196,4.5241480022642655,4.500044547193231,4.566514392859452,27.162,26.569454545454548,26.727248705461207,4.768628204176792,4.653230890959374,4.6825858299731715,27.452999999999996,27.259476190476185,27.087237817467784,4.822699602736367,4.800792001014287,4.73333635475558,27.081666666666663,27.22544086021505,27.170981338240175,4.675300430715054,4.758122498171827,4.726795893552573,27.036499999999997,27.196639344262298,27.31553536103957,4.658044388351585,4.705678574130809,4.696234744968273,7.501613914312145
2012-06-28,sz000901,25.57,25.68,25.84,25.46,25628,28839565.0,1.49,0.86,0.22,1.16,4.408714715319823,-0.039744249042814594,25.860000000000003,25.732000000000003,25.98581664867013,4.478577319706804,4.461566784878417,4.513914500346242,26.863999999999997,26.3,26.536839849922803,4.71719808288588,4.587792074803561,4.63279108185438,27.390000000000004,27.09061904761905,26.95321516818514,4.817557211865688,4.761364868879379,4.702420008142651,27.046333333333337,27.135010752688174,27.074788993837583,4.672140764901635,4.7409234197592305,4.706274527214977,27.01966666666667,27.152163934426234,27.261911250841546,4.6560303223898964,4.697503830752719,4.686807858750291,7.459988705439749
2012-06-29,sz000901,25.86,25.86,26.38,25.77,44235,50487843.0,2.38,0.7,0.18,1.99,4.645766031607479,0.23705131628765663,25.738,25.731999999999996,25.943877765780087,4.503605002304441,4.517296355511975,4.557865010766655,26.655,26.117454545454546,26.41377805902775,4.690738930319339,4.574804429116579,4.635150163627671,27.346000000000004,26.94490476190476,26.849099437881794,4.829900793092138,4.745003804092883,4.697024391329777,27.028999999999996,27.05847311827956,26.99641551036419,4.678996630144775,4.7392218240628345,4.702370753304816,27.00433333333334,27.114142076502734,27.215946947535265,4.663446948836967,4.697167296628705,4.685462225073477,7.703186816660863
2012-07-02,sz000901,26.11,25.62,26.11,25.39,42472,47646608.0,2.78,-0.93,-0.24,1.92,4.6281027123331,-0.01766331927437914,25.702000000000005,25.692666666666664,25.83591851052006,4.533267308733162,4.558795592188195,4.58127757795547,26.304000000000002,25.929272727272725,26.269454775568157,4.626895928725541,4.563416025846354,4.63386880884684,27.284499999999998,26.780523809523803,26.73204234855972,4.842347000432387,4.725784939258689,4.6904604219015225,26.993333333333332,26.967569892473115,26.907614509695534,4.688197830862371,4.735938345494339,4.697579266790512,26.981166666666663,27.068754098360657,27.16362081810788,4.663279832508759,4.69600846920235,4.683581585311497,7.678031988304505
2012-07-03,sz000901,25.66,25.62,25.75,25.24,32216,36116871.0,1.99,0.0,0.0,1.45,4.508071616599375,-0.12003109573372495,25.648000000000003,25.665333333333333,25.76394567368004,4.5278228080444824,4.550397028143599,4.556875590836772,26.051,25.804909090909092,26.151372089101216,4.572885333115885,4.541811605459778,4.6109965920745735,27.217499999999994,26.622,26.626133553458796,4.818225202947821,4.693949188417449,4.673090059491794,26.967333333333332,26.878967741935487,26.82454260584421,4.692866004211894,4.724317299412856,4.68535296677818,26.985999999999997,27.024125683060106,27.11301029948139,4.66172386266316,4.690919675238106,4.677827160107821,7.557710117989837
2012-07-04,sz000901,25.59,25.73,25.95,25.35,40007,45042679.0,2.34,0.43,0.11,1.8,4.602135986212937,0.09406436961356146,25.702000000000005,25.692666666666664,25.752630449120026,4.558558212414543,4.5751680875330845,4.571962389295494,25.905,25.746545454545455,26.074758981991902,4.541353107339404,4.547129906022878,4.609385572827002,27.115499999999997,26.480333333333334,26.540787500748436,4.796772085453716,4.673369263014126,4.6663325287033315,26.956,26.799139784946238,26.753926953854265,4.6983539742146645,4.718463749864536,4.679984129322358,27.00733333333333,26.98294535519126,27.067665699498395,4.663308247487433,4.688965974370888,4.675345482275201,7.653624213111415
2012-07-05,sz000901,25.55,24.25,25.55,24.25,47265,51262383.0,5.05,-5.75,-1.48,2.13,4.674539662229681,0.07240367601674436,25.416000000000004,25.208666666666666,25.251753632746684,4.611723201796514,4.613828570804797,4.6061548136068895,25.637999999999998,25.445636363636364,25.742984621629738,4.54515026075166,4.571345643275656,4.621231770900216,26.938499999999998,26.20742857142857,26.322617262581918,4.781563115808929,4.661728079849933,4.6671141604677455,26.886666666666667,26.62455913978495,26.592383279412054,4.707029588685768,4.716927342639698,4.679632873380895,26.98933333333333,26.892540983606562,26.975283217547627,4.6667516831989975,4.68933421747719,4.67531906194584,7.709798791073647
2012-07-06,sz000901,24.47,24.39,24.56,23.65,31005,32829702.0,3.75,0.58,0.14,1.4,4.491431735682969,-0.18310792654671193,25.122000000000003,24.866666666666667,24.964502421831124,4.580856342611613,4.573731415433615,4.56791378763225,25.43,25.218727272727275,25.496987417697056,4.542230672458027,4.561578638717712,4.5976317644970806,26.7295,25.964714285714287,26.138558475669353,4.75034685680381,4.634096519837937,4.650382500964434,26.823999999999998,26.463483870967746,26.45029403557902,4.714023174827194,4.703017803736292,4.667490864497159,26.970000000000002,26.807316939890708,26.890519833365737,4.669170966858013,4.683586022476664,4.6692899692814835,7.516266940592788
2012-07-09,sz000901,24.21,23.78,24.72,23.78,29045,30962567.0,3.85,-2.5,-0.61,1.31,4.463071380812248,-0.028360354870721416,24.754,24.41933333333333,24.56966828122075,4.5478500763074425,4.534469761500493,4.5329663186922495,25.228,24.91872727272727,25.18480788720668,4.540558692520302,4.547186040236662,4.573166240190747,26.4885,25.683809523809526,25.91393385893894,4.71661863876069,4.6067369506958835,4.632543346664226,26.756000000000004,26.26709677419355,26.27801700102554,4.721379143141744,4.686827365412747,4.6543025107110365,26.939,26.70272677595629,26.788535576534073,4.669280445242786,4.676828658999754,4.662528704085771,7.49083695936616
2012-07-10,sz000901,23.74,23.58,23.96,23.38,18584,19226550.0,2.44,-0.84,-0.2,0.84,4.269139196792179,-0.19393218402006873,24.346,24.028000000000002,24.23977885414717,4.500063592346003,4.441566134995407,4.44502394472556,24.997,24.619090909090907,24.893024634987285,4.513943200195243,4.497837041013367,4.517888595936461,26.246499999999997,25.406809523809525,25.691654443801898,4.669306808715952,4.564119860984596,4.597933427628793,26.671666666666667,26.062193548387096,26.10395138805615,4.719338010262048,4.657650594680517,4.629453264651755,26.89083333333333,26.592595628415303,26.68333768877886,4.662253235136311,4.663709273804652,4.649630687453194,7.283901361701664
2012-07-11,sz000901,23.58,23.85,23.89,23.51,15310,15915597.0,1.61,1.15,0.27,0.69,4.184975190698261,-0.08416400609391772,23.970000000000006,23.862666666666666,24.109852569431446,4.416631433243067,4.336536667779493,4.35834102671646,24.836,24.410545454545453,24.703383792262322,4.487594822828806,4.438024675650279,4.457358885893152,25.999000000000002,25.178571428571427,25.516258782487434,4.628111513502799,4.517993040221007,4.558604071730647,26.580666666666666,25.88015053763441,25.958535169471883,4.710998009433847,4.623175574063498,4.600777259880562,26.83966666666667,26.49289617486339,26.59044137111398,4.654515368115138,4.6480608133312735,4.634396081002212,7.201822933811116
2012-07-12,sz000901,23.83,24.18,24.36,23.58,24098,25275884.0,3.27,1.38,0.33,1.09,4.3819810000434645,0.19700580934520318,23.956000000000003,23.932666666666666,24.13323504628763,4.358119700805824,4.324986523379624,4.366221017825462,24.686,24.291272727272727,24.60822310276008,4.48492145130117,4.41882216241658,4.443653815738663,25.775,25.005333333333333,25.388996041298153,4.601059767093524,4.494552038939165,4.541782826808059,26.48866666666667,25.7252688172043,25.843790964989825,4.706678625010849,4.601948670231861,4.586661372149137,26.788833333333336,26.40569398907104,26.51141050648729,4.649501656564467,4.639125260279742,4.626120176708482,7.402706353565051
2012-07-13,sz000901,24.09,23.94,24.27,23.91,16488,17382078.0,1.49,-0.99,-0.24,0.74,4.2171679787711565,-0.164813021272308,23.866000000000003,23.927333333333333,24.068823364191758,4.303266949423461,4.278002616034735,4.316536671474028,24.494,24.15563636363636,24.486727993167335,4.442061646017537,4.370139712865669,4.402474572653661,25.5745,24.830571428571428,25.250996418317378,4.566400288168438,4.457990916241797,4.51086712699502,26.395333333333333,25.560838709677423,25.720965741442093,4.700621077400604,4.570367338216397,4.562823088705396,26.7415,26.312289617486343,26.427101965290984,4.643187189566089,4.624950385597995,4.612711907923651,7.2401016944364205
2012-07-16,sz000901,23.94,22.53,24.03,22.44,27209,27560629.0,6.64,-5.89,-1.41,1.23,4.434712580645523,0.21754460187436653,23.616000000000003,23.482000000000003,23.55588224279451,4.297595189390117,4.321817826442089,4.35592864119786,24.185,23.79854545454545,24.13095926713691,4.422722632848779,4.368803519161667,4.408336028652181,25.244500000000002,24.540619047619046,24.991853902287154,4.52480928078716,4.445449229811043,4.503614313056973,26.25133333333333,25.311462365591403,25.515096983929702,4.702472211237851,4.553211951328972,4.554557894637017,26.675833333333333,26.174207650273225,26.29932813036341,4.642828070505741,4.618115152518631,4.6068758644063355,7.440289124995816
2012-07-17,sz000901,22.62,22.64,22.79,22.35,18308,18045378.0,1.95,0.49,0.11,0.83,4.262640903755262,-0.17207167689026104,23.428000000000004,23.15666666666667,23.250588161863007,4.296295530782733,4.310166397897137,4.324832728716994,23.887,23.517636363636363,23.859875764021105,4.398179561564367,4.3396977502355725,4.38184600594365,24.969,24.292571428571428,24.767867816355043,4.485532447340127,4.420480812950862,4.480664464552048,26.10733333333333,25.07847311827957,25.329606855934237,4.678209989153337,4.524835737942999,4.535724540386582,26.611666666666668,26.041885245901636,26.179350158876083,4.64164057870806,4.60564999951042,4.595589472253841,7.2563659837407615
2012-07-18,sz000901,22.66,23.22,23.22,22.59,26606,26743440.0,2.78,2.56,0.58,1.2,4.424979586745809,0.16233868299054688,23.302000000000003,23.087333333333333,23.240392107908672,4.344296409992243,4.353061083218162,4.358215014726599,23.636000000000003,23.39636363636364,23.743534716017265,4.380463921617656,4.344570482086743,4.389688475180407,24.7705,24.126,24.62045183384504,4.46090851447853,4.414713873846642,4.475361142856216,25.955666666666666,24.892193548387095,25.193503187809448,4.658002697508362,4.508498292626385,4.5285797046678224,26.546,25.930683060109285,26.082322284814573,4.637434533805297,4.5985463604296895,4.589995705515872,7.427217269677237
2012-07-19,sz000901,23.11,23.31,23.62,22.97,23778,24259609.0,2.8,0.39,0.09,1.07,4.376175322717834,-0.04880426402797511,23.128000000000004,23.09,23.263594738605782,4.343135274527117,4.363687387460026,4.364201784057011,23.542,23.337090909090907,23.664710222195943,4.35062748766647,4.34379073683223,4.387231538369029,24.59,23.986904761904768,24.495646897288367,4.447888874209065,4.406644046059909,4.465914874271609,25.806333333333335,24.721505376344084,25.071986853112065,4.63791790642811,4.490315881349575,4.5187471638968555,26.477666666666668,25.824584699453556,25.991426472197702,4.633688633263756,4.589980484656331,4.582985201161838,7.384883796921698
2012-07-20,sz000901,23.29,23.06,23.44,23.02,14499,14732425.0,1.8,-1.07,-0.25,0.65,4.161338049858543,-0.21483727285929088,22.952000000000005,23.067333333333334,23.19572982573719,4.3319692887445935,4.303088312570501,4.2965805393241885,23.409,23.249454545454547,23.554762909069407,4.317618119084028,4.309374475412607,4.346159995003486,24.4195,23.84119047619048,24.358918621356143,4.429924395771026,4.379353491359859,4.43690755766084,25.622666666666664,24.54432258064516,24.942181249685483,4.60610394423055,4.459568793828959,4.495688511378256,26.404,25.712530054644812,25.895314128846955,4.627795388493033,4.57449358028239,4.569160704397796,7.1682742388614304
2012-07-23,sz000901,23.35,23.47,23.98,23.09,36091,37200191.0,3.86,1.78,0.41,1.63,4.5573989155442725,0.3960608656857296,23.140000000000004,23.240000000000002,23.287153217158128,4.356506555724343,4.378231521503727,4.383519998064217,23.377999999999997,23.260545454545458,23.539351471056783,4.32705087255723,4.352970983859925,4.3845670714654466,24.303,23.750761904761905,24.27425970503651,4.4338047825387665,4.391493921814454,4.4483829250783105,25.451666666666668,24.405440860215055,24.847201814221904,4.586762716692871,4.456426533913715,4.499669827776064,26.32333333333333,25.616333333333337,25.815795632819185,4.622163871805646,4.572185499202101,4.568775071976369,7.5705451697214965
2012-07-24,sz000901,23.31,24.07,24.16,23.2,39942,41836668.0,4.09,2.56,0.6,1.8,4.601429807335315,0.04403089179104214,23.426,23.55,23.548102144772088,4.424264336440355,4.45987260537405,4.456156601154583,23.427,23.386363636363637,23.635833021773728,4.360279933611544,4.402858062910486,4.423996659805423,24.212,23.728571428571428,24.254806399794937,4.437111566903393,4.407458209890316,4.462958818626596,25.306666666666665,24.31630107526882,24.79705976169146,4.566297850347815,4.457372797826129,4.506234987747629,26.275166666666667,25.54245355191257,25.758556431743145,4.61859728546244,4.571505693809632,4.569845719037318,7.621557088697729
2012-07-25,sz000901,23.76,23.67,23.87,23.53,19101,19816340.0,1.41,-1.66,-0.4,0.86,4.281056104583504,-0.32037370275181054,23.516000000000002,23.63133333333333,23.588734763181392,4.395479640007894,4.412136528088435,4.397789768964223,23.409,23.430545454545456,23.64204519963305,4.369888025000068,4.388453730359933,4.398007467946892,24.122500000000002,23.67695238095238,24.19911055219542,4.4287414239144365,4.392595784907469,4.445634750622492,25.13566666666667,24.21070967741936,24.72434622867911,4.542037017335222,4.4389701045510135,4.491707317866073,26.209833333333332,25.457038251366114,25.69007917168599,4.610020246239846,4.560438769846388,4.560377207088012,7.297023445074404
2012-07-26,sz000901,23.85,23.09,23.85,23.09,15662,16079979.0,3.21,-2.45,-0.58,0.71,4.194847219631444,-0.08620888495206014,23.472,23.489333333333335,23.422489842120928,4.359214019390615,4.345259054629619,4.330142252519964,23.3,23.372545454545456,23.54167334515431,4.3511746469588655,4.356628129383819,4.361069240980446,23.993000000000002,23.578619047619053,24.093480975795856,4.418048049130018,4.370320146404326,4.42175022386144,24.950000000000003,24.0787311827957,24.618904536506264,4.517764727048639,4.416570762763674,4.4725550534638385,26.1445,25.354748633879783,25.604830674253662,4.603489369873302,4.546826539465784,4.548392617335338,7.206285477236433
2012-07-27,sz000901,23.11,23.22,23.47,23.11,11584,11798710.0,1.56,0.56,0.13,0.52,4.063858548853072,-0.13098867077837184,23.504,23.405333333333335,23.35499322808062,4.339718119189522,4.246807231117104,4.241381017964334,23.228,23.358,23.483187282398983,4.335843703967058,4.304388838819129,4.307030933320923,23.861,23.504999999999995,24.010292311434345,4.388952674992297,4.336587813044618,4.3876653024320715,24.792333333333332,23.967118279569895,24.528652630925215,4.489548093434645,4.3872864932026685,4.446187537037337,26.070166666666662,25.25886338797814,25.526639504606003,4.59371004041708,4.5291337256618425,4.53250625443428,7.07183452675467
2012-07-30,sz000901,23.74,23.27,23.89,23.2,16132,16630537.0,2.97,0.22,0.05,0.73,4.207688213335581,0.14382966448250922,23.464000000000006,23.327333333333332,23.32666215205375,4.269775978747783,4.202797262499123,4.230150083088083,23.302,23.365636363636362,23.444425958326438,4.313141267236063,4.281087840522497,4.288968620596315,23.7435,23.448714285714285,23.939788281773932,4.367931950042421,4.319324530982073,4.370524627280025,24.596999999999998,23.868903225806452,24.447449235381654,4.454253276270128,4.369101984809181,4.43080048389529,25.99933333333333,25.167054644808747,25.452651324127118,4.585630818871847,4.5164772723149085,4.521856482594978,7.220906272813714
2012-07-31,sz000901,23.22,21.92,23.22,21.88,26566,25883919.0,5.76,-5.8,-1.35,1.2,4.424326168309295,0.21663795497371385,23.034000000000002,22.812666666666665,22.857774768035835,4.2343552509425795,4.2543139923529605,4.294875444828488,23.229999999999997,23.114363636363635,23.16725760226708,4.329309793691467,4.301303277081266,4.313579083816857,23.558500000000002,23.275047619047616,23.747427493033555,4.363744677627918,4.324695408912252,4.375648583568527,24.389333333333337,23.696193548387097,24.28438799438929,4.433458229457241,4.367171203650417,4.4303827861155485,25.903333333333332,25.03330601092896,25.336826690549177,4.5810125686636765,4.511188595247284,4.5186587673724965,7.413030032090207
2012-08-01,sz000901,22.08,22.15,22.35,21.92,15234,14744615.0,1.96,1.05,0.23,0.69,4.182813951257366,-0.2415122170519295,22.73,22.517999999999997,22.621849845357225,4.214706820277351,4.237133559124556,4.257521613638114,23.122999999999998,22.918,22.982301674582157,4.305093230142623,4.274667669365975,4.289803605169677,23.3795,23.140904761904764,23.595291541316072,4.342778575880139,4.307463911162675,4.357283380491273,24.221333333333334,23.551720430107526,24.14668554313837,4.408970086366561,4.3510006050568775,4.414410603221472,25.810000000000002,24.91024590163935,25.232340569547564,4.573668189210893,4.498132902873308,4.507647461926099,7.168633437073748
2012-08-02,sz000901,22.15,21.7,22.23,21.61,13792,13208307.0,2.8,-2.03,-0.45,0.62,4.139627248480638,-0.04318670277672787,22.452000000000005,22.174666666666667,22.314566563571482,4.203662826047191,4.212107035192318,4.218223491918955,22.961999999999996,22.65927272727273,22.74915591556722,4.281438422718903,4.244582945427433,4.262498813044397,23.252,22.98095238095238,23.414787585000255,4.3160329551926875,4.2881161656960565,4.336554225061689,24.047333333333334,23.38905376344086,23.988834862935896,4.392405390379011,4.333623647773915,4.396682644851096,25.706333333333337,24.77549180327869,25.116526124644363,4.561021585295056,4.48390205235756,4.49558122541969,7.120847154656347
2012-08-03,sz000901,21.72,22.03,22.03,21.67,11179,10690749.0,1.66,1.52,0.33,0.5,4.0484029561527395,-0.0912242923278983,22.214000000000006,22.034,22.21971104238099,4.200571707507124,4.160353745227501,4.16161664666355,22.859,22.489818181818183,22.618400294554995,4.2701449133483225,4.20221286059722,4.22357229360955,23.134,22.864571428571427,23.282903053095467,4.293881516216175,4.262627594358918,4.30911124707036,23.899333333333335,23.25890322580645,23.86245842016584,4.376664568296792,4.311429942339961,4.374212987515719,25.593833333333336,24.65495628415301,25.01532854678717,4.541915475048021,4.46709488418896,4.480919642820774,7.029008133194915
2012-08-06,sz000901,21.97,22.59,22.62,21.97,19640,19204832.0,2.95,2.54,0.56,0.89,4.293141483450931,0.24473852729819168,22.078000000000003,22.159333333333333,22.343140694920663,4.217662361530193,4.19121033720877,4.2054582589260106,22.771,22.44090909090909,22.6132366046359,4.243719170138989,4.206394055161331,4.236221237217073,23.0745,22.812761904761906,23.216912286133994,4.28538502134811,4.262557115047943,4.307590317201843,23.792333333333335,23.174430107526884,23.780364328542237,4.37044291173884,4.306041356220874,4.368982567898636,25.491833333333332,24.55646994535519,24.93580957804005,4.5302215909888,4.4589383598743,4.474762981857828,7.283410512397207
2012-08-07,sz000901,22.62,23.02,23.09,22.41,22020,22033006.0,3.01,1.9,0.43,0.99,4.342817314635733,0.04967583118480157,22.298000000000005,22.473333333333336,22.568760463280444,4.201360590795481,4.232928654910617,4.251244610829252,22.666,22.48618181818182,22.68719358561119,4.217857920869031,4.224411899615285,4.255602342202284,23.046499999999998,22.807571428571425,23.198158735073612,4.2890689272402875,4.268026857265811,4.310945269338404,23.69666666666667,23.124602150537637,23.73130856541048,4.364027018225272,4.304259059633576,4.367294487042964,25.416,24.475426229508194,24.87299614925185,4.522596344736106,4.452793957370921,4.470436894407923,7.343073752718335
2012-08-08,sz000901,22.97,22.79,23.2,22.68,14137,14143081.0,2.26,-1.0,-0.23,0.64,4.150357257998519,-0.19246005663721366,22.426000000000002,22.637333333333334,22.6425069755203,4.194869252143713,4.215927543978296,4.217615493219007,22.578,22.508727272727274,22.70588566095461,4.204788036210532,4.212139051820646,4.236466872347053,22.9935,22.783142857142856,23.15928647459041,4.2873380306053,4.2548162220999295,4.29565117302032,23.607666666666667,23.066107526881723,23.670578980545287,4.354090294679802,4.290473913812495,4.353298536782033,25.344666666666665,24.389327868852458,24.804701193538676,4.514695362697427,4.440589397150017,4.459942480099418,7.150544028664781
2012-08-09,sz000901,22.79,23.0,23.13,22.55,14529,14536057.0,2.54,0.92,0.21,0.66,4.1622357237662015,0.011878465767682478,22.686,22.828666666666667,22.761671317013533,4.199390947200825,4.205049701185792,4.199155570068072,22.569,22.585454545454546,22.759360995326496,4.201526886624007,4.20440226773986,4.222970299877807,22.9345,22.783761904761906,23.144116334153228,4.276350766791437,4.242901716686682,4.282944939758023,23.51833333333333,23.02690322580645,23.62731582051011,4.3458743282946815,4.2780961995600055,4.340971903684237,25.282333333333334,24.31245355191257,24.74553066260298,4.509007546598157,4.429033343414567,4.450181602842592,7.162446617295089
2012-08-10,sz000901,22.88,23.27,23.38,22.75,21729,21982727.0,2.74,1.17,0.27,0.98,4.337039739920378,0.17480401615417662,22.934000000000005,23.023333333333333,22.931114211342354,4.2571183039543525,4.25093263209231,4.245116960018841,22.574,22.71290909090909,22.852204450721675,4.228845005730738,4.2290409683392,4.243710198067365,22.901,22.815714285714282,23.156105254710063,4.282344354848898,4.248681618889438,4.288096825487771,23.432000000000002,23.01088172043011,23.60426318692881,4.335583451905111,4.2775262261165015,4.340718215699472,25.2305,24.246475409836066,24.697152608091407,4.507290041024943,4.423395054671033,4.446472033566454,7.342081566503779
2012-08-13,sz000901,23.06,22.53,23.06,22.53,17094,17027116.0,2.28,-3.18,-0.74,0.77,4.23284369962312,-0.10419604029725793,22.922000000000004,22.88866666666667,22.79740947422824,4.24505874718879,4.242841097315233,4.241025873220268,22.5,22.70490909090909,22.793621823317736,4.231360554359492,4.22976800359236,4.2417344710775025,22.901,22.780380952380952,23.096476182832916,4.272250910797778,4.243967270772696,4.2828346230244705,23.329,22.95268817204301,23.53495588454631,4.3224081514814445,4.270897855001535,4.333758569500998,25.161166666666663,24.157934426229506,24.626098424219556,4.505302991171908,4.414396813969334,4.43946782589618,7.231141094741664
2012-08-14,sz000901,22.55,22.59,22.68,21.99,15295,14927370.0,3.06,0.27,0.06,0.69,4.184549481320698,-0.04829421830242264,22.836000000000002,22.778000000000002,22.72827298281883,4.213405180525784,4.222671342025868,4.222200409253745,22.567,22.72127272727273,22.756599673623597,4.207382885660633,4.221256899403489,4.231337200212629,22.8985,22.750761904761905,23.048240355896446,4.268346339676049,4.235614753679641,4.273474133338397,23.228,22.905010752688177,23.47399098876913,4.3116240803054895,4.262003747249228,4.324132176715172,25.09766666666667,24.073633879781422,24.559341098835308,4.502245042258692,4.403880305449622,4.431109847385509,7.17398329767137
2012-08-15,sz000901,22.55,22.5,22.93,22.41,15383,15300695.0,2.3,-0.4,-0.09,0.69,4.187041040042328,0.00249155872163076,22.778000000000002,22.666,22.652181988545887,4.220741936934545,4.21388329519805,4.210480619516606,22.602,22.70909090909091,22.709945187510215,4.2078055945391295,4.217558382018342,4.223283352908937,22.8625,22.712809523809522,22.996026988668213,4.256449412340876,4.227871391809764,4.265242410167343,23.120333333333335,22.85804301075269,23.41115286046145,4.297787582099802,4.2539661317483795,4.315287587252408,25.038166666666665,23.988464480874313,24.491821718545623,4.498070778157233,4.393545747999905,4.423107591407043,7.184711158125425
2012-08-16,sz000901,22.32,22.46,22.95,22.3,10147,10055037.0,2.89,-0.18,-0.04,0.46,4.006337660374551,-0.1807033796677775,22.670000000000005,22.56,22.58812132569726,4.189562324256215,4.142415203011385,4.142432966469254,22.678,22.683272727272726,22.6645006079629,4.1944766357285195,4.180927848533873,4.183838681539049,22.82,22.67447619047619,22.94497679927124,4.237957529223712,4.204051224955828,4.240584814948982,23.06066666666667,22.815440860215055,23.34978815978652,4.2755141820379645,4.235162910991911,4.29535533390545,24.973666666666666,23.903934426229508,24.425204613019538,4.491271885361866,4.3774233506955555,4.409443003504339,7.002383673029853
2012-08-17,sz000901,22.19,22.26,22.46,21.92,14718,14215951.0,2.4,-0.89,-0.2,0.66,4.167848798590029,0.16151113821547813,22.468,22.423333333333336,22.47874755046484,4.155724135990146,4.135177361122657,4.150904910509513,22.701,22.60727272727273,22.590955042878736,4.206421219972249,4.176086423599602,4.180931430093772,22.78,22.621142857142857,22.879740913626364,4.238283066660285,4.197374202990715,4.233657575295749,22.98966666666667,22.763784946236555,23.27947924625191,4.264728084134867,4.228216757221077,4.2871291058205845,24.906833333333335,23.814961748633873,24.35421429783857,4.489375629481031,4.366819315063692,4.401521882031738,7.152775917859549
2012-08-20,sz000901,21.99,22.26,22.3,21.94,7712,7446472.0,1.62,0.0,0.0,0.35,3.887167020894774,-0.2806817776952548,22.414,22.354,22.405831700309896,4.086588800244476,4.045658322757533,4.062992280637934,22.668,22.52709090909091,22.530781398718965,4.1658237737166335,4.118040205585516,4.127519719330318,22.7195,22.57161904761905,22.820717969471474,4.204771471927811,4.163934579584476,4.200658474876608,22.939,22.716709677419356,23.213706391655016,4.245531272137617,4.2038579789475214,4.261325100341501,24.847500000000004,23.728180327868852,24.28555153397501,4.483455207639681,4.34707477051988,4.384657788223969,6.871950560823912
2012-08-21,sz000901,22.28,22.57,22.77,22.28,14876,14697189.0,2.2,1.39,0.31,0.67,4.172486169686935,0.2853191487921607,22.410000000000004,22.406000000000002,22.460554466873266,4.084176137917723,4.0742907792383525,4.099490243654268,22.622999999999998,22.509272727272727,22.537912053497337,4.148790659221753,4.119251550307389,4.135695437576976,22.6445,22.55738095238095,22.796840067617048,4.183324290045392,4.160859788894869,4.197975398191877,22.905333333333335,22.692903225806454,23.172176947032114,4.242309504567443,4.19914539169264,4.255593556428303,24.7885,23.65350819672131,24.22930394269714,4.480823757414744,4.336879064357495,4.377701341714558,7.16723427906606
2012-08-22,sz000901,22.66,22.62,22.97,22.44,19227,19113398.0,2.35,0.22,0.05,0.87,4.283911526303729,0.11142535661679442,22.434000000000005,22.476,22.51370297791551,4.103550235170003,4.140869242033688,4.160964004537422,22.606,22.508727272727274,22.55283713467964,4.1621460860522745,4.14381898068593,4.162643817345476,22.592,22.555047619047617,22.779998156415424,4.183467061131404,4.1704395256813775,4.206159791345387,22.864333333333335,22.674494623655917,23.136552627868753,4.245607382420958,4.2018293930949815,4.257420522226718,24.722500000000004,23.582409836065573,24.176539879002153,4.478302695927401,4.3304229256325435,4.374626265799449,7.28133790324879
2012-08-23,sz000901,22.71,22.71,22.86,22.5,14688,14568367.0,1.59,0.4,0.09,0.66,4.166962663857167,-0.116948862446562,22.484,22.568,22.57913531861034,4.135675235866527,4.1620067182627425,4.162963557644003,22.577,22.527636363636365,22.58141220110152,4.162618780061371,4.144694722105002,4.1634290621657835,22.573,22.566285714285716,22.77333166532824,4.182072833342689,4.168867678321926,4.2024267315846044,22.81533333333333,22.6645376344086,23.109033103490123,4.238440104548082,4.196755540284413,4.251584531364166,24.651999999999997,23.516426229508195,24.12845660428077,4.472559364779466,4.320215055728601,4.367817623112817,7.163410873483407
2012-08-24,sz000901,22.71,22.75,23.18,22.55,26788,26845889.0,2.77,0.18,0.04,1.21,4.427940290264142,0.26097762640697475,22.582000000000004,22.65666666666667,22.636090212406895,4.187693534201349,4.259428403061948,4.25128913518405,22.525,22.55909090909091,22.61206452817397,4.171708835095748,4.192934996687324,4.211522012729121,22.549500000000002,22.583142857142857,22.771109601963648,4.200276920413243,4.19228362660016,4.223904213363608,22.775666666666666,22.660322580645165,23.085869677458504,4.245465848264515,4.2089813587177085,4.26296232226094,24.5855,23.45406557377049,24.08326130577976,4.4730434628325595,4.318752135252689,4.369788858101385,7.42887779017304
2012-08-27,sz000901,22.95,21.59,22.95,21.47,29448,28149953.0,6.51,-5.1,-1.16,1.33,4.46905580443861,0.041115514174467904,22.448000000000004,22.326,22.287393474937932,4.304071290910117,4.353215826474368,4.32387802493557,22.431,22.38909090909091,22.42623461396052,4.195330045577296,4.246998082022389,4.258346338494483,22.4655,22.491761904761912,22.658622973205205,4.213345299968394,4.2178816155549566,4.24725198394218,22.744333333333334,22.583827956989246,22.989361956332154,4.246610622390951,4.223406517180552,4.276258675949822,24.497833333333336,23.355852459016397,24.00151503345911,4.474541416814401,4.318621392354527,4.373043512079655,7.4494776740769675
2012-08-28,sz000901,21.52,21.65,21.83,21.45,18424,17393564.0,1.76,0.28,0.06,0.83,4.265383924956175,-0.20367187948243526,22.264000000000003,22.060000000000002,22.074928983291954,4.322650841963965,4.340320037823053,4.304379991609105,22.337,22.247090909090907,22.28510104778588,4.203413489940845,4.259735151000368,4.259625899669335,22.451999999999998,22.41409523809524,22.562563642423754,4.205398187800738,4.222837675077603,4.248978835467322,22.711333333333336,22.513225806451615,22.902951507536535,4.246702056430981,4.224617697991213,4.275557079111523,24.409333333333333,23.26248087431694,23.924416179903073,4.462456022792159,4.311763769670651,4.369513689551016,7.240388579526884
2012-08-29,sz000901,21.54,21.56,21.72,21.47,13465,12725994.0,1.15,-0.42,-0.09,0.61,4.129206357747529,-0.13617756720864538,22.052000000000003,21.825333333333333,21.903285988861306,4.291709808252724,4.275838543084242,4.245988780321913,22.243000000000002,22.105818181818186,22.153264493642993,4.197630021711364,4.246242945147037,4.235913255683553,22.4225,22.329142857142855,22.46708139076435,4.202717808125246,4.21558131031063,4.237571932827342,22.656000000000002,22.43894623655914,22.816309474792245,4.236842948797705,4.2170373303342155,4.266115097088039,24.305833333333336,23.169060109289617,23.846894337939037,4.447422823153034,4.300837551144598,4.361634760639427,7.104691714140854
2012-08-30,sz000901,21.47,20.96,21.7,20.29,17158,15815471.0,6.54,-2.78,-0.6,0.77,4.234466663490261,0.10526030574273193,21.702000000000005,21.461333333333336,21.58885732590754,4.305210608179343,4.256757494830087,4.242148074711363,22.093,21.872545454545456,21.93630731298063,4.220442922022935,4.252940516379565,4.235650238921136,22.3855,22.189857142857143,22.323549829739175,4.2074597788757275,4.218605010821584,4.2372761928904765,22.577666666666666,22.32952688172043,22.696547573192746,4.232119326823453,4.216884021604703,4.264073262662376,24.192,23.059360655737702,23.752242064563987,4.435018616625782,4.293855381975327,4.357465314831257,7.199082130153421
2012-08-31,sz000901,20.89,20.8,21.05,20.4,15580,14035230.0,3.1,-0.76,-0.16,0.7,4.192567453336546,-0.04189921015371567,21.312000000000005,21.160666666666664,21.325904883938364,4.258136040793824,4.219209776549154,4.225621200919758,21.947,21.637454545454545,21.729705983347788,4.2229147874975865,4.247872249345675,4.227817005178483,22.323999999999998,22.038857142857143,22.178449845954493,4.214668003734918,4.2171866941035665,4.233018217694864,22.502333333333336,22.21483870967742,22.57418966524483,4.233160306939387,4.214332287831354,4.259459984641355,24.0625,22.948147540983612,23.655447242775,4.419632125584968,4.2859061635068265,4.352058827569135,7.147219533957447
2012-09-03,sz000901,20.62,20.96,21.05,20.62,14850,13542722.0,2.07,0.77,0.16,0.67,4.171726453653231,-0.020840999683314543,21.186,21.043333333333337,21.203936589292244,4.198670170636748,4.1904065808356235,4.207656285164249,21.817,21.458000000000002,21.58975944092092,4.2513707307734325,4.238565279555791,4.217618723082983,22.2425,21.908952380952382,22.062407003482637,4.208597252245033,4.213097022667214,4.227180906833756,22.418666666666663,22.115333333333332,22.47004839651936,4.220304558209684,4.210368813425796,4.25379975683567,23.935166666666664,22.846426229508193,23.567071923339753,4.403533637451277,4.277778108689393,4.3461462907194335,7.131705963519698
2012-09-04,sz000901,20.94,20.53,21.03,20.53,11176,10157982.0,2.39,-2.05,-0.43,0.5,4.0482863931061255,-0.12344006054710555,20.962000000000003,20.824666666666666,20.979291059528165,4.155250664266738,4.140278654992083,4.154532987811541,21.613000000000003,21.224000000000004,21.397075906208023,4.238950753115351,4.2016408545253725,4.186831026723554,22.118000000000002,21.745857142857144,21.91646347934143,4.193870706168552,4.197829321796843,4.210143334097792,22.300666666666668,21.99348387096774,22.344883983840692,4.201866444402045,4.199270867290083,4.240540830143441,23.80366666666667,22.734781420765028,23.467495794705663,4.38408214737493,4.266130658055125,4.33638039243703,7.006807438921049
2012-09-05,sz000901,20.44,21.05,21.07,20.31,25809,23497395.0,3.7,2.53,0.52,1.16,4.411771177620373,0.3634847845142479,20.860000000000003,20.854,21.002860706352113,4.211763628241307,4.225785492776628,4.240279051081152,21.456,21.121636363636366,21.333971195988383,4.251736718247016,4.233062749889922,4.227729235977521,22.031,21.64414285714286,21.83394314797558,4.206941402149645,4.218581747649398,4.229345985861847,22.21333333333333,21.91279569892473,22.261343081657422,4.206223613503274,4.2128131081428775,4.2515879493355015,23.674500000000002,22.64449726775956,23.3882336375022,4.374130315419248,4.267038495112353,4.338852221459434,7.371019717597909
2012-09-06,sz000901,20.91,21.09,21.14,20.87,18338,16851394.0,1.28,0.19,0.04,0.83,4.2633519683935654,-0.14841920922680796,20.886000000000003,20.930666666666664,21.031907137568076,4.217540689221968,4.242981606160713,4.247970023518623,21.294,21.055090909090914,21.28961279671777,4.261375648700655,4.235174613552931,4.234206096416802,21.9355,21.554523809523815,21.763091419596954,4.211997214381013,4.223954182529771,4.232584650864868,22.146666666666665,21.840322580645164,22.18577256026017,4.208507105128678,4.21649880845838,4.25234691830699,23.548333333333332,22.55975956284153,23.312881714961144,4.363135916088658,4.263406418160691,4.336376803326127,7.226635832890831
2012-09-07,sz000901,21.2,21.81,22.03,21.18,34751,33002756.0,4.03,3.41,0.72,1.57,4.540967306429246,0.2776153380356803,21.088,21.23866666666667,21.291271425045387,4.287220659840509,4.350790478563139,4.345635784488831,21.2,21.148909090909086,21.384228651859992,4.272678350317166,4.286009460412675,4.28998086187361,21.8625,21.54257142857143,21.76755890344486,4.222193592706457,4.255284667486745,4.261954427585285,22.099666666666668,21.818602150537632,22.161529169275642,4.2244107303812175,4.237947853703578,4.270967588508426,23.446,22.5027650273224,23.26360690463455,4.356979411907931,4.269236955548908,4.343084688673771,7.518550208532876
2012-09-10,sz000901,21.83,22.3,22.48,21.83,33686,32752536.0,2.98,2.25,0.49,1.52,4.527449444312584,-0.013517862116661838,21.356,21.642666666666667,21.627514283363595,4.358365257972379,4.4308667400538315,4.406240337763416,21.271,21.348909090909093,21.550732533339993,4.278517714304564,4.33233147750275,4.333156967771605,21.851,21.584238095238092,21.818267579307257,4.23692387994093,4.284356653353996,4.2872396672735995,22.067333333333337,21.83152688172043,22.17046277125786,4.23506943808045,4.257498738473344,4.28751480501192,23.33216666666667,22.465191256830604,23.232013235630138,4.344661357175289,4.274826136939224,4.349129434760289,7.515244932668746
2012-09-11,sz000901,23.09,22.88,24.16,22.82,64735,65749797.0,6.01,2.6,0.58,2.92,4.811139152337678,0.2836897080250944,21.826000000000004,22.150666666666666,22.0450095222424,4.510935809818689,4.581791371508931,4.541206609288171,21.394,21.64145454545455,21.792417527278175,4.333093237042713,4.4291717389633165,4.420062819510891,21.8655,21.682238095238098,21.919384952706565,4.2682533634917785,4.339043822153686,4.337134856327321,22.099333333333334,21.883956989247313,22.21623936666058,4.24796320421473,4.294664526489939,4.32129702096842,23.244333333333334,22.45036612021858,23.220471818068493,4.340710716835985,4.290120490878974,4.3642772943529895,7.817894416296154
2012-09-12,sz000901,22.75,25.12,25.12,22.59,100934,107623318.0,11.06,9.79,2.24,4.55,5.004037484622558,0.19289833228488007,22.64,23.24866666666667,23.0700063481616,4.6293890712191255,4.7461585964435535,4.695483567732968,21.75,22.31890909090909,22.397432522318503,4.420576349730217,4.551161602159652,4.526240031349376,21.9965,21.992190476190476,22.22420543340118,4.30910318572079,4.409118500356617,4.400649392355439,22.198333333333334,22.078838709677424,22.4035787623599,4.27533732199357,4.343443512322702,4.3653447928170745,23.209833333333336,22.511863387978142,23.282751430590835,4.342153704180065,4.311868909494927,4.385253038296254,8.031906377107223
2012-09-13,sz000901,25.33,27.59,27.59,24.95,303839,352699408.0,10.51,9.83,2.47,13.7,5.48264351803803,0.47860603341547137,23.940000000000005,24.898666666666667,24.5766708987744,4.873247381148019,5.030576745383189,4.957870217834655,22.413,23.380727272727274,23.341535700078772,4.5453940351849935,4.744264723670163,4.7001315743836765,22.253,22.524904761904764,22.735233487362976,4.3829184786039646,4.520884246291592,4.503696451944258,22.394666666666662,22.42668817204301,22.738186584143133,4.320104530978816,4.4213342346481515,4.437428581541008,23.221,22.655475409836068,23.423972695161627,4.356254960678913,4.349262018146008,4.421233054025492,8.547404730712147
2012-09-14,sz000901,28.39,26.42,28.46,25.91,265340,314134608.0,9.24,-4.24,-1.17,11.97,5.42380272480258,-0.05884079323544977,24.862000000000002,25.725333333333335,25.191113932516267,5.049814464822687,5.214095193268042,5.113181053490631,22.975,24.109272727272728,23.90125648188263,4.668517562331597,4.903975394509725,4.831708147187113,22.461000000000002,22.921761904761905,23.086163631423645,4.445716174914592,4.620016079262888,4.591325620787908,22.541,22.686387096774194,22.975722933553254,4.365951189933811,4.492540569733555,4.501065623041755,23.220166666666668,22.760360655737703,23.52220309859895,4.371307879115301,4.3842635841828494,4.454104190772282,8.497115784967347
2012-09-17,sz000901,26.11,26.04,27.57,25.39,190530,221636061.0,8.25,-1.44,-0.38,8.59,5.279963367458737,-0.14383935734384323,25.610000000000003,26.118,25.474075955010846,5.200317249451916,5.290811494146726,5.168775158146666,23.482999999999997,24.666545454545453,24.29011893972215,4.779341253712148,5.015147359078297,4.9132090963274075,22.65,23.26261904761905,23.36748138081187,4.515355992242791,4.6994681928385225,4.656910168089891,22.656,22.912129032258072,23.17341822816272,4.398845252734072,4.551509097315809,4.551317090423495,23.22416666666667,22.852814207650272,23.604753816677672,4.3846440822364565,4.4140555674072255,4.481181540827575,8.345640423110472
2012-09-18,sz000901,25.42,24.92,25.73,24.47,107508,117755530.0,4.84,-4.3,-1.12,4.85,5.0314407826384455,-0.24852258482029121,26.018000000000008,25.888,25.289383970007236,5.24437757551207,5.234519338542237,5.12299703297726,23.922,24.927818181818182,24.404642768863575,4.87765669266538,5.060983637064895,4.934705766565778,22.767500000000002,23.47880952380952,23.51534029692503,4.558303722890366,4.7486191252571555,4.692579750427849,22.71933333333333,23.058193548387095,23.286100923119967,4.421799368334161,4.592321712148349,4.582292812501879,23.207999999999995,22.908415300546444,23.647876642360373,4.392913193279716,4.435262016600732,4.499222827444325,8.070981311487484
2012-09-19,sz000901,25.06,25.1,25.48,24.59,94915,104114956.0,3.57,0.72,0.18,4.28,4.9773348520737075,-0.054105930564738,26.014000000000003,25.582,25.226255980004826,5.2390370490023,5.145505097396114,5.074442972676076,24.327,25.142,24.53107135634292,4.934213060110713,5.079106938775501,4.942456509385401,22.8915,23.700952380952376,23.666260268646454,4.592974889178865,4.788526851846045,4.71969928391793,22.796333333333333,23.211784946236563,23.403126670015457,4.449365288136668,4.6281627110992885,4.607779395700062,23.202,22.9704480874317,23.695487244250195,4.401727791408235,4.4544233824628305,4.514898631530534,8.017513119920979
2012-09-20,sz000901,24.88,24.09,26.09,23.76,122172,135203493.0,9.28,-4.02,-1.01,5.51,5.086971683493603,0.10963683141989566,25.314000000000004,24.94066666666667,24.847503986669885,5.159902682093414,5.094816642226548,5.078619209615252,24.627000000000002,25.098909090909093,24.45087656428057,5.016575031620716,5.106881233936026,4.968731995586892,22.9605,23.81509523809524,23.706616433537267,4.638975340160686,4.835574165590306,4.754677607687042,22.832666666666668,23.29524731182796,23.447441078401557,4.480189820127581,4.6692986075739285,4.638695027170613,23.1755,22.999562841530054,23.708422088701006,4.413032074211131,4.476890395318089,4.533655125037519,8.130987911805539
2012-09-21,sz000901,23.4,22.15,23.53,21.88,129168,127044045.0,6.85,-8.05,-1.94,5.82,5.111154935139342,0.024183251645738757,24.46,23.886000000000003,23.948335991113257,5.097373124160766,5.078567393241858,5.089464451456616,24.661,24.648545454545456,24.032535370775012,5.073593794491726,5.124077580030321,4.994627075505519,22.930500000000002,23.737904761904762,23.558367249390862,4.6731360724044455,4.880543650826368,4.788627829349166,22.795333333333335,23.25120430107527,23.36373520237565,4.5059936599682135,4.710006034348881,4.669176311555692,23.11366666666667,22.96593989071038,23.657326282514084,4.420788555936663,4.499779669446882,4.552589545040857,8.103954312957805
2012-09-24,sz000901,22.26,22.48,22.75,22.15,68090,66787300.0,2.71,1.49,0.33,3.07,4.833083334178343,-0.2780716009609989,23.748000000000005,23.226,23.458890660742174,5.007997117504688,4.99047079658105,5.0040040790305245,24.679,24.252,23.75025621245228,5.104157183478302,5.080348405427888,4.965255486173304,22.975,23.695000000000004,23.455665606591733,4.691337448891433,4.895776723376264,4.792861686951945,22.79366666666667,23.230860215053763,23.306720028028835,4.52600164778672,4.731108593975341,4.679750958176508,23.061333333333334,22.94516393442623,23.61872542079231,4.424204899634082,4.513297531028576,4.561786062717496,7.824693886662773
2012-09-25,sz000901,22.19,22.62,23.44,21.97,88710,88187568.0,6.54,0.62,0.14,4.0,4.94797257924578,0.11488924506743725,23.288000000000004,22.85,23.179260440494783,4.991303476826156,4.970462617161414,4.98532691243561,24.653,23.877636363636363,23.5447550829155,5.117840526169113,5.051951204658338,4.962113139459209,23.023500000000002,23.661190476190473,23.37607840596395,4.725466881605913,4.920218164362392,4.807634152884692,22.794666666666668,23.219655913978496,23.262415510091493,4.551449084384225,4.758332525037215,4.697055578890654,23.011333333333333,22.930693989071035,23.585980325028626,4.431536582344856,4.530470241835518,4.574447915718423,7.945407365975966
2012-09-26,sz000901,22.19,21.52,22.59,21.07,70610,66910612.0,6.72,-4.86,-1.1,3.18,4.848866211494779,-0.09910636775100112,22.572000000000003,22.260666666666665,22.626173626996522,4.965609748710369,4.922983528717622,4.939840012122,24.293,23.308,23.176617795112683,5.102323398856335,5.00304678380846,4.941522788920222,23.0215,23.517999999999997,23.19930903396738,4.761449874293276,4.931970481494665,4.811561015609462,22.762,23.13741935483871,23.150001606214623,4.573509923432638,4.777520726786284,4.7068498132522105,22.941166666666668,22.88179781420765,23.51824326519162,4.435648752766221,4.5441531804961715,4.583445236891418,7.825495002185624
2012-09-27,sz000901,21.52,21.9,22.08,21.18,55165,52285087.0,4.18,1.77,0.38,2.49,4.741663622514662,-0.10720258898011714,22.134000000000004,22.03666666666667,22.384115751331016,4.896548136514582,4.84833481998572,4.87378121558622,23.724,22.872909090909094,22.944505468728558,5.028225409303998,4.937472279019064,4.905184758664665,23.0685,23.411190476190473,23.075565316446678,4.786809722244496,4.930086076563368,4.804904121029005,22.743333333333332,23.081806451612902,23.069356341297553,4.598020788837308,4.788369352533511,4.709095865462691,22.902,22.847661202185794,23.46518610895583,4.436767485437636,4.554186454914153,4.588632724944639,7.7183778350017125
2012-09-28,sz000901,21.45,22.21,22.3,21.45,57357,55207583.0,3.88,1.42,0.31,2.59,4.758586427919191,0.01692280540452895,22.146000000000004,22.062,22.32607716755401,4.826034435070551,4.802347583787256,4.835382953030544,23.303,22.597636363636365,22.810959019868818,4.961703779615659,4.888447009676373,4.878530516710942,23.139000000000003,23.329428571428572,22.993130524404137,4.815110670973628,4.927398143770484,4.8004929121614035,22.741666666666667,23.047397849462364,23.013913996697713,4.617712043148281,4.798728426022664,4.712288804976014,22.865666666666666,22.82497267759563,23.424032466039247,4.441220063641574,4.564737895651253,4.594204977501182,7.741998734049389
2012-10-08,sz000901,22.26,22.59,22.68,22.1,59234,58043997.0,2.61,1.71,0.38,2.67,4.772571061009533,0.013984633090341703,22.168000000000003,22.209999999999997,22.41405144503601,4.813931980436789,4.78452645910025,4.814445655690207,22.958000000000002,22.468,22.770784652619938,4.910964548970739,4.854059242657077,4.859265161128867,23.220499999999998,23.277142857142856,22.954737141127552,4.845152901341444,4.9233467523453305,4.797833688242178,22.752666666666666,23.03761290322581,22.986564706588183,4.647225511152106,4.80871933040081,4.716177982784628,22.845833333333335,22.815934426229507,23.396687139283863,4.446378391644862,4.575601862778071,4.600053045812931,7.7637573109896
2012-10-09,sz000901,22.53,22.93,23.13,22.21,68137,67765202.0,4.07,1.51,0.34,3.07,4.8333830081263764,0.06081194711684379,22.23,22.464000000000002,22.586034296690674,4.791014066212909,4.791010134996779,4.820758106502264,22.759,22.46290909090909,22.79973289759813,4.891158771519532,4.839953507958102,4.854559315128414,23.3405,23.24947619047619,22.952381222924927,4.884407732092456,4.92222581013437,4.801219337754959,22.764666666666663,23.04905376344086,22.98291537067927,4.669255405766753,4.820729491495923,4.723739597322806,22.835,22.818693989071036,23.381385921602423,4.455782455167098,4.588290538728285,4.607703208511732,7.8310067372455965
2012-10-10,sz000901,22.91,23.27,23.35,22.66,66879,67622168.0,3.01,1.48,0.34,3.02,4.825289770744824,-0.00809323738155232,22.580000000000002,22.810666666666666,22.814022864460448,4.786298778062918,4.802435369840752,4.822268661249785,22.576,22.555818181818182,22.88523600712574,4.875954263386644,4.827977325999065,4.849237579785943,23.451500000000003,23.242761904761903,22.98263063026541,4.905083661748678,4.916595528101263,4.803511759944469,22.78633333333333,23.081655913978494,23.001436959667704,4.687301347248124,4.830796224720316,4.730291221414548,22.825333333333333,22.83295628415301,23.377733924172833,4.466454364834542,4.600405532681653,4.614837194158719,7.830089090347871
2012-10-11,sz000901,22.86,22.03,22.86,21.99,85141,83173900.0,3.74,-5.33,-1.24,3.84,4.930138746756451,0.10484897601162668,22.606,22.627333333333333,22.5526819096403,4.823993802911275,4.850382026071929,4.858225356418674,22.369999999999997,22.456545454545452,22.729738551284697,4.860270969712928,4.8378290502481205,4.86394688287149,23.4985,23.107380952380954,22.891903903573468,4.938423000666822,4.918981726673432,4.815571472974182,22.76366666666667,23.032860215053763,22.938763607431078,4.712740550011434,4.846463153720853,4.743184610146284,22.789499999999997,22.806879781420765,23.33354592665897,4.4755903272797575,4.615608299302044,4.625174949981595,7.919987065902879
2012-10-12,sz000901,21.92,21.99,22.23,21.56,39777,38083476.0,3.04,-0.18,-0.04,1.79,4.599632025329982,-0.33050672142646853,22.562000000000005,22.422,22.365121273093532,4.792202922393434,4.775594766878165,4.7720275793891105,22.354,22.387454545454545,22.5952406328693,4.809118678731992,4.790440151269403,4.815889636045761,23.5075,22.963714285714286,22.80600829370933,4.941356236611859,4.886715919498495,4.795005811293782,22.738333333333333,22.982946236559144,22.877553052112944,4.718463607846961,4.839165829547856,4.733923153061361,22.757,22.78066666666667,23.289495240539,4.481964728055738,4.6196752402217225,4.624337477042197,7.580736580960432
2012-10-15,sz000901,21.99,21.79,22.15,21.63,22702,21636485.0,2.36,-0.91,-0.2,1.02,4.356064119338595,-0.24356790599138733,22.402,22.164666666666665,22.173414182062356,4.708901534059246,4.630215165859885,4.633373092705606,22.285,22.28490909090909,22.44883324507488,4.761416757248018,4.708066595016058,4.7322849966444585,23.482000000000003,22.800142857142855,22.709245599070346,4.93278697036316,4.830973813091518,4.753201840631384,22.745,22.921763440860214,22.807388339073402,4.714697218343628,4.8157852173860265,4.709545150885699,22.744666666666667,22.748961748633878,23.240331462160672,4.480653920367289,4.615547351411324,4.615541629248636,7.335186707955041
2012-10-16,sz000901,21.81,22.17,22.37,21.74,31615,30499588.0,2.89,1.74,0.38,1.43,4.4998931861492375,0.14382906681064256,22.250000000000004,22.087333333333333,22.172276121374907,4.642203569663818,4.560545716556549,4.588879790520149,22.240000000000002,22.264,22.3981362914249,4.716608817938363,4.66051685481628,4.6900319401907815,23.4465,22.675190476190476,22.65788887534936,4.917224672053738,4.789745833642573,4.729077206871179,22.762333333333334,22.884666666666664,22.766266510746085,4.72251419371673,4.801926892728323,4.696019217676895,22.736833333333333,22.730120218579238,23.205238627335728,4.484608125073856,4.616178147010733,4.6117498770158685,7.484293972771866
2012-10-17,sz000901,22.08,21.92,22.19,21.67,24838,23794487.0,2.35,-1.13,-0.25,1.12,4.3951166227471745,-0.10477656340206298,21.980000000000004,21.977333333333334,22.088184080916605,4.556168940064287,4.478183400917668,4.524292067929158,22.279999999999998,22.20581818181818,22.311202420256734,4.671233859063603,4.602063728417882,4.636410973382852,23.2865,22.529809523809522,22.587613744363708,4.886778628959968,4.740021257518138,4.6972714369546065,22.774333333333335,22.830322580645163,22.711668671343112,4.731377869216717,4.780804468794804,4.676606147036268,22.71516666666667,22.703338797814204,23.16309965594767,4.484110409007212,4.613243999393465,4.604647147367714,7.376476346013496
2012-10-18,sz000901,21.81,22.19,22.28,21.81,34140,33001571.0,2.14,1.23,0.27,1.54,4.533263516778715,0.13814689403154023,22.012,22.04733333333333,22.122122720611074,4.4767938940687415,4.470548259822477,4.52728255087901,22.309,22.189454545454545,22.28916561657369,4.650393848490007,4.576978211638811,4.617656890363918,23.0165,22.42538095238095,22.54974576871002,4.839309628897003,4.7063531515961134,4.681651635033092,22.815333333333335,22.79262365591398,22.678012628030658,4.7413377643263335,4.768022897669771,4.667358235406748,22.6965,22.686120218579237,23.131194749195288,4.486728545574893,4.614855576697448,4.602306700463157,7.5185346144352
2012-10-19,sz000901,22.23,22.21,22.57,22.17,36166,35326786.0,1.8,0.09,0.02,1.63,4.558300477962864,0.02503696118414922,22.056000000000004,22.113333333333333,22.15141514707405,4.468527584595317,4.497717121120519,4.537621859906961,22.309,22.171454545454548,22.274771868105745,4.630365253494375,4.560233962452058,4.606864815381908,22.806,22.34857142857142,22.517389028832877,4.796034516555017,4.679590375316673,4.669903905788309,22.862333333333332,22.753569892473116,22.647818264931907,4.753528865147211,4.756214040485031,4.660322251055531,22.682333333333336,22.670169398907106,23.100991642664294,4.493344586043298,4.61720219743148,4.600863873495935,7.548104127501127
2012-10-22,sz000901,22.32,22.75,22.82,22.32,61749,61117288.0,2.25,2.43,0.54,2.78,4.7906299287657355,0.23232945080287148,22.248000000000005,22.34466666666667,22.350943431382703,4.555440746480746,4.605084569177325,4.621957882859887,22.325,22.251636363636365,22.36117698299561,4.632171140269996,4.589372994319578,4.640276654178967,22.6415,22.343238095238096,22.539542454658317,4.771567844620367,4.679075652670074,4.681401622262349,22.922000000000004,22.746322580645163,22.6544106349363,4.774158980984294,4.758607657492678,4.668729198004576,22.670333333333335,22.672387978142073,23.089483719953986,4.49723176959699,4.62694925784861,4.607085711373633,7.786164074743577
2012-10-23,sz000901,22.64,22.41,22.82,22.37,30075,29643334.0,1.98,-1.49,-0.34,1.36,4.478205636011882,-0.3124242927538532,22.296000000000003,22.398666666666667,22.370628954255135,4.551103236453274,4.5793395323543695,4.5740404672438855,22.273,22.267090909090907,22.370053895178224,4.5966534030585455,4.561379266272647,4.610809196330406,22.516,22.321190476190477,22.527205078024192,4.743906087289039,4.651136394707361,4.6620496235718285,22.984666666666666,22.71329032258064,22.638642206875897,4.788489622414486,4.73951389330091,4.65643735529537,22.64266666666667,22.663852459016393,23.067205565201398,4.495178033408266,4.62632545019008,4.602860135132264,7.47192704736311
2012-10-24,sz000901,22.19,22.17,22.55,22.1,27099,26417136.0,2.01,-1.07,-0.24,1.22,4.432953264952084,-0.04525237105979851,22.346000000000004,22.35666666666667,22.303752636170092,4.558670564894256,4.53995620852064,4.527011399813285,22.163000000000004,22.24836363636364,22.333680459691273,4.557419752479271,4.531615604798746,4.57847175426162,22.369500000000002,22.288238095238093,22.493185546783792,4.716687007932958,4.62152184019908,4.6402309227509,23.022,22.660731182795697,22.60840722578713,4.78919569199221,4.716576063787206,4.6420190268861266,22.617666666666665,22.648355191256833,23.037788989293155,4.4977096527477425,4.624285293847255,4.597289418077176,7.421885732021213
2012-10-25,sz000901,22.1,22.44,22.64,21.85,41724,40701644.0,3.56,1.22,0.27,1.88,4.620385936730883,0.18743267177879908,22.396000000000004,22.387999999999998,22.349168424113397,4.5760950488846905,4.560527999132849,4.558136245452484,22.204,22.298727272727273,22.35301128520195,4.526444471476715,4.543064001935402,4.586092514710576,22.287,22.294952380952385,22.488120256613904,4.693357720594822,4.612350309608407,4.6383409240823275,23.067,22.623182795698927,22.597542243478284,4.80109682427012,4.705685111834863,4.640623343650304,22.60683333333333,22.642530054644805,23.018189350299938,4.504801964699399,4.628307467092604,4.598046680983855,7.6096119513802245
2012-10-26,sz000901,22.26,21.45,22.37,21.36,33727,32050188.0,4.5,-4.41,-0.99,1.52,4.527977712627404,-0.09240822410347871,22.244000000000003,22.072666666666667,22.049445616075598,4.570030495817598,4.544488887047087,4.548083401177458,22.15,22.16163636363636,22.188827415165232,4.519279040206458,4.54334277305371,4.57552618705909,22.252000000000002,22.215238095238096,22.389251660745913,4.664198859469225,4.596599832659127,4.627830142039001,23.055000000000003,22.518860215053763,22.523507260028072,4.80066383781006,4.688064523986946,4.6333558835843105,22.577333333333335,22.60460109289618,22.966773306027807,4.512537284095639,4.629067327680408,4.595749337759053,7.505830581346978
2012-10-29,sz000901,21.45,21.14,21.63,21.09,18428,17111408.0,2.52,-1.45,-0.31,0.83,4.265478203580642,-0.2624995090467621,21.922000000000004,21.704666666666665,21.746297077383733,4.465000150780579,4.442971456301435,4.453881668645186,22.085,21.978000000000005,21.998131521498824,4.510220448630662,4.49719716639447,4.519153826426645,22.185,22.109333333333332,22.270275312103443,4.63581860293934,4.558626436860216,4.593320433614396,23.016333333333332,22.395311827956988,22.434248727123038,4.791931463118995,4.65353641855279,4.609621839713107,22.541833333333336,22.55747540983607,22.906879099272796,4.5135004505997225,4.620967029958606,4.584920775982711,7.2332857466230385
2012-10-30,sz000901,21.16,21.18,21.43,21.07,13458,12460770.0,1.7,0.19,0.04,0.61,4.128980523966612,-0.13649767961403025,21.676000000000005,21.457333333333334,21.55753138492249,4.395155128371525,4.330964914030113,4.345581287085662,21.985999999999997,21.813454545454544,21.849380335771762,4.473129182412399,4.427880816455552,4.448213225979366,22.113,22.013619047619052,22.166439568093594,4.594869000175382,4.510356143624717,4.549097585076512,22.959666666666667,22.276838709677417,22.353329454405426,4.769192842173291,4.610765390220378,4.578612722568172,22.5295,22.512825136612022,22.85026011241139,4.50857802319401,4.608359819249323,4.569971915260872,7.095544879916947
2012-10-31,sz000901,21.23,20.96,21.23,20.64,22935,20889524.0,2.79,-1.04,-0.22,1.03,4.360498744468002,0.23151822050138993,21.434000000000005,21.218666666666664,21.358354256614994,4.3806642242747085,4.319412786062272,4.350553772879776,21.89,21.62690909090909,21.6876748201769,4.469667394584482,4.407402555011116,4.432265138431845,22.085,21.903809523809525,22.05154056160849,4.570450626824043,4.488035166890682,4.5311357907328444,22.821,22.147827956989243,22.26343723154056,4.747741550834806,4.5843980290781,4.564540853013323,22.509666666666664,22.461366120218585,22.78828437102085,4.511539436414187,4.603504760930437,4.563103942447991,7.319928544023935
2012-11-01,sz000901,21.05,21.5,21.61,20.98,22966,21407385.0,3.01,2.58,0.54,1.04,4.361085360488826,0.0005866160208238824,21.246000000000002,21.240666666666666,21.405569504409996,4.328804109026296,4.312886498133644,4.354064302082793,21.821,21.555999999999997,21.65355212559928,4.452449578955493,4.387660366993724,4.4193233606240225,22.065,21.848095238095237,21.999012889074347,4.551421713722751,4.468095617715899,4.514940511661985,22.618000000000002,22.062602150537636,22.21418321660246,4.710356278916499,4.559452468410618,4.551414692205292,22.50633333333333,22.42826229508197,22.746045539184102,4.515230404947658,4.598571840408295,4.556480382383755,7.330563619679709
2012-11-02,sz000901,21.56,21.54,21.67,21.32,17504,16439882.0,1.63,0.19,0.04,0.79,4.243137304653337,-0.1179480558354884,21.264000000000003,21.338666666666665,21.450379669606665,4.271836027431483,4.284330896675991,4.317088636272974,21.753999999999998,21.50490909090909,21.632906284581228,4.4209332616245405,4.349603589847877,4.387289532265716,22.0315,21.79809523809524,21.95529737582917,4.525649257559458,4.438735197804527,4.489054491946876,22.455333333333332,21.993053763440862,22.170687525208756,4.6710007649115255,4.5293093087807375,4.531525828492263,22.498166666666666,22.39657923497268,22.70650306248954,4.518475977422668,4.589650755152743,4.54620683885161,7.215898695994008
2012-11-05,sz000901,21.52,21.81,21.97,21.45,29193,27754782.0,2.41,1.25,0.27,1.32,4.465278727276416,0.22214142262307845,21.398000000000003,21.520666666666667,21.57025311307111,4.311796132170638,4.348811796624301,4.366485333274121,21.66,21.515090909090908,21.665105141930095,4.388398141475609,4.357666401784582,4.401469385904025,21.9925,21.777,21.941459530512105,4.510284640872802,4.432985623491856,4.486790133406832,22.314333333333334,21.95141935483871,22.147417362292064,4.643844610238781,4.51603691925589,4.527251821962208,22.485166666666668,22.374016393442627,22.677109519457094,4.521344931486426,4.5879065830167995,4.543553458144226,7.443337820514254
2012-11-06,sz000901,21.74,21.47,21.74,21.23,17361,16231659.0,2.34,-1.56,-0.34,0.78,4.23957473708321,-0.22570399019320586,21.456,21.544666666666664,21.536835408714076,4.333914974793958,4.324737998261825,4.324181801210484,21.566,21.480545454545457,21.629631479760985,4.364535051582742,4.330607600985964,4.372033995209331,21.919500000000003,21.727238095238093,21.896558622844285,4.480594227320643,4.407203727892846,4.4632458099474395,22.199333333333335,21.896946236559142,22.10371301633774,4.61744907538694,4.489954991955532,4.508692010034531,22.459333333333333,22.34073224043716,22.63753215816342,4.519624221860551,4.578668215987186,4.533586942699602,7.210362910320637
2012-11-07,sz000901,21.56,21.67,21.9,21.43,19077,18034944.0,2.19,0.93,0.2,0.86,4.280510079703276,0.04093534262006582,21.598000000000003,21.616,21.581223605809384,4.317917241841013,4.306936366564931,4.309624560708082,21.516,21.499454545454547,21.636971210713533,4.349290733057861,4.315330333371516,4.355393283299138,21.839499999999997,21.703476190476188,21.87498161114483,4.453355242768566,4.38814809478643,4.445842407067043,22.085,21.862795698924728,22.075731531412725,4.594221582974592,4.468216992234006,4.493970595174451,22.44066666666667,22.314852459016397,22.605809792321995,4.52179343555563,4.570828408047603,4.525289340634148,7.256114798136015
2012-11-08,sz000901,21.47,20.87,21.5,20.85,23093,21246381.0,3.0,-3.69,-0.8,1.04,4.3634803555596005,0.08297027585632488,21.472,21.373333333333335,21.344149070539594,4.318396240855167,4.322124071137794,4.327576492325255,21.359,21.382,21.49752189967471,4.323600174940732,4.317910264735469,4.356863660073768,21.7815,21.611142857142852,21.779269076750083,4.425022323208724,4.37958858171891,4.437998402161572,21.977666666666668,21.784408602150542,21.997942400353843,4.570105205376792,4.453330461433037,4.48555187003801,22.40516666666667,22.263355191256828,22.54889799585242,4.525147512752187,4.565637815260849,4.519984128008754,7.327284965182515
2012-11-09,sz000901,20.87,20.87,21.05,20.69,12897,11749217.0,1.72,0.0,0.0,0.58,4.11048869983667,-0.2529916557229308,21.338,21.172666666666668,21.18609938035973,4.291866519891835,4.25282155746496,4.25521389482906,21.301,21.293090909090907,21.38342700882476,4.281851273661659,4.279162723807456,4.312068212757931,21.7255,21.52433333333333,21.692672021821505,4.400565156934059,4.349632998540619,4.406807001940153,21.935000000000002,21.71294623655914,21.925171922911662,4.536749664200036,4.423677783656255,4.461354246154053,22.365166666666667,22.213021857923493,22.493852159922834,4.521371662084125,4.5520424443455845,4.506558048396554,7.070008924998385
2012-11-12,sz000901,21.03,21.09,21.79,20.98,32702,30461382.0,3.88,1.05,0.22,1.47,4.514574314201648,0.4040856143649787,21.194000000000006,21.09,21.154066253573156,4.30172563727688,4.327057488901565,4.3416673679532565,21.296,21.254727272727273,21.330076643583894,4.30676088472376,4.321476003905636,4.348887503929516,21.6905,21.463809523809523,21.635274686409932,4.408490666677211,4.360491013518486,4.417070555488866,21.888666666666666,21.658430107526886,21.871289863368975,4.52613269686748,4.422247115914423,4.464787798931317,22.341166666666666,22.171213114754103,22.44782422025323,4.5260671723271,4.551819580480586,4.506820876783606,7.483749602918563
2012-11-13,sz000901,21.09,20.6,21.23,20.51,21743,19762409.0,3.41,-2.32,-0.49,0.98,4.337319465856928,-0.17725484834472027,21.020000000000003,20.892,20.969377502382105,4.321274583031625,4.338922098428248,4.34021806725448,21.238000000000003,21.128181818181822,21.19733543565955,4.3275947789127915,4.327032109566212,4.346784224279955,21.612000000000002,21.359952380952382,21.536677097228033,4.400361980662596,4.353712803916553,4.409475213619158,21.82133333333333,21.575290322580646,21.789271162506463,4.505777593087851,4.41006561713955,4.456564035507163,22.308,22.11412568306011,22.38723981958919,4.528613338736037,4.545631131088122,4.501263453474534,7.295839883148294
2012-11-14,sz000901,20.67,20.71,20.82,20.4,14864,13343760.0,2.04,0.53,0.11,0.67,4.172135696649566,-0.16518376920736166,20.828000000000003,20.788666666666668,20.882918334921406,4.299599706420882,4.289209136300895,4.284190610386176,21.213,21.03218181818182,21.10872899281236,4.308758474130948,4.2987668218819906,4.315029946528975,21.5515,21.27404761904762,21.457945945111078,4.389212934357715,4.331976967343884,4.386871450098245,21.794333333333334,21.50359139784946,21.7196407649254,4.483219909259677,4.388540333498369,4.438213820096996,22.278166666666667,22.06173224043716,22.332248350094464,4.528364916346159,4.533943339544303,4.4904723794802734,7.125278222171587
2012-11-15,sz000901,20.62,20.11,20.71,20.08,14067,12537664.0,3.04,-2.9,-0.6,0.63,4.148201487458512,-0.02393420919105438,20.676000000000005,20.549333333333333,20.625278889947605,4.256543932800665,4.238743063313438,4.238860902743622,21.074,20.831636363636363,20.92714190321011,4.287470086827916,4.269574642487002,4.2846974994252545,21.447499999999998,21.136761904761904,21.329570140814784,4.369959832891705,4.309023496210626,4.3641409774658895,21.73466666666667,21.394924731182794,21.61579297363989,4.4634378380911395,4.366926241769263,4.419503347023546,22.238999999999997,21.990644808743173,22.25938774845202,4.5307293134642235,4.5214789648266756,4.479250383020543,7.09821662689222
2012-11-16,sz000901,19.97,19.64,20.17,19.43,18901,16210488.0,3.68,-2.34,-0.47,0.85,4.276484782109383,0.1282832946508714,20.430000000000003,20.204,20.296852593298404,4.289743149255207,4.245390013083012,4.251402195865543,20.884,20.570909090909094,20.69311610262645,4.290804834573521,4.26757731435636,4.283204278095096,21.319000000000003,20.964619047619045,21.168658698832424,4.355869048099031,4.300121110421834,4.355792768384317,21.649,21.25978494623656,21.48832245921151,4.4473677832308125,4.354864754286569,4.410276342835535,22.195333333333334,21.90543169398907,22.173506182929,4.532539913189547,4.513143078552745,4.472602330531652,7.209796089032173
2012-11-19,sz000901,20.58,20.02,20.62,19.84,19751,17406811.0,3.97,1.93,0.38,0.89,4.29558908899982,0.019104306890436185,20.216,20.067333333333334,20.20456839553227,4.245946104214842,4.247338659664549,4.266131160243635,20.705000000000002,20.413818181818183,20.570731356694367,4.273835870745861,4.268447178797505,4.285456061895955,21.182499999999997,20.840904761904763,21.059262632276955,4.331117006110736,4.294380161936195,4.350059084633412,21.563333333333333,21.154688172043013,21.39359197797206,4.431468384163821,4.345072580465215,4.402877165168714,22.158,21.834109289617487,22.102899422832966,4.539346947657964,4.505374199071114,4.4667986176945425,7.240719213853648
2012-11-20,sz000901,19.95,19.77,20.15,19.7,9438,8220530.0,2.25,-1.25,-0.25,0.43,3.9748799730069306,-0.320709115992889,20.050000000000004,19.918666666666663,20.059712263688183,4.173458205644843,4.156983282595244,4.169047431164733,20.535000000000004,20.243818181818185,20.42514383729539,4.247366394338234,4.21409156102679,4.228987682097951,21.0505,20.706380952380954,20.936475714917247,4.305950722960487,4.260452825450118,4.314327740668985,21.458000000000002,21.03898924731183,21.28884410842548,4.402851616326507,4.315615263616383,4.375264443093761,22.111333333333334,21.755814207650268,22.02641091716631,4.536053511046631,4.486867085148131,4.45067013754085,6.914899818592995
2012-11-21,sz000901,19.7,19.99,20.02,19.57,12764,11040305.0,2.28,1.11,0.22,0.58,4.105986795521472,0.13110682251454175,19.906,19.898666666666667,20.036474842458787,4.160228425419224,4.134492812554122,4.148027219283646,20.366999999999997,20.144727272727273,20.34602677596895,4.229914065920053,4.188386179423743,4.20662388453859,20.941499999999998,20.60538095238095,20.846335170639414,4.289602399488957,4.241408641884497,4.294485745893032,21.348666666666666,20.944279569892473,21.205047714333514,4.378874850485729,4.296462694532186,4.3578916916374855,22.0675,21.68626229508197,21.959643346111676,4.533088098866926,4.472766537098125,4.439369044359887,7.042981071399275
2012-11-22,sz000901,19.95,19.7,20.11,19.5,10724,9261889.0,3.05,-1.45,-0.29,0.48,4.030356805310842,-0.0756299902106301,19.824,19.83,19.924316561639195,4.1366594889896895,4.091202272517994,4.108803747959378,20.25,20.023454545454545,20.228567362156415,4.196601710895178,4.152103041131159,4.174575324678999,20.804499999999997,20.487142857142857,20.73716039248328,4.260100942917955,4.216718585296105,4.269330608694728,21.271,20.837913978494623,21.107947861795868,4.348882119104208,4.2739776593596135,4.3367604086486695,22.017333333333337,21.6086393442623,21.88555667902605,4.530811334557821,4.456283543866778,4.425958807014017,6.966699571845052
2012-11-23,sz000901,19.7,19.84,19.95,19.7,7804,6761541.0,1.27,0.71,0.14,0.35,3.8923172607224803,-0.13803954458836198,19.864,19.83533333333333,19.896211041092798,4.059825984712309,4.009754863095591,4.036641585547079,20.147,19.948909090909087,20.157918750855245,4.174784566983758,4.096778595645214,4.123255676686904,20.724,20.395285714285716,20.651716545580108,4.228317920322708,4.1816915679441555,4.233424575554514,21.199333333333335,20.745591397849463,21.02614477393807,4.325304960283958,4.244521862044663,4.308086657169561,21.968833333333336,21.53725136612022,21.81848924692683,4.52188428406546,4.435349311937751,4.408462362873311,6.830045685812615
2012-11-26,sz000901,20.04,19.84,20.13,19.82,10431,9079008.0,1.56,0.0,0.0,0.47,4.018325945402921,0.1260086846804409,19.828000000000003,19.827333333333332,19.877474027395202,4.0043733559929295,3.995921516659129,4.0305363721656935,20.022,19.893090909090912,20.100115341608834,4.125159730103886,4.068331573539607,4.10417754372618,20.659,20.311095238095238,20.57441020790581,4.215960307413822,4.16169233223751,4.212938991730553,21.134333333333334,20.657892473118284,20.949619304651748,4.31404702115277,4.224716764310403,4.289392417700746,21.939666666666664,21.467453551912566,21.75362074702759,4.514372119748199,4.418839202473405,4.395671004923462,6.958038398778624
2012-11-27,sz000901,19.84,18.76,19.84,18.76,16946,14048382.0,5.44,-5.44,-1.08,0.76,4.229067202070865,0.2107412566679434,19.626000000000005,19.471333333333334,19.504982684930134,4.055210801805716,4.070819465351774,4.096713315467417,19.838,19.663636363636364,19.85645800677086,4.11433450372528,4.087223841169967,4.126884754334304,20.538,20.1302380952381,20.401609235724305,4.220964641319035,4.162940607919133,4.214475011762964,21.020666666666667,20.504709677419353,20.808353543061315,4.3050194883501565,4.2192341953373775,4.285500468305271,21.8915,21.363202185792353,21.655469247125044,4.513766841033443,4.409484942877428,4.3902085851578025,7.147626307946744
2012-11-28,sz000901,18.45,18.0,18.61,17.93,14157,11161225.0,3.62,-4.05,-0.76,0.64,4.150971232062612,-0.07809597000825264,19.228,18.929333333333332,19.003321789953425,4.064207689113944,4.102739608770739,4.114799287665815,19.567,19.329454545454542,19.518920187357978,4.112218057266584,4.093885064504028,4.131264113921269,20.389999999999997,19.88852380952381,20.172884546607705,4.210488265698766,4.156274568942331,4.208427032743883,20.889999999999997,20.30982795698925,20.627169443508972,4.296881308660671,4.209295598157534,4.2768211627412285,21.832166666666662,21.23561202185792,21.53561779639963,4.514129588938695,4.397590004878384,4.382364737515337,7.047711863198679
2012-11-29,sz000901,17.98,17.67,18.27,17.58,8651,6761898.0,3.83,-1.83,-0.33,0.39,3.937066312017428,-0.2139049200451839,18.822000000000003,18.410000000000004,18.558881193302284,4.045549590455261,4.060359149738567,4.055554962449686,19.323,18.984545454545458,19.18275288056562,4.091104539722476,4.062039292640544,4.095955422666025,20.1985,19.62947619047619,19.934514589787923,4.189287313275196,4.1302343828774415,4.182583154579459,20.739333333333335,20.10208602150538,20.4363843181213,4.277008068501962,4.186081727406358,4.2549014949525965,21.777333333333335,21.099147540983605,21.40887622930456,4.509172916414148,4.378669897438342,4.367764789138356,6.830068615354438
2012-11-30,sz000901,17.69,17.96,18.0,17.62,12616,9770261.0,2.15,1.64,0.29,0.57,4.100921680320846,0.1638553683034183,18.446000000000005,18.122666666666667,18.35925412886819,4.087270474374934,4.078816513027095,4.070677201740073,19.155,18.736727272727272,18.96043417500823,4.073548229543622,4.063824227294794,4.096858378603265,20.0195,19.416285714285713,19.74646558123669,4.1821765320585715,4.12181860831036,4.1748058713167335,20.597666666666665,19.92277419354839,20.276617587919926,4.261762108580561,4.174721315265641,4.244967313363452,21.73,20.973989071038247,21.295798320147032,4.507645486863885,4.365284611009054,4.359015834750896,6.989906165494182
2012-12-03,sz000901,17.98,17.28,18.02,17.26,12260,9423885.0,4.23,-3.79,-0.68,0.55,4.088490470182396,-0.012431210138450055,17.934000000000005,17.733999999999998,17.999502752578795,4.10130337933083,4.079223178296249,4.076614957887514,18.881,18.395818181818182,18.654900688643096,4.052838367661879,4.066540998320025,4.095336940708561,19.793,19.155380952380952,19.511564097309385,4.16333711920387,4.112896126226914,4.166585356922987,20.415333333333333,19.7087311827957,20.08328742095735,4.238357459961117,4.163542499885114,4.234872033158222,21.66866666666667,20.82808743169399,21.164132801453686,4.506258220472705,4.3515418235768735,4.350146150666682,6.97422997776453
2012-12-04,sz000901,17.17,18.36,18.96,17.13,32833,25794917.0,10.59,6.25,1.08,1.48,4.516310566674534,0.4278200964921375,17.854000000000006,17.875999999999998,18.119668501719197,4.158752052251563,4.217558907410817,4.223180160816521,18.74,18.30109090909091,18.60128238161708,4.106981427028639,4.1508086708677805,4.171877599975102,19.6375,19.01890476190476,19.40189132613706,4.177173910683437,4.146512645033645,4.199892519756467,20.28033333333333,19.576129032258063,19.9721075873472,4.239627624316538,4.181474958382754,4.25302935790121,21.632499999999997,20.71960655737705,21.072194021078154,4.5140586233655124,4.351871408698245,4.355594164306283,7.411534134787346
2012-12-05,sz000901,18.11,18.72,18.96,17.96,38335,30915569.0,5.45,1.96,0.36,1.73,4.583595467592254,0.06728490091771988,17.998,18.16466666666667,18.31977900114613,4.245276899357491,4.359173379191048,4.343318596408432,18.613,18.29745454545455,18.622867403141246,4.154742294235718,4.237465769152075,4.246735394087311,19.490000000000002,18.931523809523814,19.33694929507639,4.192328180077886,4.185219459977341,4.23643565764559,20.165333333333333,19.4754623655914,19.89132645267964,4.24464903107121,4.203666432142478,4.274356203687729,21.593666666666664,20.624114754098358,20.99507290563297,4.5169223615317105,4.354151305230269,4.3630696168730365,7.490177244083677
2012-12-06,sz000901,18.7,18.79,19.39,18.58,27714,22898818.0,4.33,0.37,0.07,1.25,4.44269921263019,-0.1408962549620636,18.222,18.428666666666665,18.47651933409742,4.346403479480044,4.424980816948613,4.376445468482352,18.522,18.329636363636364,18.653255148024655,4.195976534967653,4.289821572496524,4.282365179276925,19.386000000000003,18.864857142857144,19.284858886021496,4.196289122931415,4.209064320220418,4.256079805739361,20.043666666666663,19.3867311827957,19.82027313315192,4.238726140267854,4.216443863210799,4.28521704297434,21.555333333333333,20.532191256830604,20.922775433317135,4.519911482268987,4.351717759364646,4.365680423291304,7.359813065338745
2012-12-07,sz000901,18.85,19.08,19.23,18.67,27986,23083582.0,2.98,1.54,0.29,1.26,4.446940829796355,0.0042416171661647795,18.446000000000005,18.714666666666666,18.67767955606495,4.415607309375146,4.458493267054051,4.399943922253686,18.445999999999998,18.43109090909091,18.73084512111108,4.251438891875041,4.335451444283561,4.312288024825913,19.2965,18.83571428571429,19.265348515924213,4.213111729429398,4.232935911350412,4.274257046125742,19.964666666666666,19.324559139784945,19.77251357617438,4.236024910840152,4.2298770689868315,4.295650835672535,21.509833333333336,20.451032786885246,20.862356566651,4.518344374325106,4.349325278955706,4.368344698914419,7.363303201456368
2012-12-10,sz000901,19.08,19.3,19.37,19.01,27842,23320397.0,1.89,1.15,0.22,1.26,4.444700429134142,-0.0022404006622132044,18.85,18.999333333333333,18.885119704043298,4.486849301165495,4.468190973640383,4.414862757880504,18.392000000000003,18.586363636363636,18.83432782636361,4.2940763402481625,4.3705899056033966,4.336363007427408,19.207,18.83604761904762,19.268648657264766,4.209618035176024,4.25499197798896,4.290489749269399,19.90333333333333,19.28167741935484,19.742028829324422,4.241998985025269,4.24334000565096,4.305266938476509,21.459833333333332,20.37857923497268,20.81113176118703,4.516965224072131,4.346910723375674,4.370848165479001,7.367735939459264
2012-12-11,sz000901,19.17,19.32,19.95,18.76,54989,46398067.0,6.17,0.1,0.02,2.48,4.740275821910815,0.2955753927766738,19.042,19.156000000000002,19.030079802695532,4.531642352212751,4.55266648055549,4.523333779223941,18.448,18.75509090909091,18.92263185793386,4.345197202232157,4.451717084087516,4.409801700969846,19.143,18.846809523809522,19.27353926133479,4.229765852978717,4.305530814820845,4.333326518092392,19.841333333333335,19.244043010752687,19.714801162916395,4.262375494956742,4.275486898353253,4.333332027730336,21.4005,20.30842076502732,20.762242195246472,4.515784168565017,4.354232382321206,4.382960547657093,7.666499887694528
2012-12-12,sz000901,19.05,18.87,19.21,18.7,45853,37751315.0,2.64,-2.33,-0.45,2.07,4.66136775529117,-0.07890806661964511,19.072000000000003,19.098666666666666,18.97671986846369,4.547196809752535,4.595908281581629,4.569345104579685,18.535,18.831818181818182,18.913062429218613,4.396236854555013,4.509202639189155,4.455540983573723,19.051,18.820809523809526,19.235106950731478,4.254227455910798,4.346635757898221,4.364568540682751,19.771666666666665,19.181376344086022,19.66029786208308,4.2724044619841814,4.301228334503861,4.354495623056842,21.296333333333333,20.225453551912565,20.700201467533475,4.510073006409494,4.359005614672883,4.392088652825423,7.576932084105525
2012-12-13,sz000901,18.79,18.58,18.99,18.54,25328,20687837.0,2.38,-1.54,-0.29,1.14,4.403600897518281,-0.2577668577728893,19.030000000000005,18.934666666666665,18.844479912309126,4.539377146730153,4.5480429775035445,4.514097035559217,18.625999999999998,18.84,18.852505623906136,4.442890313105098,4.5105415560915665,4.446097331563642,18.9745,18.77595238095238,19.172715812566572,4.266997426413787,4.360861799956076,4.368285908000421,19.674333333333333,19.104494623655913,19.590601225819658,4.27382164655183,4.3096926206673505,4.35766370528016,21.146166666666666,20.13639344262295,20.63068666531926,4.492088962734164,4.355514725856778,4.39246610347109,7.3157150857324025
2012-12-14,sz000901,18.52,19.28,19.37,18.52,42304,35202775.0,4.57,3.77,0.7,1.91,4.626381433469527,0.22278053595124625,19.070000000000004,19.017999999999997,18.98965327487275,4.575265267464787,4.57704440641667,4.551525168195988,18.758,18.958909090909092,18.93023187410502,4.495436288419966,4.543903577976009,4.478876259182894,18.9565,18.80504761904762,19.1829333542269,4.284492258981794,4.395088848247098,4.392866434235573,19.599,19.07905376344086,19.5705624370571,4.286596450845703,4.332438413371719,4.375000332905281,21.027166666666666,20.075207650273228,20.58640185662027,4.478798607878614,4.359917757684167,4.400135458553006,7.546576899832817
2012-12-17,sz000901,19.32,19.61,19.93,19.3,44171,37868938.0,3.27,1.71,0.33,1.99,4.645137231487637,0.018755798018109893,19.132,19.198,19.196435516581836,4.615352627935486,4.600335061090953,4.582729189293205,18.991,19.113818181818182,19.053826078813195,4.551100964550491,4.57112193126104,4.509105526874666,18.936,18.867285714285714,19.223606368110055,4.301969666106185,4.429435988485751,4.416892224450056,19.525666666666666,19.079763440860212,19.573106795956644,4.29259173431941,4.355570076638941,4.392428519910594,20.92,20.0287431693989,20.554388680993373,4.468218172279095,4.3653714830483965,4.4081683035672565,7.5782831258969825
2012-12-18,sz000901,19.73,19.55,19.77,19.39,34853,29729036.0,1.94,-0.31,-0.06,1.57,4.542240166289717,-0.10289706519792041,19.178000000000004,19.337333333333333,19.314290344387892,4.575745496811267,4.575964240542363,4.569232848292042,19.110000000000003,19.215454545454545,19.14403951902898,4.553693924512009,4.569510877031808,4.515130006768311,18.925,18.925761904761906,19.254691475909095,4.330337675770325,4.452318893265135,4.42883012367288,19.461666666666666,19.081333333333333,19.571616034927185,4.302680581959627,4.371676427088637,4.402093787418925,20.830500000000004,19.98382513661202,20.52145790456736,4.460064828673284,4.3677984336716955,4.412564102345042,7.473180826908663
2012-12-19,sz000901,19.5,19.68,19.84,19.41,27260,23384366.0,2.2,0.66,0.13,1.23,4.435525851498655,-0.10671431479106186,19.340000000000003,19.50466666666667,19.43619356292526,4.530577116052763,4.529224358771493,4.5246638493609135,19.205999999999996,19.319090909090907,19.241486879205528,4.538886962902649,4.548025772847561,4.50065652399201,18.9095,18.997666666666667,19.29519704963204,4.3468146285691835,4.462336814763071,4.42946781203724,19.395333333333333,19.09541935483871,19.57860854880285,4.3078477743528065,4.380247089639543,4.404250694778908,20.740166666666667,19.94610382513661,20.493869120811052,4.451034678663699,4.3669938770430194,4.413316946579587,7.368925599755147
2012-12-20,sz000901,19.52,19.7,19.77,19.32,29132,24853936.0,2.29,0.1,0.02,1.31,4.464370301282233,0.028844449783577808,19.564000000000004,19.624666666666666,19.524129041950175,4.542730996805553,4.507155420514649,4.504566000001353,19.297,19.408909090909088,19.324852901168157,4.541054071767854,4.534477288916577,4.494059028953869,18.9095,19.072952380952383,19.333749711571848,4.368515303367753,4.473532593116695,4.432791858632001,19.356333333333332,19.115075268817204,19.5864402553317,4.311210772543561,4.390345317183376,4.408129379069445,20.666999999999998,19.912,20.467840625046755,4.440657988960177,4.367431110571497,4.414990827061641,7.395395175673785
2012-12-21,sz000901,19.73,19.66,19.86,19.46,31449,26980168.0,2.03,-0.2,-0.04,1.42,4.497606840516214,0.03323653923398151,19.640000000000004,19.65666666666667,19.569419361300117,4.516976078214891,4.492114035084868,4.502246280172974,19.355,19.47490909090909,19.3857887373194,4.546120672839839,4.52657779232537,4.494704085601567,18.9005,19.14442857142857,19.36482116761262,4.3987797823574395,4.4858270252260715,4.438964714049545,19.315999999999995,19.134666666666664,19.5911860453103,4.324114710566212,4.4023708699558055,4.4139021185176235,20.6255,19.878983606557377,20.44135404717637,4.430432187383124,4.3692982860323495,4.417699548814249,7.431044649607412
2012-12-24,sz000901,19.68,19.7,19.82,19.46,19357,16590885.0,1.83,0.2,0.04,0.87,4.286838050059013,-0.21076879045720087,19.658000000000005,19.676666666666666,19.612946240866748,4.445316241929166,4.41540135903291,4.430443536801654,19.395,19.537636363636366,19.442918057806782,4.5303344349323265,4.479435497274311,4.456910260957466,18.8935,19.22057142857143,19.396742961173324,4.4122053875902445,4.475165907864318,4.4244764603361615,19.26966666666667,19.159440860215053,19.598206300451572,4.316523501761457,4.399965924116632,4.405704436681584,20.579166666666666,19.848639344262295,20.417047357105016,4.421328099314469,4.36459028152992,4.413409007871454,7.219869553014426
2012-12-25,sz000901,19.68,20.11,20.2,19.57,48228,42053206.0,3.2,2.08,0.41,2.17,4.683299252239659,0.39646120218064596,19.770000000000003,19.827333333333335,19.7786308272445,4.473528059119155,4.494729029136408,4.5147287752809895,19.474,19.66763636363636,19.56420568366009,4.5246367779652115,4.50724728223928,4.498071895736047,18.961000000000002,19.336428571428574,19.46467220296634,4.434916990098683,4.500984371164262,4.449126250041257,19.253333333333334,19.213655913978492,19.631225248809535,4.328056161307549,4.423628875760388,4.423613779620815,20.537333333333333,19.833256830601094,20.406980230642557,4.416916877197701,4.373179499658614,4.422257868342543,7.623799110598463
2012-12-26,sz000901,20.06,20.82,20.91,19.97,62330,55859901.0,4.67,3.53,0.71,2.81,4.7946971268919985,0.11139787465233919,19.998,20.17733333333333,20.125753884829667,4.545362314197823,4.601785385060689,4.608051559151326,19.669,19.912363636363636,19.79253192299462,4.537969715125294,4.5563491638623335,4.552003755946219,19.102,19.51347619047619,19.59375104077907,4.467103284840153,4.535249146096958,4.48203776212228,19.257,19.3147311827957,19.70792039404763,4.348808208982296,4.453734744507771,4.447554640735085,20.525666666666666,19.84252459016393,20.420521862424764,4.416014059120987,4.38556573735351,4.434468991573672,7.747100161669465
2012-12-27,sz000901,20.89,20.82,21.65,20.64,75600,69609452.0,4.85,0.0,0.0,3.41,4.878521795501206,0.0838246686092079,20.222,20.45133333333333,20.357169256553114,4.628192613041618,4.712838545495149,4.698208304601287,19.893,20.121636363636366,19.97934430063196,4.585461804923586,4.61826772393068,4.6113706722289445,19.2595,19.677095238095237,19.710536655942967,4.514176059014342,4.57443186139801,4.519798146253606,19.280666666666665,19.41556989247312,19.7796674653994,4.373152219250387,4.487909814605765,4.475358973300641,20.50766666666667,19.852174863387972,20.43361950627969,4.418295028670763,4.40072992543155,4.449028099899165,7.842668214793501
2012-12-28,sz000901,20.67,21.03,21.27,20.67,41958,38420454.0,2.88,1.01,0.21,1.89,4.622814778623883,-0.25570701687732367,20.496000000000002,20.720666666666666,20.58144617103541,4.653234200663151,4.711045934022571,4.673077129275486,20.067999999999998,20.328363636363637,20.170372609607966,4.585105139439022,4.62505917369437,4.613451418846206,19.413000000000004,19.845714285714287,19.836199831567445,4.540270713929494,4.584778406122728,4.5296092540983945,19.326999999999998,19.52843010752688,19.860334080534923,4.384696552467536,4.50401707650083,4.484872251063431,20.488,19.869300546448088,20.453172965090193,4.416032167849173,4.407435491003783,4.454726023791778,7.584562492449929
2012-12-31,sz000901,21.03,21.36,21.81,21.03,55638,52139932.0,3.71,1.57,0.33,2.51,4.745371510166611,0.12255673154272806,20.828000000000003,21.008666666666667,20.840964114023606,4.744940892684672,4.741758370523724,4.697175256239194,20.243000000000002,20.56327272727273,20.386668498770153,4.5951285673069195,4.6541985138266595,4.63743688999537,19.616999999999997,20.03114285714286,19.981323657132453,4.573114765928705,4.604311815288169,4.550158040390605,19.371666666666666,19.65959139784946,19.957086720500413,4.399689299839763,4.527286428610448,4.501678654876539,20.467499999999998,19.897890710382512,20.48290499902166,4.415578842001793,4.418233502227306,4.464255384000789,7.717170460433307
2013-01-04,sz000901,21.16,20.91,21.5,20.69,44351,40723853.0,3.79,-2.11,-0.45,2.0,4.646903416492114,-0.09846809367449705,20.988000000000003,21.036,20.86397607601574,4.737661725535163,4.709079211792871,4.6804179763235005,20.378999999999998,20.684545454545457,20.48181968081194,4.605594892327159,4.663612122769423,4.6391580766311415,19.7445,20.154285714285717,20.06976902311984,4.579644408419584,4.611339305818016,4.559371885733606,19.409666666666666,19.758838709677416,20.01856499659716,4.422090081289269,4.543235726458986,4.511047994335608,20.433833333333332,19.91239890710382,20.496908113807834,4.412470848807888,4.425817914505677,4.470243844082471,7.609848861113494
2013-01-07,sz000901,20.8,21.45,21.74,20.69,64311,60003540.0,5.02,2.58,0.54,2.9,4.808285262671018,0.16138184617890428,21.114000000000004,21.19,21.059317384010495,4.740379352690966,4.732620390838156,4.723040405106007,20.556,20.87927272727273,20.657852466118857,4.6428708334443956,4.7004649173773965,4.669908474092937,19.881,20.316714285714287,20.20121959234652,4.590878898173521,4.633114625270535,4.583077921632408,19.458333333333332,19.89047311827957,20.11091564197799,4.445500030194253,4.568151544612646,4.530224592292732,20.4035,19.94571584699454,20.528157028109216,4.412187440339991,4.438795436271681,4.481327169282095,7.7781768730022165
2013-01-08,sz000901,21.45,21.99,22.59,21.27,80376,77471539.0,6.15,2.52,0.54,3.62,4.905126389251473,0.09684112658045496,21.348000000000006,21.482000000000003,21.369544922673665,4.74570027144102,4.787536069691658,4.783735733154495,20.785,21.139999999999997,20.900061108642703,4.686946442241319,4.748147745705957,4.712675367758125,20.041,20.51757142857143,20.37157963117066,4.6140002570045855,4.663042957754149,4.6137492042627954,19.534666666666666,20.053806451612903,20.232146890882635,4.4746590163256075,4.597804858100209,4.554411804999747,20.402833333333334,19.99773224043716,20.576086305876125,4.411770567714909,4.4549573690228765,4.495222225674533,7.88914218346858
2013-01-09,sz000901,21.92,21.7,22.55,21.47,66837,64141087.0,4.91,-1.32,-0.29,3.01,4.825016948212894,-0.0801094410385792,21.482,21.599333333333334,21.479696615115778,4.7861407053588225,4.81397496194895,4.797496138173962,20.988999999999997,21.306363636363635,21.045504543434937,4.7196874530109865,4.773251474064424,4.733101109658992,20.172,20.675571428571427,20.498095856773457,4.632904062925413,4.683139785488273,4.633869941781852,19.59666666666667,20.193505376344085,20.326847091470853,4.505749005908622,4.620408595641324,4.571870201336079,20.398000000000003,20.04026229508197,20.61293593519166,4.41552698309629,4.468506430678549,4.506035167397102,7.807136315650133
2013-01-10,sz000901,21.7,21.88,22.08,21.52,41733,39748581.0,2.58,0.83,0.18,1.88,4.620479605335129,-0.2045373428777646,21.586000000000006,21.731999999999996,21.613131076743855,4.761162324392525,4.758754595274386,4.7384906272276845,21.207,21.468363636363637,21.197230990083128,4.753051608538598,4.755213683577905,4.712624472509198,20.301,20.838238095238097,20.629705775175985,4.641693021735462,4.681956503813009,4.632594671644069,19.66466666666667,20.340817204301075,20.427050504924345,4.525820794573028,4.627810569797873,4.575006291916663,20.3995,20.088852459016397,20.654479019283738,4.419933907862899,4.47522618878474,4.509787444050808,7.599321629222179
2013-01-11,sz000901,21.99,23.35,23.62,21.99,164934,165831676.0,7.45,6.72,1.47,7.44,5.217310191668319,0.5968305863331897,22.074,22.319999999999997,22.192087384495906,4.875243679427767,4.910803884366317,4.898097148707896,21.531,21.858,21.58864353734074,4.806452702481464,4.839624335056036,4.80438551235631,20.5025,21.128619047619043,20.888781415635417,4.665544740223337,4.7367771866637565,4.688281864027331,19.817666666666664,20.57858064516129,20.615627891703422,4.55876222755961,4.672422788965311,4.616445253190964,20.419166666666666,20.185590163934425,20.7428567563564,4.431890857954884,4.5013696734996715,4.5329849111858085,8.219667490014436
2013-01-14,sz000901,23.38,25.64,25.64,22.91,208221,225650756.0,11.69,9.81,2.29,9.39,5.318524527884408,0.10121433621608933,22.912000000000003,23.508666666666667,23.34139158966394,4.977291532470445,5.058564167185197,5.0382396084334005,22.012999999999998,22.605090909090908,22.325253803278784,4.858835442580705,4.932728303311118,4.897865333361419,20.841,21.617904761904764,21.34127842367014,4.698402578853,4.7989657378695725,4.748304974870862,20.072333333333336,20.954215053763438,20.939780930948366,4.597680670753671,4.721439711566911,4.661740690267961,20.481166666666663,20.356765027322407,20.903418829918483,4.447280989707171,4.530439629890804,4.558740308454615,8.353436792879778
2013-01-15,sz000901,26.11,25.28,27.7,25.17,274689,316721408.0,9.87,-1.4,-0.36,12.39,5.438841268321354,0.1203167404369454,23.57,24.298000000000002,23.987594393109294,5.084034508284421,5.212414079135501,5.171773495062719,22.459,23.19909090909091,22.862480384500824,4.91486738986272,5.038183907991234,4.996224594263225,21.176000000000002,22.040666666666667,21.716394764272984,4.750164597393153,4.869483708295131,4.814070336151862,20.326,21.290193548387094,21.219795064435573,4.647739835963802,4.775708137216439,4.711876211432696,20.532666666666668,20.514103825136615,21.046913294511317,4.462373952232881,4.562949802960121,4.5875960776305735,8.5006774194251
2013-01-16,sz000901,25.64,26.45,26.49,24.77,201042,226773191.0,6.8,4.63,1.17,9.07,5.303286796041361,-0.13555447227999284,24.520000000000003,25.258,24.808396262072865,5.179688477850115,5.285498175054481,5.215611262055599,23.000999999999998,23.924727272727274,23.514756678227943,4.982914591604468,5.108805618205533,5.052054085495613,21.5345,22.542952380952382,22.1672143105327,4.784009865521744,4.922162012928292,4.8606623799508615,20.608999999999998,21.68529032258065,21.557227640923603,4.687818673154485,4.818001489479508,4.750031733020352,20.603333333333335,20.70811475409836,21.224063678297828,4.474790390867523,4.590520715871874,4.611061347086665,8.355591711204323
2013-01-17,sz000901,26.0,23.94,26.09,23.85,140080,151401623.0,8.47,-9.49,-2.51,6.32,5.14637613307539,-0.1569106629659709,24.932000000000002,25.064666666666664,24.518930841381913,5.284867783398166,5.274394060129572,5.192532885728863,23.259,24.095454545454544,23.592073645822865,5.023015053895346,5.138525898472974,5.069203548691935,21.751,22.77204761904762,22.33605104286292,4.809071810601132,4.95667308602864,4.887873213581769,20.831000000000003,21.900193548387097,21.710954889896275,4.723081528584251,4.847585841732469,4.775602339475516,20.62316666666667,20.817513661202188,21.31311077081265,4.480719494272685,4.612539920534427,4.628612651545311,8.180130530752997
2013-01-18,sz000901,23.76,23.74,24.18,23.31,86819,90276727.0,3.63,-0.84,-0.2,3.91,4.938614779233814,-0.20776135384157612,25.01,24.667333333333332,24.25928722758794,5.229128700911265,5.158976392074789,5.10789351689718,23.541999999999998,24.18290909090909,23.618969346582343,5.052186190169516,5.123180393989059,5.045460136063186,21.960500000000003,22.961476190476194,22.469760467352167,4.828890541248337,4.969010511612704,4.892705743643869,21.010333333333335,22.087870967741942,21.841861026032,4.7371583356695615,4.861491212742118,4.786119271072827,20.645333333333333,20.919704918032785,21.392680909474528,4.4883929799930495,4.627552880697087,4.638776655731819,7.955575805261658
2013-01-21,sz000901,23.27,23.89,24.25,23.27,74006,76978374.0,4.13,0.63,0.15,3.34,4.869266931369597,-0.06934784786421666,24.660000000000004,24.293999999999997,24.13619148505863,5.1392771816083025,5.039022468894232,5.028351321721319,23.786,24.24618181818182,23.668247647203735,5.058284357039374,5.089922346934529,5.013425007937078,22.171,23.1452380952381,22.605021375223387,4.850577595241885,4.972855882100444,4.890473475808223,21.182666666666666,22.273655913978494,21.97399902435252,4.746680717795472,4.8700143479485725,4.791483636253264,20.674,21.026087431693988,21.474560223917983,4.495664874433341,4.640040551234024,4.646333713949451,7.886368733333194
2013-01-22,sz000901,23.76,23.04,23.96,22.86,63494,64889236.0,4.6,-3.56,-0.85,2.86,4.802732687654082,-0.0665342437155152,24.212000000000003,23.754,23.770794323372424,5.012055465474848,4.926840970909493,4.953145110365574,23.891,24.110545454545452,23.554020802257604,5.048044986879635,5.043458407046293,4.97511731334017,22.338,23.228,22.6464479109164,4.8674957145604765,4.968299224234938,4.882117210269734,21.324333333333335,22.393483870967742,22.042773280845907,4.758681833629603,4.873630604068483,4.79220938150493,20.684,21.103661202185794,21.525886118215755,4.498703986948728,4.650108348388801,4.651461549152882,7.812172660844877
2013-01-23,sz000901,23.04,23.76,23.91,22.97,66224,68277863.0,4.08,3.13,0.72,2.99,4.821015409056685,0.018282721402602675,23.674000000000003,23.603333333333335,23.76719621558162,4.915601188077913,4.863160952103438,4.909101876595944,24.097,24.086727272727273,23.59147156548349,5.047644832964013,5.002180301987575,4.9470987852886275,22.543,23.36342857142857,22.752500490829124,4.8836661429875,4.963872528472673,4.876297991106587,21.48033333333333,22.550623655913977,22.153562101436492,4.771150986271612,4.877652125063777,4.794067834895365,20.7225,21.20451366120219,21.59913575368409,4.503587948555883,4.660675935998899,4.657020692100547,7.834279919855825
2013-01-24,sz000901,23.65,24.23,24.86,23.6,129851,138662297.0,5.3,1.98,0.47,5.86,5.113445298538364,0.2924298894816797,23.732000000000006,23.788666666666668,23.92146414372108,4.909015021170509,4.929108988923588,4.977216350576751,24.332,24.11090909090909,23.707567644486492,5.096941402284338,5.014144023001093,4.977343605879488,22.7695,23.52409523809524,22.89321472979778,4.9249965054114675,4.985756257572756,4.898883448957233,21.64466666666667,22.728021505376347,22.287525836827687,4.7934424819184205,4.899735629080988,4.8146728325497525,20.773999999999997,21.31951366120219,21.685393597825595,4.517720733471845,4.680671258949145,4.671985433295229,8.14195839019538
2013-01-25,sz000901,24.07,23.44,24.5,23.27,52933,55012470.0,5.08,-3.26,-0.79,2.39,4.723726508510903,-0.38971879002746146,23.672000000000004,23.691333333333333,23.760976095814055,4.8660373670259265,4.867346151370386,4.892719736554802,24.341,23.948727272727275,23.658918981852583,5.047583033968595,4.946286769587742,4.931231406357926,22.936,23.587952380952377,22.945289517436088,4.927017868225031,4.966587686439369,4.882201835581392,21.782,22.843849462365597,22.361879008645257,4.7928908381384225,4.895237824345019,4.808805327773053,20.811666666666667,21.40692349726776,21.74292167658541,4.5276331665475835,4.6874255466553425,4.673681861990825,7.740461144736864
2013-01-28,sz000901,23.65,24.81,25.26,23.65,114778,123416445.0,6.87,5.84,1.37,5.18,5.059858652920686,0.3361321444097829,23.856000000000005,24.070666666666668,24.110650730542705,4.904155711336144,4.931953246668638,4.948432708676763,24.258000000000003,24.034,23.868206439697566,5.021716446472224,4.948518700306303,4.954618178460246,23.1355,23.76642857142857,23.12288099196598,4.940275944526464,4.979239189743716,4.899121532470849,21.98,23.03920430107527,22.51982229841008,4.806173868059407,4.912461554330971,4.825002316492255,20.875833333333333,21.538016393442618,21.843481621615396,4.5392891650217955,4.704875562602001,4.686343396119673,8.09137303244363
2013-01-29,sz000901,24.99,24.5,24.99,24.14,79057,84580617.0,3.43,-1.25,-0.31,3.56,4.897940330014973,-0.16191832290571284,24.148000000000003,24.285333333333334,24.240433820361808,4.923197239808323,4.929881452894915,4.9316019157895,24.18,24.078,23.983077996116187,4.967626352641585,4.926013951859531,4.94431311510656,23.319499999999998,23.89638095238095,23.254035183207314,4.941246871252153,4.975207226456908,4.899009036998861,22.17733333333333,23.201784946236558,22.647575698512657,4.8226518491426305,4.91838197123133,4.829707994784044,20.925833333333333,21.656841530054646,21.93058058484112,4.54823674784723,4.716634617191942,4.693281000509683,7.9272708489205765
2013-01-30,sz000901,24.34,24.43,24.83,23.8,70697,75553641.0,4.2,-0.29,-0.07,3.19,4.849400985068625,-0.04853934494634782,24.282000000000004,24.37933333333333,24.303622546907874,4.92887435501071,4.905282701315016,4.904201605549209,23.978,24.123454545454546,24.064336542276877,4.922237771544312,4.904518430482628,4.927056364190571,23.4895,24.00214285714286,23.366031832425666,4.95257618157439,4.966459999201334,4.8942844606245535,22.349,23.34711827956989,22.76257081473765,4.830085834195935,4.920107721936232,4.830978510286275,20.974,21.771732240437164,22.012528762387312,4.558341142520819,4.726508854477889,4.698399688528009,7.8782553982330406
2013-01-31,sz000901,26.83,26.83,26.83,26.83,80659,94935066.0,0.0,9.82,2.4,3.64,4.906652833377351,0.057251848308726316,24.802,25.228666666666662,25.14574836460525,4.887515861978508,4.89787552743723,4.9050186814919225,24.267,24.642000000000003,24.56718444368108,4.898265441574508,4.901684805361363,4.92334663131544,23.762999999999998,24.320285714285717,23.69593356267084,4.960640247734927,4.962086346992092,4.895462400886725,22.589666666666666,23.63621505376344,23.02498560088361,4.8388030209255914,4.925047528335034,4.8358607246792475,21.057666666666663,21.96373224043716,22.17047863903035,4.5656973776225005,4.7379289099158095,4.705227660490283,7.977426656657081
2013-02-01,sz000901,28.1,29.47,29.47,27.34,284254,359008368.0,7.94,9.84,2.64,12.82,5.453706584760669,0.5470537513833174,26.008000000000003,26.784666666666666,26.5871655764035,5.03351187722846,5.086605768364617,5.087914649248171,24.84,25.587999999999997,25.45860545392088,4.949774622127193,5.002674104122483,5.019775713760027,24.191,24.863809523809522,24.245844651940285,5.000980406148354,5.009045045756447,4.948628513636624,22.920333333333335,24.080107526881726,23.440792981471766,4.869185234874623,4.964718726001814,4.875721747910307,21.191,22.239546448087427,22.40980720824247,4.585932908417124,4.767043965887552,4.729767953089311,8.55510457151389
2013-02-04,sz000901,30.99,29.18,31.71,28.91,324593,428273776.0,9.5,-0.98,-0.29,14.64,5.511339149827387,0.057632565066718655,26.881999999999998,27.842,27.451443717602334,5.123807976609801,5.245881525897592,5.229056149441243,25.369,26.37709090909091,26.135222644117082,5.013981843972973,5.104776745522519,5.109150883954092,24.5775,25.33895238095238,24.71576420889835,5.036133100506174,5.057650640392547,5.00222000279765,23.237,24.48395698924731,23.811064402021977,4.905045678152247,5.006148010837475,4.916729322227539,21.316166666666668,22.501480874316943,22.63178074239845,4.606446726252527,4.797385154130511,4.755393238228264,8.631721482551672
2013-02-05,sz000901,28.01,27.41,28.46,26.45,215919,258507510.0,6.89,-6.07,-1.77,9.74,5.33429086017625,-0.17704828965113695,27.464,28.018000000000004,27.437629145068225,5.211078082642056,5.316042487086409,5.264134386352913,25.806,26.74818181818182,26.367000345186703,5.067137661225189,5.1630147484685684,5.1500854250853925,24.848499999999998,25.608714285714285,24.972358093765173,5.057591324052412,5.086046617503983,5.033845798738469,23.494000000000003,24.75318279569892,24.043253795439917,4.93404303011538,5.033841248387412,4.943668776288746,21.425166666666666,22.70127868852459,22.78844366887719,4.622626901329471,4.821248896226372,4.774373488128198,8.412473164467418
2013-02-06,sz000901,27.3,27.23,28.13,26.85,152605,183407323.0,4.67,-0.66,-0.18,6.88,5.183568763218047,-0.15072209695820327,28.024,27.94,27.368419430045485,5.277911638271941,5.306872713945072,5.237279178641291,26.153000000000002,27.007090909090913,26.523909373334575,5.103392996641325,5.184184039739996,5.156173304745875,25.125,25.83552380952381,25.187371608644682,5.07551891480267,5.0980444688530895,5.048105128688905,23.746333333333336,24.99421505376344,24.248850324766376,4.956908427538775,5.049939682781131,4.959146194800314,21.531166666666667,22.89160109289618,22.934068466618918,4.640511569052494,4.839640432681734,4.787789726655734,8.26341667198285
2013-02-07,sz000901,27.07,27.57,28.1,26.92,128125,155119380.0,4.33,1.25,0.34,5.78,5.107633878399829,-0.07593488481821797,28.172000000000004,27.788666666666668,27.43561295336366,5.318107847276436,5.25011346065437,5.194064078560804,26.487000000000002,27.26472727272727,26.714107669091923,5.102811854627472,5.184955109150635,5.147347954501139,25.4095,26.068380952380945,25.414288598297567,5.099876628455904,5.101103036814726,5.053774533423279,24.008666666666667,25.240903225806452,24.46311804574919,4.984268288483468,5.059663905417329,4.968726045355122,21.639166666666668,23.0895956284153,23.086066221811738,4.650395895122464,4.854955918234106,4.79827642015554,8.190666060233124
2013-02-08,sz000901,27.25,27.25,27.68,27.14,87365,104986633.0,1.96,-1.16,-0.32,3.94,4.941337481247457,-0.16629639715237232,27.728,27.481333333333335,27.37374196890911,5.215634026573794,5.124523338644709,5.109821879456355,26.868000000000002,27.403454545454547,26.811542638347937,5.124572951901127,5.155596132172451,5.109891504818652,25.6045,26.243666666666666,25.58911825560256,5.086077992934862,5.086004070413921,5.043066242739867,24.246666666666666,25.45002150537635,24.642916881507308,4.992869562783729,5.056894175918231,4.966959041219144,21.75,23.27355737704918,23.222588640768727,4.660462862045639,4.864494986631647,4.802966946748717,8.021134007794826
2013-02-18,sz000901,27.5,28.01,28.8,27.39,107275,132443049.0,5.17,2.79,0.76,4.84,5.0304985232047095,0.08916104195725261,27.494,27.575333333333337,27.58582797927274,5.119465901249258,5.062811504188347,5.083380760705807,27.188,27.611090909090912,27.02944397683013,5.121636938929529,5.138491690591283,5.09545641725248,25.723000000000003,26.472761904761903,25.819678421735652,5.071676692700877,5.080710787582477,5.041869317069851,24.48633333333333,25.692817204301075,24.860148050442323,5.000729609327485,5.059321850784101,4.971058362637567,21.871666666666666,23.478803278688524,23.379552947628767,4.674768909154891,4.8766273033909595,4.810426998435799,8.122029170182063
2013-02-19,sz000901,28.15,27.14,28.15,27.03,77442,93440831.0,4.0,-3.11,-0.87,3.49,4.888976560438608,-0.14152196276610152,27.440000000000005,27.457333333333334,27.437218652848497,5.03040304130173,4.9859817239181305,5.018579360616741,27.451999999999998,27.602363636363638,27.049545071951922,5.1207405619718935,5.0961898035929325,5.057914625104503,25.815999999999995,26.607714285714284,25.945423333951304,5.0441834573067394,5.063310774986071,5.02730810215259,24.697,25.864021505376346,25.007235272994432,5.001078101492066,5.052111976662237,4.965762762495699,21.988833333333332,23.651535519125687,23.50284629360815,4.687115160371226,4.883650505072394,4.813002393911301,7.970536692108967
2013-02-20,sz000901,27.12,27.3,27.41,26.83,59257,70594306.0,2.14,0.59,0.16,2.67,4.77273966070418,-0.11623689973442808,27.454000000000008,27.410666666666664,27.391479101899,4.948237220798957,4.900093930385613,4.936632793979221,27.738999999999997,27.574727272727277,27.095082331597027,5.113074429535449,5.032916912453348,5.006064631577171,25.8585,26.74904761904762,26.074430635479754,5.01765610053988,5.037458984833447,5.003063488681312,24.906000000000002,26.031956989247313,25.155155577962535,5.006075597561409,5.037380464353343,4.9533096591543115,22.1165,23.82567213114754,23.627343136440672,4.695386075014473,4.8864578657390485,4.811682304297953,7.848769673112628
2013-02-21,sz000901,27.1,26.47,27.1,26.15,63491,74013688.0,3.48,-3.04,-0.83,2.86,4.802712167380885,0.029972506676704924,27.234,27.082666666666668,27.084319401266,4.887252878595168,4.851585579246256,4.89199258511311,27.702999999999996,27.344,26.981430998579384,5.102680362935802,4.976487410243428,4.969091456268755,25.985000000000003,26.80728571428571,26.112103908291203,5.000472902255155,5.016988134056399,4.983982410462224,25.07633333333333,26.132860215053764,25.23998425035205,5.007986952801885,5.024260243051373,4.943593691943123,22.224,23.96840983606557,23.720545000819666,4.703838126320824,4.889976754013357,4.811388201448213,7.869312045043663
2013-02-22,sz000901,26.47,26.89,27.75,26.47,85754,102182034.0,4.84,1.59,0.42,3.87,4.933254386877042,0.1305422194961574,27.162,26.968,27.01954626751067,4.8856362597210845,4.866919415340215,4.905746519034421,27.445,27.196181818181817,26.96480718065586,5.05063514314744,4.945682687323654,4.9625756254702615,26.142500000000002,26.893476190476193,26.186189250358705,5.000204882637316,5.010586370687055,4.979151170120779,25.27566666666667,26.249870967741938,25.346436879361598,5.017531985148049,5.019438787185254,4.9429266400033764,22.342666666666666,24.121393442622956,23.82446155816984,4.719811033218659,4.897498598621756,4.815383814085224,8.00937454334707
2013-02-25,sz000901,26.87,27.54,27.68,26.67,68221,81799490.0,3.76,2.42,0.65,3.08,4.833918081112112,-0.09933630576492991,27.068,27.094,27.193030845007115,4.846320171302565,4.849680022470556,4.881803706393652,27.281,27.21345454545455,27.069387693263884,4.982893036275912,4.906279585135413,4.939183344677871,26.325,27.02657142857143,26.3151236074674,4.998437440124443,4.9947495324465585,4.965319447358048,25.478666666666665,26.39595698924731,25.48795708069311,5.01838641242942,5.007592728860355,4.935893829752327,22.4685,24.29179781420765,23.946282490688862,4.731943221311837,4.901239813306789,4.815991494971351,7.9127505959589
2013-02-26,sz000901,27.36,27.68,28.44,27.12,108150,131983846.0,4.79,0.51,0.14,4.88,5.03402652377511,0.200108442662998,27.176,27.298000000000002,27.355353896671414,4.875330163969866,4.912248806628072,4.932544645520805,27.308,27.285999999999998,27.18040811267045,4.952866602635798,4.915576582862539,4.956427559059187,26.557,27.155619047619048,26.445111835327644,5.010002131930494,4.998138968984717,4.9718629784453885,25.668333333333333,26.53797849462365,25.629379204519363,5.022683083580207,5.008601768302012,4.942224971302185,22.601499999999998,24.46266666666667,24.06869945820726,4.7486710499529075,4.9111441838793555,4.8231401844403265,8.120520779521186
2013-02-27,sz000901,27.79,28.22,28.35,27.25,112967,138557503.0,3.97,1.95,0.54,5.09,5.05295159559851,0.018925071823399975,27.360000000000003,27.646000000000004,27.64356926444761,4.931372550948732,4.9714559505042875,4.972680295546707,27.407,27.451818181818183,27.36942481945764,4.939804885873844,4.933773854310306,4.973977383884518,26.78,27.314000000000004,26.61414880339168,5.021598941257585,5.002229394095958,4.979585703888543,25.885666666666665,26.702602150537636,25.796516030034244,5.030280905159728,5.010554575528999,4.9493686244825925,22.74116666666667,24.646879781420765,24.204807672692265,4.768014955534174,4.921120595211998,4.830674984806168,8.141630048149796
2013-02-28,sz000901,28.22,28.51,28.62,27.83,94798,117417812.0,2.8,1.03,0.29,4.27,4.976799174910574,-0.07615242068793648,27.768,28.029333333333334,27.932379509631744,4.96618995245467,4.986598158491566,4.974053255334662,27.500999999999998,27.65236363636364,27.576802125010797,4.926721415524918,4.94050008868062,4.974490436798345,26.994,27.478761904761903,26.79470606021152,5.014766635076196,4.997962749681957,4.979320320176355,26.106666666666666,26.871913978494618,25.97157951196752,5.0421582241455765,5.007104141319377,4.95113833741343,22.88566666666667,24.8360218579235,24.34596151948924,4.783989509359302,4.927965979453846,4.8354659418587715,8.069733983338699
2013-03-01,sz000901,28.8,28.53,29.45,28.22,132683,167636156.0,4.31,0.07,0.02,5.98,5.122815282479012,0.14601610756843808,28.096000000000004,28.283333333333335,28.1315863397545,5.004102131575064,5.038806601833015,5.0236405977161125,27.629,27.839454545454544,27.750110829554288,4.944869195648074,4.976153519035909,5.0014585905584665,27.248499999999996,27.62504761904762,26.959972149715185,5.034721073774601,5.008253097053652,4.992986507062323,26.279333333333334,27.02825806451613,26.136638898292198,5.039008393839266,5.012307822502178,4.9622142693531455,23.0485,25.021081967213117,24.483143109014183,4.798885310699438,4.939075021195476,4.844887231715172,8.22436769363682
2013-03-04,sz000901,28.15,28.08,28.8,27.41,109989,135680914.0,4.87,-1.58,-0.45,4.96,5.041349253538417,-0.08146602894059463,28.204,28.278,28.114390893169666,5.045588366060325,5.051222309154132,5.029543482990214,27.636000000000003,27.921454545454548,27.810090678726233,4.9459542686814455,4.993695347743245,5.008711438373003,27.412,27.704238095238093,27.06664146878993,5.033795603805488,5.008884352269255,4.997592482917189,26.360666666666663,27.14443010752689,26.262017033886252,5.029769218027734,5.012458845708576,4.967319752203808,23.2165,25.18604918032787,24.601072843144866,4.813724944390702,4.947024658665606,4.851328609479869,8.13251876050093
2013-03-05,sz000901,28.46,28.28,28.46,27.7,61756,76384693.0,2.71,0.71,0.2,2.78,4.790679158535811,-0.2506700950026062,28.324,28.30333333333333,28.16959392877978,4.996918893012465,4.966252573312628,4.949922041505413,27.75,28.038545454545456,27.895528737139642,4.936124528491165,4.965463509534947,4.969069205675332,27.601,27.78690476190476,27.18219942414327,5.02843254523153,4.985730405100714,4.977886452023724,26.460666666666665,27.26825806451613,26.392209483312946,5.008163814368214,4.997033680580065,4.955923584870389,23.39333333333333,25.352065573770492,24.721693405664706,4.827951825166008,4.946269059129381,4.849340102891539,7.883006337480498
2013-03-06,sz000901,28.55,28.73,29.0,28.13,99381,124992282.0,3.08,1.59,0.45,4.48,4.997303362426589,0.20662420389077774,28.426000000000005,28.43866666666667,28.356395952519854,4.985789246378081,4.966380729784003,4.965715815145805,27.893,28.216727272727272,28.047250784932434,4.958580898663406,4.976586933886843,4.9742026887210145,27.815999999999995,27.89442857142857,27.329609002796293,5.035827664099427,4.982765721024053,4.979735681585901,26.53666666666667,27.414666666666665,26.543034677937918,4.997964366581056,4.99633300626125,4.958593247938531,23.57283333333333,25.52703825136612,24.853113294003567,4.842891519867771,4.951821568547762,4.854191357302524,8.096883197101697
2013-03-07,sz000901,28.84,27.52,28.84,27.36,87211,107437860.0,5.15,-4.21,-1.21,3.93,4.94057126633176,-0.05673209609482921,28.228,28.136666666666663,28.077597301679905,4.978543664662317,4.951308069768562,4.957334298874457,27.998,28.148909090909093,27.951387005853807,4.972366808558494,4.973312455281089,4.96808788465024,27.8505,27.866238095238096,27.347741478720454,5.037523585747148,4.973693683141418,4.976005737275983,26.656,27.478107526881725,26.606064698716118,4.991104204356268,4.992630225600005,4.957430539447771,23.743499999999997,25.656453551912566,24.940552202396894,4.857092866470259,4.955024183185925,4.857023485467416,8.031157349256272
2013-03-08,sz000901,27.57,26.89,27.88,26.83,64839,77522343.0,3.82,-2.29,-0.63,2.92,4.81183630818402,-0.1287349581477395,27.9,27.690666666666665,27.68173153445327,4.916347869803319,4.895738950942463,4.908834968644312,27.998,27.947454545454548,27.758407550244023,4.960225000689191,4.944125091576639,4.939678507110926,27.7215,27.77476190476191,27.304147052175647,5.005430071918315,4.952199656706834,4.960370553552939,26.761,27.49320430107527,26.624383105250562,4.986878255321274,4.9810645548792145,4.948037363237208,23.88566666666667,25.759617486338797,25.004468523629782,4.862018295495418,4.9535403616027684,4.85554193867124,7.889426890159761
2013-03-11,sz000901,27.05,27.03,27.41,26.92,36855,43906445.0,1.82,0.52,0.14,1.66,4.566496415535762,-0.24533989264825795,27.690000000000005,27.400666666666666,27.46448768963552,4.821377302202789,4.7791217995199435,4.794722117608129,27.946999999999996,27.771454545454542,27.625969813836015,4.933482834131556,4.872538076094197,4.871827217733624,27.614000000000004,27.708904761904762,27.2780378091113,4.958187935203734,4.910396451337068,4.922858730884636,26.865666666666666,27.51055913978494,26.65055193716988,4.97678590479348,4.953943145860795,4.923421818224211,24.024166666666666,25.862710382513665,25.070879391707493,4.8617333112944765,4.943851119636879,4.846065036273355,7.6425282747408
2013-03-12,sz000901,27.12,26.49,27.48,26.11,47329,55328619.0,5.07,-2.0,-0.54,2.13,4.675127328489335,0.10863091295357297,27.332000000000004,27.000666666666667,27.139658459757012,4.798266936193493,4.7303718082821264,4.754857187901864,27.827999999999996,27.506545454545456,27.41942984768401,4.8975929146029795,4.825564347795611,4.836063601507389,27.568,27.601857142857146,27.202986589195937,4.9252297586193885,4.883438298316649,4.899265263989846,26.980666666666668,27.48632258064516,26.64019374767505,4.972532392821322,4.93448130222827,4.907402818886478,24.1525,25.94355737704918,25.11740793624167,4.865607113225462,4.937732890692447,4.840460521264043,7.742949830377455
2013-03-13,sz000901,26.49,25.77,26.69,25.17,49302,55654607.0,5.74,-2.72,-0.72,2.22,4.692864537357267,0.017737208867932175,26.740000000000002,26.479999999999997,26.68310563983801,4.7373791711796285,4.695237675336717,4.734192971053665,27.583000000000006,27.13236363636364,27.11953351174146,4.861584208778855,4.788341006478209,4.810027408025548,27.494999999999997,27.43061904761905,27.066511675939182,4.900694547326349,4.861308277244065,4.8796080519295995,27.047666666666668,27.408215053763442,26.584052215566985,4.968260697098008,4.916438214778975,4.89356163943298,24.264,25.996590163934425,25.1388043973485,4.8697058416848105,4.932069199680376,4.835621308676935,7.745501120366407
2013-03-14,sz000901,25.73,25.89,26.4,25.53,30281,34569253.0,3.38,0.47,0.12,1.37,4.4811702132094995,-0.2116943241477678,26.414000000000005,26.196666666666665,26.418737093225342,4.6454989605551775,4.609834689346674,4.649852051772277,27.320999999999998,26.824545454545454,26.8959819641521,4.812021312608747,4.7191748254656,4.750235190786267,27.411,27.27776190476191,26.954462944897355,4.869371364066833,4.821353578756747,4.841661591099114,27.103,27.333526881720427,26.539274653272344,4.947184860920379,4.885013022270039,4.866955740966949,24.373833333333334,26.049901639344263,25.16343376136986,4.8703136714194,4.919330326615611,4.82399996128456,7.538689995062132
2013-03-15,sz000901,25.95,26.09,26.65,25.66,37901,43619239.0,3.82,0.77,0.2,1.71,4.578650668774207,0.09748045556470775,26.254,26.088666666666665,26.309158062150228,4.598861832673214,4.587551925419685,4.626118257439588,27.076999999999998,26.600727272727273,26.749439788851717,4.757604851238267,4.676743799313865,4.719038004965892,27.353,27.15195238095238,26.872133140621415,4.85123702344317,4.7936658934907825,4.816612931830075,27.191333333333333,27.268172043010754,26.510289191770905,4.942348999595823,4.861236622776738,4.848355413728708,24.486666666666668,26.106169398907106,25.19381298230855,4.867619918867123,4.909767605217408,4.81595572218586,7.639678084420496
2013-03-18,sz000901,26.13,25.44,26.24,25.37,22718,25735703.0,3.33,-2.49,-0.65,1.02,4.356370095208162,-0.22228057356604491,25.936,25.817333333333334,26.019438708100154,4.556836568607695,4.506721346264667,4.536202203362446,26.813,26.303090909090912,26.511359827242313,4.689106935405241,4.603792025490209,4.65309838500994,27.2245,26.969761904761903,26.735739508181283,4.817530602043343,4.746535709849352,4.772780280723227,27.212333333333333,27.155182795698927,26.441238276172783,4.918899381005406,4.823431532171083,4.81661442543706,24.596166666666665,26.137426229508197,25.20188468780663,4.862536624532407,4.893005315917114,4.8008873409734765,7.410536035995973
2013-03-19,sz000901,25.55,25.8,25.91,25.44,23717,26746248.0,1.85,1.42,0.36,1.07,4.375059753585813,0.018689658377650353,25.798000000000002,25.772,25.946292472066773,4.49682305362699,4.446129074590707,4.482488053436902,26.565000000000005,26.11890909090909,26.38202167683462,4.647544994910242,4.546692537886677,4.60254590656919,27.157500000000006,26.834095238095237,26.646621459783063,4.791834761700703,4.704395629043873,4.734902135281568,27.25566666666667,27.064064516129033,26.399868064806796,4.901470028457767,4.788345104595625,4.788127027253109,24.7165,26.176896174863387,25.221495025911327,4.862060938800199,4.877022467689358,4.786925780731258,7.4272628672102154
2013-03-20,sz000901,25.77,26.78,26.8,25.77,52800,61147775.0,3.99,3.8,0.98,2.38,4.722633922533812,0.3475741689479994,26.000000000000007,26.099333333333334,26.22419498137785,4.502776930662298,4.521399364226314,4.562536676469206,26.369999999999997,26.157999999999998,26.4543813719556,4.620078050920964,4.560345070181871,4.62438009129003,27.1315,26.798142857142857,26.65932417789896,4.789329474792185,4.697805072932741,4.733733734067496,27.334,27.03337634408602,26.424392705787003,4.897244459706607,4.776807291310208,4.783901665658316,24.8415,26.244551912568305,25.272593549651937,4.863665146951271,4.8724510901068525,4.784817850954292,7.786380658873488
2013-03-21,sz000901,26.74,27.41,27.7,25.8,74239,88758740.0,7.09,2.35,0.63,3.35,4.870632113299614,0.14799819076580167,26.304000000000002,26.569333333333336,26.61946332091857,4.580669310680321,4.6440177584387525,4.665235155412676,26.359,26.347090909090912,26.628130213418217,4.613084135617749,4.605900354250718,4.669153186200863,27.178500000000003,26.824666666666662,26.730817113337157,4.7927254720881205,4.705548181362021,4.746771674946745,27.353333333333335,27.03827956989247,26.487980273155586,4.896043769037348,4.775090365735563,4.789497178409368,24.9715,26.328765027322405,25.342672449663347,4.86742339498147,4.872679515233029,4.78763143332627,7.948211128452589
2013-03-22,sz000901,27.7,27.39,27.88,27.25,36397,43874082.0,2.3,-0.07,-0.02,1.64,4.5610655886727125,-0.30956652462690126,26.564000000000004,26.93133333333333,26.87630888061238,4.5771522946600225,4.637483184436216,4.630511966499355,26.409,26.534545454545455,26.76665199279672,4.588007063666618,4.596442436624347,4.649500895741199,27.2035,26.844809523809527,26.793596435876474,4.774116032177905,4.683485335322457,4.729085381015885,27.284,27.040645161290325,26.546175094242322,4.86628906916775,4.753478870228168,4.7747596564908745,25.102166666666665,26.408060109289618,25.409797943117006,4.867737152021187,4.862634996993395,4.7802030449769735,7.642208042601966
2013-03-25,sz000901,27.39,27.21,27.61,26.98,22958,27424926.0,2.3,-0.66,-0.18,1.04,4.360934051548386,-0.2001315371243262,26.918000000000006,27.146666666666665,26.98753925374159,4.578065085928067,4.565410436732337,4.540652661515699,26.427,26.680181818181815,26.847260721379136,4.567450827267881,4.555156434421032,4.5970341967970505,27.187,26.84542857142857,26.833253918173952,4.750466830699718,4.644134670500598,4.694023349638028,27.218333333333337,27.03587096774193,26.589002507517012,4.827942232558451,4.720875320704337,4.748061230365553,25.227666666666664,26.4771693989071,25.468820961375464,4.866493955355349,4.846018501895928,4.766456520602265,7.438145464402263
2013-03-26,sz000901,27.12,26.6,27.12,26.31,29903,34868001.0,2.98,-2.24,-0.61,1.35,4.475714760835735,0.11478070928734851,27.078000000000003,27.040666666666667,26.858359502494398,4.598196087378051,4.531293661701559,4.5190066946223775,26.438,26.711636363636366,26.802304226582926,4.547509570502521,4.538477149615187,4.574976117531357,27.133000000000003,26.789523809523807,26.811039259300244,4.7225512425527505,4.617967806704029,4.673232055466381,27.191333333333333,26.995978494623657,26.589712023161077,4.7993230292471,4.698150967689969,4.730490490395888,25.34266666666667,26.522163934426228,25.505908798707413,4.866683029681241,4.833206069288726,4.756924003888608,7.542427049769016
2013-03-27,sz000901,26.54,27.14,27.63,26.47,37814,45094290.0,4.36,2.03,0.54,1.71,4.577652619865689,0.10193785902995423,27.15,27.061333333333334,26.9522396683296,4.569199826844427,4.524445839197439,4.538555336370148,26.575,26.839272727272725,26.8637034581133,4.5359883787533635,4.543957704044854,4.575462754319417,27.079,26.790190476190475,26.8423688536526,4.698786293766109,4.604167937876689,4.664129252075839,27.188333333333333,26.99266666666667,26.62521447327972,4.779125824468688,4.6838496509556835,4.720629982619746,25.467333333333332,26.58109289617487,25.55948555940553,4.868017126003731,4.823729662409529,4.751046253592775,7.654121553441443
2013-03-28,sz000901,26.96,26.11,27.01,26.0,31963,36962440.0,3.72,-3.8,-1.03,1.44,4.5046475347940325,-0.0730050850716566,26.890000000000004,26.71466666666667,26.671493112219736,4.496002911143311,4.5029284085139745,4.527252735844776,26.596999999999998,26.75472727272727,26.72666646572906,4.538336110911817,4.538259368779521,4.562587259860256,26.959000000000003,26.69790476190476,26.772619439019017,4.675178711760282,4.5856785322603,4.648940517096619,27.139666666666667,26.923096774193542,26.591974829842318,4.759026279681828,4.666141374202481,4.706695631147119,25.574166666666667,26.602163934426233,25.577535213195514,4.871647284082649,4.811815905320686,4.742967607074783,7.5677606325577775
2013-03-29,sz000901,26.22,26.11,26.45,25.77,16907,19369119.0,2.6,0.0,0.0,0.76,4.22806655265797,-0.2765809821360623,26.634000000000004,26.454666666666665,26.484328741479825,4.429403103940362,4.413616289018861,4.427524008115841,26.599,26.666181818181816,26.614545290141955,4.5032776993001935,4.481846721824277,4.501765313096204,26.838,26.617047619047614,26.709512825779107,4.630441275269229,4.543096421869604,4.608857282388176,27.10166666666667,26.856666666666673,26.56087967952991,4.735250582062178,4.631885907942878,4.675816335760723,25.674166666666668,26.619732240437155,25.594993075057957,4.864060072422954,4.790714897732993,4.726085605290625,7.287109867381993
2013-04-01,sz000901,26.45,26.98,27.25,26.36,40471,47834130.0,3.41,3.33,0.87,1.83,4.607143935528615,0.3790773828706451,26.588000000000005,26.569999999999997,26.649552494319884,4.478645080736409,4.472863232881611,4.487397317253433,26.752999999999997,26.735454545454548,26.680991601025234,4.528355083332238,4.500731492047626,4.520925062629369,26.782999999999998,26.630571428571432,26.73527350903824,4.608731009368739,4.5408776276085945,4.60869410649679,27.067333333333334,26.848817204301078,26.587919700205404,4.721138762472975,4.623620963005228,4.671385858326394,25.776833333333336,26.662546448087433,25.64040313817081,4.860934185900231,4.782291417834817,4.722185878413182,7.679737879487409
2013-04-02,sz000901,27.05,26.4,27.23,25.98,38426,44967106.0,4.63,-2.15,-0.58,1.73,4.584625178418518,-0.0225187571100971,26.548000000000002,26.507333333333335,26.56636832954659,4.500427164252965,4.508189932108981,4.519806604308462,26.813,26.67127272727273,26.629902219020646,4.549311625815508,4.51096241842695,4.53250690186376,26.689,26.594095238095235,26.703342698653643,4.598428310362875,4.538581834184764,4.606401827632193,27.04266666666667,26.80576344086021,26.57579584857925,4.710993716405639,4.614813635001715,4.6657883951065315,25.869833333333336,26.6829781420765,25.66530795331275,4.8560359089488525,4.773232106114104,4.71767569152811,7.652894938075526
2013-04-03,sz000901,26.4,27.19,27.59,25.98,62503,73904221.0,6.1,2.99,0.79,2.82,4.7959008629789155,0.21127568456039736,26.558000000000003,26.721333333333337,26.77424555303106,4.54407681287561,4.606681165017631,4.61183802386528,26.854000000000003,26.739818181818183,26.73173817919871,4.556638319860019,4.555796825183932,4.580396712975607,26.612000000000002,26.641809523809528,26.749691013067583,4.588358185390492,4.557388743957721,4.624449354808071,27.038999999999998,26.815268817204306,26.61542192286446,4.711765756481463,4.620291515425797,4.674182747872492,25.9725,26.726262295081963,25.715297856482824,4.858920677021437,4.771260465262633,4.720240451247809,7.86866924359993
2013-04-08,sz000901,27.12,28.39,28.57,26.65,121640,149472903.0,7.06,4.41,1.2,5.49,5.0850764114720945,0.28917554849317906,27.014000000000003,27.331999999999997,27.31283036868738,4.6601625882112225,4.787014364549793,4.769584153067552,26.952000000000005,27.019090909090913,27.033240328435305,4.578082749677266,4.6518764782043105,4.672156658156786,26.6555,26.811142857142855,26.905910916584958,4.5955834426475075,4.604695241679778,4.668318598299883,27.103,26.90243010752689,26.729910831066753,4.721177897951169,4.644376073812289,4.700692016491821,26.08966666666667,26.805524590163934,25.80299300872929,4.864582425376527,4.7786754073757685,4.732202286009261,8.174562469287928
2013-04-09,sz000901,28.33,28.01,28.35,27.83,61374,75527478.0,1.83,-1.34,-0.38,2.77,4.787984428992206,-0.29709198247988855,27.394000000000005,27.664,27.545220245791587,4.77214616347807,4.82962164481012,4.77571757837577,27.014,27.211454545454547,27.210832995992522,4.600774633709216,4.690040419897936,4.693216252854135,26.7115,26.940142857142853,27.01106225786258,4.594390848687917,4.623019145141177,4.679715344080104,27.14033333333333,26.960946236559135,26.81249722906245,4.716335566021676,4.64868617258913,4.706323785040234,26.208000000000002,26.868486338797815,25.87535389368898,4.866933775584863,4.77616399765825,4.734031208730013,7.878104983055833
2013-04-10,sz000901,28.17,28.01,28.44,27.39,71919,88688918.0,3.75,0.0,0.0,3.24,4.856843640105856,0.0688592111136499,27.600000000000005,27.869333333333334,27.700146830527725,4.822086104393518,4.857854137019383,4.802759598952465,27.094,27.392545454545456,27.356136087630244,4.650365592564962,4.73659842106096,4.722966686899902,26.7605,27.063809523809525,27.106199185685192,4.6089082099164225,4.648014649085742,4.696584705606366,27.156,27.017053763440856,26.889755472348746,4.7170997513214665,4.657751209626819,4.716034743431565,26.317333333333334,26.927568306010933,25.94534229061721,4.867743081875443,4.775833173544183,4.738057845824303,7.947869356560841
2013-04-11,sz000901,27.7,27.34,27.92,27.25,50276,60866018.0,2.39,-2.39,-0.67,2.27,4.701360717561426,-0.1554829225444303,27.788000000000004,27.782666666666668,27.580097887018486,4.845433212222099,4.817612341408685,4.7689599718221185,27.168,27.43727272727273,27.353202253515654,4.672930188237532,4.745870261969408,4.71903832883836,26.803000000000004,27.119000000000003,27.12846592990565,4.610219879370026,4.656819649813838,4.697039563887801,27.14466666666667,27.0289247311828,26.918803506390766,4.706010891114344,4.656735788093913,4.715088032085105,26.406499999999998,26.96109836065574,25.991068772892053,4.864346987347275,4.770378014058477,4.736854661291093,7.784374890102028
2013-04-12,sz000901,27.12,26.78,27.57,26.67,34593,41168507.0,3.29,-2.05,-0.56,1.56,4.538988226858225,-0.16237249070320026,27.706000000000007,27.44666666666667,27.31339859134566,4.794050684997961,4.71546401295406,4.692302723500821,27.131999999999998,27.366727272727275,27.24898366196735,4.669063748936786,4.721517178082263,4.686301946660153,26.853499999999997,27.116809523809525,27.095278698486066,4.602526063845074,4.650035682907951,4.68198705559927,27.096666666666668,27.005397849462366,26.90984844146233,4.688878778823001,4.645960132335454,4.703726754328533,26.491166666666665,26.973344262295083,26.01693537050215,4.859579841991364,4.759710513714576,4.730367237211326,7.614565117339515
2013-04-15,sz000901,26.6,25.66,26.6,25.46,44752,50868637.0,4.26,-4.18,-1.12,2.02,4.650812449027452,0.1118242221692265,27.160000000000004,26.764666666666667,26.762265727563772,4.707197892509034,4.667717934297224,4.678472632009698,27.087,27.099090909090904,26.96007754160965,4.683680240360127,4.718198759916928,4.679849310726935,26.842000000000002,27.003142857142855,26.95858548910644,4.6110081756359715,4.654634386258654,4.679018045449574,27.00166666666667,26.912709677419354,26.82921305814218,4.678012554626897,4.643504240090581,4.700312928180076,26.554166666666667,26.946092896174857,26.00523257146929,4.860085389386237,4.752865681158381,4.727758883500379,7.706450101081145
2013-04-16,sz000901,25.21,25.73,25.91,24.83,28943,32266731.0,4.21,0.27,0.07,1.31,4.461543544610252,-0.1892689044172,26.704,26.288000000000004,26.41817715170918,4.641909715632642,4.585833151664297,4.606162936209882,27.049,26.852363636363634,26.736427079498803,4.707027939555355,4.677810269780587,4.640157353251174,26.824,26.8972380952381,26.84157734728678,4.605152819427774,4.6403996594943,4.658306188226781,26.90833333333334,26.830666666666666,26.75829608664914,4.655970163364605,4.629538497508862,4.684908451820733,26.593833333333336,26.919071038251364,25.996208552732593,4.847489278601936,4.739798735428022,4.719030511733489,7.508754968484924
2013-04-17,sz000901,25.66,25.8,26.0,25.3,25101,28274519.0,2.72,0.27,0.07,1.13,4.399691023705374,-0.06185252090487747,26.262,25.986666666666668,26.212118101139453,4.550479192352546,4.505093587688541,4.537338965375047,26.931,26.62527272727273,26.56616761049902,4.686282648373032,4.621930830535136,4.596436202424665,26.842000000000002,26.799714285714288,26.74237950468804,4.607318865852635,4.6208318694255,4.633676172558076,26.832333333333334,26.759161290322577,26.696470532671775,4.6345815557035035,4.613004359466331,4.666507327426194,26.5965,26.893043715846993,25.989775485429885,4.832175386865618,4.725116825431413,4.7085603645850265,7.451395225536569
2013-04-18,sz000901,25.57,25.73,25.93,25.46,16480,18575840.0,1.82,-0.27,-0.07,0.74,4.216957207361097,-0.18273381634427732,25.940000000000005,25.80933333333333,26.051412067426305,4.45359849031248,4.393919592691391,4.4305450460370635,26.864000000000004,26.40690909090909,26.414137135862834,4.64951585126729,4.53659893216933,4.527440021504016,26.8385,26.693809523809527,26.645962409003463,4.599413738541399,4.583654568616782,4.593988652063125,26.747333333333337,26.68804301075269,26.63411759508005,4.615457490664347,4.5860608531216585,4.637504093873607,26.604,26.86463387978142,25.981258256399396,4.8118106525162805,4.7049457375788055,4.692442228282602,7.268948461685177
2013-04-19,sz000901,25.75,26.2,26.33,25.75,27719,31743320.0,2.25,1.83,0.47,1.25,4.442777558468063,0.2258203511069663,25.824,25.896,26.100941378284205,4.4343563566344475,4.390312615409919,4.43462255018073,26.764999999999997,26.28618181818182,26.375203111160502,4.614203520816205,4.4990101516603795,4.5120468464065695,26.809499999999996,26.632999999999996,26.603489798622178,4.5854209203381116,4.568736837181227,4.579587595530262,26.663,26.6527311827957,26.606110008300693,4.596973297199062,4.574920212334802,4.624941091589379,26.599833333333333,26.85138797814208,25.98843011684532,4.797468831890059,4.692846291872306,4.684256501403437,7.501652347191234
2013-04-22,sz000901,25.98,26.36,26.45,25.84,29364,33784498.0,2.33,0.61,0.16,1.32,4.467815215399414,0.025037656931350405,25.964000000000006,26.074666666666666,26.18729425218947,4.397756909908841,4.401465568331575,4.4456867719202915,26.562,26.212545454545456,26.37243890913132,4.552477401208937,4.472394096130054,4.504004731677996,26.756999999999998,26.59019047619048,26.580300293991495,4.565280075443101,4.557536293853731,4.568942606946371,26.624333333333333,26.633182795698925,26.590231943249034,4.581214762167985,4.566587432863857,4.614803938286801,26.640166666666666,26.84352459016393,26.000612735965145,4.786159483262126,4.682037976577531,4.677160065796748,7.528717470176796
2013-04-23,sz000901,26.33,25.57,26.49,25.55,28896,32902820.0,3.57,-3.0,-0.79,1.3,4.460837728633412,-0.006977486766001739,25.932000000000006,25.94333333333333,25.98152950145965,4.3976157467134716,4.422492507906431,4.450737090824665,26.318,26.032181818181822,26.226540925652895,4.519762731173057,4.455732337479959,4.496156185669889,26.666000000000004,26.477142857142855,26.48408121837326,4.560268682441136,4.54758940368138,4.5586469042498985,26.580333333333336,26.565161290322582,26.52441052755555,4.569514809516297,4.558821172635819,4.604870634438196,26.670666666666666,26.808437158469943,25.98649428560563,4.778196532418787,4.671371689540524,4.670067530152048,7.5172331215960035
2013-04-24,sz000901,25.82,25.98,25.98,25.33,25563,28743537.0,2.54,1.6,0.41,1.15,4.407611820025932,-0.05322590860748022,25.968,25.959333333333333,25.98101966763977,4.399199905977584,4.425824532343919,4.436362000558421,26.115,25.970727272727274,26.18171530280691,4.474839549165065,4.435341262725936,4.480057210098261,26.6045,26.411809523809527,26.43607348329009,4.562602570865014,4.533050654879932,4.544262610514283,26.545333333333335,26.52643010752688,26.489287267713255,4.564218656332637,4.548375818475152,4.592144259314825,26.705500000000004,26.785792349726773,25.986281358208725,4.770502280563059,4.659221371101413,4.661462424902011,7.458540208650928
2013-04-25,sz000901,25.95,25.48,26.4,25.44,28830,32799820.0,3.7,-1.92,-0.5,1.3,4.459844642388208,0.05223282236227611,25.918000000000006,25.79666666666667,25.81401311175985,4.447777392983006,4.4460394444807925,4.444189547835016,25.929000000000002,25.855272727272727,26.05413070229656,4.450687941647743,4.432614916039235,4.476382197787342,26.5485,26.304714285714283,26.34501886583389,4.561809064942637,4.523264185501189,4.536222804026085,26.511666666666667,26.457698924731186,26.424171960118855,4.557042566795932,4.541642011123898,4.583608800158269,26.74616666666667,26.74561202185792,25.969681969414996,4.764787479808627,4.6490358747678115,4.654852005803197,7.515871460381764
2013-04-26,sz000901,25.53,24.59,25.75,24.59,29967,32873418.0,4.55,-3.49,-0.89,1.35,4.476643267848567,0.016798625460358707,25.596000000000004,25.354,25.406008741173235,4.454550534859107,4.455661402769313,4.4550074545062,25.71,25.611818181818183,25.78792512006082,4.4444534457467775,4.437334066257566,4.476429665071201,26.421,26.118190476190478,26.177874211944946,4.556758597341782,4.515153157206515,4.53054856248537,26.47233333333333,26.333720430107526,26.30583828527248,4.549835191145642,4.536454959578905,4.576707798073773,26.76,26.674918032786884,25.924446495007945,4.759047944121826,4.639588523556007,4.649009096362062,7.516844862017906
2013-05-02,sz000901,24.59,24.68,25.01,24.56,16771,18196679.0,1.83,0.37,0.09,0.76,4.224558958940842,-0.25208430890772426,25.26,25.04866666666667,25.164005827448825,4.405899283567392,4.378997544129892,4.378191289317748,25.612000000000002,25.424545454545452,25.58648418914067,4.401828096738116,4.397353250474668,4.430634991229318,26.3495,25.952380952380953,26.035219525093048,4.542754168549122,4.4835150964064265,4.50140669548113,26.432000000000002,26.218086021505375,26.200945492674258,4.54128148267002,4.515469396210855,4.553988518129714,26.767500000000002,26.60672131147541,25.883644970581454,4.7442331717952,4.62206429453368,4.635092698413825,7.259992133942232
2013-05-03,sz000901,24.68,25.28,25.62,24.68,18430,20474621.0,3.81,2.43,0.6,0.83,4.265525335219074,0.04096637627823174,25.202000000000005,25.055333333333333,25.20267055163255,4.3668368048845245,4.332206228013786,4.340635971284857,25.567,25.364181818181816,25.53075979111509,4.382226275798998,4.37257093019848,4.40061505377291,26.308,25.85052380952381,25.963293856036568,4.544627107677178,4.4571123503749925,4.478941804027601,26.404999999999998,26.143763440860212,26.14152965443721,4.5308439715515165,4.497678677020471,4.535377990199995,26.798166666666667,26.557950819672136,25.86385333220173,4.736596485573669,4.606368955629545,4.622975735686127,7.311215871402808
2013-05-06,sz000901,25.42,26.0,26.07,25.42,23448,26650544.0,2.57,2.85,0.72,1.06,4.370105805430379,0.1045804702113049,25.206000000000007,25.32133333333333,25.4684470344217,4.359335601965414,4.333295894862403,4.3504592493333645,25.587,25.44290909090909,25.616076192730528,4.379267753971499,4.370367208313276,4.395067917710631,26.258999999999997,25.82119047619047,25.96678967927118,4.5327752011722655,4.440491273970536,4.468576470827866,26.42366666666667,26.117634408602157,26.132398708989648,4.531301828558923,4.4873084727545915,4.524715268601955,26.818,26.53178142076503,25.868317157375444,4.725100604782164,4.594352867755994,4.614684918300693,7.4257060784202595
2013-05-07,sz000901,25.95,25.62,25.98,25.48,22745,25624598.0,1.92,-1.46,-0.38,1.03,4.356885941165974,-0.013219864264405246,25.234,25.459333333333333,25.518964689614467,4.338743861720967,4.33247934126259,4.3526014799442345,25.576,25.44890909090909,25.616789612234065,4.393260627351987,4.36629778780318,4.388125740157057,26.22,25.760333333333335,25.933762090769164,4.521388239309639,4.423739915874699,4.457939277526734,26.417666666666666,26.065784946236562,26.09934072776451,4.530696034811594,4.476055834858272,4.513887570057699,26.836666666666666,26.492502732240435,25.860175611231984,4.716083031634681,4.582280255834152,4.606232492820866,7.408657060883277
2013-05-08,sz000901,25.66,26.11,26.2,25.66,30609,34850243.0,2.11,1.91,0.49,1.38,4.485849141372047,0.12896320020607366,25.538000000000004,25.751333333333335,25.71597645974298,4.340585036425663,4.381514434479617,4.397017367086839,25.567,25.546000000000003,25.706464228191503,4.397567785642385,4.383132063079555,4.405893631287055,26.166000000000004,25.749857142857138,25.950546653553054,4.505885653229294,4.420355239880642,4.460597359797716,26.395333333333333,26.045935483870966,26.100028422747446,4.522803208772869,4.473162486894431,4.512078639174754,26.86466666666667,26.468677595628414,25.86836657479815,4.710023834239737,4.574731603694393,4.602285497691397,7.542205810646114
2013-05-09,sz000901,26.02,26.4,26.67,25.82,55724,64387396.0,3.26,1.11,0.29,2.51,4.746042283551939,0.260193142179892,25.882000000000005,26.038666666666664,25.943984306495324,4.444881701347883,4.516666850188376,4.513359005908539,25.571,25.697454545454548,25.832561641247594,4.4253904924576375,4.446491062699474,4.467738840789761,26.066499999999998,25.77214285714286,25.993351734167046,4.488933946833287,4.4432272999113716,4.4877825906314515,26.361666666666668,26.04623655913979,26.119381427731483,4.518650214447947,4.487565007847919,4.52717306784425,26.8575,26.453442622950817,25.885797178903125,4.707346991742648,4.575912536458728,4.6069988349327256,7.808800861406786
2013-05-10,sz000901,26.63,26.49,27.01,26.31,56377,65993396.0,2.65,0.34,0.09,2.54,4.7511019619557615,0.005059678403822154,26.124000000000002,26.24133333333333,26.12598953766355,4.5419970266952205,4.618740270391002,4.59260665792428,25.663,25.86454545454545,25.952095888293485,4.4544169157898725,4.505711329880952,4.519259408274488,25.990499999999997,25.812476190476193,26.04065156900828,4.4870898234814645,4.468195682303987,4.512860625995671,26.331666666666667,26.054516129032258,26.14329230336171,4.524984760224048,4.502561894783907,4.541620093270799,26.807833333333335,26.441393442622946,25.90560710746368,4.695636914695899,4.5773471256460425,4.611723527622005,7.819500477598551
2013-05-13,sz000901,26.45,27.27,27.7,26.45,83524,99916841.0,4.72,2.94,0.78,3.77,4.921811284704282,0.1707093227485208,26.378000000000004,26.623333333333335,26.50732635844237,4.652338122550001,4.74534502306069,4.702341533517615,25.792,26.156727272727274,26.191714817694667,4.505836862257707,4.590692124229026,4.5924506585344504,25.953500000000002,25.934333333333328,26.15773237195987,4.490338205711386,4.50959772622997,4.551808307777444,26.333666666666666,26.11505376344086,26.215983122499665,4.543680667995911,4.528163606040696,4.566148557234249,26.776,26.45654644808743,25.95034130066159,4.685811450277181,4.584762678761071,4.621890339329621,7.999638694802069
2013-05-14,sz000901,27.34,26.6,27.43,26.47,47461,55804803.0,3.52,-2.46,-0.67,2.14,4.6763368845325335,-0.24547440017174882,26.574,26.697333333333333,26.538217572294915,4.716228311223313,4.7533446103882,4.693673317189255,25.904000000000003,26.303636363636365,26.265948487204724,4.527486086472139,4.621692128278994,4.60770269962501,25.916500000000003,25.995904761904765,26.19985309843988,4.489087014059941,4.527311886117698,4.563668172230309,26.333666666666666,26.13223655913978,26.240758404919042,4.550368072119139,4.536722071623704,4.573257481576074,26.7625,26.450775956284158,25.971641585885802,4.674845550683118,4.584452037261247,4.623675471959225,7.746671579343113
2013-05-15,sz000901,26.58,26.87,27.23,26.56,35562,42027656.0,2.52,1.02,0.27,1.6,4.550986177622661,-0.12535070690987205,26.726000000000006,26.796000000000003,26.648811714863278,4.729255718473436,4.698263899187983,4.646110937333724,26.131999999999998,26.47927272727273,26.375776034985684,4.5349203774495495,4.625964872124543,4.597390604715492,25.921,26.086714285714283,26.26367661287418,4.489686911598163,4.533207044552243,4.562460363220056,26.324666666666666,26.166838709677414,26.281354636859753,4.549479190711038,4.536761949398124,4.571820623256499,26.7565,26.45430054644809,26.001095960119052,4.664302507589863,4.580391074210085,4.621292216407206,7.6235351688621344
2013-05-16,sz000901,26.94,27.34,27.61,26.65,60135,72002191.0,3.57,1.75,0.47,2.71,4.779127315306203,0.22814113768354183,26.914000000000005,27.000666666666667,26.879207809908856,4.735872724824288,4.714887764798906,4.690449729991217,26.398000000000003,26.69890909090909,26.551089483170102,4.590377213086086,4.670366133553026,4.630433643004712,26.005000000000003,26.221857142857143,26.366183602124256,4.4961026549121,4.560772797286342,4.583095311037785,26.365666666666666,26.232344086021506,26.349654337707513,4.55862851672811,4.551577957436523,4.585195248550028,26.752666666666666,26.473431693989074,26.044994453229904,4.658827398204968,4.584155822004063,4.6264671376825826,7.857345712052549
2013-05-17,sz000901,27.45,27.45,27.83,27.19,58314,70587306.0,2.34,0.4,0.11,2.63,4.7657728325091275,-0.01335448279707574,27.106000000000005,27.179333333333332,27.069471873272573,4.738806898934962,4.724854467360519,4.71555743083052,26.615,26.89018181818182,26.714527758957356,4.640401962815091,4.702256246175398,4.655040768369151,26.091,26.35947619047619,26.469404211445756,4.511314119307044,4.586455671343202,4.600493170225532,26.41033333333333,26.302301075268826,26.42064438043606,4.576552059389815,4.56494210684175,4.596845415257067,26.755999999999997,26.496295081967208,26.09106020886171,4.655901320725997,4.587662229686166,4.631034537512961,7.848726607144861
2013-05-20,sz000901,27.7,27.92,28.15,27.36,71709,87605560.0,2.88,1.71,0.47,3.23,4.855573666198412,0.08980083368928415,27.236,27.45066666666667,27.352981248848387,4.725559375233788,4.7637767231150026,4.762229509286485,26.807,27.127454545454544,26.93370453005602,4.688948748891894,4.741378374063274,4.691501295247198,26.197000000000003,26.533666666666665,26.607556191308067,4.534108251431697,4.619242294856665,4.6247865507943775,26.441666666666666,26.399698924731183,26.517377001053088,4.584833050412142,4.582943500829401,4.61353756047909,26.7545,26.53445901639344,26.151025447915423,4.652985906442558,4.59420886396395,4.638396476158385,7.942531670102926
2013-05-21,sz000901,27.92,29.0,29.29,27.92,138189,174632152.0,4.91,3.87,1.08,6.23,5.140473474084253,0.2848998078858411,27.716,28.038666666666664,27.901987499232263,4.818386693144132,4.902081422731825,4.888310830885741,27.145,27.52618181818182,27.309394615500377,4.767307502183722,4.823473778643702,4.773132600490299,26.360500000000002,26.80061904761905,26.83540798261206,4.580284064767854,4.676991363680718,4.673899591107699,26.52833333333333,26.564752688172046,26.6775462267916,4.6033613269343325,4.618791270098569,4.647533425872972,26.785500000000003,26.60808196721311,26.24443444962311,4.657177521669985,4.610192062903023,4.654858017073987,8.242124205868292
2013-05-22,sz000901,28.91,28.04,29.0,27.97,91395,114001740.0,3.55,-3.31,-0.96,4.12,4.960922437180151,-0.179551036904102,27.95,28.146666666666665,27.94799166615484,4.9003739450556285,4.949593337410497,4.912514699650544,27.338,27.68890909090909,27.44223195813667,4.814814831764532,4.858676494097599,4.8072762071611805,26.452499999999997,26.960571428571434,26.950131031887103,4.606191308703458,4.713242637243794,4.701235100257456,26.55666666666667,26.662279569892476,26.7654464702244,4.608862046074375,4.641859728824106,4.667752071763758,26.797833333333333,26.6492131147541,26.30330545127481,4.6603139012779184,4.620150912591881,4.66489291609386,8.056911479991136
2013-05-23,sz000901,27.9,28.08,29.0,27.68,97377,122206364.0,4.71,0.14,0.04,4.39,4.9884563906297235,0.027533953449572657,28.098000000000003,28.19,27.99199444410323,4.942239760120334,4.978954152601862,4.937828596643604,27.506,27.82381818181818,27.55818978393,4.839056242472311,4.890247686618542,4.840218058700915,26.5385,27.11557142857143,27.057737600278806,4.632223367464975,4.7496488355224855,4.728589508864339,26.546333333333333,26.760559139784945,26.850256375371217,4.605641378712962,4.666349686537354,4.6884426729809165,26.824666666666666,26.69125136612022,26.361557731560882,4.663409638332066,4.630909682734562,4.675501554603232,8.087093822748734
2013-05-24,sz000901,28.19,29.07,29.29,28.17,104717,132762657.0,3.99,3.53,0.99,4.72,5.020017191773138,0.03156080114341453,28.422000000000004,28.514000000000003,28.35132962940216,4.993088631973135,5.004879963152797,4.965224795020116,27.764,28.10818181818182,27.833064368669998,4.865947765454048,4.923149677400511,4.8729088101685925,26.7135,27.356666666666666,27.24938163834749,4.660182340621961,4.786581580694692,4.7563445262842245,26.581666666666667,26.923376344086023,26.993465641476302,4.613375804138992,4.693083609960592,4.709834577419125,26.861,26.764868852459017,26.450359117411345,4.664855685080335,4.642601733667057,4.686797149264541,8.123075935427524
2013-05-27,sz000901,29.07,29.85,29.85,28.64,131854,170256168.0,4.16,2.68,0.78,5.95,5.120093309340506,0.1000761175673679,28.808000000000003,28.990000000000002,28.85088641960144,5.0459925606015545,5.047214855608587,5.016847633126913,28.022000000000002,28.487454545454543,28.199779938002727,4.885775967917671,4.96935795810714,4.917851446381667,26.907,27.655380952380952,27.49705957755249,4.69580641508769,4.830382625334552,4.7909872675276794,26.643000000000004,27.134236559139786,27.177758180735896,4.622150793113481,4.725775061909076,4.736302882704376,26.8995,26.86286885245902,26.561822752906057,4.669625272217473,4.657527557413292,4.701003580742441,8.231102854387123
2013-05-28,sz000901,30.75,29.96,31.31,29.92,235391,314400720.0,4.66,0.37,0.11,10.61,5.371789853897992,0.25169654455748613,29.0,29.374000000000002,29.22059094640096,5.092255836564303,5.155813953374066,5.135161706717273,28.358000000000004,28.83981818181818,28.519819949274954,4.955321264854217,5.0577241191944715,5.000385702293726,27.131,27.94614285714285,27.7316253320713,4.741403675663179,4.894762000459344,4.846301799562948,26.730333333333338,27.34823655913978,27.357257652946487,4.644498430991366,4.774138872282271,4.777302042136222,26.9375,26.963213114754094,26.673238400351757,4.675254661052856,4.680549346976587,4.7229965733049175,8.497483531933748
2013-05-29,sz000901,29.99,32.92,32.92,29.99,215597,299778176.0,9.78,9.88,2.96,9.72,5.333642713414004,-0.03814714048398837,29.976000000000006,30.68066666666667,30.453727297600643,5.166799891811072,5.2362762456573,5.20132204228285,28.963,29.66927272727273,29.319852685770414,5.033586918433351,5.126509837114433,5.0609778861337755,27.547499999999996,28.49747619047619,28.225756252826415,4.7842536479414495,4.951165718340374,4.892715219929715,26.935000000000002,27.747569892473116,27.7161442559822,4.670986913876559,4.818599793728893,4.813194988670273,27.015833333333333,27.159360655737704,26.878050256077927,4.6799328463497805,4.7021358404966245,4.743017758226527,8.476800012809232
2013-05-30,sz000901,33.73,34.08,35.67,32.34,378165,559905264.0,10.12,3.52,1.16,17.05,5.577681331462337,0.24403861804833316,31.176,32.04866666666667,31.662484865067096,5.284644879977595,5.373236725541054,5.3267751386760125,29.637,30.599636363636364,30.185334015630335,5.113442320048964,5.225436094028793,5.154923967102604,28.017500000000002,29.11961904761905,28.783303276366755,4.851909766567525,5.026730259628079,4.957950087694727,27.215666666666667,28.2085376344086,28.12671559430593,4.701882543291055,4.877096207766685,4.862516688205245,27.108666666666668,27.390972677595627,27.11417975587865,4.689947548958975,4.731570217057692,4.770383777021144,8.748114550573044
2013-05-31,sz000901,33.66,34.35,34.89,32.87,263613,392968880.0,5.93,0.79,0.27,11.89,5.420966823558738,-0.1567145079035992,32.232000000000006,33.10666666666667,32.55832324337807,5.364834806334715,5.418677373401436,5.358172366970255,30.326999999999998,31.456545454545456,30.942546012788455,5.178961719153925,5.281349640121479,5.203295395549174,28.471000000000004,29.72271428571429,29.313464869093732,4.909681840984509,5.080926169817718,5.002046919681776,27.502999999999997,28.668817204301078,28.528217814028128,4.733863319256004,4.923488741977504,4.898545729195794,27.205666666666666,27.628393442622954,27.351419763882628,4.694916741310306,4.755538062126538,4.791714368710901,8.594358159079212
2013-06-03,sz000901,34.35,37.18,37.56,33.68,311007,492452432.0,11.3,8.24,2.83,14.02,5.492770164033786,0.07180334047504822,33.698,34.756,34.098882162252046,5.439370177273371,5.4613224926344595,5.403038299324765,31.253000000000004,32.70254545454545,32.07662855591782,5.242681368937463,5.338405721008726,5.255927171637285,29.03,30.552142857142858,30.062658691084803,4.965815058914679,5.136458391060506,5.04878246676292,27.882333333333335,29.293139784946234,29.086397309897283,4.770299290600286,4.97245047389865,4.936882789507923,27.357333333333333,27.955420765027327,27.673668296214345,4.702440423151894,4.781697190740422,4.814699804623126,8.692364286574486
2013-06-04,sz000901,37.15,37.04,38.99,35.14,396161,650685552.0,10.36,-0.38,-0.14,17.86,5.597871719262925,0.10510155522913944,35.114000000000004,35.87,35.0792547748347,5.484586550346359,5.514156339964312,5.467982772637486,32.057,33.75472727272728,32.97905972756912,5.28842119345533,5.402985784704265,5.318098907569219,29.601000000000006,31.315,30.727167387171963,5.027864347819526,5.196654263474625,5.10107668128673,28.259333333333334,29.883956989247313,29.599532967323267,4.816329774330345,5.025842243489788,4.979527236588891,27.503333333333334,28.27288524590164,27.980761138961412,4.715893632497346,4.811055593891603,4.8403775723162346,8.813371163647432
2013-06-05,sz000901,36.53,35.29,36.68,34.6,214140,333925408.0,5.62,-4.72,-1.75,9.66,5.330697798339304,-0.26717392092362147,35.58800000000001,35.92866666666667,35.14950318322313,5.483997567331418,5.462860089295293,5.422221114538091,32.782,34.34254545454546,33.399230686192915,5.325398729571245,5.4106724401377155,5.320389614981961,30.060000000000002,31.856809523809524,31.161722874107966,5.0701067806678894,5.225495544476507,5.122945359101261,28.562333333333335,30.33754838709677,29.966659872657253,4.845927115659388,5.059027277296817,5.002183401863111,27.612666666666666,28.528185792349728,28.22040831473317,4.721450206429225,4.831213107525767,4.856453645300597,8.523649465278936
2013-06-06,sz000901,34.78,34.42,36.01,34.17,147536,227226448.0,5.21,-2.47,-0.87,6.65,5.168898004678301,-0.16179979366100294,35.656000000000006,35.53933333333334,34.90633545548209,5.4022409019746105,5.357826901744253,5.337780077918161,33.416000000000004,34.64036363636364,33.58482510688511,5.343442890976103,5.382217762884452,5.292845685835841,30.461000000000002,32.272047619047626,31.47203498133578,5.091249566724207,5.234904232477501,5.12732180153717,28.831000000000003,30.7154623655914,30.253972138937435,4.869296541968683,5.079864108846423,5.012939182689898,27.727666666666668,28.751377049180327,28.42367361588946,4.725255652068335,4.84588352714049,4.866697722657244,8.356458879644451
2013-06-07,sz000901,34.31,32.52,34.73,31.67,192970,277491792.0,8.89,-5.52,-1.9,8.7,5.285489796846293,0.1165917921679922,35.290000000000006,34.49400000000001,34.11089030365473,5.375145496632122,5.318909866701481,5.320349984227539,33.761,34.47745454545454,33.39122054199691,5.369990151483418,5.371680836679032,5.291508251474105,30.7625,32.468142857142865,31.571841173589515,5.117968958468734,5.253403302012938,5.142385420138039,29.062666666666665,30.953462365591403,30.40016748481244,4.896784944242445,5.106715286580465,5.0305230932806335,27.8215,28.908502732240432,28.55797939897505,4.733149876879371,4.864251859756162,4.8804286103355725,8.4432501415422
2013-06-13,sz000901,32.43,30.37,32.43,29.31,158601,212190085.0,9.59,-6.61,-2.15,7.15,5.2003059212735945,-0.08518387557269858,33.928000000000004,32.854000000000006,32.86392686910315,5.316652648080083,5.260630008248639,5.280335296576224,33.813,33.8609090909091,32.841907716179286,5.378011412676727,5.340829158459064,5.274926009619467,30.917499999999997,32.43076190476191,31.457380109438134,5.131893690297199,5.261244917518162,5.147901658341425,29.209,31.03780645161291,30.398221195469706,4.923208080950702,5.1262972850986035,5.04147682411889,27.877166666666668,28.992060109289618,28.61738991048406,4.743713368641668,4.8795684513756425,4.890916391022064,8.326725086773662
2013-06-14,sz000901,30.37,30.43,30.95,29.49,146281,194310473.0,4.81,0.2,0.06,6.6,5.165187920581768,-0.0351180006918268,32.60600000000001,31.688000000000002,32.052617912735435,5.230115888343852,5.2101417657492,5.2419528379114055,33.86,33.24581818181818,32.40337904051032,5.357351219345104,5.302133978078164,5.25497362979443,31.109,32.38433333333333,31.359534384729738,5.156336242099661,5.264415796592883,5.149547969030981,29.374,31.11658064516129,30.400271440923277,4.946719523557153,5.141908887655446,5.049458185181011,27.942833333333333,29.075759562841537,28.676819749484583,4.751881045176543,4.893387289144171,4.899908900187956,8.288496208955584
2013-06-17,sz000901,30.39,30.19,30.86,29.74,121449,161579162.0,3.68,-0.79,-0.24,5.48,5.084393943214678,-0.08079397736708938,31.586000000000002,30.88266666666667,31.43174527515696,5.180855117318927,5.161567784039476,5.18943320634583,33.587,32.578545454545456,32.000946487690264,5.3324263423251725,5.252505382418086,5.223959141325384,31.275,32.29680952380953,31.24815015761262,5.183006630379262,5.257564149080028,5.143342823715143,29.56066666666667,31.169225806451617,30.386705541508874,4.966977879402691,5.150791108278511,5.051712105054151,28.0165,29.14943715846995,28.726432216714596,4.758406535274166,4.90428935137493,4.905957590123258,8.208385351414169
2013-06-18,sz000901,30.68,31.4,32.31,30.68,160093,221368660.0,5.4,4.01,1.21,6.39,5.204372342988412,0.11997839977373381,30.982000000000006,30.820666666666668,31.42116351677131,5.187949984980949,5.169406859262637,5.194412918560024,33.319,32.18090909090909,31.891683489928397,5.29509544347778,5.22922283708413,5.220397905264116,31.478,32.30871428571429,31.2626120473638,5.204268881763372,5.259598978852327,5.149155158884025,29.784666666666666,31.28789247311828,30.452079377540564,4.999638325537609,5.1661068801227525,5.061561152662813,28.108333333333334,29.260371584699456,28.814090176822315,4.770459904103815,4.918911181136052,4.915741680381132,8.345116136179186
2013-06-19,sz000901,30.95,30.48,31.08,29.51,104045,138093372.0,5.0,-2.93,-0.92,4.16,5.017221214537218,-0.18715112845119375,30.574,30.65333333333333,31.107442344514208,5.134296268519135,5.112497269114727,5.13534901721909,32.932,31.664727272727273,31.63501376448687,5.2547208825756275,5.1787002500040265,5.183456688768317,31.629499999999997,32.21366666666667,31.188077566662486,5.216841300864777,5.2417849153069795,5.136590021327187,29.958000000000002,31.332752688172047,30.453880708021817,5.024694854848215,5.167241260058211,5.058700511493421,28.181500000000003,29.338131147540985,28.868710171024862,4.777769413199866,4.927001715904361,4.919068878222315,8.140172834459124
2013-06-20,sz000901,30.01,29.38,31.42,29.38,108643,145107921.0,6.69,-3.61,-1.1,4.34,5.0360017494387925,0.018780534901574164,30.376000000000005,30.255333333333336,30.53162822967614,5.101435434152174,5.079732429421281,5.102233261292325,32.152,31.01890909090909,31.22501126185289,5.209044041116129,5.138933134888239,5.156646699799312,31.702499999999997,31.999428571428577,31.015879703170818,5.225862705026795,5.224562100885456,5.127010185909245,30.070666666666668,31.295462365591398,30.38459808169783,5.046891386315162,5.167970737128571,5.057236075231832,28.247166666666665,29.3774262295082,28.885473771974866,4.789096607437043,4.935468349879407,4.922902742852363,8.161691119899476
2013-06-21,sz000901,28.73,28.01,28.73,26.87,97371,118937943.0,6.33,-4.66,-1.37,3.89,4.988429630232777,-0.04757211920601545,29.892000000000003,29.466666666666665,29.691085486450763,5.066083776082375,5.042063828114814,5.064298717605809,31.249000000000002,30.265818181818187,30.64046375969782,5.148099832213114,5.098821423818538,5.126061778059942,31.653000000000002,31.647761904761907,30.72960544572598,5.218260512834222,5.201949427095551,5.1138120377495815,30.150333333333332,31.16251612903226,30.231398205459264,5.067942842617389,5.164199010929706,5.052796949748022,28.284,29.369650273224043,28.856769713877327,4.799319438714492,4.94200385882353,4.925051165389426,8.075320423220983
2013-06-24,sz000901,27.97,25.42,28.44,25.26,93752,108845044.0,11.35,-9.25,-2.59,3.74,4.971980541249879,-0.016449088982898097,28.938000000000006,27.976000000000003,28.26739032430051,5.043601095689416,5.010696083170648,5.033525992153833,30.262,29.206,29.69128853066185,5.112228106504172,5.066799734552496,5.098047007730839,31.522000000000002,31.05414285714286,30.22392873660922,5.218813418037708,5.178494191706566,5.100304276178181,30.127333333333333,30.857333333333337,29.920985418010282,5.084147222613316,5.158007894712449,5.047582987909433,28.261333333333333,29.275748633879786,28.74408873965184,4.803475215693093,4.947664878578789,4.926589833450423,8.03680865926179
2013-06-25,sz000901,25.21,27.25,27.72,23.15,136996,151841592.0,17.98,7.2,1.83,5.47,5.1367078868404334,0.16472734559055446,28.108000000000004,27.413333333333334,27.928260216200343,5.030068204459821,5.041731680220988,5.067919957049367,29.544999999999998,28.65836363636364,29.247417888723334,5.109009094720385,5.071250603704544,5.105076258478038,31.4805,30.647285714285715,29.940697428360725,5.226225992848244,5.170674617306824,5.103771286717444,30.155666666666665,30.67169892473118,29.748663778138653,5.0971694093896,5.161398905307746,5.053332981388853,28.258666666666667,29.242590163934427,28.69510222359768,4.807909811918773,4.958590539927881,4.933478949955013,8.181390748515717
2013-06-26,sz000901,26.94,27.57,27.99,26.09,118219,141409494.0,6.97,1.17,0.32,4.72,5.072687281384728,-0.06402060545570532,27.526000000000003,27.233999999999998,27.808840144133562,5.041161417829322,5.055938039195957,5.069509065161154,29.05,28.299272727272733,28.94243281804636,5.087728843174228,5.064646637643515,5.099187353551981,31.405499999999996,30.274857142857144,29.714916720897797,5.228859497328823,5.156051882881728,5.100810905257185,30.191666666666666,30.50488172043011,29.608104824710352,5.107888920037231,5.1598194131784,5.054581645904716,28.261666666666667,29.220010928961745,28.658213626102672,4.816436840130639,4.967271768434961,4.9380431575428725,8.150478568254346
2013-06-27,sz000901,27.61,26.02,27.77,25.95,97034,114911875.0,6.6,-5.62,-1.55,3.88,4.986923934525332,-0.08576334685939635,26.854000000000006,26.732000000000003,27.212560096089042,5.03134585484663,5.037858878094626,5.041980688282546,28.615000000000002,27.74836363636364,28.411081396583384,5.066390644499402,5.046318472434625,5.078775822819862,31.214000000000006,29.761952380952376,29.363019890336105,5.2222010285880645,5.133010400709967,5.0899645270922464,30.15,30.235741935483873,29.376614190858074,5.110059341697934,5.152015220564728,5.050216632267337,28.241833333333332,29.14651366120218,28.57171481868947,4.826870004846922,4.9728615092347885,4.939645805968527,8.060364911024998
2013-06-28,sz000901,25.15,25.33,26.42,24.88,77355,86258885.0,5.92,-2.65,-0.69,3.09,4.888488390462396,-0.09843554406293542,26.318000000000005,26.223999999999997,26.585040064059363,5.011357606892554,4.990239723299882,4.990816589009164,28.105,27.15109090909091,27.850884779022767,5.038720691487464,5.013972608064259,5.044178107845777,30.982499999999998,29.201571428571434,28.978922757923144,5.198035955416285,5.101228244697999,5.07077632360369,30.107666666666667,29.924774193548387,29.11554230757691,5.117131058562262,5.137720320485015,5.039782552150889,28.220666666666666,29.051043715846998,28.46542908692916,4.8337495653407,4.974881784173001,4.937968513656851,7.935803840066866
2013-07-01,sz000901,25.48,26.22,26.22,25.1,57622,64759563.0,4.42,3.51,0.89,2.3,4.760588328118113,-0.12790006234428297,26.478,26.191333333333333,26.463360042706242,4.9690791642662,4.906649963708403,4.914073835378813,27.708000000000006,26.808363636363637,27.5543602737459,5.006340129977809,4.963403087451651,4.992616329713475,30.6475,28.748,28.71616820954951,5.169383236151491,5.059566565907696,5.041234609747921,30.086,29.673956989247312,28.928733126442918,5.124117796912111,5.114717563682168,5.02177002156813,28.205333333333336,28.985448087431696,28.391808461128203,4.836798493811574,4.972483055083735,4.932152769868695,7.8113039094555035
2013-07-02,sz000901,26.02,26.87,27.1,25.77,96404,112088596.0,5.07,2.48,0.65,3.85,4.984095054046893,0.22350672592877974,26.402000000000005,26.322000000000003,26.598906695137497,4.938556597707493,4.911655260301967,4.937414241601507,27.255000000000003,26.656000000000002,27.429931133064827,4.984312401083656,4.959358528191484,4.991067006865006,30.287,28.388238095238094,28.54034266578289,5.139703922280718,5.041920072373925,5.035792747300204,30.07033333333333,29.466473118279566,28.795911634414345,5.130950054870133,5.1056838383360255,5.019339378502244,28.218,28.941666666666666,28.341913101746947,4.844789285799122,4.9773124505012865,4.933855795579456,8.049561429310325
2013-07-03,sz000901,26.69,26.33,26.69,25.59,86983,99542857.0,4.09,-2.01,-0.54,3.47,4.939434382186268,-0.04466067186062528,26.154000000000003,26.298,26.50927113009167,4.911906017867801,4.911947855128225,4.938087621796428,26.839999999999996,26.48781818181818,27.229943654325766,4.976533717848562,4.951198888391959,4.9816792569234165,29.886000000000003,28.01138095238095,28.329833840470236,5.115627300212094,5.022846782841121,5.026615760146496,30.033,29.22516129032258,28.636820561226326,5.136738773192705,5.093327988485454,5.014184217449601,28.221666666666668,28.87976502732241,28.275948737755243,4.85664541629126,4.98041556841562,4.934038700058368,7.99801010136208
2013-07-04,sz000901,25.93,26.8,27.66,25.59,114827,135609100.0,7.86,1.79,0.47,4.59,5.060044018482728,0.12060963629645993,26.310000000000002,26.513333333333332,26.606180753394447,4.9265300346592795,4.961327188666534,4.978739754025195,26.582,26.480545454545453,27.151772080811988,4.978937944752955,4.966382579416353,4.995927395388746,29.367,27.71747619047619,28.18413537947307,5.0939909929345415,5.017553136962133,5.029799403797565,29.99566666666666,29.016580645161287,28.518316008889148,5.143554451602182,5.088379939794486,5.017142914290448,28.218666666666664,28.83315300546448,28.227556975861628,4.864193751007162,4.987084375044848,4.938170021973921,8.132288833684296
2013-07-05,sz000901,26.89,26.58,27.34,26.49,72125,84964278.0,3.17,-0.82,-0.22,2.88,4.858085826163788,-0.20195819231893974,26.560000000000002,26.60333333333333,26.5974538355963,4.920449521799558,4.93851245250137,4.938521778071393,26.439,26.48018181818182,27.047813520664352,4.965903564346056,4.944409466945595,4.970865291893299,28.844,27.45204761904762,28.031360581428014,5.057001698279584,4.995085978222062,5.013445729737205,29.915,28.79621505376344,28.393263363154364,5.134141530004833,5.069962609121043,5.006881166669373,28.221666666666668,28.779426229508193,28.173538714357967,4.868751428469583,4.986884115213919,4.935544310635883,7.929236371263516
2013-07-08,sz000901,26.13,25.03,26.13,25.03,67533,75057250.0,4.14,-5.83,-1.55,2.7,4.829516042693771,-0.02856978347001693,26.322000000000003,26.09333333333333,26.07496922373087,4.93423506471469,4.908201292799442,4.902186532945519,26.4,26.224,26.680938335089014,4.951657114490445,4.919611735736089,4.9451654284024755,28.331,27.088809523809523,27.74551671653011,5.031942610497309,4.973420677690079,4.995928616685449,29.814666666666664,28.48105376344086,28.17627863004763,5.129761316855286,5.050309351875167,4.995438255445141,28.18566666666667,28.67478142076503,28.070471871264264,4.869311681464831,4.985597709122907,4.932067973982043,7.875392648383699
2013-07-09,sz000901,24.65,25.33,25.42,24.59,32885,36154991.0,3.32,1.2,0.3,1.31,4.516997846195275,-0.31251819649849644,26.014,25.762666666666668,25.826646149153916,4.8408156231443655,4.769122219959637,4.773790304028771,26.208,26.029454545454545,26.435313183254646,4.889686110425929,4.840582777864239,4.867316777092076,27.8765,26.803,27.515467505432003,4.999347602573157,4.924378319185123,4.950316162353051,29.723000000000003,28.191720430107527,27.99264775068972,5.114046032040806,5.010776224735811,4.96457113226773,28.134666666666664,28.58115300546448,27.980620334501502,4.859843705376884,4.9740464358353815,4.918459117333296,7.558168257761728
2013-07-10,sz000901,25.24,26.07,26.2,25.15,53263,59834705.0,4.15,2.92,0.74,2.13,4.726425624114809,0.20942777791953393,25.962,25.781333333333336,25.907764099435944,4.798213871530074,4.730992220283118,4.758002077390784,26.058,26.004363636363635,26.368892604481076,4.8550599446989375,4.8108990530804,4.841700203823482,27.554000000000002,26.63095238095238,27.3778039334861,4.971394393936583,4.898385749808139,4.928993253949409,29.623,27.956043010752687,27.868605960322643,5.104259646452195,4.98576845648252,4.949206905935284,28.102333333333334,28.513459016393437,27.917977044845713,4.8588177252955935,4.969672072515312,4.912162937227772,7.776953154190824
2013-07-11,sz000901,26.13,26.69,27.05,25.84,89291,103923991.0,4.64,2.38,0.62,3.57,4.950807686802154,0.2243820626873454,25.940000000000005,26.024,26.168509399623964,4.776366605193959,4.7818568253738105,4.822270613861241,26.125,26.119272727272726,26.427275767302696,4.85144831992662,4.828307733462802,4.861537928001422,27.370000000000005,26.54866666666667,27.312298796963614,4.958919482213011,4.896425111033432,4.931070818983004,29.517666666666667,27.766817204301073,27.79256686610828,5.098616792367583,4.975868330053487,4.949310182120244,28.080333333333332,28.46715300546448,27.877715502391755,4.860383792740532,4.972688136827004,4.913429978197423,8.016715816625359
2013-07-12,sz000901,26.56,26.13,27.19,26.11,78585,91728117.0,4.05,-2.1,-0.56,3.14,4.895339657503627,-0.05546802929852657,25.85,26.087333333333337,26.15567293308264,4.783817371461927,4.821514509477033,4.846626961742036,26.205000000000002,26.120181818181816,26.37322562779311,4.852133446630743,4.836287976658622,4.867683697001822,27.155,26.43057142857143,27.19969891153851,4.945427069059103,4.890369889632537,4.927667851223063,29.389999999999997,27.548258064516133,27.685304487649685,5.082735119154438,4.962753676191295,4.94582821279014,28.060166666666667,28.403207650273224,27.820413354772352,4.863616775072902,4.973834230753662,4.912836852928774,7.96250247837729
2013-07-15,sz000901,26.24,27.36,27.36,26.2,102462,120726581.0,4.44,4.71,1.23,4.09,5.010562828804489,0.11522317130086179,26.316000000000003,26.590666666666667,26.55711528872176,4.820026728684071,4.89709632859122,4.901272250762854,26.319,26.330181818181817,26.552639150012546,4.87713089669938,4.86509331887203,4.893661720965943,27.0135,26.450095238095237,27.214965681868172,4.941735513338594,4.896573295322574,4.935562610992723,29.204666666666665,27.417290322580644,27.664317101349706,5.071965789667454,4.958097399394525,4.950004639629776,28.069833333333335,28.380251366120216,27.80531783494375,4.8714763517720066,4.978652134154697,4.916040983285355,8.081802901503156
2013-07-16,sz000901,27.5,28.04,28.22,26.96,122016,148015611.0,4.61,2.49,0.68,4.87,5.0864167835935765,0.0758539547890873,26.858000000000004,27.16533333333333,27.05141019248118,4.933910516163731,4.985893013561056,4.962987095039762,26.436,26.64309090909091,26.82306839546481,4.887363069654048,4.903145298307339,4.9287080959891485,26.845499999999998,26.547857142857143,27.293540378833107,4.935837735368852,4.910352463918287,4.9499296750499475,29.00333333333333,27.342150537634407,27.688554707714243,5.055590304738495,4.959029721583307,4.958805423111311,28.1095,28.379273224043715,27.813012332158706,4.878736424014775,4.985699361427536,4.921627075098739,8.170307522243727
2013-07-17,sz000901,28.01,27.39,28.37,27.19,91546,111454455.0,4.21,-2.32,-0.65,3.66,4.961639373041002,-0.12477741055257408,27.122000000000003,27.342666666666666,27.16427346165412,4.98095326594897,4.99513596585348,4.962537854373509,26.542,26.81654545454545,26.92614686901666,4.889583568739522,4.916650080741331,4.934695600907667,26.690999999999995,26.599714285714285,27.30272700942043,4.933058643294041,4.912809762744206,4.951044884382429,28.771333333333335,27.238064516129036,27.669293113668164,5.0402793897212375,4.9529683711512105,4.958988258590646,28.137166666666666,28.355683060109286,27.799143075366615,4.887071354488621,4.988417490903807,4.922938953719796,8.047097432558278
2013-07-18,sz000901,27.32,27.95,28.13,26.65,96429,116302002.0,5.4,2.04,0.56,3.85,4.984207663010176,0.022568289969173705,27.374000000000002,27.618666666666666,27.426182307769416,4.987633261190574,4.996220764873882,4.969761123919065,26.657,27.072545454545452,27.112301983740903,4.881999933192267,4.933854461517814,4.943697794017214,26.6195,26.719619047619048,27.364372056142294,4.930468938972611,4.917681097955265,4.9542032442517385,28.463666666666665,27.1850752688172,27.687403235366997,5.023327306353782,4.949350840395659,4.960615316940294,28.173000000000002,28.34954644808743,27.80408920404312,4.896813298477034,4.991602287904512,4.924947763860464,8.065587190653378
2013-07-19,sz000901,27.61,27.21,28.66,27.19,122802,150814196.0,5.26,-2.65,-0.74,4.91,5.089205439947581,0.10499777693740509,27.590000000000003,27.564000000000004,27.354121538512945,5.0264064176793655,5.030078157792884,5.00957589592857,26.72,27.17309090909091,27.13006525942437,4.905111894570647,4.9715281900187795,4.970153729640916,26.579500000000003,26.775857142857145,27.349669955557314,4.935507729458351,4.932798859952883,4.967060596222772,28.136000000000003,27.104193548387094,27.656603026633643,5.0063717637099385,4.953601042562999,4.968911453908507,28.19766666666667,28.317972677595627,27.78461086948433,4.911350769020143,4.997910226969121,4.930333261437092,8.178442223193514
2013-07-22,sz000901,27.57,28.13,28.22,27.3,84349,102816586.0,3.38,3.38,0.92,3.37,4.926079938175218,-0.16312550177236318,27.744000000000007,27.743999999999996,27.612747692341966,5.009509839553511,4.996635997958168,4.9817439100107865,27.029999999999994,27.429454545454547,27.311871575892663,4.914768284118791,4.975340561583248,4.962140313010789,26.714999999999996,26.92352380952381,27.423987102647093,4.933212699304618,4.931900975068774,4.963157676408719,27.897333333333336,27.103806451612908,27.68714476685083,4.992884501704469,4.948420924786565,4.966148130312811,28.229833333333332,28.315754098360657,27.795935103271727,4.919405808681928,4.998393150547976,4.930193808215391,8.012063179126649
2013-07-23,sz000901,28.17,29.02,29.18,27.95,144128,181067267.0,4.37,3.16,0.89,5.76,5.158748360163195,0.23266842198797733,27.940000000000005,28.16933333333333,28.081831794894644,5.023976154867435,5.04638217149473,5.040745393394923,27.399,27.791272727272727,27.622440380275815,4.9789433355155825,5.0197005754095025,4.997887230674863,26.803499999999996,27.143047619047618,27.575988330966418,4.934314722970756,4.95338056181721,4.981785360575811,27.717333333333332,27.17623655913978,27.773135427054005,4.992546180220632,4.959121818880678,4.978573951593481,28.274166666666666,28.34166120218579,27.83606837857429,4.930921361094658,5.006240447317853,4.937687400082532,8.25783994647006
2013-07-24,sz000901,28.78,29.31,29.51,28.15,131419,166271005.0,4.69,1.0,0.29,5.25,5.118658158211868,-0.040090201951326954,28.324,28.625999999999998,28.49122119659643,5.055379911901608,5.077942839276208,5.066716315000572,27.723000000000003,28.13872727272727,27.929269402043847,5.018166588925289,5.045103270445191,5.019845581136137,26.890499999999996,27.381761904761905,27.741132299445805,4.936613266812112,4.970937079459221,4.994820865112579,27.610333333333333,27.278989247311827,27.872287980147295,4.986985125599485,4.967258075525273,4.987611642343055,28.336499999999997,28.375622950819675,27.88439400550628,4.941885034920966,5.0123957521413685,4.943620867562181,8.220816521820886
2013-07-25,sz000901,29.65,29.6,30.84,29.4,186774,247361739.0,4.91,0.99,0.29,7.46,5.271316419846835,0.15265826163496676,28.654000000000003,29.051333333333332,28.86081413106429,5.11280166326894,5.149921675257951,5.134916349949327,28.014,28.479999999999997,28.233038601672238,5.050217462229757,5.091130512430926,5.065567551810808,27.069499999999998,27.63980952380952,27.918167318546207,4.950832891078188,5.002813570224432,5.02115377508727,27.584666666666667,27.40735483870968,27.983753271750697,4.989352142218593,4.985602029992845,5.005915176375558,28.396833333333333,28.417049180327872,27.940643382374926,4.956280111584648,5.02319678115533,4.95436498403053,8.393332525421645
2013-07-26,sz000901,28.95,29.18,29.76,28.75,85103,109373024.0,3.41,-1.42,-0.42,3.4,4.929944869843474,-0.3413715500033616,29.048000000000002,29.226666666666667,28.96720942070953,5.080949549248118,5.088969410782795,5.066592523247376,28.319,28.692,28.405213401368194,5.053677983463741,5.069262768360693,5.040908882362201,27.262,27.840809523809522,28.038341859637043,4.952905715047242,5.000824234868746,5.012467212683099,27.543000000000003,27.51027956989247,28.060930480024847,4.981510707193983,4.981769302742838,5.001013866276714,28.4585,28.442726775956285,27.981278025575747,4.964115115375568,5.02233333060644,4.953564324548987,8.0389102198713
2013-07-29,sz000901,28.93,27.68,28.93,27.41,80786,99267839.0,5.21,-5.14,-1.5,3.23,4.907336105210838,-0.022608764632635392,28.958000000000006,28.770666666666664,28.538139613806354,5.077200782655242,5.031098262770369,5.01350705056853,28.351,28.57581818181818,28.27335641930125,5.043355311104376,5.042655154132893,5.016622922880135,27.334999999999997,27.880619047619053,28.004214063481133,4.960243103901878,4.996484272027183,5.002454726257169,27.459333333333333,27.51911827956989,28.036354320023246,4.975608779260522,4.976983844550376,4.994970139756336,28.509999999999998,28.417202185792352,27.971400057524082,4.971293329331606,5.020471723715793,4.952048645226425,7.99680856765779
2013-07-30,sz000901,27.72,27.01,27.97,26.49,64533,76715364.0,5.35,-2.42,-0.67,2.58,4.809781854990297,-0.09755425022054087,28.556000000000004,28.121333333333332,28.028759742537574,5.007407481620662,4.941958620215386,4.945598652042453,28.248,28.331999999999997,28.043655252155567,5.015691818244049,5.000187253021243,4.979015455991074,27.342000000000002,27.849666666666664,27.909527009816266,4.951527443949049,4.9821546292736985,4.984104928993657,27.313,27.49012903225806,27.970137912279814,4.962455762993917,4.966285333307136,4.983022508481108,28.54883333333333,28.368021857923495,27.939878744162634,4.981047044265765,5.015176265540669,4.9473841603006505,7.884882350027406
2013-07-31,sz000901,27.27,27.5,27.83,27.03,44351,53303734.0,2.96,1.81,0.49,1.77,4.646903416492114,-0.16287843849818362,28.194000000000006,27.769333333333336,27.852506495025054,4.913056533276712,4.821790598505871,4.846033573525673,28.258999999999997,28.195999999999998,27.944808842672735,4.98421822258916,4.933134816339072,4.918631448809444,27.4005,27.864714285714285,27.870524437452815,4.936900895664341,4.953142817134943,4.951990499231606,27.213666666666665,27.502193548387098,27.939806434068213,4.950111836392414,4.9459271174037935,4.961337405772141,28.58583333333333,28.333633879781424,27.925456490255662,4.987403345620314,5.004220736761205,4.937532332634797,7.7267576330189645
2013-08-01,sz000901,27.52,28.39,28.39,27.3,66161,80909746.0,3.96,3.24,0.89,2.64,4.8206020608008355,0.17369864430872184,27.952000000000005,27.834666666666667,28.031670996683374,4.822913661467512,4.790972441013912,4.837556402617395,28.303000000000004,28.219818181818184,28.02575268945951,4.967857662368226,4.903386423286649,4.90080792371697,27.48,27.958952380952386,27.91999830055255,4.924928797780247,4.942066737624134,4.939477314619151,27.180666666666664,27.578086021505378,27.968851180257364,4.942931846771149,4.937571648010788,4.952257706096573,28.625666666666667,28.327213114754098,27.940687425001375,4.994911616543155,4.99875184217696,4.933698553230405,7.908000837793842
2013-08-02,sz000901,28.28,28.33,28.91,28.17,75603,94756759.0,2.61,-0.21,-0.06,3.02,4.878539029067285,0.057936968266449895,27.782000000000004,27.960666666666665,28.131113997788916,4.8126324933122735,4.809514230213836,4.851217278100692,28.415,28.22472727272727,28.08107038228505,4.946791021280196,4.887146671777387,4.896759033780663,27.567500000000003,28.039904761904758,27.959046081452307,4.9259514579254216,4.937648664413375,4.933673668376116,27.191333333333333,27.652236559139787,27.99215110411173,4.9392688267323,4.933417272675055,4.947501662417264,28.670833333333334,28.31751912568306,27.95345177172264,5.003605834674844,4.99493634750562,4.93189004424145,7.976610197972139
2013-08-05,sz000901,28.31,28.69,28.75,28.15,49065,61518081.0,2.12,1.27,0.36,1.96,4.690771803180663,-0.1877672258866223,27.984,28.263333333333335,28.317409331859277,4.76931963290624,4.768894000169966,4.797735453127349,28.470999999999997,28.274727272727276,28.19178485823322,4.923260207780741,4.840597723032018,4.859306810035208,27.7505,28.146809523809527,28.028660740361612,4.919014245949766,4.915250602056733,4.91054015740512,27.300333333333334,27.748924731182797,28.03717361352388,4.929895202129993,4.917385206639465,4.9309384456923215,28.713833333333334,28.31814754098361,27.97760089396124,5.007021212371654,4.984679494014007,4.923984528141096,7.7890027795874355
2013-08-06,sz000901,28.82,28.95,29.11,28.64,65380,82932219.0,1.64,0.91,0.26,2.61,4.81544491624435,0.12467311306368689,28.372000000000003,28.58533333333333,28.528272887906187,4.77045224515705,4.784269094616003,4.803638607499683,28.464,28.361818181818183,28.32964215673627,4.8889298633888565,4.820994942752674,4.851331920255052,27.9315,28.261047619047616,28.11640733651765,4.9339365994522195,4.905386856370501,4.9014834677707615,27.357000000000003,27.855354838709676,28.096065638457823,4.919186436443455,4.910001317227488,4.923487250244065,28.756333333333334,28.325890710382517,28.00948283186415,5.008177922916528,4.978398303977047,4.920425852341203,7.918723285864203
2013-08-07,sz000901,28.98,28.84,29.51,28.28,86780,110221661.0,4.25,-0.38,-0.11,3.47,4.938419645793193,0.12297472954884281,28.640000000000004,28.741333333333333,28.632181925270793,4.828755491017265,4.840258228161384,4.8485656202641865,28.416999999999994,28.430181818181815,28.42243449187513,4.870906012146988,4.829993085008009,4.867166052171077,28.07,28.34757142857143,28.18532092351597,4.9445363005361385,4.90581381316488,4.905001199010993,27.399333333333335,27.951032258064515,28.14406140371861,4.9147108485904045,4.911242169443601,4.924450630602074,28.7955,28.32863387978142,28.036712902950573,5.011299884313819,4.9761111473500526,4.921015812782251,8.0422669513973
2013-08-08,sz000901,28.73,28.42,29.02,28.33,55804,69990963.0,2.39,-1.46,-0.42,2.23,4.746665330042707,-0.19175431575048574,28.646000000000004,28.668000000000003,28.561454616847197,4.8139681448656395,4.812894841169864,4.814598856857026,28.299,28.43072727272727,28.421991856988743,4.818440903166576,4.807403870079957,4.845256829965919,28.1565,28.380904761904763,28.207671311752545,4.934329182698166,4.886968958832173,4.889921592442585,27.479333333333333,28.016881720430103,28.16186389380128,4.906702228440984,4.900400523085686,4.912980611211148,28.814666666666668,28.316322404371583,28.049279693017766,5.008380785069459,4.967434604587065,4.915299403512102,7.8450419689771795
2013-08-09,sz000901,28.51,28.13,28.93,27.83,61432,76248918.0,3.87,-1.02,-0.29,2.45,4.7883946545809115,0.04172932453820444,28.606000000000005,28.496000000000002,28.417636411231467,4.795939269968365,4.804370344408288,4.805864122764989,28.194,28.4,28.36890242844533,4.80428588164032,4.801940915791654,4.83491825262319,28.2565,28.378380952380947,28.200274043966587,4.9289819325520305,4.873070432344814,4.880252360265283,27.572666666666667,28.058860215053766,28.15980815871733,4.903365770578267,4.8927677763850355,4.9049428075575845,28.840166666666665,28.293874316939892,28.051926260459805,5.010248414570266,4.960221944571046,4.911138592071735,7.882233685265204
2013-08-12,sz000901,28.19,28.73,28.73,28.1,62245,77622094.0,2.24,2.13,0.6,2.49,4.794104471275856,0.005709816694944081,28.614000000000004,28.53733333333333,28.521757607487643,4.816605803587403,4.803758744844119,4.8019442389352776,28.299,28.497454545454545,28.434556532364358,4.792962718246821,4.8000897502708435,4.827497565105492,28.325,28.423476190476197,28.25072413501739,4.918159014675599,4.860224959842322,4.872047799409147,27.656333333333336,28.133526881720435,28.196594729122666,4.904482975350192,4.885718660301008,4.897791947152312,28.871166666666667,28.290262295081966,28.074158186346367,5.0143003861311515,4.953135257905656,4.907301407783346,7.889985354461436
2013-08-13,sz000901,28.84,29.07,29.25,28.46,70426,89380810.0,2.75,1.18,0.34,2.81,4.847733022379835,0.05362855110397913,28.638000000000005,28.689333333333334,28.70450507165843,4.8230634248145,4.814134484441596,4.81720716675013,28.505000000000003,28.637636363636364,28.55009170829811,4.796757834985774,4.810047987385936,4.831176739155373,28.376500000000004,28.49442857142857,28.328750407872874,4.9062248266149115,4.85351772248082,4.869732106358737,27.72966666666667,28.2247311827957,28.252943456276043,4.899937574294624,4.882057373012598,4.894562339102475,28.9,28.29678142076503,28.106808737613697,5.015443814582379,4.94767403286463,4.9053483459668366,7.951244286069881
2013-08-14,sz000901,29.07,28.57,29.13,28.46,57209,72194429.0,2.3,-1.72,-0.5,2.29,4.757464356465588,-0.09026866591424643,28.584000000000003,28.666666666666668,28.65967004777229,4.786872366948979,4.792268128325293,4.797292896655283,28.612000000000002,28.649454545454546,28.55371139769845,4.807813928983122,4.8029037185640835,4.817774487757229,28.4355,28.512857142857143,28.351726559504026,4.896016075786141,4.839350058657076,4.859039939702247,27.804333333333332,28.278946236559143,28.273398717161463,4.893871906770601,4.872865552507499,4.885717307964612,28.91866666666667,28.285961748633873,28.12199533638046,5.015305339981653,4.939215689975553,4.900499690573352,7.858503685825777
2013-08-15,sz000901,28.57,27.83,28.71,27.83,64997,80329367.0,3.08,-2.59,-0.74,2.6,4.812893311819576,0.05542895535398795,28.466,28.415333333333333,28.38311336518153,4.800117963304354,4.800941776615491,4.802493035043381,28.556,28.507272727272724,28.42212750720782,4.807043054084997,4.803827242716166,4.81688700122311,28.4295,28.455190476190477,28.30203831574174,4.8874503582266104,4.831433604945974,4.85464502276104,27.838666666666665,28.280602150537632,28.244792348312338,4.885633549881829,4.867641127026788,4.881018985632674,28.917166666666667,28.250267759562842,28.112421718794213,5.014594000742006,4.932579230035814,4.897627350286343,7.904874344711566
2013-08-16,sz000901,27.45,27.48,28.33,27.12,64602,78177777.0,4.35,-1.26,-0.35,2.58,4.810245963436546,-0.00264734838303049,28.336000000000002,28.086666666666662,28.082075576787688,4.80448822507548,4.8043177766595555,4.805077344507769,28.471000000000004,28.31163636363636,28.250831596806396,4.800213747521922,4.8044095898709935,4.815679539807371,28.443,28.364761904761906,28.223748952337765,4.87350238440106,4.824080805442159,4.8504165409206115,27.86866666666667,28.257462365591397,28.195450906485735,4.884038887790922,4.862777411772253,4.876452984200666,28.891833333333334,28.203147540983608,28.09168658047309,5.009090208897877,4.925879294386456,4.8947623867830705,7.893083317025375
2013-08-19,sz000901,27.61,27.79,27.9,27.41,34287,41588928.0,1.78,1.13,0.31,1.37,4.535129487435065,-0.2751164760014806,28.148000000000003,27.904666666666667,27.984717051191794,4.752693228307322,4.714531530779416,4.715094725483535,28.381,28.18781818181818,28.167044033750685,4.784649515947363,4.756212451673383,4.764670439376042,28.426,28.30257142857143,28.182439528305594,4.853954861864052,4.791854815254921,4.820389202493416,27.96066666666667,28.252387096774196,28.169292783486657,4.874226002615631,4.8402671278783265,4.854432113441596,28.887666666666668,28.167021857923498,28.08179521717889,5.00199365973546,4.910339598600789,4.8829711441814965,7.618977726095043
2013-08-20,sz000901,27.9,27.45,28.08,27.34,41543,50479432.0,2.66,-1.22,-0.34,1.66,4.6184978556175,0.08336836818243487,27.824,27.672,27.806478034127863,4.706846194954855,4.669799739882809,4.682895768861524,28.231,28.018545454545453,28.03667239125056,4.764954809884678,4.7260030588861355,4.738093605965398,28.347500000000004,28.20961904761905,28.112683382752678,4.826942336636767,4.769430338469534,4.801161455171901,28.031333333333336,28.21944086021505,28.122886797455262,4.877609336263038,4.823768537749417,4.839210548420686,28.877166666666668,28.11988524590164,28.061080619894334,4.995827684151922,4.8977659656788886,4.874299888818742,7.7031144595353345
2013-08-21,sz000901,27.39,27.57,27.61,27.16,38263,45859841.0,1.64,0.44,0.12,1.53,4.582779017765722,-0.03571883785177832,27.624000000000002,27.58733333333333,27.72765202275191,4.671909127214882,4.628444014153098,4.649523518496257,28.104000000000003,27.898363636363637,27.951822865568637,4.729390747081931,4.69288018759178,4.709854589929093,28.2605,28.13557142857143,28.060999251061947,4.80014837961446,4.746176689053245,4.780363127799884,28.08133333333333,28.18967741935484,28.087216681490407,4.872821116051402,4.804747226878621,4.8226665787010115,28.852166666666665,28.077027322404373,28.04497961596337,4.9885403812517986,4.884223386453112,4.8647418274727405,7.661432544660332
2013-08-22,sz000901,27.39,27.36,27.68,27.32,34105,41052888.0,1.31,-0.76,-0.21,1.36,4.5328180538671665,-0.0499609638985552,27.53,27.499333333333333,27.60510134850128,4.6158940756244,4.582080323037193,4.610621696953227,27.997999999999998,27.763090909090906,27.84421870819252,4.708006019464376,4.657139697916369,4.677666128826925,28.148500000000002,28.049809523809525,27.994237417627474,4.7632234613154765,4.720716658029693,4.7567874064729585,28.103666666666665,28.143139784946236,28.040299476232963,4.858888128286903,4.78281154544738,4.803966673873022,28.81066666666667,28.028103825136608,28.022521267899,4.978752460327243,4.869281670801156,4.853859080797148,7.613343714399328
2013-08-23,sz000901,27.39,27.16,27.7,26.49,48914,58257415.0,4.42,-0.73,-0.2,1.95,4.689433179216617,0.15661512534945032,27.466,27.376,27.456734232334185,4.5917315187804135,4.606593357567933,4.6368921910410235,27.901,27.610727272727274,27.71981530670297,4.698109871927947,4.65376281787132,4.679805592534141,28.047499999999996,27.955666666666666,27.914786234996285,4.751197876784134,4.713689012115516,4.750372718162831,28.137999999999998,28.082258064516132,27.98350596163729,4.85202457901067,4.771878968088006,4.796577416153254,28.764,27.973983606557372,27.994241882066245,4.967379849082553,4.859795792731955,4.848468067630573,7.765351210189649
2013-08-26,sz000901,26.96,27.54,27.59,26.96,38149,45781698.0,2.32,1.4,0.38,1.52,4.581483158275855,-0.10795002094076178,27.416000000000004,27.400666666666666,27.484489488222792,4.601002252948573,4.603177237399746,4.618422513452634,27.782,27.54509090909091,27.687121614575155,4.676847740627947,4.632557960843667,4.661928786305362,28.0405,27.90733333333333,27.87909230785378,4.734905229437384,4.697525705590918,4.7342879981735955,28.144000000000002,28.043677419354843,27.954892673789725,4.837721923326382,4.75442468287931,4.782700367257938,28.674333333333333,27.933852459016393,27.979348705605055,4.954843856496918,4.847143442213703,4.839714464045172,7.660691896209969
2013-08-27,sz000901,27.5,28.13,28.13,27.43,60097,73401118.0,2.54,2.14,0.59,2.4,4.778852792868552,0.19736963459269674,27.552000000000003,27.638666666666662,27.699659658815197,4.633073240398782,4.662460750706405,4.6718992732579405,27.688,27.608363636363634,27.76764495737967,4.66995971767682,4.651104333978323,4.683187696589578,28.096500000000002,27.915857142857146,27.902988278534373,4.733358776331297,4.701711187822458,4.73853226433502,28.147000000000002,28.042774193548386,27.966189920642005,4.827469790302215,4.750626674462675,4.7824521366521715,28.575166666666668,27.916005464480875,27.984288092306528,4.941530047520355,4.841373243406216,4.837718999416429,7.865702674868836
2013-08-28,sz000901,28.24,29.81,30.43,28.24,243621,315733856.0,7.79,5.97,1.68,9.73,5.386714721526647,0.6078619286580951,28.000000000000007,28.391333333333332,28.403106439210134,4.793860381150967,4.913674577749027,4.91017108934751,27.812,27.99418181818182,28.13898223785609,4.732884754182924,4.781423425587383,4.81110170112359,28.212,28.07904761904762,28.084608442483482,4.770349341583023,4.763935563555348,4.800263926924698,28.227666666666668,28.150064516129035,28.085145409632844,4.841638968585069,4.786706992606187,4.8214368195473,28.4995,27.956491803278688,28.044147499116146,4.940959179153153,4.855969462226094,4.855718859157748,8.49932115359202
2013-08-29,sz000901,29.85,29.18,29.96,28.89,112290,144285384.0,3.59,-2.11,-0.63,4.49,5.050341081834084,-0.33637363969256295,28.363999999999997,28.784666666666666,28.662070959473425,4.897364986744351,4.9991681446433995,4.9568944201763685,27.946999999999996,28.242909090909087,28.328258194609525,4.756629531184375,4.839142757887593,4.85459977034368,28.2515,28.1712380952381,28.188931447961245,4.781836292634686,4.790601443579259,4.82408079882083,28.268666666666665,28.211505376344082,28.155781189656533,4.8438434158792,4.800171645073864,4.836204836469028,28.36616666666667,27.978803278688527,28.081388564718893,4.933585361116491,4.859555754117272,4.862099915638939,8.159222339619879
2013-08-30,sz000901,28.73,28.93,29.02,28.06,95528,119222985.0,3.29,-0.86,-0.25,3.82,4.980130685334404,-0.07021039649967964,28.718,28.973333333333336,28.75138063964895,4.955504487967908,5.026756710840084,4.964639841895714,28.092000000000002,28.421636363636363,28.43766579558961,4.773618003374161,4.879779331369417,4.877423573069266,28.2815,28.235857142857146,28.25950940529827,4.786915875448042,4.809486623836374,4.838942692774504,28.326,28.254172043010755,28.205730790323855,4.840207590725427,4.80896437213549,4.845490375105504,28.231,27.99728961748634,28.10921189046581,4.923289677217682,4.861081830321138,4.86596977694043,8.076359991111977
2013-09-02,sz000901,29.13,29.63,30.1,29.11,120768,156852457.0,3.42,2.42,0.7,4.82,5.081951874148818,0.10182118881441404,29.136000000000003,29.27733333333333,29.04425375976597,5.0555982311425005,5.068905839567054,5.00374385264675,28.276,28.701272727272727,28.654453832755134,4.828300242045537,4.935840035146627,4.914610536901912,28.328500000000002,28.364285714285714,28.39003231907939,4.806474878996449,4.837585290379305,4.862086424333962,28.375999999999998,28.338301075268813,28.297619126431993,4.845403321924547,4.824560777517646,4.860745955688944,28.136666666666667,28.043158469945357,28.15907379569644,4.9191439118145075,4.866283869564782,4.8730511571767705,8.195491326050561
2013-09-03,sz000901,29.43,29.43,29.58,28.64,71681,92061202.0,3.17,-0.67,-0.2,2.86,4.8554040554075915,-0.22654781874122687,29.396000000000004,29.375333333333334,29.17283583984398,5.070908483650308,5.002174447655417,4.954297253567031,28.474,28.91109090909091,28.795462226799653,4.851990862024546,4.940768001212455,4.903845722084762,28.3525,28.46919047619048,28.489076860119447,4.808472835954612,4.842245211942271,4.861450008245736,28.389666666666663,28.406301075268814,28.37067595698477,4.83529184509936,4.825205986129455,4.860401316961115,28.0535,28.08556284153006,28.20074350731295,4.9139190126599965,4.864194038207177,4.872472563676142,7.964076640974633
2013-09-04,sz000901,29.6,30.75,31.13,29.6,190232,254110497.0,5.2,4.49,1.32,7.6,5.279283573876229,0.42387951846863725,29.584000000000003,29.826666666666664,29.698557226562656,5.049422254120225,5.071632811064058,5.0626260270034305,28.792,29.324909090909088,29.150832731017896,4.921641317635596,5.018457585185489,4.97210714968321,28.447999999999997,28.697523809523812,28.704402873441403,4.825516032358764,4.88708432983957,4.901243681162926,28.437666666666665,28.55858064516129,28.524180733953497,4.840646025621505,4.8538506137924795,4.887425978697574,28.024,28.173972677595632,28.284325687401047,4.913815575610496,4.876173204148694,4.885810629584342,8.405022605605332
2013-09-05,sz000901,30.75,30.34,31.08,29.99,108853,145397592.0,3.54,-1.33,-0.41,4.35,5.036840402743137,-0.24244317113309144,29.816000000000003,30.078666666666667,29.912371484375107,5.0467221183020365,5.067438860605027,5.054030818916667,29.089999999999996,29.606363636363636,29.367044961741914,4.972043552523194,5.0394028733868605,4.983876832057742,28.544,28.877714285714283,28.860174028351743,4.840024785993785,4.907210460352366,4.914157654646756,28.462333333333333,28.681311827956993,28.641330364021012,4.832830158384715,4.866508315542261,4.897065618958578,28.0235,28.249907103825134,28.351724845191175,4.9110911503016546,4.88020680503829,4.890762425425614,8.162557214021147
2013-09-06,sz000901,30.97,31.67,31.8,30.55,202124,277198144.0,4.12,4.38,1.33,8.07,5.3056178842660655,0.26877748152292824,30.364000000000004,30.69666666666667,30.498247656250072,5.111819558088368,5.153737449259705,5.137893174033134,29.541000000000004,30.075454545454548,29.78576405960702,5.033662023028138,5.100052751885564,5.042375205186527,28.720999999999997,29.175428571428572,29.127776501842053,4.865885947478043,4.951552660187822,4.9514395812771665,28.54533333333333,28.88825806451613,28.836728405051915,4.845352592198802,4.897010749470089,4.9234238296235775,28.04416666666667,28.369464480874313,28.460520751906216,4.913431649696393,4.8931421077912205,4.904364243748252,8.442790318099737
2013-09-09,sz000901,31.82,32.23,33.66,30.97,187067,263830261.0,8.49,1.77,0.56,7.47,5.271997181503544,-0.03362070276252194,30.884000000000004,31.318666666666665,31.07549843750005,5.1498286195593135,5.207129990398096,5.182594509856604,30.01,30.564363636363634,30.23017059422392,5.102713425350908,5.143386417062911,5.084124655425984,28.895999999999997,29.50961904761905,29.423226358809476,4.889780582989427,4.990229920571202,4.981968876536821,28.697,29.125978494623656,29.05564915311308,4.857507961408558,4.92453620684459,4.9459124329706725,28.078166666666668,28.50670491803279,28.584110235450275,4.91655837033454,4.9048983547357174,4.916417782691048,8.421324607099626
2013-09-10,sz000901,31.78,31.71,32.34,31.33,133113,185170832.0,3.13,-1.61,-0.52,5.32,5.124220471346697,-0.14777671015684657,31.340000000000003,31.594,31.286998958333367,5.203591902747134,5.198593940993891,5.163136497019969,30.368000000000002,30.873454545454546,30.499230486183205,5.137250193198723,5.147296789062144,5.091414803775204,29.028,29.777619047619048,29.641014324637144,4.903604955437769,5.012557528986181,4.995516647471096,28.853666666666665,29.320365591397852,29.226897594847724,4.867989248620439,4.941743465550276,4.957416177382029,28.083333333333332,28.625781420765026,28.686598424451905,4.915222505807178,4.911706948211525,4.92323098559779,8.267572577923213
2013-09-11,sz000901,31.67,29.85,32.2,29.6,161893,217944586.0,8.2,-5.87,-1.86,6.47,5.209228070945492,0.08500759959879467,31.160000000000004,31.097333333333335,30.80799930555558,5.189580802160987,5.200472663726676,5.178500354995144,30.372000000000003,30.779272727272723,30.38118857960444,5.1195015281406056,5.160383675925194,5.112835397806165,29.092000000000002,29.85590476190476,29.660917722290748,4.926193141161765,5.041664492367867,5.015870116373419,28.932000000000002,29.384645161290322,29.26709775001884,4.8867334037688845,4.963758873442216,4.973662105999027,28.07283333333333,28.683704918032788,28.724742738404302,4.918422620080649,4.921346474937372,4.932607939215748,8.338346085101678
2013-09-12,sz000901,29.9,30.19,30.61,29.9,73857,97950157.0,2.38,1.14,0.34,2.95,4.868391663050862,-0.34083640789462955,31.130000000000003,30.774,30.601999537037056,5.155891054222532,5.093409617356635,5.0751307910137164,30.473000000000003,30.74618181818182,30.34642701967636,5.101306586262284,5.114727336817968,5.0683910823961105,29.209999999999997,29.96047619047619,29.71130651064401,4.9289680587233295,5.036159589690639,5.001824549390318,28.992,29.4658064516129,29.32663983066279,4.888326390510553,4.962575535331375,4.966870464518501,28.086333333333336,28.753120218579234,28.77278396009596,4.915629118640851,4.919706115690493,4.93050248753821,7.991005136442843
2013-09-13,sz000901,29.9,30.03,30.07,29.47,54140,70721975.0,1.99,-0.53,-0.16,2.16,4.733518251434488,-0.13487341161637456,30.802000000000003,30.407333333333334,30.411333024691373,5.041471127656217,4.952618683093954,4.961259944487307,30.583,30.665636363636363,30.288894834280654,5.076645342872292,5.047856730485641,5.00750511313036,29.3375,30.03857142857143,29.74165827153506,4.925131673123227,5.017545322329798,4.97627156863262,29.04866666666667,29.532774193548388,29.3720179061039,4.883492364589459,4.952587913455499,4.95181548302921,28.12,28.816846994535524,28.814004158125602,4.911380595660878,4.913735267585367,4.924043987993826,7.849554380393379
2013-09-16,sz000901,30.05,29.87,30.37,29.74,52176,68704690.0,2.1,-0.53,-0.16,2.08,4.7174707814618815,-0.016047469972606088,30.330000000000005,30.09666666666667,30.230888683127585,4.930565847647884,4.844618567695842,4.879996890145499,30.607,30.536,30.212732137138715,5.040197233603598,4.982552264774658,4.954771598281545,29.441499999999998,30.089285714285708,29.753881293293624,4.934248737824568,4.9977680945525265,4.951623874616359,29.088000000000005,29.585763440860216,29.404145783129454,4.884382330532166,4.941876843576301,4.9366964700248674,28.194166666666668,28.87422404371584,28.848626972613285,4.907138766331078,4.90737756875917,4.917271095976385,7.8369863843899426
2013-09-17,sz000901,29.87,29.76,30.19,29.58,57647,75552224.0,2.04,-0.37,-0.11,2.3,4.76077671115636,0.043305929694478884,29.940000000000005,29.90666666666667,30.073925788751723,4.857877095609817,4.788022188865333,4.840256830482453,30.639999999999997,30.381999999999994,30.130417203113492,5.030734499178476,4.931748533420614,4.91949980062242,29.557,30.119619047619047,29.75446402726566,4.94136268060151,4.981246949155554,4.933447954286835,29.115000000000002,29.629118279569887,29.427104119701752,4.882560057029234,4.93390228748754,4.9253468081623835,28.236,28.925562841530056,28.87850805547842,4.900873246736345,4.902578812851803,4.912140132539663,7.878247253012723
2013-09-18,sz000901,29.72,30.28,30.28,29.63,42888,56452454.0,2.18,1.75,0.52,1.71,4.6323357942172505,-0.12844091693910986,30.026000000000003,30.020000000000003,30.142617192501152,4.742498640264168,4.712841755067812,4.770949818394052,30.593,30.316545454545455,30.157614075274672,4.966039721212578,4.859312405245846,4.867288163094207,29.692500000000003,30.18847619047619,29.804515072287977,4.9438405194240875,4.951815817118958,4.904770605708778,29.163,29.704279569892478,29.482129660366155,4.872357261976702,4.9177587866609604,4.906442871778826,28.281166666666667,28.992579234972677,28.924458611036503,4.893534055283554,4.8937743062118315,4.90296621980778,7.751682825543429
2013-09-23,sz000901,30.41,30.77,30.81,30.1,62488,83520529.0,2.34,1.62,0.49,2.5,4.795796624797609,0.16346083058035887,30.142000000000007,30.267999999999997,30.35174479500077,4.7279796326135175,4.730607749912292,4.779232087195238,30.636000000000003,30.348727272727274,30.268956970679273,4.9419353434180255,4.828359114988579,4.854289701585735,29.863,30.291095238095238,29.896466017784363,4.956989447970608,4.9377163985831025,4.894392131336286,29.241333333333333,29.807956989247316,29.56521806937479,4.873994971801865,4.9128193907139215,4.899304404231651,28.360333333333337,29.07418032786885,28.984968164773008,4.890348600121425,4.89056980029426,4.899452462594332,7.92179323638919
2013-09-24,sz000901,30.79,30.32,30.93,30.12,51694,69106507.0,2.63,-1.46,-0.45,2.06,4.713440138488369,-0.08235648630924075,30.200000000000006,30.327333333333332,30.341163196667182,4.723964010024295,4.725761251870576,4.757301437626282,30.500999999999998,30.29127272727273,30.278237521464856,4.882717568840254,4.786814532274096,4.828680690113487,30.021000000000004,30.33461904761905,29.936802587519185,4.958189795934198,4.914521226251461,4.877158608207913,29.314333333333334,29.877548387096777,29.613913677802227,4.871496487932114,4.902461014371116,4.887313161280471,28.443499999999997,29.13843169398907,29.02873970035422,4.887431129255191,4.884769522863667,4.8933536978695455,7.839518942036211
2013-09-25,sz000901,30.23,30.19,31.06,30.12,65007,87261634.0,3.1,-0.43,-0.13,2.6,4.812960124299616,0.09951998581124766,30.264000000000003,30.324,30.29077546444479,4.743061878591841,4.7554266232956826,4.775854333184061,30.296999999999997,30.234727272727277,30.26219433574397,4.836813863119863,4.774131360539435,4.825822405420055,30.153499999999998,30.350714285714282,29.960916626803073,4.9697636442353845,4.900689828952928,4.871044466883313,29.363,29.93404301075269,29.65108053729886,4.872125009699572,4.8986844747819225,4.882516191152675,28.509666666666664,29.19569398907104,29.066813808539322,4.888303992524883,4.882327850570043,4.8907178429984,7.940823341020034
2013-09-26,sz000901,30.03,28.93,30.16,28.91,71639,92603726.0,4.14,-4.17,-1.26,2.86,4.855149514955986,0.04218939065636995,30.098000000000003,29.87933333333334,29.837183642963197,4.761936439351766,4.7927891687503985,4.80228606044137,30.019,29.98618181818182,30.019977183790516,4.809906767480792,4.77746511541873,4.831154607153861,30.1935,30.23419047619048,29.862734090917066,4.973578480339756,4.889774197592987,4.869530661937853,29.358333333333334,29.90610752688172,29.604559212311838,4.872372226118778,4.8975892815726585,4.8807505991399855,28.544,29.209475409836067,29.062328109898687,4.886154900206701,4.881240818518603,4.889551668308485,7.966628461289759
2013-09-27,sz000901,28.93,29.31,29.34,28.73,37567,47984830.0,2.11,1.31,0.38,1.5,4.5748065148539965,-0.28034300010198976,29.904000000000003,29.616666666666667,29.661455761975468,4.750430583479115,4.730412527251142,4.726459545245579,29.965000000000003,29.857272727272722,29.89089042310133,4.746464611871643,4.73471961494113,4.78454586309934,30.1685,30.150047619047623,29.810092748924966,4.932983070006125,4.851795915165772,4.841461695548914,29.383,29.902989247311822,29.58555539216269,4.866283631398391,4.878391493749125,4.8610122711215356,28.593666666666667,29.234590163934424,29.070448499738074,4.880077769084496,4.871032674736549,4.8792321550804685,7.681103960529958
2013-09-30,sz000901,29.56,29.45,29.83,29.25,27403,35409334.0,1.98,0.48,0.14,1.09,4.437798110708168,-0.1370084041458286,29.640000000000004,29.465333333333334,29.59097050798365,4.678830880661227,4.626201702994158,4.630239067066443,29.891,29.763636363636362,29.810728527991994,4.703405256637373,4.678598432911408,4.7215008172100354,30.182000000000006,30.08161904761905,29.7757982014083,4.9023559214498285,4.80463544285168,4.8030175446117,29.437,29.90731182795699,29.576809882990904,4.853780458028011,4.85074726660782,4.833708131740028,28.637833333333337,29.26266666666667,29.08289281122207,4.86970700395492,4.856531702330766,4.864758907723999,7.54911775836373
2013-10-08,sz000901,29.36,29.65,29.74,28.93,44036,56700795.0,2.75,0.68,0.2,1.76,4.6438078630512285,0.20600975234306063,29.506000000000007,29.468666666666664,29.610647005322434,4.664904425573799,4.614527363790826,4.6347619990613715,29.853,29.71981818181818,29.781505159266175,4.694434217799047,4.667762543168473,4.707374825544798,30.218,30.030952380952385,29.763817420321793,4.8855397803356695,4.78001181824229,4.787854717796417,29.509333333333334,29.921053763440863,29.581531826023753,4.848232521348501,4.83720064757706,4.821456501502041,28.689,29.295852459016395,29.10148648954266,4.866135704569711,4.849125173120809,4.857514611177351,7.753589148164382
2013-10-09,sz000901,29.65,30.28,30.46,29.4,63005,83212140.0,3.58,2.12,0.63,2.52,4.799375015901908,0.15556715285067924,29.524,29.726666666666667,29.833764670214958,4.662187403894258,4.6593508939001955,4.689633004674883,29.894,29.797454545454542,29.872140584854144,4.702624641243049,4.686842688278085,4.724102132882454,30.2505,30.03685714285715,29.812977666005434,4.871410937423325,4.771805650200979,4.78895188904456,29.592333333333332,29.97077419354839,29.626594288860932,4.857040705630728,4.834048550451473,4.820031889527839,28.7765,29.34801639344262,29.14012627677077,4.8656333541231795,4.84693629808252,4.855608394938812,7.92018669107913
2013-10-10,sz000901,30.41,30.55,30.93,29.92,92113,123666896.0,3.34,0.89,0.27,3.68,4.96432092693784,0.16494591103593237,29.848000000000003,30.068666666666665,30.072509780143307,4.684021686290628,4.760062068248057,4.781195645429202,29.973000000000003,29.916727272727275,29.995387751244298,4.722979062821197,4.734423831131682,4.76777827725616,30.3065,30.06538095238095,29.88317026924301,4.8768567809998356,4.780654220630933,4.805653702177253,29.695666666666664,30.032559139784947,29.686168850869908,4.868568141341407,4.840969855051931,4.829340859683323,28.8635,29.406163934426228,29.186351644745496,4.873088738802223,4.850171956207591,4.859172740250255,8.092253460270927
2013-10-11,sz000901,30.79,30.7,30.97,30.3,75202,101320919.0,2.19,0.49,0.15,3.0,4.876229390823206,-0.08809153611463394,30.126000000000005,30.352666666666668,30.281673186762205,4.74430626148447,4.824131303092249,4.812873560560536,30.014999999999997,30.048909090909092,30.123499069199877,4.747368422481793,4.762287527132047,4.787496661541077,30.304000000000002,30.10285714285714,29.96096357693415,4.856704071847185,4.780594469185539,4.81237519633401,29.8,30.097354838709677,29.75157731210411,4.878349820443322,4.841464129212048,4.832365926208476,28.940666666666665,29.466377049180327,29.23597945967187,4.875585468247363,4.8502749284050015,4.859731974695269,8.0056991202699
2013-10-14,sz000901,30.72,30.95,31.06,30.48,77637,105031128.0,1.89,0.81,0.25,3.1,4.890068745307026,0.01383935448382001,30.426,30.627333333333336,30.504448791174806,4.834760388404241,4.8727187976997675,4.838605288809367,30.032999999999998,30.21890909090909,30.27377196570899,4.756795634532734,4.788233040372999,4.806146131316704,30.334500000000002,30.16438095238095,30.05515752198804,4.849365488975379,4.7837720571340965,4.819774581950488,29.919666666666668,30.17154838709677,29.82889490487159,4.89025817682465,4.842220188880673,4.836088688730964,29.011666666666667,29.532256830601092,29.292176854436725,4.874573152555778,4.85074978994794,4.860726622912048,8.021318029690589
2013-10-15,sz000901,30.99,30.43,31.15,30.19,60492,81315048.0,3.1,-1.68,-0.52,2.42,4.781697943485775,-0.10837080182125103,30.582000000000004,30.628666666666664,30.479632527449873,4.862338404491151,4.855031316060279,4.819636173701503,30.044,30.291090909090904,30.302177062852806,4.763621415032476,4.792760732909915,4.801701006256535,30.2725,30.173476190476197,30.090856805608226,4.8231694919363655,4.777327528992229,4.816148235430039,30.028666666666666,30.20447311827957,29.867675878750845,4.893333668966956,4.835216302858811,4.832579608392566,29.083333333333332,29.578759562841533,29.32948253134044,4.872679123988813,4.847704701125974,4.858135518668563,7.910170922698927
2013-10-16,sz000901,30.3,29.25,30.37,29.22,55508,72052703.0,3.78,-3.88,-1.18,2.22,4.744355579617726,-0.03734236386804923,30.376000000000005,30.184666666666665,30.06975501829992,4.851334517234315,4.815703707769137,4.794542642340245,29.95,30.146727272727276,30.11087214233411,4.756760960564287,4.789257853743598,4.791274565049479,30.1235,30.07609523809524,30.010775205074108,4.7967874118420735,4.76982144210474,4.80931083963839,30.085666666666665,30.154236559139783,29.827825822057243,4.898762749678352,4.825604813223376,4.826887735568382,29.114833333333333,29.584224043715846,29.326876546706327,4.868242336502366,4.84349737180233,4.854405028863618,7.857650277668611
2013-10-17,sz000901,29.43,29.29,29.81,29.22,34574,44808529.0,2.02,0.14,0.04,1.38,4.538749627660235,-0.20560595195749087,30.124000000000002,29.822666666666667,29.809836678866613,4.7662202573787935,4.711508744577778,4.709278304113575,29.986,30.026727272727268,29.961622661909722,4.725120971834711,4.749619429579224,4.745360940069617,30.002499999999998,29.996714285714283,29.942129947448002,4.767513869657751,4.7452464150398015,4.78354310516428,30.12433333333333,30.102903225806457,29.79312738192452,4.8907593108380745,4.80237816018995,4.80829818021947,29.13566666666667,29.589967213114758,29.3256674796012,4.859114550570144,4.832694332168163,4.844055671447113,7.651360686879591
2013-10-18,sz000901,29.96,29.96,30.72,29.83,58364,77451954.0,3.04,2.29,0.67,2.33,4.7661450487868215,0.2273954211265865,29.976000000000006,29.768000000000004,29.85989111924441,4.744203388971517,4.711483675047121,4.728233885671324,30.051,30.022000000000002,29.961327632471587,4.744254825227993,4.757078352661426,4.749139868927291,30.008,29.99266666666667,29.943831857214857,4.7453597185498175,4.745116051147333,4.7818861474140455,30.12933333333333,30.092301075268818,29.80389335728423,4.8700736550800805,4.794338530380192,4.805578623352848,29.1785,29.61699453551913,29.346465267155256,4.855856311832574,4.829646151781824,4.841501224802513,7.889032378850718
2013-10-21,sz000901,29.96,30.59,30.7,29.76,59470,79271059.0,3.14,2.1,0.63,2.38,4.774297938499277,0.008152889712455647,29.904000000000003,29.972666666666665,30.103260746162942,4.721049227609966,4.721515191556374,4.743588569947309,30.165000000000003,30.119999999999997,30.075631699294934,4.777904808007104,4.762540736892569,4.753714063394924,30.028000000000002,30.04809523809524,30.00537168033725,4.7406550323222385,4.747872072094901,4.781163460850734,30.176333333333336,30.12202150537635,29.854609914878797,4.86087221696892,4.788159451891108,4.8035605146526175,29.2225,29.663273224043714,29.38723689774033,4.8523578164240595,4.8269721067545035,4.839297838366341,7.89911466007033
2013-10-22,sz000901,30.66,31.89,32.16,30.48,177608,246772915.0,5.49,4.25,1.3,7.09,5.249462523816492,0.4751645853172146,30.196000000000005,30.634666666666664,30.698840497441964,4.81460214367611,4.897652956958549,4.912213221237037,30.389,30.433636363636364,30.405516844877674,4.838470274083631,4.848278503403367,4.843850147107936,30.121,30.225428571428573,30.184860091733704,4.7664522459413385,4.796329928427687,4.825763371609377,30.275,30.23258064516129,29.985925404241456,4.8698499449183235,4.813229794268371,4.832328386211578,29.3005,29.750732240437156,29.469294704371794,4.855028767821874,4.839991933226385,4.852745860840116,8.392297491213936
2013-10-23,sz000901,31.64,31.37,32.2,30.61,115493,159178298.0,4.99,-1.63,-0.52,4.61,5.062555662552837,-0.18690686126365463,30.620000000000005,31.026,30.922560331627977,4.878242160263133,4.9803041299174575,4.962327368342304,30.498,30.612000000000002,30.580877418536275,4.864788338748723,4.889021301306859,4.883614786279736,30.195999999999998,30.344380952380945,30.297730559187638,4.783706489995886,4.824530253819258,4.848315018365897,30.333000000000002,30.30322580645161,30.075220539451685,4.86920340453179,4.825662421212533,4.847181758878755,29.354499999999998,29.818584699453552,29.53161291078583,4.857303363228169,4.846796093709368,4.859624870732336,8.201883856735115
2013-10-24,sz000901,31.13,32.05,32.54,31.13,150028,211046029.0,4.49,2.17,0.68,5.99,5.176172319793537,0.11361665724069958,31.172000000000004,31.502666666666666,31.298373554418653,5.005726698689793,5.079614183094259,5.0336090188260485,30.648000000000003,30.894181818181814,30.847990615166044,4.885973478034293,4.945636570587735,4.936807065100427,30.310499999999998,30.520952380952377,30.464613363074527,4.804476270427745,4.861907951895224,4.879539523263767,30.420333333333335,30.414,30.202625665938672,4.879895680011322,4.845466867358452,4.868406956357129,29.404999999999998,29.906961748633883,29.614182979284656,4.857593762555341,4.857250813596758,4.870003475619589,8.32437718496893
2013-10-25,sz000901,31.89,30.75,32.16,30.19,109356,149984919.0,6.15,-4.06,-1.3,4.37,5.03884261632112,-0.13732970347241658,31.330000000000002,31.362000000000002,31.115582369612437,5.0602662121966535,5.090652822304701,5.035353551324406,30.653,30.912727272727274,30.830174139681304,4.902234800584084,4.973430959367157,4.955358983504189,30.333999999999996,30.562809523809523,30.491793042781712,4.824801611532939,4.884228556266023,4.894711246412086,30.420333333333335,30.435268817204307,30.237940139103923,4.871880981426153,4.855721508410697,4.879402805387064,29.429,29.951060109289617,29.65142288160319,4.856263503523829,4.863193398966127,4.875539185150786,8.176047592893337
2013-10-28,sz000901,31.04,32.85,33.55,30.77,178172,254306400.0,9.04,6.83,2.1,7.12,5.250839455026648,0.2119968387055282,31.782000000000004,31.868666666666666,31.693721579741627,5.155574515502127,5.154177236581366,5.107182185891821,30.843,31.31218181818182,31.197415205193792,4.9383118715560474,5.036813623811259,5.009082705599181,30.438,30.802428571428567,30.716384181564408,4.847553753044391,4.924803588979709,4.928628218661092,30.504,30.59202150537634,30.40646013012948,4.879014283168936,4.880170442191374,4.903366460202522,29.483166666666666,30.06322404371585,29.75629426253423,4.855922220776825,4.876130315408842,4.887844112031962,8.405357289981879
2013-10-29,sz000901,32.76,32.9,33.21,30.97,181377,257141649.0,6.82,0.15,0.05,7.24,5.258582214331664,0.007742759305015667,31.984,32.24133333333334,32.09581438649442,5.157398453605161,5.1885131361912125,5.157648862038435,31.089999999999996,31.68618181818182,31.506976076976734,4.9860002986406355,5.0950445952250085,5.05444625264145,30.566999999999997,31.03690476190476,30.924347592843986,4.874810856836556,4.9639491567213545,4.960052408724956,30.545,30.746602150537637,30.56733367012113,4.877446427504455,4.904658695814777,4.92628360563021,29.545166666666663,30.175251366120218,29.8593665817954,4.861399509851628,4.889332282410639,4.899999459648345,8.410172424624015
2013-10-30,sz000901,32.54,35.05,35.54,32.36,303805,459067648.0,9.67,6.53,2.15,12.13,5.482594917171733,0.2240127028400689,32.720000000000006,33.263333333333335,33.08054292432961,5.241406304528941,5.29691195738007,5.265964213749535,31.669999999999998,32.406181818181814,32.151162244799146,5.0598242323960365,5.185334525867025,5.132291464374228,30.810000000000002,31.463857142857147,31.31726686971599,4.908292596480162,5.021833352943752,5.009818361910363,30.639000000000003,31.03724731182795,30.856537949468155,4.884466352026729,4.943700533857826,4.962174657987728,29.668000000000003,30.355737704918038,30.029551284031612,4.870987156717644,4.909699344945726,4.919100950058947,8.661876687690542
2013-10-31,sz000901,34.33,33.75,35.56,33.55,199791,302565440.0,5.73,-3.71,-1.3,7.98,5.300575920634846,-0.18201899653688702,33.06,33.60666666666666,33.30369528288641,5.266287024697203,5.316635162748705,5.277501449377972,32.116,32.784363636363636,32.44186001847203,5.136006861693498,5.229107560092264,5.162888638239795,31.051,31.743857142857138,31.548955739266848,4.930563916764105,5.059193669529912,5.037509557979361,30.707,31.237956989247316,31.04321292047021,4.890344867002999,4.970546312477705,4.984006997513349,29.780333333333335,30.4895737704918,30.15153320914533,4.879167057811719,4.923784222451209,4.931608326143403,8.480819320004212
2013-11-01,sz000901,33.73,33.26,34.06,32.54,120940,176531494.0,4.5,-1.45,-0.49,4.83,5.082569964269923,-0.21800595636492304,33.562,33.67333333333333,33.289130188590946,5.275032494286963,5.255396142606278,5.212524287675289,32.446,32.992363636363635,32.5906127423862,5.167649353241808,5.219391760560705,5.148285242972545,31.2485,31.954238095238093,31.71191233552715,4.9559520892349,5.073670435959038,5.041801025245129,30.820666666666668,31.40266666666666,31.186231441730197,4.886122930113815,4.982947931656216,4.990365898594419,29.876333333333335,30.603661202185794,30.253450153107778,4.886428166941349,4.930453170203936,4.93655788804919,8.246822196694165
2013-11-04,sz000901,33.37,32.9,33.97,32.74,100945,148193052.0,3.7,-1.08,-0.36,4.03,5.004084812371414,-0.07848515189850858,33.572,33.452666666666666,33.159420125727294,5.225681565755916,5.165080248634428,5.143044462573998,32.677,33.07490909090909,32.64686497104325,5.190628040629021,5.1896527531297245,5.122066982863248,31.421,32.1115238095238,31.82506354166742,4.984266424318063,5.078254504829182,5.038209004971441,30.911,31.536817204301073,31.29679715516696,4.890646035091166,4.990558375672835,4.991250989805838,29.9515,30.702797814207653,30.34022227923539,4.8894862128008585,4.93431076513607,4.938771885567952,8.1708278423154
2013-11-05,sz000901,32.49,32.45,32.49,31.33,118017,165333483.0,3.53,-1.37,-0.45,4.71,5.07194457064864,0.06785975827722535,33.482000000000006,33.07866666666666,32.92294675048487,5.188354037019311,5.1138345835986705,5.119344498598879,32.733,33.03363636363636,32.61107133994447,5.172876245312236,5.1680739404060185,5.112953817006046,31.561,32.209523809523816,31.884581299603855,5.005673259697934,5.086604804479713,5.041421915988318,30.991666666666667,31.636107526881723,31.371197338704576,4.901926912398305,5.002255055386221,4.996457027279568,30.020166666666668,30.784715846994533,30.409395319260458,4.892709638493882,4.940293006376981,4.943138203111581,8.218360814911934
2013-11-06,sz000901,32.31,31.69,32.9,31.64,103712,147763312.0,3.88,-2.34,-0.76,4.14,5.015829009352116,-0.056115561296524064,32.81,32.48133333333333,32.511964500323245,5.095000855455387,5.056326241042939,5.084839335516625,32.765,32.844,32.443603823590934,5.168203579992165,5.1395198975041785,5.095294761068968,31.6315,32.221809523809526,31.866049747260632,5.016495959370444,5.0875720187324935,5.03898449630868,31.052333333333333,31.681161290322585,31.39176525233654,4.911872186661312,5.009603577770337,4.997706832574572,30.07016666666667,30.839464480874316,30.451382357973227,4.898127258596739,4.944329707060857,4.945521508234221,8.169566616915157
2013-11-07,sz000901,31.44,31.11,31.64,30.75,74948,102444710.0,2.81,-1.83,-0.58,2.99,4.874760048117548,-0.14106896123456725,32.282000000000004,31.91466666666667,32.0446430002155,5.009837680951928,4.982912638596991,5.0148129063836,32.67100000000001,32.54309090909091,32.201130401119855,5.138062352824566,5.08616652807243,5.055197540532346,31.6595,32.17214285714286,31.794045009426288,5.012017915429429,5.074073360517931,5.02334407267143,31.09733333333333,31.684881720430106,31.37358684895999,4.915671631226686,5.007209246251384,4.989774781964441,30.106166666666663,30.873557377049178,30.472976379023283,4.899115844127959,4.943563569012358,4.943201460361543,8.010489537387045
2013-11-08,sz000901,30.77,30.99,31.62,30.77,51655,70793657.0,2.73,-0.39,-0.12,2.06,4.713112365881025,-0.1616476822365236,31.828000000000003,31.483999999999998,31.693095333477,4.935946161274148,4.884004200240025,4.914246059549409,32.69500000000001,32.23745454545455,31.980924873643517,5.105489327780555,5.008902894082696,4.993000236050287,31.674,32.108380952380955,31.717469294242832,5.00386206418232,5.0456061653228454,4.993798195834248,31.121,31.677956989247313,31.348839310317413,4.918364183615478,4.994140906551664,4.9719255938300275,30.142,30.90253551912568,30.48992797315367,4.895360722796089,4.937465094315738,4.935657555624476,7.849994347332357
2013-11-11,sz000901,31.19,31.62,32.02,31.11,54556,75800158.0,2.94,2.03,0.63,2.18,4.736842520709818,0.023730154828792926,31.572000000000003,31.41466666666667,31.668730222318,4.882497702941829,4.817636320051914,4.855111546602879,32.572,32.042,31.915302169344695,5.054089634348872,4.941876201888015,4.946426105988383,31.7075,32.10323809523809,31.70818650431494,4.9962007529524595,5.020175732611178,4.969326226774778,31.149333333333335,31.71015053763441,31.366333548361453,4.916399046812551,4.982429831525492,4.9567589439513045,30.195333333333334,30.950994535519122,30.526979515017484,4.895197009307209,4.93226777621455,4.929139029889569,7.879670110888737
2013-11-12,sz000901,31.49,31.4,32.07,31.24,50582,70084005.0,2.62,-0.7,-0.22,2.02,4.703995997246261,-0.0328465234635571,31.362000000000002,31.357333333333333,31.579153481545333,4.808907988261353,4.758135751486724,4.80473969681734,32.422000000000004,31.82890909090909,31.821610865827473,4.998631012640333,4.878222813323904,4.902347904398906,31.756,32.07395238095238,31.6788354086659,4.992315655640484,4.992346708258207,4.944056681105396,31.185333333333332,31.72632258064516,31.368505577499427,4.916084242104481,4.968726408972829,4.940451657067109,30.249833333333335,30.990491803278687,30.555603137475927,4.893790365018297,4.925998890573207,4.921757291114378,7.845618911934295
2013-11-13,sz000901,34.11,32.14,34.49,32.07,191241,281483824.0,7.71,2.36,0.74,7.64,5.281581005957377,0.5775850087111163,31.452000000000005,31.616666666666664,31.766102321030225,4.8620583875824055,4.9156934240520656,4.9636867998640195,32.131,31.777636363636365,31.879499799313386,4.978529621518897,4.929668266654276,4.971299377409537,31.9005,32.11052380952381,31.722755845935815,5.019176926957467,5.019895789240769,4.976201854900823,31.250333333333334,31.78791397849463,31.418279411209145,4.93170493815974,4.992306845350435,4.962460002156804,30.30666666666667,31.052464480874313,30.607550575591468,4.901914973929656,4.93871333781711,4.93355478996169,8.449453442351158
2013-11-14,sz000901,31.19,33.99,34.49,30.81,207886,298298544.0,11.45,5.76,1.85,8.3,5.317825242927074,0.03624423696969714,32.028000000000006,32.46266666666667,32.50740154735349,4.950671426544311,5.067615709166955,5.081732947551704,32.155,32.11563636363637,32.263227108529136,4.98025455374812,4.991358379637582,5.034304080230907,32.1355,32.30952380952381,31.938683860608595,5.058130707720808,5.048338485999778,5.0087374156652285,31.418999999999997,31.964666666666666,31.584196868550492,4.947127462425442,5.017217832754779,4.9853867918839185,30.388666666666666,31.17322950819672,30.718450556719617,4.909749844272111,4.95234974007932,4.946153821206456,8.474651133568871
2013-11-15,sz000901,33.99,35.41,37.31,33.66,342696,542986416.0,10.74,4.18,1.42,13.69,5.534909035307994,0.21708379238091968,32.912,33.59,33.474934364902325,5.115030760429705,5.262361578754849,5.232791643470468,32.370000000000005,32.707454545454546,32.835367634251114,5.025488460851927,5.092204649012103,5.125323162972196,32.408,32.62138095238095,32.269285397693494,5.096568907046867,5.093745945769986,5.058848998488349,31.622333333333334,32.222150537634406,31.83102287703111,4.979130879773909,5.055139224553654,5.020839839846762,30.502666666666663,31.337863387978146,30.872271849941924,4.9227072555861495,4.972846762736234,4.96545727084913,8.73478896489265
2013-11-18,sz000901,35.56,37.42,38.59,35.56,251386,412160864.0,8.56,5.68,2.01,10.04,5.400341087621823,-0.13456794768617097,34.072,35.092666666666666,34.78995624326822,5.247730473812106,5.357465021152222,5.288641458187586,32.821999999999996,33.62563636363637,33.66893715529636,5.065114088376967,5.160359672061176,5.1753264219994,32.7495,33.09871428571429,32.75982964553221,5.127871064502995,5.1226766296342685,5.091372054596299,31.887999999999998,32.5961935483871,32.191602046254914,5.011215645671031,5.082314076672874,5.045323791316122,30.6625,31.56466120218579,31.086951461419236,4.932498051849521,4.98850688837675,4.979715756644955,8.615066751742669
2013-11-19,sz000901,36.79,36.75,37.6,35.9,117743,190172871.0,4.54,-1.79,-0.67,4.7,5.070935097102508,-0.32940599051931496,35.14200000000001,35.98533333333333,35.44330416217882,5.321118293783355,5.298533228915689,5.2160726711592265,33.251999999999995,34.33981818181818,34.229130399787934,5.065013141022354,5.161418037284002,5.156346181109056,32.9925,33.47971428571429,33.139845869767235,5.118944693167295,5.117254156548508,5.089425677692128,32.12466666666667,32.90987096774193,32.48569223681912,5.025453220139407,5.086166944507163,5.046976133624921,30.817,31.764251366120217,31.272625183995654,4.936842870743954,4.99304580789324,4.982706554692744,8.279148562993957
2013-11-20,sz000901,36.5,39.1,39.91,36.5,192292,327617904.0,9.28,6.39,2.35,7.68,5.283961216489511,0.21302611938700355,36.534000000000006,37.30466666666666,36.66220277478588,5.321594335889782,5.286147536484408,5.238702186269322,33.993,35.40309090909091,35.11474305437194,5.091826361736094,5.201226778278031,5.179548914814593,33.379,34.06138095238095,33.70747959645607,5.13001497086413,5.1329700159125276,5.107952871863307,32.41866666666667,33.35989247311828,32.91242176992756,5.0416060934923275,5.102844879755556,5.062265493809733,31.005499999999998,32.035825136612026,31.52926042386465,4.949323399561527,5.004426737261947,4.992583756718867,8.515367627508208
2013-11-21,sz000901,39.1,37.47,39.1,37.31,144753,242058527.0,4.58,-4.17,-1.63,5.78,5.160627573228106,-0.12333364326140561,37.230000000000004,37.61666666666667,36.93146851652392,5.290154801949988,5.232491948930516,5.212677315255583,34.629,36.035272727272734,35.54297158994068,5.12041311424715,5.213736089458395,5.176108670889777,33.65,34.45099999999999,34.06581487298406,5.129237733535858,5.135885501851954,5.112969510088526,32.64933333333333,33.68578494623656,33.20645907509353,5.0481496483686685,5.110523684899801,5.06861143441737,31.1725,32.24777595628415,31.724038770623185,4.958358894855038,5.011354742955933,4.998093390047038,8.383920386145757
2013-11-22,sz000901,37.33,36.26,38.5,36.26,112538,184695777.0,5.98,-3.23,-1.21,4.5,5.051299192702798,-0.1093283805253078,37.4,37.29333333333333,36.70764567768262,5.193432833428949,5.1528734125147855,5.158884607737988,35.156,36.33181818181818,35.67334039176964,5.154231796929326,5.201169921904877,5.153416038492144,33.9255,34.69957142857143,34.27478488508082,5.129860562354941,5.128462783677377,5.10709614652798,32.834666666666664,33.918731182795696,33.403461715410074,5.053985308431322,5.110726881308454,5.067494515597076,31.317333333333334,32.41457923497268,31.87275881093062,4.966167564437322,5.014401965836186,4.999837842593128,8.266456965572543
2013-11-25,sz000901,37.22,37.24,38.3,36.5,105619,174319624.0,4.96,2.7,0.98,4.22,5.023742051274632,-0.0275571414281659,37.364000000000004,37.24,36.88509711845508,5.118113026159511,5.0963098184633475,5.1138370889168705,35.717999999999996,36.71072727272727,35.95818759326607,5.182921749985809,5.177444513604024,5.129838949907141,34.144999999999996,35.0152380952381,34.557186324596934,5.118505692167341,5.118356258812586,5.099157661265757,33.044333333333334,34.20294623655914,33.65098031441588,5.058441085296909,5.108775703427377,5.06467177596337,31.481999999999996,32.6087650273224,32.04873393188371,4.97434963106078,5.016289653929214,5.0006215871400626,8.241346280484521
2013-11-26,sz000901,37.13,37.94,38.74,36.17,116443,192221880.0,6.9,1.88,0.7,4.65,5.066113385934258,0.04237133465962639,37.602000000000004,37.432,37.236731412303385,5.11714868392586,5.07897660505493,5.0979291879226665,36.372,37.11472727272727,36.31851712176314,5.219133488854608,5.156206629231014,5.118252483730253,34.397000000000006,35.376666666666665,34.8793590555877,5.10888225074747,5.1133665153618155,5.096010587424662,33.294666666666664,34.518795698924734,33.92769126187292,5.067921600045192,5.10927069056527,5.064764783058266,31.66166666666667,32.82050273224044,32.241890196412115,4.9806276345060745,5.019298301629983,5.002768859231676,8.283802820493982
2013-11-27,sz000901,37.74,39.73,40.0,37.49,162831,279117344.0,6.62,4.72,1.79,6.5,5.211737090032868,0.14562370409860925,37.728,38.14133333333333,38.06782094153559,5.102703858634532,5.110506073757265,5.135865155292734,37.131,37.725272727272724,36.938786735988025,5.212149097262158,5.1548618294452435,5.135249684876182,34.631,35.88457142857142,35.34132485981744,5.095339359390527,5.123162214341378,5.107032159101634,33.644,34.93397849462365,34.302033761106934,5.083500983725696,5.118549109274153,5.074246867379208,31.86483333333333,33.085038251366115,32.48740199325106,4.991131866702024,5.026875660827585,5.009620276634993,8.445786823838908
2013-11-28,sz000901,39.8,39.03,39.84,38.74,115385,199408863.0,2.77,-1.76,-0.7,4.61,5.0621493543947045,-0.1495877356381632,38.040000000000006,38.57533333333333,38.38854729435706,5.083008214867852,5.096987905677322,5.111293221660058,37.635000000000005,38.07054545454546,37.319007329444744,5.18658150840892,5.127589148923889,5.1219587156977315,34.894999999999996,36.30352380952381,35.69262725412054,5.08341803107852,5.120001261484632,5.102757606272403,33.96866666666667,35.2814623655914,34.60706384103552,5.100947641283512,5.117171584801185,5.073466382670531,32.0465,33.31996174863388,32.7019134033084,4.995853476060794,5.029204103047015,5.011342541479573,8.29974445721762
2013-11-29,sz000901,39.24,39.48,40.6,38.83,137377,240967260.0,4.53,1.15,0.45,5.49,5.13791402814413,0.07576467374942553,38.684000000000005,39.05533333333333,38.752364862904706,5.100331181956119,5.115289843436082,5.120166823821416,38.041999999999994,38.406,37.71191508772752,5.146882007692534,5.118740516148472,5.124859681597076,35.206,36.74019047619047,36.05332942039477,5.0861852342722305,5.1251913564432625,5.1061058369268535,34.285999999999994,35.637032258064515,34.92144681903323,5.113339940595423,5.119556512985741,5.077624295281731,32.20766666666667,33.56368306010929,32.92414575074091,4.991706797837751,5.033861826066142,5.015492426288247,8.381958039391293
2013-12-02,sz000901,38.59,35.59,38.59,35.59,149425,241540166.0,7.6,-9.85,-3.89,5.97,5.1744232645057195,0.03650923636158954,38.354,38.024,37.698243241936474,5.130467424602337,5.139987204285948,5.138252304049518,37.859,37.960181818181816,37.32611234450433,5.124290225380923,5.123748017387234,5.13387124212592,35.3405,36.776761904761905,36.0092028089286,5.094702156878945,5.133594978370261,5.112612258601032,34.452666666666666,35.721161290322584,34.96457928232141,5.126677451462304,5.1234973725928565,5.083869390070375,32.314499999999995,33.674579234972676,33.011550808093666,4.993774834215612,5.039852529891322,5.020703273442918,8.382989360436179
2013-12-03,sz000901,35.52,35.99,36.35,33.84,98939,154269225.0,7.05,1.12,0.4,3.95,4.9953675165327445,-0.17905574797297508,37.964,37.236000000000004,37.12882882795765,5.116318250722033,5.094953901596084,5.0906240415439274,37.783,37.620363636363635,37.08318282732172,5.1167334673239475,5.100307524869382,5.108688746563524,35.5175,36.83861904761905,36.007373969983014,5.09087330417315,5.124134536432528,5.101446092689766,34.589333333333336,35.82034408602151,35.03073545765551,5.1182076178861795,5.115025763887725,5.078159591777625,32.43216666666667,33.795087431693986,33.10920487995945,4.994028781402251,5.039904748983686,5.019872592888486,8.18827929776945
2013-12-04,sz000901,36.19,35.97,36.71,35.25,69661,110841451.0,4.06,-0.06,-0.02,2.78,4.842989704566155,-0.1523778119665895,37.212,36.571333333333335,36.74255255197177,5.04256877362869,5.003844386210791,5.008079262551337,37.47,37.29072727272727,36.88078594962686,5.072636316131612,5.0505359316406935,5.060379829836729,35.7315,36.88171428571429,36.00381454427035,5.082231338933853,5.100526574565195,5.076831198582756,34.742666666666665,35.909419354838704,35.091333170064836,5.110888752619957,5.097269769479981,5.062987340989789,32.53783333333333,33.911081967213114,33.20300144127226,4.990046078575873,5.034952648103814,5.014073153927098,8.044702202396811
2013-12-05,sz000901,35.97,35.59,36.66,35.52,54412,86232413.0,3.17,-1.06,-0.38,2.17,4.73569468938689,-0.10729501517926465,36.524,36.03066666666667,36.358368367981186,4.977277840627128,4.901553024796858,4.9172844048298545,37.282000000000004,36.94890909090909,36.64609759514925,5.03014302774749,4.989273817687107,5.001346167936759,35.9555,36.8682380952381,35.96440363529222,5.07527807099732,5.067523084132151,5.044342007230769,34.86066666666667,35.96408602150537,35.123505223609044,5.096206164939734,5.073063700884299,5.041871686047667,32.6405,34.011153005464486,33.2812636890994,4.988050922475527,5.026613258294339,5.004945991155288,7.935670538923579
2013-12-06,sz000901,35.23,34.67,35.23,34.47,57037,87269872.0,2.14,-2.58,-0.92,2.28,4.75615667466798,0.020461985281089667,35.562000000000005,35.412666666666674,35.79557891198746,4.900926369931898,4.827845969477142,4.863575161442563,37.123,36.474000000000004,36.28680712330393,5.0006287759440085,4.939458117127197,4.956766260069708,36.1395,36.74580952380953,35.841127098597724,5.077430286436668,5.037130570196023,5.016895785081932,34.99133333333334,35.95178494623656,35.09424682208588,5.086783300217963,5.051125024092573,5.023438459507043,32.70583333333333,34.07769398907104,33.32679602716171,4.9793321408220566,5.019010168202288,4.996788964385212,7.940864338981108
2013-12-09,sz000901,34.89,34.94,35.2,34.64,46977,72169476.0,1.62,0.78,0.27,1.88,4.671885278830549,-0.0842713958374306,35.432,35.20533333333333,35.51038594132498,4.800418772796864,4.751498939110026,4.799678533905226,36.893,36.077090909090906,36.04193310088503,4.9654430986996,4.879686572197476,4.904969718026225,36.3055,36.63157142857143,35.75530547015984,5.074182424342704,4.998507236138297,4.984037641629419,35.061,35.94847311827957,35.08429541420938,5.067484827678094,5.0243574098095145,5.000757609140818,32.7825,34.150945355191254,33.37968796069739,4.973249555423515,5.008929943218959,4.986136384530961,7.858353552032779
2013-12-10,sz000901,34.8,34.08,34.98,33.91,52656,79273348.0,3.06,-2.46,-0.86,2.1,4.7214478649502984,0.049562586119749064,35.05,34.754666666666665,35.033590627549984,4.745634842480375,4.725175303161171,4.773601644253584,36.507000000000005,35.565636363636365,35.68521799163321,4.9309765466012045,4.835323802424877,4.871602108376056,36.439499999999995,36.419619047619044,35.59575256823985,5.075055017727906,4.964913468577117,4.959029091469502,35.10033333333333,35.885182795698924,35.01950216167974,5.049580349365382,5.002032444472237,4.982737625644656,32.82266666666666,34.19348633879782,33.402649011166325,4.963513388434918,5.000674150088691,4.977458072413562,7.899127200406352
2013-12-11,sz000901,34.11,34.31,34.53,33.84,33282,50093517.0,2.02,0.67,0.23,1.33,4.522209416262479,-0.1992384486878196,34.718,34.508,34.79239375169999,4.681478784819639,4.650700161088539,4.689804234923216,35.965,35.166181818181826,35.43517835679081,4.862023779224165,4.761002505999653,4.8080761643554055,36.548,36.21680952380952,35.4732999426932,5.03708643824316,4.91226150653279,4.917427217640262,35.07566666666666,35.83419354838709,34.973727828668146,5.0175674993350725,4.968008513304308,4.953026128265161,32.85733333333334,34.24225136612022,33.43239822391497,4.951016925680901,4.986205167394513,4.962531886965985,7.699781524004802
2013-12-12,sz000901,34.33,34.44,34.71,34.24,39924,60542487.0,1.37,0.38,0.13,1.59,4.601234046916447,0.07902463065396859,34.488,34.415333333333336,34.674929167799995,4.6545866563255505,4.623951915120809,4.66028083892096,35.506,34.88890909090909,35.25423683737429,4.815932248476339,4.713586191034613,4.770468506639231,36.570499999999996,36.01604761904762,35.37489042434147,5.00125687844263,4.8707517549778645,4.887313582333233,35.09866666666667,35.79318279569892,34.939293775205684,4.99425610354446,4.9411482905676225,4.93032986495234,32.902833333333334,34.29414207650274,33.465434347721036,4.94230048527373,4.974736876287483,4.950686056144688,7.782060257191943
2013-12-13,sz000901,34.4,34.44,34.67,34.15,29719,45006959.0,1.51,0.0,0.0,1.19,4.473034191973178,-0.12819985494326946,34.442,34.39933333333333,34.5966194452,4.59796215978659,4.56343442700335,4.597865289938366,35.002,34.69509090909091,35.10619377603351,4.749444264859244,4.651241089852221,4.716389540336312,36.522000000000006,35.81314285714286,35.28585324107086,4.948163136275889,4.820444832456964,4.847858402298942,35.138,35.75068817204301,34.90708127357951,4.9739382444679014,4.907521070466249,4.900826918308524,32.97933333333334,34.34454098360656,33.4973873199269,4.930030587290858,4.959351096179267,4.9350253392866055,7.6532796698117025
2013-12-16,sz000901,34.87,33.77,35.16,33.77,44423,67258979.0,4.04,-1.95,-0.67,1.77,4.6476078842316175,0.17457369225843955,34.208000000000006,34.175333333333334,34.32107963013334,4.593106680866804,4.57998300181836,4.614446154702784,34.82,34.47109090909091,34.86324945311832,4.6967627268318335,4.632725384283562,4.7038837846809125,36.3395,35.55104761904762,35.14148626573078,4.910526476106378,4.791820522738462,4.828786924387769,35.167,35.66243010752688,34.83372119141309,4.962055680196575,4.886467498838102,4.884490206432595,33.039,34.37046448087431,33.50632544058503,4.92635085764387,4.950091335423225,4.925601816170048,7.827750270382251
2013-12-17,sz000901,33.77,34.87,35.23,33.55,86695,131951125.0,4.97,3.26,1.1,3.46,4.937994050936113,0.29038616670449535,34.366,34.396,34.50405308675556,4.636415918063967,4.694945458508129,4.722295453447227,34.708,34.48018181818181,34.86447682527863,4.691025380272171,4.676585625029794,4.746449287636404,36.2455,35.411095238095236,35.11563043089927,4.903879423798059,4.794436482246057,4.839187603106659,35.24766666666666,35.6432688172043,34.836061759709025,4.957590662872824,4.884915135660008,4.887942067368306,33.11966666666667,34.43049726775956,33.55103608187732,4.929758787635564,4.950473079465594,4.926008118949263,8.120413097316275
2013-12-18,sz000901,34.73,34.04,34.91,33.91,35114,53212474.0,2.87,-2.38,-0.83,1.4,4.54548030479941,-0.39251374613670276,34.312,34.28733333333333,34.34936872450371,4.641070095771353,4.664633587419943,4.663357070564622,34.515,34.35872727272727,34.71457194795524,4.661274440295496,4.650122884034747,4.7099094725751325,35.99249999999999,35.201047619047614,35.01318943748029,4.866955378213554,4.760303232817613,4.811215479458349,35.326,35.56535483870967,34.78470293650199,4.941912372721068,4.858327370623013,4.8658477601057974,33.189166666666665,34.46067213114755,33.567067685750196,4.92689227969119,4.937873784946375,4.9135317971738575,7.726013450985817
2013-12-19,sz000901,34.15,33.39,34.42,33.37,25401,37798859.0,3.08,-1.91,-0.65,1.01,4.404850814491317,-0.14062949030809335,34.102,33.98,34.029579149669146,4.601793449286327,4.585893826993265,4.577188318540188,34.295,34.15418181818182,34.473740684690654,4.628190052805939,4.603500406615805,4.654444262014438,35.7885,34.95319047619048,34.858599967244075,4.829166540276715,4.716293274367876,4.772514082794823,35.402,35.44045161290323,34.69472210188896,4.926248731600193,4.823678237833997,4.836106021679057,33.24966666666666,34.467256830601094,33.56126218785674,4.920960181413438,4.920757671333267,4.896853732167872,7.5774786903800075
2013-12-20,sz000901,33.5,32.36,33.79,31.91,36033,51900199.0,5.63,-3.08,-1.03,1.44,4.5567004216897935,0.15184960719847673,33.686,33.39933333333333,33.4730527664461,4.61852669522965,4.570862817794421,4.5703590195900565,34.064,33.80236363636364,34.089424196565076,4.6082444275081205,4.590502291867415,4.636672654682685,35.5935,34.626666666666665,34.62063806560178,4.8044366017260645,4.690344120216742,4.75196040078482,35.44766666666667,35.2441935483871,34.54409486950903,4.9210350001271514,4.799836411388165,4.818079853937814,33.28433333333333,34.438087431693994,33.52187654235324,4.919699591871315,4.908814728391507,4.885701164611214,7.7151690230591745
2013-12-23,sz000901,32.34,32.56,32.9,30.75,40091,56707039.0,6.64,0.62,0.2,1.6,4.603046889103241,0.04634646741344728,33.444,33.024,33.1687018442974,4.6096144962039745,4.56570288241895,4.581254976094451,33.826,33.528909090909096,33.81134706991688,4.601360588535389,4.589557284884709,4.630558879122786,35.359500000000004,34.33776190476191,34.42438682125876,4.7834018436174945,4.671164147585996,4.73777816157705,35.479000000000006,35.05789247311828,34.41608874889555,4.916575145740266,4.779321049386621,4.804206759432358,33.314166666666665,34.4143387978142,33.49033960653838,4.916487096276409,4.898432672563046,4.87643381131587,7.7536369708703115
2013-12-24,sz000901,32.63,32.99,33.59,32.54,41293,60253143.0,3.22,1.32,0.43,1.65,4.615876436183404,0.012829547080163373,33.068000000000005,32.87266666666667,33.10913456286494,4.545190973253433,4.567790195745427,4.592795462790769,33.717,33.37690909090909,33.662011239022895,4.5908034456586995,4.592196529911622,4.627889344042898,35.112,34.11209523809524,34.287778552567445,4.7608899961299525,4.655209346877988,4.7261684734443214,35.532000000000004,34.89731182795699,34.32408302316035,4.913637827038171,4.759921132641019,4.792056415996941,33.358666666666664,34.403710382513665,33.47393502927482,4.914861034571326,4.8885765853468826,4.867890946557429,7.779979706051137
2013-12-25,sz000901,32.94,33.35,33.61,32.92,23215,33923474.0,2.09,1.09,0.36,0.93,4.365768688002193,-0.25010774818121106,32.93,32.96666666666667,33.18942304190996,4.509248649893989,4.507982767328347,4.517119871194577,33.620999999999995,33.310181818181825,33.605281922836916,4.575159372832671,4.55128111942862,4.580231042944588,34.79299999999999,33.94428571428571,34.198466309465786,4.718591576028418,4.6175787461039155,4.691844684354595,35.572333333333326,34.7565376344086,34.26123895715,4.883110749772998,4.724574736574181,4.764553981932764,33.41133333333333,34.4034262295082,33.46987158569203,4.907407843966368,4.870573557590515,4.851427921686765,7.530500320641717
2013-12-26,sz000901,33.52,32.72,33.52,32.43,23922,34557907.0,3.27,-1.89,-0.63,0.96,4.378797486046038,0.013028798043844603,32.79600000000001,32.89666666666667,33.032948694606645,4.504037984204934,4.464499046045697,4.471012409478398,33.449,33.14636363636364,33.4443215732302,4.5529157167456304,4.515578958194687,4.543606759872124,34.4775,33.74685714285714,34.057659994278566,4.684423982610985,4.585217404200831,4.662030665468065,35.529999999999994,34.57251612903226,34.16180418572097,4.851809824543631,4.692038396978893,4.739666466069105,33.4745,34.38075956284153,33.445285632062784,4.8994686434845365,4.853242070445588,4.835931841829692,7.538547431553493
2013-12-27,sz000901,32.72,33.55,33.7,32.49,42070,61342664.0,3.7,2.54,0.83,1.68,4.623972512016996,0.24517502597095842,33.034000000000006,33.148,33.20529912973777,4.517492402270374,4.50447722198305,4.521999110324598,33.36,33.164727272727276,33.46353583264289,4.5680095487500125,4.528498375516753,4.5582187148075555,34.181,33.65852380952381,34.00931142339489,4.658726906804628,4.579460121287118,4.658406079425106,35.467999999999996,34.44477419354838,34.12233294793252,4.821445273767264,4.677339215525562,4.732202340001226,33.54516666666667,34.3832349726776,33.44871889002794,4.900288076770587,4.844209410397472,4.828982355606324,7.7877626326731555
2013-12-30,sz000901,33.99,34.29,34.89,33.99,45163,68375519.0,2.68,2.21,0.74,1.8,4.654782782681009,0.030810270664012762,33.38,33.56666666666666,33.56686608649184,4.527839580985928,4.55024068211993,4.566260334443402,33.412,33.33381818181818,33.61380204488964,4.568727038594952,4.544275327140571,4.575775818057274,34.116,33.66890476190476,34.03604366878586,4.632744882713393,4.579084490418202,4.658061003544716,35.36366666666666,34.36877419354839,34.133150177098166,4.796593330269236,4.666586796745804,4.727207529851535,33.62583333333333,34.407655737704914,33.47630187724014,4.903904487970134,4.836160056492896,4.823270894198936,7.834900635838462
2013-12-31,sz000901,34.11,34.42,34.67,33.7,35052,52807220.0,2.83,0.38,0.13,1.4,4.5447128030211745,-0.11006997965983434,33.666000000000004,33.913333333333334,33.85124405766123,4.5136068543534815,4.555865089465011,4.559077823969326,33.367000000000004,33.51709090909092,33.76038349127334,4.529398913803457,4.539909102490793,4.570127997141618,34.0375,33.69785714285714,34.0726109384253,4.610212147037815,4.5707004828284665,4.6472659368281874,35.285999999999994,34.30789247311829,34.15165661728538,4.779052587133192,4.650336440149155,4.715433676507641,33.705333333333336,34.43369398907104,33.50724279929784,4.9022529036363,4.824383279937191,4.814137842029173,7.722693304954147
2014-01-02,sz000901,34.44,34.69,34.89,34.33,44439,67773501.0,1.63,0.78,0.27,1.78,4.647764277555773,0.10305147453459806,33.934000000000005,34.254666666666665,34.130829371774155,4.570005972264198,4.600584230532442,4.588639975164808,33.432,33.757636363636365,33.92940467467818,4.5396273110790935,4.561430077718487,4.584243684489646,33.9735,33.760000000000005,34.13140989667051,4.6004508756872955,4.574276876211129,4.647313397849862,35.139,34.269440860215056,34.18638844842826,4.757846022502068,4.64186622662803,4.711067908833328,33.77883333333333,34.4659781420765,33.546021723911025,4.899726057997197,4.816039390557502,4.808682971062832,7.831059920725002
2014-01-03,sz000901,34.64,34.51,34.64,33.66,39853,60021394.0,2.83,-0.52,-0.18,1.59,4.600461019192762,-0.047303258363010414,34.291999999999994,34.446666666666665,34.257219581182774,4.614338678893543,4.610735912841962,4.5925803231741265,33.544,33.95363636363636,34.03496746110033,4.5591883315492385,4.572490751920972,4.587192290799304,33.9195,33.81109523809524,34.1674660969876,4.593689192177588,4.57427784225927,4.642851266549187,35.040333333333336,34.22886021505376,34.207266613045796,4.739173804034222,4.631712355446786,4.70393198046942,33.844833333333334,34.489950819672124,33.57762756902869,4.8936617262014455,4.806227422072111,4.80185602182119,7.7783060777179145
2014-01-06,sz000901,34.35,32.7,34.35,32.65,44700,65475508.0,4.93,-5.24,-1.81,1.79,4.650307523131937,0.04984650393917445,34.122,33.916000000000004,33.73814638745519,4.619605681116531,4.622725527588093,4.6118227231600635,33.578,33.80018181818182,33.79224610453663,4.568549041693453,4.589057877663281,4.598667787587055,33.821000000000005,33.69495238095239,34.027707421084024,4.588396734600787,4.579670064254922,4.643561386223734,34.92166666666667,34.077870967741944,34.110023605752524,4.725807415048527,4.625979047001477,4.700472338060551,33.878166666666665,34.45241530054645,33.54885289463431,4.889896361739925,4.798248595741963,4.796887218585477,7.816078876638941
2014-01-07,sz000901,32.74,33.14,33.19,31.89,34396,49622479.0,3.98,1.35,0.44,1.37,4.536507940276932,-0.11379958285500447,33.89200000000001,33.58866666666667,33.53876425830346,4.595950712635715,4.595026280641561,4.586717795532353,33.636,33.72054545454545,33.67365590371179,4.561895146810822,4.5832322228602775,4.587365997167033,33.731,33.63009523809524,33.94316385717126,4.581627867673106,4.574728274319316,4.633365819943085,34.785,33.962924731182795,34.04744143763946,4.70956627801527,4.613766177661374,4.689893989816447,33.91466666666667,34.42821311475411,33.53544788169548,4.884003681656091,4.786662090120225,4.7883501930671635,7.695678456613495
2014-01-08,sz000901,33.21,33.46,33.99,32.65,34141,50048662.0,4.04,0.97,0.32,1.36,4.533276237578994,-0.0032317026979384877,33.7,33.44466666666667,33.51250950553564,4.59366339954728,4.574134788955987,4.568903942881233,33.68300000000001,33.68854545454546,33.63480937576419,4.553635126950381,4.578028784818127,4.577531495423752,33.7,33.604285714285716,33.89714825172637,4.57221928630454,4.570123357167496,4.623833478765553,34.635666666666665,33.87744086021505,34.00954199004982,4.691805039736762,4.602392626665484,4.679789618704353,33.96516666666666,34.41330601092896,33.53297418065629,4.879863319890977,4.775162829658681,4.779987112559354,7.699392471549921
2014-01-09,sz000901,33.12,32.9,34.24,32.87,32373,47812089.0,4.09,-1.67,-0.56,1.29,4.510182947257836,-0.02309329032115759,33.342,33.178,33.30833967035709,4.566147133487692,4.546307971526172,4.549330277673435,33.638,33.546181818181815,33.50120767107979,4.5680765528759455,4.570128388510391,4.565286304848131,33.62949999999999,33.52809523809523,33.80218175156195,4.571617962854309,4.564215134401143,4.613009618621961,34.408,33.7654623655914,33.93795863585306,4.668419901644261,4.590675072312005,4.668847252804579,34.025999999999996,34.3783825136612,33.51222092883149,4.875960442684979,4.763042161703497,4.771141074352746,7.6795377192522185
2014-01-10,sz000901,32.79,32.34,33.21,32.18,26358,37851266.0,3.13,-1.7,-0.56,1.05,4.420912453648964,-0.08927049360887196,32.908,32.84400000000001,32.98555978023806,4.530237420378932,4.49789641157993,4.506524336331944,33.6,33.31018181818182,33.290079003610735,4.572288049636238,4.543371279560031,4.53903651372101,33.5245,33.40528571428572,33.66292634665129,4.562601883190934,4.549862228762539,4.594714650529294,34.184999999999995,33.63204301075269,33.83486453031416,4.647045338286069,4.574706849860696,4.652851459310668,34.07683333333333,34.32310382513661,33.47378745575505,4.8739964897847905,4.748122555505595,4.759658168755901,7.578080409796969
2014-01-13,sz000901,32.25,32.27,32.99,31.96,17904,25473245.0,3.18,-0.22,-0.07,0.72,4.2529500691842745,-0.16796238446468958,32.82200000000001,32.63133333333334,32.74703985349204,4.4507659295894,4.405467294515044,4.421999580616054,33.472,33.068363636363635,33.10461009386333,4.535185805352965,4.485309828568765,4.487020796532512,33.416,33.28580952380952,33.53026669458926,4.551597677051489,4.520371579809524,4.5621656427821495,33.94466666666666,33.50849462365591,33.733905528358406,4.617546539654074,4.5492813486283215,4.627051369625094,34.11533333333333,34.263863387978134,33.434319014582755,4.8654432401247485,4.727760377780988,4.743044788442076,7.406084272636428
2014-01-14,sz000901,32.4,32.58,32.58,31.55,32295,45572216.0,3.19,0.96,0.31,1.29,4.509135288879168,0.2561852196948937,32.71,32.550666666666665,32.69135990232803,4.4452913993098475,4.424923747611633,4.451044816703759,33.301,32.90618181818182,33.00922644043363,4.520621055972781,4.480573371028075,4.491041613322813,33.3565,33.20619047619047,33.43976510462838,4.544674047283866,4.516327542840732,4.5571151328866275,33.84433333333333,33.42045161290322,33.6594600103998,4.595370273799856,4.54228707438478,4.619443880544712,34.1485,34.213524590163935,33.40630855508824,4.861023862631081,4.716078149871295,4.735375624521981,7.658700147151084
2014-01-15,sz000901,32.65,33.66,33.88,32.43,40084,58813510.0,4.45,3.31,1.08,1.6,4.602971053459186,0.09383576458001741,32.75,32.867333333333335,33.01423993488535,4.459230362485886,4.477483632328079,4.501686895622235,33.225,32.97145454545455,33.12754890580933,4.526446881016583,4.495546097843784,4.511392420620335,33.296,33.23509523809524,33.46073985656853,4.52792289741002,4.521879638666952,4.561482363417348,33.766666666666666,33.40855913978495,33.65949484843852,4.582290391697403,4.542777447266028,4.618381117506936,34.178,34.197508196721316,33.41462630738042,4.850249004791792,4.7076174020295944,4.731034491044512,7.769477098941965
2014-01-16,sz000901,33.84,33.88,33.88,33.26,28439,41976332.0,1.84,0.65,0.22,1.14,4.45391432123785,-0.14905673222133586,32.946000000000005,33.244,33.302826623256905,4.447976637281888,4.475711618578734,4.4857627041607735,33.144,33.09054545454545,33.264358195662176,4.507061885384791,4.4823583597021965,4.5009418570962465,33.288,33.29071428571428,33.5006693940382,4.523344598231942,4.514831202841031,4.55123778797168,33.696999999999996,33.41587096774194,33.67372098724894,4.569321212253127,4.534495120139605,4.607770356457318,34.219833333333334,34.187737704918035,33.4298844612368,4.840104982436541,4.694622822240941,4.721948583837737,7.623004486134008
2014-01-17,sz000901,33.84,33.61,33.86,33.26,16325,24036478.0,1.77,-0.8,-0.27,0.65,4.212853189947111,-0.24106113129073847,33.2,33.465333333333334,33.40521774883794,4.406364784541518,4.3973371361338085,4.394792866089553,33.053999999999995,33.175272727272734,33.32720216008723,4.4683011024602255,4.428865869622618,4.448562099432767,33.299,33.32138095238095,33.51108183270123,4.513744717004732,4.48526059252819,4.519010683397911,33.631,33.41025806451613,33.66960995581353,4.5518931622718,4.511497183216637,4.582291829585692,34.24583333333333,34.167743169398896,33.43578988873723,4.824049663605767,4.674057189700304,4.705256931579028,7.38087083199864
2014-01-20,sz000901,33.64,33.88,34.2,33.48,36323,54231025.0,2.14,0.8,0.27,1.45,4.560181710709184,0.34732852076207266,33.522000000000006,33.692,33.5634784992253,4.4678111128464995,4.448609444856364,4.449922480962764,33.172000000000004,33.32545454545455,33.42771085825319,4.4592885212179505,4.445571434758793,4.468856574210297,33.375,33.376714285714286,33.5462168962535,4.513918781455701,4.489683163357186,4.522931733618033,33.60466666666667,33.42632258064516,33.68318350705137,4.545360663473175,4.512031928277112,4.5808653703033375,34.298,34.15574863387978,33.45035415468028,4.816071981845568,4.665405781408612,4.700500366960344,7.734247812948033
2014-01-21,sz000901,33.99,34.35,34.4,33.82,28203,42368196.0,1.71,1.39,0.47,1.13,4.450295307402635,-0.10988640330654942,33.876,33.967999999999996,33.825652332816865,4.456043116551193,4.442770843041742,4.45004675644272,33.293,33.53963636363636,33.59539979311624,4.450667257930521,4.44393630497419,4.465481798427085,33.4645,33.469571428571435,33.622767668038875,4.506281202370671,4.483623784875941,4.516013978740375,33.585,33.47440860215054,33.72620392595128,4.537974331092244,4.505898679498368,4.572441495277486,34.323,34.157453551912575,33.47985073977273,4.8027295793851685,4.653413103558024,4.692296922384681,7.627039972522944
2014-01-22,sz000901,34.6,34.71,34.94,34.29,42074,64173754.0,1.89,1.05,0.36,1.68,4.624013802612379,0.17371849520974436,34.086,34.246,34.12043488854458,4.460251666381831,4.498761071728804,4.508035771832607,33.418,33.797272727272734,33.798054376186016,4.459741014433858,4.47545385855271,4.494305799188047,33.5505,33.588190476190476,33.72631360441613,4.506688070692119,4.494836413470389,4.526299676251995,33.606,33.54698924731183,33.78967464040604,4.534726529014313,4.511449613144828,4.575768740911996,34.35316666666667,34.170142076502735,33.520183502403135,4.792153439189847,4.6475535698933435,4.690058131572474,7.80735744514749
2014-01-23,sz000901,34.55,35.43,35.56,34.44,66797,103484044.0,3.23,2.07,0.72,2.67,4.824756957794364,0.2007431551819847,34.396,34.693999999999996,34.55695659236305,4.534420193693134,4.620262835532981,4.613609500486526,33.67100000000001,34.16309090909091,34.09477176233401,4.491198415487512,4.541820393709165,4.554387828025559,33.6545,33.76719047619048,33.88856945161459,4.529637484181729,4.525128688432508,4.55472417925603,33.64333333333333,33.66466666666667,33.89550208296049,4.544811447065376,4.530161253711283,4.591832496839891,34.3595,34.2054480874317,33.582800436750574,4.781189473200224,4.648622537716442,4.694474486530568,8.014873391947944
2014-01-24,sz000901,35.43,35.25,35.45,34.94,51760,80210288.0,1.44,-0.51,-0.18,2.07,4.713994267660644,-0.11076269013371931,34.724000000000004,34.97866666666667,34.78797106157537,4.634648409235841,4.6801208601888185,4.647071089544566,33.962,34.450181818181825,34.304813260091464,4.520506596888679,4.582328730467916,4.583407180686484,33.781,33.91914285714285,34.01822950384177,4.546397323262458,4.542686477335263,4.569892759104088,33.67033333333333,33.76832258064516,33.98288904535014,4.548570121090182,4.5410762743948485,4.599713901408972,34.384499999999996,34.23464480874317,33.63746271751285,4.771413112317321,4.64641941622334,4.695114479354505,7.904230075704076
2014-01-27,sz000901,35.34,34.89,35.83,34.49,53419,82759786.0,3.8,-1.02,-0.36,2.13,4.727695753798666,0.013701486138021579,34.926,35.034,34.82198070771692,4.668151217853738,4.71113664170976,4.673945977629266,34.224000000000004,34.61890909090909,34.41121084916574,4.567981165350119,4.619999486269732,4.60964146670688,33.848,34.0247619047619,34.10125526538065,4.551583485351542,4.559952994529187,4.584921615741667,33.68533333333333,33.84701075268817,34.04141233274691,4.5570588398176985,4.552632766827654,4.607970795111533,34.41166666666666,34.25121857923497,33.67852951365996,4.7654985421428,4.644986060206337,4.696182717860871,7.917819358997813
2014-01-28,sz000901,34.73,34.13,34.89,33.91,34018,51235148.0,2.81,-2.18,-0.76,1.36,4.531708776810456,-0.19598697698820988,34.882000000000005,34.76866666666667,34.59132047181128,4.684433911735302,4.665655828028665,4.62653357735633,34.379000000000005,34.60181818181818,34.360081603862874,4.570238514143247,4.6134045065352485,4.595471886725712,33.839999999999996,34.05161904761905,34.10399285915392,4.545429785058014,4.5580601651443216,4.579853726319647,33.69733333333333,33.87569892473118,34.04712766611808,4.553195536236993,4.550997278891703,4.603050664898561,34.43216666666667,34.24198360655738,33.6933318246875,4.7576256082167845,4.637320821998718,4.6907901296297085,7.709567995065633
2014-01-29,sz000901,34.44,35.2,35.41,34.42,43365,66745188.0,2.9,3.14,1.07,1.73,4.637139350726339,0.10543057391588295,34.980000000000004,34.87466666666667,34.79421364787419,4.687059021358094,4.649890974359011,4.630068835146334,34.533,34.751090909090905,34.51279403952417,4.573655343869962,4.625568295004901,4.60304778927128,33.879000000000005,34.18114285714286,34.20837449161545,4.550051112443272,4.566794409493686,4.585309500072666,33.708333333333336,33.97264516129032,34.12150652636853,4.543167046230001,4.556413008858757,4.605249934951966,34.477999999999994,34.26715846994536,33.74273078125512,4.750378854551412,4.63337045290067,4.68903108769845,7.824419960667652
2014-01-30,sz000901,34.73,35.97,36.71,34.69,72178,114298597.0,5.74,2.19,0.77,2.88,4.858404843905288,0.22126549317894906,35.08800000000001,35.20466666666667,35.186142431916124,4.693788598580278,4.707006248541409,4.706180838065986,34.742000000000004,35.01236363636363,34.7777405777925,4.614104396136707,4.67734093137496,4.6494763446592815,33.943,34.38028571428572,34.376148349556836,4.560583140760748,4.596161431537687,4.611318580437677,33.772666666666666,34.11855913978494,34.24076416982862,4.5535978642001975,4.57675093128942,4.621582509723148,34.54933333333334,34.316076502732244,33.815756001541835,4.747755118460632,4.636912288617191,4.694584325606871,8.058040899521286
2014-02-07,sz000901,35.97,37.15,37.2,35.59,69529,112606588.0,4.48,3.28,1.18,2.78,4.84216598319541,-0.01623886070987801,35.468,35.892,35.84076162127742,4.719422941687232,4.756465376746452,4.751509219775794,35.096000000000004,35.45018181818182,35.20906047273932,4.6770356754615365,4.718806674476543,4.684510824393123,34.075,34.68571428571429,34.64032469721809,4.5726683889608815,4.622978845102894,4.633304047366986,33.898,34.336451612903225,34.42845680403323,4.568175036490333,4.595368229289112,4.6358137015600684,34.65,34.40134426229508,33.92507547690112,4.747211884045263,4.640007726805216,4.699423068478626,8.051563799470483
2014-02-10,sz000901,37.15,37.62,37.87,36.79,95114,156793647.0,2.91,1.27,0.47,3.8,4.978244446225033,0.136078463029623,36.014,36.60933333333333,36.43384108085162,4.769532680172505,4.842739211592387,4.827087628592208,35.47,35.90909090909091,35.64741311405944,4.718841949013121,4.773571905524451,4.73791693745347,34.321,35.02333333333333,34.924103297483036,4.589065235115536,4.661605136270908,4.666155513924895,34.07333333333334,34.57658064516129,34.63436281667625,4.582226503974841,4.621824320239738,4.657906007667486,34.76049999999999,34.49872131147541,34.04622054323223,4.751630752050997,4.647582564909471,4.708564752994902,8.195328461864113
2014-02-11,sz000901,37.47,36.79,37.65,36.57,66698,108854118.0,2.87,-2.21,-0.83,2.66,4.824112811398012,-0.15413163482702075,36.54600000000001,36.868,36.55256072056775,4.828013487090017,4.860932588667556,4.82609602286081,35.714,36.14909090909091,35.855156184230445,4.75622369941266,4.792712062321704,4.753588914534296,34.503499999999995,35.25847619047619,35.101807745341794,4.60344547867159,4.683990619726382,4.681199066065192,34.214333333333336,34.7518494623656,34.773436183342305,4.5895953680513335,4.637429888460587,4.6686290272630036,34.846666666666664,34.565262295081965,34.13618052542134,4.753085256895799,4.649959025871669,4.712353213926151,8.036844863242502
2014-02-12,sz000901,36.46,37.02,37.11,36.46,47100,76288060.0,1.77,0.63,0.23,1.88,4.673020907128897,-0.15109190426911567,36.910000000000004,37.025999999999996,36.70837381371183,4.835189798370528,4.809268395347183,4.775070984283506,35.945,36.386545454545455,36.06694596891582,4.761124409864311,4.777584281906475,4.738940185915132,34.6815,35.49814285714286,35.28449272197591,4.610432712149085,4.69061685100803,4.680420193785545,34.34866666666667,34.93286021505376,34.918375784417,4.591500183749517,4.6428121813043015,4.668912374351126,34.94033333333333,34.63651912568306,34.230731983604244,4.752569005393843,4.647333965223573,4.711063630096732,7.8824565709576655
2014-02-13,sz000901,36.82,35.5,36.88,35.41,59632,94745437.0,3.97,-4.11,-1.52,2.38,4.775479375409764,0.1024584682808678,36.816,36.556000000000004,36.30558254247455,4.818604704671424,4.7893649210269285,4.775207114658926,35.952,36.30563636363637,35.963864883658395,4.756196651625851,4.780194275642012,4.745583674914156,34.8115,35.57609523809524,35.30501722464487,4.6236975335566814,4.706335580842381,4.689473449178328,34.42033333333334,35.00713978494623,34.95589992735784,4.605157206663103,4.654681806572704,4.675787664742006,34.99633333333333,34.65486885245902,34.2723473284041,4.744133978218049,4.648085124896227,4.71317562174634,7.9765583032476055
2014-02-14,sz000901,35.63,36.1,36.32,35.29,37836,59742622.0,2.9,1.69,0.6,1.51,4.577905216795529,-0.197574158614235,36.606,36.31733333333333,36.23705502831637,4.765752551391447,4.70913175840163,4.709439815371127,36.037,36.33254545454545,35.98861672299323,4.74258774653934,4.747777651127408,4.715096682528951,34.9995,35.69880952380952,35.38072986991679,4.6315471717140095,4.7019744078175085,4.678847903237108,34.533,35.11550537634408,35.02971283527024,4.611794131021418,4.6529236136780225,4.6694726681002985,35.03150000000001,34.691054644808744,34.33227036681708,4.731801977782524,4.642635001570897,4.7087405265020505,7.776284279117506
2014-02-17,sz000901,36.32,37.67,37.71,36.32,90439,148890761.0,3.85,4.35,1.57,3.61,4.9563557516290615,0.3784505348335321,36.61600000000001,36.672000000000004,36.71470335221092,4.761374812472253,4.772666158480835,4.791745127457105,36.315,36.62945454545455,36.2943227733581,4.765453746322379,4.786644561143721,4.75896196781988,35.26950000000001,35.95314285714286,35.59875559659139,4.666717455836249,4.732908558285608,4.70527722213158,34.67033333333333,35.31789247311828,35.20005394267216,4.62287357234182,4.67515339565271,4.687981254134412,35.06916666666667,34.77756284153005,34.44170412528209,4.722159423054543,4.649997420385538,4.716859058473428,8.172867749658112
2014-02-18,sz000901,38.63,37.8,38.92,37.38,121379,204358160.0,4.09,0.35,0.13,4.85,5.084143555165728,0.1277878035366662,36.818,37.06666666666667,37.076468901473945,4.813380961225795,4.88025573937866,4.889211270026646,36.682,36.89945454545454,36.568082269111166,4.820697224157906,4.844588162751602,4.818085892791852,35.5305,36.19414285714286,35.80839792072555,4.695467869150577,4.7726634248884166,4.741359730039594,34.78733333333333,35.5198064516129,35.367792397983635,4.637185598091312,4.704912749383284,4.7135401122654645,35.0755,34.86709836065574,34.55181218674825,4.716889464180274,4.661865752585905,4.728901173119077,8.310391983727175
2014-02-19,sz000901,37.85,36.97,37.89,36.32,82709,134253017.0,4.15,-2.2,-0.83,3.3,4.917552769983853,-0.16659078518187442,36.80800000000001,37.117333333333335,37.0409792676493,4.862287333796788,4.914979675631345,4.898658436679049,36.859,36.95181818181818,36.64115822018186,4.848738566083658,4.862198261992684,4.836170779554034,35.696000000000005,36.33123809523809,35.91902669018025,4.711196954976811,4.793814367824919,4.758140019558095,34.87233333333334,35.66062365591397,35.471160630371784,4.649613596990068,4.7230009540215105,4.7267022192150385,35.079166666666666,34.92921311475409,34.63109703308437,4.71433309206163,4.66844487736635,4.735086471376938,8.12792405416101
2014-02-20,sz000901,36.97,36.68,37.62,36.35,54182,88341579.0,3.44,-0.78,-0.29,2.16,4.733855031943599,-0.18369773804025424,37.044000000000004,37.074666666666666,36.92065284509954,4.853962465103554,4.87216890834695,4.843723968433899,36.92999999999999,36.91927272727273,36.64822036196697,4.8362835848874886,4.841310346694492,4.817567916352136,35.836,36.424952380952384,35.99150033873451,4.725193990512097,4.7959722799169935,4.755827163594809,34.93866666666667,35.777247311827956,35.549150267121995,4.652483288802995,4.728435885308837,4.727163691003978,35.03883333333333,34.98169945355192,34.698274179540626,4.705164655652532,4.669084940969038,4.73504609631355,7.946165157485859
2014-02-21,sz000901,36.97,36.06,37.11,35.67,63686,102124375.0,3.93,-1.69,-0.62,2.54,4.804043972508193,0.07018894056459413,37.036,36.74666666666667,36.6337685633997,4.899190216246087,4.855529410815163,4.83049730312533,36.821,36.7610909090909,36.5412712052457,4.832471383818767,4.8354485989891645,4.815109017471419,35.9585,36.446285714285715,35.99802411599789,4.754753529640151,4.803481802011859,4.760419240634179,34.99033333333333,35.849591397849466,35.58210831440445,4.659269387246843,4.738213993934979,4.73212370916554,35.01533333333334,35.015180327868855,34.74292092775241,4.699221595640533,4.672326885783977,4.737308321762554,8.009129411671372
2014-02-24,sz000901,35.9,36.32,36.53,35.7,48319,76903147.0,2.3,0.72,0.26,1.93,4.6841179376375806,-0.1199260348706126,36.766000000000005,36.508,36.52917904226646,4.84474265344779,4.783838651278994,4.781704181296081,36.690999999999995,36.67,36.501040077019205,4.803058732960022,4.80847524513804,4.79129245750163,36.0805,36.480714285714285,36.028688485902855,4.760950340986572,4.79675460277352,4.753152449872599,35.111,35.93537634408602,35.62971422960417,4.660396401063697,4.739817126218251,4.72902656261535,35.016333333333336,35.05795628415301,34.7946284383179,4.6931019080561125,4.671831683882241,4.735564374742063,7.885944112191156
2014-02-25,sz000901,36.5,34.44,37.18,34.22,74846,118060925.0,8.15,-5.18,-1.88,2.99,4.8741685952689595,0.19005065763137896,36.09400000000001,35.73266666666667,35.832786028177644,4.8027476614684375,4.793647298552717,4.812525652620374,36.456,36.26072727272727,36.126305517561164,4.808064311347116,4.821404311012392,4.806360846186599,36.085,36.32447619047619,35.877384820578776,4.782144005379888,4.807537293657557,4.764677797053205,35.15433333333333,35.892086021505385,35.552958472855515,4.6716517562301,4.753608880683108,4.738390564722034,34.96966666666667,35.03906010928962,34.783001276405834,4.690609017122685,4.677768296577745,4.740108775415076,8.072106181568744
2014-02-26,sz000901,34.33,34.6,34.62,32.99,48274,71996365.0,4.73,0.46,0.16,1.93,4.683713286097624,-0.19045530917133568,35.62,35.23466666666666,35.42185735211843,4.755979764691191,4.7539691734291125,4.769588197112791,36.214,35.923272727272725,35.84879542345913,4.809133549243989,4.7987950336943035,4.784061289806785,36.0795,36.18304761904762,35.7557291233808,4.78512897955415,4.798162939440199,4.756966891247911,35.19233333333333,35.85632258064517,35.49147728105839,4.676666324514054,4.754387043900367,4.734862998359169,34.914,35.02693989071038,34.777001234556465,4.684235682125407,4.677542207035939,4.738259742978439,7.857310570038306
2014-02-27,sz000901,34.78,34.53,35.7,34.17,59651,91627566.0,4.42,-0.2,-0.07,2.38,4.775617728657519,0.09190444255989494,35.190000000000005,34.87133333333333,35.124571568078956,4.764332304033975,4.760515161417888,4.771598040961034,36.117000000000004,35.61709090909091,35.60901443737565,4.809147384568765,4.792701248133127,4.782526096870555,36.0345,36.035476190476196,35.638993016392156,4.7826720180973075,4.797257106021471,4.758743161477398,35.24666666666666,35.813591397849464,35.42944648873204,4.685514150560708,4.76077100545801,4.737492335797773,34.82733333333333,35.014349726775954,34.76890283342346,4.676967026102485,4.680538339709124,4.739484594967917,7.962026150094327
2014-02-28,sz000901,34.47,34.96,35.11,33.7,39561,59803506.0,4.08,1.25,0.43,1.58,4.597267260907774,-0.17835046774974472,34.970000000000006,34.79466666666667,35.069714378719304,4.722976961713892,4.704826813709155,4.7134877809432805,36.003,35.406727272727274,35.491011812398256,4.811083588979988,4.754177589285674,4.748842672150049,36.02,35.933142857142855,35.574327014831,4.776835667759665,4.7795995100986595,4.743364504280291,35.333999999999996,35.79509677419355,35.39915961849127,4.691392644136003,4.7550776577384655,4.728445556772613,34.759499999999996,35.01869945355191,34.77516831429482,4.669218991211036,4.67792523265356,4.734821731556108,7.776726645390085
2014-03-03,sz000901,35.52,36.12,36.32,35.23,63144,99395078.0,3.12,3.32,1.16,2.52,4.800332089797309,0.20306482888953514,34.93000000000001,35.178000000000004,35.41980958581287,4.746219792145837,4.730611856403627,4.742435883894624,35.848,35.428000000000004,35.60537330105312,4.7954812227968135,4.752222771252459,4.7582043844495505,36.0815,35.94266666666666,35.62629587056138,4.780467484559596,4.781837264578435,4.748789988615245,35.46233333333334,35.84580645161291,35.445665449556344,4.70963871148977,4.762106009071453,4.7330833976129165,34.7035,35.063306010928954,34.81926115644908,4.663592625571923,4.682224022771142,4.73696961215418,7.997364878860437
2014-03-04,sz000901,36.12,36.64,37.06,35.9,82719,133065853.0,3.21,1.44,0.52,3.3,4.917605275543061,0.11727318574575207,35.370000000000005,35.748000000000005,35.82653972387525,4.754907128200657,4.7877403508693686,4.80082568111077,35.732,35.572,35.79348724631619,4.778827394834548,4.7744271444790485,4.78718636464837,36.20700000000001,35.99585714285714,35.722839120984105,4.799762309496227,4.79489800657686,4.764867634989322,35.59766666666666,35.92178494623656,35.52271929152045,4.7232543777119,4.775523206752311,4.744988034898733,34.721000000000004,35.12679781420765,34.878957511975344,4.659312325755878,4.690552306376753,4.7428920929210285,8.12406662229429
2014-03-05,sz000901,36.79,35.88,37.06,35.81,66618,106250203.0,3.41,-2.07,-0.76,2.66,4.823591590198418,-0.0940136853446436,35.626,35.918,35.84435981591683,4.782882789020816,4.8106351715352895,4.80841431747332,35.623000000000005,35.59890909090909,35.809216837895065,4.769431276856004,4.782566089090663,4.79380549656656,36.241,35.96471428571429,35.737806823747526,4.809084921469831,4.797167461881831,4.770460392628284,35.67166666666667,35.940000000000005,35.54576965980946,4.730608395603208,4.781996575299828,4.750059232014842,34.719166666666666,35.16479781420765,34.91177857715648,4.656449393650306,4.695938511768312,4.745537978077664,8.026329768479485
2014-03-06,sz000901,35.45,35.0,36.08,34.44,49352,76103965.0,4.57,-2.45,-0.88,1.97,4.693304757235923,-0.13028683296249444,35.720000000000006,35.70933333333333,35.56290654394456,4.766420194736497,4.780775827606991,4.770044464060854,35.455,35.48563636363637,35.662086503732326,4.765376249385236,4.768724903705193,4.77553263487008,36.1925,35.84652380952381,35.667539507200146,4.800829917136363,4.786140779573838,4.76311223687663,35.708999999999996,35.89666666666667,35.5105587140153,4.738588076803143,4.779589888953551,4.746397652996848,34.703,35.17400546448087,34.91467108282349,4.653954644528136,4.697146884344889,4.743825413459902,7.881407284007927
2014-03-07,sz000901,35.07,35.18,35.59,34.82,34494,53406350.0,2.2,0.51,0.18,1.38,4.537743559029619,-0.15556119820630432,35.764,35.529333333333334,35.43527102929637,4.754515454360866,4.704550282371364,4.692610829050443,35.367000000000004,35.43563636363636,35.574434412144626,4.738746208037378,4.727337141822353,4.732298257444541,36.094,35.75009523809524,35.62110717318109,4.785608795928073,4.761084935944625,4.741648553272153,35.76133333333334,35.862537634408596,35.48923234536916,4.74941775577256,4.766632178129453,4.732936098547349,34.69616666666666,35.18964480874317,34.923370391583376,4.650655459022181,4.693336684820347,4.737068631347434,7.72759289759044
2014-03-10,sz000901,34.58,33.03,34.78,32.87,57275,84975014.0,5.43,-6.11,-2.15,2.29,4.757965097861435,0.22022153883181605,35.146,34.618,34.63351401953092,4.7460420559736916,4.705700163538221,4.714395585320774,35.038000000000004,35.01072727272727,35.111809973572875,4.746130924059765,4.7308314854267275,4.736964955702158,35.8645,35.458285714285715,35.37433506144956,4.774594828509892,4.7584522027954215,4.743202509899704,35.733,35.68632258064516,35.33057219405502,4.756010535344302,4.767183619554542,4.734550872696645,34.66883333333333,35.135016393442626,34.86129267382654,4.65068559940874,4.696855033634749,4.737753761397073,7.929291244806992
2014-03-11,sz000901,33.05,32.38,33.39,32.14,40262,57838556.0,3.78,-1.97,-0.65,1.61,4.604895344506685,-0.1530697533547496,34.294000000000004,33.696,33.882342679687284,4.683500069766415,4.658651259715886,4.6778955050494115,34.83200000000001,34.527454545454546,34.615117251105076,4.719203598983537,4.705152289144349,4.712952299121162,35.644,35.12642857142857,35.08916029369245,4.763633955165327,4.742290347176069,4.730030398909893,35.66733333333333,35.470000000000006,35.140212697664374,4.761163869914437,4.757434252403728,4.7261859999101965,34.62616666666667,35.05997267759563,34.779938815668295,4.64956910050334,4.695353713801896,4.733397747728535,7.762217441806181
2014-03-12,sz000901,32.45,32.7,32.85,31.67,28456,40382696.0,3.64,0.99,0.32,1.14,4.454173852177724,-0.15072149232896148,33.658,33.16466666666667,33.48822845312486,4.609616522162277,4.582209187186322,4.603321620758849,34.642,34.139818181818185,34.26691411454052,4.696249655591547,4.656965062452383,4.665901672404173,35.428000000000004,34.84604761904762,34.8616212181027,4.752691602417768,4.7128179564153445,4.7037583468401625,35.60033333333333,35.27855913978495,34.9827796203957,4.755502538233283,4.737628444807812,4.708636829088747,34.60316666666667,34.99681967213115,34.71174410040048,4.645114533623798,4.688947312217449,4.724242865907197,7.606195309625906
2014-03-13,sz000901,32.67,33.35,33.59,32.58,36779,53528855.0,3.09,1.99,0.65,1.47,4.565599916843713,0.11142606466598881,33.328,33.062000000000005,33.442152302083244,4.584075554083835,4.567536985413467,4.5907477194538036,34.524,33.904909090909086,34.10020245735133,4.675247874410166,4.633210564498232,4.647664989574999,35.3205,34.64814285714286,34.71765729256911,4.742197629489466,4.694999700646387,4.690600401126215,35.53099999999999,35.13337634408602,34.877438999725015,4.746863970201593,4.7253766627826765,4.699408641201971,34.58716666666667,34.955732240437165,34.66709675284636,4.6458377086334846,4.686340275601709,4.719041457741181,7.72858795377947
2014-03-14,sz000901,33.1,33.08,33.21,32.7,23617,34241446.0,1.53,-0.81,-0.27,0.94,4.373224729594473,-0.1923751872492394,32.908,32.97933333333334,33.3214348680555,4.551171788196806,4.497253377250346,4.51824005616736,34.336,33.64236363636364,33.914711101469265,4.652843621278836,4.578297265440832,4.59776676048763,35.1695,34.43476190476191,34.56168993137205,4.731963605129413,4.659859424465911,4.66037414669462,35.458666666666666,34.97524731182796,34.76147519329115,4.7355049855993885,4.701270905324154,4.678364517872455,34.564499999999995,34.906316939890715,34.615060793736646,4.642037553344784,4.6774021451414125,4.707703204359322,7.534552096442055
2014-03-17,sz000901,33.35,33.79,33.84,33.12,31532,46628368.0,2.18,2.15,0.71,1.26,4.498751517890846,0.12552678829637287,33.06,33.27333333333333,33.47762324537033,4.499329072202689,4.479779953815027,4.511743876741855,34.102999999999994,33.54309090909091,33.89203635574758,4.62268556408819,4.55028051937029,4.579763989106397,34.9755,34.303380952380955,34.48819565219376,4.709083393442502,4.63764874949081,4.644981515379976,35.422000000000004,34.86759139784946,34.69879937436914,4.727873511069128,4.685996488052635,4.6667765823897716,34.55366666666667,34.880923497267766,34.588009620171505,4.642466175443413,4.672704242339643,4.700852329393142,7.668650215347312
2014-03-18,sz000901,33.66,33.64,34.35,33.48,34175,50945273.0,2.57,-0.44,-0.15,1.37,4.53370852323986,0.034957005349014025,33.312,33.46666666666666,33.53174883024689,4.485091707949324,4.491239770827417,4.519065425574524,33.803000000000004,33.458909090909096,33.84621156379347,4.584295888857869,4.534102875579684,4.571390268039753,34.7675,34.17619047619048,34.40741511388959,4.6815616418462085,4.620946380900082,4.634384087557107,35.40566666666666,34.752623655913986,34.63048973731307,4.727940169283442,4.673469714644294,4.658191546315584,34.551500000000004,34.85096721311475,34.55692733754293,4.640567852760217,4.669138417677233,4.695372204601231,7.707103893833054
2014-03-19,sz000901,33.43,33.91,34.17,32.76,48734,71498065.0,4.19,0.8,0.27,1.95,4.687832058962527,0.15412353572266646,33.55400000000001,33.666000000000004,33.657832553497926,4.531823349306284,4.5588198878318185,4.5753209700371915,33.606,33.47836363636363,33.85780946128556,4.57071993573428,4.552927633780531,4.592561502752984,34.6145,34.09452380952381,34.360042245900104,4.670075606295142,4.6215435634825885,4.6394743705481,35.36266666666666,34.656129032258065,34.58400652845416,4.729629926224646,4.67088209462359,4.6601038374540975,34.5355,34.82993442622951,34.535716605164474,4.636398486227324,4.670688063782226,4.695124986711438,7.854294288357808
2014-03-20,sz000901,33.66,33.26,34.35,33.21,50647,75348706.0,3.36,-1.92,-0.65,2.02,4.704553725668024,0.016721666705497462,33.536,33.568,33.52522170233195,4.559614111071146,4.616396679952398,4.618398555247469,33.432,33.415454545454544,33.74911683196091,4.57184483257749,4.57726105013212,4.612923725101172,34.4435,33.96552380952381,34.255276317719144,4.668610540981364,4.624827193899054,4.645672404369044,35.272333333333336,34.52047311827957,34.49858675242486,4.7245015556167385,4.669264275232841,4.662971572177577,34.5225,34.78811475409836,34.49388983122466,4.639049709908467,4.672922661796675,4.6954341256936205,7.877075798364186
2014-03-21,sz000901,32.76,33.61,33.68,32.4,44307,64560307.0,3.85,1.05,0.35,1.77,4.64647234521208,-0.05808138045594369,33.642,33.592666666666666,33.55348113488797,4.614263634194668,4.645349424666043,4.627756485235674,33.275,33.447818181818185,33.72382286251347,4.582717711195737,4.590829688792955,4.619023474212247,34.321,33.88614285714286,34.19382143031732,4.660731959616558,4.62271879430198,4.645748589211238,35.154333333333334,34.41322580645161,34.44125857484907,4.717978434350628,4.664230132626089,4.661907105921739,34.52616666666667,34.75819672131147,34.464909836758274,4.643076735420481,4.673166026888596,4.693828821415537,7.8099655868950695
2014-03-24,sz000901,33.41,33.35,33.66,33.12,30593,44802553.0,1.61,-0.77,-0.26,1.22,4.485622066705574,-0.16085027850650668,33.55400000000001,33.495333333333335,33.48565408992532,4.611637743957613,4.6024689021696785,4.580378345725641,33.307,33.461454545454544,33.655855069329206,4.555483408080151,4.57317593524929,4.594768672847397,34.1725,33.793666666666674,34.11345748457281,4.650807166069958,4.606041661643791,4.630498444210699,35.01199999999999,34.29681720430108,34.37085479582655,4.701557688366646,4.649239399229634,4.650533877585213,34.54266666666667,34.71963387978142,34.42835541588095,4.641892096170744,4.668003578734011,4.68700237044144,7.6513027622620156
2014-03-25,sz000901,33.39,33.52,33.68,33.21,29002,42643563.0,1.41,0.51,0.17,1.16,4.462427948209778,-0.023194118495795557,33.53,33.484,33.49710272661688,4.597381628951597,4.552732303587066,4.541061546553687,33.421,33.500181818181815,33.631154147632984,4.54123666845046,4.556256760727403,4.570706722913284,34.1265,33.73152380952381,34.056937724137306,4.630220133716999,4.588100783752345,4.614491730305849,34.903000000000006,34.20055913978495,34.315960938031296,4.689501526260371,4.633811674058223,4.638398011173894,34.55866666666667,34.68610382513661,34.398573271097966,4.6395484471558515,4.66211950830906,4.679639274630565,7.629853484165621
2014-03-26,sz000901,33.57,33.55,33.79,33.43,28716,42405584.0,1.07,0.09,0.03,1.15,4.458123944661062,-0.004304003548716295,33.458000000000006,33.49066666666667,33.51473515107792,4.551440006091303,4.5063130754902225,4.513415679256145,33.506,33.52363636363636,33.61639884806335,4.541631677698794,4.541145356402058,4.550237126867425,34.074,33.67661904761905,34.00865794088613,4.6189406666451704,4.571710670508922,4.599599560244441,34.787333333333336,34.1132688172043,34.2665441033196,4.68233829417811,4.61888408814859,4.626767426237583,34.568,34.65303278688525,34.37075119663574,4.636919238963813,4.656171163964969,4.672376476926647,7.627423048590619
2014-03-27,sz000901,33.3,31.91,33.3,31.87,77985,110273968.0,4.26,-4.89,-1.64,3.11,4.89201107648926,0.4338871318281985,33.188,32.974666666666664,32.97982343405195,4.588931476255551,4.619836765622874,4.639614145000516,33.361999999999995,33.23345454545455,33.30614451205183,4.574272793663349,4.604850701636688,4.612377844980486,33.943,33.470523809523804,33.80878575603983,4.624760334036758,4.597717376208359,4.62744827607728,34.66766666666667,33.92763440860215,34.11450899987963,4.686222684214092,4.632411364426728,4.643879919802208,34.544000000000004,34.56588524590164,34.29007082953293,4.6456899454385985,4.664534830769082,4.679577611338536,8.042473002120339
2014-03-28,sz000901,31.73,30.37,31.73,30.21,64019,86624806.0,4.76,-4.83,-1.54,2.56,4.806308886023768,-0.08570219046549266,32.540000000000006,32.035333333333334,32.10988228936797,4.620898784417888,4.69229590221228,4.695179058674934,33.090999999999994,32.689454545454545,32.77230005531513,4.6175812093062785,4.647039082065856,4.647638034261083,33.7135,33.13023809523809,33.481282350702706,4.635212415292557,4.615007714492836,4.644482619881708,34.47666666666667,33.65036559139785,33.87292777408095,4.693836139855034,4.640158861317675,4.654359207945534,34.50483333333333,34.429032786885244,34.161543917089226,4.652815135438227,4.669801025542366,4.683732735098708,7.937642274999675
2014-03-31,sz000901,30.37,30.68,30.75,30.01,25120,33577189.0,2.44,1.02,0.31,1.0,4.400019635065158,-0.40628925095860957,32.00600000000001,31.415333333333333,31.633254859578646,4.603778298089805,4.618669519094703,4.596792584138342,32.78,32.251090909090905,32.39188186343965,4.60770802102371,4.607482432203834,4.602616507134551,33.441500000000005,32.84133333333333,33.21449355539769,4.61519679255595,4.592608402090227,4.62120043085156,34.24366666666666,33.405419354838706,33.666932433817664,4.675291602636237,4.621202957782844,4.637950203243574,34.457,34.30362841530055,34.04739493620105,4.64908258748903,4.661512648480954,4.674430666245149,7.526044335253832
2014-04-01,sz000901,30.52,30.9,31.08,30.43,20144,27302575.0,2.12,0.72,0.22,0.8,4.304145712763788,-0.09587392230137048,31.482,31.04666666666667,31.38883657305243,4.572121851000607,4.518791990652697,4.499243627013491,32.506,31.909272727272732,32.12063061554153,4.5847517399761015,4.552289285247484,4.54834908997623,33.1545,32.59928571428571,32.994065597740764,4.584523814416985,4.562984489729069,4.591004743414628,34.013666666666666,33.189698924731175,33.48842066389395,4.6492916745561725,4.597258061662042,4.616414429664233,34.400499999999994,34.187005464480876,33.944201659604296,4.643238636323742,4.650203242752258,4.662290175967071,7.436203608782642
2014-04-02,sz000901,30.99,30.48,30.99,30.3,20968,28216208.0,2.23,-1.36,-0.42,0.84,4.321557007938544,0.017411295174756702,30.868000000000006,30.712666666666664,31.085891048701622,4.5448084636561035,4.435270376298676,4.440014753988509,32.163,31.540909090909086,31.822334139988524,4.548124234873703,4.504435697604292,4.507114165969377,32.884499999999996,32.344571428571435,32.75463077890831,4.559422085303992,4.537940031969217,4.5653430543216675,33.797333333333334,32.961720430107526,33.294329008158854,4.629425149154662,4.576113889622195,4.59739137019806,34.334833333333336,34.05846448087431,33.83062127732219,4.639519373072364,4.639656304116677,4.651118596687446,7.450498648138002
2014-04-03,sz000901,30.46,30.48,30.72,30.3,19516,26140052.0,1.38,0.0,0.0,0.78,4.290390809440229,-0.031166198498315367,30.582000000000004,30.583333333333332,30.883927365801085,4.424484410246297,4.350464491560051,4.390140105805749,31.885,31.23490909090909,31.578273387263337,4.506707943250924,4.457575074798205,4.467709919327714,32.6585,32.11557142857143,32.53799927615513,4.5392763879142075,4.5123180056964785,4.539157126237721,33.59066666666667,32.74769892473119,33.11275939472925,4.614643008404551,4.554240706414812,4.5775848824072325,34.26466666666667,33.93207650273224,33.72076484200015,4.6335631486037725,4.628209465964805,4.639291456121963,7.417306447180661
2014-04-04,sz000901,30.32,30.86,30.88,30.32,17795,23981956.0,1.84,1.25,0.38,0.71,4.250297992339864,-0.04009281710036472,30.68,30.676,30.875951577200723,4.3132822315095165,4.292402352257907,4.343526067983787,31.610000000000003,31.048545454545454,31.44767822594273,4.467090507963702,4.410955083723468,4.428180478057195,32.4425,31.94428571428572,32.378189821283215,4.52490410957972,4.484796253737017,4.511646732533163,33.41733333333333,32.57152688172042,32.96742007894027,4.596184809065606,4.530734576346123,4.556469599177079,34.203833333333336,33.82044808743169,33.62696927340998,4.627727098156225,4.615643395267628,4.626537572063533,7.379884601838865
2014-04-08,sz000901,31.15,31.71,31.84,30.84,48210,66707733.0,3.24,2.75,0.85,1.93,4.683137131483007,0.43283913914314276,30.886000000000003,31.019333333333336,31.153967718133817,4.369905730793087,4.4156873189157375,4.456729755816861,31.445999999999998,31.066727272727274,31.49537309395314,4.486842014441446,4.450236287999705,4.474536233225524,32.37650000000001,31.874523809523808,32.31455269544672,4.521162711260798,4.499866065346853,4.527979151480767,33.26366666666667,32.46137634408603,32.88629620287961,4.59615211552712,4.536344403598857,4.564641698035527,34.187333333333335,33.73868306010929,33.56411782182277,4.628274258295408,4.617460117671784,4.628393295323188,7.824176181811034
2014-04-09,sz000901,31.75,31.73,32.0,31.53,33594,46888932.0,1.48,0.06,0.02,1.34,4.5262617178786275,-0.1568754136043795,31.052000000000003,31.300666666666665,31.34597847875588,4.414328931816055,4.467805981277583,4.479907076504117,31.267000000000003,31.118363636363636,31.538032531416206,4.493225391408331,4.4574035068064655,4.4839408667988145,32.344,31.812952380952378,32.258881010166085,4.517231029929396,4.500351685024743,4.527815586375802,33.17333333333333,32.362430107526876,32.81169644785513,4.584555219614108,4.531835345686051,4.562165570283469,34.16383333333333,33.65811475409836,33.5039828112712,4.628103487922104,4.6141154442154955,4.62504471901353,7.6710703408260965
2014-04-10,sz000901,31.73,31.89,32.05,31.49,31554,44102600.0,1.76,0.5,0.16,1.26,4.499054421197101,-0.027207296681526216,31.334000000000003,31.58,31.527318985837255,4.449828414467766,4.496047811071266,4.4862895247351116,31.101,31.23163636363636,31.60202661661326,4.497318439061935,4.458463330404423,4.486688785780321,32.3035,31.769714285714283,32.22374948538836,4.5194750583803645,4.49862057943119,4.525076427787354,33.083,32.27963440860215,32.75223216089673,4.5783999241174245,4.526319165143019,4.55809388324564,34.13766666666667,33.58356284153005,33.4510653420492,4.627533124315738,4.609884327273693,4.620913889576927,7.644464193376415
2014-04-11,sz000901,31.8,31.98,32.0,31.46,24713,34430012.0,1.69,0.28,0.09,0.99,4.39292546917228,-0.10612895202482164,31.634000000000004,31.79533333333333,31.67821265722484,4.470335346414176,4.477080162639438,4.4551681728808346,31.108000000000004,31.391454545454543,31.6707490499563,4.4474098783302365,4.439482790424487,4.469640910033404,32.235,31.738904761904767,32.20053524868471,4.510841335996792,4.486568237601849,4.512490622204966,32.998,32.20847311827957,32.702410731161464,4.565643515467917,4.514353071275591,4.5474378565312294,34.12233333333333,33.512819672131144,33.40283369149021,4.6255788330143135,4.602192273006693,4.613438859399724,7.536937174070717
2014-04-14,sz000901,32.0,32.23,32.72,31.87,60946,86672769.0,2.66,0.78,0.25,2.43,4.78494520733039,0.3920197381581101,31.908000000000005,31.993999999999996,31.862141771483227,4.577264789412281,4.5819501162781755,4.565093851030687,31.294,31.595454545454544,31.772431040873332,4.445273510460899,4.500852850242696,4.526968964087401,32.1925,31.73842857142857,32.20334141547664,4.531427359883589,4.512673368205049,4.538438677931197,32.907000000000004,32.158924731182786,32.67193261947363,4.571899447015338,4.528501567524781,4.562760911421498,34.1205,33.45077595628416,33.364380127834785,4.63164604557567,4.607417400033451,4.61906201834827,7.937882671517253
2014-04-15,sz000901,33.17,32.34,33.37,32.27,61832,89326777.0,3.41,0.34,0.11,2.47,4.791213294289852,0.006268086959462238,32.034000000000006,32.138000000000005,32.02142784765549,4.598880021973651,4.6532662845707,4.640466998783742,31.46,31.785636363636364,31.87562539707818,4.484392876383368,4.5637509927570505,4.575013387760574,32.12,31.75247619047619,32.216356518764584,4.546050448703539,4.53741488576755,4.562512450917735,32.781,32.122344086021506,32.65051761176566,4.571595487165089,4.542650847994105,4.57749977483236,34.12166666666667,33.392398907103825,33.33079389413528,4.64061709932743,4.6126491131060465,4.624706322477502,7.95098166448957
2014-04-16,sz000901,32.18,32.36,32.49,32.05,27372,38777256.0,1.36,0.06,0.02,1.09,4.437306531324273,-0.353906762965579,32.160000000000004,32.24666666666666,32.13428523177033,4.581088984662779,4.599408454354241,4.5727468429639195,31.606,31.949272727272728,31.963693506700327,4.497708958239417,4.555189839109943,4.549975777499428,32.056,31.775333333333332,32.23003685031082,4.541230349107759,4.527058322207619,4.55058807762312,32.638333333333335,32.095182795698925,32.63177454003884,4.555585529024463,4.533987044391472,4.568455049444741,34.118,33.33463934426229,33.29896458613085,4.639419953368181,4.605983192843649,4.618562067029855,7.588577073793184
2014-04-17,sz000901,32.36,31.98,32.47,31.96,21511,30364922.0,1.58,-1.17,-0.38,0.86,4.332660600270635,-0.10464593105363829,32.178000000000004,32.18666666666666,32.08285682118022,4.547810220477485,4.516598992890192,4.492718095399491,31.756,32.017272727272726,31.9666583236639,4.498819317472626,4.525181046751983,4.510463927094193,31.959500000000002,31.76809523809524,32.20622381694788,4.523471776173165,4.507194536604084,4.529833079780026,32.50833333333333,32.05270967741935,32.58972456971376,4.539221162693537,4.519604790923483,4.553242504336734,34.09,33.26454098360656,33.25571984560197,4.634914779148373,4.595925509135531,4.609188248447586,7.48237216986454
2014-04-18,sz000901,32.02,32.34,32.65,32.02,28297,40248737.0,1.97,1.13,0.36,1.13,4.451740394799625,0.11907979452899031,32.25,32.24066666666667,32.16857121412015,4.5595732056029545,4.484575717664239,4.479058861866203,31.942,32.12345454545454,32.03453862845228,4.514954276008565,4.516621242629618,4.499786921222453,31.9135,31.804333333333332,32.21896440580999,4.510831109629745,4.500362976473271,4.522395681210464,32.419666666666664,32.04184946236559,32.57361330715158,4.5311690172789945,4.513960870414199,4.546693981140792,34.06433333333333,33.20716393442623,33.22569624410683,4.634878547041069,4.589919791615901,4.604026023737816,7.604752256814777
2014-04-21,sz000901,31.91,31.33,32.29,31.24,27950,39030371.0,3.25,-3.12,-1.01,1.12,4.446381812222442,-0.005358582577183135,32.07000000000001,31.934,31.8890474760801,4.491860526581365,4.446845253204068,4.468166511984949,31.988999999999997,32.012181818181816,31.90644069600641,4.534562657996823,4.504153521941232,4.490076901404269,31.799500000000002,31.748761904761903,32.13430112906618,4.500826582980262,4.494224948148766,4.515156265116367,32.291333333333334,31.971548387096774,32.49338019056116,4.528123625718754,4.508490728152486,4.54022222830735,34.02633333333333,33.11751366120218,33.16354226889021,4.638770690745658,4.583739570802175,4.598857361065181,7.591402679451554
2014-04-22,sz000901,31.19,30.97,31.6,30.7,24619,33609926.0,2.87,-1.15,-0.36,0.98,4.3912704083311995,-0.05511140389124236,31.796000000000003,31.567333333333334,31.582698317386736,4.411871949389635,4.413315213787346,4.442534477433699,31.915,31.82690909090909,31.73617875127797,4.505375985681643,4.478100385638392,4.472112084481893,31.680500000000002,31.669761904761902,32.02341530725035,4.496109000061544,4.483791026753617,4.503357612089209,32.22266666666667,31.886301075268815,32.395097597621735,4.515900469401079,4.499661488321031,4.5306124334701785,33.977833333333336,33.01730601092896,33.09162285023807,4.635955502372692,4.575624807444325,4.592051231467345,7.526467556271113
2014-04-23,sz000901,30.88,31.91,31.98,30.79,27608,38180012.0,3.84,3.04,0.94,1.1,4.44103494628343,0.0497645379522309,31.706,31.60533333333333,31.691798878257828,4.412617632381466,4.423036212751944,4.442034633716943,31.933,31.825999999999997,31.76778261468197,4.496853308522122,4.466402014838717,4.466461695718536,31.6,31.691619047619042,32.01261384941699,4.495039349965227,4.4785458787747485,4.497422120107706,32.207,31.866129032258062,32.363800978420336,4.510438456126972,4.4948314545715045,4.524833240748453,33.93716666666667,32.94950819672131,33.05288111744338,4.635801163020704,4.569233969539758,4.587099877854758,7.581836060556678
2014-04-24,sz000901,31.93,32.76,33.46,31.8,94452,136399869.0,5.2,2.66,0.85,3.77,4.975211158443852,0.5341762121604212,31.862000000000002,31.956666666666667,32.04786591883855,4.54112774401611,4.610567388106073,4.6197601419592464,32.019999999999996,31.976363636363633,31.948185775648884,4.544468982246798,4.55337616936994,4.558961598032229,31.5605,31.802095238095237,32.083793482805845,4.5208937106543665,4.524276527201285,4.542925838044482,32.208999999999996,31.9018064516129,32.38936220561902,4.527806366335842,4.524816790204852,4.553889880599769,33.904666666666664,32.91091256830601,33.04327845785507,4.641654452284562,4.580362166111009,4.599824837874072,8.134813953219254
2014-04-25,sz000901,32.58,32.11,32.7,32.02,29268,41393685.0,2.08,-1.98,-0.65,1.17,4.466393046361356,-0.5088181120824959,31.816000000000003,32.03933333333333,32.06857727922571,4.544058274328456,4.585655822221154,4.5686377767599495,32.033,31.992727272727272,31.977606543712724,4.551815739965706,4.5391805446634965,4.542130952273888,31.5705,31.854428571428567,32.086289341586244,4.499612809147971,4.519085987744806,4.535637000741327,32.16766666666667,31.895419354838708,32.37133883751457,4.524499470653097,4.520854640529079,4.548244923552129,33.849333333333334,32.85207103825136,33.0126791641549,4.635681720427345,4.574615890506969,4.59545002503759,7.616934090424157
2014-04-28,sz000901,31.87,30.57,31.87,30.12,33102,44686685.0,5.45,-4.8,-1.54,1.32,4.519854234341383,0.053461187980027525,31.664000000000005,31.624000000000002,31.569051519483807,4.558752758752244,4.5775878088921305,4.552376595953761,31.867,31.726727272727274,31.7216780812195,4.525306642666805,4.53336936182271,4.538080639922524,31.5805,31.75914285714286,31.941880832863745,4.485290076563852,4.521013742525132,4.534133880131809,32.084,31.792344086021508,32.25512342864266,4.529387120811327,4.520554947863807,4.546413266183695,33.77133333333333,32.744551912568305,32.932591322707204,4.632446053205357,4.5708182680123475,4.592971474522961,7.650178138513426
2014-04-29,sz000901,30.52,30.81,30.88,30.14,21003,28091292.0,2.42,0.79,0.24,0.84,4.322281332371608,-0.1975729019697754,31.632000000000005,31.33933333333333,31.31603434632254,4.544954943560326,4.498764000098586,4.47567817475971,31.714,31.534545454545455,31.55591843008868,4.47841344647498,4.496455669041765,4.498844402185993,31.587,31.6857619047619,31.834082658305295,4.481403161429174,4.5054891002211095,4.51395744701179,31.984666666666666,31.710150537634412,32.16188965905281,4.52350478129402,4.507193284093502,4.531953141421625,33.70333333333333,32.64745901639344,32.862998164585655,4.625689146181573,4.560648932903044,4.584096387895047,7.448571714123861
2014-04-30,sz000901,30.81,30.55,30.86,30.19,23470,31375217.0,2.17,-0.84,-0.26,0.94,4.370513089598592,0.048231757226984584,31.360000000000003,30.978666666666665,31.06068956421503,4.5308505722233585,4.440616715444674,4.440623146372671,31.532999999999998,31.32290909090909,31.373024170072554,4.4717341023024115,4.476837422336968,4.4755114362610104,31.569499999999998,31.587000000000003,31.711789071800027,4.484721530270915,4.494928140999149,4.500296079639104,31.881666666666664,31.61759139784946,32.0578967778236,4.518064933505977,4.497322852371217,4.521537654207236,33.64366666666667,32.54407103825136,32.7871621591894,4.623002551394709,4.552282504818357,4.577093656803361,7.496586738204686
2014-05-05,sz000901,30.66,30.79,30.84,30.34,16281,21870952.0,1.64,0.79,0.24,0.65,4.211681076299139,-0.1588320132994534,30.966,30.788666666666664,30.970459709476685,4.378144555794416,4.334226883469935,4.364309123014827,31.413999999999998,31.18781818181818,31.267019775513905,4.459636149905263,4.429555053972736,4.427542279904306,31.585,31.512761904761906,31.6239996363905,4.479227733688944,4.468924288239933,4.472808936463869,31.77766666666667,31.547161290322585,31.97609698570595,4.5021932340838635,4.47755615190626,4.501546907245424,33.570166666666665,32.45050819672131,32.7216814326586,4.615911580154256,4.538796554815224,4.56511291645896,7.33986768744314
2014-05-06,sz000901,30.79,30.95,31.33,30.68,21701,29560036.0,2.11,0.52,0.16,0.87,4.3364797469579965,0.12479867065885752,30.734,30.783333333333335,30.963639806317794,4.352161895913744,4.320338613857795,4.355032664329217,31.275,31.103454545454547,31.20937981632956,4.448110085121099,4.407162980709597,4.410985455732249,31.6085,31.45228571428571,31.559809194829498,4.481532180564832,4.455329241884604,4.459825204129976,31.700666666666667,31.493763440860217,31.909897180176536,4.489924101460196,4.466864959188462,4.490897413033332,33.4865,32.36460109289617,32.66359351683373,4.607212828538468,4.529634855366165,4.557616746967125,7.470704958633202
2014-05-07,sz000901,30.9,30.59,30.95,30.5,14483,19475232.0,1.45,-1.16,-0.36,0.58,4.160858530679992,-0.17562121627800487,30.738000000000007,30.735333333333333,30.839093204211864,4.280362755181466,4.256570825446544,4.2903079531128085,31.201,30.978909090909085,31.09676530426964,4.419557756966855,4.354935425356668,4.365507832995475,31.595,31.355285714285717,31.467446414369547,4.477060207481839,4.424788894276523,4.43135218761093,31.6,31.42210752688172,31.824742523390952,4.473736974309127,4.445634922363932,4.469604581913762,33.37716666666667,32.26963387978142,32.59560684415065,4.595857704329877,4.515000288223264,4.54460828085935,7.289482639937396
2014-05-08,sz000901,30.55,30.52,30.95,30.41,15058,20252212.0,1.77,-0.23,-0.07,0.6,4.177767292804646,0.016908762124653975,30.68,30.662666666666663,30.73272880280791,4.2514599472680725,4.222372337987604,4.2527943996767545,31.155999999999995,30.855090909090908,30.99189888531152,4.398207445414199,4.310973522781721,4.331373189324415,31.535499999999995,31.252904761904766,31.37721342252483,4.451791715547921,4.3962848071644105,4.407201245248427,31.505666666666666,31.352430107526885,31.740565586397988,4.46347514851243,4.426540104202353,4.450776369713174,33.258833333333335,32.175956284153,32.527554160735875,4.582516418439537,4.501292405878175,4.532580707480507,7.306472464929906
2014-05-09,sz000901,30.52,30.3,30.75,30.12,15853,21082913.0,2.06,-0.72,-0.22,0.63,4.200111459623802,0.022344166819156186,30.630000000000003,30.535999999999998,30.588485868538605,4.217379621273115,4.205256175439513,4.235233419659104,30.994999999999997,30.699454545454547,30.86609908798215,4.374115096748237,4.27495607081983,4.30750742028794,31.464000000000006,31.135238095238094,31.274621667998655,4.4354842026351795,4.3723152589811605,4.387478408522272,31.398333333333333,31.27464516129032,31.647625871146506,4.4547312655595634,4.409548898467603,4.4346044400299895,33.150666666666666,32.07894535519126,32.454519598088794,4.572116395909967,4.4887545383760195,4.521680076403238,7.323930616617507
2014-05-12,sz000901,30.57,30.84,31.15,30.43,32188,43515860.0,2.38,1.78,0.54,1.29,4.507693992654917,0.30758253303111527,30.640000000000004,30.605999999999998,30.67232391235907,4.276582204544271,4.302027632566781,4.326053610657709,30.803000000000004,30.67127272727273,30.86135379925812,4.327363380169343,4.299243142802864,4.343904978900118,31.411499999999997,31.07580952380952,31.233229128189258,4.43591618120807,4.379192381840183,4.398927511773,31.308,31.238623655913983,31.59552097623383,4.456383600492691,4.412965848602787,4.43931989503805,33.047666666666665,32.003185792349726,32.401584529298994,4.569360947335401,4.486642328433231,4.521221516280343,7.638647570865671
2014-05-13,sz000901,30.93,32.18,32.29,30.79,62447,86671294.0,4.86,4.35,1.34,2.49,4.795511579383638,0.28781758672872115,30.886000000000003,31.11933333333333,31.174882608239383,4.368388571029398,4.47500409084657,4.482539600233019,30.810000000000002,30.92163636363636,31.10110765393846,4.360275233471571,4.384360997205463,4.426015269897121,31.4215,31.149,31.323397782647426,4.456045486718638,4.413439562618809,4.436697422974013,31.317,31.294881720430105,31.63322930034778,4.453166950589172,4.434845073047364,4.462300003705508,32.992333333333335,31.97473770491803,32.3943194627646,4.569694817401632,4.494057103254485,4.530214633103401,7.937875280616755
2014-05-14,sz000901,31.8,31.67,32.11,31.53,29104,40517625.0,1.8,-1.58,-0.51,1.16,4.463952681719408,-0.3315588976642303,31.101999999999997,31.38066666666667,31.339921738826256,4.429007401237282,4.506858794409906,4.476343960728482,30.919999999999998,31.078000000000003,31.204542625949646,4.354685078209374,4.403211442341433,4.4329129811375365,31.3935,31.172666666666668,31.356407517633386,4.439995860438089,4.414192628809358,4.439293161902145,31.360333333333333,31.317655913978495,31.635601603551148,4.44175507711236,4.435540926668669,4.462406628093502,32.9185,31.9313825136612,32.37057128365756,4.567795608483697,4.4905901479862145,4.5280421101072035,7.607643980626449
2014-05-15,sz000901,31.71,31.84,32.65,31.64,45288,63911606.0,3.19,0.54,0.17,1.81,4.655983141876537,0.1920304601571292,31.366000000000003,31.626666666666665,31.50661449255084,4.5246505710516605,4.5825173746229915,4.5362236877778335,31.023000000000003,31.245272727272724,31.320080330322437,4.3880552591598665,4.457992908462735,4.473471192180991,31.3685,31.215190476190475,31.402463944525444,4.433234352817424,4.43476284608921,4.459930302852087,31.399,31.34860215053764,31.648788596870432,4.450287194006072,4.449362092137327,4.474895435434343,32.821333333333335,31.896021857923497,32.35317550386551,4.562789398321154,4.493481542523685,4.532236898034067,7.805579730835594
2014-05-16,sz000901,31.8,31.89,32.29,31.26,26740,37272595.0,3.23,0.16,0.05,1.07,4.427161402925965,-0.22882173895057178,31.684000000000005,31.801333333333332,31.63440966170056,4.570060559712093,4.550020985247759,4.499869592827211,31.157,31.402909090909088,31.42370208844563,4.393720090492605,4.465103116420208,4.465051230498259,31.345,31.264857142857142,31.448895949808737,4.4327270963975085,4.434184469909072,4.456809455240076,31.432000000000002,31.380279569892476,31.664350622878793,4.4543877170114765,4.447870105616029,4.471815820433803,32.722833333333334,31.865486338797812,32.33798942177156,4.551839695783825,4.489034723002531,4.528791799833801,7.571389630342992
2014-05-19,sz000901,32.43,32.09,32.94,31.91,31097,43996831.0,3.23,0.63,0.2,1.24,4.492718493647745,0.06555709072177951,31.934000000000005,31.93666666666667,31.786273107800376,4.567065459910659,4.524240296559643,4.497485893100722,31.287,31.572545454545455,31.544847163273698,4.421823832227465,4.483102826084779,4.470081641979983,31.3505,31.335809523809523,31.50995347839838,4.440729991066364,4.439897936313856,4.460229363659854,31.485666666666667,31.4227311827957,31.691811873015645,4.460093099868451,4.450343058947401,4.473164379995993,32.6415,31.84473770491804,32.32985862105774,4.544759124511557,4.487096322932496,4.5276090684834385,7.643421396286705
2014-05-20,sz000901,32.25,31.69,32.45,31.64,26109,36559680.0,2.52,-1.25,-0.4,1.04,4.416790238241989,-0.07592825540575632,31.836000000000006,31.855333333333338,31.754182071866918,4.491321191682329,4.47414855600342,4.470587341481145,31.361,31.645818181818182,31.571238588133024,4.429854881355864,4.4821876271783285,4.460392295845803,31.318,31.368142857142853,31.527100766169962,4.438982483238481,4.437617959854391,4.456092304096248,31.526,31.435913978494625,31.69169497798238,4.464306414161843,4.447549325939242,4.469527338592508,32.55833333333333,31.813540983606558,32.308879649875514,4.539474711283196,4.4829006217433305,4.523975664213227,7.563002385780546
2014-05-21,sz000901,31.71,32.23,32.23,31.42,27915,39056491.0,2.56,1.7,0.54,1.12,4.445837632186448,0.029047393944459543,31.948,31.986666666666668,31.91278804791128,4.487698181775737,4.4589873695047935,4.462337438382913,31.525,31.803818181818183,31.691013390290653,4.45835279150651,4.485093581874798,4.457745993362283,31.363,31.455,31.59404355034425,4.438955274236682,4.43827083118277,4.4551156686762665,31.571666666666665,31.481333333333335,31.72642433424158,4.470824402156729,4.446357791618249,4.467998970437279,32.4945,31.802775956284158,32.306293431846804,4.533504605611168,4.479830553576224,4.5214137615238235,7.591693221855227
2014-05-22,sz000901,32.31,32.2,32.36,31.91,41768,59041864.0,1.4,-0.09,-0.03,1.67,4.620843680202659,0.17500604801621122,32.02,32.07066666666667,32.008525365274195,4.480670289440961,4.503369202313767,4.515172852322829,31.693000000000005,31.926545454545455,31.783556410237807,4.50266043024631,4.514637379819553,4.487400118242351,31.424500000000002,31.534714285714287,31.651753688406703,4.450433937830255,4.455593536512863,4.470899288821637,31.588,31.521870967741936,31.75697760300019,4.468747953780718,4.456036454717988,4.4778599194544,32.42583333333334,31.793120218579233,32.30280840129445,4.532450034653919,4.482694129792338,4.524673758857555,7.771160060063892
2014-05-23,sz000901,32.2,31.91,32.2,31.46,29925,41688646.0,2.3,-0.9,-0.29,1.2,4.4760341590784485,-0.14480952112421086,32.02400000000001,32.034000000000006,31.975683576849466,4.490444840671458,4.501823825526263,4.502126621241369,31.854000000000003,31.966,31.80654615383093,4.530252700191776,4.509796239607215,4.485333580212551,31.424500000000002,31.580952380952386,31.676348575225113,4.452183898470006,4.458031652822214,4.47138832408419,31.594,31.54264516129032,31.766850015709856,4.467073701820712,4.45650653247913,4.4777421284624035,32.38366666666666,31.776207650273225,32.28992943731758,4.5258144607174104,4.480844428953797,4.523079017881191,7.620017789962524
2014-05-26,sz000901,32.07,32.0,32.2,31.69,28682,40201714.0,1.6,0.28,0.09,1.15,4.457609431468555,-0.018424727609893665,32.00600000000001,32.025999999999996,31.983789051232982,4.483423028235619,4.490878689125295,4.487287557983764,31.97,31.992545454545457,31.841719580407123,4.525244244073139,4.496588372566629,4.48029282589546,31.3865,31.635761904761907,31.70717252044177,4.426303812121241,4.458548370250647,4.470076048596987,31.597666666666665,31.568838709677415,31.78189195018019,4.465692202163093,4.4558959343918945,4.476443244785382,32.340333333333334,31.76362841530055,32.28042355412684,4.52204606314026,4.478608198486622,4.520932474064383,7.60424456962361
2014-05-27,sz000901,31.91,31.64,32.0,31.6,20542,28646689.0,1.25,-1.13,-0.36,0.82,4.312642724883405,-0.14496670658514965,31.996000000000002,31.904,31.86919270082199,4.4625935255639035,4.433951921341223,4.429072613616978,31.915999999999997,31.932545454545455,31.805043293060372,4.476957358623116,4.457933550895767,4.449810989347814,31.363,31.659904761904762,31.700775137542553,4.418616296047344,4.447723504799424,4.455082398719503,31.586333333333336,31.57156989247312,31.77273763081373,4.463016110686798,4.446021774567398,4.465875469307836,32.29216666666667,31.740666666666666,32.25942606054891,4.514329813077357,4.4717425152650865,4.5141033019600885,7.4570744332100105
2014-05-28,sz000901,31.75,32.36,32.36,31.53,39799,55849498.0,2.62,2.28,0.72,1.59,4.599872160014945,0.28722943513153965,32.022000000000006,32.025333333333336,32.03279513388133,4.4934004311296025,4.479711466158238,4.486005795749634,31.985000000000003,32.01327272727273,31.90594451250394,4.490549306452669,4.480281696603373,4.477094838560019,31.452499999999997,31.754857142857144,31.763558457776597,4.422617192331021,4.464985968034434,4.468871899795259,31.590666666666667,31.62148387096774,31.810625525599942,4.456847009109617,4.4548511971046985,4.474520417095392,32.24883333333334,31.74289071038251,32.26272356676042,4.514373228062477,4.474547182377794,4.516915395666804,7.7470192738382035
2014-05-29,sz000901,32.38,32.11,32.99,32.09,59342,84832435.0,2.78,-0.77,-0.25,2.37,4.773362179229334,0.17349001921438933,32.004000000000005,32.05466666666667,32.05853008925422,4.5239041309349375,4.573032048858148,4.5817912569095345,32.012,32.036,31.94304551023049,4.50228721018795,4.531702218926403,4.530961627772621,31.517500000000002,31.817476190476196,31.796552890369302,4.445171234673908,4.498390252500941,4.497870974027076,31.583000000000002,31.65498924731183,31.829940007819303,4.456251971940932,4.475271530660809,4.493800530781453,32.182,31.738338797814205,32.2577162367027,4.51392372955301,4.483038623399658,4.52532348693115,7.928561933014703
2014-05-30,sz000901,32.31,32.83,32.96,32.05,63455,90819240.0,2.83,2.24,0.72,2.53,4.8024658484457845,0.029103669216450356,32.188,32.33,32.31568672616948,4.589190468808405,4.6658859546950975,4.6553494540882845,32.106,32.18472727272727,32.10430996291585,4.539817654739931,4.5862801531551005,4.580326031531378,31.631500000000006,31.942476190476192,31.894976424619845,4.466768872616268,4.532418310955405,4.526880009686,31.598666666666666,31.735440860215054,31.894460007314834,4.468423949178316,4.497607909790154,4.513714422243668,32.1185,31.75958469945355,32.27647963877802,4.512004739101389,4.492499020740405,4.534410121734909,7.958177863286295
2014-06-03,sz000901,33.08,32.61,33.37,32.58,48392,69920491.0,2.41,-0.67,-0.22,1.93,4.684773571499294,-0.11769227694649054,32.31,32.470666666666666,32.41379115077966,4.634623296814553,4.6977469889253936,4.665157493225288,32.158,32.27636363636364,32.196253606022054,4.5590231625250865,4.612635774384076,4.599316493343726,31.722499999999997,32.03566666666667,31.963073907989383,4.490423497376275,4.553180663229979,4.541917491763456,31.619666666666664,31.800688172043007,31.940623877810655,4.480161048219271,4.511565949939895,4.524750496389192,32.064,31.775699453551912,32.28741473258857,4.509691105456403,4.498163572622304,4.539340070907511,7.844604469366648
2014-06-04,sz000901,32.52,32.16,32.52,31.87,30170,42547185.0,1.99,-1.38,-0.45,1.21,4.4795753101749884,-0.20519826132430552,32.414,32.42066666666666,32.32919410051977,4.668009813872869,4.646064326712206,4.603296765541855,32.205,32.27672727272727,32.18966204129077,4.565301669718386,4.598190710320421,4.577545369131228,31.783000000000005,32.077333333333335,31.981828773895153,4.4975782755371245,4.552147502544141,4.535980141135983,31.61366666666667,31.835548387096775,31.95477717601642,4.481088878731783,4.511528160388652,4.52183596824634,32.016666666666666,31.778846994535513,32.283237200372554,4.506128948005387,4.497176169498322,4.537380570555625,7.628870831649552
2014-06-05,sz000901,32.2,32.56,32.65,31.73,36018,50930082.0,2.86,1.24,0.4,1.44,4.556519593739518,0.07694428356452931,32.454,32.46933333333333,32.406129400346515,4.659339300617784,4.608900920001088,4.587704374941076,32.238,32.341272727272724,32.25699621560153,4.576369865873692,4.596593969233354,4.573722500878189,31.8815,32.151333333333326,32.036892700190855,4.517361328690102,4.557760961420561,4.537936279479177,31.654666666666667,31.896602150537632,31.993823809821816,4.4847601381156865,4.516394658131086,4.524073621503964,31.973,31.796661202185792,32.29231139052427,4.506441881917221,4.4988283218174745,4.5380080795124735,7.706974375412755
2014-06-06,sz000901,32.47,32.25,32.52,32.09,30552,43276592.0,1.32,-0.95,-0.31,1.22,4.485039645365261,-0.07147994837425653,32.482000000000006,32.40133333333333,32.35408626689768,4.601674793844969,4.550801034916915,4.553482798415804,32.242999999999995,32.34345454545454,32.25572417640125,4.562789462389953,4.579988474595458,4.557598345330383,31.968,32.18642857142857,32.05718863350601,4.532724946318132,4.5546827058658135,4.532898504801661,31.697333333333333,31.935010752688168,32.010351305962345,4.4878857793501545,4.516412690856864,4.521555300462758,31.959999999999997,31.805743169398905,32.29092413181855,4.501893124375616,4.4981266091436405,4.536271409540433,7.636253053071936
2014-06-09,sz000901,32.2,32.25,32.56,32.0,24138,34249876.0,1.74,0.0,0.0,0.96,4.382701282954905,-0.10233836241035643,32.366,32.324,32.31939084459846,4.517721880746794,4.477809864620226,4.496555626595505,32.277,32.344727272727276,32.25468341705557,4.553456174777599,4.547245169243631,4.525798879443933,32.0655,32.21328571428572,32.07555162079115,4.541854437484687,4.5403947379264595,4.518594007482923,31.708666666666666,31.970666666666666,32.02581251202929,4.4859413239058705,4.509626594315235,4.512596976752574,31.957833333333333,31.815251366120222,32.289582357004825,4.4981898900164206,4.494218679916731,4.531236323422874,7.534659003489372
2014-06-10,sz000901,32.09,32.45,32.56,31.96,35943,50935610.0,1.86,0.62,0.2,1.44,4.555614322886235,0.17291303993133056,32.334,32.352,32.36292722973231,4.491890031024181,4.490440678666706,4.516241858692416,32.322,32.37618181818182,32.29019552304546,4.563256663919367,4.5476375598088365,4.531219869160715,32.146,32.24990476190476,32.111213371191994,4.544250453996254,4.541705203202796,4.522119751807048,31.698333333333334,32.01849462365591,32.053179446737076,4.471954762720617,4.514121626507517,4.515372289406359,31.953666666666667,31.83138797814208,32.29484195185712,4.499880564528229,4.496101448207544,4.532035602093804,7.7070215115947445
2014-06-11,sz000901,32.43,32.92,32.94,32.36,52881,75985388.0,1.79,1.45,0.47,2.11,4.723299659230525,0.16768533634428984,32.486000000000004,32.547333333333334,32.54861815315488,4.540634900835289,4.567577221402155,4.5852611255384526,32.45,32.48490909090909,32.40470542794628,4.6043223573540795,4.576736286229048,4.566143467355226,32.183,32.323619047619054,32.18824066917371,4.540639857988597,4.558757508463203,4.541279742990236,31.72533333333333,32.097311827956986,32.1091033533992,4.4805183164829225,4.53033742628235,4.528786958427273,31.9465,31.863071038251366,32.315338937042135,4.502508893568009,4.503426664427292,4.5383065547868116,7.880730085424341
2014-06-12,sz000901,32.83,32.9,33.26,32.63,52451,75993001.0,1.91,-0.06,-0.02,2.1,4.719753772612358,-0.0035458866181672377,32.554,32.68533333333333,32.665745435436584,4.573281736609856,4.627283511994511,4.630092007896421,32.504000000000005,32.56672727272728,32.4947589865015,4.616310518613821,4.597723816276008,4.594072613765613,32.2445,32.39190476190477,32.25602727210955,4.553429912533245,4.57581597652261,4.558277269620914,31.802999999999997,32.17309677419355,32.16012894350248,4.487181634425287,4.545771971839088,4.541107398052117,31.943499999999997,31.894333333333332,32.33450815222108,4.508284377618308,4.510549447346779,4.544255643895846,7.88077359534592
2014-06-13,sz000901,32.87,33.21,33.5,32.74,51404,74962643.0,2.31,0.94,0.31,2.05,4.7109969149162225,-0.008756857696135434,32.746,32.904,32.8471636236244,4.618473190520049,4.673188571429966,4.657060310236355,32.614,32.69509090909091,32.62480280713759,4.610073992182509,4.614939524694627,4.615331577611179,32.313,32.48385714285715,32.34688181762293,4.556180601185229,4.59082235770194,4.572821997744278,31.883,32.26387096774193,32.22786256005071,4.500138820510108,4.560211667354632,4.55206801204335,31.933833333333332,31.93585792349727,32.36321280296793,4.511821800902064,4.517195760045071,4.549722570814547,7.874844890314092
2014-06-16,sz000901,33.46,33.3,33.52,33.05,45434,66450867.0,1.42,0.27,0.09,1.81,4.657380973694551,-0.0536159412216719,32.956,33.08866666666667,32.99810908241626,4.673409128667979,4.686157832488133,4.657167198055754,32.661,32.819818181818185,32.74756593311257,4.595565504707386,4.623540794060452,4.62297692235361,32.3835,32.57785714285714,32.43765497784932,4.567691579723658,4.600460488417114,4.580875233549065,31.974666666666668,32.35529032258065,32.29703271746679,4.509701083313306,4.570356322398789,4.558862396666008,31.928166666666662,31.980650273224043,32.39392713729685,4.513883008409642,4.521968191939908,4.55325235451553,7.822500651657373
2014-06-17,sz000901,33.3,32.58,33.37,32.43,47166,68008733.0,2.82,-2.16,-0.72,1.88,4.673629046659358,0.01624807296480757,32.982000000000006,32.96333333333333,32.85873938827751,4.697012073422603,4.68623113848526,4.662654480923623,32.658,32.80509090909091,32.717099399819375,4.594451052223392,4.637734165324447,4.632186399500109,32.408,32.59657142857142,32.45121164662557,4.57673710737424,4.610549770982419,4.58970893003576,32.03433333333333,32.394344086021505,32.315288671178614,4.525099348991981,4.580932320034019,4.566266696665579,31.906000000000002,32.0020218579235,32.400027886893675,4.513646291537922,4.527205766964488,4.557199131307131,7.832564684032563
2014-06-18,sz000901,32.7,32.45,33.21,32.43,36562,52596575.0,2.39,-0.4,-0.13,1.46,4.563029944315808,-0.11059910234355019,32.888,32.785999999999994,32.722492925518345,4.6649581304396595,4.6415704287829955,4.629446302054351,32.687,32.767272727272726,32.66853587257949,4.602796515637474,4.632021236613977,4.619612498557509,32.446000000000005,32.60057142857142,32.451096251708854,4.5840490926779305,4.609244326881616,4.587168074252907,32.08433333333333,32.42116129032258,32.32397972465097,4.532651022237242,4.583379455216201,4.566057873933336,31.892500000000002,32.01985792349727,32.40166631683159,4.511287561848719,4.52882490312114,4.557390305504137,7.720957464552411
2014-06-19,sz000901,32.31,31.28,32.67,30.79,37248,52122757.0,5.79,-3.61,-1.17,1.49,4.571102958633776,0.008073014317967697,32.56400000000001,32.25,32.241661950345566,4.635227967643943,4.610285371514367,4.60999852091416,32.559000000000005,32.51145454545454,32.41607480483776,4.6042548521269,4.626258771704214,4.610792582207739,32.3985,32.4895238095238,32.33956327535563,4.590312359000296,4.608011361734553,4.585638063241561,32.10733333333334,32.36926881720429,32.25662619402833,4.546325836502367,4.5858602253063,4.566383363268849,31.853666666666665,31.999775956284154,32.364890372017435,4.510031405405747,4.530786063671469,4.557839900688715,7.717027379377837
2014-06-20,sz000901,31.28,31.49,31.6,31.15,22596,31085418.0,1.44,0.67,0.21,0.9,4.35403156606429,-0.21707139256948604,32.220000000000006,31.892,31.991107966897047,4.563834897873557,4.516553237654483,4.52467620263087,32.483000000000004,32.31709090909091,32.24769756759453,4.591154044196803,4.580763628783739,4.564108761090748,32.363,32.403,32.25865248722652,4.576971753293378,4.585508429073982,4.56358030160563,32.13966666666667,32.32944086021506,32.20716643957489,4.552201312277688,4.573454143342553,4.552683247320168,31.82266666666667,31.98785245901639,32.33620544178736,4.50783823039506,4.5256713148406025,4.551157660209226,7.492556711622878
2014-06-23,sz000901,31.55,31.78,32.05,31.51,21868,30516651.0,1.71,0.92,0.29,0.87,4.339809065219519,-0.01422250084477028,31.916000000000004,31.74533333333333,31.920738644598035,4.50032051617855,4.441877960103137,4.463053823493754,32.436,32.18927272727273,32.16266164621371,4.586864822423264,4.53506454169696,4.52332699820507,32.3565,32.34747619047619,32.21306653606209,4.570160498600432,4.562921506400281,4.5422687552831436,32.189,32.30623655913978,32.17960731444103,4.556857899130879,4.559751417725897,4.538949429120127,31.79366666666667,31.98645355191257,32.317969197794326,4.505794582345222,4.520162161884026,4.544228198078416,7.484536870959605
2014-06-24,sz000901,31.73,32.72,32.92,31.73,42992,61225987.0,3.74,2.96,0.94,1.72,4.6333876490890935,0.29357858386957414,31.944000000000006,32.013333333333335,32.18715909639869,4.492272236664498,4.486233671073318,4.519831765358867,32.463,32.24090909090909,32.26399589235667,4.59464215504355,4.543523237454384,4.543338025638528,32.3925,32.38209523809524,32.26134591357999,4.578949409481458,4.568943139780153,4.5509467451694245,32.25166666666667,32.34049462365592,32.21447135867064,4.561047687678685,4.564688820949008,4.545042217505221,31.779833333333336,32.01682513661202,32.33115053557156,4.508715644085688,4.524345541121531,4.54715145876729,7.786935794943319
2014-06-25,sz000901,32.67,33.05,33.52,32.47,89506,130332321.0,3.21,1.01,0.33,3.58,4.951852149053914,0.3184644999648203,32.064,32.382,32.47477273093246,4.570036677612118,4.639426975203124,4.6638385599238825,32.476,32.34763636363636,32.40690573011,4.6174974040258885,4.608470509092632,4.617613320804962,32.463,32.44471428571429,32.33645582657237,4.6109098806899835,4.604457686406102,4.589128212206043,32.28066666666667,32.391999999999996,32.2683764323048,4.566259040001028,4.589902012005473,4.571288019540622,31.798833333333334,32.05846994535519,32.35471937047085,4.5097129952951,4.538874606858195,4.560420333858655,8.115052129383457
2014-06-26,sz000901,32.81,33.01,33.26,32.74,53356,77352050.0,1.57,-0.12,-0.04,2.13,4.727183263879961,-0.22466888517395311,32.410000000000004,32.697333333333326,32.65318182062164,4.601252738661356,4.691809170625737,4.684953461242576,32.486999999999995,32.44472727272727,32.51655923372636,4.618240353152649,4.628413392702463,4.637535128636779,32.4955,32.49680952380952,32.400602890708335,4.617275435883235,4.615531341948004,4.602276312365463,32.32533333333333,32.43905376344086,32.316223114091585,4.575033392739713,4.600284219997663,4.581345777239934,31.84283333333333,32.09818032786885,32.37620398127508,4.508394234926036,4.546004779598681,4.565887970908534,7.888471827949934
2014-06-27,sz000901,33.05,33.43,33.52,32.92,66811,97750438.0,1.82,1.27,0.42,2.67,4.824847972146332,0.09766470826637175,32.798,33.03733333333333,32.91212121374776,4.695416019877764,4.766340915120731,4.731584964877162,32.509,32.616181818181815,32.68263937304884,4.62962545887566,4.665978414337678,4.67159200927488,32.5615,32.58580952380952,32.49864071064088,4.619849725529084,4.635300154925441,4.623473613296975,32.37833333333334,32.510322580645166,32.388079687376,4.580662220415373,4.6164012896368005,4.597055596266154,31.88866666666667,32.15021857923497,32.4107546704136,4.515474707210722,4.556380311966559,4.574378462752397,7.990118712058257
2014-06-30,sz000901,34.38,36.73,36.73,34.38,80054,128337749.0,7.03,9.87,3.3,3.2,4.903383036874016,0.07853506472768323,33.788,34.348,34.18474747583184,4.808130814208663,4.83566325411948,4.7888509888761135,32.852,33.38363636363636,33.418523123403595,4.654225665193606,4.715752519428288,4.713735832474723,32.7565,32.98280952380953,32.90162730962746,4.624895584950496,4.662303327434483,4.650131653637645,32.53966666666666,32.7910752688172,32.66820357851303,4.596536274880308,4.637221987472841,4.6168186569505325,31.985833333333332,32.308950819672134,32.55236927138365,4.525461995945893,4.569098617857159,4.5851654979694985,8.108354417646055
2014-07-01,sz000901,40.36,40.36,40.36,40.04,309084,549173584.0,0.87,9.88,3.63,12.35,5.490076524016523,0.5866934871425071,35.316,36.538666666666664,36.243164983887894,4.979468589194149,5.062978490722101,5.022592833922917,33.63,34.74872727272727,34.680609828239305,4.735870412929323,4.867725402850637,4.854888685482322,33.144,33.70695238095238,33.611948518234364,4.665160732576358,4.744701512107437,4.730126403197538,32.81533333333333,33.2956129032258,33.16444850893154,4.629781542559267,4.694869745481629,4.673157874180596,32.1505,32.58351366120218,32.80835716412516,4.54493732121386,4.600725323695541,4.614834711938253,8.739709638908952
2014-07-02,sz000901,40.8,44.34,44.34,40.65,405881,768096032.0,9.14,9.86,3.98,16.21,5.608398721708296,0.11832219769177321,37.574,39.54666666666667,38.9421099892586,5.110777903725025,5.272621868226817,5.21786146318471,34.819,36.696,36.43686258674125,4.840407290668572,5.026366913537723,4.9918905102506805,33.753,34.7732380952381,34.633667706973945,4.721601903153024,4.834533701548574,4.813771385912848,33.237,34.039139784946244,33.88545183093596,4.669501825341476,4.758006337684793,4.733495993375932,32.381499999999996,32.9831693989071,33.18644381448171,4.56690411975166,4.635592910596998,4.647410581111041,8.885415521542448
2014-07-03,sz000901,46.02,48.73,48.73,45.35,684066,1430953952.0,7.62,9.9,4.39,27.32,5.835098005306388,0.22669928359809166,40.718,43.26533333333334,42.204739992839066,5.332360852010311,5.514061902087271,5.423606977225269,36.564,39.22527272727273,38.671978480061014,4.966806795335833,5.207219770744598,5.145200963897172,34.5615,36.199619047619045,35.976175544404995,4.785530823731366,4.940580949372704,4.911040587759851,33.787,35.03868817204301,34.84316461603687,4.715810504445476,4.833206091230916,4.804567090919833,32.67933333333333,33.519185792349724,33.696068607449526,4.593317453301102,4.677173037992235,4.686351152396134,9.155625658418007
2014-07-04,sz000901,47.61,47.79,48.4,46.31,448175,937235056.0,4.29,-1.93,-0.94,17.9,5.651447627154724,-0.18365037815166385,43.59,45.62266666666666,44.06649332855938,5.4976807830119885,5.620424160468741,5.499553860535087,38.193999999999996,41.26636363636363,40.329800574595374,5.096548401444876,5.331699921984397,5.237245811762181,35.338499999999996,37.45947619047619,37.10130168303309,4.84385122282084,5.023049216365405,4.981555543892696,34.306666666666665,35.94210752688171,35.678444318228046,4.750163969343877,4.893569776566996,4.8592045448704715,32.94733333333333,34.0146174863388,34.15816471868069,4.609455961562298,4.711865830577599,4.717993659765268,8.971848524421965
2014-07-07,sz000901,47.52,52.52,52.52,47.52,381369,866179792.0,10.46,9.9,4.73,15.23,5.581345388038495,-0.07010223911622848,46.748000000000005,48.599333333333334,46.88432888570626,5.6332732532448855,5.648312362144243,5.526817703036223,40.268,43.87109090909091,42.54620047012348,5.220702033726774,5.419844828637781,5.299809371085146,36.352,39.09580952380953,38.569749141791846,4.903783428075019,5.0932867559099435,5.038678386192297,34.99366666666666,37.11716129032258,36.76499629769721,4.787007676975879,4.947194384224714,4.905794276687764,33.29383333333333,34.65634426229508,34.76019210495345,4.627040689398295,4.743731057675179,4.746300273807013,8.937608047408988
2014-07-08,sz000901,54.96,57.72,57.72,53.91,707548,1746865872.0,7.25,9.9,5.2,28.26,5.849755907698823,0.2684105196603275,50.220000000000006,52.25666666666667,50.49621925713751,5.705209129981346,5.720473246962223,5.63446377125709,42.768,47.044181818181826,45.30507311191921,5.342338859587747,5.534218260269064,5.399799650469451,37.6155,41.13085714285714,40.393582556859286,4.968490507315648,5.183379373016972,5.115923864431013,35.851,38.58337634408602,38.116932020426425,4.833412559516889,5.015758786206839,4.966695027075574,33.72433333333333,35.45720218579235,35.51297269167629,4.6495523808399915,4.7838200812260165,4.782479147049368,9.242259560228192
2014-07-09,sz000901,55.83,62.11,63.43,55.16,620006,1659762656.0,14.33,7.61,4.39,24.76,5.792395892327742,-0.057360015371080486,53.774,56.22,54.36747950475834,5.742008564105234,5.7495355010776885,5.687107811613975,45.674,50.56090909090909,48.36051436429753,5.42639323391513,5.616046811676334,5.471180785352776,39.075,43.46366666666667,42.46181278953935,5.02194531897051,5.261846552541935,5.18034977184975,36.86666666666667,40.27750537634408,39.664871890076334,4.882737665098365,5.077628678646248,5.019966050640231,34.2265,36.38787978142077,36.38500637391641,4.672876887892581,4.821290360291189,4.815591171484724,9.220045988908057
2014-07-10,sz000901,60.58,60.0,63.45,59.33,453568,1232336240.0,6.63,-3.4,-2.11,18.12,5.656642406745403,-0.13575348558233902,56.028,58.29533333333334,56.24498633650557,5.706317444393038,5.721080115291079,5.676952676657785,48.373000000000005,53.16563636363636,50.4767844798798,5.5193391482016745,5.657910297645476,5.504901080151435,40.43,45.4565238095238,44.132116333392744,5.068789750677162,5.322293894234781,5.225710975173145,37.788,41.76997849462365,40.97681563910368,4.917963339989381,5.127558016817025,5.061041944582501,34.68933333333334,37.232912568306006,37.15926846001751,4.6874051745494985,4.853544967466692,4.843166621821139,9.090729220209251
2014-07-11,sz000901,58.66,62.62,64.62,57.13,492043,1314654576.0,12.48,4.37,2.62,19.65,5.692003057740331,0.03536065099492802,58.99400000000001,60.49266666666666,58.36999089100371,5.714428530510159,5.716308653073509,5.681969470351968,51.291999999999994,55.75599999999999,52.684641847174376,5.606054656761073,5.6893037357434135,5.538919621531234,41.9005,47.569857142857146,45.892867158783915,5.117840057818367,5.381647542526511,5.270119744941448,38.805,43.37204301075269,42.37315011400022,4.948584702606414,5.177496063123539,5.101749113173328,35.193999999999996,38.148672131147535,37.99404654329562,4.702418337273673,4.886482602981145,4.870997324638162,9.118811657431387
2014-07-14,sz000901,61.03,59.62,61.48,58.9,332255,884047056.0,4.12,-4.79,-3.0,13.27,5.52147152522371,-0.17053153251662145,60.414,60.70133333333333,58.78666059400247,5.702453757947202,5.651989651311359,5.628470155309215,53.580999999999996,57.27018181818181,53.94561605677903,5.667863505596044,5.673924984554802,5.535747240384412,43.2165,49.25742857142857,47.200213143661635,5.1610445853948255,5.420088634660353,5.294058009730235,39.69799999999999,44.714946236559136,43.485850106645366,4.972551558499012,5.2144565032923955,5.1288279784669015,35.648333333333326,38.94952459016393,38.70309419761379,4.720487753838664,4.913336805864752,4.892324347608179,8.946475382227149
2014-07-15,sz000901,59.24,59.6,61.35,56.6,341365,894283952.0,7.97,-0.03,-0.02,13.63,5.533218991043271,0.01174746581956132,60.79,60.43,59.05777372933498,5.639146374616091,5.595578062343383,5.596719767220568,55.504999999999995,58.36454545454546,54.97368586463738,5.672177752298718,5.649444163727025,5.535287558686022,44.5675,50.81776190476191,48.38114522521767,5.204024082614021,5.455533816150682,5.316835246045762,40.59766666666667,45.998946236559135,44.52547268041018,5.000833072483811,5.250628595714606,5.1549177212137645,36.108666666666664,39.73482513661203,39.38823865015104,4.740497060351541,4.939983731674739,4.913337286737198,8.95147543737157
2014-07-16,sz000901,58.68,56.33,58.75,55.43,245117,619864336.0,5.57,-5.49,-3.27,9.79,5.389373432631774,-0.14384555841149727,59.634,58.943333333333335,58.14851581955666,5.558541882676898,5.512320415015277,5.527604322357638,56.70399999999999,58.514545454545456,55.220288434703306,5.650275223391066,5.598025196514853,5.508757717585249,45.7615,51.937999999999995,49.13817901329218,5.2453412570298195,5.473186135199992,5.323743644768239,41.40333333333333,47.01393548387098,45.287055088125655,5.031159676565704,5.275695715724153,5.170043896143959,36.508500000000005,40.39781967213114,39.943706235391986,4.756124277648743,4.961258366831468,4.928945029225544,8.792296649863486
2014-07-17,sz000901,55.88,54.63,57.63,52.97,323589,789482608.0,8.27,-3.02,-1.7,12.92,5.509993749897904,0.12062031726613043,58.56,57.27533333333334,56.97567721303778,5.529212151307398,5.496137704088946,5.521734131537727,57.294,58.137454545454545,55.112963264757255,5.617764797850218,5.572519474061551,5.508982450733004,46.928999999999995,52.78261904761905,49.66120958345483,5.292285796593026,5.4983911345207614,5.3414817500186835,42.139,47.867268817204305,45.88982572760142,5.06294214843765,5.306588236584294,5.191976144773246,36.89683333333333,40.991967213114755,40.42522406373979,4.773851143276668,4.98597539870849,4.947995806952507,8.897342567108307
2014-07-18,sz000901,55.07,54.87,55.66,53.66,238259,575203296.0,3.66,0.44,0.24,9.52,5.377049314668238,-0.1329444352296667,57.010000000000005,56.04533333333334,56.27378480869186,5.466221402692979,5.445416758542559,5.473505859247897,58.001999999999995,57.696727272727266,55.068788125710476,5.590324966601569,5.528753022573918,5.484994607812138,48.098,53.53890476190475,50.15728486122103,5.343436684023223,5.506463850527925,5.344869137128165,42.893,48.68862365591398,46.46919180969165,5.0926758040810824,5.326853215050784,5.203916349282601,37.29516666666667,41.58125136612022,40.89882327476471,4.7902807917156185,5.005752387934443,4.9620631350743345,8.7598213659536
2014-07-21,sz000901,54.98,59.4,60.11,53.21,437046,1090776528.0,12.58,8.26,4.53,17.46,5.640527149773148,0.2634778351049105,56.96600000000001,56.842,57.31585653912791,5.490032527602867,5.5035186742359485,5.529179622756314,58.69000000000001,57.95090909090909,55.85628119376311,5.596243142775035,5.537880692241478,5.513273251805048,49.479,54.61528571428572,51.037543445866646,5.408472588250905,5.534758180599347,5.373027043094353,43.798,49.75359139784946,47.30343749938896,5.134603332975024,5.3621984631599515,5.2320847880239265,37.75333333333333,42.306,41.505419232969146,4.810272328440447,5.033629317706821,4.984307856867738,9.037735783954451
2014-07-22,sz000901,56.55,56.66,57.87,55.45,323633,808367536.0,4.07,-4.61,-2.74,12.93,5.51005279905641,-0.13047435071673785,56.378,56.739999999999995,57.09723769275194,5.485399289205494,5.510192098053796,5.522804014856346,58.584,57.58181818181818,56.00241188580618,5.562272831910794,5.5222097206562735,5.512687714941658,50.676,55.29919047619047,51.573015498641254,5.452305845749271,5.544432486390347,5.38607711509074,44.605,50.583397849462365,47.907086692976776,5.166417948847363,5.386421009358748,5.250018208090539,38.151666666666664,42.925890710382525,42.00229073352753,4.81918635578399,5.05657293969423,5.00154539595589,8.907608863948706
2014-07-23,sz000901,55.77,54.94,59.24,54.94,311448,787153648.0,7.59,-3.04,-1.72,12.44,5.4933855463459675,-0.01666725271044278,56.1,56.26066666666667,56.37815846183463,5.506201711948334,5.5128541837672875,5.51299785868622,57.867,56.919272727272734,55.80924608838687,5.532371797312615,5.509684759644487,5.509178229742441,51.770500000000006,55.705285714285715,51.89368068924685,5.479382515613873,5.548344838828128,5.396296965686476,45.33899999999999,51.25017204301076,48.36082303536538,5.192087478417878,5.407515693068336,5.265719326687663,38.53216666666667,43.47632786885246,42.4264779225922,4.8363028974504,5.078677831188065,5.017671302526057,8.896059512493268
2014-07-24,sz000901,53.44,51.62,54.49,49.56,259970,598674048.0,8.97,-6.04,-3.32,10.38,5.414923234177824,-0.07846231216814381,55.498000000000005,54.76733333333333,54.79210564122309,5.487187608804318,5.48242802451045,5.480306317183421,57.028999999999996,55.78345454545454,55.04756498140743,5.508199880055858,5.488330475438161,5.492040957821602,52.701,55.690952380952375,51.867615861699534,5.513769514128766,5.542205859643741,5.398070896018985,45.963,51.655397849462354,48.57109251695471,5.215259793803394,5.421892193439944,5.275345385235416,38.883,43.905437158469944,42.72790487594983,4.8512207141143415,5.097648989769292,5.030695956022836,8.777190432265142
2014-07-25,sz000901,51.49,52.14,52.63,50.66,142673,326556768.0,3.82,1.01,0.52,5.7,5.154341793293526,-0.26058144088429813,54.952,53.648,53.90807042748206,5.442646104529375,5.3714794193401865,5.3716514758867895,55.980999999999995,54.89454545454545,54.51891680296971,5.454433753611178,5.423992641481373,5.430641109725588,53.6365,55.637523809523806,51.89355720820434,5.530244205186126,5.507974648135623,5.374858600521322,46.594,52.05391397849462,48.801344612635056,5.230037956415971,5.417961999858663,5.267538701884326,39.2385,44.34009289617486,43.03649815870557,4.86508838846304,5.107587385807954,5.034749917900562,8.513958689090787
2014-07-28,sz000901,52.39,54.45,55.32,51.89,266576,632318512.0,6.58,4.43,2.31,10.65,5.425821047040522,0.2714792537469961,53.962,53.48066666666667,54.08871361832138,5.399704883982849,5.365871066843902,5.389707999604701,55.464,54.61618181818182,54.506386475157036,5.444868705792858,5.4187903311958,5.429764734691939,54.522499999999994,55.714999999999996,52.137027950280114,5.556366105694451,5.49802958545509,5.379712166856484,47.299,52.56075268817205,49.165773992465056,5.255652625527503,5.430593166995732,5.2777504660879515,39.636833333333335,44.8388306010929,43.41071133382997,4.882676854420405,5.125972063138362,5.047571922134659,8.800935896571659
2014-07-29,sz000901,54.51,55.23,56.75,53.98,263453,647518688.0,5.09,1.43,0.78,10.52,5.420703148348274,-0.005117898692247991,53.676,53.903333333333336,54.469142412214254,5.3818349538412225,5.372870488299043,5.400039715852559,55.027,54.57363636363637,54.637952570583025,5.433617121523358,5.414396593478602,5.428117173538545,55.266,55.782380952380954,52.431596716920104,5.552897436911038,5.485109303803073,5.383616069855702,48.053999999999995,53.07243010752689,49.55701438004796,5.280555095583801,5.441241587822878,5.2869732197821655,40.04416666666667,45.350081967213114,43.79822899501587,4.9028272222878915,5.143612269496654,5.059805732830187,8.81125230708249
2014-07-30,sz000901,55.21,60.67,60.7,53.98,517318,1346488704.0,12.17,9.85,5.44,20.66,5.713757589881481,0.29305444153320703,54.822,56.23466666666666,56.53609494147618,5.4259093625483255,5.48351136697913,5.504612340528866,55.461,55.59963636363637,55.73468846684065,5.466055537248329,5.465331224089171,5.480051794691805,56.082499999999996,56.29704761904762,53.21620655340391,5.558165380319697,5.500429318371686,5.415058119381966,48.994666666666674,53.88636559139783,50.27398119423842,5.318912683769323,5.469190135842084,5.314507695272444,40.5395,46.026338797814205,44.351401814851414,4.925781853003282,5.170200150401362,5.081246777323671,9.129202714367622
2014-07-31,sz000901,59.46,60.58,62.55,58.12,432998,1152076384.0,7.3,-0.15,-0.09,17.3,5.636485890369602,-0.07727169951187918,56.61400000000001,58.154,57.88406329431746,5.470221893786681,5.553703542919554,5.548570190475778,56.056,56.53036363636364,56.61565420014235,5.478704751295499,5.496318561020311,5.508494357542313,56.675,56.725380952380945,53.91752021498449,5.548234774572859,5.507888414566916,5.4361464785236455,49.971333333333334,54.633806451612905,50.93888563331981,5.354425448160516,5.489678729816294,5.335280482052906,41.03933333333334,46.68340437158469,44.883487001249726,4.9503756423314424,5.1935019221182905,5.099451338407144,9.061481274269461
2014-08-01,sz000901,59.91,57.11,61.01,57.09,254804,663581696.0,6.47,-5.73,-3.47,10.18,5.406206241419562,-0.23027964895003983,57.608000000000004,58.31933333333333,57.62604219621164,5.520594783411888,5.532364992130515,5.501115540790373,56.279999999999994,56.722,56.70553525466192,5.481620443970631,5.48313701377014,5.489896518247267,57.141,56.76680952380953,54.2215659087955,5.535972705286101,5.4943618875999345,5.4332950273708756,50.82533333333333,55.09436559139784,51.33702204407338,5.389497937339026,5.4930194261555885,5.339856337495917,41.482499999999995,47.21031147540984,45.284356279897274,4.970849624808357,5.208447187662164,5.10950887621083,8.821894398093988
2014-08-04,sz000901,57.67,59.15,61.61,56.66,265611,701658032.0,8.67,3.57,2.04,10.61,5.42424605691728,0.01803981549771816,58.548,58.833333333333336,58.13402813080776,5.52027978538724,5.500248749965646,5.475492379499342,56.254999999999995,57.24381818181818,57.14998339017792,5.459992334685045,5.472705307033167,5.477960070732723,57.47249999999999,56.95814285714286,54.69094058414831,5.52811773873004,5.48372125442195,5.43243322066101,51.73766666666666,55.63144086021505,51.841085138004125,5.425645837062285,5.495261240321926,5.345300835523102,41.96333333333333,47.78957377049181,45.738967549408834,4.991251868096582,5.22331264445262,5.119828128037271,8.846125501018067
2014-08-05,sz000901,59.15,58.77,60.02,57.65,206839,538156848.0,4.01,-0.64,-0.38,8.26,5.315632429431052,-0.1086136274862275,59.25599999999999,58.907333333333334,58.346018753871846,5.499265641603795,5.432032964646917,5.422205729476579,56.46600000000001,57.701090909090915,57.44453186469103,5.440550297722508,5.446458051532442,5.44844595413242,57.525,57.081714285714284,55.07942243327704,5.501411564816651,5.463484558298239,5.421309335781967,52.606,56.08513978494623,52.28811190329418,5.448387329740351,5.488163601119912,5.3433867448074865,42.42883333333334,48.340612021857936,46.16621451500198,5.0047175087095175,5.233948072693095,5.126247941197723,8.730908871007035
2014-08-06,sz000901,58.07,58.81,59.87,57.67,192045,501728384.0,3.74,0.07,0.04,7.67,5.283403004546355,-0.032229424884697266,58.884,58.75866666666668,58.5006791692479,5.41319472453677,5.360078752294437,5.375938154499838,56.852999999999994,58.12727272727273,57.69279879838357,5.419552043542548,5.417885816409505,5.418438145116771,57.36,57.20409523809524,55.434715534869696,5.475961920427581,5.442721838272497,5.408175399473813,53.46466666666666,56.48539784946238,52.708878877275204,5.45943902492343,5.477519451107396,5.3395168260809625,42.87266666666666,48.87769945355191,46.580764858772405,5.0128490324622295,5.243085302064793,5.131400566225546,8.700468670822216
2014-08-07,sz000901,59.02,58.07,60.0,58.03,167830,437334816.0,3.35,-1.26,-0.74,6.7,5.224869594573257,-0.05853340997309786,58.382000000000005,58.48733333333334,58.35711944616527,5.330871465377501,5.297303708973265,5.325581967857645,57.498000000000005,58.34854545454546,57.761380835041095,5.4005466795820904,5.382489007505997,5.383243863199768,57.2635,57.27171428571428,55.68569500773925,5.454373279818975,5.418808283429228,5.390717703768998,54.3,56.78251612903225,53.05475765938649,5.476028569279874,5.462385939471901,5.33212023049982,43.31266666666667,49.37597267759563,46.95746109291102,5.025530981009793,5.2500367959044985,5.134465124532028,8.640814052681703
2014-08-08,sz000901,57.9,57.49,58.77,56.8,154807,395352768.0,3.39,-1.0,-0.58,6.18,5.189790594542224,-0.03507900003103348,58.458000000000006,58.18999999999999,58.06807963077685,5.287588336002034,5.2502767520281735,5.280318176752505,58.032999999999994,58.34709090909092,57.71203886503362,5.404091559706961,5.3441697193169295,5.348070541625669,57.007000000000005,57.293285714285716,55.857533578430754,5.429262656659069,5.39360993245049,5.371581788604543,55.102,56.98832258064517,53.34090232652285,5.488193323359737,5.443918973359795,5.322937673341266,43.74016666666667,49.840803278688526,47.30279023740574,5.034427771887556,5.2554223570039245,5.136279074368427,8.596984783788427
2014-08-11,sz000901,58.12,58.41,59.82,57.92,129801,335753904.0,3.3,1.6,0.92,5.18,5.113278038325745,-0.07651255621647923,58.31,58.174,58.18205308718457,5.225394732283727,5.19217331946941,5.224638130610252,58.42900000000001,58.41563636363636,57.83894088957295,5.372837258835483,5.2912945336112545,5.305380995571136,56.9465,57.42690476190475,56.1006256185802,5.408852982314171,5.363516159275887,5.346981431435134,55.824666666666666,57.20174193548386,53.66794088610202,5.495189823408128,5.4197308904543755,5.309411245275748,44.182166666666674,50.32178142076503,47.666961049294066,5.045863049144217,5.258007611641241,5.135524942039158,8.526021071156986
2014-08-12,sz000901,59.44,61.37,63.11,58.46,363536,975866304.0,7.96,5.07,2.96,14.52,5.56054742434828,0.4472693860225352,58.830000000000005,59.19399999999999,59.244702058123046,5.2743777312671725,5.3038908834909275,5.336607895189595,59.043000000000006,58.95036363636363,58.48095163692332,5.386821686435484,5.325423654613581,5.351774891712434,57.035000000000004,57.84819047619048,56.60247079776304,5.410219403979421,5.377963248993421,5.367321049807815,56.525,57.55950537634409,54.16484792570835,5.4975388534191865,5.42394750986987,5.32561357940946,44.67016666666667,50.885316939890714,48.11624101489098,5.063660197989227,5.274882509188916,5.149460105393556,8.98939032236722
2014-08-13,sz000901,60.58,59.4,60.9,58.68,212037,558828592.0,3.62,-3.21,-1.97,8.47,5.3264116509936335,-0.2341357733546463,58.948,59.384,59.2964680387487,5.282979460556628,5.321235523399748,5.3332091471242755,58.916,59.01527272727273,58.64805133930089,5.348087092546699,5.3144400118059725,5.347163393399925,57.1885,58.07342857142857,56.86890215035704,5.4070713148975145,5.36998155823287,5.363424916587417,57.027,57.74498924731182,54.502599672436844,5.4881392843953645,5.412907045197253,5.325665067898761,45.132,51.36826229508197,48.48620032587816,5.078820554868421,5.283497310926764,5.15526179541323,8.747278618326467
2014-08-14,sz000901,58.86,58.14,59.13,57.9,129745,335120144.0,2.07,-2.12,-1.26,5.18,5.11309063037984,-0.21332102061379388,58.962,59.11466666666667,58.91097869249914,5.260623667717944,5.2646059133408185,5.259836308209464,58.672000000000004,58.87418181818182,58.555678368518905,5.295747566547723,5.271713382321089,5.304604709214455,57.364,58.164047619047615,56.98995908841827,5.387226158921611,5.341983397802615,5.339583555996219,57.34066666666667,57.816795698924736,54.73727066131189,5.464072371897813,5.388710357841413,5.311950588058831,45.563833333333335,51.79475409836066,48.802718347980516,5.089941438171644,5.2846209199599254,5.153879134264593,8.525200533968082
2014-08-15,sz000901,58.39,58.34,59.02,57.78,85889,221973622.0,2.13,0.34,0.2,3.43,4.9339375463084965,-0.17915308407134312,59.13199999999999,58.907333333333334,58.7206524616661,5.209453058071199,5.15571053953767,5.1512033875758085,58.795,58.81381818181818,58.51646411969728,5.248520697036616,5.205929742277594,5.237210679595189,57.5375,58.257000000000005,57.11853441333082,5.365070570503624,5.298813053744223,5.300950602692627,57.69233333333333,57.88126881720431,54.969704812195,5.440155369202939,5.354508111029199,5.287562649881391,45.999500000000005,52.21364480874316,49.11541610706312,5.095159669273409,5.279506038259495,5.146667934659475,8.34630136859259
2014-08-18,sz000901,58.39,58.55,58.93,57.83,113595,292991680.0,1.89,0.36,0.21,4.54,5.055359215880294,0.12142166957179779,59.160000000000004,58.71333333333334,58.6637683077774,5.197869293582109,5.1043459254740355,5.119255330343971,58.735,58.76927272727273,58.52256155247959,5.211632012932918,5.170809472976443,5.204146777101571,57.495000000000005,58.35342857142858,57.25486446920407,5.33581217380898,5.269316734256287,5.277560946805737,57.89333333333333,57.93660215053763,55.200691598505,5.422622496797666,5.329682552750318,5.272581783171643,46.44349999999999,52.62513661202185,49.42474672650367,5.104815086886773,5.278201105361359,5.143674206174912,8.46685528799441
2014-08-19,sz000901,58.5,59.51,59.96,57.9,217115,568571072.0,3.52,1.64,0.96,8.67,5.336689828945852,0.28133061306555796,58.788,58.830000000000005,58.94584553851827,5.153097774501623,5.15061943726195,5.1917334965445985,58.80899999999999,58.91018181818182,58.70209581566511,5.213737752884398,5.193547257706068,5.228245513800531,57.6375,58.545333333333346,57.469639281660825,5.327144025303453,5.269400320459799,5.283192268914319,57.952999999999996,58.04090322580645,55.47871149537565,5.405520294172566,5.324138509663104,5.276717786124818,46.902,53.053546448087424,49.75541076825765,5.119466426844728,5.285803555920675,5.150002587249368,8.754784759697781
2014-08-20,sz000901,59.22,59.51,60.94,58.46,208075,551368816.0,4.17,0.0,0.0,8.31,5.318219903304986,-0.018469925640865803,58.81,59.07066666666666,59.13389702567885,5.151459424963893,5.20566014686307,5.233895632131395,58.879,59.037636363636366,58.84898748554418,5.2172194427602605,5.212544012327993,5.244604493710432,57.866,58.723666666666674,57.66395935007408,5.3183857431514046,5.268550404078992,5.286528234094383,57.86633333333334,58.141354838709674,55.73879462470625,5.389714427871808,5.3185062263813245,5.2793953420719255,47.366499999999995,53.46692349726776,50.07523336601969,5.1362260464850875,5.2923200633456,5.155517909087257,8.7414421998871
2014-08-21,sz000901,59.53,60.81,62.02,59.13,262571,706645888.0,4.86,2.18,1.3,10.49,5.4192467581759285,0.1010268548709421,59.34400000000001,59.73733333333333,59.69259801711924,5.212690650523112,5.294922591267082,5.295679340812907,59.153,59.38872727272727,59.20553521544523,5.2366571591205275,5.249276251494478,5.276357632704158,58.3255,59.00404761904763,57.96358226911464,5.31860191935131,5.278156215033709,5.29916809353072,57.89333333333333,58.331268817204304,56.06596916504778,5.381801239586159,5.3204115380138495,5.288418014078636,47.84066666666666,53.90769398907105,50.427192927789534,5.14988228978777,5.301599430942022,5.16416475659836,8.84920183612473
2014-08-22,sz000901,60.16,59.17,60.34,58.79,170231,446060368.0,2.55,-2.7,-1.64,6.8,5.231038650360847,-0.18820810781508168,59.510000000000005,59.67933333333334,59.51839867807949,5.272110871333581,5.301038591212994,5.274132443995554,59.32099999999999,59.39181818181819,59.19907426718246,5.24078196470239,5.248254704447264,5.268117817732647,58.677,59.08447619047619,58.078479195865626,5.322436762204676,5.269816856082238,5.292679575133588,57.77833333333333,58.41363440860215,56.266229218915676,5.366435759340176,5.310684919354151,5.284716119645231,48.291666666666664,54.279147540983615,50.71384233999315,5.157510230973296,5.304260295223107,5.166357343279097,8.649393638342454
2014-08-25,sz000901,59.15,57.29,59.15,57.22,126008,323248816.0,3.26,-3.18,-1.88,5.03,5.100398118495046,-0.13064053186580082,59.258,58.939333333333344,58.77559911871966,5.281118651856532,5.243801006933482,5.216221002162052,59.20899999999999,59.02254545454546,58.851969854967464,5.239493972719321,5.222730368773201,5.237623326962174,58.819,58.95238095238094,58.00338593911652,5.3061656157774015,5.248670318586082,5.274367055453728,57.70066666666666,58.382129032258064,56.33227894672757,5.352399979115887,5.293521200589949,5.272824635700058,48.699333333333335,54.57417486338797,50.929454066550754,5.162475768807449,5.302387766945131,5.164194745745194,8.509536942815824
2014-08-26,sz000901,57.22,55.07,57.22,54.54,138294,339983376.0,4.68,-3.88,-2.22,5.52,5.1408033382913985,0.040405219796352476,58.370000000000005,57.54333333333333,57.54039941247977,5.241941353725641,5.197029235745104,5.191081780871834,58.57899999999999,58.27,58.16433897224611,5.197519564113632,5.204786617059034,5.220019692658396,58.811,58.59533333333333,57.724015849676846,5.292170625274558,5.232921530254081,5.261646701438268,57.54966666666667,58.212408602150525,56.250841595325795,5.339319457357492,5.279869804407724,5.264307132641435,49.07366666666667,54.783049180327865,51.06520967092614,5.1700762649206515,5.301677195452801,5.163427814353265,8.531457682077626
2014-08-27,sz000901,54.94,56.22,57.36,54.76,122709,306705184.0,4.72,2.09,1.15,4.9,5.088876416899743,-0.051926921391655334,57.71200000000001,56.82666666666667,57.100266274986524,5.196072656444593,5.146007590136471,5.1570133262144715,58.261,57.841090909090916,57.81082279547408,5.173766040704243,5.185033317565599,5.1961754607022765,58.588499999999996,58.348571428571425,57.58077624494572,5.260926566625471,5.213560177075528,5.2451923886250755,57.54600000000001,58.126623655913974,56.248851814982196,5.3293028901664234,5.2637121888943215,5.252989021948423,49.47466666666666,55.01735519125683,51.23421918991217,5.180231283366065,5.299014905353756,5.160983506240035,8.48672111658753
2014-08-28,sz000901,56.33,54.47,56.33,54.09,87105,211118558.0,3.98,-3.11,-1.75,3.48,4.940043085089005,-0.14883333181073777,56.444,55.746,56.22351084999102,5.100231921827207,5.060664399684609,5.084689912505983,57.894000000000005,57.151818181818186,57.203400469024245,5.15646128617516,5.142538234726466,5.1496059378635,58.283,57.95633333333333,57.28451184066517,5.226104426361441,5.182999845500625,5.216130550193069,57.54066666666666,57.928172043010754,56.13408718175754,5.310304534672794,5.2385986530828745,5.23279896150588,49.83983333333333,55.181136612021845,51.340310364013405,5.186623341555221,5.291139882459426,5.153739558005574,8.324526410866874
2014-08-29,sz000901,54.38,56.28,56.53,54.38,86247,213298619.0,3.95,3.32,1.81,3.44,4.935743997587572,-0.004299087501433263,55.86600000000001,55.69133333333333,56.24234056666069,5.041172991272553,5.005835091604731,5.0350412741998465,57.688,56.858363636363634,57.0355094746562,5.156641931303067,5.10240781861963,5.110721948722422,58.241499999999995,57.76557142857144,57.188844046316106,5.2025813141698425,5.155346471331685,5.189427068992545,57.58766666666667,57.84683870967743,56.14350091196674,5.295594357436772,5.214433457141894,5.213634125124054,50.240333333333325,55.392289617486334,51.50226740125886,5.194135080758927,5.2829143301981905,5.146592162582033,8.328988043622795
2014-09-01,sz000901,57.13,58.05,59.62,57.13,125927,325618224.0,4.42,3.14,1.77,5.03,5.100118857143934,0.16437485955636166,56.01800000000001,56.419333333333334,56.84489371110713,5.04111713900233,5.025483713561857,5.056733801847876,57.638,56.924181818181815,57.21996229744598,5.161117895429431,5.0921308960452425,5.108794113889969,58.1865,57.74733333333333,57.2708588990479,5.186374954181174,5.145588142091123,5.180921525006964,57.54266666666667,57.876666666666665,56.266500853130175,5.277580747682465,5.201822134542356,5.2063105594479175,50.67033333333333,55.648344262295076,51.716947158594635,5.206092040328745,5.279831831063273,5.145068447649636,8.512708703223167
2014-09-02,sz000901,58.12,62.4,63.81,57.63,420274,1140536464.0,10.65,7.49,4.35,16.79,5.6235325234677305,0.5234136663237967,57.484,58.54666666666667,58.696595807404755,5.137662976037597,5.219622175050324,5.245666709054494,57.927,57.79,58.16178733427398,5.189802164881619,5.176206282961297,5.2023829156313806,58.36800000000001,58.14861904761904,57.75934852771001,5.201769958883008,5.18722219630889,5.223074953431798,57.734,58.19004301075269,56.66221047550887,5.281363405162842,5.224141603947856,5.233228105513712,51.1695,56.03292349726775,52.067211186181694,5.223890677005103,5.2935184042809444,5.16075579439777,9.057109174628746
2014-09-03,sz000901,61.93,61.01,62.13,60.27,259508,702082768.0,2.98,-2.23,-1.39,10.37,5.414150750632653,-0.2093817728350773,58.44199999999999,59.721999999999994,59.46773053826984,5.202717842784179,5.31178476658201,5.301828056247214,58.077,58.35054545454546,58.6796441825878,5.199395249614386,5.216996934916031,5.240886158358885,58.477999999999994,58.4002380952381,58.06893438221382,5.208307346187324,5.207448938380286,5.241272648403308,57.93633333333333,58.40139784946237,56.942713025476046,5.278722245305731,5.232708529462037,5.244900534231063,51.63766666666666,56.35556284153006,52.36041737679869,5.235404861861805,5.299756439481849,5.169063825749733,8.8463883137919
2014-09-04,sz000901,60.58,63.94,66.81,60.43,359914,1015820960.0,10.46,4.8,2.93,14.38,5.556198740246944,0.14204798961429077,60.336,61.55466666666666,60.95848702551323,5.325948973815767,5.429611732402931,5.386618284247125,58.39,59.416545454545464,59.63607251302638,5.213090447821488,5.281870296849223,5.298215718702169,58.7715,58.92042857142857,58.628083488669645,5.224873803471008,5.2405814521002485,5.271265609531274,58.346999999999994,58.7887311827957,57.39415089480018,5.283431428841369,5.250610238813083,5.264984289457895,52.154999999999994,56.75891803278688,52.74007582346103,5.249345611322382,5.310274271560048,5.181756773766034,9.006817169625114
2014-09-05,sz000901,63.72,63.67,63.72,62.44,156570,436951008.0,2.0,-0.42,-0.27,6.25,5.194708551575123,-0.36149018867182114,61.814,62.666000000000004,61.862324683675496,5.377741884613277,5.385864924989382,5.322648373356458,58.839999999999996,60.37654545454546,60.369513874294306,5.209457437942915,5.278528133895339,5.279396233769978,59.080499999999994,59.38695238095238,59.10826601355825,5.225119701322653,5.237708570967309,5.263974461154498,58.73133333333333,59.132150537634395,57.79904438545824,5.284776987450756,5.244886182215261,5.260450370884813,52.66266666666666,57.136459016393445,53.09843399318361,5.257407471933363,5.308482892551942,5.182181422218791,8.640432745556177
2014-09-09,sz000901,63.67,63.5,66.41,63.07,199496,570347120.0,5.25,-0.27,-0.17,7.97,5.299934192276686,0.10522564070156282,62.903999999999996,63.228,62.408216455783666,5.417704951639827,5.359929027543853,5.315076979663201,59.461,61.223818181818174,60.938693169877155,5.229411045321079,5.294978452865115,5.283130408043925,59.334999999999994,59.80785714285714,59.52652639321937,5.234452509020199,5.244833760581978,5.267399197451849,59.033,59.43980645161291,58.16684797349319,5.280580758958627,5.245864066397579,5.262997714200418,53.166000000000004,57.49178142076503,53.43946894422677,5.268116692243066,5.309877211251724,5.186042168778067,8.756139252894304
2014-09-10,sz000901,63.05,63.32,64.55,61.91,129676,363411120.0,4.16,-0.28,-0.18,5.18,5.1128596057522415,-0.1870745865244441,63.088,63.36666666666667,62.71214430385578,5.315570368096729,5.25831391224799,5.247671188359548,60.286,61.92545454545454,61.37165804808131,5.226616672067164,5.273787282034418,5.252172080354527,59.432500000000005,60.18738095238095,59.88780959386515,5.212068118090397,5.233253484080266,5.252681141099505,59.30266666666667,59.71638709677418,58.49930939455815,5.2703193075387595,5.235043346835876,5.253311384623117,53.678333333333335,57.82469945355191,53.76342078212097,5.27543720156128,5.304786814973337,5.183642740482139,8.560398212132036
2014-09-11,sz000901,63.72,62.38,64.39,60.81,167081,464002112.0,5.65,-1.48,-0.94,6.67,5.222927065905881,0.11006746015363955,63.362,63.13066666666667,62.60142953590386,5.277325631151375,5.227432811517708,5.239423147541659,60.902,62.30618181818182,61.55499294843016,5.240021736967777,5.273116444550547,5.246854805000227,59.58149999999999,60.46809523809524,60.12516106111609,5.206893888836009,5.234287669586504,5.249847419652493,59.35966666666666,59.91492473118279,58.74967653039312,5.253958290072906,5.231985782859562,5.2513511059962,54.17716666666666,58.11,54.04593157614979,5.286435486921115,5.303065171181356,5.18493075115177,8.666519957339059
2014-09-12,sz000901,62.38,63.07,63.23,62.02,102939,285706576.0,1.94,1.11,0.69,4.11,5.012579944984761,-0.21034712092111985,63.188,63.03333333333333,62.75761969060258,5.168601872098938,5.13918424946217,5.1638087466893605,61.761999999999986,62.70036363636365,61.83044877598831,5.247275422957353,5.231763391462727,5.2042593759065054,59.827999999999996,60.80033333333332,60.40562191243837,5.2018683545662565,5.215781579695909,5.227250517303186,59.44266666666667,60.15430107526881,59.02840707681937,5.233161425226745,5.216412986402263,5.235946514963204,54.707,58.40156830601093,54.34180267201373,5.293793436693631,5.294086300953934,5.179279905047933,8.455920236489309
2014-09-15,sz000901,63.23,63.18,64.39,62.55,142771,401522272.0,2.92,0.17,0.11,5.7,5.15464000142471,0.14206005643994857,63.089999999999996,63.03066666666666,62.898413127068395,5.160588162068856,5.13453029257076,5.160752498267811,62.452,62.958181818181814,62.07582172580861,5.269165023341066,5.214920587547701,5.19523767145527,60.06999999999999,61.11957142857143,60.66984839696805,5.212903477322067,5.211283641301476,5.220335230076664,59.645,60.39541935483871,59.296251781540704,5.224775883893583,5.211347088092454,5.2307009334445915,55.235166666666665,58.67937158469946,54.63157963358705,5.307136910616305,5.289523893240199,5.178472039355367,8.603709640121378
2014-09-16,sz000901,63.81,59.93,64.32,59.82,176098,482759744.0,7.12,-5.14,-3.25,7.03,5.245754423577179,0.09111442215246957,62.376,61.977333333333334,61.908942084712265,5.149752208328955,5.162919046406868,5.189086473370934,62.64,62.499636363636355,61.68567232111613,5.283728579984391,5.210664114863359,5.204422535477435,60.138999999999996,61.10623809523809,60.59938664487586,5.222423237706911,5.214412302849581,5.222756105648141,59.671,60.4138064516129,59.33713876337679,5.218826162782247,5.212700542265589,5.231672126356372,55.70433333333334,58.833300546448086,54.805298334125176,5.322235999922265,5.2875113526815385,5.180678019165918,8.683731048319324
2014-09-17,sz000901,59.33,58.59,60.25,57.51,112199,289996736.0,4.57,-2.24,-1.34,4.48,5.049988986185586,-0.1957654373915938,61.43000000000001,60.715333333333334,60.80262805647485,5.137178084415623,5.129664639025745,5.1427206443091515,62.259,61.76327272727273,61.12282280818592,5.226374226256176,5.168166006899938,5.176343708333462,60.092999999999996,60.958714285714294,60.40801648822101,5.208088195568897,5.197989993180884,5.206302094270755,59.665,60.344064516129045,59.28893626251378,5.209971381340731,5.201807821194835,5.219950633442128,56.1355,58.92791256830601,54.929386913334184,5.329179355540541,5.278585221083616,5.176393132838694,8.462393109812176
2014-09-18,sz000901,58.46,58.37,59.13,57.83,54091,139779953.0,2.22,-0.38,-0.22,2.16,4.733125010476403,-0.31686397570918245,60.628,59.69533333333334,59.9917520376499,5.039217673329728,4.994980281046005,5.006188766364902,61.995000000000005,61.05618181818181,60.62230957033394,5.158271652240551,5.078484331303616,5.095758490541269,60.036,60.79461904761904,60.21391967981901,5.178833450927469,5.152755404124456,5.161237610099864,59.650333333333336,60.26051612903226,59.22965005202902,5.1916287815384,5.171043539203589,5.188542528734662,56.557500000000005,59.00117486338797,55.04219389978224,5.325533903230915,5.259042455671675,5.161859751777635,8.145444890109447
2014-09-19,sz000901,58.37,59.6,59.82,58.12,72589,190303403.0,2.91,2.11,1.23,2.9,4.860870813520347,0.12774580304394423,59.934000000000005,59.352666666666664,59.86116802509994,5.008875847036846,4.935531327776212,4.957749448750051,61.561,60.62072727272728,60.43643510300049,5.088738859567892,5.024411451536307,5.053051640173829,59.9755,60.753095238095234,60.15545113888386,5.15091465369469,5.12247324818092,5.1326312485208625,59.70133333333333,60.257268817204306,59.25354359705941,5.179495488836635,5.149704315460489,5.167402418075675,57.00066666666667,59.10092896174863,55.191630165363144,5.327762029058254,5.243807600271329,5.151991261998707,8.27944655439794
2014-09-22,sz000901,59.6,59.15,59.91,58.1,74318,192983912.0,3.04,-0.76,-0.45,2.97,4.871094013678654,0.010223200158306689,59.128,59.09133333333333,59.62411201673329,4.952166649487634,4.889604049990148,4.928864303726252,61.109,60.18236363636364,60.20253781154585,5.056377405778244,4.984839661374627,5.019968435356524,59.9745,60.674476190476184,60.059693887561586,5.13291742186058,5.095823663417489,5.107722940440652,59.75666666666667,60.22169892473119,59.246863364991064,5.168872269474517,5.129807446095458,5.1482857468242536,57.42933333333334,59.17139890710383,55.32141278289222,5.328532796417127,5.228834878455604,5.142781516152148,8.285521105790947
2014-09-23,sz000901,59.02,62.22,62.98,59.02,193634,530251552.0,6.69,5.19,3.07,7.73,5.2869816170009605,0.41588760332230645,59.586,60.122,60.48940801115553,4.96041208817239,5.001209039161257,5.048236741484488,60.98100000000001,60.384363636363645,60.56934911853751,5.055082148250672,5.026767699778757,5.068516286564603,60.221000000000004,60.88833333333333,60.265437326841436,5.142246596785876,5.1104964439070475,5.124795195351158,59.88366666666666,60.38062365591397,59.43867863176584,5.174662388763691,5.13742740400039,5.157233867480816,57.854166666666664,59.328469945355195,55.54759597033837,5.334926106085908,5.2274725447042565,5.147509388311125,8.724481948332492
2014-09-24,sz000901,61.7,63.38,64.35,61.32,190980,534820368.0,4.87,1.86,1.16,7.63,5.280987889004646,-0.0059937279963140355,60.544000000000004,61.38666666666666,61.45293867410369,5.0066118687362025,5.1080676394386755,5.125820457324542,60.987,60.82054545454547,61.080376551530684,5.071894976575914,5.067841470824933,5.107147487008247,60.6365,61.18919047619048,60.56206234333273,5.149255824321538,5.123709900308836,5.139670689984824,59.95066666666666,60.606193548387104,59.69295742971643,5.1653437375855695,5.1442871136933555,5.165217997901708,58.237833333333334,59.50964480874317,55.80439610245842,5.331441295502378,5.225704078570444,5.151885732596159,8.728207938495643
2014-09-25,sz000901,64.39,69.68,69.68,64.39,284919,858437488.0,8.35,9.94,6.3,11.38,5.454721411401705,0.17373352239705842,62.806,64.432,64.19529244940247,5.150931148921263,5.257437486993842,5.235454108683596,61.717,62.40109090909092,62.64394445125237,5.095074411125495,5.137446277156895,5.170342745988876,61.3095,62.05047619047618,61.43043735825342,5.167548074046636,5.152801860983138,5.1696755205959555,60.29333333333333,61.233892473118274,60.3372827568315,5.169620729599172,5.162956641036331,5.183895637482354,58.66016666666666,59.88479781420765,56.2593339351647,5.328880006997268,5.229746049583537,5.161814771245521,8.933708675029703
2014-09-26,sz000901,72.16,67.75,72.16,66.63,285058,863456416.0,7.94,-2.77,-1.93,11.39,5.454933233753067,0.00021182235136230076,64.436,66.08,65.38019496626832,5.269743632967806,5.358771515271112,5.3086138170400865,62.185,63.498000000000005,63.572318187388305,5.139309740002326,5.2028751539982725,5.22208647103691,61.9735,62.66385714285714,62.03230046699119,5.19329258147984,5.180171876193274,5.196842921849013,60.61366666666666,61.71496774193548,60.81552257897141,5.181015483044946,5.181363899368842,5.201381934015948,58.97716666666666,60.18282513661201,56.63607708483143,5.32254392747138,5.233878942264053,5.171425212639211,8.936240420920958
2014-09-29,sz000901,67.59,68.31,69.05,66.92,171014,514371472.0,3.14,0.83,0.56,6.83,5.233031665210086,-0.2219015685429815,66.268,67.37133333333333,66.35679664417889,5.342131163274092,5.346534192685204,5.283419766430086,62.698,64.61163636363636,64.43371488059043,5.147148906380863,5.219915504036048,5.224076506341124,62.575,63.26733333333334,62.630176612992024,5.208156964860964,5.1839565508342496,5.200289468835782,60.946000000000005,62.211505376344086,61.299037251295836,5.190985287008332,5.184719782089173,5.203423852157505,59.31916666666666,60.48881967213115,57.01882865582056,5.315570328105636,5.230944113993193,5.17344509633006,8.711276873803127
2014-09-30,sz000901,69.54,66.88,69.54,66.3,144827,432038656.0,4.74,-2.09,-1.43,5.78,5.160849534636769,-0.07218213057331635,67.2,67.57533333333333,66.53119776278592,5.316904746801255,5.28610698313943,5.242563022498981,63.39300000000001,65.372,64.87849399321034,5.138658417486822,5.222406527355303,5.212580693303968,63.01650000000001,63.67733333333332,63.034921697468974,5.211193498735606,5.1794510812890895,5.196533284626352,61.22366666666667,62.59434408602151,61.65909936411546,5.194501630966882,5.1827755400006845,5.200677121994877,59.558499999999995,60.73671584699453,57.342145749072344,5.308562063882274,5.225871301092575,5.1730321270942135,8.635522606389971
2014-10-08,sz000901,66.88,68.78,69.52,65.74,196612,595075120.0,5.65,2.84,1.9,7.85,5.293610020997335,0.13276048636056537,68.28,68.102,67.28079850852396,5.319429173199792,5.278342074538123,5.2595786886650995,64.412,66.35145454545454,65.58785872171755,5.163020520967997,5.250579546175397,5.2273132983391255,63.3355,64.2262380952381,63.582072011995734,5.194697373612087,5.187300273885443,5.2057786880902555,61.532666666666664,63.081849462365604,62.11851230836608,5.193065637368599,5.189169629680068,5.206672792898262,59.74283333333334,61.039060109289615,57.717157363856856,5.299292965770581,5.225381070178313,5.176985500664808,8.774571792858326
2014-10-09,sz000901,68.31,68.2,69.45,67.15,122421,369200576.0,3.34,-0.84,-0.58,4.89,5.087855922726542,-0.20575409827079305,67.98400000000001,68.07533333333333,67.58719900568263,5.24605607546476,5.201150991047039,5.202337766685581,65.39500000000001,67.04018181818182,66.06279349958709,5.198493612193011,5.23691325558604,5.20195741186411,63.69500000000001,64.6895238095238,64.02187467751995,5.178382632216781,5.177124897610629,5.194547948531807,61.82233333333333,63.511999999999986,62.51086635298763,5.185386838015983,5.182381906154774,5.199007188371055,59.84433333333333,61.316344262295075,58.06085712241892,5.287550632943896,5.218448708111297,5.17406321942093,8.567262369909201
2014-10-10,sz000901,68.2,72.95,74.63,67.12,285531,898157664.0,11.01,6.96,4.75,11.4,5.455653266340427,0.3677973436138853,69.024,69.73066666666666,69.37479933712176,5.2462000819822325,5.271016721338928,5.28677626657053,66.72999999999999,68.41381818181819,67.31501286329852,5.2579718574750185,5.283669556340116,5.248083930859804,64.1455,65.57095238095239,64.87217232727996,5.173355358521455,5.203531624670025,5.2194151216564375,62.227,64.22991397849462,63.184358846343265,5.186600388288132,5.199818449917643,5.215564999852949,60.06016666666667,61.74603825136613,58.54902574135601,5.2842008139371455,5.223960269862,5.183295679975667,8.953352580091524
2014-10-13,sz000901,73.46,78.21,80.09,72.5,278651,954568672.0,10.4,7.21,5.26,11.13,5.44506060595566,-0.01059266038476725,71.00399999999999,72.79266666666666,72.31986622474784,5.288605870131347,5.337303562663405,5.3395377130322395,68.636,70.5010909090909,69.29591961542606,5.31536851670272,5.317685692427505,5.283897871786323,64.8725,66.91042857142857,66.14244162944377,5.185872961240483,5.229408314901853,5.2409051677801735,62.86166666666667,65.26107526881721,64.15375504980499,5.193734453474627,5.216493302670386,5.230371167988608,60.32,62.34111475409837,59.1936478481968,5.280085106407402,5.229234361403592,5.191878136565174,8.979807177148613
2014-10-14,sz000901,79.44,78.91,82.42,77.9,272911,964128048.0,5.78,0.9,0.7,10.9,5.436021040774417,-0.009039565181242715,73.41,75.42800000000001,74.51657748316524,5.343640171358876,5.386441952877761,5.371698822279632,70.30499999999999,72.3690909090909,71.04393423080313,5.330272459080065,5.3396225149859955,5.311556629784158,65.643,68.24733333333333,67.35839956949674,5.192677303665368,5.253231941524134,5.259487631874864,63.58233333333333,66.29645161290323,65.10577085304338,5.204921884217272,5.2321246953994045,5.243638901716725,60.6415,62.95062295081967,59.84008562366575,5.27866093166658,5.234347014989396,5.1998828219490845,8.984134717353843
2014-10-15,sz000901,78.91,78.32,80.41,76.49,191199,664532192.0,4.97,-0.75,-0.59,7.64,5.281485616519487,-0.15453542425492994,75.318,77.06466666666667,75.78438498877682,5.341215290463306,5.365723767931299,5.341627753692917,71.799,73.82636363636364,72.36685527974801,5.330322231831549,5.330752179974981,5.306089172826945,66.393,69.45466666666667,68.40236151525896,5.201108604203731,5.261689876081668,5.261582678031495,64.35733333333333,67.24726881720431,65.95830176575026,5.209611293491542,5.237064291031805,5.246080625252388,60.95349999999999,63.53024590163934,60.44598445567671,5.2744653754245165,5.2344396276075225,5.202558323410409,8.822516024359743
2014-10-24,sz000901,77.27,77.01,81.93,75.52,178410,507859168.0,8.18,-1.67,-1.31,5.51,5.25141919321894,-0.030066423300547207,77.08,77.62866666666667,76.19292332585121,5.373927944561787,5.335791735516509,5.3115582335349245,72.53200000000001,74.77381818181819,73.21106341070292,5.309992010013273,5.316406172954507,5.29614917653458,67.1245,70.46580952380953,69.22213660904383,5.202533210569384,5.266481360749784,5.260614727096966,65.05033333333333,68.06356989247311,66.67131455505671,5.215029386035515,5.239761574885186,5.246425048992165,61.29816666666667,64.05668852459017,60.989066932539764,5.27216613810097,5.233684015076195,5.204160319141836,8.70574329685077
2014-10-27,sz000901,74.62,75.96,77.3,72.99,110232,299364016.0,5.6,-1.36,-1.05,3.41,5.042307687129529,-0.20911150608941043,77.68199999999999,77.25533333333333,76.11528221723414,5.291258828719608,5.225251649705757,5.221808051399793,73.353,75.3970909090909,73.71087006330238,5.268729455350919,5.267736296066554,5.2499961784609335,67.769,71.30728571428571,69.86383788437298,5.204019597676623,5.251221787088845,5.2398235804334,65.76666666666667,68.76741935483871,67.27058458376274,5.2184382061035315,5.228618239471897,5.233256186936512,61.65366666666667,64.5374043715847,61.47991719704665,5.2643713703881625,5.2261476724213916,5.1988536754693015,8.476199596301514
2014-10-28,sz000901,76.4,83.94,83.94,76.4,257787,757523616.0,9.93,10.51,7.98,7.97,5.411261012433134,0.3689533253036048,78.828,79.34133333333334,78.7235214781561,5.284498910015102,5.265252377610267,5.284959038410907,74.916,77.322,75.57071186997467,5.286552390073224,5.293651124626956,5.27931705736497,68.807,72.84738095238096,71.20442475252794,5.216850648227044,5.270959064684703,5.2561509549095655,66.68866666666666,69.93989247311828,68.34603073964902,5.234288773265051,5.241058420525419,5.2447403692266175,62.13816666666666,65.2681038251366,62.21631335452054,5.264941565350911,5.230963726258932,5.205817850451722,8.879396176631255
2014-10-29,sz000901,83.94,88.48,91.51,82.86,279586,871016928.0,10.3,5.41,4.54,8.64,5.446515420739694,0.035254408306560236,80.74199999999999,82.55866666666667,81.9756809854374,5.286597786008157,5.319257881185131,5.338811165853836,77.076,79.78818181818183,77.91785516634292,5.3151189786835165,5.3227353120208605,5.309716759796738,70.2345,74.721,72.84971763323956,5.22688869808517,5.292831900162098,5.274280904036244,67.703,71.34578494623656,69.64499649838135,5.245835325384909,5.254750462297976,5.257758114485526,62.62283333333334,66.13177049180328,63.077417834700185,5.261708036533688,5.236916967419221,5.213709574067721,8.940026595496239
2014-10-30,sz000901,86.38,87.17,90.46,86.35,179226,563897152.0,4.65,-1.48,-1.31,5.54,5.253401012231572,-0.193114408508122,82.512,84.70133333333334,83.70712065695827,5.280980865150573,5.30819228992627,5.310341114646415,78.91499999999999,81.62345454545455,79.60006331791692,5.311098077806941,5.311513863575051,5.299477532966708,71.6635,76.33390476190476,74.21355404912151,5.237059299387469,5.295356882461755,5.27229234291199,68.52866666666667,72.60172043010752,70.77564188558256,5.233497608343705,5.255238571126793,5.257477011114304,63.13133333333334,66.9365956284153,63.867338561431325,5.2574305067532725,5.236644605966692,5.215010932696044,8.751199901160781
2014-10-31,sz000901,87.32,86.01,88.89,84.99,131061,406393424.0,4.47,-1.33,-1.16,4.05,5.117473477314802,-0.13592753491677012,84.312,85.86733333333333,84.47474710463885,5.254191721969747,5.2536898273143455,5.246051902202545,80.696,82.91345454545456,80.76550635102294,5.314059833265766,5.276309390758299,5.266385886484543,73.04549999999999,77.70023809523809,75.33702509206232,5.256276722729389,5.283967756550074,5.257547689045591,69.36200000000001,73.72954838709677,71.75850369941594,5.223608365899777,5.247753143318477,5.248444525062724,63.649166666666666,67.68671584699453,64.59332746105653,5.251165305602754,5.232055850903135,5.211812983339282,8.60894667185554
2014-11-03,sz000901,85.77,84.87,87.69,83.59,133738,410414832.0,4.77,-1.33,-1.14,4.13,5.126254824206647,0.008781346891844954,86.09400000000001,86.05333333333334,84.60649806975924,5.27098114938517,5.211044194726645,5.20611954287058,81.888,83.67236363636363,81.51177792356422,5.281119989052388,5.242163025474824,5.2409075115249255,74.309,78.82638095238096,76.24492746424687,5.2695459232637045,5.271584718595527,5.245043606679977,70.05966666666667,74.73006451612902,72.60440668655039,5.209276902031766,5.241472269660856,5.240561318555881,64.20333333333333,68.38248087431694,65.2581363967596,5.246354165436568,5.227960425283593,5.20900779779395,8.613223047375106
2014-11-04,sz000901,83.47,82.13,83.88,81.14,215418,639085952.0,3.23,-3.23,-2.74,6.66,5.333281989463654,0.20702716525700637,85.732,84.732,83.78099871317283,5.255385344791273,5.231811141419473,5.248507025068271,82.28,83.71636363636362,81.62418193746164,5.269942127403188,5.251647025549599,5.257702871150149,75.458,79.57123809523809,76.80541056289003,5.292655322052953,5.277654820138378,5.253447262183184,70.675,75.50879569892473,73.21896109386972,5.213896016628051,5.249472597882268,5.246543297324125,64.70316666666666,68.97024043715848,65.81131225260354,5.2493365020394025,5.230810517874644,5.2130823614552515,8.805559271255433
2014-11-05,sz000901,81.64,82.69,84.23,81.4,143463,428382752.0,3.45,0.68,0.56,4.43,5.1567399082631376,-0.17654208120051607,84.574,83.718,83.41733247544856,5.197430242295963,5.198929329243428,5.2179179861332265,82.658,83.7909090909091,81.81796703974133,5.24201401415206,5.231064803887772,5.239345968807055,76.4815,80.25999999999999,77.3658476521386,5.286143236616063,5.264710495015539,5.244237038000322,71.31466666666667,76.28395698924732,73.82999586200715,5.2091228738275985,5.2457851070200165,5.240749530287933,65.17383333333333,69.55997267759562,66.36471185087883,5.244851816393114,5.227774563980339,5.211235067907969,8.631831976487499
2014-11-06,sz000901,81.99,80.44,82.48,79.13,163362,473423296.0,4.05,-2.72,-2.25,5.05,5.213151041733817,0.05641113347067961,83.228,82.33999999999999,82.4248883169657,5.189380248196412,5.204169595722713,5.216329004666757,82.86999999999999,83.38763636363636,81.56742757797018,5.235180556673493,5.225816990720818,5.234583254793739,77.3345,80.637,77.65862406622064,5.282751394252521,5.257758857407706,5.241276466927322,71.88533333333334,76.872688172043,74.25644774187766,5.212465921693651,5.246044988820416,5.23896898263928,65.594,70.06050273224044,66.82619670822707,5.241392614616205,5.226735194319381,5.2112978867219315,8.675249624685843
2014-11-07,sz000901,81.26,81.55,83.68,80.79,187335,554587584.0,3.59,1.38,1.11,5.79,5.272618924662121,0.05946788292830352,82.336,81.78066666666668,82.13325887797714,5.220409337665876,5.231915821211283,5.235092311331878,83.324,83.14763636363637,81.56425892743015,5.237300529817811,5.232623966718751,5.241498831133445,77.928,81.0384761904762,78.02923129800915,5.273646269915542,5.256793860303858,5.244261462902065,72.52433333333333,77.49621505376344,74.7269995004662,5.2141223169855255,5.249925827721607,5.241139946640754,65.942,70.58365027322405,67.30894435713766,5.234040303529216,5.227759007763507,5.213308412556036,8.743970142449475
2014-11-10,sz000901,82.37,83.01,83.06,79.66,161968,475350976.0,4.17,1.79,1.46,5.0,5.209429219504441,-0.0631897051576793,81.964,82.00533333333333,82.42550591865144,5.237044216725434,5.228255781824138,5.226537947389399,84.02900000000001,83.09054545454545,81.82712094062467,5.2540126830553024,5.227556455752684,5.2356679926554435,78.691,81.5224761904762,78.50359022200827,5.26137106920311,5.250677950740896,5.240944106388005,73.18900000000001,78.17270967741936,75.26138662946839,5.220683959469515,5.249623047238958,5.239094093277121,66.31583333333333,71.1432568306011,67.8237330667397,5.22692269234813,5.22695208697581,5.213181225898606,8.677014389948894
2014-11-11,sz000901,83.01,79.37,83.3,78.64,132819,385556288.0,5.61,-4.39,-3.64,4.1,5.123260206093182,-0.0861690134112596,81.412,81.14066666666668,81.40700394576763,5.19503986005134,5.190327778280054,5.192112033623994,83.572,82.24345454545455,81.38037167869291,5.225212602421307,5.203783278123208,5.215230213280486,79.244,81.58714285714285,78.58610543895986,5.255882496247265,5.237524535206618,5.229736115883735,73.72866666666667,78.57148387096774,75.52645845982528,5.219637966291798,5.243337643795324,5.231620939265254,66.68683333333334,71.57126229508195,68.20229919569906,5.22220692509269,5.223553316934665,5.210232995741051,8.586087790385124
2014-11-12,sz000901,79.1,80.18,81.03,78.81,84160,242734768.0,2.8,1.02,0.81,2.6,4.925105726809663,-0.19815447928351837,80.91,80.73,80.99800263051176,5.148713023760645,5.100349733866162,5.1031099313525505,82.74199999999999,81.62672727272728,81.16212228256693,5.173071633028304,5.149218391648364,5.162480306649427,79.90899999999999,81.67628571428571,78.73790492096369,5.24409530585591,5.2060219857363705,5.200723697876681,74.40366666666665,78.98769892473118,75.82668694628816,5.2089496763995475,5.224335563828735,5.211845764268119,67.03733333333334,72.01366120218579,68.59501069747942,5.213887919590897,5.213812294040138,5.20088456069412,8.385131986752647
2014-11-13,sz000901,80.68,75.0,80.97,74.62,145017,400053616.0,7.92,-6.46,-5.18,4.48,5.161418916534487,0.2363131897248234,79.822,78.76,78.99866842034118,5.138366598720779,5.104585031457443,5.12254625974653,81.525,80.21909090909091,80.0417364130093,5.163873423458595,5.147099715922214,5.162287326628529,80.22,81.2087619047619,78.38191397611,5.237485750632768,5.198148043896235,5.1969803853679,74.95066666666666,79.02617204301075,75.77335230459217,5.212664007411178,5.2212690631922785,5.208592419253047,67.30783333333333,72.27473224043716,68.80501034674239,5.211317694375954,5.212091998857961,5.199590605147902,8.602118200259241
2014-11-14,sz000901,74.56,75.03,76.1,72.67,90405,243704584.0,4.57,0.04,0.03,2.79,4.956192450523593,-0.20522646601089356,78.518,77.16266666666667,77.67577894689413,5.075081303893073,5.043860315391714,5.067094990005551,80.42699999999999,79.03818181818183,79.13051161064396,5.1477453207794746,5.109339539024941,5.124815530973086,80.5615,80.71447619047619,78.06268407362334,5.23090257702262,5.1713582057905985,5.174048201097015,75.506,79.03129032258067,75.72539409139267,5.220099588746083,5.204722511135015,5.19230855030276,67.57816666666666,72.52791803278689,69.00910836816067,5.205864185142242,5.203727236764441,5.19161033778317,8.386863698192446
2014-11-17,sz000901,75.0,75.87,77.24,73.89,92097,253324542.0,4.46,1.12,0.84,2.85,4.964245483566384,0.008053033042791036,77.09,76.28,77.07385263126275,5.026044556705462,5.006915041949484,5.032811821192496,79.527,78.20963636363636,78.5376913177996,5.131544386715449,5.075975932258926,5.09562097689914,80.70750000000001,80.26766666666666,77.85385701899256,5.206332187883918,5.1459622921281,5.1540669899036216,76.04833333333333,79.05477419354838,75.7347235048512,5.223545411080952,5.188215794671809,5.1775948040617035,67.87483333333333,72.79978142076503,69.23405563477836,5.201520449958794,5.19580531212261,5.184155752399013,8.403677266138216
2014-11-18,sz000901,75.61,76.31,77.79,75.14,96924,267605524.0,3.49,0.58,0.44,2.99,4.986431328928953,0.022185845362568735,76.478,76.02,76.8192350875085,4.998678781272616,4.9937106326906475,5.017351657104649,78.94500000000001,77.62472727272728,78.13265653274512,5.096859320661978,5.049591739934108,5.0757683136318335,80.6125,79.84885714285714,77.70682301718375,5.183400724032583,5.125019353180007,5.138101688858415,76.62033333333332,79.0716559139785,75.77183811744145,5.227389988255962,5.172918111952325,5.165261676633785,68.1885,73.07634426229508,69.46605381068726,5.1981311288652385,5.188753209793761,5.177672984416388,8.427495074035834
2014-11-19,sz000901,76.28,75.11,76.31,73.75,117924,319285056.0,3.35,-1.57,-1.2,3.64,5.071602202099649,0.08517087317069638,75.464,75.56400000000001,76.249490058339,5.027978076330614,5.018018439632993,5.035435172102982,78.187,76.92745454545455,77.58308261770054,5.088345550045629,5.044999536559139,5.0750108388078,80.4225,79.32480952380952,77.45950653935672,5.1651797820988445,5.114371874900681,5.131768404405199,77.05,78.97421505376344,75.72913888405813,5.220210674425918,5.162867287039013,5.159219129889647,68.46683333333334,73.30327868852459,69.6511012267303,5.197436531594804,5.184604720391612,5.174195253848625,8.504178592048314
2014-11-20,sz000901,75.17,74.1,75.9,73.92,82742,223213951.0,2.64,-1.34,-1.01,2.56,4.9177260142446055,-0.15387618785504387,75.284,75.10933333333334,75.532993372226,4.979239495872637,4.98126775227099,4.99619878615019,77.55300000000001,76.18436363636364,76.94979486902771,5.058803047296708,5.013977802777133,5.046413597978128,80.2115,78.72266666666668,77.13955353560846,5.1469918019851,5.090804849390754,5.111383414866095,77.40733333333333,78.78389247311829,75.62403314960277,5.20810194526725,5.143352147672478,5.143638928880289,68.679,73.48797267759562,69.79696676028013,5.18672284142641,5.175433883757178,5.165786426320625,8.348721334768106
2014-11-21,sz000901,74.42,74.21,74.68,73.54,88470,237212139.0,1.54,0.15,0.11,2.73,4.946796027271461,0.02907001302685508,75.11999999999999,74.75133333333333,75.09199558148401,4.97736021122221,4.970453262737264,4.97973119985728,76.81899999999999,75.57654545454545,76.4516503473863,5.026220757557642,4.993612890045273,5.028301312395097,80.0715,78.15109523809524,76.86054843697907,5.131760643687726,5.071738585132312,5.0957084255713685,77.55833333333334,78.57761290322581,75.5328052044671,5.191171099129575,5.126493701350169,5.1309393868410105,68.92583333333333,73.66931693989072,69.94165637469716,5.1803959143643725,5.167567430834066,5.158606413237045,8.375136909674612
2014-11-24,sz000901,74.71,76.54,77.21,73.8,150678,411261152.0,4.6,3.14,2.33,4.66,5.178049847032104,0.23125381976064308,75.254,75.22466666666666,75.57466372098935,5.020121083915354,5.037349808007229,5.045837415582222,76.172,75.52581818181818,76.46771392058879,5.0230828203104085,5.021218179040628,5.055528318692734,80.1005,77.8147619047619,76.83002001440964,5.1385477516828555,5.076147080688918,5.1035504657104855,77.85133333333333,78.5119139784946,75.59778551385632,5.181941652905544,5.1256471689567835,5.133978771369468,69.2325,73.91896174863389,70.157995509953,5.181478567975245,5.167490510593664,5.15924390286967,8.614117687703065
2014-11-25,sz000901,76.31,78.52,78.93,75.76,142995,403434016.0,4.14,2.59,1.98,4.42,5.155320852077836,-0.02272899495426728,75.696,76.31333333333333,76.55644248065957,5.053898988545131,5.082416397394723,5.082331894414094,76.087,75.95272727272729,76.8408568441181,5.026288884908874,5.045261457543797,5.073672415671844,79.8295,77.66423809523809,76.99097048922776,5.12575074366509,5.077744518821775,5.108480978697853,78.19166666666666,78.55505376344085,75.7863154807043,5.179351292467802,5.12392969793564,5.135355679802267,69.56883333333333,74.22346994535519,70.43215959159387,5.185168289738067,5.166632880564241,5.159115278253544,8.60577251345602
2014-11-26,sz000901,79.07,80.01,82.22,76.75,185140,530477872.0,6.97,1.9,1.49,5.72,5.267500259393266,0.11217940731542964,76.676,77.75133333333333,77.70762832043971,5.093078600003855,5.153616821010767,5.144054682740485,76.07000000000001,76.666,77.41706469064208,5.060528338167234,5.089118071086413,5.108913841803012,79.40599999999999,77.68142857142857,77.27849710930131,5.116799985597768,5.091244472700648,5.1236256720974165,78.62933333333334,78.67236559139783,76.05881125614273,5.182906316626352,5.129616728059865,5.143881136550074,69.92649999999999,74.56580327868853,70.74618714596784,5.188703973796616,5.1693322894053955,5.162668884192551,8.724667272744943
2014-11-27,sz000901,79.92,79.42,81.08,78.96,125241,360037616.0,2.65,-0.74,-0.59,3.87,5.097746526628908,-0.16975373276435768,77.74,78.66600000000001,78.27841888029315,5.129082702480715,5.155172796552453,5.1286186307032935,76.512,77.2750909090909,77.78123474688897,5.054161099176676,5.095885014443082,5.106883420862265,79.0185,77.6827619047619,77.48244976555833,5.109017261317636,5.089429857560757,5.121160991576606,78.984,78.723376344086,76.2756621428432,5.1763775334807365,5.124122548060031,5.140904710103547,70.25833333333334,74.8770655737705,71.03057445265742,5.1847215854246675,5.166350078022847,5.160540282305218,8.55634787734452
2014-11-28,sz000901,79.31,77.07,80.39,76.45,122471,345674416.0,4.96,-2.96,-2.35,3.78,5.088033263957753,-0.009713262671155576,78.312,78.44266666666665,77.8756125868621,5.157330149817974,5.141489650378132,5.115090175121447,76.716,77.37654545454545,77.6519193383637,5.067345180520092,5.102043589857823,5.103456119606899,78.5715,77.49719047619047,77.44316883550516,5.107545250649784,5.0874313816217205,5.11800596989862,79.27966666666666,78.59989247311827,76.32690974653075,5.1763834448551105,5.118422917768224,5.137493649061883,70.551,75.10039890710384,71.2285884050293,5.180885141435548,5.163179969122292,5.1581630030151375,8.538667237797577
2014-12-01,sz000901,76.8,74.44,76.8,74.42,98833,267455123.0,3.09,-3.41,-2.63,3.05,4.994901978241279,-0.09313128571647411,77.892,77.152,76.73040839124141,5.120700576059809,5.087346926519233,5.075027442828057,76.573,76.96272727272726,77.06793400411574,5.070410829987582,5.088872098534403,5.083719002994967,78.05,77.10371428571428,77.15715275593324,5.100977608351514,5.076703450916149,5.106281780216969,79.32933333333334,78.2876559139785,76.20517363385135,5.161025068585139,5.1067144360512025,5.128294186428296,70.77816666666666,75.22790710382512,71.33388058847096,5.173812728436636,5.157082160492973,5.152810182530748,8.42725092105445
2014-12-02,sz000901,74.44,74.68,75.73,74.12,97086,262214400.0,2.16,0.32,0.24,3.0,4.987156608269399,-0.00774536997187969,77.124,76.08133333333333,76.04693892749428,5.0870677272981215,5.0428322705890976,5.045737164641839,76.41,76.61854545454547,76.63376418518561,5.070483357921626,5.073734967312915,5.0661622039539544,77.67750000000001,76.78276190476191,76.92123344584436,5.0836713392918025,5.065863355670232,5.094936525745772,79.21166666666667,77.98769892473118,76.1067753348932,5.145761601995598,5.095497116030833,5.119188536224497,71.03666666666666,75.35583606557377,71.44358942163585,5.169748027735112,5.150962287700603,5.147378917800868,8.418656538112325
2014-12-03,sz000901,74.77,77.68,77.68,72.9,177480,480438160.0,6.4,4.02,3.0,5.48,5.2491494200445175,0.26199281177511846,76.658,76.26666666666667,76.59129261832953,5.083397559428372,5.096859501504563,5.113541249776065,76.667,76.84945454545455,76.82398887878823,5.088238079716113,5.106219705880713,5.099432606879511,77.42699999999999,76.783,76.99349692719252,5.08829181488087,5.081623172884777,5.109623468059938,79.17066666666666,77.8888817204301,76.20827370038397,5.1395325479712675,5.102167297840441,5.127573109374176,71.37650000000001,75.57365027322405,71.648061899615,5.17222721609427,5.1535656120386175,5.150715655579348,8.68163749502406
2014-12-04,sz000901,77.68,78.93,80.53,77.68,184407,526424880.0,3.67,1.61,1.25,5.7,5.265777402637746,0.01662798259322873,76.56,77.02400000000002,77.37086174555303,5.117003734630139,5.157652782574354,5.164286634063293,77.15,77.2609090909091,77.20689999173582,5.123043218555427,5.138499582775555,5.12967711519919,77.3515,76.92614285714285,77.17792579126943,5.090923132926068,5.098526562194955,5.124495271353063,79.191,77.87335483870967,76.38386894552049,5.139008940841876,5.110312127173761,5.1364895153911805,71.77416666666666,75.82130601092898,71.88681396848007,5.174310117166709,5.15663283126955,5.154488171876345,8.721336406805301
2014-12-05,sz000901,81.08,87.23,87.23,76.75,416409,1249300816.0,13.28,10.52,8.3,12.87,5.619520107505399,0.3537427048676527,78.59200000000001,80.58066666666667,80.65724116370203,5.223301103339668,5.325158240199441,5.316031125210662,78.45200000000001,79.09363636363638,79.02928181142022,5.190315626578821,5.228768108039187,5.218739477436682,77.63550000000001,77.86695238095238,78.13526619210091,5.108268192068231,5.1488691312025106,5.1716404938437615,79.53166666666667,78.392,77.08361933613207,5.151278971318091,5.1413128476036665,5.16765277939855,72.291,76.32805464480874,72.38986924820203,5.183154178676803,5.171229880133113,5.169735120585494,9.096667023641581
2014-12-08,sz000901,93.17,96.34,96.34,89.27,547345,1844740080.0,8.11,10.44,9.11,16.91,5.73826115515564,0.11874104765024107,82.97200000000001,86.49666666666667,85.88482744246802,5.371972938722541,5.496811590804765,5.456774468525655,80.43199999999999,82.34600000000002,82.17668511843472,5.246336757391174,5.328394567780427,5.313197964294675,78.30199999999999,79.64833333333334,79.86905036428179,5.134709788850791,5.2088684610203595,5.225604366349654,80.211,79.47640860215054,78.32596647573646,5.174477420252296,5.179182665915766,5.204466222995781,72.98883333333335,77.11654644808743,73.17511943678556,5.196457813177914,5.189430108870125,5.188375318440253,9.265935183625828
2014-12-09,sz000901,96.63,86.38,102.28,86.33,473380,1623439760.0,16.56,-10.34,-9.96,14.63,5.675209905318619,-0.06305124983702104,85.312,87.63266666666667,86.04988496164535,5.509583598132385,5.597890579670124,5.529586280789976,81.21799999999999,83.42745454545455,82.94092418781021,5.298325662715252,5.406371503767235,5.37901831720812,78.6525,80.41766666666666,80.48914080577876,5.162307273812063,5.260344662588724,5.268423941489556,80.29233333333333,79.87440860215054,78.84558154181799,5.18327571668181,5.211487987532949,5.234836783145641,73.49049999999998,77.55560109289615,73.6080663404975,5.208782244973432,5.205126898776378,5.204337108173969,9.210436178157604
2014-12-10,sz000901,82.28,89.99,93.61,82.28,253816,799539792.0,13.12,4.18,3.61,7.84,5.404518995586464,-0.2706909097321546,87.774,89.192,87.36325664109691,5.540657513240774,5.562869045488151,5.487897185722139,82.216,85.02236363636362,84.22257433548107,5.312027536334572,5.425679382471092,5.3836548041859995,79.143,81.49742857142857,81.39398453856172,5.186277937250903,5.283412445614857,5.2813853752130715,80.34266666666666,80.50006451612903,79.56457628105555,5.18187583584337,5.225761747462282,5.245784022657953,74.02283333333334,78.09656830601092,74.14517891949758,5.21385558061414,5.211544497157133,5.21090044874487,8.902840082861465
2014-12-11,sz000901,88.33,91.04,93.43,85.98,236186,763719184.0,8.28,1.17,1.05,7.3,5.373254151097378,-0.03126484448908595,90.196,90.28066666666668,88.58883776073128,5.562152862932701,5.507067924773685,5.449682840847219,83.37800000000001,86.62672727272727,85.46210627448451,5.33957829878142,5.436811494246147,5.381763776351704,79.94500000000001,82.6304761904762,82.31265267774633,5.196869698979048,5.301219704076427,5.290134782440148,80.47166666666666,81.19021505376344,80.30492619840682,5.185870940472229,5.238108735543186,5.25400790191211,74.50016666666667,78.65450819672131,74.69910747951404,5.209684274407968,5.216770679795928,5.2162235209531485,8.882933699861077
2014-12-12,sz000901,90.02,89.33,93.11,87.81,140537,452341424.0,5.82,-1.88,-1.71,4.34,5.147790678549772,-0.2254634725476068,90.616,89.992,88.83589184048753,5.467806977141575,5.368947196646043,5.349052120081403,84.604,87.70890909090909,86.1653596791237,5.345554040240621,5.401941017840393,5.339223213114989,80.66,83.52428571428571,82.98097147034191,5.206449610380356,5.296545511654591,5.276578201117255,80.58233333333332,81.76172043010753,80.88718902431606,5.186881513846729,5.235651944451413,5.247155177824217,74.97216666666667,79.14073224043715,75.17880887362834,5.205244939873253,5.214741381571068,5.2139798212022175,8.655466360885095
2014-12-15,sz000901,82.86,92.62,93.63,81.64,289154,935026928.0,13.42,3.68,3.29,8.93,5.461129204476072,0.3133385259263006,89.872,90.66000000000001,90.09726122699169,5.412380587005661,5.366721272424209,5.38641114821296,86.422,89.16636363636363,87.33893064655575,5.392176762864101,5.4229546840650205,5.361387938817004,81.4975,84.66333333333333,83.89897418745221,5.231293796425841,5.320800711092279,5.294154487151428,80.84066666666668,82.53834408602151,81.64414457113438,5.198043993189044,5.2533453438468545,5.26095995373724,75.45016666666668,79.71934972677596,75.75065120564052,5.203660447610404,5.223131029590833,5.222083079670213,8.97082411837349
2014-12-16,sz000901,92.18,98.64,102.25,91.01,326037,1150673328.0,12.14,6.5,6.02,10.07,5.513266888362461,0.05213768388638851,92.324,93.58266666666667,92.94484081799446,5.379991983614429,5.400350039543142,5.42869639492946,88.818,91.38781818181818,89.39367052900016,5.444787790873407,5.4449710705192675,5.389002293279814,82.614,86.29595238095239,85.30288140769485,5.257635574397517,5.347655291276717,5.315022334885812,81.391,83.686688172043,82.74065137299668,5.2040434898190036,5.273682304825785,5.2772378204872545,76.033,80.47967213114754,76.5011216579146,5.208969753223527,5.2332820604351635,5.23163008979127,9.060952046493789
2014-12-17,sz000901,96.93,95.12,98.99,93.75,163868,566391648.0,5.31,-3.57,-3.52,5.06,5.214494153202769,-0.2987727351596918,93.35,94.51466666666666,93.66989387866298,5.341987015137691,5.345184096072588,5.357295647687231,90.562,92.53363636363635,90.43482134190921,5.441322264189233,5.403099500033697,5.357273540538532,83.61449999999999,87.48700000000001,86.2378450831525,5.264780171952672,5.343546584496266,5.3054482223445705,81.80533333333332,84.57243010752687,83.53931902635175,5.205968631316992,5.274356541173125,5.273189841952772,76.56,81.10547540983607,77.11157668552396,5.207545752572296,5.233463188303334,5.231068255804763,8.753116840631119
2014-12-18,sz000901,94.62,101.58,104.9,94.22,259937,940467776.0,11.23,6.79,6.46,8.03,5.414868102325697,0.20037394912292772,95.458,97.258,96.30659591910866,5.350309805383354,5.369477791801923,5.376486465900053,92.827,94.5369090909091,92.46121746156207,5.456231334158026,5.398289652422145,5.367745279045289,84.9885,89.198,87.69900269428084,5.289637276356727,5.35784067310322,5.3158691632951545,82.50999999999999,85.84821505376347,84.70323392787743,5.212692533336721,5.287833926399492,5.282330374880058,77.19766666666668,81.9258032786885,77.91382007288382,5.212579227515186,5.24026064239361,5.237094480280859,8.973343919561955
2014-12-19,sz000901,100.86,98.88,101.18,96.28,144602,509092672.0,4.82,-2.66,-2.7,4.47,5.160174299756278,-0.25469380256941854,97.36800000000001,98.39866666666667,97.16439727940578,5.352786529624656,5.306099289926232,5.304382410518794,93.99199999999999,95.63745454545456,93.62826883218713,5.410296753383115,5.344461100712737,5.330005100992742,86.22200000000001,90.521,88.76385958053982,5.300306189980968,5.34551086580794,5.301041081053357,83.08766666666666,86.9043440860215,85.61786399704663,5.208944379173193,5.284445653265269,5.274449337775297,77.80600000000001,82.63669945355191,78.60123580819909,5.211533348079359,5.238542448040859,5.234572507148906,8.70679684574512
2014-12-22,sz000901,97.71,91.54,100.86,90.2,137165,468221408.0,10.78,-7.42,-7.34,4.24,5.137243307828379,-0.02293099192789949,97.152,96.456,95.28959818627052,5.288009350295117,5.234251549327473,5.248669376288657,93.512,95.19163636363638,93.24858358997128,5.350194968650389,5.294815019702784,5.294957502235585,86.97200000000001,91.0274761904762,89.02825390620268,5.298265863020782,5.329981067507693,5.285441293127168,83.372,87.44965591397849,85.99993728755975,5.206538182117324,5.279819777694638,5.265597335843238,78.2805,83.08699453551914,79.02545758497945,5.21361107079342,5.236106709016237,5.2313813858597085,8.670451266609042
2014-12-23,sz000901,90.43,86.94,95.0,86.82,90579,293044288.0,8.94,-5.03,-4.6,2.8,4.957027521724735,-0.18021578610364397,94.812,93.05199999999999,92.50639879084702,5.176761476967571,5.123924273137345,5.15145542476735,93.56800000000001,93.99672727272727,92.10156839179469,5.278376730291001,5.223330029352665,5.233515687597248,87.393,91.02442857142857,88.82937258180243,5.288351196503126,5.2974821778604495,5.254163791088841,83.62433333333334,87.6798494623656,86.06058649481396,5.200997092638375,5.263722315733825,5.245689605900109,78.6765,83.37091256830601,79.28495077891455,5.210317529465087,5.227694133636934,5.222386177199545,8.466933260560642
2014-12-24,sz000901,87.08,90.34,92.97,87.0,106374,342926400.0,6.87,3.91,3.4,3.29,5.026835490399123,0.06980796867438865,93.85600000000001,91.56133333333334,91.78426586056469,5.139229744406842,5.073948944281196,5.109915446644608,93.60300000000001,93.4098181818182,91.78128322965019,5.240608379772267,5.177595258463232,5.195937469924862,87.90950000000001,91.30509523809522,88.97324185972602,5.27631795805342,5.272575920136259,5.232513476737439,83.96300000000001,88.1131182795699,86.33667768869694,5.2043880847580235,5.252486083331293,5.231569985545208,79.18333333333334,83.75332240437157,79.64741140911407,5.206668880578786,5.221678329077396,5.215974679271662,8.53520092032341
2014-12-25,sz000901,89.27,97.97,98.82,88.68,161128,546732816.0,11.22,8.45,7.63,4.98,5.207171016451865,0.18033552605274217,93.134,92.93266666666666,93.84617724037646,5.097690327232075,5.096596034962871,5.142333969913694,94.29599999999999,94.20381818181818,92.90650446062287,5.224000066307715,5.171515737859523,5.197979932929772,88.837,92.26323809523811,89.83007596832354,5.281789182544567,5.265990497126588,5.2300999090911935,84.72866666666667,89.01679569892472,87.08721461200682,5.20591315475527,5.25266562731154,5.229995858506928,79.83966666666667,84.36927868852459,80.24815201865131,5.209288581083224,5.221694792548645,5.215686034589046,8.737775141899602
2014-12-26,sz000901,96.23,95.82,97.71,94.22,161271,550599632.0,3.56,-2.19,-2.15,4.98,5.207556278906059,0.00038526245419401306,92.52199999999999,93.828,94.50411816025098,5.107166723062032,5.1332180188541985,5.164074739577816,94.94500000000001,94.4809090909091,93.4362309223278,5.229976626343344,5.16852595833195,5.199721086743642,89.7745,92.92828571428572,90.4005449237213,5.287765333291983,5.258920696780063,5.227952896692609,85.42166666666667,89.73236559139784,87.65062012090961,5.214291949034686,5.2527716353212695,5.22854814369397,80.46383333333333,84.89322404371585,80.75870441148241,5.217195768890385,5.22163799575595,5.215419485222391,8.740835916791378
2014-12-29,sz000901,95.09,97.94,98.18,91.01,142165,482305312.0,7.48,2.21,2.12,4.39,5.152792689376756,-0.05476358952930305,93.80199999999999,95.634,95.64941210683399,5.110276599371708,5.148426674292439,5.160314056177463,95.477,95.02545454545454,94.25509802735911,5.199142974833412,5.154492515247116,5.191188650858753,90.9495,93.7059523809524,91.11858826431927,5.295659868848757,5.246066159264327,5.220794781710147,86.15733333333334,90.54,88.31445108085093,5.220576855895032,5.24880394114979,5.223660695028343,81.10283333333334,85.46621311475411,81.32202557831904,5.222061133487992,5.219526419378454,5.213366147653682,8.68332204516796
2014-12-30,sz000901,97.68,93.37,100.62,93.29,123934,425896800.0,7.48,-4.67,-4.57,3.83,5.09319046688251,-0.05960222249424607,95.088,95.49,94.88960807122267,5.137509188403262,5.142731296796041,5.137939526412479,94.95,94.64236363636364,94.09417111329381,5.157135332685417,5.135228422892407,5.173370799226709,91.88399999999999,93.93647619047621,91.3330084296222,5.300961561779412,5.226783359077065,5.208641989821801,86.72600000000001,91.00533333333333,88.64061552724766,5.224135493826817,5.240585464439304,5.215243260954418,81.67316666666667,85.86841530054646,81.71704113312825,5.22576274104139,5.215301151620898,5.209425961398889,8.629304376989543
2014-12-31,sz000901,93.43,94.36,96.58,93.43,93528,317912608.0,3.37,1.06,0.99,2.89,4.970941647504296,-0.12224881937821408,95.892,95.24733333333333,94.71307204748179,5.126330419824297,5.087208783163051,5.0822735667764185,94.874,94.53509090909091,94.14250363814948,5.13278008211557,5.101375025586749,5.1365654989135425,92.718,94.17228571428572,91.62129334108675,5.287051173152401,5.195352891050864,5.186003861982038,87.36766666666668,91.49784946236561,89.00960807387685,5.220780142006971,5.2242503775797875,5.199481866538282,82.20883333333333,86.2843770491803,82.13156437466503,5.220495408216445,5.206946361668861,5.201606803566279,8.502307751809862
2015-01-05,sz000901,94.65,91.25,95.82,89.27,102207,337385152.0,6.94,-3.3,-3.11,3.16,5.009480640977426,0.0385389934731295,94.548,93.7,93.5587146983212,5.086792344729409,5.048258856880762,5.058009258176755,93.841,93.8761818181818,93.61659388575866,5.092241335980743,5.078956945379813,5.1134591611069755,93.334,94.03247619047617,91.58593207050707,5.274236335069385,5.168917602272296,5.169192126648266,87.93933333333334,91.74832258064517,89.15414948846545,5.2238386295647325,5.210618151706913,5.187223722953711,82.67333333333335,86.58080874316938,82.43052947713502,5.21597028741599,5.200027844710205,5.1953075851207435,8.528125965786126
2015-01-06,sz000901,89.88,94.51,96.72,89.5,148437,499173616.0,7.91,3.57,3.26,4.59,5.1715421684158205,0.16206152743839475,94.286,93.68733333333333,93.87580979888081,5.079589522631362,5.076508798109566,5.095853561589777,93.404,93.99781818181819,93.77903136107527,5.093378122846697,5.0933752785498285,5.124019707890401,93.69800000000001,94.1444761904762,91.86441473045878,5.251837438114906,5.159137205448146,5.169415940149937,88.616,92.17223655913979,89.4996882311451,5.231330167602877,5.2072441864715,5.186212009757718,83.08716666666668,86.9688961748634,82.82657769099944,5.211250633366226,5.198571185070856,5.194528391130418,8.698251622490824
2015-01-07,sz000901,93.98,93.17,96.37,91.01,119992,398991776.0,5.67,-1.42,-1.34,3.71,5.079152292117023,-0.0923898762987978,93.33200000000001,93.31533333333333,93.64053986592054,5.0648614431794154,5.076363054604784,5.090286471765526,93.56700000000001,93.95527272727273,93.6682983863343,5.087569021275561,5.090788763871704,5.1158619959316045,93.5395,94.09419047619048,91.9887561847008,5.218881994962976,5.142691001067396,5.160819402242041,89.17033333333333,92.46604301075268,89.73648253881316,5.228033582439041,5.197426259020799,5.179304931200254,83.51083333333334,87.29948087431693,83.16570629129454,5.204987617672292,5.194240091915144,5.190745568211946,8.600963944121265
2015-01-08,sz000901,92.15,91.68,94.8,91.22,81152,269555952.0,3.84,-1.6,-1.49,2.51,4.909299227529601,-0.16985306458742144,92.994,92.76466666666668,92.98702657728037,5.028083195308834,5.024508982721514,5.029957390353552,94.041,93.61218181818182,93.30678958881897,5.0827961918560485,5.058376074099711,5.078305128949421,93.80449999999999,93.91709523809524,91.95935083377691,5.180586461073524,5.113206927978503,5.136865099888475,89.609,92.62795698924731,89.86187076211556,5.219832861620767,5.176862752252449,5.161885208382793,83.90033333333332,87.56732240437158,83.44486346207177,5.199592077044284,5.1845453905989904,5.181517819337114,8.430648925822299
2015-01-09,sz000901,92.44,90.87,94.51,90.72,103886,343844512.0,4.13,-0.88,-0.81,3.21,5.0165570246272795,0.10725779709767824,92.296,92.05666666666666,92.28135105152026,5.03720627073343,5.020666925827663,5.025490601778128,94.094,93.03563636363637,92.86373693630642,5.081768345278864,5.046332589149026,5.06707820089085,93.8485,93.63761904761905,91.85560313532197,5.161188362525565,5.097585076888383,5.125407187958837,89.971,92.709311827957,89.9269113581081,5.2114680871285675,5.163748182123836,5.152509196527599,84.30016666666666,87.79583606557377,83.68831056167598,5.197187201877459,5.178544241339416,5.176109268690889,8.536362097088286
2015-01-12,sz000901,89.27,85.83,89.27,84.9,108927,339129152.0,4.81,-5.55,-5.04,3.37,5.037135542727504,0.020578518100224485,91.212,89.90133333333333,90.13090070101352,5.042737251083446,5.020643349825687,5.029372248761254,92.88000000000001,91.53309090909092,91.5848756751598,5.064764797906427,5.038217534139688,5.061634081224787,93.588,92.87395238095237,91.28173617005321,5.144382432107071,5.085770522621902,5.117000364603472,90.18466666666667,92.44215053763443,89.66259449629467,5.209447720998521,5.152500921194735,5.14506573499211,84.58433333333332,87.84599453551911,83.75852988752266,5.19291262723963,5.173296645957451,5.171552753085533,8.530365123923064
2015-01-13,sz000901,84.58,86.35,88.39,84.58,83788,260022194.0,4.44,0.61,0.52,2.59,4.92318182403649,-0.11395371869101378,89.58000000000001,88.28066666666668,88.87060046734234,4.993065182207579,4.980791540810035,4.993975440519666,91.933,90.34581818181819,90.63308009785801,5.0363273524194705,5.012475175254245,5.036460943554187,93.43900000000001,92.18461904761904,90.81204701100052,5.133151989381408,5.064703798043752,5.098541455978045,90.494,92.19475268817204,89.44887872234017,5.203952673001145,5.134032153648797,5.130750643962715,84.88683333333333,87.90388524590165,83.84349612071863,5.190168058928127,5.164453013065544,5.163409443936384,8.415010418433765
2015-01-14,sz000901,86.35,86.3,88.68,85.04,71137,221184648.0,4.22,-0.06,-0.05,2.2,4.852095546105342,-0.07108627793114852,88.20599999999999,87.18733333333333,88.0137336448949,4.947653833005243,4.933801662109289,4.946682142381558,90.769,89.32163636363637,89.84524735279291,5.006257638092329,4.978978483197131,5.002939962199851,93.123,91.5047142857143,90.38232824804808,5.102700306462871,5.037936517731746,5.075070416942549,90.88933333333334,91.92417204301074,89.24572525638274,5.199192458596614,5.11133169384907,5.112772895713852,85.10933333333334,87.95021857923498,83.92403723151473,5.180108763590877,5.153368668382829,5.153202430892743,8.344754980135994
2015-01-15,sz000901,86.27,87.37,87.58,85.77,87276,272726672.0,2.1,1.24,1.07,2.7,4.940894833619059,0.08879928751371757,87.34400000000001,86.90866666666668,87.79915576326327,4.9539729542231346,4.9315486623138955,4.944753039460726,90.16900000000001,88.70363636363636,89.39520237955783,4.991028074765984,4.9670943369292635,4.991659029730616,92.5595,90.95680952380953,90.09543984347208,5.074081703725701,5.022526472699002,5.062291789959359,91.31233333333333,91.69711827956988,89.1247107237129,5.197650399441603,5.09466733094729,5.1016839884819305,85.262,88.02433879781422,84.0370196173667,5.1717060007186,5.145525588711623,5.146241526064097,8.435727612954405
2015-01-16,sz000901,87.29,86.73,87.64,86.09,89887,279530496.0,1.77,-0.73,-0.64,2.78,4.953696885987823,0.012802052368764194,86.51599999999999,86.704,87.44277050884219,4.941400926495244,4.9314566395687915,4.947734321636426,89.406,88.07836363636363,88.91062012872912,4.989303598614336,4.960306848060506,4.98475682177738,92.14,90.40161904761905,89.7749217631414,5.061041840364953,5.01106125196206,5.051949418152546,91.614,91.40148387096775,88.9702132576669,5.187801981639713,5.078928394595434,5.0921364334823105,85.39233333333333,88.0724699453552,84.12531405614155,5.163667264805491,5.138377748884384,5.139928587045203,8.446429195127768
2015-01-19,sz000901,84.87,83.88,87.49,80.3,109184,334090304.0,8.29,-3.29,-2.85,3.37,5.038159000815392,0.08446211482756816,86.126,85.82533333333335,86.25518033922813,4.941605618112821,4.9637093310088405,4.977875881362748,88.66900000000001,87.07363636363637,87.99596192350563,4.992171434598133,4.9691896484606985,4.9944663088752,91.25500000000001,89.61495238095237,89.21350064284223,5.042206385289438,5.008881933909721,5.0506360450728165,91.77900000000001,90.90251612903225,88.64181240233356,5.180214701578968,5.069274008735801,5.0886540184715425,85.48499999999999,88.02288524590165,84.11727097233363,5.159611821210421,5.134262723835527,5.136591879299963,8.523863871686018
2015-01-20,sz000901,84.84,88.33,89.24,84.29,102044,316445664.0,5.9,5.31,4.45,3.15,5.008787474083965,-0.029371526731426734,86.522,86.56,86.94678689281876,4.958726748122316,4.986103282999221,4.988179745603154,88.051,87.012,88.05669611923187,4.9758959651649475,4.972210746549031,4.997070157094975,90.72749999999999,89.33638095238095,89.12935772447631,5.034637044005822,5.005699180461582,5.046650466883402,91.81566666666667,90.67999999999999,88.62169547315075,5.159856947131587,5.058214187607091,5.083501338188473,85.67366666666666,88.11616393442623,84.25539323553579,5.155567959224839,5.129317663274006,5.132401570932225,8.500299149263924
2015-01-21,sz000901,88.39,90.17,90.61,88.01,139953,449038192.0,2.94,2.08,1.84,4.32,5.145982212337597,0.1371947382536325,87.296,87.776,88.02119126187918,5.0175040813687675,5.048521771070981,5.0407805678479685,87.751,87.39727272727272,88.44093318846244,4.9825789571870045,5.003135518762241,5.024145076229997,90.659,89.28328571428573,89.22846651262142,5.035073989231283,5.016303482207465,5.056110633117134,91.61,90.57382795698923,88.72158608778619,5.140114315704319,5.0573190434268325,5.087532362327126,85.9105,88.26358469945357,84.44931476879691,5.1572958679783065,5.129003376490817,5.132846837863548,8.652283280578969
2015-01-22,sz000901,89.85,94.95,98.03,88.04,236776,786528720.0,11.08,5.3,4.78,7.32,5.374337679487549,0.22835546714995125,88.81200000000001,90.32733333333334,90.33079417458612,5.104192650542465,5.167466303777243,5.1519662717278285,88.078,88.7061818181818,89.62439988146926,5.0290828023828,5.07436437736234,5.087816458640461,91.0595,89.69195238095239,89.77337446380034,5.055939497119424,5.048614309850918,5.086417970866697,91.89566666666666,90.789311827957,89.1234192434129,5.130085241509949,5.0724302281870415,5.106035931176185,86.09400000000001,88.5599617486339,84.7935995304757,5.15668047909588,5.136119501458334,5.14076457037581,8.895714585458725
2015-01-23,sz000901,93.93,91.89,94.74,91.74,119450,397335424.0,3.16,-3.22,-3.06,3.69,5.077186154085897,-0.29715152540165146,89.84400000000001,91.35333333333332,90.85052944972408,5.12889050416208,5.15846413829172,5.127039565847185,88.18,89.39927272727273,90.03632717574757,5.035145715328662,5.083110441308357,5.085883675994176,91.137,89.77104761904762,89.9749578482003,5.058457030303762,5.050637800990582,5.085538750220907,91.959,90.78894623655916,89.30190832448304,5.119174146793265,5.069017383837102,5.104174655234877,86.15083333333334,88.74999453551911,85.02626839832895,5.150524991318317,5.133513130146531,5.138680032136796,8.599157285825347
2015-01-26,sz000901,94.74,92.59,94.74,92.18,83987,279338704.0,2.79,0.76,0.7,2.6,4.924212068619151,-0.15297408546674607,91.586,92.26866666666666,91.43035296648273,5.106101117722831,5.090237993110744,5.059430400104507,88.856,90.2010909090909,90.50063132561164,5.023853367917827,5.0629406873611735,5.056488838289625,90.868,89.90942857142856,90.22400948170504,5.044309082912127,5.037852566544429,5.070174304354073,92.01066666666667,90.8296559139785,89.51404327129059,5.104206077377324,5.056439185245225,5.092564165775798,86.24116666666667,88.96111475409836,85.27425959838374,5.1450385089247765,5.126093034320329,5.131648295628021,8.446131113893221
2015-01-27,sz000901,93.05,91.25,93.61,89.85,101212,330986000.0,4.06,-1.45,-1.34,3.13,5.005232006820213,0.08101993820106212,92.17,92.15666666666667,91.37023531098849,5.105390024270082,5.056614956143204,5.041364269009742,89.34599999999999,90.63636363636364,90.63688017550042,5.0320583861962,5.059554985343426,5.0471694143860955,90.6395,89.94580952380952,90.3217228643998,5.034192869307835,5.034130940249961,5.063989323636563,92.07466666666667,90.7805806451613,89.62604047959444,5.099454121653005,5.050053761338314,5.086929832939954,86.3285,89.1253387978142,85.47018551319083,5.143167817749867,5.121509214579196,5.127503499273666,8.519809624436345
2015-01-28,sz000901,91.28,89.7,91.51,89.27,65145,210086435.0,2.45,-1.7,-1.55,2.01,4.813881088417911,-0.19135091840230256,92.076,91.33333333333333,90.81349020732566,5.038969799486144,4.959445310859148,4.965536542145799,89.686,90.70072727272728,90.46653832540943,5.028236940427456,5.019886385747373,5.004753355119153,90.22749999999999,89.85633333333334,90.26251116302839,5.017247289259893,5.013148865879493,5.040169491710977,91.97733333333332,90.62737634408602,89.63081206155609,5.077879184451065,5.031629694677985,5.069313784906274,86.409,89.23587978142078,85.6088679553813,5.137961588820054,5.110712928371591,5.117220797278395,8.32239801149764
2015-01-29,sz000901,88.92,89.03,90.98,87.84,48617,156131001.0,3.5,-0.75,-0.67,1.5,4.686788156406879,-0.12709293201103122,90.892,90.318,90.21899347155045,4.90145989487001,4.842051429832725,4.8726204135661595,89.852,90.58145454545455,90.20534953897135,5.002826272706238,4.957804788652723,4.946941500807831,90.01050000000001,89.74228571428571,90.14512914750188,4.99692717373611,4.9816765675125385,5.00651412644392,91.657,90.43722580645162,89.59204999306861,5.05032989338588,5.006398015449328,5.044634712099863,86.52400000000002,89.32181420765026,85.72103621913928,5.127186691602442,5.095920356817059,5.10310825167605,8.193489144103408
2015-01-30,sz000901,90.08,88.54,90.58,88.39,45763,146707419.0,2.46,-0.55,-0.49,1.41,4.660514486954972,-0.02627366945190701,90.22200000000001,89.53400000000002,89.65932898103364,4.818125561443826,4.761736293861046,4.801918438029097,90.033,90.3429090909091,89.90255871370383,4.973508032802952,4.895566282152492,4.894863861925492,89.71950000000001,89.6022380952381,89.99225970488266,4.981405815708645,4.9496372640095725,4.973561779825926,91.43766666666667,90.23612903225808,89.52417579996742,5.031863904510953,4.981248634389269,5.019852762090515,86.62150000000001,89.38791256830599,85.8134612611347,5.118916267913972,5.080619628795831,5.088596980701589,8.1664520766878
2015-02-02,sz000901,87.26,86.21,87.37,85.48,61364,190424440.0,2.13,-2.63,-2.33,1.9,4.787913661262104,0.12739917430713188,88.946,88.19666666666667,88.50955265402243,4.790865879972416,4.751665660467139,4.797250179106767,90.26599999999999,89.64781818181818,89.2311844021213,4.948483498847624,4.861821850963248,4.875418370895785,89.4675,89.26800000000001,89.63204449489383,4.970327466722878,4.931209439776569,4.9558810066293715,90.92533333333334,89.89886021505377,89.31035800642114,5.010965423142166,4.965509909018376,5.004888949133844,86.71766666666667,89.37442076502731,85.82646253126144,5.111828978239444,5.069767084315443,5.078738511211769,8.279722687094528
2015-02-03,sz000901,86.15,87.02,87.64,84.32,64412,198979051.0,3.85,0.94,0.81,1.99,4.808966784258827,0.02105312299672235,88.1,87.55466666666666,88.01303510268163,4.751612835460139,4.757699295229275,4.801155714157454,90.13499999999999,89.05763636363636,88.82915087446288,4.9285014298651095,4.836455175583467,4.86333626423452,89.09299999999999,89.03490476190477,89.38327835252299,4.952198697515029,4.915841755732374,4.941889175927415,90.53,89.64690322580644,89.16259297374881,4.9992585059589185,4.952477738767838,4.9922488094644875,86.80883333333333,89.38433333333334,85.86559490728565,5.104101442566056,5.059837176316077,5.069893536557574,8.298807355233746
2015-02-04,sz000901,87.05,87.81,90.72,87.02,95764,305231888.0,4.25,0.91,0.79,2.96,4.981202277975283,0.17223549371645674,87.722,87.458,87.9453567351211,4.785077073371613,4.834229109400991,4.861171235430064,89.899,88.63490909090909,88.64385071546963,4.912023436428879,4.846037147967135,4.884766448551022,88.825,88.9127142857143,89.23344231894937,4.947301196807942,4.918604001490492,4.945633280884355,90.40566666666668,89.4714193548387,89.07532891092632,4.994057138297149,4.95131282083341,4.991536130013571,86.88883333333335,89.41715846994535,85.92934589393202,5.100297660207236,5.055807695509823,5.066985626440122,8.484629903001759
2015-02-05,sz000901,88.92,85.19,89.18,85.16,100252,309966912.0,4.58,-2.98,-2.62,3.1,5.00109304543486,0.019890767459576963,86.954,86.614,87.02690449008074,4.847938051177209,4.906234433422073,4.907811838764996,88.92299999999999,87.77872727272727,88.01587785811151,4.87469897302361,4.8622316223318585,4.905916738893538,88.5005,88.56652380952382,88.84835257428752,4.951890887703205,4.923727034693057,4.950915163222499,90.34733333333334,89.13492473118279,88.82466252957624,4.995525989087486,4.951766750326166,4.992152705202042,86.98583333333333,89.36145901639344,85.90510504495063,5.098261540862931,5.052555085189417,5.064825213948146,8.491315336728587
2015-02-06,sz000901,85.1,81.0,85.42,80.5,91518,271948192.0,5.78,-4.92,-4.19,2.83,4.961506520644156,-0.039586524790704125,85.446,84.62933333333334,85.0179363267205,4.908136457915046,4.944090589911055,4.925710066058049,87.83399999999999,86.33818181818182,86.74026370209124,4.863131009679436,4.878014812808321,4.916023971939104,88.00699999999999,87.85219047619047,88.10089042435537,4.9491383625040495,4.924642809258862,4.9519238639293235,90.036,88.53187096774194,88.31984559218422,4.993348356762321,4.949571945910468,4.990175532004759,86.9995,89.16520218579235,85.74428192872274,5.098868220760172,5.048071314034703,5.061437715807031,8.434486175829868
2015-02-09,sz000901,80.18,80.44,81.81,79.98,34774,101480254.0,2.26,-0.69,-0.56,1.07,4.541254649786259,-0.4202518708578973,84.292,82.96066666666667,83.49195755114701,4.858804655619878,4.821796653868126,4.797558260634119,86.619,84.99381818181818,85.59476121080192,4.824835267796146,4.81949183828229,4.847884095184042,87.7375,87.1315238095238,87.371281812512,4.924344317856987,4.885796741380976,4.912812510201413,89.45166666666667,87.91277419354837,87.8114684572046,4.9711511445401335,4.920404609976527,4.9612128944422755,87.09016666666666,88.95013661202186,85.5703710458138,5.088532149647702,5.029788901871624,5.044382533314547,8.00638154556842
2015-02-10,sz000901,80.76,81.75,81.96,80.59,31264,91651229.0,1.7,1.63,1.31,0.97,4.495044542038679,-0.046210107747580054,83.238,82.11333333333333,82.911305034098,4.7960202071758475,4.700543282674393,4.696720354435639,85.66900000000001,84.10854545454546,84.89571371792883,4.773816521317993,4.759529888144567,4.783731449157612,87.5075,86.5612857142857,86.83592163989181,4.9029374537570956,4.8449110484458995,4.873025084662105,88.98266666666667,87.41589247311829,87.42040597609463,4.9474007533112205,4.889688054976433,4.93113751686785,87.20216666666666,88.77504918032785,85.44511297873794,5.080846351172953,5.010330291786083,5.026371451633371,7.962138293022617
2015-02-11,sz000901,82.74,82.6,83.15,81.81,30015,89088385.0,1.64,1.04,0.85,0.93,4.477338347691893,-0.01770619434678622,82.196,81.90066666666667,82.80753668939867,4.69524742111917,4.594315996179742,4.623593018854391,84.959,83.55054545454547,84.47831122375995,4.740162247245391,4.705624765667095,4.728023612527481,87.3225,86.09390476190477,86.43250053133067,4.884199593836423,4.804377800249213,4.835340633522085,88.47133333333333,87.00410752688171,87.10941204215304,4.924885608588392,4.859361448162283,4.901860151114563,87.31433333333332,88.62415846994536,85.35183058599243,5.072731232241711,4.9905431441309664,5.00837036625824,7.949821086088242
2015-02-12,sz000901,82.42,83.68,84.2,81.84,50186,149947223.0,2.86,1.31,1.08,1.55,4.700582582269916,0.223244234578023,81.894,82.39533333333334,83.09835779293246,4.63514532848618,4.596094383229991,4.649256206659565,84.424,83.318,84.33316372853086,4.741541689831695,4.698428462944281,4.723034334298832,87.138,85.747,86.17035762358489,4.872183981268966,4.786890465814308,4.822506533402831,88.14833333333333,86.69498924731184,86.88815965233673,4.911798679101306,4.844890285173994,4.888874501511683,87.43716666666667,88.50499999999998,85.2970164684189,5.067967086464062,4.978341549049922,4.998278963504524,8.175938427101588
2015-02-13,sz000901,83.68,84.08,84.84,83.44,65944,199444915.0,1.67,0.48,0.4,2.04,4.819175286835646,0.11859270456573068,82.51,83.12400000000001,83.42557186195498,4.6066790817244785,4.657437702679812,4.705895900051592,83.978,83.25545454545455,84.28713395970706,4.757407769819762,4.712543662399545,4.740514507487344,87.00550000000001,85.4557619047619,85.97127594514824,4.865457901311357,4.7818420187254205,4.822189271825004,87.80566666666667,86.43251612903227,86.70698806186338,4.9067398004123515,4.8389145824471775,4.884377777984197,87.58666666666666,88.39492896174862,85.25711428912648,5.063759971209661,4.970184440865385,4.992406711810463,8.299822968118445
2015-02-16,sz000901,84.08,84.11,84.55,83.53,45968,138900724.0,1.21,0.04,0.03,1.42,4.662455608647872,-0.15671967818777421,83.244,83.65733333333333,83.65371457463665,4.630919273496802,4.676029878320944,4.691415802917019,83.768,83.27945454545456,84.25492778521487,4.744861964558339,4.695279633095565,4.726321980425621,87.017,85.17999999999999,85.79401156941984,4.846672731702982,4.762508467043184,4.806976541998611,87.56766666666665,86.19408602150537,86.53944044496897,4.895172299334699,4.82315431201076,4.870060218672176,87.7535,88.2809398907104,85.21950398456495,5.059505464449716,4.9570269207813915,4.981588642854312,8.142704509440895
2015-02-17,sz000901,84.2,84.26,85.69,83.91,48735,148084664.0,2.12,0.18,0.15,1.51,4.687840970400664,0.025385361752792157,83.74600000000001,83.99600000000001,83.85580971642443,4.669478559169198,4.695003777288899,4.690224192078235,83.492,83.36890909090909,84.2558500060849,4.732749383172523,4.684912179612352,4.719325433148356,86.8135,84.91742857142857,85.64791522947509,4.830625406518817,4.74738163263344,4.7956302970845215,87.22600000000001,85.98068817204302,86.39237977110001,4.879048926067527,4.809778097240822,4.85830413813853,87.921,88.16639890710383,85.18804483753003,5.055189546835203,4.94484119966503,4.971957571626324,8.17051008428054
2015-02-25,sz000901,84.9,85.25,86.44,84.0,66291,203118778.0,2.9,1.17,0.99,2.05,4.82145457040094,0.13361360000027567,84.276,84.49733333333333,84.32053981094963,4.738301803711008,4.745662447699479,4.733967651519137,83.236,83.68854545454545,84.43660455043309,4.716774612415088,4.701040395472064,4.73789436719428,86.5675,84.76852380952381,85.61001854095366,4.814399024421983,4.746508219669832,4.798089751686086,86.962,85.85320430107527,86.31867785038389,4.870459002010325,4.806062332359107,4.855926746671589,88.06616666666667,88.07882513661202,85.19007615433233,5.049246292224683,4.937177757814726,4.967023046995983,8.30775007507789
2015-02-26,sz000901,85.28,86.15,86.24,84.64,53538,164261896.0,1.88,1.06,0.9,1.65,4.7286621433696405,-0.09279242703129942,84.77000000000001,85.122,84.93035987396642,4.743917715930953,4.74244922758569,4.732199148802638,83.33200000000001,84.21836363636363,84.74813099580889,4.689531522208567,4.703201764736528,4.736215781044345,86.12750000000001,84.72876190476191,85.66144534657712,4.782115247616089,4.738342802426752,4.791477598513091,86.77766666666668,85.80081720430107,86.30779540842364,4.864437765871659,4.796914147930676,4.8477161271037215,88.19333333333333,88.01599999999998,85.22154906730505,5.042135313746213,4.92666680211456,4.959207935401676,8.215536831382964
2015-02-27,sz000901,88.92,95.15,95.15,88.92,159831,537498720.0,7.23,10.45,9.0,4.94,5.203661016675312,0.4749988733056716,86.98400000000001,88.58200000000001,88.33690658264429,4.820814861898886,4.895696994500477,4.889353104760197,84.747,86.36709090909092,86.63937990566181,4.713746971811682,4.796679854639573,4.821205823886339,86.2905,85.58804761904763,86.56511721833168,4.78843899074556,4.77849001852763,4.830733162147588,86.92033333333332,86.34096774193547,86.87826022078342,4.870674565606593,4.818799518950265,4.870680313527695,88.44566666666668,88.244087431694,85.54707204870488,5.041071326367581,4.931962726800761,4.967222790525402,8.730377434359552
2015-03-02,sz000901,95.15,97.04,98.64,94.19,349000,1203136240.0,4.68,1.99,1.89,10.78,5.54282542695918,0.33916441028386757,89.57000000000001,91.93400000000001,91.23793772176286,4.996888825561148,5.136367182853907,5.107177212159858,86.40700000000001,88.60218181818183,88.53040174099603,4.813904049528974,4.947421391939117,4.952409388081401,86.513,86.61180952380954,87.56272510230009,4.819369658662561,4.85033634578607,4.898551473082025,87.29400000000001,86.99384946236557,87.5338563355716,4.887530895080983,4.862164090650433,4.914044514394242,88.73933333333335,88.52586885245903,85.9238893585834,5.048489308039751,4.9484136809185175,4.986095008113395,9.080314808495338
2015-03-03,sz000901,96.2,96.08,100.42,93.29,260264,903378976.0,7.35,-0.99,-0.96,8.04,5.415414100177633,-0.1274113267815471,91.934,94.104,92.85195848117525,5.142403451516541,5.275875607726069,5.209922841499116,87.84,90.3609090909091,89.90305596990584,4.90594100534287,5.056786855693419,5.036592063007989,86.75450000000001,87.52295238095238,88.37389414017628,4.839878763330431,4.907102483073221,4.947776485186369,87.61833333333334,87.56068817204302,88.08522044295408,4.903938637619021,4.89622107162441,4.946390939283494,89.05616666666667,88.76654644808741,86.2568765927282,5.053945655310082,4.96044400197222,5.00017104391878,8.955869979170435
2015-03-04,sz000901,96.08,97.39,99.46,94.97,175640,609500960.0,4.67,1.36,1.31,5.43,5.24462342843235,-0.17079067174528273,94.362,95.92266666666667,94.36463898745018,5.227037223122823,5.309948933364671,5.221489703810194,89.31899999999999,92.09727272727274,91.26431852083203,4.982669513416916,5.118365478073324,5.0744159476306,87.139,88.53585714285714,89.23257088873092,4.861415880331153,4.945649594035308,4.976047622638367,87.988,88.19111827956988,88.68552880147318,4.917022900363254,4.918200735547852,4.965631745035033,89.43866666666668,89.0397868852459,86.62189703231088,5.058107679479933,4.966695732238523,5.008185876197913,8.784974393994391
2015-03-05,sz000901,99.6,94.22,100.33,92.47,175390,601200128.0,8.07,-3.25,-3.17,5.42,5.2440048280914535,-0.0006186003408963359,95.976,95.87533333333334,94.31642599163345,5.330105760067186,5.31560480168755,5.228994745237281,90.373,92.98836363636363,91.80171515340803,5.0370117379990695,5.165880989832331,5.105250289532573,87.3985,89.2102380952381,89.7075641374232,4.889276713915382,4.982086636679146,5.001567356491042,88.21633333333332,88.59318279569891,89.04259145944266,4.927126566845668,4.93929634378838,4.983591298780609,89.76433333333333,89.19655191256832,86.87101516239906,5.062388483143635,4.9727907207175885,5.015917645112454,8.77901906437942
2015-03-06,sz000901,93.37,91.39,94.51,91.31,108985,361215728.0,3.4,-3.0,-2.83,3.37,5.03736672853228,-0.20663809955917323,95.224,94.34666666666666,93.34095066108898,5.296846902438579,5.218025124509248,5.165118739668948,91.104,93.17327272727272,91.72685785278838,5.058830882168732,5.165945533565643,5.092907823896155,87.541,89.59038095238095,89.86779612433529,4.908119325994248,4.9961904475950405,5.004976820494969,88.37166666666667,88.79793548387096,89.19403717173668,4.9299155615971495,4.94640861228429,4.987060681345233,89.99283333333332,89.2498524590164,87.01917859969744,5.058858771618431,4.971970335320495,5.016620893749169,8.557766652037097
2015-03-09,sz000901,90.4,92.18,92.62,88.89,81067,263760674.0,4.08,0.86,0.79,2.5,4.9088441016277,-0.12852262690458005,94.252,93.33200000000001,92.95396710739266,5.170050637372283,5.088690857572288,5.079693860321866,91.911,93.36890909090909,91.80924733409958,5.083469731466716,5.138675209830909,5.059441692574618,87.83950000000002,90.03219047619046,90.08800601725574,4.914165848012527,4.9962594738458455,4.995821323459991,88.64833333333333,89.04363440860216,89.38667993485045,4.925605064957559,4.945049163254003,4.982014450395715,90.21366666666668,89.32156284153007,87.18838585872375,5.052909883268264,4.9670518215503074,5.013087228433712,8.42121004390954
2015-03-10,sz000901,92.18,92.62,94.1,91.01,91047,301461344.0,3.35,0.48,0.44,2.81,4.9592656403570725,0.05042153872937227,93.56,92.78800000000001,92.84264473826178,5.078820945408171,5.018429191900551,5.039551120333602,92.747,93.49781818181816,91.95665690971784,5.1106121984623565,5.116092647810974,5.0412278648987,88.1195,90.4874761904762,90.32914830132661,4.921680790817439,5.000554692164373,4.992339829831142,88.79133333333333,89.29987096774194,89.59528122937623,4.923954337166663,4.947220813279779,4.980546785231932,90.3035,89.40045901639344,87.36647156827378,5.041905642149124,4.96398151850404,5.011322586201691,8.479231631024085
2015-03-11,sz000901,92.64,91.36,93.17,90.72,69546,228289202.0,2.65,-1.36,-1.26,2.15,4.842272156213266,-0.11699348414380673,92.35400000000001,92.05466666666666,92.34842982550786,4.998350690964355,4.9395795955022495,4.973791465626824,93.358,93.24563636363636,91.84817383522368,5.112693957043589,5.06730354922023,5.005054099683166,88.297,90.79609523809523,90.42732465358122,4.914734284729339,4.992991965059215,4.978047670438964,88.83099999999999,89.46559139784948,89.70913405328744,4.913830668629185,4.9419509951537535,4.971625841424276,90.22049999999999,89.43509836065574,87.49740692669103,5.026972492166752,4.957436158309418,5.00577994915289,8.358485369997814
2015-03-12,sz000901,91.39,90.08,93.02,89.09,96239,311828784.0,4.3,-1.4,-1.28,2.97,4.983351101689038,0.1410789454757726,91.526,91.29666666666665,91.59228655033857,4.946219945683872,4.934579732410477,4.976978010980895,93.751,92.64963636363636,91.52668768336481,5.138162852875529,5.0437866664284945,5.00110810004787,88.54150000000001,90.96590476190474,90.39424611514491,4.913847187542048,4.999526900007758,4.978552759129447,88.66866666666667,89.54617204301076,89.73306088855922,4.900797782702568,4.946436184383421,4.972382309828455,90.28216666666667,89.43049180327868,87.58208210942246,5.015441512106259,4.9560059487855606,5.005044577104894,8.493916201152363
2015-03-13,sz000901,90.29,91.36,91.83,90.05,73217,238411611.0,1.98,1.42,1.28,2.26,4.864611930088566,-0.1187391716004722,91.52000000000001,91.24133333333333,91.51485770022572,4.911668985995129,4.907377060545375,4.939522650683452,93.372,92.2149090909091,91.49638083184394,5.104257944216854,4.994050135012683,4.976290614600724,89.0595,91.23433333333335,90.48622267560731,4.9090024580142675,4.994837827869331,4.967701251601744,88.65100000000001,89.71980645161291,89.83802470220057,4.89371197523599,4.9441016132470335,4.965429382103301,90.305,89.4658306010929,87.70594826976927,5.006443061014627,4.951060716588258,5.000440228022391,8.377327402370366
2015-03-16,sz000901,92.73,94.07,94.3,91.45,138786,461974512.0,3.12,2.97,2.71,4.29,5.142345658990582,0.27773372890201564,91.898,92.09133333333332,92.36657180015048,4.958369297467705,4.984269284877192,5.007130320119162,93.075,92.34181818181817,91.96431158969048,5.064209967419994,5.000975174062451,5.006482440853425,89.74100000000001,91.71152380952383,90.82753480173996,4.939057008474484,5.017060989867075,4.984334052305442,88.70033333333335,90.0694193548387,90.11105536657473,4.900983094915038,4.96014249606991,4.9768433354508685,90.35549999999999,89.58927322404371,87.91460570354732,5.00259458614618,4.955516539472717,5.0050928651033155,8.664618015376242
2015-03-17,sz000901,94.1,96.52,99.69,92.94,245768,848886048.0,7.18,2.6,2.45,7.59,5.390525335311492,0.24817967632090987,92.678,93.63199999999999,93.751047866767,5.044621236458588,5.128321297491789,5.134928658516605,93.119,92.96818181818182,92.79261857338311,5.06172109093338,5.0603052409518146,5.076308421663983,90.4795,92.35714285714286,91.36967434443139,4.983831048138124,5.060057973375361,5.0230189364012565,88.876,90.57391397849463,90.5245356655054,4.913826205864748,4.991725866418069,5.0035324967322,90.47533333333332,89.7913879781421,88.19674977884084,5.006640163758876,4.968235580428957,5.017729995274076,8.928849395725384
2015-03-18,sz000901,95.47,97.39,98.88,94.86,186376,643537472.0,4.16,0.9,0.87,5.76,5.270389986673347,-0.12013534863814446,93.88399999999999,95.20266666666666,94.96403191117801,5.130244802550605,5.203577547563374,5.1800824345688525,93.119,93.74472727272726,93.62850610549526,5.06429774675748,5.098245040177264,5.111595978938412,91.219,93.01528571428571,91.94303869258079,5.023483630087197,5.087349300854905,5.046578084046217,89.13233333333334,91.12320430107528,90.96746884837601,4.929043169139929,5.014729981308946,5.020749108986468,90.55483333333333,90.01809836065571,88.49816781887884,5.003461176795498,4.976883115606479,5.026013929418314,8.808573840143307
2015-03-19,sz000901,97.94,98.26,100.33,96.43,217012,763532272.0,4.0,0.89,0.87,6.71,5.336483749469223,0.06609376279587575,95.52000000000001,96.66133333333332,96.06268794078534,5.200871332106642,5.272323863202914,5.23221620620231,93.523,94.67945454545456,94.47059590449612,5.073545638895256,5.147733404306671,5.152484664489469,91.94800000000001,93.68585714285716,92.54465405519213,5.055278688447163,5.117158836034146,5.074188147419837,89.44,91.71208602150539,91.43795472912596,4.950699688908673,5.04101647036245,5.041119085791808,90.5485,90.27072677595629,88.81822789039101,5.000514791147277,4.9878018884810285,5.0361932677806385,8.882827397980941
2015-03-20,sz000901,98.5,96.93,99.4,96.55,158171,550825248.0,2.9,-1.35,-1.33,4.89,5.199126860359615,-0.13735688910960775,96.63399999999999,97.13133333333333,96.35179196052357,5.267774318160852,5.271742372620571,5.2211864242547446,94.077,95.2989090909091,94.91776028549683,5.089721652077991,5.170566353663827,5.160965063738586,92.59049999999999,94.16033333333333,92.96230604993573,5.074276267123361,5.130858661930571,5.08608707246172,89.71966666666667,92.19531182795698,91.79228023047267,4.968653434688829,5.057044029810896,5.051313135763925,90.57866666666665,90.47995628415299,89.08418763168966,5.000258669599891,4.994313759602745,5.041535352783228,8.741013838657825
2015-03-23,sz000901,97.62,97.3,97.77,96.05,165331,572833680.0,1.77,0.38,0.37,5.11,5.21835429257129,0.019227432211674333,97.28,97.35333333333334,96.66786130701573,5.282976044876993,5.255269030757385,5.22024238036026,94.589,95.88490909090909,95.35089477904285,5.120672671172349,5.19395410648079,5.171399468980896,93.25,94.60885714285715,93.37541975946566,5.102071201319532,5.144580378639898,5.098683950567394,90.08933333333333,92.68436559139785,92.14761698979703,4.9830014557324676,5.073153762577507,5.062089984590207,90.50733333333332,90.70032786885244,89.3535585290113,4.996983439437318,5.00146443576574,5.047332695071361,8.758028544579375
2015-03-24,sz000901,98.0,100.01,103.19,97.36,364411,1300586112.0,5.99,2.79,2.71,11.26,5.5615914779804285,0.34323718540913895,97.978,98.26333333333334,97.7819075380105,5.317189273410781,5.348140841791862,5.334025412900316,95.328,96.87054545454545,96.19800481921688,5.180905254934684,5.274121162264078,5.242343470617174,94.0375,95.25266666666667,94.00728454427845,5.14575872669852,5.188344214512363,5.142770381749588,90.52233333333334,93.32440860215054,92.65486750658432,5.008088945523188,5.110482151109633,5.094315887389577,90.52616666666667,91.01189071038252,89.70295005265027,5.003673725741053,5.019976174734369,5.064193638773298,9.114139112186129
2015-03-25,sz000901,100.04,97.45,100.33,96.9,179218,627455920.0,3.43,-2.56,-2.56,5.54,5.253381626465004,-0.3082098515154241,97.99000000000001,98.08733333333333,97.67127169200701,5.313787601369112,5.32687162614327,5.307144150755213,95.937,97.25636363636364,96.42564030663199,5.222016201959859,5.2872986843605,5.244350408044052,94.64750000000001,95.57766666666666,94.33516220672813,5.167355079501723,5.198594014490123,5.153304786008199,90.84366666666666,93.77135483870968,92.9642308932563,5.017161590472846,5.126307485363945,5.104578193136379,90.62466666666666,91.23890163934426,89.95695169026828,5.005609364384997,5.0281633190204,5.070396523615648,8.79758322119182
2015-03-26,sz000901,96.55,98.15,100.33,95.12,203551,714447664.0,5.35,0.72,0.7,6.29,5.308673240311169,0.055291613846164545,97.968,98.14066666666666,97.83084779467136,5.308225499537501,5.3251668391239555,5.3076538472738655,96.744,97.65872727272728,96.73916025088072,5.254548415822072,5.303054509515284,5.256045468456255,95.2475,95.9112380952381,94.69848009180164,5.1963556343488,5.212052886948166,5.168101781656101,91.27566666666667,94.24273118279571,93.29879664207847,5.0274142636353885,5.14511468857932,5.117745615534752,90.81150000000001,91.4856338797814,90.22557622501358,5.011470126361437,5.03809983954257,5.078208874982714,8.853970420574875
2015-03-27,sz000901,98.44,96.34,98.88,95.67,116799,403068160.0,3.27,-1.84,-1.81,3.61,5.06743912448579,-0.24123411582537901,97.85,97.59800000000001,97.33389852978091,5.281887952362736,5.2449047141067195,5.2275822730111745,97.242,97.58527272727274,96.66658565981149,5.274831135261794,5.269034638363231,5.2217534059161705,95.307,96.01528571428571,94.85481532115388,5.189544539739324,5.199775124104071,5.158514861925595,91.787,94.56946236559139,93.49500331033148,5.03094535043011,5.147696937666443,5.114500035467078,90.91149999999999,91.6668961748634,90.42604913566888,5.0121468535962155,5.0399348886614,5.077855768409044,8.605378492813305
2015-03-30,sz000901,96.61,98.0,98.59,95.67,126845,440257088.0,3.03,1.72,1.66,3.92,5.103273352793802,0.03583422830801197,97.99000000000001,97.64800000000001,97.55593235318727,5.258871764407239,5.185366514250408,5.186145966272051,97.635,97.72309090909091,96.90902463075486,5.270923904642116,5.237842314278143,5.20021157807574,95.35499999999999,96.2717619047619,95.15435671913922,5.167566936031055,5.191558820585448,5.153253765817805,92.37233333333333,94.97030107526882,93.78564825805205,5.049679307197028,5.152363260399585,5.113775733359124,90.91199999999999,91.89930601092895,90.67437539351579,5.010415225868581,5.042922642733451,5.078689131831496,8.643706356699525
2015-03-31,sz000901,98.12,98.35,100.1,96.55,227898,802638416.0,3.62,0.36,0.35,7.04,5.357740513891323,0.2544671610975211,97.658,97.768,97.82062156879152,5.2181015715894175,5.218322764078436,5.243344148811808,97.818,97.85309090909091,97.17102015243577,5.267645422500099,5.253627152323453,5.228853202769482,95.46849999999999,96.55699999999999,95.4587036982688,5.16468325671674,5.209670589905475,5.17272869420576,92.92566666666667,95.3559569892473,94.08012256398418,5.0784358395921165,5.172238176960507,5.129515396619267,90.95416666666667,92.14317486338797,90.9260352166792,5.012918296451669,5.054310357094854,5.087838357472801,8.904519942162768
2015-04-01,sz000901,98.38,98.59,98.82,97.13,166308,582916624.0,1.72,0.24,0.24,5.14,5.2209131408147655,-0.13682737307655746,97.886,98.07866666666668,98.07708104586102,5.21160787445937,5.219259953820218,5.235867146146127,97.938,97.99345454545454,97.42901648835654,5.262697737914241,5.2451303738352095,5.227409555141351,95.52850000000001,96.85428571428571,95.75692239367177,5.163497742335861,5.215025816962431,5.177317689120904,93.45866666666667,95.72139784946236,94.37108239856585,5.103221666029545,5.181430260910355,5.135412025277041,90.965,92.39353005464481,91.17731275055857,5.014053637308968,5.061129860188727,5.092201465123357,8.765606440991975
2015-04-02,sz000901,99.55,100.86,102.17,98.73,231261,827756224.0,3.49,2.3,2.27,7.15,5.364102399251864,0.14318925843709884,98.428,99.07,99.00472069724069,5.22269370624751,5.270091462084383,5.278612230514707,98.19800000000001,98.52472727272729,98.05283167229172,5.265459602892506,5.2635675849875065,5.252262799525081,95.8605,97.36204761904762,96.24292978475066,5.169502620893882,5.234131022383001,5.195106709133377,94.03133333333334,96.19890322580646,94.78972224381967,5.125338993262276,5.198261275956957,5.150166242952837,91.08983333333332,92.71795628415302,91.49477790627796,5.018568836181791,5.072606868777017,5.101116249848881,8.917902454949559
2015-04-03,sz000901,100.57,102.34,102.87,98.96,243669,878750992.0,3.88,1.47,1.48,7.53,5.386800280988974,0.02269788173710996,99.628,100.37400000000001,100.11648046482713,5.286565937548145,5.324793653664871,5.31467491400613,98.739,99.27781818181819,98.83231682278412,5.28422694495544,5.285629526459591,5.276724159791243,96.408,97.97914285714285,96.82360313858393,5.186974298516715,5.254826037630154,5.2133632397862915,94.64,96.73494623655913,95.2768369377668,5.144259826400721,5.215129746132873,5.165432955084201,91.22283333333333,93.08681420765026,91.85035895853115,5.025499813406537,5.084680030901843,5.1104829393944575,8.943865828292328
2015-04-07,sz000901,102.52,103.04,104.61,100.91,234649,858829232.0,3.62,0.68,0.7,7.25,5.370418707726407,-0.016381573262567173,100.636,101.51133333333334,101.09098697655143,5.339995008534666,5.352744577057625,5.333256178579555,99.313,100.0598181818182,99.59735012773245,5.2994333864709535,5.301300756054312,5.29375953214309,96.951,98.61076190476192,97.41564093490928,5.210053028821651,5.272296933745362,5.228320903399636,95.271,97.27688172043011,95.77768616758831,5.167858596370006,5.229720641702271,5.17865784235144,91.41933333333333,93.47426229508197,92.21723243530062,5.031515447852353,5.095988847109051,5.1190054236020615,8.933906818111948
2015-04-08,sz000901,102.66,97.97,102.75,96.55,217502,772779600.0,6.02,-4.92,-5.07,6.72,5.3374632547847725,-0.03295545294163471,100.56,100.62266666666667,100.05065798436763,5.335939556713357,5.351900659140995,5.334658537314628,99.10900000000001,99.81563636363636,99.30146828632655,5.277020564151387,5.308215277565916,5.301705663532487,97.2185,98.70780952380952,97.46843703634649,5.228962909543036,5.284431240979944,5.238715413055363,95.72800000000001,97.45101075268818,95.9191257696794,5.189512672516143,5.240662877729031,5.1889033528310105,91.477,93.68903825136613,92.40584776529076,5.034280799291835,5.1060199227461815,5.126167975444117,8.88805564896079
2015-04-09,sz000901,97.89,94.71,99.46,91.31,154092,522557904.0,8.32,-3.33,-3.26,4.76,5.187780092021192,-0.14968316276358085,99.78399999999999,98.67266666666667,98.27043865624509,5.3293129469546425,5.302514170910272,5.2856990555501495,98.835,99.01581818181819,98.4666558706308,5.270460410707006,5.291989737178608,5.280991923257706,97.386,98.46890476190477,97.20572874717062,5.246238306333432,5.280509067882626,5.233864430099728,96.04333333333334,97.38533333333334,95.84111765550654,5.201723523236818,5.24055109834226,5.188830884391668,91.50266666666667,93.79503825136614,92.48139374019927,5.036091262623571,5.111052686442224,5.128188044840087,8.718134421088074
2015-04-10,sz000901,94.51,95.96,97.07,93.34,121585,417472400.0,3.94,1.32,1.25,3.76,5.084879999122116,-0.10290009289907598,98.804,97.39799999999998,97.50029243749674,5.273468466928692,5.221036521632764,5.218759370074139,98.616,98.49309090909092,98.01090025778882,5.2480810865881,5.258247844163173,5.245335209778507,97.67999999999999,98.33309523809524,97.08708791410676,5.2513147512050855,5.265141610052977,5.219675436673288,96.37033333333332,97.37995698924733,95.84878748418353,5.2135974517619,5.2330128064638926,5.1821243756646,91.57400000000001,93.94118032786886,92.59544640445503,5.0390176088167795,5.112652317147095,5.1267681089149075,8.620627768624605
2015-04-13,sz000901,96.26,98.56,100.54,96.23,188040,660602304.0,4.49,2.71,2.6,5.81,5.2742502425162145,0.1893702433940989,98.048,97.31666666666666,97.8535282916645,5.25095845923414,5.221297113495271,5.237256327554832,98.838,98.4829090909091,98.11073657455448,5.268762198391142,5.263005872513739,5.25059248845809,98.04,98.41690476190476,97.22736525562041,5.271796666826469,5.267325942558799,5.224873037229758,96.48400000000001,97.52122580645162,96.02370442068782,5.2159504259565965,5.236925889738362,5.188067979977607,91.70216666666667,94.17022950819671,92.79100553873519,5.043312495781596,5.120364862514289,5.131603588705114,8.819940084058304
2015-04-14,sz000901,98.53,95.67,98.53,95.18,159675,549754912.0,3.4,-2.93,-2.89,4.93,5.203236924830023,-0.07101331768619179,96.574,96.52400000000002,97.12568552777634,5.217522102654863,5.205389935360565,5.225916526646563,98.60499999999999,97.9069090909091,97.66696628827184,5.278758555594765,5.251092186411717,5.2419823859802595,98.11999999999999,98.19119047619049,97.07904475508514,5.27484123011844,5.260796443321042,5.22281245509645,96.43833333333332,97.46870967741933,96.00088478064345,5.204630809218958,5.236105663859229,5.189046621580989,91.86616666666667,94.3003224043716,92.88539879976027,5.04608085214997,5.125608286417515,5.133952222676423,8.74016911842385
2015-04-15,sz000901,95.53,91.28,95.59,91.28,151219,502534064.0,4.51,-4.59,-4.39,4.67,5.179606361778588,-0.023630563051434628,95.236,94.75933333333333,95.17712368518423,5.185950724053627,5.192751355068473,5.210479805023905,97.898,96.57509090909092,96.50569969040423,5.260945140383492,5.233064514808776,5.230641290670864,97.85799999999999,97.53976190476187,96.52675477841035,5.264295281441796,5.251726455860104,5.218697589066177,96.27833333333334,97.13591397849463,95.69631156898903,5.196770551272324,5.234491183379205,5.1884375725614795,91.94833333333334,94.28110382513663,92.83276277353862,5.050354594445673,5.12998617197911,5.135449079696166,8.701165505507104
2015-04-16,sz000901,89.85,92.35,93.63,86.59,121122,395095376.0,7.71,1.17,1.07,3.74,5.083223033405936,-0.09638332837265207,94.76400000000001,93.79733333333334,94.23474912345615,5.165039312330576,5.1585087915192425,5.1680608811512485,97.274,95.56636363636363,95.75011792851254,5.247176129642609,5.200751404449219,5.2038379711681495,97.60600000000001,97.01519047619047,96.12896860903793,5.254936933778425,5.234481479856688,5.205795250431868,96.11033333333333,96.88247311827959,95.48042050002199,5.191390538104778,5.227165537065245,5.181649537777251,92.04916666666666,94.2942732240437,92.81693448588162,5.054206719234015,5.131063825715514,5.133736750309601,8.596701946944327
2015-04-17,sz000901,92.7,95.03,97.36,92.7,174739,594447792.0,5.05,2.9,2.68,5.4,5.242389845993319,0.15916681258738308,94.578,93.886,94.49983274897077,5.196541281704816,5.1842923027401575,5.192837202765272,96.691,95.15836363636363,95.61918739605571,5.235004874316754,5.19988117105844,5.210847402954544,97.4445,96.76985714285713,96.02430493198669,5.25023223860463,5.233286519115249,5.209280450009149,96.13733333333334,96.81277419354839,95.4513611129238,5.191336705368172,5.230455814993538,5.185568267339578,92.17683333333333,94.39200546448086,92.88949401093467,5.05923163610692,5.137233764297784,5.1372991468893945,8.774113718261775
2015-04-20,sz000901,94.89,97.86,100.33,92.53,277119,967380048.0,8.21,2.98,2.83,8.56,5.442666303163229,0.2002764571699096,94.438,94.98,95.61988849931384,5.2302244938342195,5.266333976559628,5.2761135695645915,96.243,95.37090909090908,96.02660786950013,5.2405914765341794,5.237637794485073,5.252996293901576,97.491,96.80942857142857,96.19913303370225,5.262409210744811,5.251613572882735,5.231507674119061,96.353,96.92391397849464,95.60675717015454,5.2048466911892035,5.246670627754509,5.2021552373927165,92.36233333333334,94.57833879781418,93.05246142041221,5.067381126393176,5.149805392725861,5.147311184800012,8.98559712591696
2015-04-21,sz000901,100.07,104.93,108.05,99.46,550456,2068075200.0,8.78,7.22,7.07,17.01,5.740722609918291,0.2980563067550621,96.28999999999999,98.47733333333333,98.72325899954257,5.337721630851872,5.436500015254319,5.430983249682492,96.432,96.95036363636365,97.64540643868192,5.277621866753368,5.328570727827638,5.341673805904614,97.8725,97.51790476190477,97.03064417334967,5.288527626612161,5.297167229946877,5.280004334671368,96.778,97.4772688172043,96.20825670756392,5.23257597479889,5.281243267672516,5.236901519491141,92.71316666666667,94.99039344262295,93.44188891482493,5.079090519878225,5.171882162677504,5.166767297098971,9.31556632666139
2015-04-22,sz000901,102.84,107.26,107.7,101.38,394595,1475742096.0,6.02,2.22,2.33,12.19,5.596151577910174,-0.14457103200811705,99.486,102.13400000000001,101.56883933302838,5.42103067407819,5.52264333094042,5.48603935909172,97.361,98.91909090909091,99.39351435892156,5.303490699065908,5.3864852207652385,5.387942491723806,98.235,98.41195238095237,98.00486853779256,5.290255631608647,5.326464749118116,5.310113595932207,97.266,98.15352688172042,96.92127240385012,5.25380550605066,5.304699758195824,5.26007894261495,93.02866666666667,95.46733879781421,93.89494173728968,5.088879921608662,5.188834984252321,5.180845470240322,9.16901046584019
2015-04-23,sz000901,107.23,104.99,107.26,103.83,266372,997106576.0,3.2,-2.12,-2.27,8.23,5.425488571532084,-0.1706630063780894,102.01400000000001,103.96866666666665,102.70922622201891,5.489483781703419,5.524129296758385,5.465855763238508,98.38900000000001,100.30618181818183,100.41105720275401,5.327261547016997,5.408666652122726,5.3947690516889475,98.612,99.05528571428572,98.67011915324089,5.298860978862002,5.339344076729873,5.321101688846481,97.72033333333334,98.65184946236559,97.44183547456947,5.273246053227954,5.315776085001077,5.270750531577346,93.27566666666667,95.85951366120217,94.25871413934576,5.09353836092857,5.19987133343014,5.188866555528576,8.998741580473144
2015-04-24,sz000901,103.62,109.51,112.16,103.01,385589,1489063280.0,8.72,4.31,4.52,11.91,5.586124635948007,0.1606360644159226,104.91,106.46733333333334,104.97615081467929,5.558230739694357,5.556342914839914,5.505945387475008,99.744,102.32818181818182,102.06541043861691,5.3773860106995865,5.455732668291999,5.429560976099685,99.17999999999999,100.09319047619047,99.70248875769414,5.312733548643843,5.366702520261874,5.346341969522817,98.368,99.41247311827958,98.22042673427467,5.2933385043699195,5.335961800015274,5.291097247988357,93.51833333333333,96.39178688524592,94.75875629871148,5.097068143536244,5.216021703102907,5.201891410624294,9.172913154146306
2015-04-27,sz000901,112.62,120.83,120.83,112.62,455428,1936587536.0,7.5,10.34,11.32,14.07,5.6584197277979555,0.07229509184994853,109.50399999999999,111.77400000000002,110.2607672097862,5.6013814246213025,5.589739244207779,5.556770167582657,101.97099999999999,106.16199999999999,105.47715399523202,5.415802959227761,5.506829707764431,5.471171658226643,100.4045,102.15509523809524,101.71463268553279,5.342282578809452,5.399625013514645,5.376063660787116,99.35033333333332,100.86163440860214,99.6791088804505,5.319798764293566,5.359515427333212,5.314795472492202,94.00066666666666,97.28725136612023,95.61355117416356,5.1067553697647785,5.234426673078703,5.216859552170972,9.287037132379453
2015-04-28,sz000901,121.07,119.35,126.95,115.27,362927,1555672048.0,9.67,-1.22,-1.48,11.21,5.559819278795276,-0.09860044900267972,112.38799999999999,115.056,113.2905114731908,5.565200758396699,5.575885195599104,5.557786537986864,104.33900000000001,109.3218181818182,107.99948963246256,5.451461194624287,5.533014493140342,5.487289407420939,101.47200000000001,103.95942857142857,103.39419147738681,5.365109875109526,5.420342794465674,5.393564195835513,100.193,102.15193548387097,100.94819863009886,5.333714551620389,5.375000621817194,5.3306034599956265,94.44666666666667,98.11837704918031,96.39179539796147,5.117348823267714,5.249281227473142,5.228104133371769,9.191918048466327
2015-04-29,sz000901,116.7,127.33,131.67,114.08,327819,1450328960.0,14.74,6.69,7.98,10.13,5.515634121156461,-0.04418515763881459,116.402,120.03666666666668,117.97034098212721,5.549097267045957,5.559362983185692,5.54373573237673,107.944,113.502,111.51412788110572,5.485063970562074,5.544682297964375,5.492442991736489,102.921,106.42209523809524,105.67379228906425,5.373004555472782,5.434678436946336,5.405189903008937,101.22,103.90270967741934,102.65025033138281,5.337884844481888,5.386737368238875,5.342540922006004,95.048,99.19651912568307,97.40616276196273,5.125855525173318,5.262339761830153,5.237531346086021,9.161466519000038
2015-04-30,sz000901,126.6,124.85,131.55,124.3,182190,814749264.0,5.69,-1.95,-2.48,5.63,5.260524535842226,-0.25510958531423533,120.374,122.85266666666666,120.26356065475147,5.516104459907985,5.463172072784448,5.449332000198562,111.194,116.57581818181818,113.93883190272285,5.502794120805702,5.503856946197129,5.450275999755713,104.234,108.51057142857144,107.50009778534385,5.374985125224155,5.423966054124379,5.39141224899306,102.13533333333334,105.4272258064516,104.08249224548715,5.337555996120851,5.381746380584704,5.3372495422535025,95.63383333333334,100.1736338797814,98.30596070419345,5.13329958263039,5.266755139229132,5.238285221159995,8.911023976819436
2015-05-04,sz000901,126.6,129.37,132.71,124.33,205088,936635488.0,6.71,3.62,4.52,6.34,5.311940249903973,0.05141571406174705,124.346,125.85133333333333,123.29904043650099,5.461267582699178,5.395117336116444,5.403534750100366,114.628,119.88054545454544,116.74449882950051,5.509749161196767,5.4691562423968145,5.425124045237215,105.65950000000001,110.9044761904762,109.5829456153111,5.372377017756761,5.417961780284362,5.383843487175052,103.17233333333334,107.1843010752688,105.71394435868153,5.336737879468675,5.380093751796518,5.335616684682566,96.30616666666667,101.27973770491803,99.32445379585924,5.143718784188675,5.272612210287283,5.240700140135207,8.97157060865703
2015-05-05,sz000901,130.53,128.35,131.69,125.81,209650,952154720.0,4.55,-0.79,-1.02,6.48,5.321494866739587,0.009554616835614205,125.85,127.18599999999999,124.982693624334,5.393882610487505,5.34852643079658,5.37618812231344,117.67699999999999,122.37545454545455,118.85458995140951,5.497632017554404,5.434928188859145,5.4062823764194645,106.96,113.06547619047618,111.37028412813862,5.3691117470442915,5.413115861139868,5.377905523324055,104.21966666666665,108.80866666666668,107.17433504521821,5.3408168130146745,5.379110331620448,5.3347055996539865,96.96966666666665,102.33035519125681,100.27611104845403,5.154735123851752,5.278440934305346,5.243349147564858,8.978707524626712
2015-05-06,sz000901,129.22,124.68,130.06,120.77,192817,857147216.0,7.24,-2.86,-3.67,5.96,5.285145321479239,-0.03634954526034839,126.91599999999998,126.796,124.88179574955602,5.338947819024297,5.312280667793825,5.345840522035374,119.652,123.64872727272726,119.91375541478959,5.452074288710499,5.396294244118207,5.384257457339423,108.042,114.75309523809524,112.63787611593494,5.364848077731933,5.4051190587051,5.369071218386454,105.13233333333334,110.12868817204301,108.3037327842364,5.34304318064494,5.375518622489129,5.331508162352391,97.61083333333333,103.2388907103825,101.07623855506208,5.163022318188704,5.282716678489854,5.244719513922707,8.933055418895977
2015-05-07,sz000901,118.74,124.79,128.58,118.15,158101,701428992.0,8.37,0.09,0.11,4.89,5.198934616884191,-0.08621070459504754,126.40799999999999,126.08733333333335,124.85119716637068,5.275607918169843,5.26560960041379,5.29687188698498,121.40500000000002,124.58290909090908,120.8003453393733,5.4123525926079,5.350268849240697,5.350562395438471,109.38300000000001,116.34814285714285,113.79522124775066,5.357921645836905,5.3893177767196025,5.352867732529096,105.95833333333333,111.39692473118278,109.36736292718889,5.3309546186083985,5.366221295794887,5.322955030386701,98.24033333333334,104.13001092896172,101.85373893030594,5.169521782065792,5.283894130906099,5.24321836975751,8.84598371250842
2015-05-08,sz000901,126.05,127.33,131.52,124.41,143730,647415456.0,5.7,2.04,2.54,4.44,5.157547425577808,-0.041387191306383464,126.904,126.39466666666667,125.67746477758045,5.25501249611696,5.226256102883111,5.2504303998492565,123.63900000000001,125.66018181818183,121.98755527766906,5.385558478012472,5.303940637053407,5.315468764554714,111.01400000000001,118.05738095238097,115.08424779558393,5.3564100125147345,5.370234517647306,5.334265798533735,106.95433333333334,112.7757419354839,110.52624273833801,5.327760145245492,5.355033734954204,5.312283572011934,98.89899999999999,105.08377049180328,102.68902617849263,5.172460867859169,5.283501529054033,5.240409486341782,8.811183063270736
2015-05-11,sz000901,128.75,134.87,136.5,126.89,193737,900248832.0,7.55,5.92,7.54,5.99,5.287212570441927,0.12966514486411906,128.004,129.05,128.74164318505365,5.25006696022455,5.236989460991434,5.262691123380147,126.175,127.70218181818181,124.3298179544565,5.355667271461864,5.286059562949672,5.310331274716025,112.9595,120.32938095238096,116.96860514838546,5.366526641080726,5.363644285068945,5.329784538715468,108.17833333333333,114.57675268817205,112.09680772296137,5.3270447895831845,5.352417762386232,5.310666088039675,99.727,106.26314754098362,103.74414007427976,5.177229526609286,5.287263879958386,5.241944013689327,8.954362566581747
2015-05-12,sz000901,133.3,142.88,144.65,132.8,211248,1038578240.0,8.79,5.94,8.01,6.53,5.324792605938533,0.037580035496605824,130.91,134.00866666666667,133.45442879003576,5.250726508064339,5.261898009562761,5.283391617566276,128.38,130.73945454545455,127.7025783263735,5.322304559275922,5.280445987399975,5.312960607665571,115.17550000000001,123.17895238095237,119.4363570390154,5.369053759251842,5.359669615055403,5.329309116546236,109.72966666666666,116.81556989247314,114.08282012793161,5.335623238964942,5.352272460215609,5.311577476291214,100.75833333333334,107.678,105.02728302266402,5.183284294697526,5.292102013706887,5.244660360976186,9.016439219138178
2015-05-13,sz000901,142.03,142.91,150.48,138.92,171183,875371696.0,8.09,0.02,0.03,5.29,5.233460633163684,-0.0913319727748485,134.55599999999998,138.00866666666667,136.60628586002386,5.240389570401229,5.256142717929209,5.266747956098746,130.73600000000002,133.38127272727272,130.4675640852147,5.289668694712764,5.264292546288659,5.298506066847045,117.5375,125.82033333333334,121.6719420829187,5.370564944668525,5.346755983999387,5.3201806895574215,111.22666666666666,118.95623655913978,115.9426381841941,5.339962814977271,5.345681324357464,5.306537679960407,101.79950000000001,109.0600218579235,106.2693393170029,5.19482106108715,5.293747139558237,5.244293156785612,8.942192500159502
2015-05-14,sz000901,142.27,142.24,145.38,140.31,118468,596613312.0,3.55,-0.47,-0.67,3.66,5.073601056673514,-0.15985957649017024,138.046,140.57000000000002,138.48419057334925,5.215322858359093,5.200546546686637,5.202365656290335,132.227,135.4729090909091,132.60800697881203,5.245465388264468,5.225007521190613,5.257614246815493,120.0855,128.17295238095238,123.63080474168835,5.36526467941327,5.318473708952243,5.2966969149970495,112.68966666666667,120.95709677419356,117.6392421723106,5.330491499736678,5.32849669478948,5.291509510716091,102.80766666666668,110.38593989071038,107.4487052410356,5.204463669664396,5.289772713184018,5.238696694486855,8.775692939377443
2015-05-15,sz000901,143.78,152.49,156.85,143.78,242152,1305914224.0,9.19,7.21,10.25,7.48,5.384088060355,0.3104870036814864,143.07800000000003,145.3846666666667,143.1527937155662,5.260630985314532,5.256801614018607,5.262939790978557,134.99099999999999,139.1570909090909,136.2229148008462,5.257821740715746,5.250211643388893,5.280609485640857,123.0925,131.25909523809523,126.37929952819422,5.380307930760724,5.320266411899075,5.305019881221616,114.48633333333332,123.52486021505379,119.8876781611938,5.335930663721353,5.331954537410016,5.297482320370214,103.97250000000001,112.01486885245903,108.92546900362458,5.219576164875448,5.295662037468957,5.243463624515319,9.115914652232423
2015-05-18,sz000901,151.44,168.12,168.12,150.48,195271,1108185120.0,11.57,10.25,15.63,6.03,5.290637750327556,-0.09345031002744442,149.728,153.732,151.47519581037747,5.261316021291657,5.266803869022948,5.27217244409489,138.866,145.18054545454544,142.022384837056,5.255691490758104,5.256178190591039,5.282432806492984,126.747,135.54742857142858,130.35460433503286,5.382720325977436,5.311726394714963,5.303650154469801,116.72833333333334,126.98509677419354,122.99944086047162,5.333481842090543,5.329032413965255,5.297040735206172,105.37983333333334,114.11806557377051,110.86627329858771,5.229410417676409,5.297991925516566,5.2450103171649,9.044612314434897
2015-05-19,sz000901,173.48,166.76,173.48,161.54,131143,769912176.0,7.1,-0.81,-1.36,4.05,5.117745114274399,-0.17289263605315686,154.504,159.40933333333336,156.57013054025165,5.219906522958831,5.218946900017196,5.22069666748806,142.707,150.25218181818184,146.52013304850036,5.2353165155115855,5.231097031230365,5.252489589725968,130.192,139.35819047619046,133.82178487455354,5.366474266532994,5.286490660267056,5.285944912546428,118.87566666666666,130.21294623655916,125.8227027404412,5.324513336533389,5.315113915396473,5.28547327579122,106.75783333333334,116.13053005464482,112.6988545019127,5.234386581467056,5.294330768027975,5.240837687561934,8.886441187959628
2015-05-20,sz000901,166.78,172.96,183.38,166.78,123663,767129344.0,9.95,3.72,6.2,3.82,5.092239778048688,-0.02550533622571116,160.51399999999998,165.56133333333335,162.03342036016778,5.191662351935831,5.176391318380481,5.177877704341602,147.53500000000003,155.75272727272727,151.32738158513664,5.21602596116853,5.205083078964384,5.223353260330099,133.5935,143.43133333333333,137.54923393411988,5.334050124939514,5.260373089935217,5.267496804499025,121.20633333333333,133.70225806451614,128.8638186926708,5.315240705544132,5.3001285245264915,5.273006598517508,108.23866666666667,118.30109289617485,114.67462976414507,5.241549650957069,5.289670217096225,5.235965624954941,8.884868595565102
2015-05-21,sz000901,179.6,190.63,190.63,179.6,171903,1121070512.0,6.38,10.22,17.67,5.31,5.2352834559312456,0.14304367788255767,170.192,175.6,171.5656135734452,5.2239988317873784,5.190931686378954,5.197012954871484,154.11899999999997,163.58818181818182,158.47331220602086,5.219660845073236,5.208584441648515,5.225522386803035,137.762,148.86338095238096,142.60454498801323,5.316006718840567,5.250966740505858,5.2644288665401895,124.295,138.18120430107524,132.8487336157243,5.311834712249015,5.294969992293402,5.27057284738291,110.0115,121.00244808743169,117.164969771878,5.250673692382578,5.289464768078985,5.235943258757443,9.049632929284929
2015-05-22,sz000901,194.54,210.09,210.09,190.69,147880,1031350544.0,10.18,10.21,19.46,4.57,5.169909441901069,-0.0653740140301764,181.712,188.89933333333332,184.40707571563016,5.181163108096591,5.172901889750183,5.187978450548012,162.395,173.76472727272727,167.85816453219888,5.220897046705561,5.199538731980847,5.215410942275405,143.017,155.7517619047619,149.031731179631,5.303227762359017,5.237052714130667,5.25542701657456,128.14100000000002,143.71636559139785,137.83204112438727,5.311239023911678,5.285813523238695,5.264078434126017,112.09216666666666,124.28371038251366,120.21169207443938,5.256481273574248,5.286816759866478,5.233778215581824,9.013406301995204
2015-05-25,sz000901,209.88,225.61,229.97,195.7,188644,1459897968.0,16.31,7.39,15.52,5.83,5.27564299661186,0.10573355471079093,193.20999999999998,203.53200000000004,198.1413838104201,5.178164157353452,5.20439518592194,5.217199965902629,171.469,185.25836363636364,178.35849825361726,5.2197400893225545,5.20949254105472,5.226362224882033,148.822,163.6177619047619,156.3248996387138,5.28770368039221,5.23442559358332,5.257352348006683,132.46266666666668,150.004688172043,143.49513524539455,5.317597790494669,5.2835170053483855,5.264824534931556,114.41650000000001,128.00560655737706,123.66737430150694,5.2655976211282844,5.287445013080826,5.235150831353301,9.16432250408374
2015-05-26,sz000901,225.75,233.79,240.72,217.45,235269,1898085664.0,10.31,3.63,8.18,7.27,5.371564706539054,0.09592170992719407,206.61599999999999,217.05866666666668,210.0242558736134,5.228928075806383,5.268862035650473,5.268654879448104,180.56,196.58945454545454,188.43695311659593,5.224417299382607,5.237097016912267,5.2527626760924,154.47,171.7099523809524,163.7025282445506,5.2733609293292645,5.242412357978257,5.2682297154859565,136.97033333333331,156.54193548387096,149.32061039085298,5.320841605962097,5.286998741867378,5.27171099761591,116.72716666666666,131.9194918032787,127.2779521932608,5.268396015959348,5.290919343750031,5.239623417424965,9.278315809020123
2015-05-27,sz000901,228.81,224.88,242.38,219.78,228813,1833864784.0,9.67,-3.81,-8.91,7.07,5.359480695242831,-0.012084011296223274,217.0,223.14666666666665,214.97617058240894,5.282376259245211,5.312379575462622,5.298930151379681,188.757,204.64763636363634,195.0629616408512,5.237019305590522,5.261653997977761,5.272165952301569,159.74650000000003,178.41566666666668,169.52895412602197,5.263344000151642,5.250614240446215,5.276920284986611,141.27733333333336,162.2135268817204,154.19540972047537,5.326049731642524,5.289491586337102,5.277373558753132,118.85783333333333,135.4654863387978,130.47801933446536,5.265340270430741,5.293905726677358,5.243553164238666,9.263367310762826
2015-05-28,sz000901,222.69,202.02,229.1,202.02,209778,1564600416.0,12.04,-10.17,-22.86,6.48,5.321759940580195,-0.03772075466263569,219.27800000000002,218.1533333333333,210.65744705493933,5.299671556175001,5.325507469240949,5.3065400811131855,194.73499999999999,207.05909090909094,196.32787770615096,5.26183519398119,5.277061386157702,5.281183041079501,163.481,182.44171428571428,172.62333944735323,5.253650291122829,5.256177663344173,5.281190728376476,144.96866666666668,166.13240860215055,157.28086715786407,5.3307881842692435,5.289214825623404,5.280237196290361,120.62349999999999,138.19211475409836,132.82365804481074,5.263779367770784,5.29575555192816,5.246117320840027,9.19440344138136
2015-05-29,sz000901,195.61,205.83,216.14,185.95,202680,1435103040.0,14.94,1.89,3.81,6.26,5.306810895618633,-0.01494904496156213,218.42600000000002,213.67066666666668,209.04829803662625,5.327051846918515,5.327887249055494,5.306630352615002,200.06900000000002,209.07636363636365,198.0555363050326,5.254107477507553,5.28523878645542,5.285842650995707,167.53,186.47495238095237,175.7858785476053,5.255964609111649,5.261240578058059,5.2836307443043005,148.75133333333332,170.05894623655914,160.41306927671155,5.3382411130096665,5.2876679037749765,5.281951628505089,122.43083333333333,140.9857704918033,135.21730860071858,5.264815825557222,5.297166421693664,5.248107274111457,9.156883084412776
2015-06-01,sz000901,205.22,209.82,213.81,197.94,132376,967206192.0,7.71,1.94,3.99,4.09,5.121809253892437,-0.18500164172619638,215.26800000000003,210.80200000000002,209.30553202441752,5.29628509837463,5.259473051380135,5.245023319707481,204.239,210.8492727272727,200.19452970411757,5.237224627864041,5.261184563979944,5.25601839697693,171.5525,190.50257142857143,179.02722344783336,5.246458059311072,5.24846387756099,5.268219173788885,152.57766666666666,173.9988602150538,163.60061319434308,5.334221759939638,5.273704558025478,5.271619862401048,124.35750000000002,143.85098907103824,137.66329848266224,5.262779232653904,5.29247768163908,5.243966355415752,8.985519068190623
2015-06-02,sz000901,209.82,211.63,217.45,205.81,118890,880462240.0,5.55,0.86,1.81,3.67,5.0751453270538525,-0.046663926838584224,210.836,209.58933333333334,210.08035468294503,5.2370012224775895,5.185759794273209,5.188397322156272,208.72600000000003,212.1930909090909,202.27370612155073,5.232964649141986,5.231715600196273,5.223132384263643,175.7165,194.31947619047617,182.13224978613496,5.234140582326786,5.232148379250781,5.249831188385548,156.36999999999998,177.808688172043,166.6992833108371,5.321971060735992,5.256989949452202,5.258944085927036,126.36149999999999,146.71238251366123,140.08843623732903,5.263408875962598,5.286325750307931,5.238431239731756,8.944710735304682
2015-06-03,sz000901,216.87,200.88,217.02,195.61,159802,1134995904.0,10.12,-5.08,-10.75,4.94,5.203582210419326,0.12843688336547388,206.03599999999997,206.27066666666667,207.01356978863004,5.205821525512889,5.174620123587121,5.1934589515772895,211.51799999999997,210.76654545454545,202.0203050085415,5.244098892379051,5.226373338610333,5.2195778072010395,179.5265,196.716,183.91774980650308,5.23006242677379,5.229238058116736,5.245426523817337,159.56833333333333,180.68030107526883,168.90449083917022,5.304066380752692,5.24935195910919,5.255372352023313,128.17316666666665,149.15561202185793,142.08160226233463,5.268321177775791,5.284364220290119,5.237288648606758,9.054994294239796
2015-06-04,sz000901,196.81,197.74,199.98,181.34,100118,675022400.0,9.28,-1.56,-3.14,3.09,5.000512165370471,-0.20307004504885562,205.18,203.50533333333334,203.9223798590867,5.1415719704709435,5.106183670206315,5.129143356175017,212.22899999999998,208.26145454545454,201.24206773426124,5.220621763322972,5.182084842790592,5.179747690504572,183.174,198.45061904761906,185.23415458683613,5.220141304198104,5.207376128459278,5.222101346822398,162.58433333333332,183.14298924731185,170.76484626890118,5.284211733668036,5.229767816181306,5.238929759336034,129.92516666666668,151.4364918032787,143.9064677619302,5.269008619859348,5.275583596932568,5.229525485221962,8.829318184734703
2015-06-05,sz000901,199.4,202.75,211.22,199.25,103606,739814400.0,6.05,2.53,5.01,3.2,5.015384906870969,0.014872741500497888,204.56400000000002,202.6953333333333,203.5315865727245,5.083286772721411,5.06412131567299,5.091223873073668,211.49499999999998,206.538,201.51623723712282,5.205169309819963,5.144769050708411,5.149863548025735,186.945,200.31499999999997,186.90233034047077,5.213033178262762,5.187875519190026,5.202414066827024,165.843,185.73432258064517,172.82840457413337,5.270541611512666,5.212424149936334,5.224507510789901,131.78166666666667,153.82419125683057,145.8357639008833,5.27189383237031,5.267268065359177,5.222504482653077,8.869122780317676
2015-06-08,sz000901,201.44,193.84,201.44,192.76,74669,511238144.0,4.28,-4.39,-8.91,2.31,4.873140335105006,-0.1422445717659624,201.368,199.1206666666667,200.30105771514968,5.033552988963924,4.994072503134189,5.018529360417448,208.31800000000004,203.32799999999997,200.12055773946412,5.164919043669277,5.084400146214781,5.099550236585602,189.8935,200.9716666666667,187.56306078423546,5.192329566495916,5.155504772222621,5.171054663805879,168.654,187.54058064516127,174.18399137580218,5.246775468151232,5.186785357910033,5.2018386607457145,133.511,155.85889071038252,147.40967328118222,5.270056986260576,5.254194180202939,5.211049920438387,8.708623249514016
2015-06-09,sz000901,193.84,199.81,204.64,192.99,87088,613517984.0,6.01,3.08,5.97,2.69,4.939958316972999,0.06681798186799259,199.004,198.60133333333337,200.1373718100998,5.006515586947755,4.962874279137212,4.992339012602632,204.92000000000002,201.78109090909092,200.06409269592518,5.121758404712672,5.043498195906366,5.0705335239287646,192.74,201.91609523809524,188.7294359476416,5.173087852047639,5.1314694151252,5.149045487917034,171.2866666666667,189.55064516129033,175.83728225478268,5.222826754457066,5.166990702995308,5.184943154695862,135.3185,158.03262841530054,149.12771678015986,5.271312759375316,5.2433712730131825,5.20216167114444,8.787827297686478
2015-06-10,sz000901,197.65,207.58,214.1,195.85,120745,880046800.0,9.13,3.89,7.77,3.73,5.081869155842856,0.14191083886985734,200.344,201.46,202.6182478733999,4.9821729760324605,4.987992135435579,5.022182393682707,203.19,202.2647272727273,201.43062129666606,5.0939972507726745,5.0362456052027635,5.072594547913145,195.9735,203.32942857142856,190.5247277621519,5.165508278181599,5.1227819202485545,5.142647742005208,174.22766666666666,191.89215053763442,177.8851995286677,5.206895083691987,5.157896664375036,5.178293219285991,137.21033333333335,160.40185792349726,151.0441850824497,5.2703048176561875,5.237160007323593,5.198217654249305,8.944505768106206
2015-06-11,sz000901,203.5,208.57,210.32,203.21,90139,651872560.0,3.43,0.48,0.99,2.79,4.954912735708656,-0.12695642013420017,202.51,204.20200000000003,204.60216524893326,4.973053090100097,4.978905388660979,4.999759174358024,203.845,203.2429090909091,202.72869015181766,5.05731253028552,5.010957511554761,5.051197854785055,199.29,204.52909523809527,192.24332511813745,5.159573862133355,5.1027252019177975,5.124768217596013,176.93566666666666,194.10778494623654,179.86486407520528,5.188204370843726,5.141639738698694,5.163881575184228,139.07783333333333,162.74151912568308,152.9302773748284,5.263044607662807,5.226819283325313,5.190240443805349,8.814162700182083
2015-06-12,sz000901,211.02,212.21,213.55,204.87,146201,1076490976.0,4.16,1.75,3.64,4.52,5.164950343162174,0.2100376074535184,204.402,207.43533333333332,207.13811016595554,5.002966177358338,5.042871139681671,5.054822897292741,204.483,204.76381818181818,204.452564669669,5.043126475039875,5.0305280229868785,5.071880125399077,202.276,205.7595714285714,194.14491320212434,5.148616976273713,5.103237247730066,5.128595086697552,179.84766666666664,196.3835483870968,181.95164703809527,5.185018564421058,5.14013947884827,5.163950527956999,140.99150000000003,165.1392950819672,154.87387483794876,5.261287280270953,5.223603077931849,5.189411260177704,9.032010393574433
2015-06-15,sz000901,216.2,214.54,225.0,214.13,190811,1470725424.0,5.12,1.1,2.33,5.9,5.280603407588189,0.11565306442601475,208.542,210.81466666666668,209.6054067773037,5.084458791854975,5.135416883091621,5.130083067391224,204.95499999999998,206.59236363636364,206.28664382063823,5.05900589040945,5.073705647086572,5.109829813069825,204.597,206.92757142857144,196.08730242096965,5.1481152591367465,5.1158073840457305,5.143072069639517,182.68666666666664,198.6217634408602,184.0541214227343,5.1839740030105315,5.146306242923568,5.17147652019127,142.92950000000002,167.55072131147546,156.83014123670455,5.260355941239604,5.224236393581595,5.192401166650178,9.167531600006713
2015-06-16,sz000901,214.57,201.35,214.57,192.7,95125,670131744.0,10.19,-6.15,-13.19,2.94,4.978294669778629,-0.30230873780956014,208.85,208.41733333333332,206.85360451820247,5.092126062416101,5.100028842399507,5.079486934853692,203.927,205.9369090909091,205.38907221688584,5.049320824681927,5.059030879699151,5.085914332471425,206.32649999999998,206.61833333333334,196.58851171421063,5.1411427369119576,5.099633994583052,5.12737898393848,185.12,199.8258494623656,185.16998455675147,5.172533996445167,5.13303660852151,5.159013175003357,144.66983333333334,169.4661475409836,158.28980873714045,5.25667540472992,5.214988483041892,5.1853812815068485,8.826160190861602
2015-06-17,sz000901,197.1,203.48,204.35,187.75,78955,545505312.0,8.24,1.06,2.13,2.44,4.89737963787378,-0.08091503190484861,208.03000000000003,206.62733333333335,205.72906967880166,5.055228158822286,5.035113367552066,5.018784502527056,204.18699999999998,205.85563636363636,205.04196817745205,5.018700567427373,5.031405209370397,5.0516352970900344,207.85250000000002,206.34723809523808,197.24484393190485,5.131399729903212,5.076418461341322,5.105474284313271,187.74666666666664,201.01036559139783,186.35127587567075,5.159608473658318,5.115284714420131,5.14213359196274,146.43949999999998,171.39434972677597,159.77145435231617,5.2513258271516285,5.20320829396464,5.17593860466642,8.73679898400054
2015-06-18,sz000901,202.89,201.38,210.17,197.1,71458,513514912.0,6.42,-1.03,-2.1,2.21,4.8540508567989855,-0.043328781074794875,206.592,204.41066666666666,204.2793797858678,5.0350557830403515,4.968054266877632,4.9638732872843665,204.551,205.34527272727271,204.37615578155166,5.004054436570224,5.001468898347054,5.015710853400752,208.39000000000001,205.73080952380954,197.6386683193425,5.112338099946598,5.050004282950442,5.081529195978577,190.29966666666667,201.88993548387097,187.3208709804662,5.148112348322144,5.095571319784046,5.1235476090489485,148.12900000000002,173.19567759562844,161.13566896371563,5.239533483465271,5.190182885100619,5.165384908015029,8.7105530596281
2015-06-19,sz000901,196.11,198.09,209.01,192.7,74715,527619392.0,8.1,-1.63,-3.29,2.31,4.873407800788065,0.019356943989079056,203.768,201.57666666666665,202.21625319057856,4.97674727456553,4.91417160612687,4.933718125118933,204.08499999999998,204.17054545454545,203.2332183667241,4.989856725961934,4.97771496456848,4.989837571107536,207.79000000000002,204.7498571428572,197.68165228892892,5.0975130178909485,5.027249016363915,5.061708110722337,192.65833333333333,202.3925376344086,188.01565349785548,5.13864102749582,5.077848445749588,5.107409556903085,149.80633333333336,174.83374316939893,162.34728637474134,5.233200586370655,5.178178764357104,5.155811888105948,8.7223207491257
2015-06-23,sz000901,194.59,215.36,215.39,192.7,128767,929004752.0,11.45,8.72,17.27,3.98,5.109804577665178,0.2363967768771138,203.932,205.4406666666667,206.5975021270524,4.942587508580928,4.95852404049342,4.992413609301015,206.237,206.2205454545455,205.43808775459243,5.013523150217951,4.99952366487816,5.011649754118016,207.2775,205.47080952380958,199.36530445188808,5.089221096943614,5.028419641104319,5.066288726621655,195.34133333333332,203.8571612903226,189.77980488509064,5.132727427736595,5.075988029631484,5.1075640743716075,151.75983333333335,176.98304371584697,164.08540813294655,5.229886108659889,5.174132993579876,5.154303451698054,8.96801793548137
2015-06-24,sz000901,218.62,225.72,229.1,217.19,158696,1241553952.0,5.53,4.81,10.36,4.9,5.2005659803161555,0.0907614026509771,208.80599999999998,212.70333333333332,212.9716680847016,4.987041770688433,5.044516864405163,5.061797732972728,208.82800000000003,209.76290909090906,209.12570816284833,5.039583916552267,5.033531452168743,5.045998158881313,206.87400000000002,207.22723809523814,201.87527545647015,5.080671160632469,5.039023915711228,5.079077036497322,198.10266666666666,205.8170752688172,192.09852715056869,5.128586540215849,5.080364710443066,5.113564197335772,153.9161666666667,179.40796721311474,166.1062144236696,5.232104889590395,5.173171677896475,5.155820255915041,9.093965596662859
2015-06-25,sz000901,227.65,208.19,228.52,203.91,129279,991365984.0,10.9,-7.77,-17.53,3.99,5.1115279840852015,-0.08903799623095399,209.748,212.49800000000002,211.37777872313444,5.029871439930718,5.086012268870752,5.078374483343553,208.88899999999998,209.64690909090908,208.9555794059668,5.042549799376501,5.046612191720185,5.057912672554747,206.0395,207.35257142857148,202.47667779394916,5.068273525074588,5.041962660801964,5.0821676029342635,200.27866666666668,206.46787096774193,193.13668668924169,5.1245221185798995,5.079264158434638,5.113432828738961,155.75266666666667,181.18743715846995,167.48601067207386,5.232242466778586,5.16921833673237,5.154368050281275,8.99623401320284
2015-06-26,sz000901,197.94,186.99,198.79,186.99,111392,745969248.0,5.67,-10.18,-21.2,3.44,5.046854001604195,-0.06467398248100675,206.86999999999998,204.912,203.24851914875632,5.0684320688917595,5.091673122761912,5.067867656097101,206.731,205.6652727272727,204.96183769579102,5.051743925966056,5.047394773943402,5.055902005109191,205.288,205.53833333333336,201.00175609928735,5.054528228125788,5.0399227061857355,5.078804402807591,201.77033333333335,205.6105376344086,192.7401262576777,5.123630550077588,5.074253312178142,5.109137420536719,157.23,182.21161202185795,168.12548573200584,5.227061024907132,5.163140026398783,5.1508429995049765,8.872720924390649
2015-06-29,sz000901,194.59,180.18,194.59,167.92,147529,944311680.0,14.26,-3.64,-6.81,4.56,5.16887739863303,0.12202339702883513,203.288,196.01533333333333,195.55901276583756,5.127525988460752,5.125154899342334,5.101537570275744,203.528,200.83781818181822,200.456049023829,5.052136631513141,5.068691768973761,5.076442985749889,204.0055,203.1470952380952,199.01873170887902,5.047631553276508,5.0508131033769015,5.087382783362394,202.69333333333333,204.21761290322578,191.92979553137593,5.116456861353523,5.077172463697848,5.112991612671965,158.58983333333333,182.96407103825135,168.52071570800564,5.226193762537437,5.161232366520944,5.151434291279666,8.975115361419908
2015-06-30,sz000901,181.05,187.61,187.61,161.78,137611,850029088.0,14.34,4.12,7.43,4.25,5.1386531508207165,-0.030224247812313365,197.738,190.78933333333333,192.90934184389172,5.133295703091859,5.128863953462323,5.113909430457402,200.83499999999998,197.9436363636364,198.12040374676917,5.0379416058363935,5.084422045211503,5.087753924853676,202.895,201.58561904761908,197.93218583184293,5.048473748122921,5.059481826952541,5.092265675501283,203.343,203.24449462365595,191.65109904548072,5.111390708036628,5.07860448237315,5.114647195778336,160.03566666666666,183.91555191256828,169.14659388151364,5.222436275063585,5.158362182530232,5.151015237494127,8.929433787528104
2015-07-01,sz000901,185.57,175.0,196.89,171.39,108752,716937744.0,13.59,-6.72,-12.61,3.36,5.036437252578186,-0.1022158982425303,187.594,183.21,186.9395612292612,5.100469957544266,5.096577803291098,5.088085371164331,198.2,193.2463636363636,193.9166939746293,5.043755864116349,5.084148526437282,5.078423620803586,201.06350000000003,198.92895238095238,195.74816813357216,5.0465383443991385,5.058335494043519,5.086948682841941,203.61766666666665,201.41591397849461,190.57683459093357,5.108680445980088,5.073768775569379,5.10960139299123,161.24666666666664,184.40618579234973,169.3385088362181,5.216596891256739,5.152263853924153,5.147258582250981,8.855481444913067
2015-07-02,sz000901,176.69,159.21,179.6,157.12,105459,605437712.0,12.85,-9.02,-15.79,3.26,5.023083648879184,-0.013353603699002292,177.798,173.74866666666668,177.6963741528408,5.082781090503063,5.070782367069404,5.0664181304026155,193.773,186.15727272727275,187.60638597924213,5.05632626521689,5.080389941848708,5.068361807726421,198.98000000000002,194.94290476190474,192.26834259704148,5.037513416322132,5.056101713517808,5.080866298655011,203.15933333333334,198.55090322580648,188.55316784313143,5.106375241674438,5.06824640156287,5.104019603048518,162.18283333333332,184.33940983606558,169.0064265792929,5.210807973609284,5.1459191574527585,5.143187272960102,8.782069469153432
2015-07-03,sz000901,147.59,142.91,159.18,142.91,103803,535589376.0,10.22,-10.24,-16.3,3.21,5.016209905194696,-0.0068737436844878985,168.98200000000003,162.11933333333334,166.1009161018939,5.076652271221162,5.048591971966616,5.049682055333309,187.926,176.90945454545457,179.47977034665263,5.072542170056461,5.073096058208308,5.058879643629743,196.2385,189.60290476190474,187.5675480639899,5.038298303313342,5.054072807696147,5.074708546896885,201.56866666666667,194.66384946236556,185.60844733712295,5.09907278998322,5.062429283080305,5.098354461251497,162.93183333333337,183.7075136612022,168.15080603570954,5.205453751116116,5.139538892914575,5.139024080574351,8.728831953720224
2015-07-06,sz000901,157.58,128.23,157.58,128.23,119415,573173440.0,20.54,-10.27,-14.68,3.69,5.077058882974805,0.06084897778010934,158.59199999999998,148.53533333333334,153.4772774012626,5.058288568089518,5.04872750921783,5.058807664547142,180.94,166.05563636363635,170.16163028362487,5.092907278275135,5.073917278738916,5.0621849598743,192.5125,183.12590476190474,181.9163530102766,5.041382002118534,5.05776429147343,5.074932388428116,198.84000000000003,189.93232258064515,181.90661202505052,5.095977771352343,5.061009031015246,5.096980552975582,163.4905,182.56974863387978,166.84192714929284,5.20360839763201,5.135329225106663,5.136992434751415,8.75828605763478
2015-07-07,sz000901,115.01,115.01,115.01,115.01,4262,17397484.0,0.0,-10.31,-13.22,0.13,3.629613445378183,-1.4474454375966221,144.07199999999997,134.008,140.65485160084174,4.756480627001011,4.5725024683140525,4.582409591490823,170.905,154.06836363636364,160.1340611411476,4.944888165046435,4.807863854575835,4.801717411784097,188.571,175.74471428571428,175.54431939025028,4.9792056576321935,4.9233101432124435,4.937282965280503,195.1533333333333,184.52393548387099,177.59070157182146,5.0411101196445545,4.966404880952396,5.002311707324137,163.80800000000002,180.98022404371585,165.14251970177506,5.179353955069612,5.083722833229489,5.087570172804751,7.2404864457582345
2015-07-14,sz000901,126.89,126.89,126.89,126.89,5448,24460038.0,0.0,10.33,11.88,0.17,3.736237098904729,0.10662365352654568,134.45,128.28066666666666,136.0665677338945,4.49644059626632,4.232421292281958,4.300352093962125,161.022,146.06563636363637,154.08968638821167,4.798455276905293,4.5881091152773426,4.607993718533303,184.925,169.87033333333335,170.9105746864169,4.919019596728779,4.8049321852384,4.8228976446732865,191.59,180.1198494623656,174.31968856718782,4.986599199390077,4.882219524775635,4.920629474522885,164.28016666666664,179.7697978142077,163.88833872794635,5.153720402676086,5.036407526469985,5.043264170381799,7.3884571274009
2015-07-15,sz000901,139.96,125.26,139.96,119.76,336765,1588012112.0,15.92,-1.28,-1.63,10.41,5.527326948929977,1.791089850025248,127.66000000000001,125.21733333333334,132.464378489263,4.597289256276477,4.5760500765031775,4.709343712284743,152.72899999999998,139.56345454545456,148.84792522671864,4.84003517338977,4.720631237463649,4.775145214969061,180.809,164.1879523809524,166.56290090675816,4.941292486383135,4.86286621878137,4.889986149840591,188.26933333333332,175.84049462365593,171.15454736930477,4.992194074512981,4.917105186036273,4.9597712470652775,164.77333333333334,178.49044808743167,162.62183581883335,5.159121903077753,5.048656921429129,5.05913508115387,9.200853810531068
2015-07-16,sz000901,112.36,128.43,132.42,112.36,201240,884072128.0,16.01,2.53,3.17,6.22,5.303714308653711,-0.22361264027626593,124.76399999999998,125.474,131.1195856595087,4.6547901369682805,4.8115250939622545,4.907467244407733,146.873,135.14545454545456,145.13557518549706,4.865721204094721,4.804936534784365,4.871248686548088,176.802,159.1994761904762,162.9311960584955,4.958732565030389,4.89738258280714,4.929388831632316,185.81633333333332,171.97989247311827,168.39812495838189,4.991592553448766,4.9372032656582565,4.981961122006467,165.3925,177.29886338797814,161.50079202149453,5.161190368859005,5.053397656038175,5.067154072219438,8.94648769885303
2015-07-17,sz000901,130.68,141.65,141.65,128.43,236874,1161580288.0,10.29,10.29,13.22,7.32,5.3745173938751085,0.07080308522139767,127.44800000000001,131.10266666666666,134.62972377300582,4.714281839148342,5.051434179597864,5.063150627563525,143.02,134.19581818181817,144.5018342426794,4.88628520361893,4.897444932926254,4.962752087880274,173.274,155.85166666666666,160.9044154814959,4.969210917566036,4.936981137935208,4.971782028036392,183.67700000000002,169.13045161290327,166.67243947719595,4.993849436723981,4.961908094072859,5.007287333094767,166.21416666666667,176.52042076502732,160.84994638144553,5.166045274866824,5.060391984727227,5.077231558175361,9.065049233447732
2015-07-20,sz000901,153.39,156.21,156.21,150.51,247275,1348399680.0,4.02,10.28,14.56,7.64,5.393180210534853,0.01866281665974423,135.68800000000002,140.69000000000003,141.8231491820039,5.066995192179676,5.2777336367267,5.173160488553968,139.88000000000002,136.59400000000002,146.6305916531013,4.911737909590343,4.989607661456421,5.041011746544742,170.35750000000002,154.2265238095238,160.457328292782,4.974839757713368,4.977359165837,5.011915188274341,181.89000000000001,167.3583870967742,165.997443381893,5.002895135278729,4.987671369802593,5.0321836477683215,167.2338333333333,176.19241530054646,160.69781699188994,5.1685584476091835,5.067839031798309,5.087590530383869,9.129818640782892
2015-07-21,sz000901,162.13,165.47,170.8,157.9,269732,1563608976.0,8.26,5.93,9.26,8.33,5.43093247258941,0.03775226205455695,143.404,150.61733333333333,149.7054327880026,5.405934266916612,5.399046063529946,5.259084483232449,138.92700000000002,141.24672727272727,150.0559386252647,4.951187431591466,5.084006672910798,5.111906424007408,168.56350000000003,153.76104761904764,160.93472559823132,4.997471647853907,5.020796567253767,5.051821596304348,180.35133333333334,166.29903225806456,165.9634147766096,5.01475470679658,5.015286681887152,5.05790937840194,168.36066666666667,176.1345846994536,160.8542820085493,5.168362883766287,5.076441458846843,5.098847643243067,9.194128154863357
2015-07-22,sz000901,167.66,177.41,179.01,164.16,215495,1309847200.0,8.97,7.22,11.94,6.66,5.333437197941757,-0.09749527464765251,153.834,161.95266666666666,158.9402885253351,5.367156316718968,5.374880373871661,5.2838687214688855,140.747,148.24363636363637,155.02940432976203,4.982222786497723,5.153506630429033,5.152184746540926,167.26000000000002,154.60357142857143,162.50379935078072,5.019274525857306,5.052793286309752,5.078642129793625,179.56900000000002,166.10926881720434,166.7019041458606,5.019083206380662,5.035846842606196,5.075685366759348,169.56866666666667,176.43128415300544,161.3970924344985,5.161574793566677,5.0818537314427585,5.10653910405286,9.117220636062402
2015-07-23,sz000901,177.44,181.05,186.15,170.74,177456,1099305792.0,8.69,2.05,3.64,5.48,5.249090687948694,-0.08434650999306292,164.358,171.02466666666666,166.31019235022342,5.356231592577965,5.335525164281568,5.272276043628822,144.561,155.57145454545454,159.76042172435075,5.005510864773123,5.202028067056482,5.169804008615066,166.2435,155.91690476190476,164.2701041745159,5.039026517414792,5.074680539842265,5.094875325808394,179.01266666666666,166.20481720430107,167.62758774935347,5.027369157133269,5.050686034965424,5.08687280683608,170.7985,176.80772131147538,162.04145005959688,5.155790445400653,5.084723105029054,5.111212926475674,9.041118516177447
2015-07-24,sz000901,179.6,178.43,188.97,175.23,208917,1329390784.0,7.59,-1.45,-2.62,6.46,5.3199737808410035,0.07088309289230921,171.714,175.71533333333335,170.35012823348228,5.3453228699711435,5.323439227035916,5.288175289366216,149.581,161.72945454545453,163.1548905017415,5.029802354559743,5.2592031427051875,5.197107603565236,165.2605,157.0775238095238,165.61866568170487,5.061354816417439,5.1014374220733325,5.116313273906737,178.20200000000003,166.1672258064516,168.32451757197583,5.037522119598937,5.069563752623988,5.101911579352527,172.0225,177.0579344262295,162.5787795658396,5.154031865555802,5.090106165207427,5.118057544651586,9.123652663702588
2015-07-27,sz000901,173.77,160.2,182.51,160.2,150807,910184368.0,12.5,-10.22,-18.23,4.66,5.178421500624054,-0.1415522802169491,172.512,171.87733333333333,166.96675215565486,5.302371127988984,5.2678054372535525,5.251590693118829,154.1,163.6601818181818,162.61763768324303,5.1846831600843295,5.28622480562597,5.193710130303202,162.5025,156.59557142857142,165.10260228344728,5.064785662565383,5.11258663009301,5.12222834311791,177.08066666666667,165.0058064516129,167.8003551479774,5.047698158449572,5.078654035270769,5.1068477033055295,172.86733333333333,176.67031147540985,162.5007867931891,5.147236813300402,5.0909058253736,5.120036690749044,8.95912937242544
2015-07-28,sz000901,143.81,146.4,167.19,143.81,223838,1172020672.0,14.59,-8.61,-13.8,6.92,5.349933816729399,0.17151231610534445,168.698,163.17333333333332,160.1111681037699,5.2861713968169814,5.283659666833691,5.284371734322352,156.05100000000002,162.26018181818185,159.66897628628976,5.346052831866796,5.316270379561438,5.222114436926147,158.5365,155.06199999999998,163.32140206597612,5.072254054386045,5.139743597156251,5.143914578699956,175.30033333333333,163.02640860215052,166.41968707391433,5.061364008441453,5.0981531099985,5.122530678365134,173.29350000000002,175.80253005464482,161.97289214423208,5.14209538144926,5.097551628764715,5.127574301436924,9.068935271798416
2015-07-29,sz000901,150.88,161.43,161.43,138.83,189373,997537552.0,15.44,10.27,15.03,5.85,5.277318059213771,-0.07261575751562788,165.502,160.7506666666667,160.55077873584662,5.274947569071385,5.280708554299287,5.282020509286159,159.668,163.23818181818183,159.98916241605525,5.321051942895176,5.303773148169979,5.23215145916026,156.19850000000002,155.33757142857144,163.14126853588317,5.080543558142473,5.159273502377938,5.156619672082224,173.762,162.1315483870968,166.09777177882307,5.06787897188715,5.112085629403166,5.132516961000531,173.99483333333333,175.41356284153002,161.95509240179823,5.1373870277895675,5.101985159183222,5.1324839328394445,8.99892925355118
2015-07-30,sz000901,162.13,159.5,174.82,157.49,221390,1307431968.0,10.74,-1.2,-1.93,6.84,5.345158000269437,0.06783994105566649,161.192,158.75,160.2005191572311,5.294161031535532,5.304112031365306,5.303066339613919,162.775,163.20763636363637,159.9002237949543,5.3251963120567485,5.308156067692571,5.252698102998292,154.824,155.65200000000002,162.79448105627523,5.0954587580757345,5.184474877818602,5.1745757033381485,172.12633333333332,161.2114193548387,165.67210908341514,5.080887147372509,5.129974598976217,5.146235737727557,174.531,174.93832240437158,161.87459756895237,5.134545759108118,5.10879732221535,5.139456853083051,9.116419099687771
2015-07-31,sz000901,158.34,149.31,164.28,143.2,123902,673883472.0,13.22,-6.39,-10.19,3.83,5.0930783167227425,-0.25207968354669497,155.368,154.78933333333333,156.57034610482074,5.248781938711881,5.237084459761041,5.233070331983527,163.541,160.75945454545456,157.97472855950804,5.297052404341512,5.2659527958136625,5.223676323675464,153.28050000000002,155.12685714285715,161.5102447652014,5.091668803980221,5.184248169118317,5.166814047470015,170.02966666666669,159.73939784946234,164.61648914254965,5.078491413157861,5.13076112603107,5.142806226694989,174.93866666666665,174.11140437158468,161.46264355029817,5.131754988789458,5.10743773394042,5.137936245333533,8.828584804780633
2015-08-03,sz000901,143.78,134.0,147.54,134.0,102607,498752016.0,9.07,-10.25,-15.31,3.17,5.011176989992876,-0.0819013267298665,150.128,147.66666666666666,149.04689740321385,5.215333036585645,5.157882810188041,5.15910588465331,161.32,155.38836363636364,153.61568700323386,5.258852082287314,5.213975447750274,5.18504008118772,150.6,153.29061904761906,158.89022145422985,5.085294995938829,5.176582282071903,5.151991470567431,167.345,157.41490322580646,162.64123177851422,5.069510532571351,5.126418260020426,5.134314017875498,175.01583333333335,172.7691530054645,160.56222900766545,5.1267422677909416,5.103484356930696,5.133780204174823,8.697884664155268
2015-08-04,sz000901,132.13,147.77,147.77,132.13,149711,750341648.0,11.67,10.28,13.77,4.63,5.1752537112568335,0.16407672126395756,150.402,146.88066666666666,148.62126493547592,5.180397015491133,5.144523035078436,5.1644884935211515,159.55,152.9247272727273,152.55283482082768,5.233284206154057,5.198775743926549,5.183260741200286,149.2385,153.02109523809523,157.83115274430318,5.092235818872761,5.185149778768856,5.15420692206166,165.55900000000003,156.15200000000002,161.681797470223,5.076075833953956,5.133240400580779,5.13695528841623,175.33950000000002,171.87584699453552,160.14281166315183,5.124304915199561,5.105074896060726,5.135139991292266,8.87525905280042
2015-08-05,sz000901,149.34,144.68,153.83,140.63,167903,880440080.0,8.93,-2.09,-3.09,5.19,5.225058455946304,0.04980474468947005,147.052,144.97333333333336,147.30750995698395,5.169945094837638,5.159410181896827,5.184678480996203,156.277,150.22109090909092,151.1214103079499,5.222446331954512,5.197280152979685,5.190860325699561,148.512,152.5869523809524,156.5786620067505,5.102334559226117,5.19779955372824,5.160954687193531,163.59900000000002,154.80496774193549,160.5849073108538,5.0869984612230414,5.142852182644802,5.142639363740751,175.67283333333336,170.8706174863388,159.63583423157309,5.12330346744068,5.1083782908393065,5.138088137674365,8.944699804583983
2015-08-06,sz000901,138.48,142.91,148.44,138.25,88781,449688992.0,7.04,-1.22,-1.77,2.74,4.948320032467181,-0.2767384234791228,143.73399999999998,143.5926666666667,145.84167330465598,5.0905775012771874,5.085535161106674,5.10589233148653,152.463,147.79072727272728,149.62842661559534,5.19236926640636,5.1474390076183525,5.1467620905664,148.512,152.05342857142858,155.27688467277426,5.098940065589742,5.183131503560722,5.140703767695783,161.65,153.4701935483871,159.44459071015356,5.0901407670786485,5.133905187241199,5.130102632690844,175.97483333333332,169.79642622950817,159.08744622398052,5.119126557700397,5.102641129036897,5.131866232585605,8.652912256542436
2015-08-07,sz000901,144.59,148.09,148.47,143.66,95609,493735952.0,3.37,3.62,5.18,2.95,4.980498775815473,0.032178743348292294,143.49,145.04466666666667,146.59111553643731,5.068061593095734,5.048842252619436,5.064094479596178,149.429,146.99563636363638,149.3487126854871,5.158421765903808,5.108917100238191,5.116532396975322,149.505,152.0132380952381,154.5924194658434,5.094112060231774,5.171851380725079,5.125446149421467,159.98333333333332,152.59535483870968,158.71203647078883,5.093710466246228,5.126831510385511,5.12045077095695,176.32083333333333,168.88216939890714,158.7268742166369,5.116175746871024,5.098095955860342,5.126903365150518,8.693494752066062
2015-08-10,sz000901,154.5,163.29,163.29,151.35,161870,898785280.0,8.06,10.26,15.2,5.0,5.209166366716778,0.2286675909013045,149.348,151.64466666666667,152.15741035762488,5.107659468440514,5.095877177159784,5.112451775303045,149.738,149.51581818181816,151.8834921972167,5.161496252513079,5.118143391295095,5.133374936928314,151.919,153.32609523809523,155.4207604690964,5.173089706298705,5.18280893372365,5.133419503449592,158.24766666666667,152.808688172043,159.0073889565444,5.097022525881282,5.134280278157802,5.126174357780164,176.7945,168.45492896174866,158.87648489805864,5.114874976808938,5.101144828642171,5.129600512742854,8.95365595107784
2015-08-11,sz000901,164.45,162.94,168.82,160.26,177403,1030499712.0,5.24,-0.21,-0.35,5.48,5.248960959759684,0.039794593042906,152.382,156.17533333333333,155.75160690508326,5.122400918141084,5.142977674266175,5.1579548367885915,151.392,151.91618181818185,153.89376634317728,5.151398966816108,5.134046065339932,5.154390577443108,153.7215,154.37571428571428,156.13687851965864,5.248725899341453,5.190034767386601,5.144423451669601,156.15500000000003,153.11141935483874,159.26110579805766,5.098635691862731,5.144082757762861,5.134096074036908,177.12883333333332,168.00068306010928,159.00971490140097,5.113611116039291,5.10554109037826,5.133513970022094,9.013047874740337
2015-08-12,sz000901,168.24,165.18,175.55,162.94,162370,964486528.0,7.74,1.37,2.24,5.02,5.210505790680973,-0.03845516907871094,156.482,160.44133333333332,158.89440460338886,5.119490385088017,5.172345965112803,5.175471821419386,151.767,154.42309090909092,155.94580882623595,5.144717739962828,5.144792760588089,5.164593343486356,155.7175,155.46699999999998,156.99812818445307,5.232884841429002,5.186394757037983,5.1507170077659215,154.72133333333332,153.69367741935483,159.64296994011846,5.1019349520825905,5.1513001834930705,5.1390257331752345,177.5,167.6089180327869,159.21201933086323,5.113228535331245,5.108717964956675,5.13603829201091,8.984296165773452
2015-08-13,sz000901,163.0,165.91,166.49,155.17,145110,821182128.0,6.85,0.44,0.73,4.48,5.161697342108118,-0.0488084485728546,161.08200000000002,163.584,161.23293640225924,5.162165847016205,5.186414950786171,5.17088032831563,152.40800000000002,156.99454545454546,157.75747994873848,5.126371674146696,5.147879960978142,5.164066797781222,157.59150000000002,156.43771428571426,157.84687788117182,5.2257839931017225,5.1796149951979,5.15176275389375,154.01866666666666,154.41552688172044,160.04729446011083,5.105763063432723,5.155155821559235,5.140488417622517,177.8945,167.2289180327869,159.43162525444149,5.114696806755156,5.110307106162475,5.136879572341965,8.914439488926218
2015-08-14,sz000901,166.2,165.1,167.8,162.79,114306,663526464.0,3.02,-0.49,-0.81,3.53,5.058069027407539,-0.10362831470057898,164.48399999999998,164.92333333333332,162.5219576015062,5.1776798973346185,5.151716010916616,5.133276561346267,153.987,159.30218181818182,159.0924835944224,5.122870745215176,5.1354612979346586,5.144794475895097,158.764,157.15280952380954,158.53765141629833,5.209961574778344,5.163642141322263,5.142839541847445,153.516,155.13045161290324,160.37327546268435,5.102069451058539,5.152078786976964,5.135171037608648,178.10466666666667,166.80942622950823,159.61747360675488,5.1092631562060316,5.1084504576592735,5.134295620049033,8.821858248888427
2015-08-17,sz000901,163.29,167.22,172.61,162.18,125332,744598848.0,6.32,1.28,2.12,3.87,5.09806197002936,0.03999294262182129,165.27,165.83533333333332,164.0879717343375,5.155459017997135,5.125176701814863,5.121538364240632,157.309,161.70818181818183,160.57021384998194,5.131559243218825,5.130950611537237,5.13629765664678,159.3145,157.9581428571429,159.36454175760326,5.19520566275307,5.152985036108074,5.138575011198103,152.83633333333333,156.0145806451613,160.81499962638213,5.100716411698827,5.151820239813791,5.132776904216437,178.0896666666667,166.45255191256834,159.86673676718914,5.106053559867728,5.108083205653481,5.133107631523798,8.871922359967748
2015-08-18,sz000901,167.95,150.13,170.83,150.13,168736,949639824.0,12.38,-10.22,-17.09,5.21,5.22720774965137,0.1291457796220099,162.708,160.78866666666667,159.43531448955832,5.151108375975472,5.149092945699608,5.156761492710878,157.545,160.40290909090908,158.6719931499852,5.136754647058278,5.148341249070428,5.152826764465797,158.54749999999999,157.08342857142858,158.4850615902125,5.185019426606168,5.156032853907913,5.147016224384129,152.00733333333335,155.83997849462364,160.12564481177685,5.107075428267933,5.1599809712946,5.138869216825142,177.8125,165.53584153005463,159.54749949613375,5.107877937124011,5.112055474170979,5.136192881298472,8.97755891885807
2016-02-18,sz000901,134.72,134.72,144.07,134.72,229461,1099429792.0,6.23,-10.26,-15.41,7.09,5.360708881925175,0.1335011322738051,156.616,151.45933333333332,151.1968763263722,5.181148994224313,5.218959781016176,5.22474395578231,156.549,156.2529090909091,154.31708530453335,5.150319689656165,5.189060200864409,5.190623513094774,156.413,154.81414285714288,156.22172239114465,5.186383010805338,5.172765182985913,5.167367906054705,151.19099999999997,154.7246666666667,158.48657095295255,5.1183296027028,5.1763444199176485,5.153181453283209,177.17516666666668,164.1229726775956,158.73348311921131,5.112352422188619,5.120345013344787,5.143554061646888,9.041167501163368
2016-02-19,sz000901,127.41,129.69,132.71,124.24,264128,1197332688.0,6.29,-3.73,-5.03,8.16,5.4218144428613035,0.06110556093612818,149.372,142.484,144.02791755091482,5.23317241437495,5.299181597228507,5.290434118141975,155.227,151.36945454545454,149.83943343098184,5.197669130695577,5.2384228832653426,5.2326582275977795,153.84499999999997,152.26909523809525,153.69489168722612,5.195019198550969,5.1951872241340995,5.191600909560095,150.75033333333334,153.33750537634407,156.6287276656653,5.1318497539583525,5.195924087024649,5.170512613901151,176.1595,162.56608196721308,157.78123777104045,5.115461271970787,5.130491309104548,5.152677352834247,9.078214839201456
2016-02-22,sz000901,131.26,130.09,133.3,128.93,210224,969768304.0,3.37,0.31,0.4,6.5,5.322682295291528,-0.09913214756977595,142.37,136.05666666666667,139.38194503394323,5.286095067951747,5.3290182242006985,5.301183510525159,153.427,146.79909090909092,146.2486273526215,5.231887482643183,5.261152549555516,5.249026239905733,151.428,150.00671428571428,151.44680676463315,5.195154624273495,5.207345614299869,5.204084851058327,150.81233333333336,152.00458064516127,154.9165516872353,5.140037201035578,5.208235863884853,5.18033001270053,174.82616666666667,161.05560655737705,156.87332833592436,5.11800748619396,5.137285441016703,5.158251285373829,8.986667985489085
2016-02-23,sz000901,129.8,127.24,130.06,125.14,160923,724029088.0,3.78,-2.19,-2.85,4.97,5.206618120290606,-0.11606417500092192,134.374,131.01333333333332,135.3346300226288,5.307806298003997,5.302525908313651,5.269661713780308,149.82199999999997,142.03781818181818,142.79251328850847,5.231632658000565,5.256558120036866,5.241315672702982,149.78000000000003,147.70309523809522,149.14139659657286,5.196564455256822,5.208437375825306,5.204326114794735,151.22,150.48378494623654,153.1309677074137,5.192604023532659,5.212531407062595,5.1820260196418255,173.18666666666664,159.49540437158473,155.90174380032028,5.116857071588607,5.140190707708395,5.159837083239953,8.859756014407264
2016-02-24,sz000901,127.59,129.31,130.85,127.18,157806,719202832.0,2.88,1.63,2.07,4.88,5.198123511657643,-0.008494608632962475,130.20999999999998,129.32533333333333,133.3264200150859,5.301989450405251,5.2659649795315335,5.245815646406086,146.459,138.30836363636362,140.34114723605236,5.226548913190362,5.2504655479745175,5.23346255251292,148.9255,145.75357142857143,147.25269215880402,5.188973940003235,5.208585857387289,5.2037353906864405,151.30066666666667,149.07023655913977,151.59413108112895,5.2413335706244215,5.212887503070661,5.183064567513814,171.44533333333337,158.056825136612,155.02988334785073,5.11396638500725,5.1428551811532826,5.161092375974959,8.856851388846907
2016-02-25,sz000901,128.64,116.0,128.64,116.0,170285,731326080.0,9.77,-10.29,-13.31,5.26,5.231176393681099,0.03305288202345569,126.46599999999998,124.58866666666667,127.55094667672392,5.276082952756436,5.242360627290149,5.240935895497758,141.541,132.77036363636364,135.91548410222464,5.228615973490374,5.251306908063742,5.2330468872707705,146.654,142.6178095238095,144.27624528653698,5.186666856726601,5.212605138689944,5.2063488195430745,150.99200000000002,146.79277419354838,149.2977355275077,5.23146188544946,5.21223220133238,5.1861685562988,169.63066666666666,156.23894535519125,153.75021504136382,5.1118279799812205,5.1466981322573435,5.163390212621062,8.864111061183209
2016-02-26,sz000901,116.0,107.12,117.57,106.42,155817,614065696.0,9.61,-7.66,-8.88,4.81,5.19261483846765,-0.03856155521344906,121.952,118.14,120.74063111781595,5.230243031877706,5.21453792252722,5.224828876487722,135.66199999999998,126.51199999999999,130.67994153818378,5.231707723126328,5.244761247150518,5.225695605670203,144.035,138.8526666666667,140.73755525924773,5.179039698636513,5.213171613141472,5.205040821345415,150.2816666666667,143.96232258064518,146.57659129992658,5.227758569776591,5.209725940236781,5.186584445470984,168.04899999999998,154.18941530054644,152.2213555318109,5.109675561612678,5.149346881715913,5.164348397075048,8.788214836750301
2016-02-29,sz000901,106.77,96.02,106.77,96.02,132780,464828096.0,10.04,-10.36,-11.1,4.1,5.123132664310901,-0.0694821741567484,115.138,109.49600000000001,112.50042074521063,5.19033310568158,5.17883446667162,5.190930139095449,128.754,119.30436363636363,124.37813398578672,5.238214086816663,5.225020327365895,5.207047798150329,141.3705,134.27980952380952,136.4787404726527,5.1805424160159195,5.20784713368189,5.197240044484985,148.76066666666665,140.46156989247314,143.3148757321894,5.219379078791118,5.202975881819639,5.182490782170334,166.21883333333332,151.8278087431694,150.3786881373253,5.10661425775755,5.149788098197824,5.1629970615745835,8.667292370606436
2016-03-01,sz000901,95.73,97.42,98.79,90.05,145221,499164768.0,9.1,1.46,1.4,4.49,5.162029423007781,0.03889675869687981,109.174,103.58999999999999,107.47361383014042,5.181415366225015,5.169399905780353,5.1812965670662265,121.774,113.60727272727274,119.47665507928004,5.244610832114505,5.211168570309735,5.198862639033502,139.54149999999998,130.09404761904761,132.75886042763815,5.188085037666665,5.206083991490638,5.193886651963347,146.801,137.1492688172043,140.353916007532,5.211674052540215,5.199275904027166,5.181170694482428,164.3455,149.5721092896175,148.6423377065933,5.107284593909472,5.151604988861765,5.162965335719934,8.698243924424442
2016-03-02,sz000901,97.77,103.3,103.65,95.15,189863,673978352.0,8.73,6.04,5.88,5.87,5.278440338820952,0.1164109158131712,103.97200000000001,101.632,106.08240922009361,5.197478731657677,5.201741563312334,5.213677824317802,117.09100000000001,110.24836363636364,116.53544506486547,5.249734091031463,5.217319389710908,5.213331311722129,137.31799999999998,126.6424761904762,129.953254672625,5.193244369044871,5.214689258267238,5.2019393840450245,144.7286666666667,134.34275268817203,137.96334078123962,5.2065909814146005,5.203583406367859,5.187446155407494,162.54,147.57061748633882,147.1557036834263,5.11067284410559,5.157216652629353,5.166751401395377,8.828645947339576
2016-03-03,sz000901,102.72,101.61,105.05,101.0,167144,615534464.0,3.92,-1.64,-1.69,5.16,5.223090791256672,-0.05534954756428068,101.09400000000001,100.84466666666665,104.59160614672908,5.195861611172791,5.210278916511998,5.216815479964092,113.78000000000002,107.43363636363637,113.82172778034447,5.235972281964613,5.212475153388217,5.2151057625465915,135.1645,123.2417142857143,127.25389708475596,5.193145985810389,5.217531774668362,5.203953803779467,142.20199999999997,131.56090322580644,135.61796395664354,5.20291276785843,5.204647910228637,5.189745809333249,160.88549999999998,145.572912568306,145.66240192331395,5.110997987119546,5.160902486962178,5.168598594505584,8.789252374255147
2016-03-04,sz000901,101.7,95.82,104.47,93.2,173008,615239104.0,11.09,-5.7,-5.79,5.35,5.238066185646286,0.014975394389614038,98.83399999999999,99.08666666666666,101.66773743115273,5.204951880608518,5.224347108003162,5.223899048524824,110.393,104.16818181818182,110.54868636573639,5.217597456243112,5.212855863148522,5.2192803849283536,132.81,119.49461904761905,124.26019260049348,5.207633293469344,5.221809888938447,5.207202602052498,139.361,128.56851612903225,133.05035337879556,5.202545284448349,5.206915872666564,5.192863252966348,159.1868333333333,143.4396174863388,144.02822481107415,5.11495722079081,5.165068657405677,5.170876220444622,8.789043931006164
2016-03-07,sz000901,96.17,97.3,98.76,95.47,118517,411372368.0,3.43,1.54,1.48,3.66,5.073780649727222,-0.16428553591906336,99.09,98.57533333333332,100.21182495410181,5.195081477691783,5.180623364376063,5.173859582258957,107.114,101.78763636363635,108.13983429923886,5.192707291686681,5.186707352872905,5.1928258876190565,130.2705,116.11271428571428,121.6925552099703,5.2122973871649325,5.209062018105863,5.194495749450091,136.65666666666667,125.85490322580645,130.74387896726037,5.194338846744557,5.198608476878103,5.185180504370275,157.42933333333335,141.41054098360655,142.49615186644877,5.115930483171748,5.1637186058953946,5.1676927591096256,8.614235116653429
2016-03-08,sz000901,96.52,94.92,96.52,88.83,133514,441776944.0,7.9,-2.45,-2.38,4.13,5.125526807303298,0.05174615757607537,98.59,97.18533333333335,98.44788330273455,5.187780954550886,5.157438474246569,5.157748657273737,103.88199999999999,99.57054545454545,105.73622806301361,5.184598160387951,5.174492719348654,5.180589691198009,126.852,112.746,119.14278804711597,5.208115409194258,5.200798153357137,5.187927278769444,134.48066666666668,123.16221505376345,128.43266096937262,5.192575690300532,5.194168990462538,5.181331878753052,155.78066666666666,139.36105464480875,140.93627803476193,5.120136924375052,5.164033239473479,5.166310268886467,8.645203046630803
2016-03-09,sz000901,93.4,104.79,104.79,92.53,365397,1344378896.0,12.92,10.4,9.87,11.29,5.562764977365741,0.43723817006244303,98.888,99.252,100.56192220182305,5.244645882259843,5.282433148518188,5.292754097304406,101.43,99.73563636363635,105.56418659701114,5.2210623069587605,5.243250322435524,5.25007610686487,123.94449999999999,110.64485714285713,117.77585585215255,5.223805610074561,5.234574302706801,5.223626107207187,133.09366666666668,121.24668817204301,126.90732800360665,5.199670062321743,5.2180521702731975,5.205940465760322,154.197,137.68922950819672,139.75115416476973,5.130517035381598,5.178545634653502,5.179308783918573,9.128521686315526
2016-03-10,sz000901,100.97,100.45,104.47,99.78,259984,945223056.0,4.48,-4.14,-4.34,8.03,5.41494662133418,-0.14781835603156068,98.656,99.77266666666667,100.52461480121538,5.283017048275346,5.339200061542966,5.333484938647665,99.875,99.55745454545455,104.63433448846367,5.2394393297240685,5.278502015958329,5.280052564041108,120.70800000000001,108.4072857142857,116.12577434242372,5.234027651607221,5.252778208541051,5.241847108552615,131.061,119.14064516129032,125.2004036162772,5.20425768105909,5.231940980532063,5.219424733861861,152.41150000000002,135.92703278688523,138.4625917331379,5.1360683264731195,5.18787119484867,5.187034614653511,8.975534306455309
2016-03-11,sz000901,100.97,100.83,103.16,98.06,172113,619137520.0,5.08,0.38,0.38,5.32,5.235813674598564,-0.1791329467356162,99.658,100.49733333333333,100.62640986747692,5.282566546065801,5.323465603650705,5.3009278506312985,99.24600000000001,99.73109090909091,103.94263730874299,5.243759213337159,5.277842805935509,5.272009129597008,117.454,106.51414285714286,114.66903392885956,5.237733468231744,5.252948305968798,5.241272495795086,129.10533333333333,117.19025806451616,123.62811951200125,5.200612870203394,5.233976851082997,5.220482084877133,150.61583333333334,134.23583606557375,137.22873626647765,5.140750008787951,5.19114153413147,5.188633928094332,8.791787123242782
2016-03-14,sz000901,102.43,104.99,106.19,101.03,242576,899633232.0,5.12,4.13,4.16,7.5,5.384847830400432,0.14903415580186774,101.196,102.27466666666666,102.08093991165129,5.344779982200443,5.357559365095582,5.3289011772210095,100.143,100.77545454545454,104.13306688897153,5.269930729946113,5.303495281765196,5.292525257015812,114.4485,105.32709523809523,113.74722117373008,5.254072408381388,5.266959197603911,5.254946337186071,127.628,115.63443010752687,122.42566018864633,5.210338520659318,5.245862977547324,5.231086326523799,148.82883333333334,132.73990710382515,136.17172852003577,5.144414966908589,5.199144741397453,5.1950671707928935,8.954065489680064
2016-03-15,sz000901,104.7,101.09,104.7,100.97,158771,579094912.0,3.55,-3.71,-3.9,4.91,5.2007711801432155,-0.1840766502572162,102.42999999999999,102.23933333333335,101.75062660776754,5.359828856768426,5.309556431076506,5.286191178195079,100.51,100.94763636363638,103.57978200006761,5.273804905659657,5.290920818164668,5.27584269758443,111.14200000000001,104.05485714285714,112.54177153813674,5.2592078688870805,5.261882890152656,5.249786798420085,126.53099999999999,113.9223010752688,121.04916598292722,5.2166583269976625,5.24524572977209,5.229130510628278,146.93800000000002,131.1746994535519,135.02150791282148,5.143084429784506,5.200992486093669,5.195254187492903,8.762749749184744
2016-03-16,sz000901,101.26,96.46,101.7,95.44,146120,512045216.0,6.19,-4.58,-4.63,4.52,5.164709663539879,-0.03606151660333623,100.764,100.24933333333333,99.98708440517836,5.280217794003255,5.244516700000324,5.2456973399766795,99.826,100.21127272727274,102.28527618187348,5.2624318381315485,5.271085319597437,5.255636691394511,108.4585,102.65657142857144,111.01017424879039,5.256082964581506,5.252883061071971,5.24168421414578,124.82066666666667,111.98223655913979,119.46276817757708,5.216306858740429,5.241894203097394,5.224974326945156,145.18983333333333,129.5196830601093,133.75719617797486,5.1461913463471936,5.201701510151223,5.194252727691164,8.70930831291381
2016-03-17,sz000901,96.75,99.37,100.36,96.05,173353,609848624.0,4.47,3.02,2.91,5.36,5.238931361839961,0.0742216983000814,100.548,99.78466666666667,99.78138960345225,5.245014742104411,5.230754555945893,5.243442013931107,99.602,100.12836363636364,101.75522596698738,5.264015895189878,5.2668125057262385,5.252599358748229,106.691,101.791,109.90158622509608,5.249994088577245,5.251249575096585,5.241422037735702,123.31033333333333,110.34025806451612,118.16646055321726,5.216769288936886,5.243353848458656,5.225874780809337,143.45466666666667,128.01739344262296,132.6297471229593,5.151883875079963,5.204742166396889,5.1957176009419435,8.785222048256678
2016-03-18,sz000901,100.74,105.31,106.65,99.81,284509,1051307504.0,6.88,5.98,5.94,8.79,5.454096009179295,0.2151646473393347,101.444,101.372,101.62425973563484,5.288671209020556,5.300448311637521,5.31366001234717,100.551,101.16618181818181,102.40154851844423,5.285618877543179,5.301372526451587,5.28923511337206,105.47200000000001,101.6594761904762,109.46429229889645,5.251608166893145,5.270687853249161,5.261676701682711,122.057,109.17894623655914,117.33701148526777,5.2336284881606225,5.258665249764618,5.240598731026754,141.8535,126.76674863387976,131.73401770909177,5.161884627619634,5.214650760957522,5.20418902416284,9.021729764322615
2016-03-21,sz000901,108.43,110.93,111.46,107.0,297220,1151899808.0,4.24,5.34,5.62,9.18,5.4730780298442365,0.018982020664941146,102.63199999999999,104.53400000000002,104.7261731570899,5.306317248909318,5.361917251912081,5.366799351512859,101.914,103.05327272727271,103.95217606054527,5.32554861555488,5.335456008688143,5.322661098185182,104.51400000000001,102.17928571428573,109.60388350852537,5.259127953620781,5.291780221149265,5.281810161507618,120.81833333333334,108.4610752688172,116.92365590557307,5.250047796628248,5.274113607292591,5.255597395466592,140.4008333333333,125.75286338797815,131.05191876781006,5.1718791314372385,5.224853823325541,5.213005057136001,9.06141470588837
2016-03-22,sz000901,109.42,111.86,116.23,108.19,299518,1198526416.0,7.25,0.84,0.93,9.26,5.4764229271118845,0.0033448972676479727,104.78599999999999,107.60999999999999,107.10411543805994,5.361447598303051,5.418619144646271,5.403340543379201,103.60800000000002,104.86163636363635,105.38996223135521,5.3606382275357385,5.362887701698508,5.350617794353673,103.745,102.87890476190475,109.81875174580867,5.272618193961845,5.31247498052937,5.300344710612786,119.10400000000001,107.8831182795699,116.59696842779417,5.258956348641418,5.28871845442057,5.2698442039598365,138.67583333333334,124.81709836065575,130.4226755295212,5.177989437261349,5.234838865806677,5.22164170861062,9.078647610498672
2016-03-23,sz000901,111.78,112.74,113.61,110.0,197605,784961936.0,3.23,0.79,0.88,6.11,5.29579792934542,-0.1806249977664649,108.042,110.26133333333334,108.9827436253733,5.387665251464159,5.396735921660393,5.36749300536794,104.40299999999999,106.522,106.72633273474517,5.333941522733707,5.351098556572995,5.3406505461703535,102.9165,103.73557142857143,110.09696586525546,5.277501914846233,5.314682574375425,5.299911683825418,117.43066666666667,107.47253763440861,116.34813175503325,5.260517580960943,5.29109533059502,5.271518637855681,136.79283333333333,123.96674316939891,129.84291567609426,5.179576636411838,5.238701439317632,5.224073060110121,8.894848597654859
2016-03-24,sz000901,111.78,114.89,123.69,109.56,317399,1321407328.0,12.53,1.91,2.15,9.81,5.501605554129081,0.20580762478366132,111.146,112.54400000000001,110.95182908358221,5.440200089921984,5.4347160225487,5.412197188288321,105.84700000000001,108.42872727272727,108.21063587388241,5.342607416013196,5.381582925917609,5.36991509307194,102.86100000000002,104.87590476190475,110.5534453066597,5.291023372868633,5.33602577811665,5.319120623854339,115.75433333333332,107.30862365591398,116.25405873857949,5.270220906409213,5.306649393380061,5.28636295503461,135.23783333333333,123.2486174863388,129.35265614573052,5.186077929245902,5.249259764488686,5.23317248614353,9.121036710903613
2016-03-25,sz000901,116.41,117.89,118.45,113.79,216693,895036896.0,4.06,2.61,3.0,6.7,5.3358448821990265,-0.1657606719300544,113.66199999999999,114.79199999999999,113.26455272238815,5.416549864525929,5.399930953307715,5.38674641959189,107.553,110.61836363636364,109.97052026044923,5.352610536773243,5.380353374315032,5.363720509276865,103.39949999999999,106.30723809523809,111.25216480126353,5.298184875055201,5.340294493290972,5.320713410363357,114.15366666666667,107.44640860215053,116.3596033360905,5.276025824412243,5.3108831982697255,5.289555337432314,134.08616666666666,122.67983606557377,128.97683135406723,5.190894443922483,5.254170156388789,5.236538794210923,8.951840938554938
2016-03-28,sz000901,122.23,114.66,123.63,114.54,213102,897665504.0,7.71,-2.74,-3.23,6.58,5.3285875256639335,-0.0072573565350930735,114.40799999999999,115.12466666666666,113.72970181492543,5.387651763689869,5.37061017368705,5.367360121615905,108.52000000000001,111.91054545454546,110.82315294036755,5.346984506299593,5.375985554113339,5.357332694074514,104.3315,107.37966666666667,111.57672053447654,5.308457618122853,5.343189983825137,5.32146332610627,112.47233333333334,107.47907526881721,116.24995150795563,5.285043107687456,5.3142742757698365,5.292073543124677,132.99416666666667,122.04291256830601,128.5074270473765,5.193556279372999,5.258684683659,5.239556785406103,8.953114536189013
2016-03-29,sz000901,112.91,108.14,114.08,106.94,183048,715141888.0,6.23,-5.69,-6.52,5.66,5.26256498810032,-0.06602253756361343,113.66399999999999,113.03533333333333,111.86646787661697,5.344880175887556,5.328914581823867,5.332428410444043,109.225,111.84145454545452,110.33530695120982,5.353163887095303,5.360636550804381,5.340102202079205,104.86749999999999,107.74238095238096,111.24941381690734,5.31348439637748,5.338819257156324,5.315853960581894,110.50299999999999,107.19956989247311,115.726728830023,5.290526541623155,5.312824074506149,5.290169765381171,131.66966666666667,121.2280218579235,127.83964255401987,5.195621476660991,5.260947264273011,5.2403111527075525,8.85439221671305
2016-03-30,sz000901,109.71,113.35,113.99,109.71,167692,664895008.0,3.96,4.82,5.21,5.18,5.224512344426428,-0.03805264367389238,113.78600000000002,112.93066666666667,112.36097858441131,5.330623058903758,5.288791971336824,5.2964563884381715,110.91400000000002,112.59145454545455,110.88343296008075,5.359144155183959,5.337245361228222,5.319085864324154,105.37,108.55023809523809,111.44946964386854,5.310787996657754,5.330345728399082,5.307154759043278,109.27700000000002,107.38324731182796,115.57339148615056,5.290436694782324,5.308565094041845,5.2859338027389295,130.64216666666667,120.62737704918035,127.36457230634709,5.1987560615251285,5.261894505839091,5.239793158993417,8.82275307230138
2016-03-31,sz000901,114.6,112.85,115.8,111.6,162262,656456032.0,3.71,-0.44,-0.5,5.01,5.210216824677769,-0.014295519748658947,113.378,112.61866666666667,112.52398572294088,5.272345313013496,5.248656559928161,5.2677098671847045,112.26200000000001,112.94345454545453,111.24099060370243,5.35627270146774,5.310167664772551,5.299291493479356,105.93199999999999,109.26261904761905,111.58285348730962,5.310144298328808,5.320767521543845,5.297922574817991,108.548,107.6137634408602,115.39768880962473,5.285420292874077,5.303389618551227,5.281048836412403,129.8695,120.04402732240436,126.88868468974555,5.201874947788439,5.262270268565409,5.2388234431142156,8.817205643297944
2016-04-01,sz000901,112.77,111.4,114.05,109.45,105683,418597280.0,4.08,-1.28,-1.45,3.27,5.024005133003076,-0.18621169167469276,112.08,111.95933333333332,112.14932381529394,5.209977363174305,5.165876499924687,5.186474955790828,112.87100000000001,112.78672727272726,111.26990140302925,5.313263613850117,5.249755379597157,5.249239427938215,106.71099999999998,109.78338095238094,111.56543886947061,5.299441245696649,5.293516172465203,5.271835199407047,107.93833333333332,107.79776344086021,115.13977340255217,5.27215998254547,5.286524124366003,5.264465371676318,129.34433333333334,119.43846994535521,126.3808589622129,5.202004868251911,5.25643847135933,5.231780219831882,8.62179640201311
2016-04-05,sz000901,111.17,114.75,115.1,110.58,136503,549075360.0,4.06,3.01,3.35,4.22,5.135142196205555,0.11113706320247907,112.098,112.84933333333332,113.01621587686263,5.171288297282629,5.140931444268437,5.169364035929071,113.253,113.12836363636364,111.90264660247847,5.27947003048625,5.217369667298145,5.228494476714095,107.5835,110.54899999999999,111.8687304057115,5.302509323020565,5.277868643942243,5.258816818149762,107.427,108.2372258064516,115.11462673141978,5.26590864590927,5.277684267182782,5.256121941000785,129.11966666666666,118.95996721311477,125.99951932410755,5.202972923472425,5.254246252603712,5.228611760040855,8.739631954989404
2016-04-06,sz000901,114.81,117.98,119.67,113.96,219809,915509040.0,4.98,2.81,3.23,6.79,5.342045470481998,0.20690327427644295,114.066,114.81,114.6708105845751,5.187184393758965,5.19785050200156,5.22692451411338,113.86500000000001,113.98781818181818,113.00761994748238,5.266032284823261,5.228747020024646,5.249140111944623,108.7365,111.53914285714286,112.45075608135802,5.313335256179499,5.281633991319521,5.266743356467118,107.11833333333333,108.91806451612902,115.29948952294109,5.27042289091565,5.282596320381023,5.261665394515703,129.16916666666668,118.59473224043717,125.73658426430075,5.231513457224154,5.258806008243371,5.232330898088105,8.961662637007713
2016-04-07,sz000901,118.36,112.71,118.42,112.62,177799,725544160.0,4.92,-4.47,-5.27,5.49,5.249929314026191,-0.09211615645580729,113.93800000000002,114.35799999999999,114.0172070563834,5.192267787678917,5.218765475423968,5.234592780750984,113.862,113.77781818181819,112.95350722975832,5.261445423291337,5.225819207152451,5.24928360323218,109.13250000000001,111.91757142857142,112.47544597837155,5.297693473012522,5.275595330162064,5.265142019091792,106.565,109.27881720430108,115.13242568275135,5.272149750994601,5.28127415413009,5.260908228032509,128.93283333333335,118.05508743169398,125.30948314088106,5.256741660809512,5.259409806827044,5.2329078953319765,8.860663850765022
2016-04-08,sz000901,111.17,110.44,111.63,108.54,113571,444947888.0,2.74,-2.01,-2.27,3.51,5.055267449792019,-0.1946618642341713,113.45599999999999,113.192,112.82480470425561,5.161277912701768,5.173098696128336,5.174817670431329,113.417,113.15563636363639,112.49650591525679,5.216811612857631,5.188332302879847,5.214007938970332,109.63200000000002,112.04209523809524,112.28159398043141,5.279709514435415,5.252507137474397,5.245153964872766,106.37966666666667,109.52881720430106,114.82968854192869,5.266286119531632,5.267281747600891,5.2476410810492515,128.68583333333333,117.44876502732238,124.82195910347511,5.248874002490546,5.252804094990405,5.2270836184290275,8.648309149679115
2016-04-11,sz000901,111.72,114.02,114.57,111.69,115953,468019408.0,2.61,3.24,3.58,3.58,5.064281989425848,0.00901453963382881,113.97999999999999,113.37999999999998,113.22320313617041,5.1693332839863215,5.14076672170303,5.137972443429502,113.03,113.26527272727272,112.77350483975555,5.189655323580314,5.160599644074069,5.186785039053153,110.29150000000001,112.46000000000001,112.44715645848555,5.271132930176778,5.231990230330627,5.22792806244925,106.60966666666667,110.02174193548386,114.77745057148168,5.262008357896906,5.254249223077936,5.235811462234839,128.44566666666668,116.96791803278688,124.46779650991854,5.244883463836747,5.246751897840742,5.221745860101055,8.670263862929975
2016-04-12,sz000901,113.81,111.89,113.81,110.82,101738,404712432.0,2.62,-1.87,-2.13,3.14,5.007483195871498,-0.05679879355434991,113.40799999999999,112.68333333333334,112.77880209078029,5.143801483919511,5.086816692331421,5.094476027576834,112.753,113.058,112.61286759616362,5.15754489060107,5.127477439036102,5.154184703929216,110.6365,112.6122380952381,112.39409393862978,5.252264698450332,5.206880731825363,5.206933313251369,107.13866666666668,110.36240860215055,114.59116343783771,5.258153375615592,5.237828244882748,5.22108060634043,127.94966666666666,116.42510928961748,124.05540973910155,5.238766227203355,5.238968282497619,5.214720854716479,8.607146545301061
2016-04-13,sz000901,113.32,113.55,114.81,112.8,154119,623287552.0,1.8,1.48,1.66,4.76,5.187856182433548,0.18037298656205003,112.522,112.73066666666666,113.0358680605202,5.112963626309821,5.101501591836101,5.125602745862406,113.29400000000001,113.20290909090909,112.78325530595204,5.150074010034393,5.132988583005645,5.1603067909300036,111.25949999999997,112.88971428571429,112.50418023018885,5.251618948564849,5.200746587442812,5.205116443649672,107.67633333333333,110.77604301075266,114.52399160313851,5.259014267596451,5.233292942096812,5.218937095120632,127.23866666666666,115.95298907103825,123.71097007552444,5.235344160068332,5.237299100701889,5.213840045789169,8.794688453457546
2016-04-14,sz000901,114.81,114.28,114.92,113.0,105025,424646320.0,1.69,0.64,0.73,3.25,5.021292690210029,-0.16656349222351885,112.83599999999998,113.31666666666666,113.45057870701348,5.067236301546589,5.070944613136169,5.090832727311614,113.38700000000001,113.38218181818182,113.05539070486985,5.129752044612753,5.109573797583033,5.135031499890008,112.15050000000001,113.17738095238096,112.67330592255182,5.244448099898356,5.178810753313782,5.1876094195125635,108.04233333333333,111.20208602150538,114.50825020938765,5.25044267930942,5.217956066136398,5.206185843190916,126.3855,115.52811475409837,123.40175794190068,5.228516830362009,5.230281019722928,5.207527017737394,8.62802736482578
2016-04-15,sz000901,114.81,115.21,117.25,114.37,147765,605924272.0,2.52,0.81,0.93,4.57,5.1695715781256775,0.14827888791564803,113.79,114.108,114.03705247134232,5.090097127213321,5.105056371995866,5.117079010916303,113.623,113.71363636363637,113.44713784943897,5.125687519957544,5.1168137127672,5.141311514114675,112.9425,113.46876190476192,112.91489583468973,5.240980110712642,5.171679656002099,5.1858915298566695,108.49566666666668,111.66451612903226,114.55352438942717,5.2486587055383875,5.212738575737445,5.203823632541546,125.34883333333332,115.1617049180328,123.13317571429738,5.225785736698408,5.228348388502064,5.206282577094386,8.782418349731277
2016-04-18,sz000901,115.36,111.92,115.39,111.69,109016,437047392.0,3.21,-2.86,-3.29,3.37,5.037490242910928,-0.13208133521474963,113.37,113.48466666666667,113.33136831422823,5.084738777910336,5.087520743895069,5.090549421581178,113.675,113.40400000000001,113.16947642226825,5.12703603094833,5.10077784421327,5.122434919350357,113.273,113.37138095238095,112.82014385043355,5.2201498223992235,5.152299668592412,5.171758073957075,109.03233333333333,111.88544086021503,114.38361959010929,5.241972840780543,5.1991148039550295,5.193092446113765,124.19666666666666,114.72141530054645,122.76553060891058,5.222259062614445,5.222174765754932,5.200748402203125,8.640528533007307
2016-04-19,sz000901,112.3,110.58,113.12,109.59,99647,392744608.0,3.15,-1.2,-1.34,3.08,4.998464228244154,-0.039026014666774245,113.10799999999999,112.55466666666668,112.41424554281883,5.082934984384868,5.058762560673007,5.059854357135504,113.258,112.84127272727272,112.69866252731038,5.113368234152189,5.077401152812511,5.099894793694683,113.25550000000001,113.11490476190473,112.60679681705892,5.196419132319219,5.131186754863357,5.155253898174892,109.475,111.98529032258064,114.13822477784419,5.239462293397772,5.1834045708881655,5.180535786896371,123.06583333333333,114.27496721311473,122.3660050151758,5.216900570071164,5.214837230201808,5.19411613420447,8.59411023131374
2016-04-20,sz000901,111.37,107.09,115.1,103.65,188967,737524512.0,10.35,-3.16,-3.49,5.84,5.276385968357212,0.27792174011305804,111.816,110.54866666666666,110.63949702854589,5.1006409415695995,5.123246221997123,5.132031560876073,112.16900000000001,111.71981818181818,111.67890570416303,5.10680228393971,5.107040740849788,5.131984098178779,113.01700000000001,112.5277142857143,112.08138759638665,5.186417284381486,5.138802644009832,5.166790285811304,109.88066666666666,111.83141935483872,113.68350059862844,5.24449093209957,5.185786743466194,5.186719669571264,122.18066666666667,113.7511693989071,121.8651523917274,5.2185333112000505,5.216787571129221,5.196813505816035,8.867776458886723
2016-04-21,sz000901,106.21,106.36,106.86,103.33,118783,444481648.0,3.3,-0.68,-0.73,3.67,5.0747542896814695,-0.20163167867574217,110.232,108.73,109.21299801903061,5.111333261463888,5.114617338034412,5.112939137144538,111.53399999999999,110.66363636363636,110.71183193976975,5.089284781505238,5.101213832802835,5.1215786784519945,112.69800000000001,111.89371428571427,111.53649353958791,5.175365102398288,5.128168073086023,5.158024952846558,109.93299999999999,111.60427956989247,113.21101668903951,5.228223909176761,5.174835992342445,5.179496096675149,121.51333333333334,113.23245901639345,121.35678673953961,5.213946985749252,5.212073504849922,5.192811564303426,8.647853834289657
2016-04-22,sz000901,106.53,109.36,111.02,106.53,147263,568247472.0,4.22,2.82,3.0,4.55,5.1680936435546085,0.09333935387313907,109.06199999999998,108.43933333333332,109.26199867935375,5.111037674549674,5.133537465397986,5.131323972614562,111.426,110.26836363636365,110.46604431435705,5.100567400881497,5.115542716811811,5.130035944834288,112.4215,111.57580952380954,111.32920844057954,5.158689506869565,5.127475553196147,5.158983875771134,110.23,111.56731182795698,112.96256399942408,5.219995476584108,5.170956620366822,5.178760454538341,120.64550000000001,112.83398907103826,120.96344946939077,5.212126578821599,5.210570116581247,5.192001140672317,8.754537512326806
2016-04-25,sz000901,109.71,106.94,110.87,106.77,118272,456526576.0,3.75,-2.21,-2.42,3.65,5.072881940867975,-0.09521170268663326,108.06599999999999,107.732,108.48799911956917,5.118116014141084,5.120818887504087,5.1118432953657,110.71799999999999,109.45272727272727,109.8249453481103,5.10142739602571,5.1105089968093536,5.119644307749503,111.874,111.05376190476191,110.91118858909576,5.145541359803012,5.119303404053139,5.1507836914946425,110.43366666666667,111.35505376344088,112.57401148333221,5.214564418793089,5.161465424514168,5.17192958268864,119.76950000000001,112.38462841530054,120.50366424088615,5.207588644498242,5.206004718615553,5.188095593137748,8.659466064398686
2016-04-26,sz000901,105.63,105.78,107.06,103.91,93131,349600064.0,2.95,-1.08,-1.16,2.88,4.969094266244412,-0.10378767462356286,107.106,106.97000000000001,107.58533274637946,5.112242021741136,5.071144971538529,5.064260285658605,110.107,108.55490909090909,109.08950073936298,5.097588503063002,5.086448427758208,5.092271572930395,111.42999999999999,110.47338095238094,110.42250396156282,5.1275666968320355,5.102498918952321,5.133479936708906,110.46,111.05481720430109,112.13568816182692,5.200705966654555,5.145628640478771,5.158843433240626,119.04400000000001,111.92595628415297,120.02092115102103,5.205522243656936,5.198185230803952,5.180915221764196,8.543571503467069
2016-04-27,sz000901,105.89,103.91,106.21,103.59,78570,293453680.0,2.48,-1.77,-1.87,2.43,4.895256753144895,-0.0738375130995177,106.46999999999998,105.90466666666666,106.36022183091964,5.036016178698672,4.9988165486731155,5.007925774820702,109.143,107.42818181818184,108.14777333220606,5.068328560134136,5.049660836864008,5.056450696605758,111.21849999999999,109.75719047619047,109.80226548903303,5.109201285084264,5.080374162410688,5.110792014464715,110.554,110.6322365591398,111.60499860299939,5.190522152421278,5.125922239607179,5.141837840976385,118.5425,111.42975956284153,119.49269422803673,5.203590239709469,5.18801259177077,5.171549370334055,8.467539560071002
2016-04-28,sz000901,104.38,101.99,104.9,99.69,86618,315018656.0,5.01,-1.85,-1.92,2.68,4.937608151698239,0.04235139855334413,105.596,104.41133333333333,104.90348122061309,5.008586951102027,4.966013873006305,4.984486567113215,107.91400000000002,106.12763636363636,107.02817818089586,5.059960106282956,5.025893489875662,5.034842961168026,110.6505,108.87828571428572,109.05824020436323,5.094856075447855,5.064031959231067,5.09429831324886,110.73833333333333,110.07972043010751,110.9846761124833,5.182952102026556,5.109605207302467,5.128661731990699,117.7795,110.88705464480874,118.91883540088797,5.199629480383494,5.179291867573681,5.163879166444355,8.498336274290985
2016-04-29,sz000901,101.7,100.27,101.7,99.81,71728,257611802.0,1.85,-1.69,-1.72,2.22,4.855688721521717,-0.08191943017652203,103.77799999999999,102.636,103.35898748040873,4.946105966695447,4.915047796479535,4.941553951916049,106.42,104.73781818181818,105.79941851164207,5.028571820622561,4.988753238100892,5.002269463050515,110.02149999999999,107.88966666666667,108.22126494680482,5.077129670290053,5.041254116000005,5.071573590227227,110.76833333333335,109.4043440860215,110.29340668587147,5.170177347349281,5.088491440818283,5.111050570024958,117.03933333333335,110.31297267759564,118.30739817462936,5.1934733181430826,5.168015121381491,5.153774561692793,8.410965755528089
2016-05-03,sz000901,100.97,105.14,105.22,99.81,95471,348944144.0,5.4,4.86,4.87,2.95,4.979871471556287,0.1241827500345698,103.418,103.08999999999999,103.95265832027249,4.9275038728331095,4.9263029647664816,4.954326458462795,105.742,104.50509090909092,105.67952423679804,5.022809943487097,4.97989862917975,4.998197100960655,109.7085,107.42476190476191,107.92781114234722,5.074922987217713,5.031991430406314,5.062840055115709,110.76266666666666,109.0412258064516,109.9609288351701,5.154369862761848,5.076213642380026,5.102587402381818,116.40983333333334,109.9228306010929,117.87568020169068,5.193999175461235,5.161011782149137,5.14807282103258,8.542755914368978
2016-05-04,sz000901,104.55,103.65,105.25,103.3,81732,303327024.0,1.85,-1.42,-1.49,2.53,4.912392126330234,-0.0674793452260527,102.992,103.16733333333333,103.851772213515,4.916163444850274,4.921265715932189,4.940348347751941,105.049,104.12472727272727,105.31051983010748,5.014202733295705,4.959822662423957,4.982596196482397,109.15349999999998,106.84776190476191,107.52040055736177,5.063785483723946,5.016512300797983,5.048511680945664,110.52,108.58234408602151,109.55377213612687,5.135680332644714,5.060602175513471,5.090316739410749,115.66916666666667,109.50447540983609,117.40926445737296,5.192864064636481,5.151778764144843,5.140345585140699,8.48191110418226
2016-05-05,sz000901,103.71,104.7,105.92,103.71,72736,271550880.0,2.13,1.01,1.05,2.25,4.861749414044877,-0.05064271228535677,103.15,103.73666666666668,104.13451480901,4.909461977030271,4.9031277056637235,4.91414870318292,104.80999999999999,104.06127272727272,105.19951622463338,4.972739077864472,4.932103877105623,4.960624054221029,108.48949999999999,106.42361904761904,107.25179098047018,5.039770680902091,4.997270770352356,5.030724798383684,110.28133333333332,108.20686021505375,109.24062554669933,5.115191215542481,5.042929213023158,5.075570460354887,114.69266666666667,109.1448306010929,116.99256726204925,5.187073782091949,5.140922546092658,5.131211284449033,8.433851214525166
2016-05-06,sz000901,105.05,99.58,105.05,99.58,105969,384597008.0,5.22,-4.89,-5.12,3.27,5.025178836038468,0.163429421993591,102.668,102.54666666666665,102.61634320600668,4.926976113898316,4.94169999199979,4.951158747468103,104.13199999999999,103.11036363636364,104.17778600197276,4.967781532500171,4.941638378591805,4.972361287278744,107.833,105.57509523809524,106.5211442204254,5.028533157002705,4.995881070841536,5.030196611493663,109.84266666666667,107.51645161290321,108.61735938239616,5.106170579098916,5.037121962732578,5.072319387818344,113.63666666666667,108.64933333333333,116.42166341739188,5.183344080029928,5.1356145150745105,5.1277348107306535,8.585005901290542
2016-05-09,sz000901,99.66,92.53,100.36,90.78,99460,336880752.0,9.62,-7.08,-7.05,3.07,4.997648454896206,-0.02753038114226225,101.12,99.16733333333332,99.25422880400446,4.955368060573214,4.965257438999086,4.9666553166108045,102.449,101.00090909090909,102.0600067288868,4.950737013634331,4.947068728118357,4.976958954118282,106.9375,104.11766666666665,105.1886542946706,5.025652207257914,4.992939670640917,5.027096787055809,109.09733333333334,106.39950537634408,107.57946522869318,5.089372009124487,5.030120535364659,5.067501908274981,112.42583333333333,107.95731147540982,115.63833019059214,5.179796457766851,5.129526133922586,5.1234696843098515,8.527476197864495
2016-05-10,sz000901,92.53,92.47,93.52,91.07,48547,160774615.0,2.65,-0.06,-0.06,1.5,4.686162397504554,-0.3114860573916518,98.586,96.284,96.99281920266964,4.896626245762867,4.875522217976199,4.873157676908722,101.002,99.18654545454545,100.31636914181647,4.912065059297989,4.898964252458398,4.924086852915785,105.85999999999999,102.73980952380953,103.97735388565435,5.006746227661849,4.960607307807263,4.994626845193785,108.25,105.3267741935484,106.60466102039041,5.067715926301338,5.004107012034342,5.042899359193018,111.20183333333333,107.3030218579235,114.87871280729404,5.17187087535679,5.113341410635299,5.10913174048017,8.206217478269885
2016-05-11,sz000901,92.99,91.36,93.37,91.22,52102,171855706.0,2.33,-1.2,-1.11,1.61,4.716854394552742,0.030691997048188036,96.128,93.87533333333334,95.11521280177976,4.85751869940737,4.815598267572824,4.821056582790062,99.56,97.43345454545455,98.68793838875892,4.886841072128822,4.863471404322898,4.886408224122504,104.8335,101.35885714285715,102.77570113463966,4.992214787595911,4.932998561796872,4.9681723260851145,107.47333333333333,104.23709677419353,105.62113450294586,5.047324821930966,4.981470784179594,5.021864200183968,109.97283333333333,106.65246994535518,114.10760746934997,5.16618396480921,5.098422837494182,5.09627018815468,8.235163956276411
2016-05-12,sz000901,89.91,92.0,92.15,86.79,68103,219525671.0,5.87,0.7,0.64,2.1,4.833166243406892,0.11631184885415013,93.588,92.49933333333334,94.07680853451984,4.851802065279773,4.807480782239332,4.825093136329006,98.369,96.05890909090908,97.47194959080275,4.880632021155021,4.853712344555275,4.876727863992392,103.756,100.13661904761906,101.7494438837216,4.974480290644579,4.917851081397918,4.955314603925284,106.93533333333333,103.23881720430109,104.74235163178807,5.0330115304411835,4.967654101694171,5.009690138456415,108.71916666666667,106.06319672131147,113.38276788019095,5.16176903603217,5.087504223677712,5.0876438293104895,8.34148531328775
2016-05-13,sz000901,92.24,92.0,94.97,90.78,63871,212687868.0,4.55,0.0,0.0,1.97,4.805303715767851,-0.027862527639041623,92.072,91.97,93.38453902301323,4.807827041225648,4.791981332402023,4.818496662808621,97.37,94.9009090909091,96.47704966520223,4.867401577561982,4.840016289030335,4.863741655224294,102.64200000000001,99.017,100.82092541860526,4.96368084192247,4.9017390266477525,4.941027852672194,106.22366666666667,102.27524731182797,103.92026442973723,5.019037909485898,4.952963274941051,4.996503917637798,107.75033333333333,105.51502732240439,112.68169352346338,5.1547373021341105,5.0758168361280624,5.078386776407452,8.327742717872061
2016-05-16,sz000901,91.28,93.08,93.08,90.78,51634,170155876.0,2.5,1.17,1.08,1.6,4.712935770420799,-0.09236794534705162,92.18199999999999,92.30600000000001,93.28302601534216,4.750884504330568,4.760350908800407,4.783309698679347,96.65100000000001,94.1209090909091,95.85940427152909,4.853126282451891,4.811931596822848,4.83632240344184,101.5355,98.10633333333332,100.08369442635714,4.940849051537226,4.877858543647593,4.91930479721968,105.56466666666667,101.42726881720431,103.22089253104451,5.002461874343998,4.933214749840078,4.978209198462508,107.05633333333334,105.03403278688523,112.03901504728425,5.143941083609038,5.0613315400063135,5.066404776211169,8.230846951200341
2016-05-17,sz000901,93.11,92.27,93.93,91.04,73659,243223781.0,3.1,-0.87,-0.81,2.28,4.867225818545097,0.15429004812429792,92.14200000000001,92.33533333333334,92.94535067689478,4.7870971885386755,4.799131346871917,4.811281738634597,95.364,93.32436363636364,95.20678531306925,4.841861717150772,4.814495148839795,4.841941206187887,100.55300000000001,97.22390476190476,99.33953305241836,4.932335830318935,4.870846807172153,4.914344894488767,104.92699999999999,100.56954838709677,102.51438333549326,4.997235897195399,4.924489843014342,4.971048980403321,106.43266666666666,104.5492349726776,111.39085061950445,5.134697939870434,5.052258908364875,5.059874318582772,8.386006035453304
2016-05-18,sz000901,92.41,88.16,92.53,86.94,74700,239509239.0,6.06,-4.45,-4.11,2.31,4.873320601815399,0.0060947832703019955,91.502,91.008,91.35023378459653,4.818390429991207,4.827872484630825,4.831961359694865,93.815,92.01454545454544,93.92555161978393,4.837954564699288,4.820214946051543,4.8476465508474345,99.43199999999999,96.04361904761905,98.27481561885472,4.926078648997497,4.865226309219436,4.910437818996066,104.04066666666668,99.48780645161291,101.58829408804209,4.988508510715728,4.9164953078285345,4.9647439237202295,105.73383333333332,103.950131147541,110.62918338607807,5.1272085783125,5.043689159576185,5.053757803278923,8.379322270858422
2016-05-19,sz000901,91.07,89.27,91.07,89.06,63914,206021334.0,2.28,1.26,1.11,1.97,4.805595998327254,-0.06772460348814491,90.95599999999999,90.264,90.65682252306435,4.81287638097528,4.8236076740761735,4.823172905905661,92.272,91.1881818181818,93.07908768891413,4.8323392231275255,4.814331570347537,4.840000995843765,98.541,95.07580952380954,97.41721413134474,4.902539150495999,4.853751771060365,4.900452883694275,103.08366666666667,98.53486021505375,100.79356543720068,4.970626861643903,4.9046945005776665,4.954476315630361,105.10100000000001,103.41033333333334,109.92888229145255,5.120524876279776,5.033144484822571,5.045621350657558,8.313912194926152
2016-05-20,sz000901,87.84,91.1,93.63,86.41,81767,265225976.0,8.09,2.05,1.83,2.53,4.912578063945739,0.10698206561848522,90.776,90.312,90.80454834870957,4.834331250610857,4.85684156839966,4.8529746252523545,91.424,90.9750909090909,92.719253563657,4.821079145918253,4.828920450496304,4.85319682640776,97.77799999999999,94.36714285714285,96.81557469026428,4.8944303392092126,4.854707858055578,4.9016076627658425,102.36333333333333,97.76172043010753,100.16817411867162,4.9593818199745545,4.900949416855204,4.951773202618449,104.46416666666666,102.95128415300547,109.31154188845412,5.1157657854845775,5.026326556549323,5.0412592756834,8.423616056237286
2016-05-23,sz000901,91.1,91.68,92.18,90.64,63860,209280959.0,1.69,0.64,0.58,1.97,4.805228914203426,-0.10734914974231291,90.49600000000001,90.61333333333333,91.0963655658064,4.852789879367384,4.847140789597183,4.837059388236045,91.339,91.02163636363638,92.53029837026482,4.801837191848976,4.826038590184517,4.844475387825153,96.89399999999999,93.78638095238095,96.32647233881053,4.876287102741653,4.846212484245504,4.892428734331326,101.738,97.07247311827956,99.62054998198313,4.951047202121601,4.891004068095777,4.9423187323981255,104.05883333333333,102.53213114754098,108.73345854784905,5.108666660826616,5.016145019786006,5.033520575307007,8.320729716740953
2016-05-24,sz000901,91.36,90.23,92.64,89.62,58476,190892042.0,3.29,-1.58,-1.45,1.81,4.766977657428919,-0.03825125677450725,90.08800000000001,90.52466666666668,90.80757704387094,4.832740247144147,4.818536715617695,4.813698811300337,91.115,90.82000000000001,92.11206230294394,4.809918717841412,4.819700493017233,4.830384891389474,96.0585,93.15171428571429,95.74585592559048,4.8609918885697,4.8358020608823855,4.880481012721573,100.945,96.33002150537635,99.01470804766166,4.941137057721703,4.879128613599474,4.931006404980757,103.77733333333332,102.07872677595626,108.12678777578843,5.1015727078093045,5.004942101641819,5.0247814632454295,8.280787823692116
2016-05-25,sz000901,91.07,89.38,91.48,89.15,46522,150571702.0,2.58,-0.94,-0.85,1.44,4.667658376956949,-0.09931928047197047,90.332,90.28866666666666,90.3317180292473,4.791607802172457,4.763509425555296,4.765018666519207,90.917,90.50454545454545,91.61532370240867,4.804999116081833,4.793834976492786,4.800798252401742,95.2385,92.51566666666665,95.1395839326771,4.845920094105327,4.817389345490695,4.860212190267799,100.19466666666666,95.58389247311827,98.39311398007058,4.929809563757885,4.861484827743683,4.914016209624383,103.66666666666667,101.60668306010929,107.51213899625438,5.093981469686739,4.99071540226961,5.013072509596626,8.177743359513963
2016-05-26,sz000901,89.35,89.33,90.02,86.76,54495,172317695.0,3.65,-0.06,-0.05,1.68,4.736356656918396,0.06869827996144728,90.34400000000001,89.95466666666668,89.99781201949821,4.777759933890686,4.745092377137274,4.7554646633189375,90.65,90.21600000000001,91.19981030197073,4.795318157432983,4.781354529372161,4.789081598677496,94.5095,91.95295238095238,94.5862902248031,4.8379750892940026,4.806954732425273,4.848416425186903,99.38733333333333,94.88294623655914,97.8083969490983,4.914759579574047,4.849003995044361,4.90255430299819,103.53183333333332,101.13662841530055,106.91600329145915,5.086886923585249,4.978989998572287,5.003999858689143,8.236329876671896
2016-05-27,sz000901,90.75,98.64,98.64,90.2,188010,636319664.0,9.45,10.42,9.31,5.81,5.274180949419634,0.537824292501238,91.852,92.72,92.87854134633214,4.850080510985465,4.910566048980257,4.92837009201917,91.314,91.66872727272727,92.55257206524878,4.842205880798161,4.868420491551553,4.877281480630612,94.34200000000001,92.34633333333333,94.9723578224409,4.854803729180071,4.848498147675333,4.888965427494782,98.866,94.8347311827957,97.8620487588339,4.923189188214367,4.87219247051827,4.926530215670542,103.45416666666667,100.97624043715847,106.64465892124737,5.086815933761894,4.9851307863045635,5.012858255106536,8.803675344318632
2016-05-30,sz000901,98.99,97.25,100.59,96.55,211463,745968256.0,4.1,-1.41,-1.39,6.53,5.325234389197832,0.05105343977819832,92.966,94.51933333333334,94.3356942308881,4.954081605984346,5.068950675051046,5.0606581910787245,91.731,92.748,93.40664987156718,4.903435742675865,4.95624385671513,4.95872746400647,94.191,92.62328571428573,95.18927612506558,4.878281012563877,4.893301067677024,4.930514852418882,98.26733333333333,94.73047311827956,97.82256174213495,4.92837794858344,4.89813087058172,4.952253065575529,103.3815,100.77282513661204,106.33663731727205,5.088518327060912,4.992947784843446,5.023100095568545,8.872720346859586
2016-05-31,sz000901,97.77,102.92,104.85,97.16,215116,773578080.0,7.91,5.83,5.67,6.65,5.332672713750023,0.007438324552190956,95.504,97.83733333333333,97.19712948725874,5.067220617248568,5.195147710972939,5.151329698635824,92.79599999999999,94.78236363636363,95.13634989491861,4.949980432196357,5.034286942364977,5.0267175094143886,94.08,93.45461904761905,95.925535541726,4.895921074673565,4.93657646778999,4.968815601117086,97.96733333333333,95.03064516129031,98.15142872651334,4.938217364278075,4.924214403818274,4.976796268683561,103.49983333333333,100.75769398907104,106.2246164216238,5.0900951025293075,5.000952846702105,5.033250017476135,8.888504155141753
2016-06-01,sz000901,102.14,102.46,104.7,101.56,170774,626579312.0,3.05,-0.45,-0.46,5.28,5.232421750919427,-0.10025096283059654,98.11999999999999,100.15599999999999,98.95141965817248,5.180173292041062,5.250214755529893,5.178360382730359,94.226,96.53945454545455,96.46792264129704,4.98589054710676,5.0856399094055345,5.064118280597122,94.0205,94.25271428571429,96.54786549013305,4.911922555903025,4.968624151241977,4.993920948717309,97.69666666666666,95.32049462365593,98.4294010667383,4.946015948367251,4.943195331988684,4.993288235279424,103.58583333333334,100.72360109289619,106.10118637501317,5.092739120882512,5.005619294190306,5.039780238244767,8.796976051521483
2016-06-02,sz000901,101.7,102.89,103.19,101.32,112732,410979200.0,1.83,0.42,0.43,3.48,5.05204721197139,-0.1803745389480369,100.832,101.74600000000001,100.264279772115,5.243311403051661,5.207506062173335,5.13625599247737,95.588,98.1147272727273,97.6355730701521,5.0105356684711735,5.097668393926376,5.061923540846989,93.93,95.09742857142855,97.15187830059656,4.92143744579935,4.981969356581821,4.999456783312936,97.55666666666667,95.65554838709676,98.71718164307777,4.938537989821056,4.950036058672821,4.997079137001487,103.71866666666666,100.70078688524589,105.9959015758324,5.091514460960314,5.0042851332424,5.040182434104657,8.613819842426405
2016-06-03,sz000901,103.16,101.12,103.19,100.07,120884,437304576.0,3.03,-1.72,-1.77,3.74,5.0823688221879015,0.030321610216511807,101.328,101.84200000000001,100.54951984807667,5.204948977605314,5.153858535218748,5.118293602380881,96.59,99.12054545454544,98.26910523921536,5.02751474429539,5.110728967329418,5.065640864727154,94.00699999999999,95.78219047619048,97.5297946529207,4.924296945106821,4.997296154333112,5.007353167967695,97.382,95.88544086021504,98.87220218223405,4.938791807571271,4.959315467212618,5.002581697336095,103.65750000000001,100.61558469945356,105.83603595039527,5.083507858374016,5.003985276233468,5.041565594369681,8.6407840218707
2016-06-06,sz000901,101.15,101.12,102.25,100.16,84454,304346576.0,2.07,0.0,0.0,2.61,4.926620223910437,-0.1557485982774649,102.102,101.77266666666668,100.73967989871778,5.1252261445478355,5.061082283987122,5.054402476224066,97.534,99.9441818181818,98.7874497411762,5.03965387526609,5.092384509077608,5.04036438457866,94.4365,96.45961904761904,97.87171897169016,4.920745533557533,4.997517418981076,4.999664316152718,97.10733333333333,96.12660215053762,99.01722139628347,4.930742693583132,4.958530203750629,4.997680957115085,103.66866666666667,100.53238797814207,105.6814118208741,5.075369085083621,4.99884141936581,5.037796893698886,8.483368420159437
2016-06-07,sz000901,101.21,104.61,105.92,100.42,189072,696074256.0,5.44,3.45,3.49,5.84,5.276627218184729,0.3500069942742927,102.44000000000001,102.60866666666668,102.02978659914518,5.114017045434776,5.111549308532754,5.128477390210954,98.97200000000001,101.23072727272728,99.84609524278052,5.090618831341672,5.13547057142645,5.083321263416126,95.0435,97.42852380952382,98.51346002200539,4.9502687745915415,5.031410912755095,5.0260417353938625,97.02966666666666,96.61064516129034,99.37804582232971,4.937534202827024,4.980845334370086,5.01567749008732,103.73166666666665,100.5632513661202,105.64628356445199,5.076049310810057,5.005440046680602,5.045627396141045,8.842655571867537
2016-06-08,sz000901,104.12,104.18,106.01,102.89,133138,494413888.0,2.98,-0.41,-0.43,4.11,5.124302028689802,-0.15232518949492757,102.78400000000002,103.18866666666668,102.74652439943014,5.092393100988852,5.114977636284428,5.127085603037237,100.452,102.17763636363637,100.63407792591133,5.136283196514957,5.141594789126112,5.0907723116477035,95.6845,98.29866666666668,99.05313049610011,4.970641156298395,5.0479855083835,5.0353998585649045,96.97633333333333,97.07195698924731,99.68784931766328,4.942707794908538,4.992894871522524,5.022685524835868,103.71816666666668,100.57795081967211,105.59820869348634,5.071706880781546,5.007022103004527,5.048206892290184,8.694090661508454
2016-06-13,sz000901,102.43,101.06,108.28,101.06,199083,744997024.0,6.93,-2.99,-3.12,6.15,5.299034176544705,0.1747321478549031,102.418,102.614,102.1843495996201,5.141790493903515,5.183857994803047,5.184401794206393,101.625,102.28818181818183,100.71151830301835,5.192550948477588,5.171185876404247,5.12863810526534,96.1375,98.81061904761904,99.24426092504297,4.993934552955285,5.079261034121244,5.0605078888486945,96.88133333333333,97.3354193548387,99.77637516813661,4.956167042355198,5.015883670337759,5.040514470107406,103.71766666666666,100.49079781420765,105.44941496583104,5.073344597388238,5.014475456963974,5.056430737675578,8.872154537898682
2016-06-14,sz000901,99.08,99.34,101.32,97.89,111435,395248448.0,3.39,-1.7,-1.72,3.44,5.047021617404377,-0.2520125591403275,102.06200000000001,101.58800000000001,101.2362330664134,5.13472105294681,5.152268369303334,5.138608401939055,101.69500000000001,101.87272727272727,100.4621513388332,5.169835015276062,5.144725998027299,5.113798743836074,96.50450000000001,99.11561904761906,99.25337893218173,5.006020448037112,5.084316945021157,5.059223482044474,96.79299999999999,97.49404301075269,99.74822193148263,4.959814157878736,5.021745255824804,5.04093428606205,103.76566666666666,100.34726775956283,105.24910627842674,5.071383129952646,5.013612408439913,5.056122241928981,8.596870173287714
2016-06-15,sz000901,98.79,103.74,104.47,97.77,132896,483427088.0,6.74,4.43,4.4,4.11,5.1235119094297845,0.07649029202540714,102.58600000000001,102.14733333333334,102.07082204427562,5.17409939005068,5.148531988130992,5.133576237769298,102.34400000000001,102.24454545454545,101.0581238226817,5.149662767299257,5.136303615146158,5.115564773944021,97.0375,99.80471428571428,99.68067617673584,5.026549254987561,5.095506608010936,5.0653461894145035,96.90866666666668,97.94223655913979,100.00575600041924,4.968741597475671,5.032306401086163,5.0462618746664205,103.8385,100.34642622950821,105.19962738405209,5.069459472412476,5.01532154875064,5.058331739224089,8.684330981692913
2016-06-16,sz000901,103.89,104.99,106.59,102.43,146625,544611264.0,4.01,1.2,1.25,4.53,5.166208025123586,0.042696115693801495,102.66199999999999,102.94866666666667,103.04388136285041,5.152015551438451,5.145901533155294,5.1444535002207274,102.551,102.72563636363635,101.77301040037592,5.133016298436614,5.139311843841491,5.124772637794851,97.67349999999999,100.56209523809524,100.18632606466576,5.041498365316486,5.108807443261986,5.0749520785296545,96.90366666666667,98.4636129032258,100.32732012942446,4.974952815927915,5.045046170611833,5.054000335986238,103.83316666666668,100.38418032786886,105.19275435506678,5.064661339344881,5.018493632446085,5.06186866663063,8.736086619454285
2016-06-17,sz000901,105.92,105.22,107.47,104.18,147101,553884448.0,3.13,0.22,0.23,4.55,5.1676156250933065,0.0014075999697205077,102.87,103.80133333333333,103.76925424190028,5.160678270719151,5.151101557706912,5.152174208511587,102.827,103.2109090909091,102.39973578212576,5.126535685854002,5.145602630506344,5.132562271849116,98.5265,101.28080952380955,100.66572358231664,5.0562131164803805,5.120818610859779,5.083777178202383,96.95599999999999,99.00015053763441,100.64297689526805,4.9834602658866824,5.057476029267665,5.061330354638308,103.738,100.42965027322407,105.19364765490066,5.059570299265699,5.021869182798493,5.065335780022849,8.743419171171952
2016-06-20,sz000901,104.88,104.85,105.63,103.3,89632,333390160.0,2.21,-0.35,-0.37,2.77,4.9524630871434745,-0.21515253794983202,103.628,104.46133333333334,104.12950282793352,5.091364052838905,5.08169649651502,5.0856038347222166,103.023,103.57872727272728,102.8452383671938,5.1165772733712105,5.11395306710443,5.099816965538999,99.30550000000001,101.88304761904763,101.06422609828648,5.063556470921192,5.110937655684835,5.071271074292011,96.961,99.50944086021505,100.91439774073463,4.98648405498997,5.055476211284232,5.054306659961222,103.62116666666667,100.46610928961749,105.1823805186744,5.050837635266225,5.018357470925634,5.0616350359940165,8.522952777493286
2016-06-21,sz000901,105.92,102.43,107.93,102.14,127579,478942480.0,5.52,-2.31,-2.42,3.94,5.105779193705773,0.15331610656229877,104.24600000000001,104.06199999999998,103.56300188528903,5.103115568099185,5.086501543470643,5.092328954383403,103.154,103.47090909090909,102.76974048224947,5.118918310522997,5.111989779892533,5.100901007023867,99.872,102.18061904761905,101.19429980321158,5.073216527409193,5.114958867378604,5.074557561855227,97.056,99.8622795698925,101.01217853165498,4.98917073357888,5.063172671846543,5.057627468589903,103.44933333333333,100.42705464480873,105.09213853445556,5.047670656338898,5.020158833497422,5.0630823854271885,8.680283358678448
2016-06-22,sz000901,101.32,104.88,104.99,101.29,96780,356318688.0,3.61,2.39,2.45,2.99,4.985785617772605,-0.11999357593316784,104.474,104.27333333333333,104.00200125685936,5.07557030976775,5.04739156002845,5.056814508846471,103.53,103.78472727272727,103.15342403093138,5.124834849909215,5.087783835756098,5.079970936250911,100.53200000000001,102.65757142857142,101.54531886957238,5.0822443625876526,5.106632114079882,5.066103090990215,97.46766666666667,100.36705376344088,101.26171540058047,4.988775305674761,5.062954277278395,5.052992510472658,103.2825,100.47396174863387,105.08518317267013,5.039073657399624,5.018129815839512,5.060548065176219,8.551838600578463
2016-06-23,sz000901,104.53,107.82,110.82,104.47,251352,969766720.0,6.05,2.8,2.94,7.77,5.400282345245447,0.4144967274728417,105.04,105.38866666666667,105.27466750457292,5.1223851737921215,5.155628905187682,5.17130378764613,103.851,104.56472727272727,104.00189238894384,5.137200362615287,5.137865198544503,5.138209374249917,101.4115,103.35166666666666,102.14290754866073,5.113909596978479,5.136921445761576,5.097929686633571,97.97933333333332,101.03494623655912,101.6848305360269,5.012579303932791,5.089503118541021,5.075398306264451,103.11466666666666,100.62273224043717,105.17484929815635,5.040147615117064,5.0299727236377345,5.071686894030948,8.986667276120652
2016-06-24,sz000901,106.8,112.74,114.54,105.78,317170,1249063360.0,8.12,4.56,4.92,9.8,5.5012921021934424,0.1010097569479953,106.54399999999998,107.95533333333333,107.76311166971529,5.189120469212148,5.281931214654789,5.281299892495234,104.707,106.18090909090908,105.59063922731768,5.17489936996565,5.204063696649623,5.204224415694194,102.57950000000001,104.4305714285714,103.15215444878828,5.1555912832403035,5.1738150176868105,5.136345154782131,98.69200000000001,101.98724731182796,102.39806727563806,5.038727227520813,5.1210329764933205,5.102875325356645,103.08266666666667,100.93831693989071,105.42288702608565,5.043026024725889,5.045092215017287,5.085772310692013,9.096584468958964
2016-06-27,sz000901,112.56,115.65,116.44,111.17,330266,1341233584.0,4.67,2.58,2.91,10.21,5.5188638665390695,0.017571764345627017,108.704,110.99066666666666,110.39207444647687,5.302400625091267,5.39184568043043,5.360487883843179,106.16600000000001,108.17054545454543,107.41961391325992,5.196882338965087,5.266602696026609,5.26143158857508,103.8955,105.67538095238096,104.3424254536656,5.194716643721337,5.208412406572408,5.1727755082827915,99.48033333333335,103.08131182795698,103.25303067720981,5.061583814958553,5.152009533849338,5.129713295755511,103.20783333333333,101.35036065573769,105.75820220555823,5.047297672699869,5.0606934557324745,5.099972033834539,9.127504419468439
2016-06-28,sz000901,114.14,114.08,115.1,112.77,178993,723128784.0,2.01,-1.36,-1.57,5.53,5.252836047064712,-0.26602781947435705,111.03399999999999,112.78266666666669,111.62138296431792,5.331811995763056,5.375324154421578,5.324603938250357,107.63999999999999,109.60945454545455,108.6305932017581,5.21746378193112,5.276776097499267,5.259868762845922,104.66749999999999,106.64533333333331,105.26981350569744,5.193649398603592,5.213947587843206,5.180400321500118,100.21633333333334,104.0232258064516,103.95154482706724,5.076501559335115,5.164348387533606,5.137656699065783,103.22,101.70682513661201,106.0310480348842,5.047769734410506,5.067432418826403,5.104983968694544,8.859215648884962
2016-06-29,sz000901,114.37,112.48,116.12,112.36,138004,557256416.0,3.3,-1.4,-1.6,4.26,5.139891674464654,-0.11294437260005807,112.554,113.26466666666666,111.90758864287861,5.3626332071014655,5.3113507139887774,5.263033183655123,108.51399999999998,110.48945454545455,109.33048534689298,5.219101758434608,5.26267207795991,5.2380547467766005,105.429,107.38938095238093,105.95649793372625,5.184382262866932,5.208827804591879,5.176542355115788,100.863,104.81443010752687,104.50176774145,5.090733422803242,5.168438072380673,5.137800891027001,103.21383333333333,102.01043169398906,106.24248908292077,5.046597648573621,5.070452810303589,5.106128483637826,8.7460550774526
2016-06-30,sz000901,112.21,113.06,113.79,110.9,116729,465512656.0,2.57,0.52,0.58,3.61,5.067178765003041,-0.07271290946161368,113.602,113.43333333333334,112.29172576191908,5.296012491052983,5.212865899955969,5.197748377437763,109.321,111.31599999999999,110.00857892018517,5.209198832422553,5.235049715517807,5.206986386454135,105.936,108.11614285714285,106.63302194003805,5.171107565429583,5.197665566700079,5.166126775105051,101.556,105.60133333333333,105.05391175813065,5.0973985210185075,5.166918417038724,5.133244624831907,103.24150000000002,102.3332568306011,106.46601403102173,5.047317209106954,5.071127601006193,5.104851443682587,8.667931492742165
2016-07-01,sz000901,113.44,112.36,117.16,112.04,175668,715086064.0,4.53,-0.62,-0.7,5.43,5.244692656833178,0.1775138918301371,113.526,113.01933333333334,112.3144838412794,5.2446926019809315,5.195759288549367,5.213396470569569,110.035,111.86854545454547,110.43611002560604,5.21690653559654,5.2415031381379205,5.213842071977597,106.431,108.72795238095237,107.17844842193918,5.1717211107252705,5.204673670643279,5.173609240031539,102.36266666666667,106.29836559139784,105.52527228986416,5.1097775895191,5.176421264510639,5.140434820444892,103.20166666666667,102.63222404371585,106.65925947262757,5.049143050117413,5.07759892716115,5.109436401490803,8.854358314347854
2016-07-04,sz000901,110.64,119.58,121.33,110.44,233409,961672928.0,9.69,6.43,7.22,7.21,5.368117597960334,0.12342494112715663,114.31200000000001,115.03733333333334,114.73632256085294,5.214543348265184,5.2369009538758355,5.264970179699825,111.508,113.604,112.09863547549585,5.2584719866782255,5.268996058567702,5.241892167610821,107.2655,109.98023809523806,108.35954857223068,5.1875246300247175,5.2233780979989985,5.192133845548567,103.373,107.40916129032259,106.43202891632455,5.12852830950687,5.193088361829427,5.155124031897502,103.22833333333332,103.16921857923495,107.0828903095906,5.049577585575387,5.08805710905764,5.117917752194722,8.983027390418878
2016-07-05,sz000901,119.64,118.79,125.61,117.57,307733,1321285888.0,6.72,-0.66,-0.79,9.51,5.488174070668773,0.12005647270843856,115.25399999999999,116.53,116.08754837390197,5.261610952985996,5.328111194677032,5.339371476689474,113.144,114.92800000000001,113.31524720722388,5.296711474374526,5.3107600738387095,5.28667069543954,108.149,111.07780952380952,109.3529248986849,5.207814892448761,5.252011378060338,5.220328152702873,104.296,108.40380645161291,107.22931737333587,5.147714843064304,5.216291314162454,5.176611131173068,103.32966666666667,103.67943715846995,107.46672997157123,5.053548331519429,5.102437321683653,5.1300573036201005,9.1209967965302
2016-07-06,sz000901,117.57,118.94,119.84,117.43,126333,531153584.0,2.03,0.13,0.15,3.9,5.101516809351168,-0.38665726131760536,116.546,117.75866666666667,117.03836558260132,5.253935979963298,5.274746480132089,5.260086587576706,114.55,115.98181818181818,114.33792953318317,5.308284593532382,5.275270134743555,5.25300635251438,109.04,112.1055238095238,110.26597967023872,5.216559721720798,5.241887751098663,5.209012786669377,105.20466666666668,109.34858064516128,107.98484528473357,5.157591106235897,5.213310795858381,5.171766336216817,103.47133333333333,104.19125136612023,107.84290275938855,5.0543191541787476,5.104010058661742,5.129121549709644,8.725220116259376
2016-07-07,sz000901,118.5,116.17,119.29,114.83,132583,549445392.0,3.75,-2.33,-2.77,4.1,5.122487841719566,0.020971032368398035,117.168,117.63333333333334,116.74891038840089,5.264997795306604,5.230930434050845,5.214220338957659,115.38499999999999,116.27636363636363,114.6710332544226,5.280505143179793,5.241488907141224,5.22927571418805,109.61800000000001,112.78457142857144,110.82826732069218,5.20885275289754,5.232928524431878,5.2007723157217765,106.06933333333335,110.05602150537636,108.5129197824927,5.169441445712251,5.211046069115391,5.168587078507318,103.50716666666666,104.60760109289618,108.11592234104793,5.055289251716977,5.106245097597506,5.128904051087018,8.739924535464581
2016-07-08,sz000901,116.35,118.71,122.17,115.56,182236,768182112.0,5.69,2.19,2.54,5.63,5.260634174266892,0.13814633254732644,118.43800000000002,118.14733333333334,117.4026069256006,5.268186098793346,5.229475893704274,5.229691617394071,115.98200000000001,116.88090909090907,115.40539084452757,5.256439350387138,5.237876003702514,5.234977252384203,110.34450000000001,113.65047619047618,111.57890852824531,5.215669360176394,5.237860088371815,5.206473445107026,107.047,110.87154838709678,109.1707959255577,5.189207305622583,5.216929470957626,5.174525600814388,103.62083333333334,105.10605464480872,108.46326914953816,5.059508434690233,5.112977718008979,5.1332230715191445,8.88546418990265
2016-07-11,sz000901,121.04,119.32,123.95,119.03,201105,866745392.0,4.14,0.51,0.61,6.21,5.303422868435703,0.04278869416881115,118.38600000000001,118.44133333333333,118.0417379504004,5.255247152888421,5.2412214835850595,5.254268701074615,116.349,117.48781818181817,116.11713796370438,5.234895250576802,5.246418461529526,5.2474219098481125,111.25749999999998,114.50528571428572,112.31615533507909,5.215888794770945,5.246217565348893,5.215706723519281,108.04666666666667,111.66335483870967,109.82558328519914,5.208109512673159,5.224298216945569,5.18284155356415,103.71700000000001,105.62078142076501,108.8192275380779,5.061434546123603,5.120974912558011,5.138803392729524,8.937891541433952
2016-07-12,sz000901,118.45,119.26,119.76,115.88,129730,541283584.0,3.25,-0.05,-0.06,4.01,5.11304041808782,-0.19038245034788304,118.47999999999999,118.73266666666669,118.44782530026694,5.18022042237223,5.193819238651526,5.207192606745684,116.867,118.01709090909092,116.68856742484904,5.2209156876791125,5.22426303744062,5.222988911346241,112.2535,115.26742857142857,112.97747387459538,5.219189734805116,5.2364224818552625,5.205928980144856,108.734,112.38679569892471,110.43425533131533,5.202738161628765,5.218164726972323,5.178338254501161,103.8,106.13038797814208,109.16154794666551,5.0629636749215665,5.1226669083601175,5.137958705036353,8.73342485604668
2016-07-13,sz000901,119.76,118.39,122.52,117.69,116862,494631488.0,4.05,-0.73,-0.87,3.61,5.06767331464181,-0.04536710344601058,118.37,118.70266666666666,118.42855020017797,5.173451723430358,5.156303536074719,5.160686176044393,117.45800000000001,118.294,116.99791880214921,5.213693851696828,5.196400787797474,5.194749711945435,112.98599999999999,115.85185714285713,113.49295255320534,5.216397805065718,5.221992346601614,5.19276177390647,109.43866666666666,113.0097634408602,110.94752918090789,5.194152792476897,5.20945086587639,5.171198580961848,103.85300000000001,106.60874863387977,109.46412014513548,5.061265370530169,5.122821322777173,5.135654266007023,8.694281759880845
2016-07-14,sz000901,118.39,118.53,120.77,116.46,105156,442874608.0,3.64,0.12,0.14,3.25,5.021834057740837,-0.04583925690097246,118.84200000000001,118.75600000000001,118.46236680011864,5.153320966634612,5.105764314178212,5.1144021366098755,118.005,118.4889090909091,117.27647901994025,5.2091593809706085,5.161517188896384,5.163310502090054,113.66300000000001,116.37985714285713,113.97267135766198,5.209179106696579,5.203462465904007,5.176482943795458,109.95900000000002,113.59630107526881,111.43672084665577,5.183791503943258,5.198333528151482,5.16156216010888,103.96316666666667,107.08996174863387,109.76136210759005,5.061004434110667,5.121528492849655,5.131922455899935,8.6462807809359
2016-07-15,sz000901,118.53,115.91,119.81,115.53,85268,354141632.0,3.61,-2.21,-2.62,2.63,4.930786076526747,-0.09104798121409008,118.282,117.77866666666667,117.61157786674576,5.087351347086583,5.031586017475591,5.053196783248833,118.35999999999999,118.108,117.02802828904203,5.177768722939964,5.110903860815683,5.1210333338058165,114.19749999999999,116.59385714285713,114.15717884740846,5.197337629268253,5.17694884398307,5.153083242150819,110.40733333333334,113.9802365591398,111.72531950171025,5.173736981463502,5.182010597350418,5.1466733805229365,104.05199999999999,107.48166120218579,109.9629567925871,5.0598764649153765,5.117259038502642,5.12532782051065,8.549176984326813
2016-07-18,sz000901,115.91,111.69,116.99,111.51,98362,396958704.0,4.73,-3.64,-4.22,3.04,4.992827350690238,0.06204127416349081,116.756,115.58133333333333,115.63771857783053,5.0252322435374905,5.000078018676808,5.033073639062635,117.571,116.89527272727273,116.05747769103438,5.140239698212955,5.077278156770277,5.097723155057529,114.5395,116.35504761904762,113.92220943336956,5.19935584244559,5.157471674594688,5.13782077629743,110.70066666666666,114.06298924731182,111.72304082418056,5.171762986087463,5.170339008268271,5.136747830211149,104.12866666666667,107.73208743169398,110.01958116004324,5.055150487954261,5.115060706888703,5.1209835428116195,8.598745329035733
2016-07-19,sz000901,111.98,113.09,113.23,111.34,53457,213335006.0,1.69,1.25,1.4,1.65,4.72800458255363,-0.2648227681366082,115.522,114.35933333333334,114.78847905188704,4.948225076430652,4.901002131682189,4.931383953559633,117.00100000000002,116.08054545454546,115.51793629266449,5.064222749401441,5.002326317559492,5.030501596420456,115.07250000000002,116.217,113.84295139209627,5.1804671118879835,5.1125810784145,5.098790662607545,111.09966666666666,114.21713978494624,111.81123173874956,5.159950844766322,5.141709433846735,5.110377298104213,104.24083333333333,108.02590163934424,110.12025063020576,5.049371326168797,5.104334611629667,5.108098986737587,8.329062124391047
2016-07-27,sz000901,116.93,114.4,122.46,114.22,255451,1066147584.0,7.29,1.16,1.31,7.89,5.407307607130366,0.6793030245767362,114.724,113.98533333333334,114.65898603459138,5.016151934928364,5.054029641915426,5.090025171416545,116.547,115.60763636363636,115.31467514854366,5.094801829179361,5.0647053826011135,5.099011780185894,115.54849999999999,116.1529523809524,113.89600364046805,5.2015432113558715,5.134184935104252,5.128173228752575,111.54233333333333,114.43006451612902,111.978249045927,5.175973757540319,5.157667934644413,5.129534092234933,104.32483333333333,108.35898907103824,110.26057028167442,5.053358225561726,5.116070227398897,5.117909105438989,9.027817327092398
2016-07-28,sz000901,114.63,118.45,121.27,114.19,196823,826054368.0,6.19,3.54,4.05,6.08,5.294075847090423,-0.11323176003994284,114.708,115.22733333333332,115.92265735639427,5.0706002927982805,5.146670945969446,5.158042063307838,116.775,115.95363636363638,115.88473421244481,5.111960629716447,5.100937022221307,5.134477974168535,116.08,116.4292857142857,114.3297175794711,5.19623288644812,5.14299756707897,5.143973478118085,112.00366666666667,114.87572043010752,112.39578136554462,5.176555378503843,5.165287424292807,5.140149689322384,104.51666666666667,108.82210928961749,110.52907617407853,5.057044790665433,5.123962608432626,5.123685064181659,8.91700863199999
2016-07-29,sz000901,117.28,106.51,117.72,106.51,187733,738892912.0,9.46,-10.08,-11.94,5.8,5.273540620294245,-0.02053522679617803,112.82800000000002,112.49466666666667,112.78510490426285,5.13915120155178,5.214317721801434,5.196541582303308,115.55499999999999,114.08727272727273,114.1802370829094,5.113251274319182,5.1303152023263605,5.159762091645936,115.76849999999999,115.51785714285714,113.58498257190242,5.18484531235316,5.15036020839765,5.156313205944386,112.08133333333333,114.52129032258065,112.0160535355095,5.18152999822399,5.171544536666382,5.148755555836698,104.52883333333332,108.88746448087433,110.39730318476448,5.062118896566264,5.131060832354881,5.128598361103383,8.868581500509162
2016-08-01,sz000901,106.48,100.04,106.48,98.06,99514,357145344.0,7.91,-6.07,-6.47,3.07,4.997884183208433,-0.27565643708581167,110.498,108.232,108.53673660284191,5.140162568055419,5.167228715686985,5.1303224492716835,113.627,111.26636363636364,111.60928488601678,5.082697405796455,5.109339367578953,5.130329744657298,114.98799999999999,114.01990476190474,112.29498423172123,5.158796328186629,5.132554386574341,5.141224727588581,112.04733333333334,113.7444301075269,111.24340492031534,5.171491665112781,5.159696419568605,5.13902191889294,104.46433333333333,108.74028961748633,110.0577194737886,5.06382935373399,5.128954776179215,5.124312650352729,8.55284499272659
2016-08-02,sz000901,99.81,101.41,101.7,99.81,53492,192566182.0,1.89,1.37,1.37,1.65,4.728288835934387,-0.26959534727404666,108.162,105.20266666666666,106.16115773522795,5.14021941873157,5.029937471646641,4.996311244825918,111.84200000000001,109.0450909090909,109.75486945219554,5.044222247581112,5.044901445785849,5.057231397616769,114.3545,112.72676190476193,111.25831906679541,5.132568967630112,5.091553673026509,5.101897499811991,112.11633333333334,113.05815053763443,110.60899169964985,5.160867239063782,5.131102688653869,5.112523010314969,104.45466666666667,108.6401475409836,109.77418768776273,5.060340698471259,5.1179534477267685,5.11132826299475,8.284580019754463
2016-08-03,sz000901,101.56,101.47,102.02,100.22,48887,175932780.0,1.77,0.06,0.06,1.51,4.689193387163176,-0.03909544877121096,105.576,102.972,104.59743849015197,4.996596574738133,4.879595461123842,4.893938625605005,110.15,107.15927272727274,108.24852955179634,5.006374254833249,4.9803507438916785,4.990315395716115,113.804,111.49966666666668,110.32609820329108,5.110034053265038,5.0493274272677535,5.062592346226389,112.04066666666667,112.37129032258063,110.01937933193051,5.146389954988227,5.100672117563509,5.085211421724531,104.47466666666666,108.54228961748635,109.50191923898362,5.05756577623195,5.105784683421585,5.097487775262567,8.245346765249298
2016-08-04,sz000901,101.99,102.08,102.4,100.42,61330,221996141.0,1.95,0.6,0.61,1.9,4.787672964687493,0.09847957752431746,102.30199999999999,101.80666666666666,103.75829232676799,4.895315998257547,4.809954257773629,4.858516738632501,108.50500000000002,105.69200000000001,107.126978724197,4.982958145527914,4.940586872956088,4.953471317347274,113.255,110.38309523809524,109.54075551726336,5.09605876324926,5.01862637121275,5.036409547984589,111.94366666666666,111.72866666666667,109.50716131051564,5.1337721196403585,5.077529085931202,5.0660153922382705,104.42366666666666,108.46377595628415,109.25857762459071,5.054362467784136,5.096935738780784,5.087329912620761,8.346345425094908
2016-08-05,sz000901,102.11,100.51,102.11,100.45,48843,176386151.0,1.63,-1.54,-1.57,1.51,4.688802331018801,-0.09887063366869242,101.102,101.20933333333332,102.67552821784533,4.778368340402458,4.741116368694048,4.801945269427934,106.965,104.23836363636364,105.92389168343391,4.958759770977119,4.887103997590794,4.90534968346937,112.6625,109.16928571428573,108.68068356323829,5.068264246958543,4.979840044333657,5.003304098749752,111.78666666666668,110.99101075268817,108.92669929048238,5.117811676504542,5.048821357633036,5.041679065707982,104.37133333333333,108.33545901639344,108.9717390139484,5.050635971195613,5.084950160526182,5.0742634345354505,8.246464483401297
2016-08-08,sz000901,100.51,105.81,106.21,100.51,94411,347920576.0,5.67,5.27,5.3,2.92,4.975022597698362,0.28622026667956124,102.256,102.77866666666667,103.72035214523022,4.773796023300443,4.806667787792682,4.859637712184743,106.377,104.02836363636362,105.90318410462773,4.9569792956779315,4.8900608751764745,4.91801748605646,111.974,108.51666666666667,108.40728512864418,5.048609496945444,4.970959887261259,5.000610622459144,111.81866666666666,110.60541935483872,108.72562191690288,5.118563660189705,5.03960915900038,5.0373786484170395,104.38983333333333,108.38262841530056,108.86807543972057,5.052523857589836,5.082471033526272,5.071009636606365,8.541480113654217
2016-08-09,sz000901,105.05,104.7,105.05,103.45,62930,233362452.0,1.51,-1.05,-1.11,1.94,4.798857731747486,-0.17616486595087633,102.91400000000002,103.59333333333333,104.0469014301535,4.787909802463064,4.815021690608363,4.8393777187056575,105.53800000000001,103.72345454545454,105.68442335833177,4.964064610597317,4.861311499916393,4.896352076182101,111.2695,107.82390476190477,108.0542103544876,5.014143679999379,4.947174004861454,4.981396061438986,111.89433333333334,110.14615053763441,108.4659043738769,5.108332944791095,5.018982970068625,5.0219902021802945,104.47516666666667,108.39279781420765,108.73141722858219,5.0487518391849875,5.074154111367507,5.062086623332303,8.368030979382768
2016-08-10,sz000901,104.76,104.09,106.36,103.94,50594,188852390.0,2.31,-0.58,-0.61,1.56,4.704099016416959,-0.09475871533052693,103.43800000000002,103.98533333333333,104.06126762010234,4.79089092831382,4.7870847619263275,4.794284817942758,104.50700000000002,103.46018181818181,105.39452820227145,4.893743751525976,4.814045028247237,4.86139697440662,110.527,107.14014285714286,107.67666651120305,4.994272790352669,4.917645941663127,4.954986819055936,111.868,109.64264516129033,108.18358796265905,5.098943391412573,4.992903361786422,5.001481093421369,104.66783333333333,108.3801693989071,108.57923961453031,5.043859348543666,5.0628540188177364,5.050349324744915,8.276122485362876
2016-08-11,sz000901,104.09,101.58,104.47,101.18,51087,187204842.0,3.16,-2.41,-2.51,1.58,4.70831040020233,0.0042113837853712255,103.33800000000001,103.36600000000001,103.23417841340157,4.7750184154167865,4.759557919222498,4.765626678695949,102.82000000000001,102.92800000000001,104.70097762004026,4.835167206837167,4.78032987346112,4.833563051824022,109.79749999999999,106.2880476190476,107.0960316053742,4.973563918276807,4.890411428315478,4.9314938267841635,111.66000000000001,108.97890322580646,107.75755002958427,5.075877659911137,4.967701233321244,4.982566855149174,104.81966666666668,108.27892896174863,108.34975634848013,5.044228481921963,5.051852413954085,5.039134933776305,8.272317077450625
2016-08-12,sz000901,101.0,103.01,103.56,100.97,42839,156854872.0,2.55,1.41,1.43,1.32,4.631839324448548,-0.07647107575378165,103.83800000000001,103.25666666666666,103.15945227560104,4.7636258141027366,4.711831555566419,4.721030893946816,102.47,102.96254545454546,104.3935271436693,4.770997077252598,4.743361167572281,4.796886010483027,109.0125,105.64161904761906,106.70688573819571,4.94212417578589,4.857866228903262,4.902955302752201,111.33566666666667,108.42083870967741,107.4512564792885,5.046895900652973,4.9390535987752715,4.959939272523328,105.01383333333334,108.21959562841529,108.17468236984143,5.042811564086893,5.03833145797135,5.025780979372116,8.195498012672624
2016-08-15,sz000901,104.18,105.78,106.91,103.04,86587,324453824.0,3.76,2.69,2.77,2.68,4.937452692801755,0.30561336835320674,103.83200000000002,103.904,104.03296818373403,4.756111833123415,4.769773848466091,4.793171493565129,103.04400000000001,103.56436363636364,104.64561311754761,4.76495392821193,4.773625824944854,4.822443589086431,108.3355,105.33376190476189,106.61861090598659,4.923825667004192,4.857421325761915,4.906240768471206,111.00666666666666,108.06240860215053,107.34343348062474,5.027515528195062,4.931992746655839,4.958488525444517,105.24350000000001,108.24471584699452,108.09616819378105,5.044549671576807,5.034877068748888,5.022884969976366,8.511152897102608
2016-08-16,sz000901,106.21,106.21,108.19,106.07,75768,288424256.0,2.0,0.41,0.43,2.34,4.879485823603823,-0.057966869197931814,104.13399999999999,104.69666666666667,104.75864545582269,4.772237451494683,4.81089851195956,4.821942936911361,103.524,104.14000000000001,104.93004709617531,4.780073626978874,4.794449805925198,4.83281490445323,107.68299999999999,105.13133333333334,106.57969558160691,4.912147937279992,4.853198483533309,4.903692678483837,110.74433333333333,107.75294623655914,107.27030873993928,5.015070520746366,4.922442443133821,4.9533915769386665,105.48033333333335,108.27640437158469,108.03432661365707,5.04578604004074,5.029465139307149,5.018183358619889,8.460031781026533
2016-08-17,sz000901,106.51,108.34,109.65,105.95,91306,352039920.0,3.48,2.01,2.13,2.82,4.960499317307279,0.08101349370345545,104.984,106.09866666666667,105.9524303038818,4.823517511672748,4.873652467230426,4.868128397043334,104.21100000000001,105.01563636363637,105.55003853323434,4.807204219993284,4.827254476893999,4.856030252244874,107.18050000000001,105.19390476190475,106.74734362145388,4.906789237413266,4.857803376869241,4.909102834562259,110.60633333333334,107.59782795698922,107.33932107929805,5.0090907755077865,4.918921720331301,4.953850140833416,105.73466666666667,108.37016393442623,108.04434869189782,5.049912099155515,5.026668853315888,5.0162920785768526,8.546591913627855
2016-08-18,sz000901,108.25,107.18,108.25,106.39,64943,247638339.0,1.72,-1.07,-1.16,2.01,4.812532346706865,-0.14796697060041364,106.104,106.83066666666667,106.36162020258789,4.844361900973654,4.869990745575132,4.8495963802645115,104.721,105.55545454545455,105.84639516355536,4.80969015819522,4.8282232272055605,4.848121542147054,106.61299999999999,105.19385714285714,106.78854899083923,4.896324151861568,4.848826530135298,4.899905645242698,110.41033333333333,107.3767741935484,107.3290422999885,5.000602561564581,4.906240531376402,4.944732863792995,105.98316666666666,108.41755191256829,108.01600939052412,5.049000541291544,5.018885910612655,5.0096114316302955,8.393817882380304
2016-08-19,sz000901,107.23,106.68,107.87,105.78,39090,148239797.0,1.95,-0.47,-0.5,1.21,4.592065670432247,-0.2204666762746177,106.83800000000001,107.02266666666668,106.46774680172527,4.836407170170395,4.785892002061329,4.763752810320424,105.33800000000001,105.91163636363638,105.99795967927255,4.800016492136566,4.788655138521383,4.801565929107998,106.15150000000001,105.20023809523808,106.77821099171169,4.879388131556842,4.819849531903935,4.870587552403608,110.22099999999999,107.1361075268817,107.28716860321506,4.97884832868455,4.879883312593671,4.921980141640688,106.29183333333334,108.44039890710383,107.97220580394955,5.044312959101825,5.003904439436939,4.9959214066729825,8.17096481158715
2016-08-22,sz000901,106.68,105.34,107.67,105.34,41403,157070117.0,2.18,-1.26,-1.34,1.28,4.617031810595345,0.02496614016309806,106.75,106.52333333333334,106.09183120115019,4.772322993729112,4.71276688220298,4.714845810412065,105.29100000000001,105.91199999999999,105.87833064667754,4.764217413426263,4.75538519642298,4.7680142711966065,105.83399999999999,105.1229523809524,106.64123851631057,4.860598354552097,4.794863215621888,4.8464393865171065,109.74633333333333,106.82120430107527,107.16154482236249,4.953812135772384,4.856540311426626,4.902306055766795,106.55966666666667,108.40919125683061,107.88590397431186,5.041170222639626,4.989895221453121,4.9834987969655185,8.196093567239364
2016-08-23,sz000901,105.57,105.92,107.38,104.99,37561,141886583.0,2.27,0.55,0.58,1.16,4.57473714612604,-0.04229466446930541,106.69200000000001,106.24666666666666,106.03455413410012,4.7113732582335555,4.646904933001955,4.668142922316724,105.41300000000001,106.02636363636363,105.88590689273616,4.74180535486412,4.7209342387320286,4.73287297572923,105.47550000000001,105.13114285714286,106.5725491338048,4.852934982730718,4.767638338628929,4.820562982670339,109.31733333333334,106.57434408602153,107.08144515640362,4.923364238287626,4.8320838604817,4.881172577725456,106.80666666666667,108.38821857923497,107.82144810630162,5.035539540675965,4.974602333698576,4.970096775626518,8.151941329886252
2016-08-24,sz000901,106.24,106.39,107.38,105.63,45849,173827144.0,1.65,0.44,0.47,1.42,4.661329867831165,0.08659272170512544,106.30199999999999,106.146,106.15303608940008,4.651539368338332,4.6302238028678255,4.665871904154871,105.643,106.20400000000002,105.97756018496594,4.73752844000554,4.7063023319987645,4.719865137929582,105.075,105.21823809523809,106.55516350201387,4.815636095765758,4.74939023244802,4.805397924114227,108.89899999999999,106.38548387096773,107.03683579147436,4.908691340236959,4.815178417226445,4.866989177087115,107.05183333333333,108.3745573770492,107.77451538150484,5.033141223236427,4.962333164097108,4.9599732704529,8.240117594718818
2016-08-25,sz000901,104.7,104.32,105.34,102.89,50204,185996047.0,2.3,-1.95,-2.07,1.55,4.700738320904402,0.03940845307323659,105.72999999999999,105.48533333333333,105.54202405960005,4.62918056317784,4.646623453723182,4.677494043071381,105.917,105.96345454545454,105.67618560588122,4.736771232075747,4.699613219434922,4.7163875348340945,104.3685,105.14633333333335,106.34229078753636,4.785969219456457,4.7384475872231295,4.795430342856148,108.50399999999999,106.09006451612903,106.86155606299215,4.894633022876453,4.801762093398539,4.856263315397908,107.28666666666668,108.28498907103827,107.66125258211123,5.032037234294352,4.951434708282943,4.951473763910326,8.269503714194636
2016-08-26,sz000901,104.5,105.05,106.13,104.09,40263,150766647.0,1.96,0.7,0.73,1.24,4.604906131081834,-0.09583218982256803,105.404,105.25866666666667,105.37801603973338,4.631748655307757,4.638531976357846,4.6532980724082,106.12100000000001,105.80581818181818,105.56233367753916,4.7340779127390755,4.675637746526937,4.696118188697319,104.29549999999999,105.2112380952381,106.21921547443766,4.7525374949958366,4.721203483568402,4.777285179830023,108.04866666666666,105.8672258064516,106.74468147828298,4.872775421436952,4.783070035863401,4.840046722861388,107.54783333333333,108.21165573770493,107.57563774335348,5.0309913635297665,4.937430409816959,4.940110890702834,8.17830527637497
2016-08-29,sz000901,105.34,104.55,106.59,103.97,48806,182813246.0,2.49,-0.48,-0.5,1.51,4.688473215582914,0.0835670845010803,105.24600000000001,104.97399999999999,105.10201069315559,4.646036936305271,4.657440163116233,4.665023120133105,105.998,105.52018181818183,105.37827300889566,4.709179965017191,4.667345983407635,4.694728193585609,104.521,105.23547619047619,106.06024257211027,4.7370669466145605,4.715102123624314,4.768826897520775,107.55633333333334,105.64150537634407,106.60308912484538,4.852277099675192,4.7711795709695926,4.830267786907938,107.8015,108.1133661202186,107.47643650586647,5.0301933061741755,4.926200306605586,4.931860475125132,8.262007659977098
2016-08-30,sz000901,104.96,105.14,106.36,103.3,57119,213928150.0,2.93,0.56,0.59,1.76,4.756780595506852,0.06830737992393754,105.09,104.93866666666666,105.11467379543707,4.682445626181433,4.694354716183426,4.695608945257687,105.89099999999999,105.36418181818183,105.33495064364189,4.696909442207494,4.676000643496664,4.706010448480381,104.70750000000001,105.29442857142858,105.97260042238548,4.738491534593184,4.71697961399501,4.767679630662306,107.08566666666665,105.4856129032258,106.50869627808117,4.840401772255826,4.765018506184539,4.825526677785288,107.90983333333334,108.0261038251366,107.39983203026428,5.0215699669422955,4.917235955436166,4.926120151203221,8.330267935507871
2016-08-31,sz000901,104.76,103.77,104.76,103.3,39073,144510783.0,1.39,-1.3,-1.37,1.21,4.591876757358062,-0.16490383814879017,104.566,104.49866666666667,104.66644919695804,4.668555004086813,4.664165093242302,4.661031549291145,105.43400000000001,104.97854545454545,105.05041416297973,4.660047186212572,4.656903791705859,4.685258868276322,104.82250000000002,105.20514285714286,105.76282895358688,4.733625703102929,4.703016301877378,4.750936499871425,106.59833333333333,105.27169892473117,106.33200619562433,4.824541887013035,4.748984634255651,4.810452489370629,108.01849999999999,107.89037158469945,107.28082114402609,5.009347339744966,4.903147653482583,4.915161351405018,8.159900254169921
2016-09-01,sz000901,103.94,103.07,104.76,102.43,42679,157196945.0,2.25,-0.67,-0.7,1.32,4.630214235036177,0.03833747767811513,104.316,103.99999999999999,104.1342994646387,4.654450186913168,4.65138483689209,4.650759111206156,105.023,104.54872727272726,104.69033886061978,4.641815375045504,4.651479618764696,4.67525075314175,104.872,105.03823809523809,105.50636905324527,4.725752766620363,4.6931675906329255,4.739439141315687,106.08300000000001,105.04406451612903,106.12155418300341,4.811487892922879,4.736447366386177,4.798824214897439,108.021,107.72812568306011,107.14276143438589,4.99763969843307,4.890717059885576,4.905818822999482,8.19644410161093
2016-09-02,sz000901,103.3,100.74,103.36,100.1,50125,181156771.0,3.16,-2.26,-2.33,1.55,4.700054385628238,0.06984015059206161,103.454,102.808,103.00286630975914,4.673479837822448,4.666586236463781,4.66719086934685,104.429,103.77,103.97209543141616,4.652614246565103,4.662068529779738,4.679760504502929,104.8835,104.6447142857143,105.05242914341238,4.726315369350834,4.690720125776533,4.7356882122025965,105.57733333333333,104.69935483870967,105.77435713893868,4.803796836559596,4.729258107851038,4.792451967847814,107.99233333333333,107.48940437158471,106.9328348299798,4.988766909011549,4.8809601643837786,4.899072448003703,8.258054571067113
2016-09-05,sz000901,100.97,99.52,102.4,99.23,40621,145923554.0,3.15,-1.21,-1.22,1.26,4.608750610578787,-0.0913037750494512,102.44800000000001,101.49666666666666,101.84191087317276,4.657535316821623,4.64500982738256,4.6477107830908295,103.84700000000001,102.87745454545453,103.16262353479503,4.651786126563446,4.654093323236771,4.666849614698539,104.569,104.13390476190477,104.52553112975406,4.708001769994856,4.679523482083958,4.723598916809853,105.17166666666667,104.30855913978493,105.3708502267491,4.790994278555881,4.716674480368405,4.780600267378845,107.93616666666667,107.21162295081966,106.68979106506242,4.981378632321673,4.86850061361549,4.889553699235672,8.164125398450025
2016-09-06,sz000901,100.1,101.41,101.41,99.28,40888,146370659.0,2.14,1.9,1.89,1.26,4.61159586794718,0.0028452573683930282,101.702,101.15066666666665,101.69794058211518,4.628498371309688,4.629696677757746,4.635672478042947,103.39599999999999,102.43436363636363,102.84396471028684,4.65547199874556,4.64678600348836,4.656803478925565,104.40450000000001,103.83304761904763,104.2288138793013,4.6986386768048405,4.6703419676032265,4.712931959775313,104.78233333333334,104.06587096774193,105.11531150244271,4.787113988068999,4.705100389361392,4.769696757738092,107.94099999999999,106.99765027322405,106.51668316128988,4.97353241641766,4.856376588554031,4.880440327718017,8.165454028146675
2016-09-07,sz000901,101.56,102.14,103.39,101.32,56020,204972720.0,2.04,0.72,0.73,1.73,4.7483431044875495,0.13674723654036924,101.376,101.29666666666665,101.84529372141013,4.659791640735586,4.669644922150366,4.673229353524482,102.971,102.20599999999999,102.7159711265983,4.6641733224112,4.663671659077813,4.673447047209562,104.30699999999999,103.61738095238094,104.02987922412974,4.700850881208369,4.675075722620627,4.716304449747907,104.37366666666667,103.89539784946237,104.92335592163997,4.765148504647572,4.7025990420335555,4.76831910268967,107.958,106.80745355191256,106.373185352723,4.970561131093945,4.848993332425176,4.876109271218658,8.31169606426633
2016-09-08,sz000901,102.2,104.76,105.25,102.2,89535,332654192.0,2.99,2.57,2.62,2.77,4.951992837947356,0.2036497334598062,101.714,102.42466666666665,102.8168624809401,4.724147361317823,4.767045321220954,4.766150514998773,103.01500000000001,102.53127272727274,103.08761273994406,4.689298774115495,4.716002480084386,4.724091736434615,104.46599999999998,103.66052380952381,104.09941453611738,4.713035003095621,4.698994004214817,4.7387509629097595,103.91733333333333,103.92032258064518,104.91281682992127,4.7537457376761365,4.714653515149672,4.780169021093392,107.9605,106.70260109289617,106.3202940296829,4.965150558089989,4.848384535928567,4.878597257013041,8.521993000654447
2016-09-09,sz000901,104.99,105.14,105.4,103.94,57160,212988635.0,1.39,0.36,0.38,1.77,4.757092220118933,-0.19490061782842272,102.59400000000001,103.56666666666666,103.59124165396008,4.735554928215961,4.778026940821325,4.76313108337216,103.024,102.91763636363635,103.46077405995422,4.704517383019205,4.728328561175919,4.730091824377218,104.57249999999999,103.72471428571426,104.19851791363001,4.719297647879141,4.703189929645608,4.7404977493106335,103.87166666666667,103.99920430107525,104.92747380863602,4.736530791003626,4.714869417242755,4.778680195224072,107.9765,106.61012568306009,106.28159586477526,4.959030394613808,4.841562951077055,4.8746134853115946,8.328356430253434
2016-09-12,sz000901,104.7,101.12,104.7,101.06,68041,248653278.0,3.46,-3.82,-4.02,2.1,4.83277068782252,0.07567846770358688,102.91400000000002,103.07533333333335,102.76749443597339,4.780358943664708,4.8104321940235115,4.7863442848556135,102.681,102.57145454545453,103.03517877632618,4.718947130243166,4.7516473438674325,4.74876070864,104.3395,103.39590476190477,103.90532573137953,4.714063547630179,4.713996885830692,4.749285648216527,103.90766666666667,103.82167741935483,104.68183033711114,4.731027007824095,4.721078442843975,4.782169904423973,107.9775,106.38532240437159,106.11236321347114,4.951259336468438,4.837423288559308,4.873241590311952,8.395594188916837
2016-09-13,sz000901,102.17,102.11,102.84,100.1,40399,146386280.0,2.71,0.98,0.99,1.25,4.606370615114146,-0.22640007270837348,103.054,102.80733333333333,102.54832962398227,4.7793138930981005,4.752436084506657,4.726353061608458,102.378,102.46763636363637,102.86696445335777,4.703906132203895,4.731178886571247,4.722871600726208,104.1345,103.18357142857143,103.73434232839101,4.700407787205695,4.7037404160672605,4.735674692682967,103.931,103.70569892473118,104.51590579923301,4.726963067130087,4.713036094927203,4.770828014791081,108.02366666666667,106.19294535519124,105.98113819007864,4.943915153096935,4.82611546162966,4.86449172227268,8.165500374539906
2016-09-14,sz000901,101.29,100.1,101.82,99.6,43798,157160199.0,2.17,-1.97,-2.01,1.35,4.641454279253067,0.035083664138920945,102.646,101.82266666666668,101.73221974932152,4.757936128051204,4.706482879891647,4.698053467489995,102.011,102.05345454545454,102.36388000729272,4.708863884393396,4.71982400421655,4.708068451367455,103.7225,102.79933333333334,103.38821448759187,4.684455535302984,4.698125796262248,4.726701319975358,103.88533333333334,103.4585376344086,104.2310086508954,4.725371763533085,4.707519398935137,4.762481322175726,107.96300000000001,105.93315300546448,105.78831398712524,4.935880859260656,4.816198711667565,4.8571790192228566,8.196342570054169
2016-09-19,sz000901,100.42,100.45,101.24,100.13,31476,112884871.0,1.11,0.35,0.35,0.97,4.4979795366379784,-0.14347474261508886,101.784,101.09066666666668,101.30481316621436,4.667133467789329,4.619830682753904,4.63136215720599,101.749,101.76963636363637,102.01590182414859,4.6956404145535755,4.681481395533747,4.669870466871187,103.386,102.48766666666668,103.10838453639263,4.66872789479954,4.680366177341771,4.704918292990845,103.831,103.23690322580646,103.98707260890217,4.715715315931433,4.69284893268384,4.7454166908507105,107.88733333333333,105.68682513661201,105.61328729902277,4.924743717785896,4.801841291253708,4.845401987006959,8.052635741026055
2016-09-20,sz000901,100.54,99.75,100.86,99.49,25506,90886408.0,1.36,-0.7,-0.7,0.79,4.406642355350766,-0.09133718128721213,100.70599999999999,100.41266666666667,100.78654211080958,4.597043494835695,4.533000311941051,4.556455556587583,101.65,101.40618181818182,101.60391967430338,4.666299211525829,4.62893629386051,4.62201081023111,103.0395,102.14138095238094,102.78853839006953,4.659456729045465,4.655405649775222,4.676511060834647,103.80566666666667,102.97361290322583,103.7137130857472,4.706309983409166,4.6729087416786355,4.723560282108779,107.79616666666668,105.42002732240435,105.42104837118596,4.912060829956854,4.7848543613378025,4.8310164253133125,7.958498939635986
2016-09-21,sz000901,99.66,99.81,100.36,99.52,21509,76613641.0,0.84,0.06,0.06,0.66,4.332620219565641,-0.07402213578512562,100.44399999999999,100.114,100.46102807387305,4.49701340118432,4.444859220184366,4.481843777580269,101.679,101.07163636363637,101.27775246079366,4.638686172424514,4.568267386231385,4.569394339201025,102.76299999999999,101.83380952380952,102.50486806720578,4.6452361494939804,4.624278363158095,4.643759552142361,103.60566666666666,102.71582795698924,103.46186062860222,4.684896570804741,4.648799724656474,4.698338342589867,107.71216666666666,105.15818579234976,105.23707957213068,4.901730115497224,4.765856308538089,4.814675566108471,7.884306102316621
2016-09-22,sz000901,100.36,100.45,100.83,99.87,27744,99237635.0,0.96,0.64,0.64,0.86,4.443169075796116,0.1105488562304755,100.112,100.116,100.45735204924871,4.464373093320714,4.4269111117216315,4.468952210318885,101.583,100.84818181818183,101.12725201337663,4.621843493209408,4.53271882320804,4.546444291309223,102.48949999999999,101.6135238095238,102.3091663465195,4.6386577459774845,4.605033879948775,4.624655697252242,103.464,102.51223655913978,103.26754703966016,4.673040282273029,4.633204402397852,4.681875809248336,107.67916666666666,104.92008196721312,105.08012614353623,4.890686613532062,4.750821520351168,4.802495025442491,7.996676405754459
2016-09-23,sz000901,100.33,98.24,100.62,98.06,40210,142085740.0,2.55,-2.2,-2.21,1.24,4.604334073102911,0.1611649973067948,99.74,99.492,99.71823469949913,4.456949052090683,4.47356477164903,4.51407949791356,101.19300000000001,100.24036363636364,100.6022971018536,4.607442590070944,4.5295352922795855,4.556969706180802,102.082,101.20880952380952,101.92162669447004,4.635807956241072,4.601764958722625,4.622720304476116,103.26899999999999,102.17520430107525,102.9431891661337,4.6697147841625615,4.628771743741716,4.676873116593793,107.56850000000001,104.61060109289618,104.85585971260062,4.884329087787567,4.741432912468245,4.795997945037915,8.152550493479374
2016-09-26,sz000901,98.12,93.98,98.15,93.98,42844,146190761.0,4.24,-4.34,-4.26,1.32,4.631890010638621,0.02755593753570995,98.446,97.57200000000002,97.8054897996661,4.483731146890811,4.531878424498343,4.553349668821914,100.115,98.92890909090909,99.39824308333476,4.575432307340071,4.533980277837346,4.570591579718587,101.565,100.43719047619048,101.1652812949967,4.632365540727783,4.6013918210462,4.623593609824926,103.01566666666666,101.57591397849463,102.36491889735089,4.66716743784377,4.626331435772428,4.673970980725718,107.33783333333332,104.16507650273223,104.49927414825305,4.871522548877453,4.733156221414181,4.790617357024823,8.16491992683863
2016-09-27,sz000901,93.05,95.94,96.2,92.99,37557,127344844.0,3.42,2.09,1.96,1.16,4.574690894151034,-0.057199116487587354,97.684,96.73666666666668,97.18365986644409,4.517340854650864,4.562198340251751,4.560463410598288,99.19500000000001,98.16981818181819,98.76947161363753,4.55719217474328,4.533845475439338,4.571336909615395,101.1095,99.90147619047617,100.66763545737797,4.630854778881242,4.595898997562701,4.618936208332174,102.77999999999999,101.11941935483871,101.95040800074761,4.665262490167186,4.620365207147091,4.667565813849932,107.05783333333333,103.79137704918033,104.21864220896606,4.856079195410079,4.7234240360133155,4.783537800865027,8.104981365729321
2016-09-28,sz000901,96.28,95.64,96.31,94.86,21505,73460727.0,1.51,-0.31,-0.3,0.66,4.33253944689011,-0.2421514472609232,96.85,96.05533333333332,96.66910657762939,4.517324700115758,4.500597870998165,4.484488756028896,98.647,97.52345454545454,98.20047677479434,4.507169050650039,4.49299952492058,4.527919189119888,100.664,99.38057142857144,100.18881303286578,4.613058090446602,4.567488013563546,4.591660326290073,102.44200000000001,100.6587741935484,101.5432849039252,4.645098715303465,4.598899204355022,4.645951209529945,106.72433333333333,103.41702185792349,103.93737525129504,4.836307121749263,4.706258798356922,4.768750969587161,7.866055222001734
2016-09-29,sz000901,95.61,94.71,96.17,94.48,24643,84060217.0,1.77,-0.97,-0.93,0.76,4.391693577036909,0.0591541301467986,95.702,95.342,96.01607105175293,4.507029600363917,4.458720829971883,4.453557029698234,97.90700000000001,96.80763636363636,97.56584463392264,4.4857013468423155,4.472003984263647,4.503150896013892,100.14250000000001,98.81352380952383,99.66702131544999,4.594803739523105,4.546405678953099,4.572615873980248,102.05866666666667,100.15993548387095,101.10242781334938,4.628838973751234,4.582550485757179,4.629547491304588,106.4015,103.02310928961748,103.63483835780995,4.8219547472488005,4.691681305087665,4.756388432126497,7.924590506794578
2016-09-30,sz000901,94.74,96.63,96.87,94.71,27523,94578317.0,2.28,2.03,1.92,0.85,4.439695770131648,0.04800219309473874,95.38,95.65133333333333,96.22071403450195,4.474101939769665,4.43627621989446,4.448936609842706,97.56,96.57545454545456,97.39569106411852,4.465525495930173,4.463639333952617,4.491613600398939,99.7855,98.47899999999998,99.37778119016903,4.587194690161784,4.531633491392007,4.559956816470858,101.66833333333332,99.8096989247312,100.81388408345587,4.611478855512048,4.570347698426883,4.617298993164398,106.13733333333333,102.70273224043713,103.40517152640635,4.810284815509917,4.67914822387071,4.7460050661594515,7.975791581574986
2016-10-10,sz000901,97.48,99.92,100.25,97.48,42517,150380917.0,2.87,3.4,3.29,1.31,4.628562613108777,0.18886684297712897,96.568,97.16466666666666,97.45380935633463,4.473436460263696,4.487763111007498,4.50881194426473,97.507,97.00454545454544,97.85465632518788,4.478583803577253,4.493282446166909,4.516513420891636,99.628,98.49180952380954,99.4294210768196,4.587112109065414,4.5355732935774355,4.566490701864946,101.42633333333333,99.69690322580645,100.75621414258777,4.6053465310587764,4.5714498763363505,4.6180256783221,105.91833333333332,102.49888524590165,103.29090360750779,4.802974546311678,4.673190118873951,4.742154493928282,8.177192728759497
2016-10-11,sz000901,100.13,100.33,102.11,99.98,40852,146881522.0,2.13,0.41,0.41,1.26,4.6112133232356705,-0.017349289873106244,97.446,98.41866666666668,98.41253957088976,4.480740946080623,4.533688731998155,4.542945737255044,97.565,97.51781818181817,98.30471881151735,4.499040900365744,4.517396904286621,4.533731584954188,99.6075,98.55866666666665,99.51519049807487,4.582670055945786,4.537868647307937,4.570749999138347,101.21466666666667,99.62617204301075,100.7287164559692,4.6059847861522245,4.57182837905744,4.617586171542331,105.71783333333333,102.3156612021858,103.19382480070425,4.792416557418388,4.6669028656583444,4.737861340790818,8.16696716408032
2016-10-12,sz000901,100.42,100.62,100.97,98.88,32939,117594515.0,2.08,0.29,0.29,1.02,4.517710410223103,-0.09350291301256775,98.442,99.47666666666667,99.14835971392651,4.517775138747221,4.546011886712315,4.534533961577731,97.646,98.07327272727272,98.7256790276051,4.51754991943149,4.520791360624322,4.530818644093991,99.6625,98.65509523809526,99.62041045063918,4.578118045928003,4.531682014381966,4.565698609717848,101.05733333333335,99.5878064516129,100.72170249106799,4.602674072806483,4.566133258029755,4.611142574037864,105.40183333333333,102.14851912568307,103.1094371023205,4.778243104289434,4.657896106733909,4.730643277493516,8.070387065270841
2016-10-13,sz000901,101.67,101.21,102.66,100.97,47223,171085523.0,1.68,0.59,0.59,1.46,4.674153573637664,0.15644316341456133,99.742,100.39933333333333,99.83557314261768,4.5742671380673725,4.598138031675797,4.581073832264376,97.722,98.72127272727273,99.17737374985872,4.540648369215644,4.549264752298173,4.556879540374658,99.6525,98.80247619047617,99.7717999315307,4.581245931212526,4.54082825511622,4.576027653900688,100.90033333333332,99.5976559139785,100.75320555616038,4.605987953723538,4.57074483872854,4.615207799818497,105.10883333333332,102.01108196721312,103.04716047601491,4.764676096005582,4.6544833352371295,4.728791156055619,8.233213261749066
2016-10-14,sz000901,101.41,101.12,101.79,99.9,32339,116030096.0,1.87,-0.09,-0.09,1.0,4.509726586343525,-0.16442698729413863,100.64000000000001,100.85866666666668,100.26371542841179,4.588273301309748,4.5766245144345135,4.557291416957426,98.01,99.3390909090909,99.53057852261168,4.531187620539706,4.543642609957787,4.548306276005361,99.6015,98.94223809523811,99.90019993805157,4.569315105305325,4.53401688893822,4.569713266514292,100.72466666666668,99.61182795698923,100.77686971382747,4.600934511007282,4.564534427929829,4.608402560239467,104.81183333333334,101.8803005464481,102.98397488663737,4.754812925622121,4.64612433492034,4.7216087111470255,8.064570651567072
2016-10-17,sz000901,102.78,98.85,102.81,98.67,54830,196939369.0,4.09,-2.24,-2.27,1.69,4.739018245883481,0.2292916595399559,100.426,100.262,99.79247695227454,4.610364427864688,4.626872829292425,4.617867026599445,98.497,99.49181818181819,99.40683697304591,4.541900444064192,4.581429996383928,4.582981179619564,99.306,98.87066666666666,99.80018089633238,4.55866637570213,4.550179092802805,4.585837550263738,100.54233333333333,99.4908817204301,100.65255553874182,4.602210508506586,4.573443055986359,4.616829378668113,104.52316666666667,101.68483060109287,102.84843472641975,4.7484217656915195,4.645606476568253,4.722179515564614,8.294332542092356
2016-10-18,sz000901,97.77,100.3,100.86,97.04,39389,138958105.0,3.86,1.47,1.45,1.22,4.59537495516825,-0.1436432907152314,100.42,100.22,99.96165130151635,4.607196754251205,4.621876338393613,4.6103696694557135,98.93299999999999,99.81963636363635,99.56923025067393,4.543968850165913,4.591152634766484,4.585234593355688,99.064,98.96533333333333,99.8477827157293,4.550580512454596,4.553675147990055,4.586745874540358,100.384,99.47524731182796,100.62981002011333,4.601892802642799,4.573002052545175,4.615445222313284,104.21633333333334,101.54636612021856,102.76487948948795,4.737334112039876,4.640588548354376,4.718021988994241,8.142883882917058
2016-10-19,sz000901,100.65,99.95,101.26,99.31,43724,156404115.0,1.94,-0.35,-0.35,1.35,4.640719885630459,0.045344930462208666,100.286,100.06333333333333,99.95776753434424,4.6317986493326755,4.63305071552003,4.6204864081806285,99.364,100.00454545454545,99.63846111418775,4.574786894039948,4.608743732123674,4.595322828314737,99.0055,99.04971428571427,99.85751769518365,4.540977972344994,4.56225985019728,4.591886256548938,100.23066666666666,99.44724731182797,100.58595130913828,4.6003010249777185,4.575507025641152,4.617075845753102,103.89349999999999,101.4064863387978,102.67258835868506,4.7262890623264555,4.6374208687999685,4.7154874938019855,8.194248175183441
2016-10-20,sz000901,100.33,99.23,100.77,98.73,36380,129218220.0,2.04,-0.72,-0.72,1.12,4.560862694727465,-0.07985719090299348,99.89000000000001,99.71133333333334,99.7151783562295,4.609140473550637,4.609405397318294,4.600611837029574,99.816,99.98018181818182,99.5641954570627,4.591703805809004,4.606212059521405,4.589057349480687,98.8615,99.07109523809524,99.79775410516616,4.53870257632566,4.564153633281325,4.588931631613559,100.03366666666668,99.38268817204302,100.49847057951646,4.5937704282850715,4.572962617237911,4.613449190848223,103.55966666666667,101.25358469945355,102.55971660921996,4.717086100270449,4.631997053468854,4.710417828258559,8.111323754274943
2016-10-21,sz000901,98.85,98.12,99.34,97.19,34859,122176654.0,2.17,-1.12,-1.11,1.08,4.542314924348526,-0.018547770378939177,99.29,99.12133333333334,99.18345223748634,4.615658141151636,4.587130214250923,4.581179532802558,99.965,99.67181818181817,99.30161446486947,4.601965721230692,4.597232262892227,4.580558726729385,98.7625,99.0004761904762,99.63796799991225,4.533745608580433,4.564497666426361,4.584491945207366,99.84533333333334,99.2592258064516,100.34502086470896,4.592118367184753,4.5696429073065215,4.608859883332114,103.22183333333334,101.07523497267762,102.41415213022913,4.708330127098893,4.626266850979611,4.704906257638558,8.086988227120802
2016-10-24,sz000901,98.24,98.67,99.37,98.09,36483,128548138.0,1.3,0.56,0.55,1.13,4.56209054319465,0.019775618846123777,99.25399999999999,98.91466666666666,99.01230149165757,4.58027260061387,4.569274348265261,4.574816536266589,99.84,99.43636363636364,99.18677547125684,4.595318514239279,4.589982230522037,4.577200875177614,98.6735,98.99166666666666,99.54578057134917,4.536951158908266,4.567197184008666,4.582358478349012,99.69866666666667,99.18339784946238,100.23695500246967,4.589847577456704,4.567705628339418,4.605842506549052,102.89083333333335,100.92599453551911,102.2913930439921,4.700667735189791,4.621472110523734,4.700223775197774,8.109065790335691
2016-10-25,sz000901,98.88,98.41,99.08,98.18,27817,97839254.0,0.91,-0.26,-0.26,0.86,4.444310290512258,-0.11778025268239212,98.876,98.63333333333334,98.81153432777171,4.550059667682672,4.5239535782313895,4.531314454348479,99.648,99.17636363636365,99.04554356739195,4.578628210966938,4.562526189844396,4.553038950693004,98.6065,98.96657142857143,99.43761099312543,4.538834555666341,4.558374244161428,4.5692110318883685,99.62100000000001,99.10025806451614,100.11908693779421,4.5813227742861695,4.558316125955907,4.595421073256356,102.59916666666668,100.77908196721312,102.16413425566448,4.692559805422884,4.6130669484031595,4.691833169142511,7.990513132653345
2016-10-26,sz000901,98.41,97.62,98.82,97.48,34058,119182287.0,1.36,-0.8,-0.79,1.05,4.532219141146649,0.08790885063439102,98.41,98.21466666666667,98.41435621851448,4.528359518785909,4.518006736052715,4.531616016614535,99.348,98.80763636363635,98.78635382786614,4.580079084059292,4.554088177149799,4.549253530775485,98.497,98.87261904761907,99.26450518425635,4.548814501745392,4.557744204683361,4.565687994674872,99.55766666666665,98.97116129032257,99.95785552245265,4.578771725305098,4.555148149624324,4.5913435292492775,102.36466666666666,100.6158306010929,102.01514624728203,4.68488300193049,4.607809877443284,4.686599922322974,8.07621171488597
2016-10-27,sz000901,97.86,97.89,98.47,97.19,25212,88074697.0,1.31,0.28,0.27,0.78,4.401607298453578,-0.1306118426930709,98.142,98.04133333333334,98.23957081234299,4.496508439531132,4.475755995941939,4.48827977722755,99.016,98.54254545454546,98.62338040461773,4.5528244565408835,4.521638761585123,4.522408761262411,98.369,98.81480952380952,99.1335999286129,4.546736412878264,4.543724471036521,4.550061261701416,99.44033333333333,98.86356989247315,99.82444548874602,4.571772106321979,4.543718186601644,4.579102482101168,102.11133333333332,100.46912021857923,101.87989555064983,4.679443047195488,4.5985221494604325,4.677255901868239,7.944851157769211
2016-10-28,sz000901,98.41,97.19,98.41,97.16,29456,102555291.0,1.28,-0.72,-0.7,0.91,4.469173771159939,0.0675664727063614,97.95599999999999,97.724,97.88971387489534,4.481880208893415,4.466644439818208,4.4819111085383465,98.623,98.21054545454545,98.36276578559632,4.548769175022525,4.506429546061315,4.5127296721528705,98.31649999999999,98.70252380952381,98.9484951735069,4.539978397781116,4.536337552777634,4.542357691173656,99.27533333333334,98.71838709677418,99.65448126366563,4.562466461877724,4.537098939171836,4.572010307201734,101.8245,100.3077650273224,101.72612848341541,4.663807483262648,4.591628074836316,4.670433536926983,8.010958071265357
2016-10-31,sz000901,96.81,97.19,97.94,96.75,22052,76681936.0,1.22,0.0,0.0,0.68,4.3434479838072315,-0.12572578735270756,97.66,97.46866666666666,97.65647591659689,4.438151697015931,4.42050036478948,4.435756733627976,98.45700000000001,97.95,98.14953564276063,4.509212148814901,4.469098420385807,4.481951183362754,98.477,98.5952380952381,98.78101944269673,4.525556296439546,4.517620370494408,4.523413909519712,99.023,98.58384946236558,99.4954824724614,4.542181633406387,4.522968714780191,4.557264350853702,101.47016666666667,100.15581420765027,101.577402959369,4.647963685541262,4.581124484690238,4.659712699119778,7.884693069040441
2016-11-01,sz000901,97.51,98.0,98.0,97.19,25194,87719002.0,0.83,0.83,0.81,0.78,4.401297125021583,0.05784914121435136,97.578,97.58200000000001,97.77098394439793,4.429549063917795,4.4082155074580305,4.4242701974258445,98.227,97.86690909090909,98.12234734407687,4.489804365800234,4.44947750696884,4.467286809118905,98.58000000000001,98.54980952380951,98.70663663863037,4.516886607983073,4.505786163692696,4.511783739567509,98.78500000000001,98.5178494623656,99.39899973230261,4.530321796903142,4.51387939165859,4.547201949187114,101.32833333333333,100.0420382513661,101.4601110590618,4.633426293953385,4.573037056476478,4.651240057346067,7.943093681961726
2016-11-02,sz000901,97.71,98.0,99.75,97.3,52223,184103176.0,2.5,0.0,0.0,1.61,4.7178618166639135,0.3165646916423306,97.654,97.72266666666665,97.84732262959864,4.466677599021248,4.504319758373403,4.522134070505201,98.03200000000001,97.82563636363636,98.10010237242653,4.497518558903579,4.490942498034964,4.512845901399816,98.69800000000001,98.49457142857143,98.63933791114177,4.536152726471764,4.524926659757538,4.5314102231005,98.68100000000001,98.46720430107527,99.3087416850573,4.526491501197856,4.525978747772189,4.558212263217876,101.29433333333333,99.932912568306,101.34666479483026,4.628759254510976,4.575805434270266,4.6534243773237005,8.26506128066793
2016-11-03,sz000901,98.0,99.05,99.14,96.9,64323,225449343.0,2.29,1.07,1.05,1.99,4.808366291540492,0.0905044748765782,97.886,98.188,98.2482150863991,4.548029397638632,4.618215989213152,4.617544810850298,98.014,98.01072727272728,98.27281103198533,4.5222689185848814,4.547460267605311,4.566576881425393,98.91499999999999,98.52809523809525,98.67844858627113,4.556986362196943,4.550851761192655,4.557786991523357,98.579,98.49101075268817,99.29204867311813,4.533224690412068,4.544164218116876,4.574351232787078,101.25500000000001,99.85932786885245,101.27136430975385,4.630093878771078,4.581694189582709,4.658504440084906,8.353048974032076
2016-11-04,sz000901,98.93,97.54,98.93,97.39,39288,137531724.0,1.55,-1.52,-1.51,1.21,4.594259921123547,-0.21410637041694436,97.956,98.07266666666668,98.01214339093275,4.573046627631354,4.633626163708124,4.609783180941381,97.95599999999999,97.92454545454547,98.13957266253344,4.527463418262384,4.56054954079416,4.571610161370511,98.9605,98.39714285714287,98.57002491138817,4.564714569746538,4.5544016239475695,4.561260603866232,98.49366666666667,98.42397849462364,99.17901327485245,4.5316515451410835,4.54810197493697,4.575635664292657,101.1895,99.73752459016394,101.1490244963193,4.628511654337084,4.580519305725413,4.656398062414042,8.138402887031804
2016-11-07,sz000901,97.77,97.19,98.24,96.63,27488,95420549.0,1.65,-0.36,-0.35,0.85,4.439143142151148,-0.15511677897239906,97.956,97.81733333333334,97.73809559395517,4.592185659300137,4.588991668548053,4.552903168011303,97.808,97.78527272727273,97.96692308752735,4.515168678158034,4.544491308773935,4.547525248785172,98.824,98.22852380952382,98.43859396744645,4.555243596198656,4.542442440367056,4.549630369417177,98.38499999999999,98.33987096774193,99.05068983776519,4.529690331991522,4.542133690873103,4.566829695122237,101.108,99.60639344262295,101.01922041447277,4.622702823961477,4.574310502047185,4.6492749502742745,7.979641910933709
2016-11-08,sz000901,97.19,97.27,97.86,97.16,27598,95987512.0,0.72,0.08,0.08,0.85,4.4408776103102925,0.0017344681591442423,97.81,97.58866666666667,97.58206372930346,4.600101756357878,4.538555652218107,4.5155613154443,97.694,97.68745454545456,97.84020979888601,4.514825410137837,4.530983841892528,4.528134769062467,98.671,98.08052380952383,98.32729930388012,4.5467268105523875,4.531550441711022,4.53927296378795,98.30233333333334,98.26793548387096,98.93580662242552,4.530831507156839,4.536403837861411,4.558703754166628,101.054,99.48055737704918,100.89629515498186,4.618570745283003,4.568349019632392,4.642442250603324,7.982214734890901
2016-11-09,sz000901,97.3,96.75,97.71,94.62,41354,142086651.0,3.18,-0.53,-0.52,1.28,4.616517523414803,0.17563991310451055,97.56,97.23533333333333,97.30470915286898,4.579832897708057,4.544027574570415,4.549213384767802,97.607,97.51581818181819,97.64198983545218,4.523255248364653,4.549473317033795,4.544204360762891,98.47749999999999,97.89757142857144,98.1770803225582,4.551667166211973,4.538197176269347,4.546629588514317,98.20033333333332,98.16778494623657,98.79478684033356,4.540294750618478,4.54193196794257,4.562433674763285,100.903,99.33944262295081,100.76035105153983,4.61259566071161,4.568281700882616,4.641592259547962,8.15255327800233
2016-11-10,sz000901,97.3,97.51,97.94,96.95,34157,118742226.0,1.02,0.79,0.76,1.06,4.533479719725984,-0.08303780368881863,97.252,97.21866666666666,97.37313943524599,4.524855583345155,4.528576515243057,4.5439688297538625,97.56899999999999,97.4981818181818,97.61799168355178,4.536442490491893,4.551332311826764,4.542254426028908,98.2925,97.80542857142856,98.11354886326694,4.544633473516389,4.536465038508777,4.545377220058285,98.10233333333333,98.12324731182795,98.71189736676367,4.543305105416141,4.541492288530151,4.560565677664104,100.78316666666666,99.22819672131148,100.6537821646041,4.608172693844585,4.565687735604398,4.638047586111175,8.074605186163689
2016-11-11,sz000901,97.54,98.09,98.32,96.9,44301,154317609.0,1.46,0.59,0.58,1.37,4.646413529599599,0.11293380987361434,97.362,97.498,97.61209295683068,4.535286305040366,4.5690958306612055,4.578117063035775,97.659,97.5929090909091,97.70381137745144,4.554166466335859,4.5713270462099835,4.561192444859942,98.14099999999999,97.78614285714286,98.11130611438438,4.551467820679192,4.546158377183368,4.5549997257288855,98.09733333333332,98.12245161290323,98.67177495600473,4.544707753966031,4.548144444929084,4.566104248756717,100.68316666666666,99.1398961748634,100.56972373297774,4.607211269064296,4.566941533498006,4.638321879340304,8.188415485720906
2016-11-14,sz000901,98.06,98.44,98.79,97.92,48120,168947862.0,0.89,0.36,0.35,1.49,4.682325618667807,0.03591208906820853,97.612,97.85733333333333,97.88806197122047,4.583922800343697,4.618108935203685,4.612853248246452,97.78399999999999,97.73490909090907,97.83766385427845,4.588054229821917,4.594628710270337,4.583216658279554,98.1205,97.81461904761905,98.14261029396681,4.548633189318409,4.558621024610855,4.567126001246877,98.24600000000001,98.14455913978493,98.65682173303668,4.5463889409003375,4.557023016845328,4.573602401654207,100.63083333333333,99.06634972677595,100.49989672533911,4.606778189372053,4.569404299058776,4.639764624892025,8.227752700239488
2016-11-15,sz000901,98.67,98.5,98.82,97.62,37934,133136438.0,1.22,0.06,0.06,1.17,4.579028639864269,-0.10329697880353805,97.858,98.15333333333334,98.09204131414698,4.611553006254492,4.616477548377209,4.6015783787857245,97.83399999999999,97.86509090909091,97.958088608046,4.605827381306186,4.592987693914401,4.582455200385866,98.0305,97.85076190476191,98.17664740882711,4.54781587355321,4.561515829424747,4.568259585877105,98.33133333333333,98.16094623655913,98.64670420187304,4.54653353242411,4.559128803875258,4.573952481538727,100.55566666666667,98.99648633879782,100.43432634090176,4.605898011295649,4.568494477763439,4.637773281120623,8.124296933435552
2016-11-16,sz000901,98.59,98.79,99.9,98.18,60896,215066967.0,1.75,0.29,0.29,1.88,4.784588766606927,0.20556012674265745,98.266,98.464,98.32469420943133,4.645167254892917,4.674156135161354,4.662581841392792,97.913,98.03890909090909,98.10934522476491,4.612500076300487,4.625489763969081,4.619206757880604,97.9725,97.92309523809524,98.23506194131977,4.555009317602034,4.584065628763196,4.588862364994231,98.43633333333332,98.1905376344086,98.65594909207478,4.561601843081338,4.574487206080602,4.587541919285063,100.43916666666665,98.9385956284153,100.3804140018558,4.6033502791924015,4.574353191052333,4.642586903595584,8.332573710474408
2016-11-17,sz000901,98.79,99.17,99.78,98.64,52724,186405078.0,1.15,0.38,0.38,1.63,4.722008351358884,-0.0625804152480427,98.598,98.76533333333333,98.60646280628757,4.682872981219497,4.699769833983343,4.682390678048156,97.925,98.26745454545454,98.30219154753492,4.603864282282326,4.645400359434245,4.637897956694836,97.96950000000001,98.03714285714287,98.32410366119407,4.563066600433604,4.5999702986448,4.601542935124198,98.585,98.23787096774194,98.68911366677963,4.572612335558737,4.5848360130662495,4.596217172967246,100.32183333333333,98.8969836065574,100.3407282968769,4.600725654654986,4.578243619647956,4.645190885489463,8.270457739119573
2016-11-18,sz000901,99.43,97.74,99.46,97.62,45906,161415633.0,1.86,-1.44,-1.43,1.42,4.661869452347603,-0.06013889901128078,98.52799999999999,98.47933333333334,98.31764187085838,4.685964165769098,4.692768657692712,4.675550269481306,97.94500000000001,98.23381818181818,98.19997490252855,4.610625235404731,4.655946753991567,4.6422564104498845,97.9505,98.01528571428571,98.26847474108035,4.569044326833557,4.609380094065182,4.607288317716903,98.62200000000001,98.18335483870968,98.62788052698741,4.580018124965935,4.590594536730047,4.600452803895012,100.14516666666667,98.81233333333334,100.25545851665143,4.595748490238992,4.580248334326402,4.645737723747106,8.207945593563586
2016-11-21,sz000901,97.19,97.13,97.77,96.52,35839,124167414.0,1.28,-0.62,-0.61,1.11,4.554355883229462,-0.10751356911814103,98.26599999999999,98.01333333333332,97.92176124723893,4.660370218681429,4.6488992301795,4.635152140730692,97.939,98.08563636363637,98.00543401115972,4.622146509512563,4.645715962686973,4.626274496409807,97.8735,97.93714285714286,98.16004857526318,4.568657593835299,4.607981194674315,4.602247133480004,98.529,98.08709677419357,98.53124307363339,4.577544567303293,4.58893890823092,4.597478809013364,99.97766666666666,98.71347540983605,100.15298446692515,4.591445549181035,4.578891199670351,4.642741597828495,8.094007636284912
2016-11-22,sz000901,97.19,97.62,97.74,96.95,28495,99025658.0,0.81,0.5,0.49,0.88,4.454768661309849,-0.099587221919613,98.09,97.79799999999999,97.82117416482598,4.6355182229705445,4.580365377722306,4.575024314257078,97.974,98.02763636363638,97.93535510003977,4.6235356146125195,4.6152836266501165,4.5950916173007235,97.834,97.91300000000001,98.10861537761906,4.569180512375178,4.597134629671892,4.588201564701894,98.43866666666668,98.02845161290321,98.47245319791512,4.572329745239098,4.581017882037795,4.588271702709911,99.82666666666665,98.636174863388,100.06993579587842,4.589157265695662,4.574409990231953,4.6365785507295225,7.995747736860927
2016-11-23,sz000901,97.83,99.05,100.04,97.16,85235,300235680.0,2.95,1.46,1.43,2.63,4.930617965489619,0.47584930417976956,98.142,98.118,98.23078277655065,4.664724062747084,4.678731958561998,4.693555531334592,98.204,98.22327272727273,98.13801780912345,4.65494565882,4.671116781355043,4.656096407880522,97.90549999999999,98.0288095238095,98.19827105594106,4.5891004535923265,4.63155724425422,4.6208126504912,98.38633333333333,98.06789247311829,98.5097142819206,4.586093330414649,4.604133251086216,4.610358558373119,99.72183333333332,98.61071038251366,100.03649527798076,4.594383701610567,4.5856054230120815,4.6462191872790335,8.477462302518603
2016-11-24,sz000901,98.35,97.3,98.76,97.07,52308,182376236.0,1.71,-1.77,-1.75,1.62,4.718568115065309,-0.21204985042431002,97.768,97.83733333333333,97.92052185103378,4.664036015488369,4.696679976001406,4.701893059244831,98.183,98.05890909090908,97.98565093473736,4.673454498353933,4.682684500672371,4.6674549000959376,97.876,97.97114285714287,98.11272143156572,4.6049484944229135,4.643887497727837,4.630122694736353,98.25600000000001,97.99780645161289,98.43166819921605,4.587573815128903,4.612680011386258,4.617339820095196,99.57816666666666,98.53130601092899,99.94677412132565,4.596780884426221,4.589677043125353,4.648591283272026,8.260968248211505
2016-11-25,sz000901,97.16,96.93,97.62,95.15,35206,121447135.0,2.54,-0.38,-0.37,1.09,4.546616684638195,-0.17195143042711347,97.606,97.558,97.5903479006892,4.640985461946487,4.657540199051349,4.650134267709286,98.067,97.8310909090909,97.79371440114875,4.663474813857793,4.659623079996783,4.6454843154672565,97.863,97.88104761904762,98.00008129522612,4.608820640096826,4.63833208727215,4.622169741393671,98.11633333333333,97.91225806451612,98.33478637991179,4.588803485072059,4.610037615870729,4.612777037162487,99.4205,98.44448087431694,99.84786349439693,4.594868998039671,4.588032315263449,4.6452478538086215,8.084387274033148
2016-11-28,sz000901,97.36,96.95,97.77,96.9,23380,81120069.0,0.9,0.02,0.02,0.72,4.3688445068258215,-0.17777217781237376,97.57000000000001,97.33933333333334,97.37689860045947,4.603883186665758,4.56682654734446,4.556371014081465,97.918,97.628,97.64031178275806,4.6321267026735935,4.606053933263698,4.595186168441541,97.851,97.79409523809525,97.90007355282364,4.6100904662477555,4.6154772174368155,4.598043528577685,98.05300000000001,97.83701075268819,98.24544532314329,4.576464360436804,4.595846714048392,4.597039454560122,99.29766666666666,98.36348087431693,99.75285157654784,4.5893374344716955,4.580621676207258,4.636185448989513,7.909128311396392
2016-11-29,sz000901,97.04,97.33,98.88,96.9,51804,181248244.0,2.04,0.39,0.38,1.6,4.714363294703892,0.34551878787807055,97.512,97.25933333333333,97.36126573363966,4.655802113344568,4.6036532500238385,4.609035107622274,97.801,97.5210909090909,97.58389145862023,4.645660168157557,4.62100604090557,4.6168547368528765,97.8175,97.74447619047619,97.8457808335071,4.6257437747318715,4.625407963004067,4.609121601542086,97.95400000000001,97.79036559139786,98.18638433455341,4.5804306384213245,4.6047434194849775,4.604608734569397,99.16900000000001,98.29896721311475,99.67341381993971,4.591161720532062,4.58472088473946,4.638748657045722,8.258273807657902
2016-11-30,sz000901,97.13,96.23,97.6,96.02,36511,125947410.0,1.62,-1.13,-1.1,1.13,4.562423728006818,-0.15193956669707376,96.94800000000001,96.83200000000001,96.98417715575978,4.582163265848007,4.572527121577921,4.5934979810837895,97.54499999999999,97.23545454545454,97.33772937523473,4.623443664297545,4.605872142696344,4.606958189789957,97.729,97.59328571428571,97.69189694460167,4.617971870299017,4.619377482363586,4.604674185014918,97.83,97.67913978494624,98.06016599038867,4.577820766500537,4.603581683329203,4.60188712124278,99.03033333333333,98.20260655737705,99.5605150061712,4.589060895739127,4.583778655476338,4.636246200355922,8.100189241034025
2016-12-01,sz000901,96.23,96.14,97.22,95.88,27364,94065273.0,1.39,-0.09,-0.09,0.85,4.437179581752512,-0.1252441462543059,96.71600000000001,96.56266666666667,96.70278477050653,4.525885559185448,4.524199226879423,4.541391847973364,97.242,96.97999999999999,97.11996039791933,4.594960787336908,4.572005945869976,4.576089351964967,97.5835,97.44195238095237,97.54409723559198,4.599412534809617,4.602159169168681,4.588722318037546,97.727,97.5701075268817,97.93628431358941,4.573697996068039,4.594508058506749,4.59126082837244,98.88033333333333,98.10784153005464,99.44836697318198,4.583734212176555,4.578798940263662,4.629719425975482,7.973429320259687
2016-12-02,sz000901,95.88,94.28,96.81,94.01,37210,126677967.0,2.91,-1.93,-1.86,1.15,4.570659670021534,0.1334800882690219,96.18599999999999,95.75066666666665,95.89518984700436,4.530694156262116,4.539123930491453,4.551147788656088,96.896,96.44145454545455,96.60360396193398,4.585839809104302,4.567587560903544,4.57510213706616,97.4205,97.12733333333333,97.23323083220227,4.598232522254516,4.5994208010936255,4.587002065845545,97.599,97.34772043010751,97.70039500303525,4.574642820923805,4.594312037471491,4.589931721382059,98.72216666666667,97.95701092896174,99.27891231832355,4.5833805940542796,4.578370266750382,4.62778304053437,8.102701084951166
2016-12-05,sz000901,93.55,94.01,95.44,93.11,32475,109723133.0,2.47,-0.29,-0.27,1.0,4.511549159745066,-0.05911051027646863,95.598,95.02533333333334,95.26679323133624,4.559235086845964,4.532742264985768,4.537948245685747,96.584,95.91672727272727,96.13203960521871,4.581559136755862,4.5540801701109555,4.563547050280507,97.2615,96.80252380952382,96.92625646723063,4.601852823134212,4.591165242759391,4.579816074788357,97.44366666666666,97.11617204301076,97.46230500283943,4.572958108142152,4.590241478685766,4.584874781921608,98.57116666666666,97.80251366120217,99.10616109477196,4.581402842799428,4.576015137756638,4.623972093623245,8.040298199818254
2016-12-06,sz000901,94.71,92.97,94.77,92.82,32220,107880622.0,2.07,-1.11,-1.04,1.0,4.508125536083199,-0.0034236236618667704,94.726,94.14933333333335,94.5011954875575,4.517987535121826,4.515705748064847,4.528007342484898,96.119,95.25963636363636,95.55712331336076,4.586894824233196,4.54072860635229,4.5534704113355415,97.04650000000001,96.39380952380952,96.54947013701819,4.605215219422858,4.582238834468819,4.572988404435485,97.26233333333334,96.82754838709677,97.17247887362399,4.575085282994518,4.586058732101317,4.579923217673969,98.44166666666666,97.61886885245903,98.9049754851073,4.578204028640344,4.573612603110205,4.620173845835048,8.03294344177037
2016-12-07,sz000901,92.53,93.61,93.69,92.53,32134,106901983.0,1.25,0.69,0.64,0.99,4.506964789348663,-0.0011607467345360334,94.202,93.77733333333335,94.20413032503834,4.506895747390194,4.5120314994737925,4.520993158106153,95.575,94.80345454545456,95.2031008927497,4.544529506619101,4.52619587273692,4.545014843701563,96.8895,96.06652380952382,96.26952060015931,4.599737582719551,4.572881650652229,4.566700441093882,97.12866666666666,96.59191397849462,96.94264152693859,4.574243471267918,4.581663861543519,4.575216222298143,98.34316666666668,97.46045355191256,98.73136973149722,4.576507598286509,4.571276890346543,4.616462073491231,8.02898576131701
2016-12-08,sz000901,93.75,93.26,94.45,93.11,33653,112802465.0,1.43,-0.37,-0.35,1.04,4.527023785510104,0.020058996161441023,93.626,93.46333333333334,93.88942021669223,4.524864588141713,4.518740845513762,4.523003367240804,95.171,94.38254545454546,94.84980982134066,4.5253750736635805,4.523013014353466,4.541743742212207,96.67699999999999,95.72085714285714,95.98289959062033,4.599414786008756,4.565956527108471,4.562921711990666,96.97433333333333,96.34232258064517,96.70505175100708,4.578424020836469,4.578617430204306,4.572107032827947,98.20733333333334,97.29379234972679,98.55198055997272,4.575098063579223,4.5696544702555135,4.613529670606605,8.052318590110097
2016-12-09,sz000901,93.46,93.58,94.3,93.17,27372,91671476.0,1.21,0.34,0.32,0.85,4.437306531324273,-0.08971725418583087,93.48600000000002,93.448,93.78628014446149,4.4981939604022605,4.489554826574616,4.494437755268628,94.836,94.09327272727273,94.61893530836963,4.514444058332188,4.507000552109955,4.522755158414401,96.4515,95.42590476190476,95.75405201056127,4.58895943609499,4.55051764570995,4.550958361451009,96.854,96.12333333333335,96.50343550900662,4.577361779508613,4.569513076042229,4.5634102262793235,98.06466666666667,97.14207650273224,98.38896480390804,4.56991412069317,4.565136715099612,4.607751862761282,7.962234223970296
2016-12-12,sz000901,94.19,87.52,94.45,86.65,59965,196327548.0,8.34,-6.48,-6.06,1.85,4.777897838016738,0.34059130669246507,92.188,91.45933333333332,91.69752009630767,4.5514636960565955,4.582789452446108,4.588924449517998,93.893,92.76309090909089,93.32821979775696,4.55534939145128,4.5549012393253285,4.569144736523916,95.90549999999999,94.57528571428573,94.969856580984,4.593738047062437,4.568511779226307,4.5725716449334595,96.53166666666667,95.52113978494624,95.92385902455459,4.591843441315597,4.5824508862685605,4.577248136713996,97.77733333333335,96.79634972677594,98.03260530214055,4.567012537360992,4.571955853372517,4.613330419327035,8.29298124256984
2016-12-13,sz000901,87.52,88.74,89.3,86.47,36217,114114924.0,3.23,1.39,1.22,1.12,4.558912473106539,-0.21898536491019893,91.34200000000001,90.31,90.71168006420513,4.561621083461263,4.585272378129422,4.578920457380846,93.03399999999999,91.82618181818182,92.49399801634661,4.5398043092915445,4.555549072353557,4.567284324993484,95.41749999999999,93.89285714285714,94.37653690660457,4.59273223872455,4.565195057897174,4.571270771426134,96.22299999999998,95.01845161290322,95.46038424877688,4.5970972862517625,4.580326307674426,4.5760651906748055,97.50399999999999,96.50004371584701,97.7279297184638,4.5637095415774525,4.571690277495322,4.611546224368986,8.057342445356063
2016-12-14,sz000901,88.74,92.56,95.44,87.05,80030,262179339.0,9.45,4.3,3.82,2.47,4.903252816893959,0.34434034378741973,91.13199999999999,90.716,91.32778670947009,4.640878688970322,4.6991496226069875,4.687031243885217,92.667,91.74000000000001,92.50599837701085,4.573887218180259,4.621630619190359,4.628369505339024,95.10600000000001,93.6207142857143,94.20353339168986,4.598665441238902,4.59476844629426,4.602888109089736,96.04166666666667,94.78212903225806,95.27326268433966,4.603276986259431,4.600078277393279,4.597174069785719,97.36133333333332,96.33794535519128,97.55848939982563,4.564884243728643,4.582822843899141,4.621110374943576,8.41859846419679
2016-12-15,sz000901,91.95,94.19,96.78,91.36,76664,259137849.0,5.86,1.76,1.63,2.37,4.884591475140191,-0.018661341753768212,91.31800000000001,91.73533333333333,92.2818578063134,4.712392226896339,4.780387217996944,4.752884654303542,92.472,92.01690909090908,92.8121804902816,4.618628407519027,4.678122302273984,4.674955318030145,94.857,93.53347619047618,94.20224449724321,4.606794597427967,4.621999497142002,4.629717001094541,95.87966666666667,94.66266666666667,95.20337476922097,4.605817825712753,4.618227599256553,4.615717128195685,97.22933333333334,96.23396721311475,97.4480471244215,4.5695212580624105,4.593305048207718,4.629749099540186,8.413530849540706
2016-12-16,sz000901,93.96,93.98,95.35,93.11,42924,144232052.0,2.38,-0.22,-0.21,1.33,4.632700186196594,-0.2518912889435967,91.398,92.62266666666667,92.84790520420894,4.751470957870804,4.753823204430362,4.7128231649345595,92.442,92.29109090909091,93.02451131023041,4.624832459136533,4.680680807488087,4.667272566787681,94.669,93.44995238095237,94.18107835464863,4.605336134120416,4.624466696072347,4.630001113961403,95.761,94.54010752688173,95.12444736475511,4.607099167881855,4.619961945094221,4.616812809357035,97.12733333333333,96.12743169398907,97.33434066132571,4.569375356511469,4.595376488474411,4.62984585647974,8.159061782296941
2016-12-19,sz000901,94.3,94.33,94.8,93.46,29651,99751186.0,1.43,0.37,0.35,0.92,4.47203934482198,-0.16066084137461356,92.75999999999999,93.6,93.34193680280596,4.690299259231852,4.660679333414087,4.6325618915637,92.474,92.63436363636364,93.26187289018851,4.6208814776442235,4.652900241249077,4.631775617339372,94.52900000000001,93.41766666666666,94.19526136849163,4.601220307200043,4.6117717637582105,4.614957135948124,95.66566666666668,94.44778494623657,95.07319269606123,4.608195707970882,4.6112484081226155,4.607472585838645,97.02533333333332,96.03571584699453,97.23583768882322,4.568943019981203,4.592185143828854,4.6246718724909615,7.998918067969749
2016-12-20,sz000901,94.1,93.14,94.57,91.77,30179,100453583.0,2.97,-1.26,-1.19,0.93,4.479704845059282,0.0076655002373016146,93.64,93.72666666666667,93.27462453520398,4.674457733622401,4.590481195356563,4.581609542728895,92.491,92.75545454545453,93.23971418288151,4.618039408541832,4.62723176259727,4.604126386015719,94.30499999999999,93.28538095238093,94.09476028577814,4.602467116387515,4.600198862601947,4.602075965387282,95.528,94.28483870967742,94.94847058663794,4.609489949129183,4.602958675031545,4.599229505788363,96.91516666666666,95.90832786885245,97.10154792853393,4.57016072814301,4.589259302028135,4.61991885519812,8.001965431869506
2016-12-21,sz000901,93.87,95.32,96.49,93.87,59091,201131404.0,2.81,2.34,2.18,1.83,4.771521339629474,0.29181649457019176,94.192,94.28666666666666,93.95641635680266,4.648111438169504,4.6228357306922545,4.644913475029088,92.66199999999999,93.26981818181818,93.61794796781214,4.644495063569913,4.655137568249568,4.634561832127311,94.1185,93.38204761904764,94.21144978237069,4.594512285094507,4.616299264815468,4.6182136200770145,95.48033333333333,94.2714193548387,94.9724402262097,4.614656743003005,4.613412313128337,4.6103451079716615,96.84033333333333,95.85602732240439,97.04313652104102,4.577475746810742,4.595861289289987,4.624889428458164,8.30347988521192
2016-12-22,sz000901,93.84,94.48,95.06,93.58,45349,152933029.0,1.55,-0.88,-0.84,1.4,4.656567714785965,-0.11495362484350835,94.25,94.38266666666667,94.13094423786845,4.602506686098659,4.6256544895644085,4.648798221614714,92.78399999999999,93.60036363636362,93.7746847009372,4.657449456497499,4.657332595743395,4.6385629017016115,93.97749999999999,93.41647619047619,94.2370259935735,4.59141226508054,4.622209305738464,4.621866391001676,95.37933333333332,94.20688172043012,94.94066988903488,4.618759676171671,4.616116246791754,4.613327211637101,96.74083333333333,95.77863934426229,96.95909925805607,4.581032390793906,4.598454468567863,4.62592806079678,8.184501290274047
2016-12-23,sz000901,94.48,95.21,95.7,93.75,44324,150302855.0,2.06,0.77,0.73,1.37,4.646638946204575,-0.009928768581390024,94.49600000000001,94.70266666666666,94.4906294919123,4.605294438100255,4.640365242933047,4.648078463144668,92.947,94.04145454545456,94.03565111894862,4.67838269798553,4.65536704841741,4.640031273429423,93.8915,93.53385714285714,94.32969018466173,4.596413378158859,4.627468989655038,4.62422568197338,95.28333333333333,94.19595698924732,94.95804602522618,4.618767190058504,4.617914909374522,4.615476355802745,96.69033333333333,95.72844808743169,96.90175174139848,4.581737472012267,4.600605503171493,4.626607106219986,8.17696723008105
2016-12-26,sz000901,94.8,98.06,98.06,94.8,98331,340253712.0,3.42,2.99,2.85,3.04,4.992690455843442,0.34605150963886633,95.24199999999999,95.89066666666666,95.68041966127487,4.709424660304547,4.7694972488474425,4.762949127377593,94.001,94.9710909090909,94.76735091550341,4.6998619597682,4.712513913482485,4.704151124777426,93.94699999999999,93.93085714285714,94.68495778612252,4.627605675609741,4.665209663720237,4.6593175651991,95.27066666666666,94.37509677419355,95.15817208811482,4.629112684631024,4.642038991038066,4.639812749353758,96.75833333333334,95.77335519125681,96.93972709413951,4.58775081276568,4.614079371493825,4.638609838994525,8.531802871839584
2016-12-27,sz000901,98.35,96.95,98.47,96.81,57427,199529052.0,1.69,-1.13,-1.11,1.77,4.7591161292277695,-0.23357432661567223,96.00399999999999,96.46000000000001,96.10361310751658,4.765306917138245,4.78606107182185,4.761671461327651,94.822,95.50727272727272,95.16419620359369,4.719882325380324,4.723287398838769,4.714144761950216,93.928,94.21685714285715,94.9006760922061,4.629843317335934,4.677734468826715,4.668822190344687,95.21900000000001,94.48344086021504,95.2737738888816,4.635115600943141,4.650426310044309,4.647509741603694,96.77516666666666,95.7796393442623,96.94006391072509,4.590824566683627,4.619697906459796,4.642560864903811,8.300006139144065
2016-12-28,sz000901,96.72,94.39,97.68,94.01,54959,188663614.0,3.79,-2.64,-2.56,1.7,4.740038821969381,-0.019077307258388743,95.818,95.922,95.5324087383444,4.759010413606227,4.777638373432228,4.7544605815415615,95.005,95.42872727272726,95.02343325748575,4.7035609258878655,4.7269522164004165,4.718852772862791,93.836,94.26085714285713,94.85204027390077,4.638724072034062,4.688229278791806,4.675604726689897,95.07233333333333,94.42995698924732,95.21675621863119,4.633630602788557,4.657195550110518,4.653479359691803,96.75433333333334,95.70143715846994,96.85645525791442,4.597616222934947,4.624590177124903,4.645756863496125,8.275688149434966
2016-12-29,sz000901,94.25,92.76,94.3,92.24,44140,146862032.0,2.18,-1.73,-1.63,1.36,4.644832328825636,-0.09520649314374463,95.474,94.90266666666666,94.60827249222962,4.756663336414161,4.739579011838699,4.717917830636253,94.862,95.02054545454547,94.6118999379429,4.6795850112564095,4.716274289661829,4.7053945103105805,93.667,94.15838095238097,94.65279834305308,4.649106709387718,4.68881101753386,4.672674022131395,94.85866666666668,94.2807741935484,95.05825581742918,4.631058068704116,4.65791824211291,4.652921486732696,96.72183333333334,95.57047540983609,96.72214524945821,4.601835202131426,4.626138246170498,4.645726550883977,8.166909532861869
2016-12-30,sz000901,92.82,91.83,93.49,91.57,29365,97027844.0,2.07,-1.0,-0.93,0.91,4.467830005178976,-0.17700232364666046,94.798,93.68800000000002,93.68218166148642,4.72090154820904,4.643301234760303,4.634555222150494,94.647,94.46927272727274,94.106099949226,4.663097993154648,4.677773379465932,4.6622009639230155,93.5445,93.98342857142856,94.38396040561945,4.643965226145591,4.67154656951398,4.653165068135927,94.66166666666666,94.08537634408601,94.84998124856278,4.624590087131827,4.647387399304836,4.640980100826004,96.64183333333334,95.41008743169397,96.56174704455793,4.602304106048882,4.6217446331556635,4.6398938772543055,7.986896381279661
2017-01-03,sz000901,92.47,98.96,100.83,92.47,128097,449928752.0,9.1,7.76,7.13,3.96,5.10753895879463,0.6397089536156546,94.978,95.07533333333332,95.44145444099095,4.7438712487992785,4.7721803716221665,4.79221646769854,95.10999999999999,95.25345454545456,94.98862723118492,4.726647954551913,4.758580827764111,4.743171508445127,93.792,94.49919047619048,94.81977370032236,4.673764716098068,4.715696448813889,4.696438772008184,94.72266666666668,94.36268817204301,95.11514374865551,4.6430295229839995,4.6785453910250165,4.671080672307852,96.62583333333333,95.48609289617485,96.64037828899866,4.610287045143647,4.63830971029487,4.655226502878578,8.653143746968544
2017-01-04,sz000901,98.96,99.87,100.83,98.35,131179,466074000.0,2.51,0.92,0.91,4.05,5.117864315877365,0.010325357082734854,95.562,96.706,96.91763629399398,4.815620886129198,4.896844727314862,4.900765750424815,95.78299999999999,96.11890909090909,95.87614955278765,4.790463901633721,4.829711075277829,4.8112974734328064,94.13699999999999,95.07804761904761,95.300747633625,4.704251655087777,4.75799164879287,4.736574538090963,94.79766666666666,94.69477419354835,95.42190866809709,4.6651327114695835,4.7091798937923315,4.699905423505885,96.61816666666667,95.59245901639348,96.74626752542493,4.61873122835434,4.6549515880238435,4.670394955763784,8.668454876432957
2017-01-05,sz000901,99.49,101.35,104.76,99.2,150379,548127728.0,5.57,1.48,1.48,4.65,5.1771871924996775,0.05932287662231239,96.954,98.63533333333334,98.39509086266266,4.903050560235257,5.017366829438354,4.992906231116436,96.386,97.13109090909091,96.87139508864443,4.831030486920742,4.900024400889822,4.87782287689951,94.524,95.765,95.87686690661309,4.7377627752453275,4.803033128546383,4.778537648034651,94.87433333333334,95.11750537634408,95.80436617338114,4.673351685703252,4.742215666762014,4.730697795699033,96.63033333333334,95.74760109289616,96.89720957377165,4.62972250805895,4.6732616196351655,4.687011094673157,8.738881772174013
2017-01-06,sz000901,102.55,101.7,106.68,101.5,183580,681733504.0,5.11,0.35,0.35,5.67,5.263825365521215,0.08663817302153731,98.742,100.21733333333333,99.49672724177512,5.0268491675743725,5.137625097867007,5.083212609251363,97.108,98.09727272727272,97.74932325434543,4.891756251994267,4.97871437881718,4.948005147558002,94.946,96.44842857142858,96.43145101074518,4.774602854245883,4.853134327620278,4.824755525890514,95.021,95.55787096774193,96.18472964606623,4.691526927385116,4.780310742879302,4.765093122784335,96.63850000000001,95.91381967213115,97.0546781123365,4.63955037125701,4.69405187725688,4.705923037979651,8.833614638057087
2017-01-09,sz000901,100.91,107.87,109.62,100.42,231648,875334944.0,9.05,6.07,6.17,7.16,5.364828554948354,0.10100318942713926,101.95,103.26,102.28781816118342,5.206248877528248,5.250284893658335,5.1770845911503605,98.374,100.05399999999999,99.58944629900988,4.963575212868645,5.064727524808832,5.023791221628974,95.6605,97.67928571428573,97.52083662876944,4.820978955427087,4.909346299115752,4.876191052467451,95.38566666666667,96.38683870967742,96.93861805599744,4.718800656395454,4.823749557560802,4.803785731311047,96.751,96.28206557377048,97.4092788299648,4.653802070733756,4.717831489836923,4.727526497552396,8.94217426616137
2017-01-10,sz000901,106.8,104.58,107.53,104.0,127132,478834176.0,3.27,-3.05,-3.29,3.93,5.1042548792261995,-0.2605736757221546,103.074,104.13666666666668,103.05187877412229,5.205592061614562,5.216286894224319,5.152808020508974,99.026,101.18236363636363,100.4968196991899,4.97473165520692,5.090305645964752,5.038420977555742,96.5135,98.52876190476188,98.19313790221997,4.837296807487561,4.93632495852519,4.897911416920666,95.64,96.98002150537636,97.43161043948149,4.743314335475466,4.848617571936979,4.823170837628154,96.8465,96.53875409836064,97.6443844420971,4.659889347956136,4.73260043437766,4.739878247771209,8.68018513989336
2017-01-11,sz000901,104.61,104.61,107.38,104.03,103307,388697952.0,3.2,0.03,0.03,3.19,5.014129749964683,-0.09012512926151661,104.022,104.64866666666667,103.57125251608153,5.184845148432025,5.152466123674359,5.106581930327544,99.792,102.19763636363638,101.24467066297355,5.000233017280611,5.097468935920708,5.034004390721003,97.307,99.29985714285715,98.80426762581807,4.860057671330468,4.95316619114206,4.908979829591525,95.88266666666667,97.55873118279571,97.89473234661172,4.753306550650827,4.866089534162089,4.835490767456317,96.91833333333332,96.7932950819672,97.87276528006113,4.666868594536075,4.744214873787775,4.748870100302143,8.589612252394986
2017-01-12,sz000901,103.36,102.37,103.89,101.85,81794,299416768.0,1.95,-2.14,-2.24,2.53,4.912721447162006,-0.10140830280267643,104.226,104.09800000000001,103.17083501072104,5.1319519993644915,5.061758223251019,5.0419617692723655,100.59,102.66636363636363,101.44927599697834,5.017501279799875,5.081557741353689,5.011952946437549,97.79749999999999,99.78204761904762,99.14386118526397,4.86053110284387,4.958181788840301,4.909336174122046,96.08733333333333,97.97726881720429,98.18345929199161,4.764983141289333,4.876374366195069,4.840473391953459,96.95866666666667,96.97203825136611,98.02021559874764,4.671401953894934,4.7522756230542,4.754242275609023,8.476276118137822
2017-01-13,sz000901,102.28,102.52,104.58,101.26,80353,295064848.0,3.24,0.15,0.15,2.48,4.905002095898662,-0.007719351263344443,104.39000000000001,103.52933333333334,102.95389000714736,5.060187345439981,4.986108255429076,4.996308544814465,101.566,103.01727272727273,101.64395308843682,5.043518256507177,5.061103344280741,4.992507337248661,98.21400000000001,100.23180952380955,99.46539821523884,4.861551633881794,4.9624171215121855,4.908923404767439,96.3,98.39227956989248,98.46323611186313,4.780577225094204,4.885407847137607,4.844636534143473,97.01350000000001,97.15437704918034,98.1677495135428,4.677137610581122,4.759934644103502,4.759185220536552,8.469917473719024
2017-01-16,sz000901,101.61,98.35,102.37,93.55,89293,316444464.0,8.6,-4.07,-4.17,2.76,4.9508174143137325,0.04581531841507047,102.48599999999999,101.516,101.41926000476492,4.977385117313057,4.949651611720326,4.981144834647554,102.21799999999999,102.43254545454545,101.04505252690285,5.091816997420652,5.044248645700115,4.984927351260492,98.4325,100.24476190476192,99.35916981378752,4.877457495287651,4.970918624410466,4.912913310438514,96.43566666666666,98.5245376344086,98.45593055625906,4.793249149903945,4.89639108515177,4.851486913509297,97.01733333333333,97.19819672131145,98.17372493932828,4.6839459854138745,4.768907752422605,4.765468243283345,8.500297502363916
2017-01-17,sz000901,98.29,102.66,102.66,97.51,91161,326214192.0,5.24,4.38,4.31,2.82,4.95980908057262,0.008991666258887143,102.102,101.57400000000001,101.83284000317663,4.948495957582341,4.943792932806847,4.974032916622576,102.58800000000001,102.51290909090908,101.33867934019324,5.077044009598451,5.0202472062732,4.980360392953605,98.849,100.64738095238097,99.67353459342681,4.901845982075183,4.978761632532843,4.917379574260809,96.724,98.92610752688172,98.72716084295203,4.808191147264863,4.9071368871303935,4.858475440416608,97.08383333333333,97.38320218579236,98.32081592492406,4.6905746277035085,4.777952444067154,4.771840074014141,8.513502851165363
2017-01-18,sz000901,102.17,101.93,103.3,101.26,55582,202622320.0,1.99,-0.71,-0.73,1.72,4.744934169885334,-0.2148749106872856,101.566,101.51666666666667,101.86522666878443,4.894656841566471,4.875939003574512,4.897666667710162,102.79400000000001,102.39327272727273,101.44619218743082,5.039750994999248,4.959863599052634,4.93755562512301,99.2885,100.94080952380952,99.8884360607195,4.915107448316485,4.963817650419525,4.900956202415526,97.02266666666667,99.26197849462368,98.93379562727772,4.816084768391601,4.903055791815586,4.851150197156526,97.14249999999998,97.54209289617485,98.43914982902491,4.695585025693059,4.779734724138689,4.770957913223032,8.306687283664548
2017-01-19,sz000901,101.53,102.28,104.61,99.9,70859,257696263.0,4.62,0.34,0.35,2.19,4.850395019045051,0.10546084915971665,101.548,101.75466666666668,102.0034844458563,4.88219155594308,4.861185062734038,4.8819094514884585,102.88700000000001,102.29981818181818,101.59779360789794,5.007071777653786,4.925435239788234,4.921708242199744,99.6365,101.22571428571429,100.11620405493669,4.919051132287263,4.957654561917484,4.896140851618338,97.31166666666667,99.60116129032258,99.14967978035658,4.827532442714814,4.905269356373873,4.851101475988044,97.22016666666667,97.71053551912568,98.56507934282737,4.700887956991365,4.784810461625639,4.773562408495885,8.411108120645407
2017-01-20,sz000901,102.43,103.24,104.38,101.76,57548,211981997.0,2.56,0.94,0.96,1.78,4.7600302349326755,-0.09036478411237514,101.692,102.31866666666666,102.41565629723753,4.853197183749883,4.820464622397237,4.841283045969865,103.04100000000001,102.36399999999998,101.89637658828012,4.956692264594932,4.880518595657123,4.892312240878458,100.0745,101.56890476190476,100.41370843065701,4.924224258294599,4.942509714550381,4.883177935743513,97.64433333333334,99.98363440860214,99.41357140743035,4.835299324362233,4.900914375226637,4.8452259120489884,97.30933333333334,97.90790710382512,98.71835542994778,4.70686167259935,4.7867495527056825,4.773118730674141,8.326298979157272
2017-01-23,sz000901,104.93,103.33,106.16,103.19,62731,233808099.0,2.88,0.09,0.09,1.94,4.79748221071636,0.037451975783684865,102.68800000000002,102.86466666666665,102.7204375314917,4.822530143030408,4.801892964719396,4.826682767552031,102.58699999999999,102.41654545454546,102.15703539041101,4.899957630171732,4.8515713131337455,4.875070417212622,100.4805,101.87895238095237,100.69145048488016,4.931766421520189,4.930439043352452,4.875016438121879,97.96933333333332,100.35045161290321,99.6662442198542,4.8473051803419684,4.898474561443032,4.842145673253335,97.41166666666666,98.10530601092896,98.86955689126097,4.712333479925292,4.789720717889845,4.773917533298476,8.368859550838176
2017-01-24,sz000901,103.01,101.56,103.01,101.18,46008,166984110.0,1.77,-1.71,-1.77,1.42,4.662833354589669,-0.13464885612669164,102.468,102.48866666666666,102.33362502099448,4.763134997833818,4.748660701905816,4.772066296564577,102.285,102.22981818181819,102.04848350124537,4.855815477708079,4.808457808482462,4.836481860372085,100.6555,101.98176190476191,100.77416948632015,4.9152735664575,4.904826370311451,4.8548085254045255,98.43733333333333,100.58210752688171,99.78842201212167,4.8434696975610665,4.886573153329982,4.830577136565357,97.48450000000001,98.24131693989074,98.95776814072782,4.717656569438331,4.788097762960809,4.770275429078514,8.222675146191598
2017-01-25,sz000901,101.26,102.69,102.87,101.0,38505,140218864.0,1.84,1.11,1.13,1.19,4.585517127727124,-0.07731622686254447,102.62,102.56266666666667,102.45241668066299,4.731251589402175,4.6894547452035855,4.709883240285427,102.093,102.30345454545456,102.1651228646553,4.812954215484323,4.759312653940469,4.790851908982091,100.94250000000001,102.1755238095238,100.95662953524204,4.906593616382468,4.873420995194272,4.829161725625726,98.90233333333335,100.85647311827955,99.9756205919848,4.844356519381752,4.869931052050373,4.814766813414504,97.56266666666667,98.41198907103825,99.08013639840888,4.720726902816756,4.783765322248966,4.764217779853879,8.146806444301117
2017-01-26,sz000901,103.3,102.98,103.86,102.52,31975,117364270.0,1.3,0.28,0.29,0.99,4.5048105531506915,-0.08070657457643282,102.76000000000002,102.68266666666665,102.62827778710867,4.662134696223304,4.613974399786424,4.6415256779071825,102.15400000000001,102.46472727272727,102.31328234380888,4.772163126083191,4.703286533516173,4.738844389740018,101.372,102.36957142857143,101.14933148426661,4.894832202941533,4.83515594155315,4.798271137770961,99.24966666666666,101.11954838709678,100.16945152153416,4.83107511059031,4.848024860680626,4.794769635332968,97.64566666666668,98.58960655737704,99.20800077878891,4.717176048424871,4.776686097669752,4.755712624880004,8.069535901821105
2017-02-03,sz000901,103.07,103.56,104.47,101.06,47218,174203076.0,3.31,0.56,0.58,1.46,4.674107587838878,0.1692970346881868,102.824,102.94933333333333,102.93885185807245,4.644950166804545,4.617965363658282,4.652386314551081,102.258,102.72036363636362,102.53995828129817,4.749073675277214,4.685458253835389,4.727074062121629,101.912,102.5779523809524,101.3789189619555,4.896295965892195,4.814134549638612,4.786446037777429,99.562,101.39763440860216,100.388196584661,4.824058981013599,4.837897923728921,4.786984987107543,97.72083333333333,98.78351912568306,99.350689277845,4.714938403363177,4.775274016994801,4.753037049895048,8.241055819317063
2017-02-06,sz000901,103.56,105.92,106.42,103.1,69763,261552419.0,3.21,2.28,2.36,2.16,4.843625148177829,0.16951756033895116,103.34200000000001,103.98133333333332,103.93256790538163,4.654178754296838,4.684190357449377,4.716132592426664,103.01500000000001,103.38618181818181,103.15451132106213,4.738354448663623,4.70264943072641,4.748265168677301,102.6165,102.95966666666668,101.81140287034069,4.915085723042138,4.809118281284863,4.791891667339372,99.96000000000001,101.80782795698923,100.7450871275861,4.831089813079641,4.839160257094355,4.790639191047561,97.8605,99.05234426229508,99.56607651463696,4.719094490480748,4.779493254529707,4.75600715147809,8.417558741008431
2017-02-07,sz000901,105.6,104.41,107.35,103.65,65061,243068279.0,3.49,-1.43,-1.51,2.01,4.813320734186294,-0.030304413991535384,103.912,104.33733333333333,104.09171193692109,4.684276230216164,4.737237684079195,4.748528639679874,103.18999999999998,103.63981818181819,103.38278198995992,4.723705614024991,4.716279664457804,4.760093453315299,102.88900000000001,103.1304761904762,102.05888831126062,4.900374811811721,4.7994263775843065,4.793932530848603,100.29599999999999,102.09492473118281,100.98153311935475,4.842465859391785,4.838013864907688,4.792102516411351,97.98083333333332,99.26708196721313,99.72489367809149,4.725330783681334,4.782582639569234,4.757886285337375,8.385728286057903
2017-02-08,sz000901,104.9,106.1,106.59,104.12,72554,272688944.0,2.37,1.62,1.69,2.24,4.860661360675068,0.04734062648877391,104.59400000000001,105.06666666666666,104.76114129128072,4.739305076805752,4.796032727565497,4.785906213344939,103.607,104.1689090909091,103.87682162814903,4.735278333103964,4.741180709303274,4.778378527380712,103.2005,103.4362857142857,102.44375609114056,4.887514664051606,4.79564414414272,4.8002876574987425,100.72800000000001,102.46937634408604,101.3117567890738,4.855164409912311,4.839187768216287,4.796525667654171,98.128,99.53328415300547,99.93391355749833,4.732327179520746,4.787019707667389,4.761255959938611,8.435667530104707
2017-02-09,sz000901,105.87,107.0,107.12,105.34,76054,287667360.0,1.68,0.85,0.9,2.35,4.881122060364613,0.020460699689545336,105.398,105.86866666666667,105.50742752752049,4.814567378248537,4.843305055418451,4.817644829018164,104.079,104.78581818181819,104.44467224121284,4.738351037235921,4.76769775062339,4.797059169741421,103.48299999999999,103.79814285714286,102.8776840824605,4.872711407444853,4.795035324743959,4.807986172057396,101.11733333333335,102.87402150537633,101.6787402220368,4.85881776727015,4.840862455342242,4.801983499441941,98.29883333333333,99.82416939890709,100.16558852282625,4.736737255136577,4.791898228350793,4.765185996018151,8.458890587729538
2017-02-10,sz000901,106.74,104.61,107.0,104.47,65564,246014662.0,2.36,-2.23,-2.39,2.03,4.816665441618027,-0.06445661874658626,105.60799999999999,105.606,105.208285018347,4.843078949004367,4.844004409874947,4.8173183665514525,104.21600000000001,104.88236363636365,104.47473183371959,4.744014557904455,4.781936733238321,4.800623946446258,103.62849999999999,103.9054761904762,103.0426665507976,4.850353411249694,4.789697613712834,4.808812769158409,101.455,103.09935483870969,101.86785375609894,4.864154358164551,4.83814295046146,4.802930721517818,98.41716666666666,100.03109289617485,100.3113069319139,4.741457017168111,4.794518824628874,4.7668738466935565,8.390960990989317
2017-02-13,sz000901,104.21,104.23,105.25,103.59,57276,212313760.0,1.59,-0.36,-0.38,1.77,4.757972680413869,-0.05869276120415812,105.27000000000001,105.14666666666666,104.88219001223135,4.825948455451575,4.815635653678115,4.797536471172258,104.306,104.88490909090909,104.43023513667966,4.740063604874207,4.784474573694577,4.792869170804005,103.44649999999999,103.9627619047619,103.15574592691212,4.8200106175229696,4.780899448871326,4.803970855944643,101.75566666666667,103.2783870967742,102.02025028796352,4.867865482638194,4.831292519638834,4.800030202736918,98.51950000000001,100.2216775956284,100.43978867185115,4.743316336348348,4.795060321784473,4.76658200517619,8.326978141591429
2017-02-14,sz000901,104.26,102.72,104.96,102.63,59689,220102992.0,2.24,-1.45,-1.51,1.84,4.775894302997557,0.017921622583688013,104.93200000000002,104.29666666666668,104.16146000815424,4.8184631692138264,4.7989509361934415,4.790322415114025,104.422,104.59654545454545,104.11928329364699,4.751369699714995,4.790989246080641,4.7897828312028325,103.35350000000001,103.89357142857142,103.11424631482525,4.8035925887115365,4.776697895107001,4.801296898521111,101.91100000000002,103.34060215053762,102.06539543067555,4.860638944209999,4.8253588951458894,4.798473047915024,98.59083333333334,100.35939890710384,100.51454969900357,4.744875814420511,4.796128451838546,4.766887326416234,8.342625946234666
2017-02-15,sz000901,102.78,101.0,102.87,100.45,63801,231436942.0,2.36,-1.67,-1.72,1.97,4.804827485791356,0.028933182793799084,103.91199999999999,102.986,103.10764000543617,4.807296394237085,4.794405708385952,4.795157438673135,104.253,103.97436363636363,103.55214087662026,4.773300735521419,4.80070884354907,4.7925182229462004,103.173,103.66942857142857,102.91288952293714,4.793127475502871,4.776815504352697,4.801633144927801,102.046,103.28182795698925,101.99666024159971,4.862162656095451,4.821758155893074,4.798883011648981,98.6325,100.43838797814207,100.53046610231492,4.748639128519296,4.798094080408083,4.768131266067877,8.364432682300402
2017-02-16,sz000901,101.35,101.64,101.93,100.77,39184,141739166.0,1.15,0.63,0.64,1.21,4.593108767780639,-0.21171871801071696,102.84,102.22866666666667,102.61842667029079,4.74969373572029,4.723009832900471,4.727807881708969,104.119,103.49927272727271,103.20447889905293,4.782130556984414,4.767946667596201,4.756261958370644,103.1365,103.52342857142857,102.79166194932407,4.777146841533803,4.7577661036172465,4.781773680437595,102.28766666666667,103.25563440860213,101.973649903432,4.857264987622492,4.804399840517926,4.785607253980056,98.68,100.53699453551911,100.56684426289475,4.745447795205525,4.79299472431829,4.762392823501083,8.15148987302361
2017-02-17,sz000901,101.56,101.85,102.69,100.1,62420,226237233.0,2.55,0.21,0.21,1.93,4.795323764329314,0.20221499654867525,102.288,101.89866666666667,102.36228444686054,4.745425400262547,4.738219842436811,4.7503131759157515,103.94800000000001,103.08672727272726,102.95821000831603,4.794252174633456,4.770345432568002,4.763364104908583,103.103,103.40090476190475,102.70197985891225,4.771662924955335,4.759497239121583,4.783064164617759,102.59066666666666,103.22739784946236,101.96567249030736,4.86228136880595,4.800403632563527,4.7862341256154926,98.72466666666668,100.64092896174863,100.60891494279984,4.746669718755031,4.79463000199448,4.763472526479058,8.354564080500026
2017-02-20,sz000901,102.02,102.52,102.66,101.21,44578,162213766.0,1.42,0.66,0.67,1.38,4.649120579881137,-0.14620318444817748,101.946,101.97600000000001,102.41485629790704,4.723654980156001,4.706118235643008,4.71658231057088,103.60799999999999,102.8270909090909,102.87853546134947,4.774801717803787,4.743957869885762,4.742592554903593,103.3115,103.34538095238096,102.68464844377776,4.7565780832337055,4.747826539590704,4.7703076327380804,102.94699999999999,103.2228387096774,102.00143555544882,4.868324387962688,4.786651323600635,4.777388090406824,98.80433333333333,100.76536612021859,100.67157346926541,4.746457237547257,4.7914316695723835,4.759723282328306,8.21008770711406
2017-02-21,sz000901,102.52,102.52,102.66,101.7,35233,128356122.0,0.94,0.0,0.0,1.09,4.546949623822047,-0.10217095605908977,101.90599999999999,102.16733333333332,102.4499041986047,4.677866044320899,4.647216450198357,4.660038081654603,103.41900000000001,102.62927272727272,102.81334719564956,4.748164606767363,4.7025302164345355,4.707021112888766,103.3045,103.27000000000001,102.66896763960845,4.735935110396176,4.727861924408643,4.749035441412744,103.06566666666666,103.19529032258066,102.03489132606502,4.849638076796935,4.7659174678496266,4.762521092562646,98.89416666666668,100.88719125683062,100.73217761781409,4.746333799890467,4.784890436335492,4.7527470968035095,8.108416587362056
2017-02-22,sz000901,102.34,101.29,102.49,100.65,47738,172626885.0,1.79,-1.2,-1.23,1.48,4.67886422013453,0.13191459631248303,101.964,101.962,102.06326946573648,4.652673391189533,4.647549175469567,4.6663134611479125,102.93800000000002,102.24218181818182,102.53637497825872,4.7299848927133095,4.689930146137657,4.7019016778425415,103.2725,103.07814285714285,102.53763738821716,4.732631612908636,4.722426601526581,4.742352467957676,103.113,103.08073118279569,101.9868338211576,4.835004740272174,4.754899799677858,4.757123874986639,98.95533333333334,100.9657431693989,100.7504668762464,4.750068725870878,4.782678318966445,4.750324707404526,8.23710843389301
2017-02-23,sz000901,101.73,99.75,101.73,99.23,52080,186388341.0,2.47,-1.52,-1.54,1.61,4.7166709755601355,0.03780675542560541,101.586,101.224,101.29217964382433,4.677385832745433,4.668881703593102,4.68309929928532,102.21300000000001,101.66254545454545,102.02976134584804,4.713539784232861,4.687509433927989,4.704587004700286,103.146,102.74266666666666,102.27214811314886,4.725945410734391,4.720906540826723,4.739906611538863,103.05966666666667,102.86376344086024,101.84252196172808,4.819654199707523,4.747265363244824,4.754514010507509,98.96700000000001,100.99179781420767,100.71766468358258,4.746502942705387,4.781583310759536,4.749221306360448,8.270418742794112
2017-02-24,sz000901,99.37,101.12,101.24,99.37,40765,146510098.0,1.87,1.37,1.37,1.26,4.610287446660049,-0.10638352890008651,101.44,101.06866666666669,101.23478642921623,4.640378569211579,4.6465155748979745,4.658828681743564,101.864,101.46381818181817,101.86435019205749,4.692901984737063,4.668736281642023,4.6874416305111515,103.04,102.5497142857143,102.16241972142039,4.71845827132076,4.709891496629168,4.727561929169452,103.04033333333334,102.73862365591395,101.79590764161661,4.79786960241215,4.733757830790148,4.745209070904448,99.03066666666668,101.0623879781421,100.73085600543233,4.7446982648986324,4.777117228921982,4.74466609784568,8.165867558850827
2017-02-27,sz000901,101.24,99.55,101.26,99.4,34015,121577061.0,1.84,-1.55,-1.57,1.05,4.531670475296586,-0.0786169713634628,100.846,100.43866666666666,100.67319095281081,4.6168885482946695,4.610279543592977,4.616442612927905,101.396,101.0430909090909,101.44355924804702,4.670271764225335,4.639421461743755,4.659119602290321,102.851,102.21733333333333,101.91361784318988,4.70516768454977,4.692102182722103,4.708905600229179,102.76299999999999,102.51344086021506,101.65101037441555,4.770097666423758,4.716583693556886,4.731432387316843,99.07433333333333,101.07941530054644,100.69213941509028,4.744449161409606,4.770132711230113,4.737682634811283,8.084851640554344
2017-02-28,sz000901,99.46,100.16,100.74,99.46,23341,83304250.0,1.29,0.61,0.61,0.72,4.368119458615029,-0.16355101668155747,100.374,100.21000000000001,100.50212730187388,4.5811225152532655,4.527356513699762,4.533668228156946,101.14,100.81836363636364,101.21018483931118,4.629494279787083,4.5844846789055165,4.606210485258449,102.78099999999999,101.96104761904762,101.74660662002894,4.690431989751039,4.6600023516807,4.676449777218307,102.61566666666666,102.34550537634408,101.55481615671133,4.745559819070053,4.690649615633743,4.70799284352963,99.12783333333333,101.11501092896177,100.6746922211529,4.744437077272759,4.757794032449963,4.725565809362225,7.920667158723284
2017-03-01,sz000901,100.27,101.47,102.37,100.27,54432,197181397.0,2.1,1.31,1.31,1.68,4.735854291932475,0.3677348333174466,100.41,100.57533333333335,100.82475153458259,4.592520529612854,4.5789337725928325,4.60106358274879,101.187,100.87836363636363,101.25742395943642,4.622596960401195,4.603822862931952,4.629782086471908,102.72,101.83619047619048,101.72026313240714,4.697948847961306,4.664328285221789,4.682107350048228,102.511,102.27159139784946,101.54934414660093,4.736283970468978,4.690023452592608,4.709790356329814,99.19683333333333,101.19180327868852,100.70076788603312,4.7447952605599015,4.757512629651921,4.72590313665961,8.294865939198761
2017-03-02,sz000901,101.56,100.13,101.82,100.1,35017,125688648.0,1.7,-1.32,-1.34,1.08,4.544278936171903,-0.19157535576057239,100.486,100.482,100.59316768972174,4.558042121735208,4.562853241445849,4.582135367223161,101.036,100.68618181818184,101.05243778499343,4.61771397724032,4.58958322216299,4.614236059144634,102.57749999999999,101.58952380952381,101.56880950074931,4.699922267112367,4.6496930555275595,4.6689808344409585,102.43633333333334,102.11797849462367,101.45777355649764,4.724002553435976,4.677636031025054,4.699112200190594,99.26183333333333,101.22239890710384,100.68205418485171,4.744492847362653,4.750938323934283,4.7199482448403405,8.099296054666134
2017-03-03,sz000901,100.16,102.95,103.54,100.13,94537,345068128.0,3.41,2.82,2.82,2.92,4.975601816455174,0.4313228802832709,100.852,101.30333333333333,101.3787784598145,4.631104995694233,4.702039806352503,4.713290850300499,101.146,101.03418181818182,101.3974490968128,4.635741782452906,4.654653738383873,4.6799389241101865,102.547,101.625,101.7003514530589,4.714996978543182,4.675948250703065,4.698182832728027,102.45066666666666,102.15111827956989,101.554046230272,4.726355877454526,4.6938682415424235,4.7169502399495995,99.37533333333334,101.3433224043716,100.75641306403689,4.753466551274365,4.758515667183217,4.728330329155581,8.537904847807994
2017-03-06,sz000901,102.98,104.06,104.23,102.98,77223,285018816.0,1.21,1.08,1.11,2.39,4.887746669317787,-0.08785514713738696,101.75399999999999,102.37266666666666,102.27251897320967,4.702320234498474,4.787587030893688,4.771442789972928,101.3,101.56400000000001,101.88154926102865,4.659604391396572,4.700472808722942,4.717722150511568,102.454,101.76909523809523,101.9250798861009,4.71720305460018,4.692400602205408,4.716236531450861,102.641,102.25494623655918,101.71572066702865,4.724253519287994,4.704280550694891,4.7279693644249665,99.53833333333334,101.4969180327869,100.86472738980616,4.758751334595969,4.762918294004313,4.7335570944068,8.454873531640903
2017-03-07,sz000901,104.21,103.1,104.21,102.46,54319,199293140.0,1.68,-0.92,-0.96,1.68,4.734951766086887,-0.15279490323089995,102.34200000000001,102.82133333333334,102.54834598213978,4.775686695992846,4.798464208089825,4.759279115344248,101.358,101.89127272727274,102.10308575902344,4.678404605623055,4.714172331393908,4.720854807888898,102.3885,101.83061904761904,102.03697703980558,4.7132846061952085,4.694090955680333,4.718018934749531,102.65566666666665,102.28455913978495,101.80502901109132,4.716758275471803,4.704970760165787,4.728419841951542,99.68983333333334,101.61369398907105,100.93801501636989,4.762474711368332,4.762137980282703,4.73360282134713,8.29949234982231
2017-03-08,sz000901,103.1,104.12,105.49,103.1,84740,315444192.0,2.32,0.99,1.02,2.62,4.928088459664971,0.19313669357808383,102.872,103.414,103.07223065475986,4.814133529539345,4.849264795980534,4.815548896784489,101.64099999999999,102.39345454545453,102.469797439201,4.7033270295761,4.7595693957651655,4.758533653666365,102.2895,101.99552380952382,102.23536017887172,4.7166559611447045,4.714548465534596,4.738025556170049,102.72866666666667,102.37903225806451,101.9543819781177,4.722863418464457,4.718604965597605,4.741301688255634,99.87566666666666,101.75894535519126,101.04234239288235,4.769474093428029,4.767567939243249,4.739979399652634,8.498922535528429
2017-03-09,sz000901,103.94,101.85,103.94,101.85,48326,176315408.0,2.01,-2.18,-2.27,1.49,4.684180849560156,-0.24390761010481476,103.21599999999998,103.07333333333332,102.66482043650657,4.842113912216995,4.805947235987472,4.771759547709712,101.851,102.43145454545454,102.3571069957099,4.700078016976102,4.756088272125903,4.745014962010691,102.032,101.95366666666666,102.19865920945537,4.706808900604481,4.7114555977646395,4.732897488873869,102.71433333333334,102.32234408602152,101.94764765694882,4.717322946148295,4.716109315990875,4.737616472855926,100.01299999999999,101.82367759562841,101.06882297016489,4.772427694431554,4.764771439444302,4.738149938993863,8.246290266451236
2017-03-10,sz000901,101.85,100.89,102.4,100.83,33299,120555033.0,1.54,-0.94,-0.96,1.03,4.522431191434158,-0.16174965812599762,102.804,102.298,102.07321362433773,4.751479787212792,4.69938632905986,4.688650095617861,101.828,102.25672727272726,102.09036026921719,4.691292391453513,4.723788849300095,4.70454518554223,101.846,101.84490476190476,102.07402499903104,4.692097188095288,4.693895815938894,4.712853079593897,102.636,102.20464516129032,101.87941232424245,4.709402978031677,4.703535654396415,4.7237335514738765,100.14016666666666,101.85243169398906,101.06295992196276,4.772351151196955,4.75657483278865,4.731077193172234,8.081185346264693
2017-03-13,sz000901,101.0,101.96,102.11,100.45,33034,119620540.0,1.65,1.06,1.07,1.02,4.518961164449761,-0.0034700269843970233,102.38399999999999,102.01666666666667,102.03547574955849,4.677722686239187,4.621880121472183,4.632087118561828,102.06899999999999,102.28072727272728,102.06665840208677,4.69002146036883,4.692455898935777,4.67080263625269,101.73249999999999,101.85576190476192,102.0631654753138,4.680146612297083,4.6774066708297966,4.694387182913503,102.59033333333333,102.16103225806452,101.88461152913004,4.7001189431561246,4.691249085778226,4.710522429730386,100.27983333333333,101.91209836065575,101.09237107206233,4.7737120617490465,4.74826696437071,4.724122569279694,8.077805758605187
2017-03-14,sz000901,102.17,103.74,103.83,102.17,67927,250057412.0,1.63,1.75,1.78,2.1,4.8320424343726165,0.3130812699228551,102.51199999999999,102.46866666666665,102.60365049970567,4.697140819896333,4.6733200375166595,4.698738890498758,102.42699999999999,102.58454545454545,102.37090232898008,4.736413757944589,4.7182778942091925,4.700118963183585,101.78349999999999,102.04695238095236,102.22286400147438,4.682954018865836,4.691872939598895,4.707497206861991,102.663,102.23520430107524,102.00431401112165,4.705759245815556,4.699760278759936,4.7183624300298845,100.55016666666666,102.02554644808745,101.17917857789635,4.774614471688311,4.750179435604268,4.727660925512249,8.398039732081015
2017-03-15,sz000901,103.59,102.17,103.59,101.96,44805,163987323.0,1.57,-1.51,-1.57,1.38,4.65132648165981,-0.1807159527128066,102.12199999999999,102.35466666666667,102.45910033313712,4.6417884242953,4.658048591437819,4.682934754219109,102.497,102.53781818181817,102.33437463280188,4.727960976917322,4.702807480339232,4.691247602906534,101.842,102.08376190476193,102.2178293346673,4.675278968659258,4.688860793198321,4.702147613985593,102.64566666666666,102.20339784946233,102.01500342975898,4.707952890946645,4.696248487524081,4.714037530135041,100.77399999999999,102.07865573770493,101.21166452616204,4.776154705164199,4.746137206423006,4.725158156861349,8.21481027631633
2017-03-16,sz000901,102.43,104.41,104.47,102.43,67712,249934479.0,2.0,2.19,2.24,2.09,4.830665641683054,0.17933916002324413,102.63399999999999,103.11733333333333,103.10940022209141,4.67108538271988,4.721007663900403,4.732178383373757,102.925,102.88563636363635,102.71176106320154,4.7565996474684376,4.721481055751183,4.716596337229538,101.9805,102.32833333333333,102.42660749327041,4.687156812354379,4.703659523962492,4.7143874261472565,102.69333333333334,102.31722580645162,102.16951933751646,4.718814727231058,4.704165439184496,4.721561924428461,100.9715,102.19786885245904,101.31652798432066,4.774944918910685,4.747924450243296,4.728617418658782,8.397826172119021
2017-03-17,sz000901,103.97,102.52,104.26,102.46,59449,218996034.0,1.72,-1.81,-1.89,1.84,4.774144553687519,-0.056521087995535346,102.96,103.07933333333334,102.91293348139428,4.721428055170553,4.755360720889615,4.7461671068116775,102.88199999999999,102.812,102.6768954153467,4.736453921191672,4.724671038700108,4.727059649312807,102.014,102.3797142857143,102.43550201772085,4.686097851822289,4.711944070756125,4.720078581151091,102.65866666666668,102.30604301075269,102.19213099316056,4.722149292759345,4.707735105407492,4.7249543521225945,101.11033333333333,102.2486393442623,101.35598608319539,4.773104136886473,4.747898208760571,4.730110111610544,8.340436249874312
2017-03-20,sz000901,102.81,102.31,103.04,101.5,34841,126819196.0,1.5,-0.2,-0.21,1.08,4.542090611555182,-0.2320539421323371,103.03,102.86266666666666,102.71195565426285,4.726053944591636,4.695581573017825,4.6781416083928455,102.707,102.70800000000001,102.61018715801094,4.701888315415411,4.689332255129837,4.693428915175057,102.0035,102.40790476190477,102.42354944460459,4.680746353405992,4.698229095492589,4.70312734595148,102.53833333333334,102.2835483870968,102.19973544521471,4.712098141538591,4.696118416297546,4.713156691440826,101.24916666666667,102.28797267759562,101.38726522800864,4.771593977309116,4.740323994815282,4.723945537838237,8.10318499554807
2017-03-21,sz000901,101.9,100.8,102.55,100.54,45430,163953288.0,1.96,-1.48,-1.51,1.4,4.657342736814626,0.1152521252594445,102.44200000000001,102.11933333333333,102.0746371028419,4.6911140050800375,4.672677837092155,4.671208651200106,102.477,102.36127272727272,102.28106222019076,4.694127412488186,4.681233059020603,4.6868677918367965,101.91749999999999,102.2932857142857,102.26892568797558,4.68626600905562,4.696000179626746,4.698766906986065,102.41799999999999,102.17139784946237,102.10942993262022,4.706898874959534,4.6925858095411614,4.709555791142362,101.357,102.27324590163937,101.36801063036901,4.774682367175659,4.736578052503986,4.72176183944402,8.214720130648189
2017-03-22,sz000901,99.75,98.64,100.39,97.51,58700,207068744.0,2.86,-2.14,-2.16,1.81,4.768638101247615,0.11129536443298882,101.736,100.852,100.92975806856127,4.714576328997599,4.698519202481348,4.703685134549276,101.929,101.66363636363634,101.6190509074288,4.67818237664645,4.694780456976863,4.701735120820581,101.785,101.98114285714286,101.9233137176922,4.690754703111275,4.703845140787889,4.705421306439546,102.16933333333333,101.9276559139785,101.88559574341892,4.703831432978619,4.696568985430715,4.713367553084637,101.44866666666667,102.18416393442624,101.2785676588815,4.779497921445466,4.736379879850609,4.723298766060531,8.31611454924226
2017-03-23,sz000901,98.64,98.85,99.37,97.42,52545,184650642.0,1.98,0.21,0.21,1.62,4.7205313963733735,-0.0481067048742414,100.624,99.89,100.23650537904086,4.692549479935662,4.700504224939939,4.709300555157309,101.629,101.10381818181818,101.1155871060781,4.681817431327771,4.702480278745395,4.7051526254665434,101.74,101.70161904761905,101.63061717315009,4.690947724151937,4.70668101633666,4.70686036262372,101.89766666666667,101.71350537634409,101.68975085674673,4.698478410845578,4.697646402423925,4.713829736522619,101.5075,102.0989617486339,101.19894248973785,4.778648089057864,4.734446551159719,4.723208032628165,8.266350821960312
2017-03-24,sz000901,98.82,98.18,98.82,97.6,31098,108783034.0,1.23,-0.68,-0.67,0.96,4.492732459223175,-0.22779893715019828,99.756,99.07533333333332,99.55100358602726,4.636267061042794,4.63389855136911,4.637111189845932,101.35799999999999,100.47672727272727,100.58184399588208,4.678847558106673,4.668101192908195,4.666530777058658,101.59299999999999,101.36257142857143,101.3019869661834,4.6850699747800935,4.687803372057729,4.686467228966525,101.68333333333334,101.47365591397848,101.46331531760178,4.6876806447657495,4.68437247006119,4.699565396051688,101.56916666666666,101.98986338797813,101.09996076876284,4.77591750146515,4.72507226821432,4.715651456450951,8.036561167285578
2017-03-27,sz000901,98.24,98.26,98.91,97.74,34219,120039230.0,1.19,0.08,0.08,1.06,4.534267313772363,0.04153485454918737,98.946,98.57666666666665,99.12066905735152,4.63470240148623,4.5998986356123,4.602829897821409,100.988,99.91345454545456,100.15969054208534,4.6803781730389336,4.641813875756502,4.642482874642968,101.5285,101.04514285714285,101.01227392178498,4.685199816703882,4.673441213866518,4.671971998948034,101.48433333333334,101.25279569892476,101.25664981324039,4.680223799211032,4.674474835803553,4.688901003646571,101.61999999999999,101.88136612021857,101.00684730093455,4.774044640924614,4.717149311240788,4.709704435379521,8.079323200949553
2017-03-28,sz000901,98.41,98.61,99.95,98.41,36394,128777772.0,1.57,0.36,0.35,1.12,4.561029790745868,0.026762476973505755,98.50800000000001,98.46466666666667,98.95044603823436,4.615439812272479,4.575341098698845,4.588896528796229,100.475,99.48109090909091,99.87792862534255,4.653276908676259,4.620114169885036,4.6276732230253135,101.451,100.76719047619048,100.78348592923403,4.694845333310424,4.6616154971086115,4.661406074357352,101.34733333333332,101.06735483870968,101.08589821238617,4.673061648802643,4.666784899773542,4.680651247975558,101.62916666666666,101.78267759562843,100.92826214352687,4.766850296506321,4.710165217792303,4.704829856866942,8.1098409070391
2017-03-29,sz000901,98.64,97.19,98.93,97.16,38975,136300288.0,1.79,-1.44,-1.42,1.2,4.590786123860879,0.029756333115011024,98.21799999999999,98.02533333333334,98.36363069215625,4.579869416795132,4.567123202561645,4.5895263938177795,99.977,98.88381818181817,99.38921432982572,4.647222872896366,4.608752209009513,4.620966477722689,101.237,100.36138095238096,100.4412491740689,4.687591924906844,4.651705096208655,4.65468036478626,101.22033333333333,100.79913978494623,100.83454994061933,4.665926936738293,4.661476801390202,4.674853498032676,101.63316666666667,101.63713114754097,100.80569617160795,4.764044796416872,4.704392621967862,4.701090718079858,8.13449677349189
2017-03-30,sz000901,97.22,92.79,97.25,92.79,64110,216417782.0,4.59,-4.53,-4.4,1.98,4.806925776883732,0.21613965302285276,97.006,96.216,96.50575379477084,4.597148292897204,4.642808655924512,4.661992854839764,98.815,97.5770909090909,98.18935717894831,4.644848886416433,4.6377891006435785,4.654777259388333,100.86999999999999,99.55690476190476,99.71255877653854,4.700724266942435,4.663070224968359,4.669179927843162,100.92533333333333,100.25524731182794,100.31554671864389,4.673054170375065,4.670573500754424,4.683374290216616,101.60650000000001,101.3471912568306,100.54288646106342,4.765159578998778,4.705798555753661,4.704560720007853,8.33529294177281
2017-03-31,sz000901,92.82,93.98,95.12,92.82,48506,163445066.0,2.48,1.28,1.19,1.5,4.685795462431609,-0.12113031445212297,96.16600000000001,95.20733333333334,95.66383586318057,4.63576089353889,4.672357712435981,4.66992705737038,97.961,96.69800000000001,97.42401951004862,4.636013977290842,4.645233932646339,4.660416932668928,100.4215,98.90071428571429,99.16660079782059,4.686233949241258,4.661648434062565,4.670762359708728,100.663,99.8071612903226,99.90680176905397,4.669403226978473,4.671395519596781,4.683530494875648,101.62683333333332,101.0971420765027,100.32770985578264,4.765842297892211,4.70319645357113,4.703945465661091,8.213371814844095
2017-04-05,sz000901,93.81,95.32,95.59,93.43,34389,116726043.0,2.3,1.43,1.34,1.06,4.536419547127734,-0.1493759153038754,95.578,94.92533333333333,95.54922390878704,4.636191340209964,4.639243930298928,4.625424553956165,97.262,96.21781818181817,97.0414705082216,4.635446870848098,4.627125854434864,4.63787195347962,99.9845,98.41485714285716,98.80025786469483,4.6686675931317545,4.64738039576604,4.657967806129586,100.423,99.46245161290322,99.61087907427631,4.665646525886694,4.662815927348347,4.674039465988686,101.685,100.89036065573771,100.16352264739632,4.76698545692469,4.695674396169016,4.698452812594423,8.067167763237848
2017-04-06,sz000901,95.32,94.77,95.91,94.65,28027,95151538.0,1.32,-0.58,-0.55,0.87,4.447576613522922,-0.08884293360481177,94.81,94.65599999999999,95.28948260585804,4.613500704765375,4.576372354736581,4.566141907145084,96.65899999999999,95.76472727272728,96.62847587036312,4.614470258518927,4.592967625830286,4.60327280076022,99.56800000000001,97.91823809523811,98.41642378234295,4.654298835503556,4.626324111993769,4.637930549690856,100.16466666666666,99.09774193548388,99.29856429529075,4.662334092210057,4.648746900744231,4.659428959377992,101.61516666666667,100.66363934426231,99.98668583928496,4.755986084503495,4.685201975073877,4.690227363444538,7.978415812481315
2017-04-07,sz000901,94.86,95.73,96.58,94.86,45004,154286312.0,1.81,1.01,0.96,1.39,4.653251116013661,0.20567450249073893,94.518,94.96266666666666,95.4363217372387,4.625993703195932,4.589622491819343,4.595178310101277,96.368,95.59581818181819,96.46511662120618,4.602931559995532,4.600018690829329,4.612359767169936,99.14849999999998,97.55271428571429,98.16057389831028,4.640556968320991,4.6262243291852085,4.639389651245409,99.97933333333334,98.81163440860216,99.06833434075585,4.661480322072693,4.648160902279948,4.6590303888383575,101.54616666666668,100.47068306010928,99.84712236914447,4.748242531172434,4.681833615451259,4.689015027463197,8.188327397958426
2017-04-10,sz000901,96.9,95.82,97.27,95.15,51048,175556273.0,2.21,0.09,0.09,1.58,4.707978731614335,0.054727615600674184,95.124,95.39666666666668,95.56421449149246,4.606204294142052,4.616950834625478,4.632778450605629,96.065,95.49618181818182,96.34782269007778,4.6016762935196285,4.619118176578203,4.629745033432553,98.84700000000001,97.23571428571428,97.9376620984712,4.6417468624237,4.6326454494988605,4.645921944613879,99.84833333333334,98.54329032258065,98.85876438328775,4.661190580607833,4.651160799669731,4.662188346436808,101.454,100.28293989071038,99.71508557015613,4.740422390157678,4.680513490875583,4.689636788255037,8.244416352346578
2017-04-11,sz000901,95.82,100.3,100.94,95.09,125600,441960576.0,6.11,4.68,4.48,3.88,5.098989639401177,0.3910109077868418,96.38799999999999,97.122,97.14280966099497,4.688843129535965,4.78121261637852,4.788182180204146,96.277,96.26618181818182,97.0664003827909,4.662302011537428,4.709538784920303,4.715062234517758,98.8175,97.37409523809522,98.16264666052156,4.67057478482205,4.676192380639572,4.689071248879336,99.82099999999998,98.57243010752688,98.95174732630144,4.677480653699204,4.679405900237044,4.6903690750151545,101.43066666666667,100.24510382513661,99.73426309244608,4.737675128055678,4.692269794129468,4.703058193210648,8.645383530911811
2017-04-12,sz000901,100.3,98.79,102.08,98.67,79785,285420512.0,3.4,-1.51,-1.51,2.47,4.901921249376262,-0.19706839002491527,97.082,97.92266666666667,97.69187310733,4.761943469985671,4.852238656325284,4.826095203261518,96.33000000000001,96.72309090909091,97.37978213137437,4.699067405097819,4.7531059190728175,4.749036600855667,98.659,97.37147619047619,98.22239459761475,4.689722789068375,4.698225377263783,4.709342677498091,99.79566666666666,98.5059139784946,98.94131201492716,4.689822346168527,4.6938859386678216,4.704017602393291,101.27933333333334,100.15852459016394,99.70330364679211,4.729960006296142,4.697654912861292,4.7095782934127985,8.455485180860988
2017-04-13,sz000901,98.88,98.91,99.37,97.71,45499,159546600.0,1.68,0.12,0.12,1.41,4.658001851618553,-0.24391939775770854,97.91,98.532,98.09791540488668,4.804028517604797,4.817591450202912,4.7700640860471974,96.36,97.19218181818181,97.65800356203357,4.708764611185087,4.745639454803861,4.732484828267101,98.4175,97.39538095238096,98.28788082641334,4.681020759930672,4.695204335601894,4.704453075033373,99.754,98.4487741935484,98.93929188493186,4.699485092601978,4.691833003535566,4.701048844278793,101.18483333333333,100.08084153005463,99.67729369115958,4.722522455836015,4.695295629101371,4.707887262534299,8.20288755364409
2017-04-14,sz000901,99.11,98.5,100.3,98.12,44893,158845093.0,2.2,-0.41,-0.41,1.39,4.6521786283446644,-0.0058232232738886225,98.464,98.72866666666665,98.23194360325779,4.803814020070998,4.766974820449534,4.730768933479687,96.491,97.58127272727272,97.811093823482,4.714903861633465,4.73535109428742,4.717883701008476,98.23400000000001,97.4032380952381,98.30808265246921,4.681063367264915,4.6924574659270375,4.699474556301116,99.655,98.36787096774194,98.91095047300078,4.696695903815717,4.688780973583481,4.697895927121752,101.08300000000001,99.99281420765027,99.6386938980068,4.716489937142348,4.692989274101654,4.706060749937917,8.200973803261757
2017-04-17,sz000901,98.09,95.15,98.09,94.39,44185,151099500.0,3.76,-3.4,-3.35,1.37,4.6452748593294935,-0.00690376901517098,98.33,97.62400000000001,97.20462906883854,4.79127324561403,4.714128433535699,4.702270908762956,96.727,97.33745454545453,97.3272585828489,4.698738769878041,4.7226912756866986,4.7046820934304785,97.77099999999999,97.10952380952381,98.00731287604357,4.671793828147237,4.689049036599854,4.694312680399056,99.48899999999999,98.07722580645162,98.66830850700075,4.700062434587637,4.685463486842435,4.694501019522251,100.96266666666665,99.79828961748633,99.49152360626887,4.712032494011806,4.690654353517626,4.704067769917968,8.179263027227178
2017-04-18,sz000901,95.47,94.6,96.11,94.57,26912,91768837.0,1.62,-0.58,-0.55,0.83,4.429945974117818,-0.21532888521167504,97.19000000000001,96.38066666666667,96.3364193792257,4.657464512557358,4.593686009703629,4.61149593054791,96.789,96.95072727272728,96.83139338596727,4.673153821046662,4.673819858275748,4.6547300717372675,97.375,96.8075238095238,97.68280688784895,4.654583899168752,4.666015907644671,4.669134898848463,99.21066666666667,97.7618064516129,98.40583699042006,4.6818739065097255,4.6680366184250275,4.6774329520768045,100.83066666666667,99.58967759562843,99.3311457831125,4.704114891982125,4.681405615160447,4.695080170055668,7.962695227861223
2017-04-19,sz000901,94.19,93.31,94.97,91.07,39973,132473692.0,4.12,-1.36,-1.29,1.24,4.601766743570422,0.17182076945260327,96.09400000000001,95.08733333333333,95.32761291948381,4.59743361139619,4.575120086707983,4.608252868222081,96.588,96.31818181818181,96.19114004306412,4.679688540690931,4.660840389643704,4.645100375706932,96.925,96.42038095238097,97.2663490890062,4.657567705769514,4.660985702349592,4.662718884060078,98.85233333333333,97.38111827956989,98.07707331361877,4.672341242318146,4.662868414364427,4.672551261205426,100.74666666666666,99.34309836065574,99.13373116727274,4.698297380803071,4.678049938163341,4.692020713449595,8.122129640132117
2017-04-20,sz000901,94.04,93.11,94.04,91.8,29058,96387628.0,2.4,-0.21,-0.2,0.9,4.463265719430183,-0.1385010241402389,94.934,94.09266666666666,94.58840861298921,4.558486384958516,4.530397456052648,4.559923818624782,96.422,95.68581818181816,95.630932762507,4.681257451281657,4.621490785778114,4.612039529111159,96.5405,96.05704761904762,96.87050631862465,4.647863854900292,4.642480751269656,4.643723344571517,98.51933333333334,97.01064516129033,97.75661697080466,4.663285040762923,4.6493796709523,4.659048968187668,100.5875,99.09271584699452,98.9362317847392,4.690021658117363,4.670343982052755,4.684520549711253,7.984021292863915
2017-04-21,sz000901,93.2,91.86,93.43,91.36,25515,84059301.0,2.22,-1.34,-1.25,0.79,4.40679557266825,-0.056470146761932405,93.606,93.068,93.67893907532616,4.509409773823234,4.479833851955892,4.508881069972604,96.035,94.85636363636364,94.94530862386937,4.656611896947116,4.5715886260302225,4.574722446121539,96.2015,95.61128571428573,96.3933152406604,4.629771728471324,4.619521867247557,4.621158794866444,98.11066666666666,96.58101075268817,97.37619006946242,4.645908611196365,4.632831963333288,4.642774555573513,100.41966666666666,98.80656830601096,98.70422418523955,4.6843860148304115,4.661057880890488,4.675414812759024,7.924585774283443
2017-04-24,sz000901,91.86,88.1,92.12,87.87,25988,83038939.0,4.63,-4.09,-3.76,0.8,4.414772858093331,0.00797728542508036,92.196,91.23266666666667,91.8192927168841,4.463309373576001,4.448288213379258,4.4775116660128464,95.263,93.41363636363636,93.7007070558931,4.627291309595015,4.52761789169317,4.545640702843683,95.664,94.83971428571428,95.60347569393085,4.614483801557322,4.599045784354415,4.601502991364243,97.65233333333332,95.9351612903226,96.77772619401324,4.636928344814138,4.617919979262124,4.628064768639308,100.18333333333334,98.40264480874316,98.35654470375628,4.677125645481216,4.652218105259764,4.666869174901132,7.919281791499216
2017-04-25,sz000901,88.51,89.33,89.97,88.51,17751,56712991.0,1.66,1.4,1.23,0.55,4.249222823996674,-0.1655500340966567,91.142,90.27733333333332,90.98952847792273,4.427164743551772,4.37692603018615,4.401415385340789,94.16600000000001,92.3349090909091,92.90603304573071,4.542314628054565,4.458878167038926,4.491746543053318,95.22149999999999,94.2364761904762,95.00600181831838,4.602308319795997,4.564259024586733,4.567952499233999,97.26700000000001,95.39823655913979,96.29722772988336,4.6278213992328885,4.592906719854547,4.603623352855912,99.9515,98.04679781420762,98.06059241838723,4.668612188632283,4.6381885045553535,4.653175851920658,7.753682552250578
2017-04-26,sz000901,90.11,88.71,90.46,88.42,19693,62952499.0,2.28,-0.69,-0.62,0.61,4.294311880902013,0.04508905690533904,90.222,89.46666666666665,90.22968565194849,4.36567377101809,4.33264174263623,4.3657142171945305,93.15799999999999,91.3429090909091,92.14311794650693,4.481553691207141,4.413786758465735,4.455849331753081,94.744,93.61633333333333,94.40638259752615,4.590310548152479,4.534926030406354,4.541891487964286,96.82533333333332,94.84617204301077,95.80772916666508,4.620333089781297,4.571389976736426,4.583667774020177,99.70783333333334,97.67822404371584,97.75401561778436,4.660226016468711,4.625916363318296,4.641409820083981,7.79901297479922
2017-04-27,sz000901,88.71,90.46,90.75,86.38,34879,110038838.0,4.93,1.97,1.75,1.08,4.542564024978776,0.24825214407676288,89.69200000000001,89.54599999999999,90.306457101299,4.381533432127808,4.391605160623125,4.424664153122613,92.313,90.85236363636363,91.83709650168748,4.470009908543163,4.424879546424214,4.471615639612297,94.3365,93.20833333333333,94.03053663585699,4.589387259864124,4.530378742485049,4.541955539108523,96.38266666666667,94.43550537634407,95.46271438171897,4.610683809468169,4.566372617716908,4.581015919243313,99.52283333333334,97.37501639344265,97.51486756474225,4.658221527641863,4.6220585931055105,4.638168974342826,8.04154599563211
2017-04-28,sz000901,90.46,90.14,90.64,89.15,16491,53108770.0,1.65,-0.35,-0.32,0.51,4.217246991685393,-0.32531703329338324,89.348,89.69533333333334,90.250971400866,4.343623715931237,4.336843013808986,4.355525099310206,91.477,90.45727272727272,91.52853350138066,4.426516744877235,4.378922652450075,4.4253667945346775,93.98400000000001,92.80866666666667,93.66000933720395,4.570710303255351,4.494936812182313,4.511030915544415,95.98166666666667,94.03275268817202,95.11931345386613,4.5962144931356885,4.540989597214794,4.557546956175061,99.31366666666666,97.06738251366119,97.27306862819331,4.652083692041168,4.6076004115987415,4.624368253599959,7.725166243268157
2017-05-02,sz000901,90.49,90.02,90.64,89.06,17589,56615400.0,1.75,-0.13,-0.12,0.54,4.2452411489044595,0.02799415721906673,89.732,89.91933333333333,90.17398093391067,4.309717374093464,4.30404882480006,4.318763782508291,90.964,90.19236363636364,91.25425468294782,4.386513373834733,4.345963453182297,4.392616677147364,93.8455,92.43114285714287,93.31334178127976,4.542626071856387,4.463939749863181,4.485717604435848,95.502,93.64812903225804,94.79032548910058,4.576700343376402,4.518346155651488,4.537398194415668,99.09766666666665,96.76267213114754,97.03526309940008,4.647757535303729,4.594261311823766,4.611937856724698,7.7529345800454506
2017-05-03,sz000901,90.34,89.82,90.69,89.53,22847,73737997.0,1.29,-0.22,-0.2,0.71,4.3588291816933245,0.11358803278886498,89.83,89.94866666666665,90.05598728927379,4.331638645632793,4.320419427333347,4.332118915569969,90.48599999999999,89.98436363636364,90.99348110423003,4.379401694592283,4.340929963702041,4.386473496155721,93.6375,92.04776190476191,92.98064256401501,4.526277757819472,4.446435284133365,4.473632992746084,95.07866666666665,93.28154838709678,94.46965932851346,4.562856497643262,4.504289951671933,4.52587761294971,98.86866666666667,96.45848633879781,96.79869709614107,4.642502895201304,4.584788251049655,4.603639211641701,7.867691336366628
2017-05-04,sz000901,90.2,87.96,90.2,87.96,28332,90217273.0,2.49,-2.07,-1.86,0.88,4.452277233126352,0.09344805143302715,89.67999999999999,89.32533333333332,89.35732485951586,4.363231716077661,4.3606322898312,4.372171688088763,89.951,89.52509090909089,90.4419390852791,4.364452743547876,4.354180061617327,4.398437811968562,93.26950000000001,91.50704761904761,92.50248612934692,4.522070642119403,4.439387615114972,4.471599110877538,94.60033333333332,92.82227956989247,94.04968130731905,4.559862718362301,4.49715580557407,4.521129201348203,98.56933333333333,96.10082513661204,96.5089037487266,4.635980429950446,4.578551344096378,4.598676523821526,7.955289695528803
2017-05-05,sz000901,87.93,83.56,88.33,83.5,38819,119981957.0,5.49,-5.0,-4.4,1.2,4.589044343518195,0.13676711039184308,88.29999999999998,87.28533333333333,87.42488323967724,4.372527779785544,4.435903165644711,4.444462573231907,88.99600000000001,88.3630909090909,89.19067743341016,4.377030605956676,4.395014897975566,4.433093544977586,92.70899999999999,90.58233333333334,91.65082078369484,4.529144028619167,4.445766062867239,4.482784371129029,94.02566666666667,92.11,93.3729276745888,4.557586105252421,4.499038491067998,4.525510823423687,98.22183333333334,95.60871584699456,96.08434952745687,4.632242490105978,4.577012456016632,4.598360714631252,8.079115941343474
2017-05-08,sz000901,83.62,77.79,83.62,77.68,40101,116098308.0,7.11,-6.91,-5.77,1.24,4.603155202771475,0.014110859253280594,85.83,83.782,84.21325549311817,4.44970942200276,4.5127789733066885,4.497360116411763,87.589,86.32563636363636,87.11782699097193,4.396666568966999,4.436128461032803,4.464013846394657,91.812,89.1614761904762,90.33074261381915,4.5266392329570575,4.452814746119839,4.494248259856882,93.33066666666666,91.06253763440859,92.36757750203468,4.552070008636549,4.501978432843421,4.530520138220319,97.75,94.93881967213113,95.48453478885172,4.6279507208075845,4.5760587744646815,4.598517910963719,8.064825890439538
2017-05-09,sz000901,77.68,79.66,80.3,77.33,36760,104701919.0,3.82,2.4,1.87,1.14,4.565375502714073,-0.03777970005740183,83.758,81.72533333333334,82.69550366207878,4.513736292764683,4.551334333543792,4.520031911845867,86.74499999999999,84.884,85.76185844715886,4.411726833429073,4.46680281262318,4.482443238452732,91.00399999999999,88.00414285714285,89.31448141250306,4.5195090715120445,4.456503914668127,4.5010222829861375,92.691,90.18055913978495,91.547733792226,4.5468981455145725,4.5028368518161646,4.532768871413464,97.29433333333333,94.34570491803278,94.96569758265986,4.6226882781800755,4.5740071279698125,4.597431274627665,8.019954641597403
2017-05-10,sz000901,79.42,77.82,80.24,77.74,37205,105536194.0,3.14,-2.31,-1.84,1.15,4.570601308873572,0.005225806159498525,81.35799999999999,79.746,81.07033577471918,4.556090718200734,4.570289338913422,4.536888377521769,85.594,83.26127272727274,84.31788418403906,4.443864681916763,4.495689080885816,4.498471978529248,89.88,86.7485238095238,88.21976889702658,4.493089654985664,4.46136984203589,4.507648856880179,92.01233333333333,89.22113978494625,90.66207354756625,4.549493773836252,4.504366088161907,4.535209673830246,96.84783333333333,93.70720218579237,94.40354356355624,4.618587209301001,4.572299358484353,4.596551603619334,8.023401427963117
2017-05-11,sz000901,77.85,77.04,78.41,74.1,47749,131431580.0,5.54,-1.0,-0.78,1.48,4.6789642806521305,0.10836297177855858,79.174,78.30666666666666,79.72689051647947,4.601428127705889,4.611247193063887,4.584247011898556,84.42699999999999,81.706,82.99463251421378,4.4823299218917745,4.538434462474064,4.531288760733409,88.79249999999999,85.52566666666665,87.15502900207167,4.481941806549458,4.47907218733746,4.523964611525127,91.30499999999999,88.25518279569893,89.78323009288457,4.5543170060655775,4.512719024085511,4.544484164592949,96.39466666666665,93.0577650273224,93.83424705327572,4.617270402638305,4.5742789345942265,4.599253658604016,8.118699728784675
2017-05-12,sz000901,76.92,77.09,78.14,76.57,19295,53736487.0,2.04,0.06,0.05,0.6,4.285444782907415,-0.3935194977447152,77.88000000000001,77.61200000000001,78.84792701098633,4.5407082155837335,4.5059194114643955,4.48464626890151,83.09,80.372,81.9210629661749,4.456617997684639,4.502637164476908,4.486589855674137,87.7015,84.41114285714286,86.19645481139817,4.463313953113901,4.460358185085836,4.501248437371059,90.58766666666666,87.33808602150538,88.96431202237588,4.545130839137629,4.49537242904305,4.527771946419689,95.9675,92.424825136612,93.28525534661094,4.609096243970137,4.563399406078459,4.588964843007406,7.730269271207979
2017-05-15,sz000901,77.12,77.41,78.11,76.89,16442,46003472.0,1.58,0.42,0.32,0.51,4.2159546438691295,-0.06949013903828583,77.804,77.45533333333333,78.36861800732422,4.463268103803264,4.397668220892862,4.395082393890716,81.817,79.33927272727273,81.10086969959764,4.456488762903012,4.458880191055906,4.437383453527772,86.64699999999999,83.431,85.35964959126501,4.441502753890124,4.436800155633953,4.4740775998946845,89.92833333333333,86.48791397849465,88.21887253706132,4.532636456471238,4.474135255154759,4.507654701093847,95.57433333333333,91.81638251366121,92.7647551713122,4.599281696604766,4.550509517550557,4.576735000412708,7.662790610236755
2017-05-16,sz000901,77.33,78.7,78.73,75.11,29625,82399365.0,4.68,1.67,1.29,0.92,4.471658359018161,0.2557037151490311,77.61200000000001,77.75399999999999,78.47907867154947,4.444524675064081,4.40046497263116,4.420607715599864,80.685,78.77254545454545,80.66434793603443,4.479130483914383,4.461638299440479,4.443615254526025,85.8245,82.67414285714285,84.72539724923978,4.432821928874557,4.439672118027101,4.473847196001682,89.45866666666667,85.76350537634409,87.60475172821866,4.521460875875718,4.4702011843513345,4.505332356443803,95.192,91.26312568306011,92.3036156574987,4.597257523125391,4.5463251458264065,4.57328986462928,7.915923864876016
2017-05-17,sz000901,78.52,79.07,80.21,78.11,33542,95787403.0,2.67,0.47,0.37,1.04,4.525588954604824,0.05393059558666291,77.862,78.24,78.67605244769965,4.435522204210332,4.427486399144741,4.455601461934851,79.60999999999999,78.4789090909091,80.37446649311907,4.495806461205532,4.470085294111469,4.458519563631261,85.04799999999999,82.03085714285714,84.18678798740741,4.437604077898907,4.448507072858554,4.478774982535314,88.96166666666666,85.0932688172043,87.05412258446262,4.516120658948159,4.470467512011277,4.506639233744513,94.81233333333333,90.73453551912569,91.86972661954792,4.592761942963317,4.543975356694585,4.571725900366183,7.981308398772639
2017-05-18,sz000901,78.32,77.27,78.84,77.09,26346,73751282.0,2.21,-2.28,-1.8,0.81,4.420714687488031,-0.10487426711679237,77.908,78.04266666666666,78.20736829846643,4.383872285577512,4.4225505602373065,4.443972537119245,78.541,78.05345454545454,79.81001803982468,4.4926502066417004,4.45643224434465,4.451645949787037,84.246,81.29009523809523,83.52804627432099,4.428551475094788,4.4468985594860895,4.473245430626049,88.35999999999999,84.33896774193548,86.422888869336,4.512263830293502,4.464312288046108,4.501095714631193,94.3915,90.15937704918034,91.39104705825126,4.588955178090099,4.538334463072443,4.566774713058702,7.867769573947648
2017-05-19,sz000901,77.33,76.28,77.85,76.22,20759,57438954.0,2.11,-1.28,-0.99,0.64,4.317206428899825,-0.10350825858820656,77.746,77.5,77.56491219897762,4.390224614775994,4.400328608011411,4.401717167712771,77.813,77.64236363636364,79.16819657803838,4.465466415179864,4.424533375664308,4.427202400534816,83.40450000000001,80.53142857142856,82.83775615295707,4.421248510568271,4.436294269372283,4.4583845733187895,87.74366666666667,83.55961290322583,85.76850894228208,4.507918157472732,4.451727939569097,4.489231889745298,93.95416666666667,89.56555737704916,90.89560289240696,4.585126124841395,4.529424668017025,4.558592146364969,7.7592065225266476
2017-05-22,sz000901,76.31,74.47,76.57,74.47,20328,55459930.0,2.75,-2.37,-1.81,0.63,4.308094652042313,-0.009111776857511522,77.158,76.40799999999999,76.53327479931842,4.40865261641063,4.372951953766852,4.370509662489285,77.481,77.03454545454547,78.31397901839503,4.435960360106948,4.395920327821117,4.405546446263452,82.535,79.6805238095238,82.04082699553258,4.416313464536973,4.42551771141743,4.444071247482934,87.035,82.70324731182797,85.0395728814897,4.496412942007021,4.438836100509068,4.477545616345106,93.50716666666666,88.92673224043715,90.35705853527885,4.578946632039858,4.520341668908859,4.550379113764226,7.743979317087625
2017-05-23,sz000901,74.42,69.23,74.62,68.97,38385,99599684.0,7.59,-7.04,-5.24,1.19,4.584161544942867,0.27606689290055364,75.26400000000001,73.76533333333333,74.09884986621228,4.431153253595572,4.431454929944263,4.44172695664048,76.438,75.53436363636364,76.66234646959593,4.437838964329827,4.422865997791285,4.438021918750618,81.5915,78.41338095238095,80.8207482340533,4.42478289887945,4.441503242884658,4.457413180574356,86.14866666666666,81.5545376344086,84.01960043752263,4.492285702451306,4.444497300698479,4.484424063351414,92.99849999999999,88.13075956284153,89.66436809149921,4.57673814152957,4.520512649659777,4.551486734458607,7.998257960539422
2017-05-24,sz000901,68.88,68.45,69.76,66.76,35886,89130320.0,4.33,-1.13,-0.78,1.11,4.554925052795751,-0.02923649214711599,73.14,71.494,72.21589991080819,4.437020473233757,4.472712196344323,4.4794596553589034,75.501,74.08200000000001,75.16919256603303,4.436271338722045,4.444154377512361,4.459277034031551,80.5475,77.16180952380952,79.64258173557204,4.440068010319404,4.45389773373383,4.466700025547823,85.087,80.412688172043,83.01511008671473,4.4741502162311235,4.448538549107798,4.488972514283307,92.454,87.32589071038251,88.96881503931891,4.575815434965165,4.519797466422603,4.551599466207366,7.950025465751249
2017-05-25,sz000901,68.74,68.88,69.67,67.78,43171,107569619.0,2.76,0.63,0.43,1.33,4.63519210863894,0.08026705584318883,71.462,70.07400000000001,71.10393327387213,4.479915957463939,4.53876940814605,4.5313704731189155,74.685,72.87818181818182,74.02570300857248,4.431894121520726,4.480321790224524,4.491261593051076,79.55600000000001,76.05061904761904,78.61757395123185,4.45711202170625,4.472480981192833,4.482746890604119,84.09,79.3670752688172,82.10316750047507,4.465259244873214,4.458928348617979,4.4984060364998,91.94283333333333,86.55297267759562,88.31016536589861,4.5775407955208705,4.521744242608628,4.554340208582172,8.03168963040361
2017-05-26,sz000901,68.82,68.88,69.38,68.48,30835,77024177.0,1.31,0.0,0.0,0.95,4.489043952762324,-0.14614815587661578,69.982,69.21333333333332,70.36262218258142,4.514283462236439,4.541812073245511,4.517261633000052,73.864,71.82272727272728,73.09012064337747,4.452254038506216,4.490712668632088,4.490858385725848,78.477,75.03385714285713,77.69018595587643,4.454436018095428,4.475522117483888,4.4833466108096625,83.08899999999998,78.38578494623656,81.25005991979926,4.459627314911339,4.460462845901148,4.497802031097382,91.4215,85.79681420765026,87.673110763738,4.579556203756659,4.518842706780479,4.55219934773562,7.886627066596013
2017-05-31,sz000901,69.81,68.94,70.34,68.94,26573,67007250.0,2.03,0.09,0.06,0.82,4.424440587526477,-0.06460336523584687,68.876,68.866,69.88841478838762,4.537552649333271,4.511864448342191,4.48632128450886,73.017,70.92745454545455,72.33555325367247,4.473102632871951,4.485655677544862,4.478782422416871,77.417,74.12557142857142,76.85683491245962,4.464795697887482,4.472665409810654,4.477736513354121,82.10366666666665,77.47294623655914,80.45586250561867,4.452036046884066,4.458192734456963,4.493069034737968,90.87933333333334,85.05971584699454,87.05891041082855,4.574365975349893,4.5137569488712925,4.548010535925484,7.826121794710541
2017-06-01,sz000901,68.85,65.45,68.85,65.33,31991,77937394.0,5.11,-5.06,-3.49,0.99,4.505027815816963,0.08058722829048648,68.11999999999999,67.72399999999999,68.40894319225842,4.521725903508091,4.501022837170088,4.492556794944895,71.692,69.55163636363636,71.08363448027748,4.476439578551831,4.491460256262137,4.483554312125978,76.1885,72.98585714285716,75.77046968270156,4.477785031233107,4.476497040089653,4.480335685017248,81.11366666666667,76.39851612903226,79.48774234396585,4.447361145433649,4.461611558259086,4.493840569001129,90.30133333333333,84.22596721311477,86.35042154489973,4.573711790010644,4.511483566591525,4.546601266413729,7.891745880153859
2017-06-02,sz000901,64.95,67.95,68.62,64.4,30911,74986717.0,6.45,3.82,2.5,0.96,4.490113055126614,-0.014914760690349027,68.02,67.66733333333333,68.25596212817229,4.508763503974263,4.490485221042929,4.491742215005469,70.58000000000001,68.87127272727272,70.51388275659066,4.47289198860401,4.493946342912098,4.484746810853366,75.095,72.2012380952381,75.0256630462538,4.484349224904771,4.47767113760332,4.481266863122903,80.22533333333332,75.54924731182795,78.74337187016161,4.449366714800608,4.464369745981212,4.493600084235032,89.718,83.49313661202184,85.74712903523088,4.5656203106551665,4.50874262446418,4.544749193912512,7.874984340131646
2017-06-05,sz000901,68.15,69.47,70.05,68.15,34692,87101488.0,2.8,2.24,1.52,1.07,4.540229337718283,0.05011628259166834,68.138,68.15066666666668,68.66064141878152,4.489770949790133,4.500973832290936,4.507904589243074,69.8,68.66945454545456,70.32408589175598,4.484843453627036,4.506189497296511,4.494834543010623,74.17049999999999,71.6655238095238,74.49655227994391,4.488746830134368,4.482993053109369,4.486882336893892,79.43066666666665,74.85535483870967,78.14508981402216,4.4473154679388704,4.470231850685579,4.496608423169436,89.1415,82.82926775956284,85.21345267342002,4.559828355128508,4.507910133548216,4.544601001906144,7.940025574349444
2017-06-06,sz000901,69.0,70.16,70.89,69.0,33360,84985138.0,2.72,0.99,0.69,1.03,4.523226041965701,-0.017003295752581415,68.39399999999999,68.82466666666666,69.16042761252102,4.496607367630807,4.512125529682792,4.513011740150617,69.188,68.7349090909091,70.29425209325488,4.505445414933623,4.513168149721722,4.499996633729728,73.5005,71.28357142857142,74.08354730090163,4.485455915056743,4.486276787569495,4.490343642138826,78.66566666666668,74.25724731182797,77.62992272924654,4.4493141453567215,4.475129307074407,4.498325688898227,88.59249999999999,82.20692349726777,84.71989684806199,4.556299593059822,4.506710057706813,4.543900183547441,7.929342983962179
2017-06-07,sz000901,69.96,71.24,71.71,69.9,46983,120692014.0,2.58,1.54,1.08,1.45,4.671940744281698,0.14871470231599648,68.854,69.77333333333333,69.85361840834734,4.546107398981851,4.570569988566422,4.565988074860978,68.86500000000001,69.108,70.46620625811762,4.541830024157562,4.543440027785008,4.531259199284631,73.173,71.06828571428572,73.81273327224433,4.488895192132254,4.504037247495681,4.5076386042476715,77.97833333333332,73.77817204301076,77.21766964994032,4.458152317743837,4.489492313456663,4.50952666021329,88.0445,81.63798907103826,84.27793301697798,4.552030464470102,4.510501570861629,4.548098234719056,8.081678534467896
2017-06-08,sz000901,71.33,70.69,71.97,70.25,39841,102301334.0,2.41,-0.77,-0.55,1.23,4.600330230580766,-0.07161051370093219,69.902,70.38533333333334,70.13241227223156,4.565167881934612,4.588644265766061,4.577435460100908,69.011,69.43981818181818,70.50689602936896,4.543446892721351,4.554076428952865,4.543817568611201,72.7245,70.83180952380951,73.51533010345915,4.49064292852559,4.514650108300302,4.516466378184156,77.398,73.3079569892473,76.79652967252483,4.464337563493418,4.498665082026788,4.515384955075708,87.52516666666666,81.06898907103825,83.83242701642132,4.550632954153778,4.5120851697505024,4.549810759173538,8.009881296909242
2017-06-09,sz000901,70.4,70.51,70.95,69.76,30625,78008918.0,1.68,-0.25,-0.18,0.95,4.486076097372589,-0.11425413320817679,70.414,70.588,70.25827484815439,4.564360490383807,4.562280337578719,4.5469823391914685,69.217,69.71236363636363,70.50746038766552,4.536561997179036,4.54364537525309,4.533319119295089,72.35900000000001,70.62090476190475,73.229108188844,4.48641666795054,4.514215172000016,4.513572065725913,76.77066666666666,72.86356989247312,76.3909471130071,4.472232672605947,4.500067568083507,4.513494061030346,87.01883333333333,80.51111475409836,83.39562613063701,4.550027035919418,4.5099685514953824,4.547721098130884,7.892144254187889
2017-06-12,sz000901,69.96,68.62,70.34,68.53,37728,94730788.0,2.57,-2.68,-1.89,1.17,4.576663783414995,0.09058768604240619,70.244,69.99,69.71218323210293,4.571647379523149,4.566381435255781,4.556876153932644,69.191,69.60381818181818,70.16428577172633,4.530709164656641,4.5509366091141725,4.5411999673168895,71.938,70.26480952380953,72.7901455041922,4.481301643088683,4.522810135377583,4.51958080074392,76.10100000000001,72.33772043010752,75.88959568636149,4.481644402689714,4.5068050591034465,4.517569526990647,86.46316666666667,79.90787431693988,82.91117937225548,4.550988746235506,4.510841887478843,4.548670038632002,7.9764911499160664
2017-06-13,sz000901,68.62,69.52,69.67,68.15,28934,72684176.0,2.22,1.31,0.9,0.89,4.461408477126843,-0.11525530628815162,70.11600000000001,69.74866666666667,69.64812215473529,4.559283866555378,4.5296351344570125,4.525053594997377,69.255,69.66363636363636,70.04714290413972,4.527945617093094,4.538336484108755,4.526692423645971,71.55949999999999,70.0345238095238,72.4787030752215,4.490099827799655,4.5209155481431225,4.514040579447056,75.403,71.91313978494622,75.47865402917688,4.478939217761316,4.5054995155187445,4.513946233451047,85.89283333333334,79.3523606557377,82.47212431087004,4.544811513614743,4.50790482947528,4.545809003828555,7.861439871328012
2017-06-14,sz000901,69.76,74.47,76.86,69.67,111937,298348912.0,10.34,7.12,4.95,3.46,5.048973663291591,0.5875651861647473,70.762,71.2,71.25541476982353,4.634690450357357,4.692865066702418,4.699693617762115,69.808,70.61181818181818,70.85129873975067,4.590398924669604,4.633068856144845,4.621652649036084,71.4125,70.31171428571427,72.66835040139088,4.531750778770777,4.574141627713783,4.56498658743225,74.88066666666666,71.85294623655915,75.41357957568161,4.5066634401481895,4.542275931359408,4.548464132150437,85.43116666666667,78.97784153005465,82.20975957936611,4.551438966641939,4.524434736022063,4.562306205778162,8.474724458425273
2017-06-15,sz000901,74.24,74.44,76.08,73.11,95879,258291386.0,3.99,-0.04,-0.03,2.96,4.981723495775189,-0.06725016751640212,71.512,72.426,72.31694317988236,4.710969103396241,4.808542748508361,4.793703577099807,70.707,71.45400000000001,71.50378987797782,4.638068492665427,4.7042187781640425,4.687120075715921,71.1995,70.60004761904763,72.83707893459176,4.557254035608629,4.616996172190393,4.6046758167982444,74.36133333333332,71.82451612903226,75.35076799015376,4.531212851710547,4.572924967206311,4.576416349158486,84.93166666666667,78.61747540983606,81.95501336364919,4.553956597543475,4.538542425501841,4.576057592335441,8.412109922723655
2017-06-16,sz000901,73.89,75.32,75.93,73.37,60679,163726760.0,3.44,1.18,0.88,1.87,4.783038414928462,-0.19868508084672687,72.474,73.69533333333332,73.31796211992157,4.770361566907416,4.832565852352435,4.790148523042692,71.44399999999999,72.29272727272728,72.19764626380002,4.667361028645612,4.730576945848231,4.704559773754564,71.012,70.9924761904762,73.07354760748778,4.570126508624812,4.63849944641133,4.621662730905884,73.878,71.88636559139785,75.34878295853093,4.545353159485051,4.589171777736499,4.589746805014613,84.47833333333332,78.3023387978142,81.73747194189019,4.554104828564157,4.546053304760365,4.5828438488139,8.214119667625376
2017-06-19,sz000901,74.82,76.69,78.11,74.82,71303,197862969.0,4.37,1.82,1.37,2.2,4.853107802727554,0.07006938779909255,74.088,75.10066666666667,74.44197474661439,4.825650370769927,4.860147930959147,4.8111349496043125,72.16600000000001,73.24654545454545,73.01443785220002,4.698648875146539,4.764349086590403,4.731568506295107,70.983,71.53323809523809,73.4179716448699,4.591746164386787,4.665450045849687,4.643705118698423,73.50233333333334,72.06778494623656,75.43531309023862,4.558714178471758,4.60902691601021,4.606737837125126,84.05133333333333,78.04698360655736,81.57198105854954,4.55928844841703,4.555856680962444,4.59170496205697,8.296364521524179
2017-06-20,sz000901,76.77,76.95,77.62,76.25,49156,136130686.0,1.79,0.34,0.26,1.52,4.691576535552783,-0.1615312671747713,75.57399999999998,76.05466666666666,75.27798316440959,4.8716839824551155,4.815456652553433,4.77128214492047,72.845,74.11636363636364,73.72999460634546,4.715483924505247,4.763063206664265,4.724297238887412,71.0165,72.10152380952381,73.75435529773942,4.610464669719436,4.6749577002464475,4.648264301255981,73.282,72.29021505376343,75.53303482635226,4.562131918206245,4.617598680983179,4.612211301539814,83.65383333333334,77.81415300546449,81.42044069597414,4.5598590117293325,4.560193995294764,4.5949794398765045,8.133956033052916
2017-06-21,sz000901,77.59,75.99,77.62,74.5,63343,173760743.0,4.05,-1.25,-0.96,1.96,4.801698628227434,0.11012209267465067,75.878,76.19333333333334,75.51532210960639,4.822228975442284,4.792128201144205,4.781420972689458,73.32000000000001,74.68818181818183,74.14090467791901,4.72845971289982,4.778738607341026,4.7383702187674155,71.0925,72.57519047619047,73.96727384081186,4.635144868528691,4.6931704581995906,4.662877094300881,73.22200000000001,72.46492473118279,75.56251645045857,4.56875003238811,4.633054597758738,4.62443629035837,83.27633333333333,77.56287978142078,81.24239346004056,4.56041002051233,4.568123163048799,4.601757118183092,8.239951664953585
2017-06-22,sz000901,75.78,73.92,75.84,73.86,40777,110281344.0,2.61,-2.72,-2.07,1.26,4.610415271187788,-0.19128335703964527,75.774,75.54066666666668,74.98354807307092,4.747967330524804,4.721523633059373,4.724419072188901,73.643,74.79727272727271,74.10074019102464,4.729468216960522,4.7572759815752015,4.715105682843847,71.327,72.84447619047619,73.96277157025835,4.636457554840937,4.6908152584528375,4.657880730194872,73.03066666666665,72.5099569892473,75.45654764720318,4.570251358003901,4.635742677681299,4.623531708476397,82.86083333333335,77.25611475409836,81.00231498594087,4.558574751759236,4.569762679464389,4.602040992052098,8.042502050217804
2017-06-23,sz000901,74.24,75.41,75.78,72.17,47583,127448466.0,4.88,2.02,1.49,1.47,4.677451819844436,0.06703654865664799,75.792,75.41933333333333,75.12569871538062,4.726850011507999,4.698018462832583,4.708763321407413,74.13300000000001,75.11854545454547,74.33878742902016,4.748605789207707,4.747818454826822,4.708259525934863,71.675,73.23333333333333,74.10060284928137,4.642583893193371,4.6947194741674565,4.659744643494831,72.95033333333335,72.6634623655914,75.45354457319007,4.5738130417029295,4.642658836509721,4.6270104253388515,82.48133333333334,77.01182513661202,80.81896039623788,4.561653407769591,4.573660288254068,4.604513478209224,8.105334612565235
2017-06-26,sz000901,75.03,75.9,75.9,74.91,41864,114011201.0,1.31,0.65,0.49,1.29,4.621840721731608,-0.05561109811282794,75.634,75.45533333333333,75.38379914358708,4.68059659530881,4.663015366240454,4.679789121515478,74.861,75.4398181818182,74.62264426010739,4.753123483039369,4.724770260740259,4.692547016079725,72.026,73.63571428571429,74.27197400649267,4.6419163238480055,4.692743934028241,4.656134746184048,72.91233333333335,72.85376344086022,75.48234814911329,4.571908923072245,4.645757396511571,4.626676896073868,82.10866666666666,76.79604371584698,80.65768300619729,4.563112964568911,4.5756336428102,4.60508158455422,8.056947520577934
2017-06-27,sz000901,75.73,76.1,77.33,75.52,44680,123290203.0,2.38,0.26,0.2,1.38,4.650113164443572,0.028272442711963386,75.464,75.61066666666666,75.62253276239139,4.672303921086967,4.652854222618708,4.669897135824843,75.519,75.6650909090909,74.89125439463331,4.771993951771042,4.70604111190466,4.684831770327697,72.387,74.02371428571428,74.44607172016003,4.649969784432067,4.693524585513534,4.655561262208764,72.87933333333334,73.05941935483871,75.52219665562211,4.584064535790117,4.650802831438754,4.628188913388042,81.7335,76.59903825136611,80.5082507764859,4.564597687463873,4.57848610837986,4.606558029796495,8.090928567657503
2017-06-28,sz000901,75.93,75.03,75.93,74.33,34508,93352164.0,2.1,-1.41,-1.07,1.07,4.5379197893658425,-0.11219337507772931,75.272,75.466,75.42502184159426,4.619548153314649,4.608059512044999,4.6259046870051765,75.575,75.57618181818182,74.91648086833634,4.720888564378467,4.663482173285533,4.658120501061905,72.69149999999999,74.27542857142858,74.50168393728765,4.655643744524036,4.682853157411988,4.6443573124142,72.8,73.19817204301076,75.49044203267876,4.594796707306674,4.647825751024285,4.622365098934997,81.36416666666666,76.3792513661202,80.32863599692897,4.563716581888955,4.577611423196318,4.6043075956840145,7.970124389798389
2017-06-29,sz000901,75.03,75.09,75.43,74.47,27638,74842464.0,1.28,0.08,0.06,0.85,4.4415066124941145,-0.09641317687172801,75.506,75.40533333333333,75.31334789439617,4.585766421575914,4.548712331771488,4.564438662168156,75.64,75.488,74.94802980136609,4.666866876050359,4.612685454761105,4.618736157685943,73.1735,74.50385714285713,74.55771403849835,4.652467684357893,4.66245914483771,4.625038198136097,72.67966666666666,73.34591397849461,75.46460706282852,4.593791649089207,4.637936067487988,4.610696809487199,81.06916666666666,76.17354098360656,80.1568774396526,4.557626262482462,4.573604538953864,4.598969858530247,7.874148077117497
2017-06-30,sz000901,74.71,75.23,75.29,74.47,23800,64391319.0,1.09,0.19,0.14,0.74,4.376576957056512,-0.06492965543760221,75.47,75.31333333333333,75.28556526293079,4.52559144901833,4.478982510265021,4.501818093797608,75.631,75.41345454545454,74.99929711020862,4.626220730263165,4.559905469489497,4.574707212116955,73.5375,74.6997142857143,74.62174127292707,4.646790879454388,4.636183837475674,4.601375222795184,72.55166666666668,73.51045161290322,75.4494711232912,4.5888245825042615,4.623922216389106,4.595592302878768,80.75666666666667,75.98209289617485,79.9953404744181,4.552472620726211,4.567668496153014,4.591678287990125,7.808827321326859
2017-07-03,sz000901,74.79,74.91,75.11,74.39,26701,72014207.0,0.96,-0.43,-0.32,0.83,4.426527526770914,0.049950569714401816,75.272,75.12666666666668,75.16037684195386,4.486528810026192,4.445961202849215,4.476721238122044,75.453,75.28236363636363,74.98306127198886,4.583562702667501,4.523597614309088,4.547765451144947,73.8095,74.83042857142857,74.64919448502924,4.641105788907019,4.615206375315343,4.584723061269063,72.473,73.66260215053764,75.41466653469178,4.589018343813692,4.613451438599858,4.584684897968585,80.4165,75.79039890710382,79.82860799984701,4.550641087053597,4.563539148810217,4.586263508933757,7.857418182723655
2017-07-04,sz000901,74.91,77.24,77.24,74.47,77983,214053521.0,3.7,3.11,2.33,2.41,4.8919999384485875,0.4654724116776734,75.5,75.78266666666667,75.85358456130257,4.534906164827194,4.581118245656681,4.615147471564226,75.482,75.60727272727274,75.39341376799088,4.6036050429570805,4.57967711172383,4.610353539745609,74.1635,75.15714285714286,74.89593786740741,4.659544483731164,4.639101056224064,4.613987525762351,72.50500000000001,73.9701505376344,75.53242998406651,4.608178127465317,4.632998638253722,4.604511674773747,80.12433333333334,75.68625136612022,79.7437356064094,4.5580481424690245,4.574731242298577,4.596287654163751,8.330522376007254
2017-07-05,sz000901,76.95,78.9,79.6,76.77,105113,296488304.0,3.66,2.15,1.66,3.25,5.021656431338636,0.12965649289004855,76.274,76.916,76.86905637420172,4.631653493221753,4.743368334493827,4.750650458155697,75.773,76.22872727272727,76.03097490108344,4.6256008232682015,4.655686455065932,4.685135883671613,74.54650000000001,75.60823809523808,75.27727711813053,4.677030268084011,4.673587908377156,4.652813135817235,72.65266666666668,74.3827311827957,75.74969256573965,4.631963520108528,4.659674657858453,4.631424239713417,79.84383333333332,75.64610928961748,79.71607214390417,4.5641882310577735,4.589931514064793,4.610234171448173,8.47200756579995
2017-07-06,sz000901,78.55,79.4,79.4,77.36,59406,167980625.0,2.59,0.63,0.5,1.84,4.773830310895266,-0.24782612044336982,77.136,77.958,77.71270424946782,4.698118232901984,4.7907606070516655,4.758377075735554,76.321,76.88818181818182,76.64352491906826,4.641942327238949,4.682637270998125,4.701262143166822,74.982,76.07047619047619,75.66991739259429,4.685705272099736,4.682806960073465,4.664338581062761,72.99166666666666,74.81804301075269,75.98519627117581,4.6382858123069415,4.668827354038242,4.640611728176762,79.57016666666667,75.63155737704916,79.70570912279257,4.565285757379123,4.596805024879137,4.615597979298898,8.225259192792334
2017-07-07,sz000901,78.84,80.47,82.19,78.58,89315,258259546.0,4.55,1.35,1.07,2.76,4.950924402563421,0.17709409166815515,78.184,79.06933333333333,78.63180283297855,4.812987722003365,4.875029330272144,4.82255951801151,76.827,77.64254545454546,77.33924766105584,4.669289585510848,4.738815830148029,4.74665528123893,75.47999999999999,76.59314285714287,76.12706811710912,4.708947687359277,4.708065924879532,4.691632468824729,73.39233333333333,75.30051612903226,76.27453844722898,4.651485790632531,4.6889975856676935,4.660631900717838,79.23966666666665,75.66106010928961,79.73076784007804,4.562818003431827,4.6094489148851805,4.62659228825839,8.412056383235234
2017-07-10,sz000901,82.51,79.89,84.05,79.48,119652,349586816.0,5.68,-0.72,-0.58,3.7,5.077919962303443,0.1269955597400214,79.17999999999999,79.63799999999999,79.05120188865237,4.94326620910987,4.963340077038837,4.907679666108821,77.226,78.19945454545453,77.80302081359113,4.714897509568031,4.813112262292137,4.80688522325066,76.04350000000001,77.01314285714285,76.48544258214633,4.734010496303699,4.74320614154088,4.72842175391794,73.75933333333333,75.7197204301075,76.50779403127872,4.66624338575468,4.716509467710978,4.687553711142716,78.92466666666665,75.6823825136612,79.73598856663287,4.565751315313947,4.6263375037006425,4.641389916915604,8.543555045683144
2017-07-11,sz000901,79.16,79.45,81.08,78.61,65749,188436200.0,3.09,-0.55,-0.44,2.03,4.817889151872296,-0.2600308104311466,79.622,79.72800000000001,79.18413459243493,4.928444051794613,4.921547724626312,4.877749494696646,77.561,78.60381818181818,78.10247157475638,4.731675108310903,4.831838015438367,4.808885937545503,76.54,77.33757142857142,76.76778138384668,4.751834530040973,4.751194584928365,4.7369424584850215,74.11166666666668,76.08686021505376,76.69761377119623,4.67720489239168,4.726293065525017,4.695962449254302,78.60033333333332,75.69960655737705,79.72661189231704,4.56841610365151,4.6346043180140315,4.647176777078118,8.275164337682142
2017-07-12,sz000901,78.93,77.74,79.45,75.67,61114,170683907.0,4.76,-2.15,-1.71,1.89,4.786140709854272,-0.03174844201802429,79.39,79.10066666666667,78.70275639495662,4.88134090749774,4.874113277312865,4.847213233082521,77.832,78.63636363636364,78.0365676520734,4.756497200359746,4.841740852082617,4.804750441601642,76.7035,77.45185714285714,76.86037363300414,4.738692882369106,4.75446184014868,4.741628006234474,74.405,76.32094623655914,76.7648644956352,4.68926156313594,4.733321182780668,4.7017804015510745,78.25433333333334,75.67139890710381,79.66147707617549,4.570648805010003,4.641742829692811,4.6517329715953695,8.232192575417182
2017-07-13,sz000901,77.79,80.85,80.88,77.79,86846,249097925.0,3.97,4.0,3.11,2.68,4.938749820273815,0.15260911041954284,79.67999999999999,79.58733333333333,79.41850426330441,4.914324809373449,4.893249581571556,4.877725428812953,78.40799999999999,79.1850909090909,78.54810080624186,4.806221521137717,4.874877692066992,4.829113964996583,77.024,77.8467619047619,77.24033804890851,4.7365441985940375,4.773514881853889,4.760401512333458,74.91833333333332,76.73675268817203,77.02842162494906,4.7037189632845005,4.749417199370209,4.7170687511460905,78.016,75.75650273224043,79.70044504089104,4.575540054359076,4.653811715439166,4.66114336007663,8.396370109853635
2017-07-14,sz000901,80.53,80.01,81.05,79.37,66303,191431904.0,2.08,-1.04,-0.84,2.05,4.821533179294209,-0.11721664097960538,79.588,79.69733333333333,79.61566950886962,4.888446564719607,4.86231903821181,4.858994678973373,78.886,79.47636363636364,78.81390065965243,4.850717143361487,4.877661629913627,4.827735640323423,77.2585,78.13114285714285,77.5041153775839,4.738468936812325,4.781609070492002,4.766223575853529,75.32033333333334,77.06524731182796,77.22078152011363,4.714766300756754,4.757018116532125,4.723808391671776,77.77283333333334,75.82187978142078,79.71059438381265,4.5820665077786815,4.661877063797694,4.666402042673927,8.28201431889793
2017-07-17,sz000901,81.08,74.07,81.08,71.85,93202,257358108.0,11.54,-7.42,-5.94,2.88,4.969425231878062,0.14789205258385252,78.424,77.85799999999999,77.76711300591307,4.866747618634531,4.889311927264629,4.895804863274936,78.80199999999999,78.60072727272727,77.95137326698836,4.905006913872201,4.899244918734823,4.8534973842424485,77.1275,77.82747619047619,77.17705677019495,4.7442848082698506,4.80360490811731,4.785576114522533,75.47366666666667,76.98458064516127,77.01750529300953,4.72907283056208,4.773447724991564,4.73965463942702,77.45216666666667,75.70047540983606,79.5256568630319,4.588194149250475,4.674577349833739,4.67633722920521,8.410537855135987
2017-07-18,sz000901,73.37,75.2,75.41,73.02,40383,108624801.0,3.23,1.53,1.13,1.25,4.606198578972399,-0.3632266529056629,77.574,76.78333333333333,76.91140867060872,4.824409504054551,4.802462247377251,4.79926943517409,78.598,77.94581818181817,77.45112358208138,4.876426777924582,4.844916130571222,4.8085339651024395,77.03999999999999,77.64390476190476,76.988765649224,4.740015910440831,4.79045383866041,4.768492539708235,75.64166666666667,76.9669247311828,76.90024688700893,4.731838581795637,4.765520353921262,4.731044571010592,77.15366666666665,75.62663387978141,79.38383204785052,4.5905763635761785,4.67516765900495,4.674037601328724,8.035928993832501
2017-07-19,sz000901,75.2,76.8,77.09,74.21,51401,140868157.0,3.83,2.13,1.6,1.59,4.710971568222072,0.10477298924967293,77.386,76.52533333333334,76.87427244707249,4.809375675728111,4.764649602099758,4.7698368128567505,78.388,77.61890909090911,77.3327374762484,4.845358291612926,4.814833365170766,4.790795347487827,77.0805,77.62104761904762,76.97078796834553,4.735479557440564,4.787687710830052,4.763014351947647,75.827,77.04165591397849,76.89377934591158,4.733139609260316,4.7641740949810325,4.729749538572624,76.90266666666666,75.61503825136612,79.29911624300296,4.5956459635020765,4.679115042763832,4.675248551062931,8.148812832696956
2017-07-20,sz000901,76.66,79.83,80.15,76.4,71582,202989825.0,4.88,3.95,3.03,2.21,4.854803828404775,0.14383226018270356,77.182,77.33999999999999,77.859514964715,4.792586477354304,4.779792319658646,4.79815915137276,78.431,77.88109090909091,77.78678520783959,4.853455643363876,4.816550735496556,4.80243325310909,77.376,77.88290476190477,77.24309387612216,4.747698985301413,4.799051927112357,4.771756206848326,76.13166666666666,77.29991397849462,77.08321293649794,4.741622062521116,4.772023399441965,4.737817557271472,76.76483333333333,75.71101639344262,79.31652226782253,4.602979813007267,4.68761202194097,4.681135609336434,8.307474269159012
2017-07-21,sz000901,79.34,79.57,80.71,78.78,66100,189826800.0,2.42,-0.33,-0.26,2.04,4.820201459485641,-0.03460236891913482,77.094,78.136,78.42967664314334,4.7923201333925896,4.788997313702426,4.805506587410387,78.341,78.08818181818181,78.11100607914148,4.840383349056099,4.810504520245969,4.805663836086644,77.584,78.09185714285715,77.46470398315813,4.754836467283473,4.805956924653713,4.776370040432832,76.43366666666665,77.52174193548387,77.24365081156259,4.752759574591551,4.777093037955805,4.7431326477369025,76.60216666666666,75.80298907103825,79.32483301313982,4.61249612359875,4.694734043136982,4.6856951454069,8.278357526692249
2017-07-24,sz000901,79.57,82.39,83.15,78.81,103122,301057168.0,5.45,3.54,2.82,3.19,5.013351327352918,0.1931498678672776,78.758,79.90133333333333,79.74978442876223,4.8011053524875615,4.862674378355868,4.874788167391231,78.591,78.82436363636363,78.88900497384302,4.8339264855610455,4.841953243572663,4.843425198135058,77.90849999999999,78.54957142857143,77.93377979428593,4.774411997564538,4.83057738751747,4.7989396868061736,76.89266666666666,77.90602150537633,77.57567333984888,4.767315826056149,4.793905409101701,4.760566110937936,76.49683333333333,75.99275409836065,79.42533029139753,4.624480114372931,4.707876836702692,4.696437971044475,8.478648971970957
2017-07-25,sz000901,83.15,81.43,83.44,80.68,76345,224490573.0,3.35,-1.17,-0.96,2.36,4.882780599434153,-0.1305707279187649,80.00399999999999,80.792,80.30985628584149,4.856421756579912,4.889899460671399,4.8774523114055395,78.789,79.34054545454546,79.35100406950792,4.840415630317231,4.85083580973141,4.850580725643984,78.175,78.88495238095238,78.26675314721108,4.786045369314068,4.840898206743147,4.8069245356278865,77.28966666666666,78.19875268817204,77.82433957598766,4.781361563466392,4.801354749319636,4.768450916647369,76.34633333333333,76.15449726775955,79.49105716708942,4.630150390613855,4.716345705065355,4.702547565417906,8.351198108457199
2017-07-26,sz000901,81.23,81.58,82.13,80.06,69014,201341644.0,2.54,0.18,0.15,2.13,4.838937199519951,-0.04384339991420205,80.96,81.31733333333334,80.73323752389433,4.882014882839488,4.884071274984746,4.86461394077701,79.173,79.848,79.7562760568701,4.8456952792838,4.8505670041319044,4.848463720894159,78.5025,79.20923809523809,78.5823004665243,4.8010962398217725,4.845935523905612,4.8099733607604644,77.52666666666667,78.47554838709677,78.0666402485046,4.774360348007337,4.8050693064843815,4.772998418768181,76.20366666666668,76.32609289617487,79.5595470960373,4.640511894077763,4.723191174209819,4.7070193566999405,8.303933610402384
2017-07-27,sz000901,81.23,82.19,82.54,79.69,80734,235923390.0,3.49,0.75,0.61,2.49,4.9070564703193185,0.0681192707993672,81.43199999999999,81.72733333333333,81.21882501592955,4.892465411222396,4.892418470811355,4.878761450624447,79.307,80.39654545454545,80.19877131925735,4.84252594428835,4.861723584320179,4.85911694806237,78.85749999999999,79.56042857142859,78.9258908982839,4.824373732713033,4.856026974429188,4.819219371194642,77.78500000000001,78.77640860215054,78.33266345827849,4.771871447158808,4.813630346633542,4.781647325319868,76.07316666666665,76.52236612021858,79.64579145354428,4.651542149434678,4.731930340643967,4.7135779505891,8.372770999996929
2017-07-28,sz000901,81.75,80.3,81.84,80.27,55640,162063350.0,1.91,-2.3,-1.89,1.72,4.745387121320009,-0.1616693489993093,81.578,81.35,80.91255001061971,4.87750254358927,4.843392374177227,4.834303340856302,79.336,80.5770909090909,80.21717653393782,4.8349113384909295,4.84406198014412,4.838438797745577,79.111,79.69780952380952,79.05675843178066,4.842814240926208,4.848504440010805,4.812187728349438,77.951,78.93866666666668,78.45958839645408,4.770616404038527,4.811921680450394,4.779307957319878,75.9145,76.66095081967212,79.6672409140838,4.6579847817617885,4.735007224968076,4.714620874219621,8.209684811934277
2017-07-31,sz000901,80.88,78.93,80.97,78.78,56449,161218407.0,2.73,-1.71,-1.37,1.74,4.751656252756493,0.006269131436483555,80.886,80.46733333333333,80.25170000707982,4.825163528669985,4.8014436105663005,4.806754311489699,79.822,80.50327272727272,79.98314443685821,4.813134440578773,4.8289246918287665,4.822660153202107,79.312,79.68057142857144,79.04468620018251,4.859070677225487,4.839822726851785,4.806422825912016,78.02566666666667,79.00182795698925,78.48993753216672,4.767234685706159,4.810698444883811,4.777523976380305,75.764,76.75981967213114,79.64306908083515,4.662974432088959,4.738078420738395,4.7158351489257475,8.207414625571758
2017-08-01,sz000901,78.99,77.82,80.01,77.39,58143,164672803.0,3.32,-1.41,-1.11,1.8,4.764497436272261,0.012841183515768684,80.164,79.44533333333332,79.44113333805322,4.801506896037607,4.78122157976706,4.79266868641722,80.08399999999999,80.13927272727273,79.58984544833854,4.828964326308759,4.820081600136674,4.8120851137603164,79.341,79.53847619047617,78.92804941921275,4.85269555211667,4.8308157515229055,4.802429931660611,78.05466666666666,78.98855913978495,78.4467157558979,4.769665382396807,4.81052184814614,4.776683554437851,75.66833333333332,76.82722950819674,79.58329632408646,4.665898650301527,4.741407043826372,4.717430633756781,8.216621877965432
2017-08-02,sz000901,77.76,75.11,78.52,75.0,73345,202046132.0,4.52,-3.48,-2.71,2.27,4.865370512911087,0.10087307663882594,78.87,77.76066666666667,77.99742222536882,4.8067935587158335,4.80250945205822,4.816902628581842,79.91499999999999,79.2349090909091,78.77532809409516,4.84440422077766,4.8267009067916415,4.821773368151366,79.1515,79.1355238095238,78.56442566500202,4.8448812561952925,4.832022890646184,4.808424272732085,78.02533333333332,78.7985806451613,78.23144377164643,4.7717877785529295,4.816696372695449,4.78240529369419,75.62366666666667,76.80892349726777,79.43663087083773,4.67026890547052,4.747947104895537,4.722281121597906,8.305450540662678
2017-08-03,sz000901,75.23,75.76,76.48,74.5,42813,116841381.0,2.64,0.87,0.65,1.32,4.631575660859227,-0.23379485205186068,77.58399999999999,76.72399999999999,77.25161481691255,4.751697396823815,4.744103486106017,4.755126972674304,79.508,78.47945454545454,78.22708662244149,4.822081404023106,4.788004804988291,4.787191966825522,78.96950000000001,78.81252380952381,78.2973375064304,4.837768523693491,4.811708072042748,4.791581547791813,78.08666666666667,78.6524301075269,78.07199578637892,4.77249312487531,4.807650429618436,4.7726743496403214,75.55866666666665,76.81339344262295,79.31608559638403,4.671372241439605,4.746678473924676,4.7193071720654896,8.067596681450564
2017-08-04,sz000901,75.11,80.59,82.51,75.06,154581,444345696.0,9.83,6.38,4.83,4.78,5.189156112465558,0.5575804516063316,77.64200000000001,77.72600000000001,78.36440987794171,4.840451195052926,4.889923057986597,4.899803352604723,79.61,78.67618181818183,78.65670723654304,4.858976869321098,4.854745661068736,4.860276356941892,78.9755,78.96685714285715,78.5156863153418,4.849680109188599,4.845173556687707,4.829445792046455,78.25933333333333,78.81393548387096,78.23444767112868,4.789549934629347,4.834531912688773,4.799544140790337,75.60483333333333,76.97835519125682,79.35785328174849,4.681681488166138,4.763654994286182,4.734712055357295,8.64772097788225
2017-08-07,sz000901,80.59,79.69,80.97,79.07,67081,192497673.0,2.36,-1.12,-0.9,2.07,4.826599528162504,-0.3625565843030545,77.79400000000001,78.40866666666668,78.80627325196114,4.855439850134127,4.885305835689791,4.87540207779065,79.34,78.69072727272727,78.84457864808066,4.840301689402056,4.848858871767175,4.854153297163821,78.96549999999999,79.03490476190476,78.62752571388067,4.8371140874815515,4.842975406113793,4.829174719295603,78.38566666666665,78.90623655913977,78.32835427299135,4.796375228177045,4.836922209045752,4.801289649653057,75.64900000000002,77.11229508196722,79.3687433380846,4.684142075624645,4.768406405433605,4.737724759383695,8.284425483925727
2017-08-08,sz000901,79.13,80.3,81.4,77.91,88359,254020179.0,4.38,0.77,0.61,2.73,4.94625079211407,0.11965126395156656,78.29,79.24399999999999,79.30418216797409,4.8917905213024895,4.915576149683106,4.899018315898457,79.227,78.86527272727272,79.10920071206598,4.846648708670048,4.8681223449875395,4.870898296245684,79.008,79.162,78.78680897922537,4.843532169493639,4.853369377983557,4.84032482146879,78.52566666666667,79.02974193548387,78.45555722312095,4.806246482432727,4.846591600267495,4.810641981424736,75.7025,77.2647868852459,79.3992763433933,4.695155509111422,4.777000133843093,4.7445616784896085,8.404868217723308
2017-08-09,sz000901,80.18,79.37,81.0,79.16,46505,133779186.0,2.29,-1.16,-0.93,1.44,4.667499648710859,-0.2787511434032117,79.14200000000001,79.604,79.32612144531606,4.852216348462444,4.840812525485895,4.8218454268359245,79.006,78.89127272727272,79.15661876441763,4.829504953589138,4.835549788631323,4.833916723966625,79.08950000000002,79.1964761904762,78.84235098120391,4.8376001164364695,4.836604376004245,4.82386528120613,78.67033333333333,79.08421505376343,78.5145535313067,4.810565811077562,4.837640191640277,4.801406992217389,75.73516666666667,77.38503278688525,79.39831646328204,4.702681259192118,4.776093384321764,4.742035054562436,8.126388549093189
2017-08-10,sz000901,79.28,79.16,81.29,78.84,65922,189439163.0,3.09,-0.26,-0.21,2.04,4.81903037489943,0.15153072618857166,79.822,79.61,79.2707476302107,4.889707291270485,4.829750534298224,4.8209070761904265,78.703,78.91927272727271,79.15723353452351,4.820702344047151,4.8336453197786495,4.831210115045316,79.005,79.20319047619049,78.8726032687083,4.83161414416775,4.834835829191195,4.823404813938826,78.806,79.11580645161291,78.55619523896434,4.823149936491072,4.838186292532012,4.802543984648489,75.74283333333334,77.49732240437159,79.3905028087482,4.708470792790139,4.779908109426922,4.744559491294797,8.277469766201586
2017-08-11,sz000901,79.1,79.57,81.38,78.84,101412,292995248.0,3.21,0.52,0.41,3.13,5.00608934775306,0.18705897285363005,79.618,79.526,79.37049842014048,4.8530939383279845,4.86854455312575,4.882634500044638,78.63,79.0769090909091,79.23228198279196,4.846772566690455,4.867352047725179,4.863006339173997,78.98299999999999,79.257,78.9390220050218,4.840841952590693,4.851452515246937,4.840803340968753,78.95066666666666,79.16509677419354,78.62160199774084,4.844133682847624,4.8499888351940745,4.815675943558462,75.75116666666666,77.62280327868854,79.39638796255973,4.716479132675943,4.789666094835542,4.753134240686871,8.466860576722322
2017-08-14,sz000901,79.57,79.8,79.86,76.8,66214,187728275.0,3.85,0.29,0.23,2.05,4.820949824483869,-0.18513952326919103,79.64,79.58666666666666,79.513665613427,4.851963997592257,4.857829848511044,4.8620729415243815,78.717,79.28963636363638,79.33550344046616,4.853701923863193,4.862657003687618,4.855359700139428,79.26950000000001,79.33480952380951,79.02101990930544,4.833418182220983,4.849558026855811,4.838912529874955,79.11366666666667,79.21989247311828,78.69762767530594,4.857281092771389,4.8484931023964135,4.816016193940746,75.79333333333334,77.75555191256831,79.40962114411515,4.72314971829254,4.793091363419407,4.7553577024507065,8.273529689518883
2017-08-15,sz000901,79.8,80.27,80.85,79.05,57893,166699057.0,2.26,0.59,0.47,1.79,4.762626055175502,-0.05832376930836691,79.63399999999999,79.79666666666665,79.765777075618,4.815239050204544,4.828050534372126,4.8289239794080885,78.962,79.57199999999999,79.50541190583594,4.853514785753516,4.84609775483531,4.838499037418714,79.523,79.43009523809525,79.1399703941335,4.841239556031138,4.842815919518146,4.83164715133215,79.21466666666667,79.29449462365591,78.79907105109265,4.85296862999562,4.842386325777324,4.8125716688591185,75.85983333333333,77.90232786885247,79.43783028693105,4.730573378730468,4.794385669546718,4.755596009097421,8.221933143074228
2017-08-16,sz000901,80.21,82.31,82.89,79.8,108324,318204448.0,3.85,2.54,2.04,3.35,5.034724688507368,0.2720986333318658,80.222,80.68866666666666,80.61385138374534,4.888684058163846,4.901212413806401,4.897524215774515,79.68199999999999,80.18072727272727,80.01533701386577,4.870450203313146,4.879045009881465,4.874176428525742,79.7985,79.69552380952379,79.4418779756446,4.857427212045403,4.861243074992073,4.850987869158361,79.32833333333333,79.4941935483871,79.02558259618345,4.853404238567911,4.854112523100663,4.826904121739651,75.99050000000001,78.11380874316941,79.53199978572019,4.742683879338219,4.8043578436377645,4.764747769078075,8.502706246109916
2017-08-17,sz000901,82.25,81.64,83.76,81.46,104786,310790656.0,2.79,-0.81,-0.67,3.24,5.020303262333797,-0.014421426173571561,80.71799999999999,81.16133333333333,80.95590092249691,4.928938635650719,4.9450854818630505,4.938450564627609,80.27000000000001,80.53672727272726,80.310730284072,4.9093229634606015,4.906291020612493,4.90074494376357,79.889,79.87090476190475,79.65122293034511,4.865702183741854,4.876755079781445,4.8671131446988785,79.403,79.64333333333332,79.19425468675227,4.861620003615861,4.8648802020533015,4.839381485648952,76.19733333333333,78.29903825136613,79.6011145468441,4.749952907961402,4.813460118490077,4.77312663770941,8.492467953151266
2017-08-18,sz000901,81.46,81.03,82.02,80.44,68525,200130516.0,1.94,-0.75,-0.61,2.12,4.835849044211536,-0.18445421812226037,81.01,81.26533333333333,80.98060061499794,4.894890574942415,4.914055618049989,4.904250057822251,80.314,80.67490909090908,80.4415065960589,4.8739922566352,4.892932126203572,4.888945689299564,79.962,79.97957142857142,79.78253503221701,4.866484562978149,4.873911923635699,4.864135611319131,79.42166666666667,79.74830107526881,79.31268986825214,4.857784158337465,4.863217559511086,4.839153586201377,76.407,78.45748633879782,79.64796325022625,4.754634974484998,4.816276385252377,4.775183110053741,8.301313315122727
2017-08-21,sz000901,81.49,80.82,81.87,80.18,50911,147956091.0,2.09,-0.26,-0.21,1.57,4.706811627585691,-0.12903741662584522,81.214,81.202,80.9270670766653,4.872062935562779,4.851362635597749,4.838437247743398,80.42699999999999,80.7669090909091,80.51032357859363,4.862013466577518,4.862535648194569,4.855830405351587,79.8835,80.06128571428573,79.88134121962491,4.851157577989787,4.858704977407847,4.849152374773089,79.45266666666666,79.83851612903224,79.40993568320361,4.845413880513539,4.853477396236777,4.830615395322946,76.606,78.60217486338797,79.68639068464506,4.755828633134111,4.814708406665514,4.77294142210397,8.170132848734491
2017-08-22,sz000901,81.0,79.02,81.08,78.87,48864,140323949.0,2.73,-2.23,-1.8,1.51,4.688989015376327,-0.017822612209363875,80.964,80.47066666666666,80.2913780511102,4.857335527602944,4.790337995535598,4.788621170287708,80.299,80.5110909090909,80.23935565521296,4.836287288903744,4.831076657067082,4.8254956071742665,79.763,79.97904761904763,79.79930872251778,4.841467998786896,4.843260352397041,4.8338987214972065,79.43833333333332,79.81060215053763,79.38477854235177,4.841117209297008,4.843385469453732,4.821478209519939,76.775,78.68132240437158,79.66454180973867,4.759161050844343,4.812516943788211,4.770188884178474,8.14713179811986
2017-08-23,sz000901,79.13,79.05,80.27,78.78,30761,88086907.0,1.89,0.04,0.03,0.95,4.4880004497062025,-0.20098856567012469,80.312,79.83266666666667,79.87758536740681,4.747990679842711,4.667226302903351,4.688414263427207,80.267,80.28399999999998,80.02310917244696,4.818337369003278,4.7677517772129825,4.764132851270982,79.6365,79.91114285714286,79.72794598703989,4.823921161296209,4.809596776294118,4.8009560289456825,79.482,79.78554838709677,79.36317992671617,4.831179200625405,4.820603743028518,4.799963515338408,76.9435,78.75591256830602,79.64439289794396,4.760220381880672,4.803626432275484,4.7609368043597105,7.94491136084993
2017-08-24,sz000901,79.28,78.58,79.98,78.43,32148,91539972.0,1.96,-0.59,-0.47,0.99,4.507153959655834,0.019153509949631164,79.7,79.25533333333333,79.44505691160454,4.645360819307117,4.586947396174392,4.627994162170083,80.20899999999999,79.97727272727273,79.7607256865475,4.787149727478919,4.711172975513447,4.717409416431864,79.45599999999999,79.81052380952383,79.618617797798,4.803926035763034,4.779428471375987,4.772974879489507,79.40633333333334,79.72735483870969,79.31265218950867,4.81679267193814,4.799698888772418,4.781072576262114,77.16233333333335,78.80956830601092,79.6094947701425,4.76025581761132,4.795329172530409,4.752616055353026,7.961610775250475
2017-08-25,sz000901,78.61,79.6,79.66,78.49,35032,100007435.0,1.49,1.3,1.02,1.08,4.544464932184069,0.03731097252823545,79.41399999999999,79.222,79.49670460773636,4.587083996901624,4.553315433800042,4.600151085508078,80.212,79.86654545454545,79.73150283444795,4.74098728592202,4.66704846727802,4.685964964750447,79.421,79.8242380952381,79.61684467419819,4.7938799263062375,4.754717890082752,4.751212027365179,79.39266666666666,79.7398494623656,79.33119075792747,4.807557063701135,4.78212935717538,4.765807566966756,77.3565,78.8894918032787,79.6091834662034,4.761161682228945,4.788254061532793,4.745791428363879,8.000032288594415
2017-08-28,sz000901,79.6,81.08,81.4,79.51,60274,175199163.0,2.37,1.86,1.48,1.86,4.780130013772269,0.2356650815882002,79.466,79.77733333333332,80.02446973849091,4.60174767413894,4.617664106090257,4.660144061596142,80.34,80.02436363636365,79.97668413727558,4.736905304850859,4.674165326887156,4.703085882754414,79.5285,79.9822380952381,79.75619280046503,4.795303614357026,4.753408374603326,4.753966121308712,79.62633333333333,79.84870967741936,79.44401716064183,4.801247223097608,4.780359870083196,4.766731595792918,77.55,79.0115737704918,79.65740695911477,4.765160026829844,4.788875974042411,4.74691728362317,8.243532027029838
2017-08-29,sz000901,80.88,79.98,80.88,79.45,46138,132883379.0,1.76,-1.36,-1.1,1.43,4.664058764701992,-0.1160712490702771,79.65799999999999,79.94866666666667,80.00964649232728,4.596761624004072,4.638434469611274,4.661448962631425,80.311,79.95890909090909,79.97728702140729,4.727048575803508,4.660920501405544,4.695990043108519,79.6365,80.0252380952381,79.77750777184932,4.790281680778513,4.74090886511237,4.745403515917596,79.78566666666666,79.87152688172043,79.47859669866494,4.8031758959552615,4.771509001799607,4.760107542174149,77.71366666666668,79.09124590163934,79.66798378012739,4.767507238875449,4.7855611785628085,4.744200610871657,8.123470662959265
2017-08-30,sz000901,79.95,81.46,81.46,79.48,51101,147954224.0,2.48,1.85,1.48,1.58,4.7084293989650945,0.04437063426310228,80.14,80.54933333333334,80.49309766155153,4.640847413855852,4.675657061264948,4.677109108075982,80.22599999999998,80.16781818181818,80.24687119933324,4.694419046849281,4.657535196525832,4.6982517441733505,79.954,80.19890476190477,79.93774512691128,4.782434625081214,4.733113409701569,4.74188217144593,79.941,79.97954838709678,79.60642916971882,4.803091156980028,4.765396324574436,4.756773468418726,77.884,79.21407650273224,79.72673841028714,4.768115383120173,4.783624200205092,4.743027784251769,8.170127368507838
2017-08-31,sz000901,81.75,80.68,82.57,80.59,58861,172346123.0,2.43,-0.96,-0.78,1.82,4.769827636132479,0.061398237167384906,80.56,80.72933333333334,80.55539844103436,4.693382149151181,4.71865046869049,4.708015284094815,80.13,80.25036363636363,80.32562189036356,4.669371484229149,4.671245849122777,4.711265542711374,80.2,80.26804761904762,80.00843606720545,4.789347223844876,4.7319127440874045,4.744543644273221,79.96933333333332,80.02722580645161,79.67569180393052,4.80025861723762,4.763250290971368,4.757615672787355,78.0505,79.30574863387976,79.75799288863837,4.770940339879368,4.783680339648118,4.743906467919989,8.236401518213102
2017-09-01,sz000901,80.73,80.3,81.4,80.01,41060,118795372.0,1.72,-0.47,-0.38,1.27,4.6134189450345735,-0.1564086910979059,80.7,80.64266666666667,80.47026562735624,4.707172951721281,4.691996067318288,4.676483171074735,80.05699999999999,80.28127272727274,80.32096336484291,4.647128474311453,4.661072660178309,4.693475252224682,80.1855,80.27757142857143,80.03620406080493,4.760560365473326,4.715157669914994,4.732055577679064,79.99366666666667,80.04855913978493,79.71596975206404,4.793365866755917,4.751196118571171,4.748312658093628,78.21366666666667,79.37950273224043,79.77576361360104,4.773062720673734,4.778515703751568,4.739628188481123,8.074799521840355
2017-09-04,sz000901,80.97,81.2,81.75,80.41,63785,186418679.0,1.67,1.12,0.9,1.97,4.804718559863012,0.1912996148284387,80.724,80.80933333333333,80.7135104182375,4.71209066093943,4.724511270032198,4.719228300670828,80.095,80.4890909090909,80.48078820759874,4.6569191675391854,4.689725403005865,4.7137013081589245,80.261,80.37419047619048,80.1470417692997,4.759466317058352,4.7193632122378215,4.7389758616965825,79.95400000000001,80.12638709677418,79.81171363902766,4.78641144117292,4.751928550384531,4.751951748530363,78.42333333333333,79.47741530054645,79.82245988856495,4.776863633614534,4.779553600118429,4.741762299018234,8.270489426152064
2017-09-05,sz000901,81.43,80.41,81.43,80.24,39779,115335532.0,1.47,-0.97,-0.79,1.23,4.599653861243402,-0.2050646986196103,80.80999999999999,80.70466666666667,80.612340278825,4.699209680247712,4.687032336800189,4.67937015419502,80.23400000000001,80.54636363636362,80.46791762439896,4.647985652125893,4.679313529133904,4.692965408719738,80.2665,80.38838095238094,80.17208541031879,4.742136470514819,4.704142978350684,4.725707099748661,79.92,80.15580645161292,79.8503127590904,4.776973883233229,4.739879674260047,4.742126078382817,78.60483333333333,79.5425519125683,79.84172349877593,4.77916772334981,4.773743443647244,4.7371030059764365,8.061963123203455
2017-09-06,sz000901,80.3,81.61,81.64,79.72,63296,184762881.0,2.39,1.49,1.2,1.96,4.801376265581067,0.20172240433766486,80.84,80.97133333333333,80.94489351921668,4.717799053570906,4.72108786524464,4.720038857990369,80.49,80.79654545454547,80.67556896541734,4.679323233713379,4.707202731580299,4.712676473603616,80.3785,80.51633333333334,80.30902965695509,4.748830301358329,4.709784863595088,4.732913686970795,79.921,80.26483870967742,79.96384096818134,4.775721852101933,4.741454021508295,4.745948671105285,78.72383333333333,79.64108196721313,79.8996997775046,4.775041100054635,4.77447159257286,4.739210325963474,8.266614725563292
2017-09-07,sz000901,81.75,80.15,81.96,80.09,54014,157465884.0,2.29,-1.79,-1.46,1.67,4.732506340095538,-0.0688699254855285,80.734,80.74133333333333,80.67992901281113,4.7103347943635185,4.725990294086184,4.724194685358759,80.64699999999999,80.73472727272727,80.5800109717051,4.701858471757349,4.716872387286147,4.716281903874874,80.428,80.49457142857143,80.29388397534032,4.744504099618134,4.708230200617679,4.732874892030294,79.853,80.27961290322581,79.97585122829868,4.769903514427807,4.738665923959494,4.7450814239433665,78.81899999999999,79.68784153005463,79.90790634217657,4.770887480793307,4.77307701027912,4.738990523148131,8.19718647561475
2017-09-08,sz000901,80.06,79.19,80.79,79.02,47894,137529279.0,2.21,-1.2,-0.96,1.48,4.680281109863301,-0.052225230232237685,80.51200000000001,80.22666666666667,80.18328600854076,4.723707227329264,4.715972399252778,4.709556826860274,80.60600000000001,80.46981818181818,80.32728170412236,4.715440089525273,4.712949230578139,4.709736304963679,80.40899999999999,80.37666666666667,80.18875216816505,4.728213687723646,4.702113725402933,4.727865960395342,79.816,80.23683870967741,79.9251511490536,4.767733314045915,4.732883833342431,4.740900758518846,78.8835,79.70000546448088,79.88436842931833,4.769174859042221,4.770106309592889,4.737065624351907,8.138395166198993
2017-09-11,sz000901,79.13,79.89,80.59,79.02,34662,99690911.0,1.98,0.88,0.7,1.07,4.539853617925056,-0.14042749193824466,80.25,80.01933333333334,80.08552400569384,4.670734238941673,4.654687862784709,4.652989090548535,80.487,80.33963636363637,80.24777593973647,4.691412449940552,4.681024417559917,4.678848543683928,80.4135,80.3272380952381,80.16029958072076,4.714158877395706,4.6841746711364,4.70996002301722,79.848,80.2416129032258,79.92288333298563,4.760673226218201,4.718181917463665,4.727929975254731,78.93683333333334,79.73300546448087,79.88455307098002,4.7639539559621795,4.762587580375932,4.730599656928076,7.99865556470602
2017-09-12,sz000901,79.92,79.13,80.24,79.07,41234,118036309.0,1.46,-0.95,-0.76,1.27,4.615255466590478,0.07540184866542177,79.994,79.646,79.7670160037959,4.673854560011088,4.636194938667644,4.640411215895849,80.402,80.0929090909091,80.04454395069348,4.6865321201294,4.667177693314449,4.667286166030574,80.3565,80.205,80.0621758111283,4.706790347966455,4.67475529867876,4.700940541452768,79.89166666666667,80.19529032258065,79.87172956956721,4.755698493895475,4.708800126519941,4.720660652115102,78.97316666666666,79.7393387978142,79.85981362602986,4.762681938146142,4.757712220068664,4.7268178801956955,8.072015620634808
2017-09-13,sz000901,79.51,81.32,81.84,79.51,85441,249294172.0,2.94,2.77,2.19,2.64,4.931666322689401,0.3164108560989236,79.936,80.088,80.28467733586393,4.699912571432755,4.722132192893748,4.7374962514937,80.388,80.25981818181818,80.27644505056739,4.70885581250183,4.711747548325358,4.715355285423088,80.30699999999999,80.29676190476191,80.18196859102083,4.701637429675556,4.696172058176184,4.722914425380067,80.09866666666667,80.28744086021504,79.96516637153063,4.757908354221419,4.720152889667936,4.734273921184411,79.062,79.81628415300547,79.90768858911085,4.764848066387174,4.763252691693032,4.733534222572538,8.396712125684576
2017-09-14,sz000901,81.11,80.41,81.35,80.15,44923,130366895.0,1.48,-1.12,-0.91,1.39,4.652468751149991,-0.2791975715394104,79.98799999999999,80.24600000000001,80.32645155724262,4.683905053643644,4.706317586132827,4.70915375137913,80.361,80.26381818181818,80.30072776864604,4.697119924003582,4.7014953553522965,4.703921370100706,80.24549999999999,80.30657142857142,80.20368586806647,4.6832457041163655,4.691489326888035,4.716205313548631,80.25366666666666,80.30752688172043,79.99386531530286,4.758604790564445,4.713350334631071,4.728996168278965,79.17016666666667,79.86048087431695,79.92415781569737,4.7655489577198775,4.759568123980339,4.730876338263602,8.11516732188565
2017-09-15,sz000901,80.04,80.71,81.4,80.04,42618,124042054.0,1.69,0.37,0.3,1.32,4.6295930650556985,-0.02287568609429247,80.292,80.48666666666666,80.45430103816176,4.673767444682126,4.688213589936845,4.682633522604653,80.402,80.32727272727273,80.37514090161947,4.698737336005694,4.689217744634499,4.690407132819795,80.2295,80.35080952380952,80.25190626158395,4.672932905158573,4.6863795517394,4.707956527977876,80.25766666666667,80.3369677419355,80.04006755302525,4.739952688984117,4.705026997501474,4.722583064845207,79.2585,79.91096721311476,79.94992313321549,4.764751311806732,4.755110553729054,4.727555575207606,8.093568949063839
2017-09-18,sz000901,81.03,81.93,81.99,80.33,58256,170218618.0,2.06,1.51,1.22,1.8,4.765340661589868,0.1357475965341699,80.7,81.03266666666667,80.94620069210785,4.718864853415087,4.71873799557276,4.710202568933058,80.475,80.6050909090909,80.65784255587047,4.69479954617838,4.701327440195258,4.70403141077799,80.285,80.5127619047619,80.41172471286168,4.6758593568587825,4.6951802904471425,4.713421683559971,80.33233333333334,80.44486021505377,80.16199867863652,4.737910726765027,4.706664931217974,4.725341619473895,79.359,79.99855737704917,80.01484368622481,4.767142977471036,4.755129876672764,4.728794430498827,8.231007060169565
2017-09-19,sz000901,82.13,80.53,82.25,80.36,53042,154927834.0,2.31,-1.71,-1.4,1.64,4.7246198911996595,-0.04072077039020883,80.97999999999999,80.97599999999998,80.8074671280719,4.740737738336923,4.72065634150095,4.715008343021926,80.487,80.61509090909091,80.63459845480311,4.707296149174005,4.706749321108218,4.707774770854657,80.3605,80.53609523809523,80.42298902592248,4.6776409006499495,4.699824150860559,4.714488179525655,80.33999999999999,80.45761290322581,80.18574069936966,4.730523030067881,4.705807457955692,4.725295056359428,79.43283333333333,80.03695081967213,80.03173405716825,4.7683847562503034,4.753735677122883,4.72865756035787,8.190129449177402
2017-09-20,sz000901,80.82,81.17,81.38,80.41,40192,117179535.0,1.2,0.79,0.64,1.24,4.604139617721083,-0.12048027347857637,80.95,81.03933333333335,80.9283114187146,4.67523239734326,4.675123634629003,4.678052101254979,80.443,80.73927272727272,80.73194419029346,4.687572484388008,4.687993588116778,4.688932015739462,80.4665,80.61319047619048,80.49413292821558,4.683447859050693,4.692824028676856,4.703978792687125,80.4,80.51116129032258,80.24924129941033,4.728411029034888,4.697653689417188,4.717478576447276,79.53516666666668,80.09390710382515,80.06905425201519,4.769488420056225,4.748350590613728,4.724575004861582,8.068851770277277
2017-09-21,sz000901,81.32,79.72,81.38,79.72,42381,122721746.0,2.05,-1.79,-1.45,1.31,4.6271711998820475,0.023031582160964348,80.812,80.62933333333334,80.52554094580974,4.670172887089671,4.659103235475266,4.661091800797335,80.4,80.60781818181817,80.54795433751283,4.677038970366658,4.677011536388421,4.677702776492659,80.5235,80.54209523809524,80.42040598267124,4.689448721062004,4.6874643468512724,4.696663783848546,80.41866666666667,80.46729032258064,80.21509669944838,4.722015723200976,4.6911220875363595,4.711652294088229,79.61233333333332,80.09996721311475,80.05760985030977,4.772582829846024,4.743684452247361,4.721381437485204,8.088921525489939
2017-09-22,sz000901,79.13,80.01,80.59,78.26,49796,142407246.0,2.92,0.36,0.29,1.54,4.697194458267799,0.07002325838575185,80.672,80.36200000000001,80.35369396387317,4.683693165732092,4.668110425867975,4.673126019954156,80.482,80.5369090909091,80.45014445796504,4.678730305207108,4.680676170552266,4.681246718633593,80.544,80.49319047619048,80.38131969860731,4.6970851973661905,4.688202036108967,4.696714324269427,80.43333333333334,80.4409247311828,80.20186465432268,4.7117192268848,4.6895207156051875,4.710719530486911,79.692,80.11300546448086,80.0560488716111,4.777926454866212,4.74121270235955,4.720588421773157,8.153532087740121
2017-09-25,sz000901,80.3,79.42,81.0,79.28,28624,82615978.0,2.15,-0.74,-0.59,0.88,4.456730323223298,-0.24046413504450115,80.16999999999999,79.94466666666668,80.04246264258212,4.621971098058777,4.59245614503171,4.60099412104387,80.435,80.34381818181818,80.26284546560775,4.670417975736933,4.6403125374642995,4.640425555831721,80.461,80.38614285714286,80.2897654415971,4.680915212838742,4.665311095714405,4.673858705122177,80.42066666666666,80.37554838709677,80.15142177339864,4.699578576842781,4.673069818594768,4.6943331300182916,79.76716666666667,80.104087431694,80.03519481024681,4.778429834807085,4.730681681649946,4.711937336574801,7.917064048363592
2017-09-26,sz000901,79.34,79.57,79.95,78.55,23566,67326089.0,1.76,0.19,0.15,0.73,4.372285873345277,-0.08444444987802147,79.978,79.74466666666667,79.88497509505476,4.551504294487901,4.509227736793877,4.524758038477673,80.479,80.18654545454544,80.13687356276998,4.646121016412413,4.586106700665816,4.59167288628873,80.4405,80.30128571428571,80.22121635192119,4.666326568270906,4.635917825286456,4.645137483048186,80.39733333333332,80.32066666666665,80.11391069124389,4.686567237448441,4.651954160304607,4.673555887652291,79.806,80.09762295081967,80.01994252138626,4.76976793372203,4.717365486192182,4.700801223026291,7.828183386856899
2017-09-27,sz000901,79.25,79.37,79.89,78.99,21457,61382073.0,1.13,-0.25,-0.2,0.66,4.331569001202976,-0.04071687214230035,79.618,79.542,79.71331673003651,4.4969901711842795,4.435915972365568,4.460361692719441,80.284,79.9849090909091,79.99744200590271,4.586111284263771,4.528915425173192,4.544381270818593,80.336,80.19933333333334,80.1401481279287,4.6474835483828,4.604036152232369,4.6152738181105475,80.29933333333334,80.2543870967742,80.06591645309913,4.663128714538293,4.62905104828877,4.651492217558787,79.81383333333333,80.08332786885246,79.99863293052113,4.758266476553103,4.702998308076803,4.68869524854028,7.788041551369483
2017-09-28,sz000901,79.57,79.69,80.3,79.16,32252,92708209.0,1.44,0.4,0.32,1.0,4.508556651127315,0.1769876499243388,79.612,79.566,79.70554448669101,4.4732672614333335,4.439771465679914,4.4764266788553995,80.212,79.87690909090908,79.94154345937494,4.571720074261503,4.514814582784745,4.5378677036019965,80.2865,80.13780952380952,80.09727687764978,4.634419999132541,4.590805019160417,4.605110278397859,80.23433333333334,80.21507526881719,80.04166377870564,4.646070494164745,4.619078657100965,4.642270568111595,79.81866666666666,80.07926775956282,79.98851381804502,4.753845248890303,4.694811100685794,4.682789065018543,7.967118191162377
2017-09-29,sz000901,79.66,79.8,80.76,79.66,34357,99236788.0,1.38,0.14,0.11,1.06,4.536015234893578,0.02745858376626309,79.57,79.62866666666667,79.73702965779401,4.44103141675849,4.4606874568333295,4.496289530868126,80.12100000000001,79.802,79.91580828494314,4.56236229124529,4.50832279380876,4.537530891109556,80.2615,80.09147619047619,80.06896479406407,4.630549813625493,4.5814331368519445,4.598529798064119,80.19333333333333,80.18705376344087,80.02607256717624,4.636076033854147,4.611978317793147,4.635415385323336,79.80750000000002,80.0786557377049,79.98233303712551,4.746930096095806,4.68766913301377,4.677976808293134,7.9966726990055434
2017-10-09,sz000901,80.56,81.67,82.02,80.24,72352,211461815.0,2.23,2.34,1.87,2.24,4.859450540665265,0.323435305771687,80.02000000000001,80.32866666666665,80.38135310519601,4.521575460246882,4.600160498135588,4.617343200800507,80.095,80.08363636363637,80.23475223313528,4.57177327915283,4.562338839157846,4.596061736483321,80.285,80.22561904761905,80.22144433748653,4.633286412665605,4.603233206093828,4.6233793925975615,80.22166666666666,80.28232258064516,80.13213240155197,4.641163997623465,4.6263895762970915,4.6498692663131385,79.83716666666668,80.13972131147541,80.03766638017058,4.743288939068503,4.691358327917687,4.683926766731564,8.325231955484119
2017-10-10,sz000901,81.46,81.99,82.39,80.85,55522,162868403.0,1.89,0.39,0.32,1.72,4.744465101778923,-0.11498543888634227,80.50399999999999,80.98533333333333,80.91756873679735,4.596011305933612,4.674457045312934,4.659717167793312,80.241,80.42818181818183,80.55388819074705,4.573757800210757,4.59373735236259,4.623044166537067,80.364,80.38799999999999,80.38987821010686,4.640526974692381,4.613821652676048,4.634911364900548,80.32066666666667,80.39640860215054,80.2519948272583,4.643013200503551,4.63305416366196,4.655972223439964,79.87950000000001,80.21030601092896,80.10167731852563,4.74206520490028,4.691396890629504,4.685911630175739,8.211836837938012
2017-10-11,sz000901,81.87,80.97,81.93,80.94,35822,104768367.0,1.21,-1.24,-1.02,1.11,4.554149829550869,-0.19031527222805433,80.824,81.14066666666668,80.93504582453157,4.64052747160319,4.66050321985202,4.624528055045831,80.221,80.56072727272726,80.62954488333848,4.568758821393734,4.590172266788065,4.6105179234486675,80.332,80.44571428571427,80.44512790438239,4.628165652890871,4.605595257900665,4.6272197901053405,80.38466666666666,80.4383010752688,80.29831774162874,4.645218179831708,4.6273210429553355,4.649403036737442,79.93333333333334,80.2460601092896,80.13014691463954,4.738198690228556,4.685235730781983,4.681591571138858,8.020230174717183
2017-10-12,sz000901,81.14,84.37,84.9,81.11,159917,480204000.0,4.68,4.2,3.4,4.94,5.2038946339385594,0.6497448043876908,81.76,82.32266666666668,82.08003054968772,4.779595068165439,4.84829227396381,4.817650248010074,80.686,81.31509090909091,81.3096276318224,4.626431164799387,4.705651505432578,4.718404598083193,80.543,80.83028571428572,80.81892524682216,4.651735067583022,4.660426589429017,4.682141203803742,80.57766666666666,80.6954193548387,80.56100691958817,4.668442868974465,4.663364685155777,4.685176688169772,79.992,80.39152459016397,80.26915849120873,4.7426177704563015,4.700504450247884,4.6987162617224545,8.681425773319285
2017-10-13,sz000901,84.52,84.08,84.52,83.24,77640,233444854.0,1.52,-0.34,-0.29,2.4,4.890085526716325,-0.31380910722223465,82.616,83.096,82.74668703312514,4.850409126529988,4.885122426814106,4.841795340912158,81.093,81.93218181818183,81.81333169876376,4.6457202716442385,4.753588662144749,4.749619312380126,80.7875,81.16714285714286,81.12950379474385,4.662225288425673,4.683126633155998,4.701945425033512,80.727,80.92137634408603,80.78803873122764,4.6799635554588725,4.677664211461702,4.698396613237292,80.05983333333333,80.52555737704917,80.39410411444779,4.743760309580003,4.705339458649854,4.704990663853401,8.368184304893356
2017-10-16,sz000901,84.08,82.31,86.09,82.19,102104,308682944.0,4.64,-2.11,-1.77,3.16,5.009042756228924,0.11895722951259913,82.744,82.994,82.6011246887501,4.88032756964272,4.9380003033804165,4.8975444793510805,81.38199999999999,82.15345454545455,81.90363502626126,4.700951514944801,4.819647295705602,4.796787211261726,80.90849999999999,81.31214285714286,81.24193200476824,4.6856847453408665,4.716156868184879,4.731192789909265,80.768,81.02350537634409,80.88622978082587,4.687593980207428,4.698895127640416,4.718438299881913,80.19716666666666,80.59933333333333,80.45692037299048,4.744420601652519,4.714037243785882,4.714959584914894,8.489512633591838
2017-10-17,sz000901,82.1,83.01,83.04,81.38,51760,152868076.0,2.02,0.85,0.7,1.6,4.713994267660644,-0.2950484885682796,82.94800000000001,83.08266666666667,82.73741645916675,4.874233402819064,4.882555869386392,4.836361075454269,81.726,82.44945454545454,82.10479229421375,4.7351223543763385,4.8220187052903,4.781733948788801,81.10249999999999,81.51228571428571,81.41031943288556,4.690621685394375,4.718853013167715,4.729554835409397,80.869,81.16815053763442,81.02324721432099,4.689258496972716,4.7005983719922355,4.718151588125702,80.32733333333334,80.6915573770492,80.5406279017449,4.746217196463989,4.713039659064838,4.714927935168852,8.1843167995744
2017-10-18,sz000901,82.48,81.75,83.47,81.64,47757,141834097.0,2.2,-1.52,-1.26,1.48,4.679037037460359,-0.03495723020028496,83.104,82.68333333333334,82.4082776394445,4.899210844400963,4.817490414266824,4.783919729456299,81.964,82.45381818181818,82.0402846043567,4.769869158002076,4.811821374941941,4.763061783092721,81.124,81.57395238095238,81.44266996308694,4.677990221132923,4.7177497133644755,4.724743616557108,80.87866666666667,81.22498924731184,81.07013449081641,4.688278751589226,4.699938922991438,4.715628068727939,80.40983333333334,80.73820218579235,80.58027944594998,4.745684954284627,4.710837030900784,4.713751184424311,8.151780648046373
2017-10-19,sz000901,81.75,78.32,82.22,77.94,61085,175369797.0,5.24,-4.2,-3.43,1.89,4.78593457821307,0.10689754075271019,81.894,81.08866666666667,81.04551842629634,4.815618833255864,4.779731658870859,4.784591345708556,81.827,81.79127272727271,81.36386922174638,4.797606950710652,4.814742360434847,4.767220473114603,81.01950000000001,81.30690476190476,81.14527282374533,4.684663512486077,4.728030128324489,4.730571327191009,80.8,81.05991397849462,80.89270645915084,4.688815649658579,4.706239298902655,4.720163972565689,80.38466666666666,80.66968306010928,80.50617192313194,4.744537133448099,4.712156690701717,4.716117853073123,8.243954799259742
2017-10-20,sz000901,78.35,78.7,78.96,78.26,27564,77998228.0,0.89,0.49,0.38,0.85,4.440342241242651,-0.3455923369704186,80.81800000000001,80.02400000000002,80.26367895086423,4.725670176161129,4.6546394615331215,4.669841644219922,81.717,81.22272727272727,80.87952936324704,4.788039651345559,4.749785140531576,4.707788067319703,80.919,81.08599999999998,80.91238969767434,4.675200971295425,4.704761435825115,4.702930461862594,80.74666666666667,80.92443010752689,80.75124152630241,4.683046426198847,4.690208756424208,4.702110957641622,80.37016666666666,80.6144480874317,80.44695317155384,4.738206146477382,4.702183087678587,4.707076029734418,7.8920847362986395
2017-10-23,sz000901,79.16,77.09,79.69,77.09,45400,127637537.0,3.3,-2.05,-1.61,1.4,4.657055852857104,0.2167136116144528,79.774,78.78133333333334,79.20578596724283,4.655272795486765,4.63176802043178,4.665579713765649,81.259,80.38145454545456,80.19052402447485,4.767800182564743,4.725969904442765,4.698564028326502,80.67699999999999,80.72133333333333,80.54835258361011,4.669786730858786,4.703033329307181,4.698561451481119,80.60966666666667,80.68851612903227,80.51503239557321,4.678124335965318,4.688531945240871,4.699204176687783,80.28183333333332,80.50690163934425,80.33688913314224,4.732267888569118,4.699522422313988,4.705436023935162,8.105978415095043
2017-10-24,sz000901,77.3,77.07,77.88,76.48,32981,91733531.0,1.82,-0.03,-0.02,1.02,4.518263819528568,-0.13879203332853596,78.586,77.88000000000001,78.49385731149522,4.61612670586035,4.586098361779047,4.616474415686623,80.76700000000001,79.61981818181819,79.62315602002488,4.745180054339707,4.680599656618005,4.665782172181423,80.50399999999999,80.37780952380955,80.21708090898058,4.659468927275232,4.68860257584716,4.681390248438019,80.49833333333332,80.4601505376344,80.2927722410201,4.6754113345748225,4.678218363535273,4.687530605258155,80.20916666666668,80.40159562841531,80.22977801402281,4.726192608904025,4.692505895460199,4.6992992303480605,7.962528110659037
2017-10-25,sz000901,77.07,77.94,77.94,76.92,30083,83937509.0,1.32,1.13,0.87,0.93,4.478321143704149,-0.03994267582441857,77.82399999999998,77.66466666666666,78.30923820766348,4.575983527109107,4.540163174393647,4.570423325025798,80.464,79.10581818181818,79.31712765274763,4.737597185755035,4.632079854684268,4.631698348821919,80.3425,80.13361904761905,80.00021606050623,4.653178003574385,4.671350405983247,4.66205033370146,80.37599999999999,80.29509677419355,80.14098048353495,4.664642830512259,4.665502867350068,4.6740332206417685,80.1485,80.32719672131147,80.15470332503845,4.720182341307096,4.684378962174957,4.692054047179408,7.923956076578987
2017-10-26,sz000901,77.94,78.67,78.67,77.41,33878,95506989.0,1.62,0.94,0.73,1.05,4.529917763683403,0.05159661997925369,77.89399999999999,77.94666666666666,78.42949213844233,4.524780164203175,4.524807919918412,4.5569214712449995,79.894,78.77963636363637,79.19946807952078,4.670199498729519,4.594319959762154,4.613192787887643,80.29,79.97433333333333,79.8735288166485,4.6483153317644526,4.65961133551744,4.649466279414026,80.32666666666667,80.18503225806452,80.04607851685527,4.657889877965188,4.656810927554657,4.6647354492251,80.08983333333335,80.27872131147541,80.1060245274962,4.713896696196497,4.6781407793020495,4.686738103458227,7.980035153500746
2017-10-27,sz000901,80.12,79.42,81.43,79.42,72717,210116840.0,2.55,0.95,0.75,2.25,4.861635953405315,0.33171818972191236,78.038,78.45533333333333,78.75966142562822,4.609038906635708,4.637093182985792,4.658492965298438,79.428,78.69345454545453,79.23956479233517,4.667354541398419,4.6291265878850245,4.658364272527219,80.26050000000001,79.8914761904762,79.83033559601532,4.656537406521329,4.679927585197522,4.669672915032244,80.33433333333333,80.12653763440859,80.00568635447752,4.663935039416589,4.66995583564757,4.677438707559308,80.07516666666668,80.25675956284152,80.08353192003732,4.715834176731252,4.68298468937447,4.692472459194197,8.322460860716248
2017-10-30,sz000901,78.55,76.25,79.02,75.64,58419,161857802.0,4.26,-3.99,-3.17,1.81,4.766554118570449,-0.09508183483486654,77.87,77.85933333333332,77.92310761708549,4.630938559778377,4.689598253630705,4.694513349722442,78.822,78.11563636363636,78.69600755736514,4.643105677632571,4.647162874643576,4.678035153625988,80.102,79.50952380952381,79.48935125353766,4.672028596288686,4.690405367297438,4.678899696321597,80.213,79.86303225806451,79.76338400902736,4.671491722771435,4.67657642139943,4.683188088914865,80.0305,80.13134426229507,79.95784234888855,4.716082474494818,4.68464763828723,4.694901366058993,8.209133638455194
2017-10-31,sz000901,76.28,76.48,76.8,75.38,25299,69476897.0,1.86,0.3,0.23,0.78,4.403103355046766,-0.3634507635236828,77.752,77.396,77.44207174472366,4.6079064668820156,4.613653185386835,4.59737668483055,78.16900000000001,77.6898181818182,78.29309709238966,4.612016586371183,4.603526088718885,4.628047553884311,79.9475,79.16457142857142,79.20274637224836,4.673569470373761,4.664793439560111,4.652633378104947,80.12466666666667,79.6221935483871,79.55155278263851,4.664419985719977,4.659261042836549,4.665118106084665,80.00816666666667,80.01493442622949,79.8438147308922,4.710059239807726,4.674386027813524,4.685334218156953,7.841840413605362
2017-11-01,sz000901,76.51,75.03,76.72,74.82,36258,98998870.0,2.48,-1.9,-1.45,1.12,4.5594038446321,0.15630048958533393,77.17,76.48866666666666,76.63804782981578,4.624123007067607,4.597485644636863,4.584719071431067,77.497,77.11909090909091,77.69980671195516,4.600053267088358,4.593960135675415,4.615566879474819,79.73049999999999,78.69623809523809,78.80534195584376,4.6849612125452165,4.65392052282281,4.643754374917057,79.91499999999999,79.29350537634409,79.25983969988765,4.652011236451401,4.652485807927655,4.658297831152242,80.00683333333333,79.85171584699454,79.68598473971541,4.70495979533641,4.669446506660224,4.681205353451221,7.995630237470627
2017-11-02,sz000901,74.62,72.55,75.41,71.91,49307,130126498.0,4.66,-3.31,-2.48,1.52,4.692908579430737,0.13350473479863734,75.946,74.94866666666667,75.27536521987719,4.656721170217073,4.620414168757907,4.6207822407642904,76.91999999999999,76.21963636363637,76.76347821887241,4.590750667210124,4.610842919737666,4.629629006739531,79.37349999999999,78.01238095238095,78.20959510290625,4.694178808960388,4.654677414907146,4.648435727727884,79.653,78.8183440860215,78.82694681602393,4.6533592307274265,4.655124346184386,4.660530782654081,79.95333333333335,79.60722950819671,79.45201802693785,4.705982010645935,4.6690513848272515,4.681589065778417,8.114365742091229
2017-11-03,sz000901,72.64,71.94,72.93,71.53,27853,72810633.0,1.93,-0.84,-0.61,0.86,4.444871979160645,-0.24803660027009222,74.45,73.61333333333333,74.16357681325147,4.573368375368139,4.549797771739097,4.562145486896409,76.244,75.31418181818181,75.88648217907742,4.591203641001924,4.584319521910488,4.596036819907006,78.98049999999999,77.30442857142857,77.61249080739137,4.689621646173741,4.6309339073071705,4.629048704054814,79.36066666666667,78.32073118279568,78.38262766660304,4.6472018611975905,4.641673555760722,4.646617311460956,79.80916666666667,79.34449726775956,79.20572235392349,4.6935772750908535,4.660490400188389,4.673827849823736,7.862194806730928
2017-11-06,sz000901,72.0,73.69,73.89,72.0,30477,80772569.0,2.63,2.43,1.75,0.94,4.483972215043934,0.03910023588328926,73.938,73.36,74.00571787550098,4.5168519946628365,4.519999051631029,4.536087729612251,75.904,74.84981818181818,75.48712178288153,4.573895277220607,4.564822899009034,4.575661437204629,78.5815,76.80057142857143,77.23892025430648,4.670847729892675,4.61134824719957,4.615231895577587,79.086,77.95488172043012,78.07987749456414,4.637822912979393,4.631142610847583,4.636124079434051,79.70916666666666,79.143868852459,79.02487899805715,4.687866819872211,4.653618103137671,4.667603074912923,7.907263895989923
2017-11-07,sz000901,73.34,73.6,74.18,72.67,27986,74146200.0,2.05,-0.12,-0.09,0.86,4.446940829796355,-0.03703138524757943,73.362,73.24733333333333,73.87047858366732,4.525619489612755,4.496695330008868,4.506372096340286,75.55699999999999,74.43090909090908,75.14400873144852,4.566762978247385,4.541740272204626,4.552257690403124,78.162,76.32614285714287,76.892356420563,4.655971516293546,4.5900237805237305,4.599204175026993,78.855,77.60094623655914,77.79085314007614,4.62856694426595,4.618827637739,4.6239187084896844,79.59750000000001,78.94356830601092,78.84701411287494,4.679544987166916,4.645718890348298,4.6603682472041825,7.870088898300072
2017-11-08,sz000901,73.6,73.34,74.04,73.31,31239,83162484.0,0.99,-0.35,-0.26,0.97,4.494697123110737,0.04775629331438225,73.024,73.24,73.69365238911155,4.512678145308482,4.486387874508195,4.502480438597104,75.09700000000001,74.02781818181818,74.81600714391243,4.568400576188044,4.528637389452507,4.541792132713599,77.7805,75.86690476190476,76.55403676146177,4.6529988809715395,4.57466431450632,4.58925112246354,78.59400000000001,77.24513978494623,77.50370132458737,4.624918861112272,4.610190875083825,4.615581832013623,79.497,78.73840437158468,78.66645627310855,4.67666494507358,4.6396583046415385,4.654936407069971,7.919927452898268
2017-11-09,sz000901,73.37,73.45,73.83,73.25,18307,48613163.0,0.79,0.15,0.11,0.57,4.262617181538574,-0.23207994157216305,73.204,73.382,73.61243492607437,4.426619865730049,4.403034219918227,4.422526019577594,74.575,73.72836363636364,74.56764220865563,4.541670517973562,4.473040408607149,4.491033050681776,77.2345,75.45447619047619,76.25841421275113,4.6059350083515405,4.537485105036513,4.558143128089734,78.385,76.9132688172043,77.24217220687206,4.612767060500821,4.586816573175845,4.592809919079749,79.40183333333333,78.54014207650273,78.49542491989187,4.6673913918509,4.626082968132195,4.642073481642712,7.68675387922629
2017-11-10,sz000901,73.48,72.44,73.75,72.32,33508,87955880.0,1.95,-1.38,-1.01,1.04,4.525148506770361,0.26253132523178735,73.304,73.12733333333334,73.22162328404958,4.442675171251993,4.435877100264998,4.456733515308517,73.877,73.34018181818183,74.18079817071823,4.508021773310065,4.470036406570204,4.497235860879701,76.6525,74.99785714285713,75.89475571629865,4.5876881573542425,4.5297911525049726,4.555000783202174,78.13266666666667,76.52972043010753,76.93235464513837,4.607032195450907,4.58116376325775,4.588444666672692,79.28299999999999,78.31188524590162,78.2968863979282,4.659375711167854,4.621419266982012,4.638239875909193,7.944264878087894
2017-11-13,sz000901,72.49,70.69,72.64,70.48,44194,114396864.0,2.98,-2.42,-1.75,1.37,4.645363311345259,0.1202148045748972,72.704,72.256,72.37774885603307,4.474953390512257,4.503439813629419,4.519610113987431,73.321,72.76072727272728,73.54610759422401,4.495902692587547,4.495007595303875,4.5241681246007115,76.0715,74.43,75.39906469569877,4.569504185110059,4.53528402431364,4.56360673826342,77.84166666666667,76.04954838709676,76.52962208738752,4.61331996172164,4.5836367384767405,4.592116837296729,79.13116666666666,78.03014754098359,78.04748028652072,4.65644926928221,4.620959844037009,4.638473431169392,8.05841411915838
2017-11-14,sz000901,70.54,71.85,72.73,70.48,34656,90002122.0,3.18,1.64,1.16,1.07,4.539778434945227,-0.105584876400032,72.354,71.97133333333333,72.20183257068871,4.493520911542031,4.525048161773742,4.52633288764003,72.85799999999999,72.49327272727272,73.23772439527418,4.509570200577393,4.502985003005272,4.527006362845168,75.5135,74.02795238095239,75.06105853420365,4.560793393474288,4.5324530004884185,4.56133737604264,77.58433333333333,75.66298924731183,76.22771098497543,4.618903047108304,4.578892123846004,4.588740166177277,78.99083333333334,77.79142076502731,77.84428421155282,4.652735142278372,4.617134570780059,4.635237529653845,7.954252749017397
2017-11-15,sz000901,71.71,70.31,72.29,69.61,25989,66658690.0,3.73,-2.14,-1.54,0.8,4.414789569118668,-0.12498886582655899,71.748,71.28999999999999,71.57122171379248,4.477539400743618,4.498804380965955,4.4891517814662425,72.386,72.03,72.7054108688607,4.4951087730260495,4.485752160921868,4.506603309440349,74.9415,73.53238095238095,74.6085767690414,4.547581020057203,4.518547874359311,4.54738044204988,77.28233333333333,75.19367741935486,75.84592317949314,4.621677066038828,4.565723512362801,4.577517547012206,78.79083333333332,77.50680327868854,77.59725849969863,4.642402890288561,4.6093330765781015,4.6280097276690855,7.823856774500604
2017-11-16,sz000901,70.34,69.96,70.75,69.73,19012,48368453.0,1.45,-0.5,-0.35,0.59,4.279027805622721,-0.13576176349594693,71.05,70.69399999999999,71.03414780919499,4.480821525560447,4.432633849258989,4.419110456185068,72.127,71.58890909090908,72.20624525634057,4.453720695645248,4.44646471230308,4.465225945109871,74.52349999999998,73.05795238095237,74.16585517198985,4.522235681427686,4.492971377746504,4.521823048104436,76.958,74.7212688172043,75.46618620017101,4.614026104522009,4.543617108464988,4.558260144341917,78.59616666666666,77.21726775956284,77.34685658167571,4.630048299343375,4.597419139375943,4.616567697438057,7.684562197284929
2017-11-17,sz000901,69.35,65.53,69.38,65.33,56005,135376192.0,5.79,-6.33,-4.43,1.73,4.748226801568246,0.4691989959455256,69.66799999999999,68.854,69.19943187279667,4.525437184520024,4.5217689412615885,4.528815904646128,71.486,70.38945454545453,70.99238248246046,4.484056177886008,4.500011277016353,4.5166806462841205,73.86500000000001,72.20142857142858,73.34339277465747,4.537629909443966,4.5144943415694145,4.543385310339085,76.48233333333334,73.98397849462364,74.82514192919224,4.621099823411162,4.552275217951842,4.570516057711357,78.33783333333332,76.78886885245902,76.95941866096503,4.628587928632655,4.601293844366921,4.6208843893767515,8.131542293653641
2017-11-20,sz000901,64.86,65.07,65.48,63.18,34655,80893369.0,3.51,-0.7,-0.46,0.92,4.539765903183112,-0.20846089838513393,68.544,67.32133333333333,67.82295458186445,4.504317702887595,4.526545180815952,4.532465904158457,70.624,69.22290909090908,69.91558566746764,4.489635546699926,4.510140317979462,4.520877965720301,73.264,71.36380952380952,72.55545060564248,4.531765411960267,4.51469776954457,4.543040604895658,75.929,73.24769892473118,74.1957779337605,4.610443668828425,4.547027868259711,4.568532176774052,78.07533333333335,76.35385792349727,76.56960165568749,4.6258038332259455,4.5983816468112,4.618224766878599,7.907912923037016
2017-11-21,sz000901,65.16,65.71,67.19,65.16,33593,80573515.0,3.12,0.98,0.64,0.89,4.526248789946679,-0.013517113236433786,67.316,66.37666666666665,67.11863638790963,4.501611773887885,4.533855543168979,4.53039353275453,69.83500000000001,68.32945454545455,69.15093372792806,4.497566342714959,4.516797271297054,4.521854479216006,72.696,70.64438095238096,71.90350292891462,4.532164660481172,4.514172376971849,4.541441384424327,75.38633333333334,72.58840860215054,73.64830838964691,4.603169791767351,4.54159594058992,4.565804216333576,77.8535,75.94843715846996,76.21354914238627,4.623091496135451,4.595117547031552,4.615209161077553,7.90619231004849
2017-11-22,sz000901,65.8,72.67,72.67,65.39,106078,272878032.0,11.08,10.59,6.96,2.81,5.025625322927667,0.49937653298098805,67.78799999999998,68.16133333333333,68.9690909252731,4.6237789246496845,4.70852672618224,4.695470796145576,69.768,68.8449090909091,69.79076395921386,4.550659162696651,4.612807994972092,4.613449178072671,72.43249999999999,70.64190476190475,71.97650264997037,4.559529869442348,4.561168630538181,4.587554140472264,75.10966666666667,72.41316129032259,73.58519171934712,4.618885641546577,4.56885113614865,4.595470094178356,77.74716666666669,75.77848633879782,76.09736720329163,4.632051910689142,4.608315377418181,4.628665428679196,8.43596857427305
2017-11-23,sz000901,73.31,72.93,77.24,72.52,189435,510591360.0,6.5,0.36,0.26,5.01,5.277460222304932,0.25183489937726566,68.38199999999999,69.87533333333334,70.28939395018207,4.823465407986127,4.926420492067322,4.889467271532029,69.71600000000001,69.41981818181819,70.3615341484477,4.652143466773287,4.744953642173598,4.734178458842173,72.1455,70.68928571428572,72.06731192140177,4.596906992373425,4.629542949858428,4.653259481599185,74.72833333333332,72.2725376344086,73.54292128584086,4.621337827825456,4.611339818778221,4.639469457283297,77.65299999999999,75.62054644808744,75.99351909826566,4.644890348399961,4.62947630566788,4.649937389125941,8.70807346159226
2017-11-24,sz000901,72.09,71.15,73.51,69.93,81232,210870470.0,4.91,-2.44,-1.78,2.15,4.90972714606053,-0.3677330762444022,69.506,70.798,70.57626263345472,4.855765476884584,4.95517440475879,4.896220563041529,69.587,69.68054545454547,70.50489157600266,4.690601330702305,4.791787038407643,4.766096401972783,71.732,70.59447619047619,71.97994888126827,4.599311552006185,4.659335345447675,4.677684973452647,74.29733333333334,72.04167741935483,73.38853926739952,4.621992548470263,4.629945581245001,4.656905437204409,77.51216666666667,75.40733333333334,75.83471519340449,4.650978051964568,4.6381594793616685,4.658455086074616,8.324015766017409
2017-11-27,sz000901,69.87,72.12,74.33,69.87,89507,235166690.0,6.27,1.36,0.97,2.37,4.951857001153838,0.042129855093308244,70.91600000000001,71.66933333333333,71.09084175563649,4.938183696478729,4.987204912848542,4.9147660424123,69.73,70.14109090909092,70.79854765309308,4.7212506996831625,4.8392880693988305,4.799871056369338,71.5255,70.63142857142857,71.99328708305225,4.608576696135354,4.692911102509357,4.703796595138475,73.95766666666667,71.90120430107527,73.3066980243415,4.6200863566344275,4.651227158837489,4.675934570362436,77.36283333333334,75.23054098360656,75.71292125263713,4.653840168420928,4.648024362941645,4.668074820995246,8.371375806461579
2017-11-28,sz000901,71.5,72.49,72.73,70.28,55507,143856042.0,3.4,0.51,0.37,1.47,4.744347755549232,-0.20750924560460593,72.272,72.194,71.55722783709099,4.9818034895992405,4.922592932538708,4.8579599467912775,69.79400000000001,70.6429090909091,71.10608444343978,4.741707631743562,4.843487534101752,4.789775910765682,71.326,70.72328571428571,72.04059307514252,4.625638916160478,4.705841679596393,4.70765861041569,73.607,71.80651612903226,73.25400782922269,4.6210981395640465,4.659244023283605,4.680348324245456,77.238,75.07077595628414,75.60725170337034,4.655178318268382,4.650991824814703,4.670575572947835,8.157928107117232
2017-11-29,sz000901,72.58,71.33,73.25,71.04,51686,134139812.0,3.05,-1.6,-1.16,1.37,4.7133729232463075,-0.03097483230292486,72.004,71.87999999999998,71.48148522472732,4.919353009662968,4.833116077087732,4.809764272276288,69.89599999999999,70.92218181818183,71.14679636281437,4.771565967156326,4.838335768920432,4.775884458489432,71.14099999999999,70.72366666666666,71.97291754417657,4.633337370091188,4.714197299318853,4.708202830685273,73.25966666666666,71.65961290322579,73.12987829185349,4.6222426690902445,4.665197235134074,4.682478943535833,77.06916666666666,74.87707103825137,75.4670139426041,4.655260710339735,4.652899844650046,4.671978764760899,8.127557693331458
2017-11-30,sz000901,70.63,69.81,72.29,69.81,54148,139056929.0,3.48,-2.13,-1.52,1.43,4.733582420241032,0.02020949699472485,71.38000000000001,71.14866666666667,70.92432348315155,4.810577449250188,4.77119254728042,4.784370321597869,69.881,70.90654545454545,70.9037424786663,4.817021428618157,4.831429669481287,4.768193178807905,71.004,70.59690476190477,71.76692539711213,4.635371062131703,4.723744446952171,4.710619934452488,72.97599999999998,71.43705376344087,72.91569259560488,4.620497597157843,4.672380444885738,4.685775942032943,76.888,74.63906557377048,75.28153807563348,4.654656623408211,4.655467769564842,4.673998556743855,8.143192633987601
2017-12-01,sz000901,69.52,68.65,69.67,67.34,54184,134409232.0,3.34,-1.66,-1.16,1.43,4.733871062598305,0.0002886423572725505,70.88,70.23866666666666,70.16621565543437,4.775406232557743,4.745623751729792,4.767537235264681,70.193,70.68272727272728,70.49397111890879,4.815585854721163,4.816311421114042,4.761952794042522,70.8395,70.37271428571428,71.47007535929193,4.649821016303585,4.7331253993775615,4.712834327609232,72.641,71.15795698924731,72.64048662169489,4.6302818912030315,4.679694862010929,4.68887885303716,76.69383333333333,74.36896721311474,75.06411059774385,4.65666415870094,4.658064964292387,4.6759615897226885,8.128429099588038
2017-12-04,sz000901,68.94,66.9,69.73,66.79,44440,110203987.0,4.28,-2.55,-1.75,1.18,4.64777405026883,-0.08609701232947486,69.836,68.912,69.07747710362293,4.714589642380742,4.70307969096682,4.727616173599398,70.376,70.084,69.84052182456173,4.826386669429735,4.78580018394089,4.741193022447305,70.5,69.99752380952381,71.0348300869784,4.658011108064831,4.732930450231395,4.70663811071967,72.30133333333333,70.78756989247312,72.27013264610167,4.629972497783423,4.6808233884022705,4.686226930277913,76.4555,74.04785792349726,74.79643484044078,4.654048416874371,4.657773485327399,4.67503740810125,8.042197306864015
2017-12-05,sz000901,67.92,69.38,72.44,67.83,93653,238411643.0,6.89,3.71,2.48,2.48,4.971521693751595,0.32374764348276486,69.21400000000001,68.76,69.17831806908195,4.760024430021214,4.788723708090439,4.80891801365013,70.743,69.90290909090909,69.75679058373233,4.870913959810227,4.812188370181229,4.783070962684448,70.289,69.89085714285716,70.87722722155189,4.684240151262593,4.762788601249182,4.731865118627472,72.045,70.59909677419355,72.08367247538543,4.645081093590857,4.702858820400219,4.704633044050409,76.27166666666666,73.81587431693988,74.61884681288535,4.66024621408284,4.668182445225012,4.684758204352081,8.377327460662084
2017-12-06,sz000901,68.42,70.92,70.92,66.35,78913,197808847.0,6.59,2.22,1.54,2.09,4.897148554073766,-0.07437313967782888,69.13199999999999,69.32866666666668,69.7588787127213,4.7967795561867055,4.83443174944129,4.838328193791343,70.56800000000001,69.93509090909092,69.9682832048719,4.858066282924836,4.816958296410963,4.803812342937051,70.16799999999999,69.95095238095239,70.88130081949933,4.704362722810744,4.783065591993103,4.747606398193786,71.81099999999999,70.52651612903226,72.00859683181218,4.659042007269845,4.719121237205567,4.7170533995357875,76.09349999999999,73.64040983606559,74.49757314688911,4.6618424188910526,4.675949735060782,4.691721822375742,8.296245711514745
2017-12-07,sz000901,70.13,71.39,73.77,69.9,106006,276602736.0,5.46,0.66,0.47,2.8,5.025330447275582,0.12818189320181617,69.44800000000001,70.08133333333333,70.30258580848087,4.855129161593616,4.910615379804248,4.90066227828609,70.414,70.08454545454546,70.22677716762246,4.832853305421902,4.847369962656553,4.844088361907692,70.065,70.06733333333334,70.92974836049939,4.742498386097594,4.81363394670404,4.774056307630147,71.56833333333334,70.49935483870968,71.96868735879205,4.675555763389584,4.742752749464001,4.736942241325452,75.9475,73.48619672131147,74.39568550272881,4.6667228206773865,4.687867375335684,4.7026598100773755,8.441856471593342
2017-12-08,sz000901,70.72,71.3,72.03,70.11,81148,208388917.0,2.69,-0.13,-0.09,2.15,4.909277820531105,-0.11605262674447747,69.978,70.69866666666667,70.63505720565391,4.890210513180176,4.928664932783411,4.9035341257010945,70.429,70.24563636363636,70.42190859169109,4.832808372868959,4.8612653290400445,4.855940990748312,70.00800000000001,70.18495238095237,70.9650104214042,4.761704851785632,4.829517702364375,4.786934546954048,71.29766666666666,70.48204301075268,71.92554623886998,4.67714382562711,4.757831591860229,4.748060665790334,75.816,73.33381967213116,74.29418761739343,4.670539432521849,4.695819998281708,4.709434171075858,8.318874617632591
2017-12-11,sz000901,71.33,71.39,71.71,70.54,58213,149714167.0,1.64,0.13,0.09,1.54,4.765019981175847,-0.14425783935525782,70.876,71.16933333333333,70.88670480376928,4.913659699361579,4.886934755448635,4.857362744192679,70.356,70.42036363636363,70.59792521138361,4.81412467087116,4.848940166914025,4.839409898098773,70.04299999999999,70.31657142857142,71.0054856193657,4.767687685277162,4.829833428972966,4.784847445451362,71.13566666666665,70.48800000000001,71.89099486862031,4.677092687713955,4.763501021250469,4.749154815170044,75.67433333333334,73.18870491803278,74.19896835124939,4.674292205242695,4.698917721188397,4.711256656652907,8.175262898264313
2017-12-12,sz000901,71.27,69.14,71.42,68.94,57165,144859333.0,3.47,-3.15,-2.25,1.51,4.757130207827848,-0.007889773347998563,70.828,70.59066666666666,70.30446986917951,4.87078140217683,4.834758258270725,4.823951898737736,70.021,70.19927272727274,70.33284790022296,4.815402916099022,4.838577537269785,4.82444995441315,69.9075,70.23057142857142,70.82782032228326,4.778555273921292,4.828827954930175,4.782207708534838,70.891,70.35924731182796,71.71351132870933,4.688893582806659,4.7686647322255595,4.749669356631839,75.50783333333334,72.97446448087432,74.03310053645433,4.676656784263318,4.701633721273154,4.7127607075111015,8.160946481174745
2017-12-13,sz000901,69.26,69.23,69.52,68.3,46824,117019837.0,1.76,0.13,0.09,1.24,4.670468511106124,-0.08666169672172419,70.49000000000001,70.058,69.94631324611967,4.825445393583301,4.76798729458049,4.772790769527199,69.811,70.05545454545455,70.13233010018241,4.811112474885003,4.812225827271076,4.796453328357327,69.8535,70.16604761904762,70.67564695825628,4.791339221020666,4.8185339775192055,4.771565880208294,70.69766666666668,70.25208602150538,71.55328479137324,4.692595738355793,4.767476017922299,4.744559624662438,75.30633333333331,72.76863387978142,73.87562183034106,4.672303487403598,4.70143082707128,4.711374078120775,8.068259488834947
2017-12-14,sz000901,68.94,68.65,69.35,67.83,46526,115547916.0,2.2,-0.84,-0.58,1.23,4.667695716350138,-0.002772794755986574,69.942,69.44466666666668,69.51420883074645,4.7539184473982115,4.7154040688361025,4.7377590851348454,69.69500000000001,69.84436363636364,69.86281553651288,4.804523804495914,4.786150052992009,4.7730428534469285,69.78800000000001,70.05142857142857,70.4827282003271,4.810772616557036,4.806758405645823,4.761673483650375,70.56766666666667,70.11997849462364,71.36597609515562,4.691755309586441,4.765869564889676,4.739600662835838,75.11033333333333,72.55039344262293,73.70428996705118,4.672557270156933,4.701279752610511,4.709942000685672,8.062762117033976
2017-12-15,sz000901,68.27,68.91,69.41,68.27,55299,138129195.0,1.66,0.38,0.26,1.46,4.742717277807254,0.0750215614571168,69.464,69.10066666666667,69.3128058871643,4.720606338853442,4.711670345639116,4.739411816025648,69.721,69.70163636363637,69.689576348056,4.805408426016809,4.774912502684981,4.767529112421533,69.957,69.96780952380952,70.33294456220071,4.810497140368986,4.800276944812511,4.759868130712935,70.46666666666667,70.01303225806451,71.20752602450042,4.701683486207994,4.769157433807148,4.739801734769478,74.91366666666666,72.34710382513661,73.54710013206589,4.674442673702791,4.703580080730192,4.71101659993556,8.14028548080429
2017-12-18,sz000901,69.17,68.27,69.17,67.14,49448,121666305.0,2.95,-0.93,-0.64,1.31,4.694148730583769,-0.04856854722348558,68.84,68.70266666666666,68.9652039247762,4.706432088735026,4.702851142882557,4.7243241208783555,69.858,69.43781818181819,69.43147155750034,4.810045894048303,4.754683467151701,4.754187224814666,70.11699999999999,69.80714285714286,70.13647365151493,4.818216281739019,4.789196143880584,4.753609140224443,70.286,69.87131182795699,71.01800821646815,4.708689370059321,4.768671320541069,4.736856379660724,74.68599999999999,72.1292786885246,73.37408045560471,4.673256141519357,4.704226180955799,4.71046355503878,8.085170318749928
2017-12-19,sz000901,68.07,68.15,68.5,67.49,38327,94595563.0,1.48,-0.18,-0.12,1.01,4.583504826704517,-0.11064390387925194,68.64200000000001,68.47266666666665,68.69346928318414,4.67170701251036,4.661875388872388,4.677384356153743,69.735,69.12727272727273,69.19847672886392,4.771244207343595,4.713494182180105,4.723154061521912,70.239,69.61980952380952,69.94728568470398,4.821079083576911,4.766842671972538,4.737408729413022,70.10433333333334,69.73350537634407,70.83297542830891,4.713241503289593,4.760594898389146,4.726962731082904,74.47966666666666,71.91498360655739,73.20279912919145,4.670904223777772,4.7012835148962955,4.706300973781919,7.97587076631926
2017-12-20,sz000901,68.15,65.8,68.21,65.74,61708,149493329.0,3.62,-3.45,-2.35,1.63,4.790341470850629,0.20683664414611247,67.95599999999999,67.52533333333334,67.72897952212276,4.695681604459262,4.701420208319145,4.715036727719372,69.223,68.41181818181818,68.58057186907048,4.7605634990212815,4.716966411908656,4.735369954127133,69.8955,69.19704761904762,69.55230609568456,4.809314890973059,4.763915280284319,4.74244994288327,69.85300000000001,69.4558064516129,70.50826733615996,4.723096314880923,4.765569089844697,4.731051682035661,74.2235,71.6304043715847,72.96008440364419,4.674007587996597,4.705199490210161,4.709056399915319,8.174621813107741
2017-12-21,sz000901,65.88,65.39,65.94,64.19,44557,105449255.0,2.66,-0.62,-0.41,1.18,4.648915942324875,-0.14142552852575463,67.304,66.67,66.94931968141518,4.691925649654208,4.685831654274349,4.6929964659212065,68.623,67.71490909090909,68.00046789287585,4.72292204852621,4.696666856145673,4.719651042890359,69.5185,68.76795238095238,69.15589599133365,4.777887676974055,4.748639189936873,4.733541942830089,69.58433333333333,69.16787096774195,70.17805654027867,4.735972940240467,4.7607832593572095,4.72575260205432,73.98466666666667,71.34078142076503,72.71188491500011,4.6743700003706445,4.704376813302891,4.707084581633666,8.023043515791656
2017-12-22,sz000901,65.48,64.43,65.68,63.99,39449,92990154.0,2.58,-1.47,-0.96,1.04,4.596035998673795,-0.05287994365107984,66.40799999999999,65.712,66.1095464542768,4.662589393827517,4.653868437280877,4.66067631017207,67.936,66.95254545454546,67.35129191235296,4.691597866340479,4.673596665263415,4.697175580305529,69.18249999999999,68.28333333333333,68.70581065882568,4.762203119604719,4.731319982479706,4.720446138624728,69.31733333333334,68.83533333333334,69.80721418284135,4.738335856637248,4.7517550695787145,4.717383788932996,73.725,71.02751366120218,72.44034770467223,4.672684026044078,4.701808485378405,4.70344364448744,7.9684369669427495
2017-12-25,sz000901,64.43,63.35,65.27,63.06,48088,111784853.0,3.43,-1.68,-1.08,1.27,4.68203671496056,0.08600071628676531,65.424,64.69266666666667,65.18969763618453,4.660166990702875,4.6603508776585585,4.667796445101567,67.132,66.11872727272727,66.62378429192515,4.68329953971895,4.67185827410343,4.694423059333716,68.744,67.72785714285715,68.19573345322324,4.748712105295056,4.7236850867993105,4.716788098275759,69.07266666666666,68.45034408602152,69.39061971943224,4.739558303424425,4.748122866889896,4.715103332547678,73.45716666666667,70.68734972677596,72.1423035176338,4.676439132573032,4.702115130916649,4.702741777945575,8.048382960042545
2017-12-26,sz000901,63.35,64.14,64.25,63.09,34131,79178644.0,1.83,1.25,0.79,0.9,4.533149012806025,-0.14888770215453562,64.622,64.26466666666667,64.83979842412303,4.6500958279231766,4.618011551692942,4.62291396766972,66.632,65.57472727272727,66.17218714793876,4.660901420216769,4.64455817830108,4.66510050541959,68.3265,67.28938095238094,67.80947312434483,4.738152168157894,4.703155268467021,4.699298661564356,68.81566666666666,68.13210752688173,69.05187006011404,4.739337322686451,4.734806138462902,4.703364344177249,73.2,70.38186885245901,71.87993291049827,4.679120184897378,4.697417094202978,4.69718135941641,7.898608059826389
2017-12-27,sz000901,63.85,63.82,64.25,63.35,28860,67000946.0,1.4,-0.5,-0.32,0.76,4.460296326757476,-0.07285268604854878,64.22600000000001,63.99733333333334,64.49986561608202,4.584086799104545,4.5547450513043755,4.568708087365639,66.09100000000001,65.06345454545455,65.74451675740444,4.6398842017819035,4.608084524944844,4.6278633820264785,67.95100000000001,66.86019047619047,67.42952330297867,4.725498338333454,4.676692807381267,4.676536534439891,68.59933333333333,67.8098064516129,68.71433005623572,4.7408542146077455,4.716803493564259,4.6876825366017805,72.94083333333334,70.07432786885245,71.6156728150721,4.681265640323286,4.690242541477079,4.689414637034149,7.826080934636341
2017-12-28,sz000901,63.87,63.85,64.43,63.67,36206,84480055.0,1.19,0.05,0.03,0.96,4.558780547079236,0.09848422032175996,63.918000000000006,63.872,64.28324374405469,4.566059720055419,4.546309633962605,4.565398907270172,65.611,64.65599999999999,65.40005916514909,4.628992684854813,4.593338405907995,4.615302866581525,67.65299999999999,66.46961904761905,67.0886163217426,4.716758244675364,4.660814922499913,4.6653216785007805,68.39566666666666,67.50339784946237,68.40050231067214,4.7501793059896285,4.705056805336613,4.679366279213229,72.67683333333333,69.77626775956284,71.36106059162711,4.682102705255818,4.686226636780552,4.6851315521175945,7.926754187933448
2017-12-29,sz000901,63.64,64.17,64.28,63.38,33361,77502934.0,1.41,0.5,0.32,0.88,4.523239060190306,-0.03554148688892944,63.86600000000001,63.956,64.24549582936979,4.551500332358721,4.532036080674234,4.551345624910217,65.137,64.394,65.17641204421288,4.607044863093119,4.574110474150812,4.598563992692212,67.429,66.13790476190476,66.81065286252903,4.706226644554964,4.642384523977526,4.65179000056645,68.35033333333334,67.23077419354838,68.12756667772555,4.742679714610364,4.690415499156012,4.669293555405299,72.41633333333333,69.49735519125683,71.1252881132131,4.6818897690107635,4.681017992680044,4.679823601562601,7.88931814374361
2018-01-02,sz000901,64.14,64.75,64.98,64.14,35065,82499388.0,1.31,0.9,0.58,0.93,4.544873843234801,0.021634783044494732,64.146,64.25066666666666,64.41366388624652,4.524067758013569,4.529827250966261,4.549188364351745,64.785,64.32363636363637,65.09888258162871,4.592117374358223,4.5628066523583914,4.588802147336319,67.3215,65.8827619047619,66.61440020895483,4.701081634203263,4.627017590518463,4.641607509392007,68.33966666666667,66.99849462365592,67.90965915013035,4.742849979278754,4.677653830035008,4.661266477200751,72.13433333333333,69.24600000000001,70.91626227343562,4.67664682405359,4.676525667244765,4.675399019322345,7.916450726862546
2018-01-03,sz000901,65.01,65.45,65.68,64.37,46404,109986936.0,2.02,1.08,0.7,1.23,4.66655541812069,0.12168157488588882,64.408,64.68533333333333,64.75910925749768,4.550749039076502,4.577323137668634,4.58831071560806,64.51500000000001,64.44454545454545,65.16272211224167,4.600422433499839,4.576340842133385,4.6029391056607505,67.12500000000001,65.7045238095238,66.50350495095913,4.685833320421717,4.62372937946298,4.643983500699501,68.331,66.81206451612903,67.75097146302517,4.747526866884554,4.672731600282875,4.661607699195587,71.85866666666666,69.02684153005464,70.73704055955248,4.675348329325952,4.676194801476473,4.675109065184586,8.04134110370324
2018-01-04,sz000901,65.77,65.39,66.73,64.98,53925,129128947.0,2.67,-0.09,-0.06,1.43,4.731790153774583,0.0652347356538927,64.72200000000001,65.01266666666668,64.96940617166513,4.6050478044799235,4.637670175901329,4.636137194996901,64.474,64.60363636363637,65.20404536456135,4.594567301792234,4.600225882183339,4.626366568954174,66.8485,65.53928571428571,66.39745686039159,4.677565400406758,4.628106220734682,4.652346039087604,68.08833333333334,66.62232258064516,67.59865072347516,4.737732361246117,4.671716328469328,4.666135599491006,71.59899999999999,68.81475409836065,70.56172775432125,4.6783090013963475,4.67804535309774,4.676967461531799,8.111023609525718
2018-01-05,sz000901,65.07,66.17,66.93,65.07,58590,140252718.0,2.84,1.19,0.78,1.55,4.767823498007517,0.03603334423293436,65.186,65.49533333333333,65.36960411444342,4.646856394665579,4.6919287404105265,4.680032629333773,64.55199999999999,64.91199999999999,65.37967348009565,4.6064580573604985,4.631727008767936,4.652086010600236,66.5875,65.47466666666666,66.37579430225905,4.664690052943355,4.636702230029991,4.663343892318071,67.863,66.49855913978494,67.50647970905742,4.720744470436204,4.673657692131354,4.672696109072716,71.29566666666666,68.63675409836065,70.41773668040908,4.67104114913083,4.680980254625975,4.679946347973625,8.146911286334358
2018-01-08,sz000901,66.32,66.73,66.79,65.39,56583,136218850.0,2.12,0.85,0.56,1.5,4.752685969789512,-0.015137528218004626,65.69800000000001,66.01,65.82306940962894,4.69274577658542,4.727205265451837,4.704250409485686,64.78200000000001,65.30799999999999,65.62518739280553,4.6221230544720715,4.658313901936847,4.6703769122710135,66.35900000000001,65.48823809523809,66.40952817823438,4.656860460406275,4.64508279353915,4.671852661601066,67.71566666666666,66.4254623655914,67.45638424395695,4.715509764560504,4.675718434025116,4.677856745247993,71.00649999999999,68.48706010928962,70.2968272810514,4.668751156515383,4.683657133991835,4.682331253606933,8.134237209519029
2018-01-09,sz000901,66.55,65.77,66.55,65.68,36992,88741406.0,1.3,-1.44,-0.96,0.98,4.568107812404416,-0.1845781573850962,65.902,66.034,65.80537960641931,4.6973925704193435,4.685659277391503,4.65886954379193,65.024,65.48763636363637,65.65151695774998,4.610730164216457,4.6484929488336375,4.651782530477086,66.078,65.43214285714286,66.34862073268825,4.647014851967703,4.636630160396115,4.661972199772814,67.50399999999999,66.29993548387095,67.34758526047587,4.702718124935521,4.666208630660207,4.670776168935505,70.73083333333334,68.31537158469946,70.14840671445955,4.661402240784975,4.680357352217704,4.6785862227478345,7.9481263053046325
2018-01-10,sz000901,66.32,64.72,66.84,64.31,41919,99617620.0,3.85,-1.6,-1.05,1.11,4.622410913773809,0.05430310136939287,65.756,65.64,65.44358640427954,4.688563669549967,4.660665391842991,4.6467166671192235,65.08200000000001,65.43236363636363,65.48215023815906,4.619656354313234,4.650616721480429,4.646442236531035,65.857,65.3028095238095,66.19351399624175,4.640278887265002,4.634286928187173,4.6582044582491,67.24499999999999,66.12032258064515,67.17806363076775,4.698653563543008,4.661027520262677,4.667655829892815,70.426,68.1182950819672,69.97042616644448,4.659875851553527,4.679078948053405,4.676744409338849,7.9983361616363355
2018-01-11,sz000901,64.72,64.98,65.13,63.58,37552,87941985.0,2.39,0.4,0.26,0.99,4.574633072254517,-0.04777784151929154,65.674,65.38133333333333,65.28905760285303,4.657132253245954,4.62268852607784,4.622688802164322,65.19800000000001,65.41381818181819,65.39085019485742,4.631090028862939,4.642430670197025,4.633386024844396,65.64450000000001,65.21928571428572,66.07794123469492,4.635487115322421,4.628034945805222,4.650245278630568,67.03333333333333,65.9741935483871,67.03625307394402,4.694028901843281,4.653026198244064,4.661654361658086,70.1465,67.93973770491804,69.80680563639712,4.658135785466763,4.676284102830486,4.67339649664756,7.944196264158571
2018-01-12,sz000901,64.86,63.93,64.86,63.82,31307,73142733.0,1.6,-1.62,-1.05,0.83,4.495641453248718,-0.07899161900579976,65.226,64.8,64.83603840190203,4.602695844294194,4.568858259412095,4.580339685859121,65.20599999999999,65.18327272727272,65.1252410685197,4.624776119479887,4.617803656448985,4.608341557281545,65.40849999999999,65.05600000000001,65.87337540281922,4.6268844021673505,4.614716311322012,4.6355211047846785,66.83733333333333,65.77397849462366,66.8358496498186,4.686097536276872,4.640227008012158,4.650943851438127,69.90666666666668,67.73591803278688,69.6141234843841,4.653297566717357,4.670956419806942,4.667568462437762,7.864171183847853
2018-01-15,sz000901,63.29,61.11,64.11,60.99,55918,127390603.0,4.88,-4.41,-2.82,1.48,4.74755162975306,0.25191017650434233,64.102,63.428000000000004,63.59402560126802,4.601668976286904,4.617143521231717,4.636077000490435,64.9,64.43854545454545,64.39519723787976,4.647207376436162,4.640126476498653,4.6336524795490925,65.0185,64.64661904761905,65.41972060255073,4.6271261197646405,4.626208428234937,4.646190678591191,66.586,65.40447311827957,66.46643999499159,4.68655355518203,4.644191788236427,4.6571766113294135,69.61349999999999,67.44750273224044,69.33529976358462,4.658417723192531,4.6740467169556545,4.670190861366132,8.10513739333871
2018-01-16,sz000901,61.08,60.53,61.31,59.71,50379,111570654.0,2.62,-0.95,-0.58,1.33,4.70224954270175,-0.04530208705130967,63.05400000000001,62.23733333333334,62.57268373417868,4.628497322346371,4.650670376703332,4.6581345145608735,64.478,63.644,63.6924341037198,4.662944946382857,4.650134143092396,4.6461246728495755,64.6315,64.21914285714286,64.95403292611732,4.627531160370539,4.633363039943233,4.651529618030292,66.37366666666667,65.01376344086022,66.08344386628245,4.6883694049297935,4.645204432592539,4.660084542385694,69.3375,67.1496830601093,69.0466014106802,4.659170951356609,4.675483825792023,4.671241965672218,8.047549978814574
2018-01-17,sz000901,60.5,61.05,61.2,59.1,40901,89998300.0,3.47,0.86,0.52,1.08,4.611733926324525,-0.0905156163772256,62.31999999999999,61.56933333333333,62.06512248945246,4.626361924856514,4.645082578029384,4.642667651815424,64.038,63.02072727272727,63.2119915394071,4.657462797203241,4.640823048536335,4.639871809845021,64.2765,63.878047619047614,64.5822202664871,4.62894261535154,4.631858541462661,4.647739552153553,66.096,64.67030107526881,65.75870555232875,4.676376479348892,4.640260208166392,4.656965147801103,69.07050000000001,66.8779617486339,68.78441775787101,4.660728786469874,4.673928513495888,4.669290882414916,7.954234306021634
2018-01-18,sz000901,60.82,60.73,61.34,60.29,26748,59443504.0,1.72,-0.52,-0.32,0.71,4.427291314527863,-0.184442611796662,61.470000000000006,61.03933333333334,61.62008165963498,4.596893573311183,4.578725707919833,4.570875539386237,63.572,62.41927272727272,62.76072035042399,4.627012913278569,4.598973688049904,4.6012208106964465,64.023,63.540285714285716,64.21534214586927,4.610790107535402,4.612653655669929,4.626744481903487,65.75633333333333,64.32410752688173,65.43427293604948,4.660714571364028,4.624190197532777,4.642147481138314,68.78366666666668,66.60450273224045,68.52033848712114,4.659878289316936,4.666274825891233,4.661356470353046,7.77410440174532
2018-01-19,sz000901,61.37,62.53,64.49,61.37,68271,157235780.0,5.14,2.96,1.8,1.81,4.834236264230046,0.40694494970218287,61.19,61.39266666666666,61.92338777308999,4.664612535507449,4.657839938226121,4.658662447667507,63.208000000000006,62.22981818181819,62.71877119580144,4.633654189900822,4.636650660950172,4.643587256793465,63.879999999999995,63.39809523809524,64.0548333700722,4.62005612363066,4.633934242021801,4.6465056040298265,65.461,64.11595698924732,65.24690048856242,4.65434476526251,4.635385145459617,4.65454030585391,68.51466666666667,66.39946448087431,68.32393394655978,4.664950264326047,4.671991480806415,4.667024660316226,8.196551379416002
2018-01-22,sz000901,62.45,62.42,62.8,61.11,35677,80791768.0,2.7,-0.18,-0.11,0.94,4.552388328377223,-0.28184793585282275,61.452,61.802666666666674,62.088925182059995,4.625579875232281,4.6204318691827115,4.623237741237412,62.777,62.08654545454546,62.66444916020117,4.613624425759592,4.621875049764063,4.627005633445057,63.779500000000006,63.259047619047614,63.89913495387485,4.617873740115831,4.627489690092902,4.637542053967674,65.165,63.9197634408602,65.06451981188097,4.642448448857381,4.628807310821857,4.647949855694124,68.23133333333334,66.1996393442623,68.13036234175453,4.659796137242245,4.6683009255294055,4.663266092055931,7.907367112082683
2018-01-23,sz000901,62.33,63.5,64.14,62.1,45123,103692612.0,3.27,1.73,1.08,1.19,4.654397965978249,0.102009637601026,62.04600000000001,62.48533333333333,62.559283454706666,4.616009559887582,4.630037899431368,4.633624482817692,62.55,62.217999999999996,62.81636749471005,4.6222534411169764,4.62928842071291,4.631986057542001,63.787,63.23242857142858,63.86112210112486,4.616491802666716,4.6309681877940845,4.639147378921061,64.902,63.812344086021504,64.96358304982414,4.638761048350795,4.6295782474103,4.6483658628092295,68.01883333333333,66.04451366120219,67.97854718300847,4.6579268680323755,4.668123936307635,4.6629753338238755,8.015747814422472
2018-01-24,sz000901,63.41,63.47,63.82,62.68,37046,85451758.0,1.8,-0.05,-0.03,0.98,4.568741322390673,-0.08565664358757541,62.529999999999994,62.96,62.86285563647112,4.6074110391008105,4.614281820265732,4.611996762675353,62.425,62.38527272727272,62.935209768399126,4.616886481978662,4.619558944580855,4.620487014787214,63.75350000000001,63.202238095238094,63.82387237720821,4.618271418145949,4.62642052300589,4.632442040203881,64.71300000000001,63.7199569892473,64.86722285306129,4.632481418836222,4.625060845735454,4.643228795685451,67.80199999999999,65.89537158469945,67.83072596389344,4.66068750082144,4.6651998200570866,4.659885694104754,7.931721001894035
2018-01-25,sz000901,63.18,64.08,65.91,63.18,84998,200137268.0,4.3,0.96,0.61,2.25,4.929408706900379,0.36066738450970526,63.2,63.47666666666667,63.268570424314085,4.707834517575313,4.721614376198922,4.717800744083695,62.334999999999994,62.686181818181815,63.143353446872005,4.652364045443248,4.676381167293894,4.676654595171425,63.76649999999999,63.233333333333334,63.84826548414076,4.641727037153093,4.656052645744407,4.660724579889262,64.54133333333334,63.67911827956989,64.81643428189605,4.64111275869603,4.644217444965399,4.661692015763834,67.6195,65.7733387978142,67.70775134212644,4.666854248525912,4.674010351403939,4.668722514196413,8.301327967095528
2018-01-26,sz000901,63.58,62.91,64.28,62.83,44793,103611419.0,2.26,-1.83,-1.17,1.18,4.651210150183348,-0.2781985567170304,63.275999999999996,63.38,63.14904694954273,4.671229294765974,4.702739587068266,4.695603879450246,62.233000000000004,62.790727272727274,63.100925547440724,4.667920915136712,4.67617136815573,4.67202833244632,63.719500000000004,63.15176190476192,63.758906866603546,4.646348517308299,4.656955799366336,4.659818443726794,64.35,63.57387096774193,64.69343852177373,4.640563239823804,4.6448688895774835,4.661015766371545,67.45883333333333,65.61892896174864,67.55044801943377,4.666159274705122,4.6734974301468055,4.668148338327132,8.015407621581048
2018-01-29,sz000901,62.83,61.17,63.41,60.53,43293,97783147.0,4.58,-2.77,-1.74,1.15,4.636417681408048,-0.014792468775300271,63.025999999999996,62.678,62.489364633028494,4.688035165372139,4.691135715948958,4.675875146769513,62.239,62.59745454545455,62.749848175178776,4.656807520302211,4.670443507477792,4.66555366862118,63.56949999999999,62.90895238095238,63.512344307879395,4.652007448369186,4.656010005471074,4.657589799696438,64.092,63.368709677419346,64.46611990746575,4.63701991994383,4.644601434195822,4.659428793148094,67.27933333333334,65.41273770491803,67.34125300240316,4.669351703075913,4.672522295940344,4.667107988919949,7.990264010251823
2018-01-30,sz000901,61.17,61.34,61.81,60.58,28893,64587718.0,2.01,0.28,0.17,0.76,4.460792637579859,-0.17562504382818922,62.593999999999994,62.116,62.106243088685666,4.649314099692461,4.615388206684864,4.604180977039629,62.32000000000001,62.43399999999999,62.49351214332809,4.632661829790021,4.634804437891908,4.628324390250031,63.399,62.69661904761905,63.30545437379565,4.647803388086439,4.637799071110185,4.638847212828193,63.861,63.191161290322576,64.26443475214539,4.629241383510367,4.633231932107824,4.646613557304983,67.0735,65.21800546448087,67.14449060888174,4.668965376784844,4.665684293792933,4.660343551171094,7.8101499404106915
2018-01-31,sz000901,61.25,60.23,61.63,59.94,31210,69241481.0,2.76,-1.81,-1.11,0.83,4.494293768665333,0.033501131085474256,61.946000000000005,61.327999999999996,61.480828725790445,4.634424588947394,4.563714763009155,4.567551907581531,62.238,62.05399999999999,62.0819644809048,4.620917814024102,4.6096466085965115,4.60395518632554,63.138,62.39480952380951,63.012553957243675,4.639190305613671,4.623179107355794,4.6250802181460156,63.597,62.95690322580646,64.00414863910376,4.626267681575728,4.624525634375886,4.636786474166942,66.85066666666667,64.99362841530055,66.91778599875447,4.66975459243266,4.659957355821802,4.65489929600697,7.840366348389507
2018-02-01,sz000901,59.62,55.75,60.64,55.23,54925,116502385.0,8.98,-7.44,-4.48,1.45,4.739770065592548,0.2454762969272153,60.279999999999994,59.26266666666666,59.5705524838603,4.596496860685828,4.598829921890872,4.62495796025187,61.74000000000001,60.87436363636364,60.930698211649386,4.6521656891305705,4.631256108881684,4.6286488007377224,62.656000000000006,61.691190476190485,62.3208821517919,4.639589301204569,4.632758132115687,4.636003060759971,63.26199999999999,62.45064516129032,63.47162292045191,4.624581968067124,4.631848368828584,4.643430576839561,66.55749999999999,64.62967213114754,66.55162908076252,4.673839141474024,4.662252945105731,4.657681944190103,8.066334816192398
2018-02-02,sz000901,55.31,54.09,55.37,52.84,52740,105430199.0,4.54,-2.98,-1.66,1.4,4.722140125457416,-0.01762994013513275,58.516,57.199333333333335,57.74370165590687,4.610682855740641,4.640711010148069,4.657352015320386,60.895999999999994,59.48345454545455,59.686934900440406,4.640956075253308,4.643978733668383,4.64564722341403,62.052,60.87538095238096,61.536988613526006,4.6373051325770644,4.640620115377863,4.644206590731156,62.88533333333333,61.85890322580645,62.86635692558405,4.627022774171542,4.638142443498926,4.648508612234262,66.23483333333334,64.22090163934425,66.14305107811458,4.681497857206005,4.663836583924859,4.659795327182474,8.022965026251658
2018-02-05,sz000901,52.98,54.58,54.96,52.46,32971,65485490.0,4.62,0.91,0.49,0.87,4.51813211935716,-0.20400800610025538,57.198,55.88733333333334,56.68913443727125,4.587025743330463,4.609860764686909,4.610945383332645,60.112,58.3350909090909,58.75840128217851,4.637530454351301,4.621647105323629,4.622462659040053,61.44449999999999,60.16376190476191,60.87441826938067,4.625577440055446,4.629270304595015,4.6321994982193475,62.557,61.323075268817206,62.33175325296573,4.6244259781943216,4.6311172399625145,4.640097225597031,65.93716666666667,63.83877595628416,65.76393464932394,4.681380917415784,4.658480330224897,4.655150631843939,7.816145081502877
2018-02-06,sz000901,53.65,49.4,53.65,48.73,62966,119210008.0,9.01,-9.49,-5.18,1.67,4.799106105036147,0.2809739856789868,54.81,53.288,54.259422958180835,4.654688436821721,4.680554218588804,4.6736656239004795,58.702,56.387454545454545,57.05687377632787,4.652001268257091,4.651024496357237,4.654579649221161,60.626,59.01666666666667,59.78161652943965,4.637127354687034,4.645796844116987,4.648095365535233,62.092,60.474236559139776,61.49744659148408,4.628328291196841,4.642386925565212,4.6503558629801995,65.58233333333334,63.296573770491804,65.22741220180512,4.683943297310633,4.662340172441957,4.659870483424011,8.076312717121693
2018-02-07,sz000901,50.54,49.17,51.44,47.71,58369,106679339.0,7.55,-0.47,-0.23,1.54,4.766182252874969,-0.032923852161178324,52.598,51.408,52.562948638787226,4.709066133663649,4.717718823939887,4.704504500225309,57.272000000000006,54.654363636363634,55.62289672608644,4.67174536130552,4.671784675378668,4.674871031703671,59.8485,57.92561904761905,58.770986383778734,4.644315921642091,4.658087786801551,4.6593417357580655,61.592999999999996,59.64055913978495,60.702127456549626,4.6360960658658055,4.651280729544446,4.657828533295991,65.20433333333334,62.758464480874316,64.70093967059839,4.687716694276129,4.665036531640788,4.663356115209288,8.02808031607725
2018-02-08,sz000901,49.17,49.78,50.39,48.99,41438,76450932.0,2.85,1.24,0.61,1.1,4.617398786072972,-0.14878346680199694,51.403999999999996,50.468666666666664,51.635299092524825,4.684591877759732,4.687163041409661,4.675469262174531,55.842,53.292181818181824,54.560551866797994,4.640544369222781,4.661903479881842,4.664421532498089,59.088499999999996,56.966714285714296,57.914701966276,4.646454207333014,4.655524250080683,4.65534716912139,61.125,58.87843010752689,59.997474072256104,4.6413328145096555,4.65007445342878,4.655220162507409,64.86216666666667,62.25274863387978,64.21172853385745,4.6910935145587,4.662731026453801,4.661849317532687,7.883382784189018
2018-02-09,sz000901,47.97,46.55,48.56,45.65,63533,111330269.0,5.85,-6.49,-3.23,1.68,4.802999363011705,0.18560057693873322,49.896,48.85066666666667,49.940199395016556,4.7007637252705905,4.726632203160318,4.717979295786922,54.206,51.60272727272727,53.10408789101653,4.655723290505615,4.6914407514798295,4.689617501682383,58.219500000000004,55.77257142857142,56.832349398059236,4.661822102821164,4.6704333125262725,4.669409282825229,60.548333333333325,57.938107526881716,59.12989509985248,4.649473441707404,4.660504553332139,4.664754304475428,64.47200000000001,61.65234972677596,63.6326554671736,4.699826373848517,4.666400070665374,4.666477187876262,8.04661325842688
2018-02-12,sz000901,46.61,47.83,47.97,46.61,37299,65751650.0,2.92,2.75,1.28,0.99,4.571697188368912,-0.231302174642793,48.54600000000001,48.162000000000006,49.23679959667771,4.711476739072941,4.683610024193092,4.669218593314252,52.872,50.44345454545455,52.14516281992261,4.649251241201702,4.676163278364064,4.668177444716297,57.555499999999995,54.783095238095235,55.97498278872026,4.653029380751956,4.661849987340345,4.6601033690674845,60.00366666666667,57.11756989247313,58.40086960953942,4.651088712646692,4.655486730536105,4.658750619565331,64.17699999999999,61.10671038251367,63.11453561579086,4.696884213628527,4.662199113764403,4.663369646908808,7.81790665566984
2018-02-13,sz000901,48.21,48.44,49.61,48.0,43427,78451242.0,3.37,1.28,0.61,1.15,4.637759828707217,0.06606264033830467,48.354,48.126666666666665,48.971199731118475,4.679207483807154,4.659037720737851,4.65873233844524,51.581999999999994,49.63763636363637,51.47149685266395,4.666947960314438,4.674073930637794,4.662646969078282,56.951,53.91495238095238,55.25736538027071,4.649804895052229,4.660395744288464,4.657975412842697,59.46,56.371526881720435,57.75823286053688,4.654184912162439,4.654626802540011,4.65739637499384,63.89983333333334,60.590743169398905,62.63340330051902,4.698517445720596,4.660260609340753,4.662529980738264,7.894599823505834
2018-02-14,sz000901,48.35,48.64,49.02,48.15,27326,49284615.0,1.8,0.41,0.2,0.72,4.43657606399906,-0.2011837647081567,48.248,48.221999999999994,48.860799820745655,4.613286246031973,4.578160580801819,4.58468024696318,50.423,49.10272727272727,50.95667924308868,4.661176189847811,4.632188131307725,4.621543168154787,56.33050000000001,53.12342857142857,54.627140105959214,4.641047001935957,4.640088236569114,4.636889760571875,58.89966666666667,55.6734623655914,57.169959772760315,4.646518933691718,4.640587522013342,4.643149903316758,63.61533333333333,60.090420765027325,62.17460319230528,4.697022900288135,4.651672367317095,4.655121655599273,7.6927113682958055
2018-02-22,sz000901,49.37,49.87,50.19,48.82,34512,63426557.0,2.82,2.53,1.23,0.91,4.53797012775847,0.10139406375941018,48.266,48.76266666666666,49.19719988049711,4.597400514369073,4.553055208043984,4.569110207228277,49.835,49.00218181818182,50.75910119889073,4.640996196064402,4.609787029109664,4.6063480699009105,55.7875,52.50814285714285,54.17407914348691,4.646580942597486,4.630271391409353,4.627468843161075,58.38233333333333,55.09090322580645,56.69899462613062,4.6400582661578476,4.633584373243455,4.636364111345255,63.23533333333333,59.63975409836065,61.77117357944281,4.688895313701982,4.6464575223161235,4.651280621899574,7.802271137118972
2018-02-23,sz000901,50.39,50.16,51.32,49.72,41892,78145460.0,3.21,0.58,0.29,1.11,4.622131094861803,0.0841609671033332,48.988,49.394,49.51813325366474,4.561226860739092,4.561298734874895,4.586783836439453,49.44199999999999,49.06127272727272,50.650173708183324,4.630995293004842,4.606357010709191,4.6092177108028904,55.169000000000004,51.972190476190484,53.79178589172625,4.6359756841290745,4.6279428344821465,4.626960486180192,57.84866666666667,54.56043010752689,56.27712400508994,4.635201852719657,4.6324277815469355,4.635445852217291,62.85583333333334,59.21105464480875,61.39047936372337,4.677973161577929,4.644268531534479,4.650324899701614,7.892903751974894
2018-02-26,sz000901,50.83,51.79,52.05,50.22,53204,100747038.0,3.65,3.25,1.63,1.41,4.72594428478797,0.10381318992616695,49.78,50.327999999999996,50.27542216910983,4.592076280022904,4.616204542891187,4.633170652555625,49.163,49.488181818181815,50.85741485214999,4.651776509547922,4.623620463760669,4.630440724254723,54.6375,51.65038095238094,53.60113961632375,4.644653481949613,4.636511272640137,4.636387514619028,57.35066666666667,54.16954838709677,55.98763213379382,4.634310463219605,4.638282132002956,4.641284460770239,62.53316666666667,58.848240437158466,61.07570954851932,4.674910113890054,4.645841355246283,4.652804223802805,8.00323228658322
2018-02-27,sz000901,51.96,53.36,54.26,50.97,116975,227938540.0,6.35,3.03,1.57,3.09,5.068093053864218,0.3421487690762479,50.763999999999996,51.52133333333333,51.30361477940656,4.6781429250543045,4.774876800838292,4.778144786325157,49.559000000000005,50.25127272727272,51.31243033357726,4.67867520443073,4.699314380909087,4.710013875092812,54.1305,51.52871428571429,53.57817393857863,4.665338236343911,4.676838850917718,4.677502327880474,56.937000000000005,53.912086021505374,55.81810748000067,4.650976637934932,4.6662681055929305,4.668820499034366,62.2205,58.54748087431694,60.822735464961305,4.676847381435227,4.658732599179863,4.666420251017933,8.357817762188894
2018-02-28,sz000901,52.34,54.24,56.91,52.08,127999,256356919.0,9.05,1.65,0.88,3.39,5.1072065767089745,0.03911352284475633,51.884,52.68,52.28240985293771,4.812269027596287,4.9178980180565155,4.8878320497864305,50.066,51.10236363636365,51.844715727472305,4.712777636814129,4.777229175868767,4.782230729932115,53.669000000000004,51.539142857142856,53.641204992047335,4.692261499059826,4.718921550000105,4.718426542054617,56.58766666666667,53.738086021505374,55.716294094194176,4.667136493366104,4.695702295191255,4.6971034717875675,61.916333333333334,58.285825136612026,60.606908072667494,4.682895028454556,4.67284273672982,4.680872261696328,8.408845043418586
2018-03-01,sz000901,53.54,55.25,55.43,53.22,85113,171013012.0,4.07,1.86,1.01,2.25,4.929995898475612,-0.17721067823336245,52.96,53.802,53.271606568625145,4.8906741817397155,4.957140308349623,4.901886666016158,50.613,52.04490909090909,52.463858322477336,4.744037348054395,4.816723405261763,4.809097124212751,53.2275,51.68971428571429,53.7944235642333,4.692290858638588,4.7415629213730375,4.738576004570903,56.263333333333335,53.65178494623656,55.68621060424616,4.678981920906808,4.712660966488644,4.71212878963841,61.64833333333333,58.0672568306011,60.431271742416094,4.686505411375044,4.680944404599365,4.6890402497874515,8.23302915615125
2018-03-02,sz000901,54.67,54.56,55.9,54.41,61608,124478341.0,2.7,-1.25,-0.69,1.63,4.789637110383049,-0.14035878809256275,53.839999999999996,54.33533333333333,53.701071045750105,4.924175384843965,4.923461284564068,4.864470147471788,51.414,52.76254545454545,52.844974991117816,4.742701122791528,4.825014271139701,4.805558939880077,52.81,51.81661904761905,53.86733560573489,4.699212206648572,4.750833992967747,4.743438967029203,55.951,53.54189247311828,55.61355185558513,4.688781776144618,4.719800010970982,4.717129326460645,61.39416666666667,57.834852459016396,60.238771029549994,4.687439656210745,4.684325771779955,4.692338507511898,8.095093791572456
2018-03-05,sz000901,55.55,56.86,57.21,55.55,99461,206066560.0,3.04,4.22,2.3,2.63,4.9976528213983045,0.20801571101525518,54.854,55.342000000000006,54.75404736383341,4.978517092166031,4.947953763415515,4.90886437211396,52.31699999999999,53.75272727272728,53.5749795381873,4.785296686094467,4.871369125431842,4.840485100156118,52.5945,52.202333333333335,54.152351262331564,4.717273963648085,4.779256908658198,4.7676498103024505,55.809333333333335,53.60053763440861,55.69396786490223,4.697118482532793,4.739727175180897,4.735227616456624,61.19766666666667,57.6861912568306,60.12799165153196,4.691836018857412,4.694496695228727,4.702348812885223,8.314007521202916
2018-03-06,sz000901,56.77,56.65,57.38,55.78,77557,160713832.0,2.81,-0.37,-0.21,2.05,4.88962100168769,-0.10803181971061449,55.512,55.940666666666665,55.38603157588894,4.942822681730727,4.918321733256067,4.902449915305204,53.138,54.54054545454545,54.13407416760779,4.810482803392515,4.890337182812428,4.849418900434586,52.36,52.58857142857143,54.39022257068093,4.738715381853477,4.795670912281017,4.779266114243902,55.68,53.65477419354839,55.75564735748918,4.703364197832324,4.75214669254573,4.745188480019919,61.026833333333336,57.53708743169398,60.01395913836697,4.695866801381059,4.7009814487641455,4.708488884649238,8.206053256369817
2018-03-07,sz000901,56.51,54.73,56.54,54.7,64256,130941920.0,3.25,-3.39,-1.92,1.7,4.8079136867928876,-0.08170731489480243,55.61,55.67999999999999,55.16735438392597,4.882964103747509,4.873352068276788,4.870937839134432,53.747,54.82999999999999,54.24242431895183,4.847616565671898,4.889870070703405,4.841872497954276,52.085,52.81428571428572,54.42258232585418,4.754396377759854,4.802261227037152,4.781994454486663,55.46933333333333,53.593483870967745,55.68947656023182,4.70990352318127,4.758891820865766,4.749235267553659,60.782666666666664,57.33063387978143,59.8407145764533,4.693140001265081,4.704655117138304,4.711748714227719,8.1170787046881
2018-03-08,sz000901,54.82,54.93,55.2,54.67,41958,84655267.0,0.97,0.37,0.2,1.11,4.622814778623883,-0.18509890816900487,55.54600000000001,55.45333333333333,55.08823625595065,4.821527879777163,4.786635626568913,4.788230152297582,54.253,55.0450909090909,54.3674380791424,4.85610103075844,4.848997018512857,4.802043821712386,52.044000000000004,53.0852380952381,54.470907818629975,4.748548613411421,4.78972964616706,4.766834485356874,55.275999999999996,53.55868817204301,55.640478072474934,4.716420971984472,4.753273192184644,4.741079106977544,60.51616666666667,57.138743169398914,59.67970754115974,4.688567771674249,4.702349372133675,4.708832847486609,7.927653983802027
2018-03-09,sz000901,55.02,56.54,57.06,54.91,72998,150568143.0,3.91,2.93,1.61,1.93,4.863310961478504,0.2404961828546215,55.94199999999999,55.784666666666666,55.5721575039671,4.836262649996255,4.80056332046936,4.813257088691223,54.891,55.46090909090909,54.76244933748015,4.880219017420108,4.850307915007414,4.813183301669862,52.1665,53.51342857142857,54.66796421685569,4.755607155212475,4.80065939360202,4.7760227211779815,55.07633333333333,53.64023655913978,55.69851174521849,4.717390128559419,4.7627499657003876,4.748965033074381,60.26866666666667,57.00837704918033,59.57676631030205,4.685867446910964,4.70807865704529,4.713897703683065,8.17773309415661
2018-03-12,sz000901,57.38,57.79,58.14,56.77,91597,192954439.0,2.42,2.21,1.25,2.42,4.961881249816523,0.09857028833801884,56.128,56.400666666666666,56.31143833597807,4.829108335679898,4.842436187076116,4.8627984757329905,55.491,55.988,55.31291309430194,4.903812713922965,4.865155593624944,4.840219292241982,52.327,54.04899999999999,54.96530095810753,4.777794611735444,4.820304545469072,4.793723533429271,54.922000000000004,53.815311827957,55.833446471333424,4.731039892607396,4.778523586426653,4.762701563186777,60.0435,56.927109289617476,59.518183808324935,4.686744170732388,4.717128289927438,4.722028311753014,8.285454774154006
2018-03-13,sz000901,57.85,56.77,58.28,56.65,66033,139289095.0,2.82,-1.77,-1.02,1.75,4.819761028514099,-0.14212022130242374,56.152,56.61466666666667,56.46429222398538,4.8151363410451795,4.83932041802085,4.84845265999336,55.831999999999994,56.22054545454546,55.57783798624704,4.878979511387952,4.84987346900515,4.836499607927822,52.695499999999996,54.472142857142856,55.13717705733538,4.778827357909341,4.82430134706704,4.796203294865922,54.69766666666667,53.9345376344086,55.8938692796345,4.736551994691925,4.784247530678698,4.766382819014346,59.79983333333333,56.819781420765025,59.428079421166736,4.68765652152136,4.721489498379299,4.72523266312223,8.143917116662935
2018-03-14,sz000901,56.33,55.34,56.89,55.25,47208,97167136.0,2.89,-2.52,-1.43,1.25,4.674015601630943,-0.14574542688315617,56.274,56.34400000000001,56.08952814932359,4.78835672401279,4.792280171549438,4.790306973872555,55.94199999999999,56.13109090909091,55.5345947160203,4.8356604138801496,4.812607303594785,4.806957061328389,53.004,54.72399999999999,55.15649352806534,4.774219025347139,4.814319275040526,4.784566371700686,54.42666666666666,53.97597849462366,55.8581357777226,4.740061137333267,4.780212924674764,4.760423643699288,59.569833333333335,56.673557377049185,59.29404403030881,4.686271278084744,4.721042255104203,4.723553415204483,7.987519402094594
2018-03-15,sz000901,55.23,55.66,57.23,54.38,51493,105654876.0,5.15,0.58,0.32,1.36,4.71174819471113,0.03773259308018684,56.419999999999995,56.139333333333326,55.94635209954906,4.806143407230239,4.766743995115551,4.76412071415208,55.98299999999999,56.079818181818176,55.55739567674388,4.813835643503701,4.790077809200417,4.789646358307069,53.298,54.97695238095238,55.20444652539245,4.778936495779048,4.80836967212281,4.77763130722549,54.145999999999994,54.05554838709678,55.84535282432115,4.732805786926959,4.778386283215271,4.757283292151666,59.343666666666664,56.54536612021859,59.17489504570852,4.686959272811494,4.721877563846052,4.723166358794865,8.023889544654102
2018-03-16,sz000901,55.55,55.23,56.45,54.99,33875,69506383.0,2.62,-0.77,-0.43,0.9,4.5298793038824625,-0.18186889082866742,56.157999999999994,55.742666666666665,55.70756806636604,4.739457075711032,4.674655960666292,4.686040244062208,56.05,55.94290909090908,55.49786919006317,4.787859862853642,4.7384493838147375,4.742415984775322,53.73199999999999,55.16095238095239,55.206880189640785,4.765280492822585,4.7846499395612305,4.754035878335678,53.89,54.12548387096775,55.80565264210688,4.7287614253835955,4.76529425205111,4.742612067102041,59.12,56.410491803278695,59.045554224537746,4.6846623326037,4.7167274009303455,4.716829078305934,7.842024689113689
2018-03-19,sz000901,55.55,55.81,57.0,55.49,45223,93497435.0,2.73,1.05,0.58,1.2,4.655359369159926,0.12548006527746391,55.762,55.62666666666667,55.74171204424403,4.678152699579712,4.646623391815924,4.675813285761448,55.94500000000001,55.89927272727273,55.55462024641532,4.753630517629805,4.714358384961334,4.726587509208886,54.13100000000001,55.35885714285715,55.264320171579755,4.769463601862137,4.7741812611171675,4.744638115557035,53.71133333333333,54.24935483870968,55.80593311680966,4.729392814975324,4.7605586355205505,4.736982860783195,58.901666666666664,56.30196721311476,58.939470479470934,4.683206367459578,4.71576664803055,4.714813678006065,7.9707996966412225
2018-03-20,sz000901,55.2,56.33,56.57,54.56,50657,103308278.0,3.6,0.93,0.52,1.34,4.704639466504183,0.049280097344256646,55.674,55.816,55.937808029496026,4.6551283871777285,4.655452314124081,4.685422012675693,55.913,55.96927272727273,55.69559838343071,4.735132364111454,4.705450921120313,4.722596955989849,54.5255,55.56828571428571,55.36581348857216,4.772807583751985,4.768007533940219,4.740828720409144,53.544333333333334,54.41830107526882,55.83974388346711,4.737521042606136,4.758961645296607,4.73489619018455,58.702666666666666,56.21765027322404,58.85391407030795,4.683381213058252,4.71646937258939,4.7144800973010845,8.014135122542676
2018-03-21,sz000901,56.36,56.57,58.08,55.98,87962,184203390.0,3.73,0.43,0.24,2.33,4.944295095394177,0.23965562888999425,55.919999999999995,56.11466666666667,56.14853868633068,4.709184285930376,4.751841216862897,4.771713040248521,56.097,56.088727272727276,55.85458049553422,4.748770504971583,4.743480508626262,4.762905708608818,54.92199999999999,55.763,55.480497918231954,4.79819353532174,4.784339677906143,4.760206470407719,53.422333333333334,54.61350537634407,55.88685718130794,4.752521086830431,4.772301906766802,4.748405796972269,58.50966666666667,56.14772677595627,58.779031641773265,4.689394384203079,4.725023926108599,4.722015015271349,8.265297618503318
2018-03-22,sz000901,56.36,57.56,58.17,56.3,81921,171612922.0,3.31,1.75,0.99,2.17,4.91339524504571,-0.030899850348466984,56.3,56.66133333333334,56.61902579088713,4.749513695997292,4.819911536568009,4.818940441847585,56.36,56.35472727272727,56.16465676907345,4.777828551613767,4.773412279548831,4.790267442506434,55.30649999999999,56.014238095238106,55.678545735543196,4.816964791186102,4.795311269308426,4.7747958775161,53.48266666666667,54.880451612903215,55.99480187928807,4.758308592812202,4.782680884716174,4.759050277493136,58.37233333333334,56.116590163934426,58.73906339122332,4.691445280439664,4.732368216628029,4.728289776903295,8.234549985971936
2018-03-23,sz000901,55.9,54.12,57.23,52.34,129064,261417625.0,8.5,-5.98,-3.44,3.41,5.11080512079751,0.19740987575179947,56.077999999999996,55.934666666666665,55.786017193924756,4.8656988593803,4.940342011501413,4.916228668164226,56.117999999999995,55.94745454545454,55.79290099287827,4.802577967545666,4.833953473945876,4.848547020377539,55.50449999999999,55.9012380952381,55.530112808348605,4.841398492482888,4.82329606260475,4.806796757828615,53.483666666666664,54.92156989247312,55.87384691933401,4.771264092656873,4.805422596199099,4.781744138351483,58.18449999999999,55.977169398907094,58.58761868987173,4.699143433414208,4.7461177195905835,4.740831263588351,8.417334864737269
2018-03-26,sz000901,53.51,57.53,57.58,52.81,116088,236442119.0,8.81,6.3,3.41,3.07,5.064787329100061,-0.046017791697448907,56.422000000000004,56.41866666666667,56.36734479594985,4.9475844513683285,5.006704834741334,4.965748221809505,56.092000000000006,56.20418181818181,56.108737175991315,4.81286857547402,4.881627903319401,4.88786344014527,55.7915,56.094142857142856,55.72057825517255,4.858340644698492,4.8445711899016235,4.831367288425896,53.582,55.182623655913986,55.98069550518343,4.789485932981635,4.824359579195432,4.80000498936752,58.0695,55.955710382513665,58.552942667252985,4.706955955587978,4.7581060440393,4.751452773932997,8.373724842851962
2018-03-27,sz000901,58.25,59.86,60.12,57.0,165571,355690480.0,5.42,4.05,2.33,4.38,5.21898427180341,0.15419694270334894,57.128,57.56466666666667,57.5315631972999,5.0504534124281735,5.097171441553028,5.05016023847414,56.400999999999996,56.889272727272726,56.79078496217471,4.852790899802952,4.955467120833836,4.948067227719477,56.116499999999995,56.481619047619056,56.11480889753707,4.865885205595452,4.8789182020068536,4.868283191604706,53.93066666666667,55.587655913978494,56.23097321452643,4.803481871873877,4.852069149441999,4.827035910814996,58.01133333333334,56.01441530054646,58.595797006031574,4.715905081535359,4.774893857685707,4.766781675502519,8.55107224151753
2018-03-28,sz000901,58.69,59.33,61.37,58.4,146478,321148944.0,4.96,-0.89,-0.53,3.88,5.16577240150873,-0.05321187029468,57.67999999999999,58.29866666666666,58.13104213153327,5.094748873651084,5.13561110457988,5.088697626152337,56.8,57.42181818181818,57.25246042359749,4.90196657979073,5.012372848416705,4.98764998659025,56.371,56.787666666666674,56.42101757396211,4.86881349683544,4.907478887331927,4.896615497309852,54.26933333333333,55.936,56.43091042649247,4.816801543495004,4.875442731999088,4.848889877956528,57.93116666666666,56.05765027322405,58.619869235342016,4.726448804680404,4.7896436058815555,4.779863338650263,8.506706498307999
2018-03-29,sz000901,59.36,59.39,60.03,58.75,87640,190274607.0,2.16,0.1,0.06,2.32,4.942702368888668,-0.2230700326200621,58.04600000000001,58.86866666666666,58.55069475435552,5.100610298419676,5.084928936325741,5.040032540397781,57.173,57.89272727272727,57.6411039829434,4.925061997208484,5.019779355525421,4.979477692462689,56.577999999999996,57.07519047619047,56.70377780501334,4.869448820356093,4.9145159227655695,4.901004723174501,54.589666666666666,56.26636559139784,56.62181943123489,4.827644996255526,4.883565365895452,4.854942296726343,57.85733333333334,56.105480874316946,58.64511942434719,4.734488905382592,4.796733886675269,4.785202323248243,8.279380833606952
2018-03-30,sz000901,59.8,61.22,61.6,59.56,134779,300140192.0,3.43,3.08,1.83,3.57,5.129622229776498,0.18691986088782997,59.465999999999994,59.92666666666666,59.44046316957035,5.104373720215474,5.094599580111349,5.069895770190687,57.772000000000006,58.62854545454545,58.29181234968096,4.985036289797888,5.056972125083242,5.006776699247018,56.911,57.51728571428572,57.13389420453588,4.886448076325765,4.93929434271037,4.922777819041357,55.07866666666667,56.69412903225807,56.91847624212297,4.838532425147687,4.903047768058095,4.8726635827295794,57.813500000000005,56.215732240437156,58.72954173830303,4.744002933427546,4.809689077639003,4.79649477919999,8.477324156021478
2018-04-02,sz000901,61.37,60.85,62.88,60.64,131884,296785104.0,3.66,-0.6,-0.37,3.49,5.120192110685123,-0.009430119091375033,60.13000000000001,60.388,59.91030877971357,5.115454676532485,5.099872376934565,5.086661217022166,58.275999999999996,59.18818181818182,58.75693737701169,5.031519563950407,5.081545910699103,5.027397683144855,57.1105,57.89242857142858,57.48780904219913,4.892575040790105,4.961555679316022,4.9415791801502875,55.51266666666666,57.06647311827957,57.17212293617956,4.856815589224893,4.921219360673414,4.888633165178324,57.75816666666667,56.31528961748633,58.79906495999801,4.753952150935792,4.822023149024497,4.807107806461797,8.472442099393549
2018-04-03,sz000901,59.68,59.74,60.5,58.4,105317,228545252.0,3.45,-1.82,-1.11,2.79,5.02249847954529,-0.09769363113983243,60.105999999999995,60.257999999999996,59.853539186475714,5.076157518080862,5.068886977938833,5.065273637863208,58.617000000000004,59.45436363636364,58.93567603573683,5.063305465254517,5.079905713534536,5.026506918854025,57.26500000000001,58.14285714285713,57.70230341913255,4.899218914682986,4.9739293401498506,4.949285780092669,55.88933333333333,57.33920430107528,57.33779242416798,4.869640210919496,4.931908579403761,4.897269637072967,57.67466666666667,56.380267759562834,58.82991528917841,4.761912561540967,4.830827946683824,4.814169795743223,8.358972203303674
2018-04-04,sz000901,59.62,60.7,63.35,59.62,167562,377607840.0,6.24,1.61,0.96,4.43,5.224175535407134,0.20167705586184415,60.38000000000001,60.456,60.13569279098382,5.087838144860543,5.118226317047591,5.118240937044517,59.029999999999994,59.833090909090906,59.25646221105741,5.091293509255814,5.1091548171986485,5.062446667318227,57.5635,58.46999999999999,57.98779833159611,4.920032007113698,5.004877589742626,4.975465756789284,56.291333333333334,57.64956989247311,57.5547090419636,4.895893526633098,4.954781826144899,4.918360340191301,57.5955,56.47945901639344,58.891229541992224,4.7712062301624085,4.845984109761405,4.827612606879745,8.577041002663615
2018-04-09,sz000901,60.7,62.62,63.0,60.41,161815,366405200.0,4.27,3.16,1.92,4.28,5.209018777568472,-0.015156757838662216,61.025999999999996,61.202666666666666,60.96379519398921,5.141101426596504,5.158619861283567,5.148500217219169,59.536,60.485818181818175,59.86801453631969,5.1208558625080896,5.130559411437313,5.08909614190918,57.948,58.95157142857142,58.428960395253625,4.949342207060928,5.032400139309747,4.997708901625398,56.71633333333333,58.057870967741934,57.881502006998204,4.918261814960099,4.9749834552375045,4.937112497441442,57.54933333333334,56.64419672131148,59.01348431110723,4.779160040558973,4.860338619512423,4.8401177272301945,8.563961628520051
2018-04-10,sz000901,61.6,60.61,62.24,59.21,114310,253577122.0,4.84,-3.21,-2.01,3.02,5.058084224750925,-0.15093455281754764,60.903999999999996,61.064,60.84586346265948,5.126793825591389,5.130947460668375,5.118361553063088,60.185,60.681090909090905,60.002920984261564,5.115583772903431,5.119146386390556,5.08345761151677,58.1515,59.20509523809525,58.636678452848514,4.959080870224549,5.042756521946889,5.0034589323992575,57.06466666666667,58.309075268817196,58.05753413557896,4.932793585956403,4.984004255869171,4.9449171250097965,57.45666666666667,56.74454644808743,59.06582908779223,4.78399771933803,4.869483674731832,4.847264169771858,8.404110068463037
2018-04-11,sz000901,60.67,61.2,61.34,59.48,81303,179327274.0,3.07,0.97,0.59,2.15,4.910106570925038,-0.1479776538258868,60.974000000000004,61.162666666666674,60.96390897510632,5.084776717639372,5.058718375779591,5.048943225683738,60.552,60.865636363636355,60.22057171439582,5.100115697085928,5.081786895121757,5.051939240500091,58.322,59.495428571428576,58.88080431448199,4.956492136279975,5.038092302965984,4.9945682313064745,57.37833333333334,58.57587096774194,58.26027386876741,4.938932328827638,4.98254057748005,4.94267128281078,57.3645,56.867278688524586,59.13580190458593,4.786621396023621,4.873618391177308,4.849324576367044,8.253646346711658
2018-04-12,sz000901,60.93,59.86,61.31,59.77,62712,138611895.0,2.52,-2.19,-1.34,1.66,4.797350651438932,-0.11275591948610586,60.998000000000005,60.79133333333333,60.59593931673755,5.0397471520181,4.9629096870461105,4.965079034268803,60.55200000000001,60.73981818181818,60.1550132208693,5.057952335049481,5.026738705004122,5.005650406125334,58.47650000000001,59.64190476190476,58.974061046436084,4.955371617426216,5.022935971076361,4.9757856046524225,57.595,58.735978494623666,58.36348200626629,4.929907582080128,4.973406275713037,4.933295758206144,57.266,56.94909836065574,59.15954610443557,4.79044211000753,4.873970170043382,4.847620513254647,8.141800500919354
2018-04-13,sz000901,60.03,59.62,60.82,59.33,60026,131805472.0,2.49,-0.4,-0.24,1.59,4.778339403895484,-0.01901124754344785,60.782000000000004,60.332,60.27062621115837,4.95057992571577,4.875773771005239,4.90283249081103,60.581,60.57036363636364,60.05773808980216,5.019209035288156,4.97589999024885,4.964321132992634,58.6905,59.75080952380952,59.0355790420136,4.960587807539444,5.0060757602639105,4.956981204580333,57.77433333333333,58.86662365591397,58.444547683281364,4.918945342986346,4.963627683572093,4.92329857405707,57.181000000000004,57.0262786885246,59.17464295347047,4.793040918176225,4.873573360006922,4.845349001472379,8.11993344068344
2018-04-16,sz000901,57.58,54.88,57.58,54.03,145091,294948240.0,5.95,-7.95,-4.74,3.84,5.1616404739707376,0.3833010700752535,59.234,58.36466666666667,58.47375080743892,4.9411042649962225,4.946127287090229,4.989101818530933,60.13000000000001,59.533818181818184,59.11633116438358,5.041102845796363,5.0017966154638644,5.000197376806835,58.65150000000001,59.387904761904764,58.63980960944088,4.983082421502424,5.025223633257365,4.976472563569896,57.76199999999999,58.679892473118294,58.21457686500515,4.926666828836182,4.979285433958183,4.938675470825694,57.01266666666667,56.95083606557377,59.0338349877829,4.802824374871495,4.885658591344446,4.855719213685441,8.469745809013155
2018-04-17,sz000901,55.69,54.15,56.27,54.15,79644,161609077.0,3.86,-1.33,-0.73,2.11,4.901153063689668,-0.2604874102810699,57.94199999999999,56.669999999999995,57.03250053829262,4.909718032783973,4.932810219988043,4.959785566917178,59.423,58.446545454545465,58.21336186176838,5.0182559291876805,4.976351200535373,4.98218931987644,58.597500000000004,58.95919047619047,58.212208694256034,5.001646109492784,5.0174208372752,4.969299277867017,57.748333333333335,58.44686021505377,57.95234609952095,4.930384027279738,4.97763938459389,4.936254670365305,56.84966666666666,56.85697814207651,58.87370925047854,4.809582901712178,4.888882482781108,4.857208848111808,8.208465749881041
2018-04-18,sz000901,54.64,54.93,55.31,52.49,92280,182779257.0,5.21,1.44,0.78,2.44,4.965107585849056,0.06395452215938846,56.688,55.666000000000004,56.33166702552842,4.920718235768776,4.951273404343071,4.961559573227804,58.830999999999996,57.629636363636365,57.61638697781049,5.002747476704074,4.966687865382897,4.979083550053279,58.5535,58.60990476190477,57.89961739004118,5.01713352032724,5.013940977880558,4.968900069103402,57.684,58.26503225806452,57.75735602858412,4.929299186094762,4.9798796141790085,4.938116148783612,56.74666666666667,56.79403825136612,58.74440730783989,4.8132088343137776,4.893981652752809,4.860746511644177,8.261926907581648
2018-04-19,sz000901,54.79,55.92,57.15,54.15,96126,197512386.0,5.46,1.8,0.99,2.54,4.982840870804004,0.017733284954948303,55.9,55.41,56.19444468368562,4.95781627964179,4.971980949354814,4.968653339086538,58.449,57.100363636363625,57.30795298184495,4.998781715829945,4.963068482491975,4.979766699280683,58.533,58.359095238095236,57.71108240051345,5.0310435905422315,5.010675011259298,4.970227764503459,57.659666666666666,58.151225806451606,57.63881692996579,4.932406515065306,4.983333916418314,4.941001614720411,56.66983333333334,56.766934426229504,58.65180378955006,4.817885356448815,4.899543358867243,4.8647496053871215,8.29559433541962
2018-04-20,sz000901,55.55,54.5,56.74,54.09,73144,148770457.0,4.74,-2.54,-1.42,1.93,4.86417870675984,-0.11866216404416452,54.876,54.94333333333334,55.62962978912375,4.97498414021466,4.94076842506083,4.933828461644305,57.82900000000001,56.38236363636364,56.79741607605496,4.962782032965215,4.938595208115593,4.95875070064053,58.429500000000004,57.975,57.405265029035974,5.027037771110515,4.994783117565738,4.960127854242162,57.652,57.94737634408602,57.43631261190349,4.934282015730871,4.978932122334091,4.936045298077794,56.56066666666667,56.69579234972678,58.51567907513858,4.822092769456071,4.90106117363154,4.864730887399341,8.172516697098784
2018-04-23,sz000901,54.7,53.33,54.93,52.05,64725,127138747.0,5.28,-2.15,-1.17,1.71,4.81107205910691,-0.05310664765293005,54.565999999999995,54.428,54.8630865260825,4.904870457241896,4.88613106469158,4.892909660798507,56.9,55.56436363636364,56.16697678949951,4.922987361119059,4.911011576504991,4.931900038543508,58.218,57.489333333333335,57.01714455008017,5.021921611813575,4.974214954517775,4.945932064229281,57.59866666666666,57.66853763440861,57.171389217587134,4.940557258413637,4.97098309287448,4.927982508466768,56.437333333333335,56.58986885245901,58.34565681037993,4.828489115199054,4.900699838865993,4.862971581553687,8.104277926980648
2018-04-24,sz000901,53.22,55.08,55.11,52.78,55162,109826428.0,4.37,3.28,1.75,1.46,4.741640003936326,-0.0694320551705836,54.751999999999995,54.59933333333333,54.93539101738833,4.872967845291226,4.831720913589723,4.842486441844446,56.347,55.23345454545455,55.96934464595414,4.8913429390375995,4.878039329744494,4.897307304978565,58.266,57.19047619047619,56.83265459292968,5.003463355970515,4.947521468053274,4.9264756775347145,57.55,57.50604301075269,57.03646088096861,4.936501559828899,4.95814972161788,4.915960411400288,56.31316666666667,56.54536612021858,58.238586095285505,4.826945844194159,4.897852327021314,4.858993497041642,8.040706858816378
2018-04-25,sz000901,54.96,55.34,55.81,54.15,67500,136784041.0,3.01,0.47,0.26,1.79,4.829303772831025,0.08766376889469907,54.834,54.79533333333334,55.07026067825889,4.845807082687621,4.817166222769656,4.838092218839973,55.761,55.050363636363635,55.85491834668974,4.8832626592281985,4.8667594813432995,4.884943026406285,58.15650000000001,56.91180952380954,56.69049701265066,4.991689178157063,4.930934841087609,4.917221210420077,57.468333333333334,57.3634623655914,56.927011791873866,4.932082310596049,4.951233735359952,4.910369660524852,56.195166666666665,56.51345901639344,58.14355048560402,4.831561101601722,4.897929636156949,4.858020063460966,8.136035429913735
2018-04-26,sz000901,54.82,53.92,55.95,53.45,58800,118494262.0,4.52,-2.57,-1.42,1.56,4.769377326076138,-0.05992644675488723,54.434000000000005,54.49066666666667,54.6868404521726,4.803114373742048,4.791689637232495,4.815187254585362,55.16700000000001,54.71563636363637,55.50311501092797,4.880465326691919,4.846053057133834,4.863931080891713,57.85949999999999,56.50833333333334,56.42664015430298,4.9692088308707,4.909762283746568,4.903140840482559,57.373333333333335,57.1345376344086,56.733011031107814,4.930402853848117,4.9407366395844745,4.901273380883,56.0355,56.43886338797813,58.00507342050224,4.83347742427002,4.895890823844635,4.8551137442024475,8.073697320455217
2018-04-27,sz000901,54.21,53.1,54.35,52.52,50461,98635388.0,3.39,-1.52,-0.82,1.33,4.7029558528042,-0.06642147327193815,54.153999999999996,54.04600000000001,54.15789363478174,4.77086980295092,4.758303463586546,4.777776787324974,54.515,54.33981818181818,55.06618500894106,4.872926971582791,4.813778607336067,4.834662857603074,57.548,56.05504761904763,56.109817282464604,4.946068003435473,4.884404857264045,4.88407560356081,57.29866666666667,56.85883870967742,56.49862322264924,4.931367528887225,4.926062639517124,4.88847870165211,55.86266666666667,56.342617486338796,57.844251341141515,4.835714333110246,4.8916114280588685,4.850124960877914,7.994032757292286
2018-05-02,sz000901,53.92,52.63,53.97,52.28,35856,70235963.0,3.18,-0.89,-0.47,0.95,4.554561839190986,-0.14839401361321425,54.013999999999996,53.538,53.64859575652116,4.719567758967735,4.686200808999901,4.703371804613645,54.29,53.997090909090915,54.62324228004268,4.812219108104815,4.755894037810283,4.7837353997099665,57.21,55.58666666666666,55.77840611270607,4.92666097695059,4.847118555907427,4.852693340287494,57.19766666666667,56.55763440860215,56.249034627639624,4.92612798370322,4.901752595020592,4.866935678267521,55.67183333333333,56.236628415300544,57.673292280776224,4.82946688531509,4.88239331350414,4.840434366724244,7.84655954137742
2018-05-03,sz000901,52.37,52.31,52.49,50.1,52857,100245396.0,4.54,-0.61,-0.32,1.4,4.723102510282282,0.16854067109129645,53.46,52.97,53.20239717101411,4.7158602602369255,4.687379059438084,4.709948706503191,54.105999999999995,53.63709090909091,54.20265277458037,4.794414052764076,4.7396910200243685,4.772711237995842,56.7645,55.12,55.448081721019776,4.906334990975878,4.82773203527235,4.840351356477473,57.10033333333333,56.24230107526882,55.9949033613403,4.932568757249882,4.888654177380531,4.857656119042667,55.49516666666667,56.126404371584705,57.497446632226186,4.830665091316738,4.878905956945687,4.8365874206113935,8.001064435778908
2018-05-04,sz000901,52.05,52.11,52.6,51.82,35386,68184677.0,1.49,-0.38,-0.2,0.94,4.548831473174153,-0.17427103710812908,52.814,52.519999999999996,52.83826478067608,4.659765800305552,4.631702797083826,4.656242962060179,53.824,53.274181818181816,53.822170451929395,4.752786441496586,4.695039641917108,4.73200582621008,56.3275,54.67671428571429,55.13016917616075,4.87776695910033,4.793684081195995,4.812587558067634,56.977,55.92034408602151,55.74426443480222,4.9290178273836895,4.863896933246615,4.837731948341473,55.34416666666666,56.015415300546444,57.32080903772696,4.829205321179506,4.869665510449209,4.827152799383943,7.833686787529823
2018-05-07,sz000901,52.2,52.98,53.3,52.2,34752,67744159.0,2.11,1.67,0.87,0.92,4.540979803572734,-0.007851669601419253,52.626,52.57533333333333,52.88550985378405,4.614086295804872,4.592107464839554,4.617821909231031,53.53000000000001,53.12072727272728,53.66904855157859,4.708600334773459,4.656529344112773,4.697273822094198,55.9895,54.35790476190476,54.92539115938353,4.853691025301702,4.761609114002891,4.786720152877643,56.86533333333333,55.66247311827957,55.565924793847245,4.9235625052859735,4.838862222033004,4.8185866486789735,55.20483333333333,55.93790163934426,57.17848742993263,4.830541773946055,4.860215493478496,4.817770078209804,7.8308718556582475
2018-05-08,sz000901,53.51,54.09,55.34,53.51,60776,121400302.0,3.45,2.1,1.11,1.61,4.783732113396229,0.24275230982349516,52.824,53.06333333333334,53.28700656918937,4.630241547923276,4.648656070703339,4.673125310619431,53.489,53.22254545454546,53.7455851785643,4.700555675437099,4.6701896674987315,4.71299351142184,55.659000000000006,54.17699999999999,54.845830096585104,4.8316688542011565,4.754946360488084,4.786435577688937,56.782666666666664,55.4834193548387,55.470703839405495,4.918210405886042,4.829840906427214,4.816337968983313,55.1025,55.901349726775955,57.07722554698402,4.835365746358236,4.858680750509648,4.816654079363458,8.084219767108022
2018-05-09,sz000901,53.8,53.89,54.24,53.59,29610,58670210.0,1.2,-0.37,-0.2,0.78,4.471438407389299,-0.31229370600692974,53.076,53.41866666666667,53.48800437945958,4.61361686156294,4.595721690525347,4.605896342876054,53.545,53.29545454545455,53.77184241882533,4.6665923102653375,4.6285319823991316,4.669074401597741,55.222500000000004,54.008523809523815,54.75479865881509,4.794789835692198,4.720638698886954,4.75643584718421,56.660333333333334,55.29679569892473,55.36872294654063,4.903478511297495,4.801016906524199,4.794086384364344,55.0715,55.861595628415294,56.97272634872225,4.830893552054849,4.846748706609028,4.805335532741354,7.768417642702065
2018-05-10,sz000901,53.89,53.48,54.24,53.01,34711,68455282.0,2.28,-0.76,-0.41,0.92,4.5404671255765106,0.06902871818721135,53.31,53.553333333333335,53.485336252973056,4.577089784621785,4.571338445196537,4.584086603776207,53.385000000000005,53.28363636363637,53.71878016085708,4.646475022429355,4.6056001306375265,4.645691260502971,54.86600000000001,53.84257142857144,54.63338926273747,4.768908980733477,4.696417488399746,4.7358673975072865,56.639,55.091612903225816,55.246869853215436,4.884467244790129,4.777596817122846,4.7777238515393226,55.06133333333333,55.80941530054645,56.85821073073135,4.827865668723501,4.837226528691704,4.796651322670375,7.835406963864472
2018-05-11,sz000901,53.59,52.23,53.68,52.2,38617,75127445.0,2.77,-2.34,-1.25,1.02,4.586778532155642,0.046311406579131464,53.334,53.193333333333335,53.06689083531537,4.584679196418083,4.574568027707823,4.584983913236019,53.074,53.07363636363637,53.44809285888306,4.622222498361817,4.594746223315033,4.634979855348911,54.417500000000004,53.59152380952381,54.40449504723866,4.752742578795008,4.679071731392334,4.721668457949987,56.462333333333326,54.80716129032258,55.05223308849186,4.868533618225315,4.758391093727071,4.765404798675859,55.022166666666664,55.71658469945355,56.706466116609015,4.829009775603476,4.829322032410791,4.78977024757153,7.875798619223499
2018-05-14,sz000901,52.52,51.67,52.63,51.53,23827,45686305.0,2.11,-1.07,-0.56,0.63,4.377069364819653,-0.20970916733598877,53.072,52.63866666666667,52.60126055687692,4.551897108667466,4.505364750508346,4.515679063763897,52.849000000000004,52.81836363636364,53.124803248177045,4.582991702236169,4.550172926307367,4.588087038889046,54.007999999999996,53.329857142857136,54.14406694750164,4.731728514464043,4.643293330061348,4.688849496699479,56.18933333333334,54.49797849462365,54.83402450213755,4.840469787992523,4.726683722539609,4.740350899717394,55.059999999999995,55.606677595628405,56.54133607999888,4.8219758299332,4.814504314024436,4.776239071087862,7.6597860347682944
2018-05-15,sz000901,51.73,52.49,52.75,51.73,24858,47898018.0,1.97,1.59,0.82,0.66,4.395466183681937,0.018396818862283837,52.751999999999995,52.44466666666667,52.56417370458462,4.474243922724609,4.4532211088465035,4.475608103736578,52.788,52.75309090909091,53.00938447578122,4.552242735323942,4.516077377479324,4.5530650652150255,53.6515,53.185285714285705,53.986536762025295,4.712584853453366,4.6112683461773365,4.660908228793047,55.961333333333336,54.259311827956985,54.68279711490287,4.814792914064963,4.697973812584087,4.718100272876397,55.115333333333325,55.52241530054644,56.40850538885137,4.815797228779983,4.800520391196527,4.763754714123733,7.680317542861911
2018-05-16,sz000901,52.6,51.93,52.78,51.85,25510,49254517.0,1.77,-1.07,-0.56,0.67,4.40671045860979,0.011244274927852516,52.36,52.17066666666666,52.35278246972308,4.461298332968707,4.430709954141563,4.452642222027649,52.717999999999996,52.59709090909091,52.8131327529119,4.537457597265823,4.489616963531297,4.526455136741347,53.504,53.02133333333333,53.79067611802289,4.6748383526853186,4.58213745143033,4.636698917347022,55.712666666666664,53.999225806451605,54.50519730103817,4.796926517055668,4.671645912232141,4.6980106074398424,55.15116666666667,55.41797814207651,56.261669146593945,4.812285756655597,4.787107710207338,4.752048345090489,7.692446064645214
2018-05-17,sz000901,51.88,51.82,52.23,51.24,29104,55454785.0,1.91,-0.21,-0.11,0.77,4.463952681719408,0.05724222310961835,52.028,51.99066666666667,52.17518831314872,4.445995444197285,4.431594737058464,4.456412375258235,52.669,52.433818181818175,52.63256316147337,4.511542614409536,4.476252433431949,4.515091054010085,53.3875,52.860952380952384,53.60299267821118,4.652978333586806,4.562053101814528,4.6202468949062965,55.39933333333333,53.74808602150538,54.33195876548733,4.77473753212043,4.650163729307222,4.682910096103041,55.239,55.30875956284153,56.116040649984306,4.806634978634059,4.775686953652054,4.742602585635699,7.7439390258582605
2018-05-18,sz000901,51.91,51.88,51.93,51.12,27575,52545151.0,1.56,0.12,0.06,0.73,4.4405155211122285,-0.023437160607179486,51.95799999999999,51.94133333333334,52.07679220876582,4.416742841988603,4.429768096030112,4.451113423876233,52.646,52.290363636363644,52.49573349575094,4.500711019203343,4.463338416468802,4.501531866210475,53.235,52.71738095238095,53.43889813742916,4.626748730349965,4.54181854824552,4.6031296212116235,55.10033333333333,53.52103225806452,54.17376787739137,4.752081645801335,4.6286010189195945,4.667271736426215,55.3065,55.19862841530055,55.9771540712963,4.804448617513114,4.763683037011994,4.732698091716896,7.720532644415481
2018-05-21,sz000901,52.43,52.63,52.75,52.08,33706,65247253.0,1.29,1.45,0.75,0.89,4.527707216448537,0.08719169533630833,52.15,52.165333333333336,52.261194805843886,4.4468704123143805,4.466756220850089,4.476644688067001,52.611000000000004,52.287454545454544,52.52014558743259,4.4993837604909235,4.468246815967928,4.506291020799213,53.0705,52.6597619047619,53.361860219578766,4.603992047632191,4.532386023112052,4.59594653504371,54.86333333333334,53.36165591397851,54.07416994981774,4.735588603698109,4.614125249283931,4.658267573847009,55.376333333333335,55.11087431693989,55.867411314860355,4.802614407308803,4.7546095484525,4.725977079413016,7.814562231994149
2018-05-22,sz000901,52.34,52.43,52.66,51.93,29507,56803378.0,1.39,-0.38,-0.2,0.78,4.4699250566813875,-0.05778215976714929,52.138,52.25866666666666,52.317463203895926,4.461762186914269,4.474441102305758,4.474404810938463,52.44500000000001,52.25454545454546,52.50375548062666,4.468003054819439,4.462890688002557,4.4996790273232445,52.967000000000006,52.5987619047619,53.27311162723793,4.5842793651282685,4.519617738259594,4.583944489485393,54.58766666666667,53.20466666666667,53.96809446918434,4.710446921073919,4.596985665605432,4.646116443707292,55.439499999999995,55.01427322404371,55.754709304537066,4.803170223853508,4.743701700890945,4.717581931126732,7.754374163231048
2018-05-23,sz000901,52.69,52.05,52.98,51.93,43366,84065254.0,2.0,-0.72,-0.38,1.15,4.637149365472668,0.16722430879128058,52.162,52.22933333333334,52.22830880259728,4.5078499682868465,4.532903495158559,4.528652995783198,52.261,52.18272727272728,52.42125448414908,4.484574150627776,4.4936445626667805,4.524673634259503,52.903,52.51142857142857,53.15662480559622,4.575583230446556,4.524652976387633,4.5890116205318,54.23533333333334,53.04094623655914,53.844346438914386,4.691384607337391,4.592256791050513,4.645537922530865,55.475833333333334,54.903142076502725,55.63324342569978,4.8048232111487446,4.738258394058787,4.714944797826599,7.9246165295178805
2018-05-24,sz000901,51.85,51.03,52.17,50.92,38182,72577377.0,2.4,-1.96,-1.02,1.01,4.581858673303713,-0.055290692168955324,52.004,51.852,51.82887253506486,4.531431166603707,4.557573063497514,4.54638822162337,52.016,51.958909090909096,52.1682991233947,4.488713305400497,4.51133265769877,4.535070914085723,52.7005,52.33304761904762,52.954089109825155,4.567594163914926,4.525250637612123,4.588330387462459,53.916000000000004,52.83415053763442,53.66277570091991,4.67551042228915,4.5851906017580175,4.641429583871049,55.49033333333333,54.757377049180334,55.482317411742414,4.804152004122776,4.730948081342556,4.710581318334045,7.860801268424875
2018-05-25,sz000901,51.18,51.24,52.28,49.95,55565,105146199.0,4.57,0.41,0.21,1.47,4.744801318683773,0.16294264538006065,51.876,51.59733333333334,51.632581690043246,4.592288326118016,4.628696447524202,4.612525920643504,51.91700000000001,51.81781818181818,51.99951746459567,4.504515584053309,4.557894114659366,4.573203714921732,52.49550000000001,52.19395238095237,52.790842527937045,4.563369041207563,4.542127509494871,4.603232380912107,53.583999999999996,52.66150537634409,53.506467591183146,4.670000247214443,4.589660982170574,4.648098728052515,55.48116666666667,54.61802185792349,55.343225037586926,4.804466288021039,4.729002157229802,4.711703285558626,8.02179357770553
2018-05-28,sz000901,50.8,50.01,50.8,49.4,43837,80860715.0,2.73,-2.4,-1.23,1.16,4.64184082540272,-0.10296049328105372,51.352,50.97533333333333,51.091721126695504,4.615115047908853,4.645213947285771,4.622297555563243,51.751,51.471090909090904,51.637787016487366,4.530992730111616,4.5828623403592585,4.585683189554639,52.3,51.95723809523809,52.526000382419234,4.556992216173892,4.549601012751553,4.606909375625499,53.25566666666667,52.43092473118279,53.280889036913265,4.664816586346569,4.587844245279495,4.64769499239769,55.42533333333334,54.438639344262306,55.168365200288996,4.797362084213349,4.723670174848873,4.709412713094498,7.907737577205196
2018-05-29,sz000901,50.25,50.01,50.45,49.58,28679,52963749.0,1.74,0.0,0.0,0.76,4.457564003967399,-0.18427682143532031,50.868,50.528,50.731147417797004,4.612642837366055,4.592696932638619,4.567386371697962,51.503,51.154545454545456,51.34182574076239,4.537202512140163,4.569511662878492,4.562388792175141,52.145500000000006,51.739142857142866,52.28638129837931,4.544722623732053,4.540131659208077,4.592686006896156,52.93533333333333,52.221526881720436,53.069863937757574,4.654124073015632,4.574473110932452,4.635428477015091,55.35483333333333,54.261087431693994,54.99923847241067,4.786534708000988,4.712529254185072,4.701155378369019,7.7239787187350215
2018-05-30,sz000901,49.61,47.83,49.61,47.1,45419,81850516.0,5.02,-4.36,-2.18,1.2,4.657237568032927,0.1996735640655274,50.024,49.515333333333324,49.764098278531335,4.616660477878106,4.6075618428609095,4.597336770476284,51.093,50.48672727272728,50.703311969714676,4.562255223082476,4.591336218495358,4.579634024149284,51.9055,51.32814285714286,51.861964031867,4.549856410174149,4.550847368189112,4.5988337746234675,52.70033333333333,51.892150537634414,52.73180819983774,4.637310642817705,4.574673981578728,4.6368355151452745,55.23116666666667,54.01437158469945,54.76418147331523,4.781988735826944,4.708290003694316,4.699715450161278,7.913021421625129
2018-05-31,sz000901,48.06,48.59,48.82,48.06,30366,54553670.0,1.59,1.59,0.76,0.8,4.482387587692431,-0.17484998034049593,49.535999999999994,49.03733333333333,49.37273218568756,4.5967662607558495,4.562804212799019,4.559020376215,50.769999999999996,50.03163636363636,50.319073429766554,4.564098713679778,4.576814830242623,4.561952853884401,51.719500000000004,51.01238095238095,51.55034840978443,4.5378206640446574,4.544421766047996,4.587743661582417,52.515,51.62696774193549,52.46459476759014,4.623351793617797,4.564678945764195,4.626871132728962,55.13166666666667,53.796628415300546,54.56174929386227,4.776867910448767,4.6984670152308885,4.692589946473776,7.736823972287062
2018-06-01,sz000901,48.53,48.99,50.13,48.09,44576,81227006.0,4.2,0.82,0.4,1.18,4.64910109474387,0.16671350705143873,49.086,48.855333333333334,49.24515479045838,4.57762621596787,4.580249157461691,4.58904728239129,50.481,49.708,50.07742371526354,4.584957271042943,4.592269808617912,4.577797988586123,51.5635,50.75242857142857,51.306505704090675,4.542834145123143,4.555019902305064,4.593587226645412,52.31700000000001,51.39954838709678,52.24042736322949,4.61281824391429,4.566340190998136,4.628305323826699,55.000499999999995,53.59526229508195,54.37906898914547,4.771058715004526,4.694277939306137,4.691164082482631,7.9097004455814774
2018-06-04,sz000901,49.37,49.02,49.43,48.64,24842,45127346.0,1.61,0.06,0.03,0.66,4.395186557446505,-0.2539145372973648,48.888000000000005,48.833333333333336,49.17010319363892,4.528295362376626,4.51943593795457,4.524427040743029,50.12,49.44236363636364,49.8851648579429,4.57170520514274,4.557766042509468,4.544595910197101,51.3655,50.51019047619047,51.08874325608204,4.535544482816832,4.5409582272882405,4.574691924816944,52.087,51.18683870967742,52.03265785592437,4.5932297668023745,4.552299437032472,4.613265403415074,54.87333333333333,53.399180327868855,54.20336180917349,4.76281814093384,4.681954262009154,4.6814599013339055,7.65443979282775
2018-06-05,sz000901,48.69,49.69,50.09,48.69,51243,62438961.0,2.86,1.37,0.67,0.9,4.70963454740572,0.3144479899592154,48.824,49.10066666666667,49.34340212909262,4.578709471064291,4.579882332964268,4.5861628762972595,49.846,49.36418181818181,49.849680338316915,4.595676154215173,4.5828441047391015,4.574602935144123,51.145500000000006,50.350619047619055,50.955529612645655,4.531839604517306,4.557538233439564,4.587543603158733,51.92666666666666,51.032193548387106,51.88151863941312,4.588078294823903,4.559809422877849,4.619482767543503,54.789333333333325,53.229234972677595,54.05538273346288,4.761180155277387,4.680210537631182,4.682383660221506,7.795455667681203
2018-06-06,sz000901,49.69,49.39,49.87,49.21,43297,52884166.0,1.33,-0.6,-0.3,0.76,4.636457805623982,-0.07317674178173839,49.136,49.289333333333325,49.358934752728416,4.574553518582501,4.599131777817498,4.602927852739501,49.58,49.28127272727273,49.766102094986564,4.595606998230304,4.590258950449795,4.58584927523137,50.9205,50.18342857142857,50.80643155429845,4.5400905744290405,4.5675018716402,4.592202098631613,51.79533333333334,50.8685376344086,51.72077550138648,4.582257819707806,4.562930681639144,4.620577931290631,54.697,53.05220765027322,53.90241936515262,4.7614075390607224,4.676121280265497,4.680877894496997,7.723325659782165
2018-06-07,sz000901,49.78,48.29,49.78,48.21,31792,38425823.0,3.18,-2.23,-1.1,0.56,4.50231784976574,-0.13413995585824168,49.076,49.007333333333335,49.00262316848561,4.5785395709971635,4.575053221545244,4.569391185081581,49.306,49.046727272727274,49.49771989589809,4.5876529158765065,4.5732972870926005,4.570661743328528,50.661,49.93290476190476,50.56677140627002,4.538183110638501,4.563904469291314,4.583641693977721,51.568999999999996,50.6423870967742,51.499435146458325,4.574280414568786,4.557773264223528,4.612948248611606,54.5595,52.84214207650273,53.718405615475476,4.755390987198843,4.667626536354187,4.67502346680089,7.5846231779422695
2018-06-08,sz000901,48.03,48.29,48.29,46.64,49467,57927201.0,3.42,0.0,0.0,0.87,4.6943155727261665,0.1919977229604264,48.936,48.745333333333335,48.765082112323746,4.587582466593623,4.613645222121579,4.611032647629776,49.011,48.86200000000001,49.278134460280256,4.582604341280746,4.592690497428902,4.593144257764462,50.464,49.707095238095235,50.3499360342443,4.543559962667027,4.578774227585378,4.594182063382335,51.333999999999996,50.430838709677424,51.29237481442876,4.569780807898624,4.565517467975616,4.618197753393191,54.40116666666667,52.63658469945354,53.540425103492666,4.750931559247337,4.665624063748525,4.675655994864014,7.762882544214186
2018-06-11,sz000901,47.55,47.64,48.12,47.25,27377,32268214.0,1.8,-1.35,-0.65,0.48,4.4373858559663875,-0.25692971675977905,48.66,48.31333333333334,48.390054741549164,4.596022326297598,4.563579685245833,4.55315038374198,48.774,48.61272727272728,48.98029183113839,4.562158844337113,4.566287136462655,4.56482454834663,50.2625,49.43814285714286,50.0918468881258,4.546575787224365,4.568662407899603,4.579249091247483,51.12466666666667,50.19251612903225,51.0567377296269,4.558714425561633,4.556975858173536,4.6065324696882355,54.249,52.414907103825136,53.346968542722415,4.7445586397048745,4.6553438767557065,4.667843859162453,7.50877492848386
2018-06-12,sz000901,47.6,47.64,47.95,47.16,34764,41025612.0,1.66,0.0,0.0,0.61,4.541129741251386,0.10374388528499878,48.25,47.973333333333336,48.140036494366115,4.562321365066732,4.5452821568970965,4.549143502911782,48.537,48.40654545454546,48.736602407295045,4.570515418065511,4.562463663174341,4.56051640160204,50.02,49.18838095238095,49.85833766068525,4.553858965102837,4.568143736854557,4.575618676962141,50.94266666666667,49.96769892473118,50.83630303739291,4.553320221843205,4.555841362411585,4.602312938821342,54.120666666666665,52.198218579234975,53.1598548200102,4.742343875365216,4.648674076806413,4.663689297919467,7.613055068365971
2018-06-13,sz000901,47.55,46.24,47.55,45.72,36498,42048349.0,3.84,-2.94,-1.4,0.64,4.562269066846567,0.021139325595180836,47.620000000000005,47.303333333333335,47.50669099624408,4.547483617311249,4.545264724157041,4.553518690890044,48.378,47.98890909090909,48.28267469687776,4.561018567946876,4.56096432658908,4.560835068010135,49.7355,48.82838095238095,49.51373407395332,4.561636895514676,4.568944698925388,4.574347285522562,50.72966666666666,49.66430107526882,50.53976735756111,4.5535771294317255,4.556418707250511,4.599729463210066,53.96366666666667,51.93983606557376,52.93297433410822,4.739852556567472,4.642769984723834,4.660364044441667,7.6237489481894345
2018-06-14,sz000901,45.98,45.41,46.55,45.28,31633,35998947.0,2.75,-1.79,-0.83,0.56,4.500140381345458,-0.06212868550110873,47.044,46.56666666666667,46.807793997496056,4.547048123627193,4.529483645501776,4.535725921041849,48.06,47.44927272727272,47.76037020653635,4.562793847312178,4.549895565388821,4.549799670434739,49.415000000000006,48.416428571428575,49.12290225738634,4.563446280495979,4.56308788805213,4.5672799613152195,50.49966666666667,49.32109677419355,50.20881462481523,4.546145058467164,4.552971175115914,4.593304361154285,53.8,51.65938797814208,52.686319437907954,4.7393569078585225,4.634910569142784,4.655110809586053,7.556289797467905
2018-06-15,sz000901,45.63,42.66,45.85,42.18,59338,64304911.0,8.08,-6.06,-2.75,1.05,4.773332904238969,0.2731925228935106,45.91799999999999,45.10533333333333,45.42519599833071,4.562851589929754,4.604911905705703,4.6149282487742225,47.427,46.467454545454544,46.83303016898429,4.575217028261688,4.588175393920966,4.590442076580962,48.954,47.77309523809525,48.50738775668288,4.580087149652316,4.583077090313367,4.586904051117481,50.18466666666667,48.81531182795699,49.721794326440055,4.553628439502658,4.567628455488288,4.604919105869426,53.58083333333333,51.29414207650273,52.35758765305851,4.741323133443173,4.636024536237226,4.658986943836968,7.808244141489638
2018-06-19,sz000901,42.22,38.03,42.22,38.03,97566,97592309.0,9.82,-10.85,-4.63,1.72,4.989298500198136,0.2159655959591671,43.996,42.476,42.960130665553805,4.673234118776103,4.747060875795163,4.7397183325821945,46.328,44.75890909090909,45.23247922916896,4.634628222536851,4.6634629342730465,4.662961426329539,48.224,46.73271428571429,47.50954130366546,4.603166713839796,4.622049599889159,4.6252273319823045,49.68633333333334,48.031139784946234,48.96748501505683,4.568572396056838,4.595736201339609,4.629717776471278,53.27583333333334,50.78427868852459,51.88783068082708,4.746067450671406,4.6441548761308304,4.669816830930777,7.989415593379073
2018-06-20,sz000901,38.03,38.38,38.9,37.42,70761,68214873.0,3.89,0.92,0.35,1.25,4.849793961764723,-0.13950453843341304,42.144,40.604,41.433420443702545,4.7349669628787705,4.805914156791371,4.776410208976371,45.197,43.313818181818185,43.986573914774596,4.648644163972752,4.702583977769022,4.6969309782268445,47.521499999999996,45.795190476190484,46.640061179506844,4.622160159093962,4.645537909215343,4.6466146300568205,49.16266666666666,47.301698924731184,48.28442146569833,4.5707744576691205,4.613879528159473,4.643916240038597,52.97266666666667,50.29589071038251,51.444950986373726,4.744492431777582,4.647555745347004,4.675717720466316,7.833879074914785
2018-06-21,sz000901,38.38,35.8,38.73,35.06,87891,82003859.0,9.56,-6.72,-2.58,1.55,4.943944405785349,0.09415044402062644,40.056,38.489333333333335,39.55561362913503,4.811302030666527,4.875573304426895,4.83225494124603,43.838,41.60527272727273,42.49810593027012,4.679392823988889,4.7562749308258585,4.741842510510208,46.709,44.67885714285714,45.6076744005062,4.637499911109597,4.676184027947856,4.674931751554776,48.559666666666665,46.43959139784946,47.47897491952425,4.586524657615656,4.6379550086831,4.663272895893226,52.61,49.73285245901639,50.932001773705736,4.745001584456576,4.654095154330865,4.684512038017759,7.913834290224829
2018-06-22,sz000901,35.8,36.72,36.85,35.32,61655,56680220.0,4.27,2.57,0.92,1.09,4.789968302089217,-0.15397610369613268,38.318,37.37733333333333,38.61040908609002,4.8692676148152785,4.868462061567793,4.818159394860426,42.681,40.311090909090915,41.44754121567556,4.708157869221236,4.776379563207736,4.750592654433665,45.9935,43.72752380952381,44.76122921950561,4.647905392548871,4.690704827088772,4.685887613510436,48.001,45.67574193548387,46.78484750536139,4.5948413634994125,4.651080405100749,4.671446793067162,52.32000000000001,49.21186885245902,50.46603450243669,4.7396543041447705,4.655569472941772,4.6879696204463315,7.753431527259978
2018-06-25,sz000901,37.11,36.81,38.73,36.76,74458,70429360.0,5.36,0.25,0.09,1.31,4.871911366550259,0.0819430644610426,37.148,36.87466666666667,38.010272724060016,4.888983307277536,4.869343312146119,4.836076718757037,41.533,39.24363636363636,40.604351903734546,4.725917448603646,4.806152926358467,4.772650602091227,45.272,42.85290476190477,44.00396929383841,4.654260894942196,4.712038729374618,4.7036041614189905,47.487,44.953741935483876,46.1413089566284,4.604345791312567,4.668955889168547,4.684379991356394,51.974666666666664,48.70334426229508,50.01829566629122,4.736439704768941,4.659905770069821,4.694000497367771,7.847753741924473
2018-06-26,sz000901,36.33,37.99,38.34,35.89,61781,58524313.0,6.66,3.21,1.18,1.09,4.790854933602322,-0.0810564329479373,37.14,37.15533333333334,38.00351514937334,4.8492945939583745,4.836633854254382,4.821002790372132,40.568,38.59945454545454,40.12901519396463,4.7612643563672385,4.817959741812774,4.7759604805477895,44.671,42.15938095238095,43.431210313472846,4.6617116003521755,4.725047685437487,4.711913758769785,47.03099999999999,44.34103225806452,45.61541805620077,4.618138643605322,4.680988737058208,4.691249342469035,51.610166666666665,48.244830601092886,49.62392531657675,4.729304215798923,4.66168987593321,4.697176052654149,7.767336324341148
2018-06-27,sz000901,38.07,38.29,38.99,37.86,63281,61221163.0,2.97,0.79,0.3,1.12,4.8012733334961055,0.010418399893783459,37.122,37.538666666666664,38.09901009958223,4.839590468304651,4.820626767433625,4.814426304746791,39.633,38.185272727272725,39.79464879506197,4.78727871559171,4.82523410129075,4.780562817447483,44.084999999999994,41.55166666666667,42.94157123599924,4.678897066828611,4.738339279070242,4.720424194458006,46.55766666666667,43.777096774193545,45.142810439671685,4.631665548599129,4.692803878341484,4.698347664470782,51.259499999999996,47.808103825136605,49.25232120783653,4.723229231332046,4.664049519136397,4.700589078255525,7.7869015755011874
2018-06-28,sz000901,38.29,37.55,38.9,37.11,54918,52810683.0,4.67,-1.93,-0.74,0.97,4.739714712745713,-0.0615586207503922,37.472,37.681333333333335,37.91600673305482,4.798744529696723,4.78733484891398,4.789522440746431,38.763999999999996,37.80654545454546,39.38653083232342,4.805023280181626,4.816586100773295,4.773135889319888,43.571000000000005,40.92928571428571,42.42808826114217,4.68302092406425,4.744131435824253,4.722261386675883,46.07833333333334,43.195956989247314,44.65295170162835,4.6427656904036585,4.699774792157393,4.701016506294971,50.8955,47.35861202185792,48.86863854528451,4.719846103729663,4.66459002672373,4.701871885943728,7.7227217842507185
2018-06-29,sz000901,37.55,39.91,41.48,37.55,99230,97995943.0,10.47,6.28,2.36,1.75,4.996642991355473,0.25692827860975953,38.11,38.494,38.580671155369885,4.840079467549974,4.853301002800229,4.858562624282779,38.214,38.01490909090909,39.48170704462825,4.854673541182627,4.851426048259449,4.813773544235448,43.137,40.58061904761905,42.188270331509585,4.708733694247402,4.774000204137702,4.748392968073939,45.68133333333333,42.798,44.34695481765234,4.660522034058194,4.722605585767188,4.720089182750487,50.540333333333336,46.99843169398908,48.57491269134076,4.717629783089312,4.673665334514741,4.71153651235067,7.991208096415104
2018-07-02,sz000901,39.73,39.86,40.83,39.69,121379,122368780.0,2.86,-0.13,-0.05,2.14,5.084143555165728,0.08750056381025484,38.72,39.07733333333333,39.00711410357992,4.882525905273068,4.934655698672147,4.933756267910429,37.934000000000005,38.314181818181815,39.55048758196857,4.885754606275303,4.893147868983649,4.862931728040953,42.6805,40.268523809523806,41.96653029993724,4.730485817268495,4.809753524225163,4.780369214463633,45.28066666666667,42.422430107526885,44.05747386167477,4.681976301859978,4.749936006483803,4.7435765616159875,50.1905,46.64825683060109,48.28917784900172,4.717028973830656,4.685682179500853,4.723753136705262,8.087670630201755
2018-07-03,sz000901,39.91,44.23,44.23,39.82,190226,200840305.0,11.06,10.96,4.37,3.35,5.279269875823399,0.19512632065767122,39.967999999999996,40.913999999999994,40.74807606905328,4.980208893717284,5.06690368885559,5.048927470548086,38.553999999999995,39.45890909090909,40.40130802161064,4.9147517438378285,4.964696099810575,4.938629573092307,42.441,40.41609523809523,42.182098842800364,4.77468998318734,4.862018672658963,4.827883563164564,45.00066666666667,42.35464516129032,44.0686045802764,4.7070283905058075,4.788471075771765,4.778137420597111,49.932,46.4528306010929,48.15609005067379,4.721308497101957,4.704116307435041,4.741966800282905,8.302850872230872
2018-07-04,sz000901,45.19,45.32,47.12,42.97,255713,287441712.0,9.38,2.46,1.09,4.51,5.407752807356607,0.1284829315332079,41.374,42.698,42.272050712702196,5.101504788489384,5.209418326735364,5.168535916150926,39.248,40.68909090909091,41.295615654045065,4.970547628397018,5.05433265681399,5.023924706594906,42.2225,40.69028571428572,42.480946572057476,4.809595896184884,4.922310370198892,4.883109205468568,44.76366666666667,42.375247311827955,44.14933976864567,4.738289315528314,4.833679102665366,4.8187577681299825,49.675666666666665,46.3016174863388,48.0631034916353,4.724368118301116,4.7266226782630625,4.763795849695158,8.458549790857944
2018-07-05,sz000901,45.24,43.4,45.37,43.32,136526,150528444.0,4.52,-4.24,-1.92,2.41,5.135215366257875,-0.27253744109873157,42.544,43.373333333333335,42.64803380846813,5.180604919191817,5.220655185991529,5.157429066186577,40.007999999999996,41.444,41.67823098967323,4.98967472444427,5.084272245515964,5.044159371988172,41.922999999999995,40.80242857142857,42.568475469956766,4.834533774216579,4.953321748301083,4.90711931601993,44.47533333333333,42.2872688172043,44.10099526744272,4.754891515554488,4.859287234970498,4.83917438736404,49.35533333333333,46.09585792349727,47.91021485256529,4.723138061445939,4.740093079835414,4.775973538762788,8.177618572388637
2018-07-06,sz000901,43.1,45.32,47.07,43.01,205915,233348916.0,9.35,4.42,1.92,3.63,5.313687984208849,0.17847261795097413,43.626,44.29866666666667,43.538689205645426,5.2440139177624925,5.265016207663873,5.2095153721940015,40.868,42.409818181818174,42.34037080973264,5.042046692656234,5.143183747291341,5.093164574210113,41.7745,41.125952380952384,42.83052542519898,4.875102280938735,4.998955482586061,4.945840141561732,44.285,42.34176344086021,44.17964073405932,4.7792858259179924,4.895338620044973,4.869788167805641,49.1005,45.963551912568306,47.825289775432,4.727398124103572,4.759455372385018,4.7936035205806915,8.368005787752514
2018-07-09,sz000901,45.24,45.15,45.5,43.75,199129,220395615.0,3.86,-0.38,-0.17,3.51,5.299134512778954,-0.014553471429895382,44.684000000000005,44.806666666666665,44.07579280376362,5.287012109285137,5.283389739336028,5.239388419055652,41.702,43.18836363636364,42.85121248069034,5.084769007279102,5.189926987313655,5.130613653949902,41.6175,41.44742857142857,43.051427765656214,4.9053432279413745,5.039339504666081,4.9794872245348,44.082,42.397569892473115,44.2422445576684,4.797763599054497,4.928877245003746,4.8974879319974685,48.833,45.834027322404374,47.73757535656537,4.73388192313447,4.778200827751424,4.810178307210143,8.343202949525265
2018-07-10,sz000901,45.06,44.1,45.06,43.45,153043,167654415.0,3.57,-2.33,-1.05,2.7,5.184813470288161,-0.11432104249079256,44.658,44.612,44.08386186917575,5.268120828178089,5.249323526337036,5.22119676946649,42.313,43.62436363636364,43.07826475692846,5.124164860947687,5.208116889678939,5.140468166011403,41.4405,41.68385714285714,43.15129178797467,4.942714608657463,5.065955718222917,4.99904210508274,43.885,42.39873118279569,44.23306748943173,4.815862687217346,4.953848204438175,4.916025063500094,48.57033333333333,45.678846994535526,47.618310590776346,4.740339636781957,4.792985468641709,4.822461427311062,8.224414994596875
2018-07-11,sz000901,42.44,41.35,43.01,39.86,156252,162689265.0,7.14,-6.24,-2.75,2.76,5.193825584949904,0.009012114661742565,43.864,43.50933333333333,43.172574579450504,5.225335383696749,5.224558445260974,5.212073041294294,42.61899999999999,43.44927272727273,42.76403480112328,5.163420086093066,5.22078247586116,5.150169514909312,41.126,41.67523809523809,42.97974018911994,4.975349400842388,5.089871049298389,5.017592912689136,43.59633333333333,42.235182795698925,44.047063135274854,4.840404739916763,4.978232907517695,4.933947677787179,48.26583333333333,45.442114754098355,47.412792210750894,4.747264406466198,4.807853860384921,4.834637301332007,8.21135889709743
2018-07-12,sz000901,41.52,42.44,42.75,41.52,100941,106689806.0,2.97,2.64,1.09,1.78,5.004067602877662,-0.18975798207224237,43.672000000000004,43.034666666666666,42.92838305296701,5.199105831020707,5.150802518321277,5.142737895155417,43.108000000000004,43.41672727272727,42.70511938273723,5.18985537510626,5.191809297094722,5.123605530903556,40.93599999999999,41.800380952380955,42.928336361584705,4.997439327643943,5.0926061161588905,5.016304787945186,43.416666666666664,42.160580645161296,43.94338164267648,4.851965741078255,4.988791801902268,4.9384715439220495,48.058499999999995,45.2511038251366,47.24974984318529,4.74463819194798,4.816273637316445,4.840192393185963,8.02812292542778
2018-07-13,sz000901,42.31,41.96,42.83,41.48,67132,70568088.0,3.18,-1.13,-0.48,1.18,4.82692958590122,-0.17713801697644183,43.0,42.464000000000006,42.60558870197801,5.10175415135918,5.026743769948116,5.037468458737352,43.313,43.208,42.56964313133046,5.172884034560836,5.125822789966533,5.06966444999404,40.7635,41.89790476190476,42.836113850957595,5.013778787871731,5.076367093135775,4.9982690544171895,43.19566666666666,42.066602150537626,43.81542153669736,4.86345047435188,4.987176566084396,4.9312752885658675,47.855333333333334,45.05115300546449,47.076315422097245,4.743401133984839,4.818971715806714,4.839757547045479,7.848608350645152
2018-07-16,sz000901,42.05,42.75,43.1,41.79,77272,82171851.0,3.12,1.88,0.79,1.36,4.888022153059356,0.061092567158135935,42.52,42.38066666666667,42.65372580131867,5.019531679415261,4.95549977051484,4.987653023511354,43.602,43.105636363636364,42.602435289270375,5.153271894350199,5.074029720602628,5.036638577824097,40.768,42.087095238095245,42.827912531818775,5.01951325031275,5.064390270772691,4.987769349525967,42.98766666666667,42.0378494623656,43.746684663362046,4.871414509629062,4.988761835678426,4.928484763694479,47.65233333333333,44.883765027322404,46.93446901481536,4.742116376771677,4.823713388563256,4.841339993144294,7.914723069984842
2018-07-17,sz000901,42.75,42.49,42.75,41.7,59501,62845099.0,2.46,-0.61,-0.26,1.05,4.774524264734136,-0.11349788832521934,42.198,42.37066666666667,42.599150534212455,4.937473838304456,4.8738306322878,4.9166101039189485,43.428000000000004,42.903454545454544,42.58199250940303,5.102797333241273,5.00516651521789,4.9889814299895585,40.991,42.25109523809524,42.79573038593127,5.008774538539551,5.041057986431871,4.967460293831508,42.769999999999996,42.005741935483876,43.66560823346772,4.884059099871984,4.982510852136818,4.918551828277683,47.4285,44.714508196721305,46.78874871924765,4.738644433337179,4.8247759422669425,4.839149313524288,7.798271414714916
2018-07-18,sz000901,42.88,41.92,43.27,41.87,67660,71703965.0,3.29,-1.34,-0.57,1.19,4.830331993451962,0.055807728717825356,42.312,42.278000000000006,42.372767022808304,4.864775120004866,4.838116684003635,4.887850733763287,43.088,42.62927272727273,42.461630234966115,5.045055251850807,4.955627362528924,4.960136077891813,41.168,42.33957142857143,42.71232749203306,5.007801440123913,5.02406345832829,4.954400455700123,42.511,41.95090322580645,43.55298834743755,4.888082348073525,4.979044587206493,4.912860226030863,47.21883333333333,44.533901639344265,46.62911761369854,4.738080321448715,4.827782091778904,4.8388602210629,7.85554317142805
2018-07-19,sz000901,42.22,42.57,44.01,42.01,135116,145261673.0,4.77,1.55,0.65,2.38,5.130706779816052,0.30037478636409,42.338,42.364000000000004,42.438511348538874,4.890102955392545,4.926760570607363,4.968802749114209,43.005,42.53509090909091,42.48133382860864,5.044604393206625,4.9712003676135135,4.991148932787129,41.5065,42.47309523809523,42.69877249279182,5.0171395588254475,5.035768728775161,4.971191534187354,42.28366666666667,41.95470967741935,43.489569744377064,4.904557313879929,4.994697776351173,4.926914842404101,47.0395,44.381480874316935,46.49603179029859,4.743407566793866,4.840655090413897,4.84842896069415,8.162151041687446
2018-07-20,sz000901,42.01,43.05,43.4,41.13,98691,104590268.0,5.33,1.13,0.48,1.74,4.994277549543457,-0.13642923027259446,42.556,42.60133333333333,42.64234089902592,4.923572548120992,4.9614854353243345,4.977294349257292,42.778,42.54327272727273,42.58472767795252,5.0126633497400865,4.962050032402028,4.9917177721973705,41.82299999999999,42.620095238095246,42.73222273157355,5.02735502119816,5.033591394557829,4.973390202316507,42.109,42.0041505376344,43.46121040603016,4.920955970539185,5.000486178652047,4.9312608235098665,46.839000000000006,44.25067759562842,46.383047141436336,4.747618192553986,4.848880335749951,4.853210881640028,8.019491275826383
2018-07-23,sz000901,43.32,45.15,45.37,43.14,144734,160728215.0,5.18,4.88,2.1,2.55,5.160570564829332,0.16629301528587437,43.036,43.466,43.47822726601728,4.978082230474988,5.040484774227113,5.038386421114639,42.778000000000006,42.97454545454546,43.0511408274157,4.998806954945124,4.988942253327346,5.022418279948636,42.239999999999995,42.936952380952384,42.962487233328446,5.041787981112114,5.0462785891893684,4.991216903508205,42.004333333333335,42.2003440860215,43.57016457338306,4.93649780360929,5.015945184735282,4.946055000369188,46.66916666666666,44.19530054644808,46.34261936630727,4.753139305753958,4.8624197577917645,4.863288248301973,8.20609212158733
2018-07-24,sz000901,44.63,45.46,45.5,44.36,114649,128217454.0,2.52,0.69,0.31,2.02,5.059370271046979,-0.10120029378235262,43.629999999999995,44.273999999999994,44.13881817734486,5.035051431737557,5.067580787751111,5.045381037758753,42.914,43.46218181818182,43.489115222431025,4.9862626350210055,4.999953765345865,5.029136823784698,42.6135,43.243619047619056,43.200345592059065,5.055213747984347,5.047953092992688,4.99770770041666,41.931666666666665,42.42329032258064,43.69208943961641,4.95723061744531,5.023872440699003,4.953365662993561,46.52816666666666,44.155655737704926,46.31368102642834,4.757972521503471,4.872460117309569,4.8697171670804975,8.107947148895171
2018-07-25,sz000901,45.41,45.24,46.07,44.71,89974,101271251.0,2.99,-0.48,-0.22,1.59,4.954117028463094,-0.1052532425838848,44.294,44.81066666666667,44.505878784896574,5.059808438739783,5.04060265332629,5.014959701326868,43.303,43.885090909090906,43.80745790926174,4.962291779372325,4.994109109608063,5.015496860998951,42.961,43.493761904761904,43.39459839281534,5.062855932732695,5.038324833990666,4.993556207849653,41.851666666666674,42.63673118279569,43.79195463706052,4.9709968603523675,5.023671563990473,4.953414138185144,46.397166666666664,44.11342076502732,46.278478369824136,4.7621585410977865,4.878891084750868,4.872484375650419,8.005486174836133
2018-07-26,sz000901,45.32,44.84,45.46,44.63,65105,72771206.0,1.83,-0.88,-0.4,1.15,4.8136143432382985,-0.1405026852247957,44.748000000000005,44.99266666666667,44.61725252326438,4.9963899514242325,4.958537954825796,4.947844581964012,43.543000000000006,44.16454545454546,43.99519283485052,4.943246453408389,4.967076848492785,4.9787909486788315,43.3255,43.67271428571428,43.532255688737685,5.066550914257325,5.014587539753104,4.976418887410476,41.805,42.829526881720426,43.859570466927586,4.979375036232091,5.013517853208921,4.94439479657567,46.26733333333334,44.06236612021858,46.231315144584,4.766476082831908,4.880578160230884,4.8705542106533,7.86195957232155
2018-07-27,sz000901,45.02,45.02,45.63,44.67,57682,64597684.0,2.14,0.4,0.18,1.02,4.761040310204878,-0.05257403303342034,45.142,45.083333333333336,44.75150168217626,4.949742503556516,4.880088074419344,4.885576491377634,43.849000000000004,44.4330909090909,44.181521410332245,4.936657525838754,4.933948458819419,4.939199923501749,43.581,43.83409523809523,43.67394562314362,5.054770780199795,4.985491291748109,4.955906641962324,41.792,43.03694623655914,43.93443688841613,4.988071700527405,4.999431741852326,4.9325654748743295,46.145833333333336,44.02146994535519,46.1915998939419,4.767108379497285,4.880399938177539,4.866963590966467,7.810216947653743
2018-07-30,sz000901,45.06,44.28,45.19,43.75,66281,73069058.0,3.2,-1.64,-0.74,1.17,4.821389052119142,0.06034874191426365,44.968,44.79600000000001,44.594334454784175,4.881906201014479,4.8373035906068855,4.86418067829147,44.001999999999995,44.51145454545455,44.19942660845365,4.929994215744733,4.912990554506762,4.9177797650685475,43.802,43.90066666666667,43.73166508760613,5.041633055047466,4.963264460502333,4.94309544292964,41.846,43.197462365591406,43.95673128271187,4.989673572123411,4.988678022600179,4.925392802438511,46.01533333333334,43.9602950819672,46.12892448758314,4.771651005813036,4.882179632361862,4.865469343791145,7.863733508494266
2018-07-31,sz000901,44.19,42.66,44.32,42.14,105251,112753457.0,4.92,-3.66,-1.62,1.86,5.022226230801471,0.2008371786823293,44.408,44.026666666666664,43.94955630318945,4.874477392965377,4.884076933869216,4.916862529128137,44.019,44.26745454545455,43.91953086146208,4.954764412351466,4.9297600117898055,4.936770031565442,43.723499999999994,43.79190476190476,43.62960174592936,5.02878087279637,4.961416191526524,4.950631708441243,42.00033333333333,43.249978494623655,43.873071199956264,4.990771163143523,4.990778194127796,4.931640120397412,45.843333333333334,43.850284153005475,46.01518925848205,4.7796717796001795,4.8903952135090245,4.870608913857057,8.052129866142087
2018-08-01,sz000901,42.92,41.96,43.49,41.83,84075,89692866.0,3.89,-1.64,-0.7,1.48,4.924666875986674,-0.0975593548147975,43.751999999999995,43.210666666666675,43.28637086879297,4.868587362470093,4.900806761542983,4.919463978080983,44.022999999999996,43.89309090909091,43.56325252301443,4.964197900604939,4.924287732450753,4.934569457823847,43.5555,43.62395238095238,43.47059205584085,5.0046265762278725,4.951500572782743,4.948158867255094,42.119666666666674,43.24737634408602,43.749647251571986,4.993266926950922,4.986513401408,4.931190233661235,45.64116666666666,43.72296174863389,45.882232233613784,4.782020692310022,4.895149151095467,4.8723813060580285,7.952757901460532
2018-08-02,sz000901,41.13,39.78,41.44,38.73,102185,102759272.0,6.46,-5.2,-2.18,1.8,5.009387149268956,0.08472027328228204,42.739999999999995,41.88666666666666,42.11758057919532,4.907741923676224,4.947740023809271,4.949438368476974,43.744,43.12163636363636,42.875388427920896,4.952065937550229,4.932503959480574,4.94817267445023,43.3745,43.264380952380954,43.11910709814172,4.9983351653784265,4.951953960691418,4.953990132208795,42.25233333333334,43.09643010752689,43.49354097727702,4.9954483517337085,4.9875534157510995,4.936235195958507,45.406,43.53079234972678,45.68215904562645,4.790986504674682,4.9026037890285465,4.876873300917403,8.011821018837761
2018-08-03,sz000901,39.78,39.08,40.21,39.03,45371,45176669.0,2.97,-1.76,-0.7,0.8,4.656778351443576,-0.35260879782538,41.552,40.666666666666664,41.10505371946355,4.8868895319239645,4.86408549973172,4.8518850294658415,43.347,42.27363636363636,42.185317804662546,4.91831601774024,4.878815307461183,4.895191888449021,43.0625,42.855380952380955,42.73443023165203,4.965489683740163,4.91942474031667,4.925684248326394,42.331,42.89176344086022,43.20879639809786,4.991008686712187,4.965703738313026,4.9182057221188344,45.166000000000004,43.32338251366121,45.4656948146223,4.7929250251057995,4.898203521709495,4.869657073065802,7.654914206038747
2018-08-06,sz000901,39.12,37.42,39.38,36.89,57501,55366230.0,6.37,-4.25,-1.66,1.01,4.759675397571465,0.10289704612788952,40.17999999999999,39.28933333333334,39.87670247964237,4.874546801014428,4.821680788280887,4.82114848550105,42.574,41.196000000000005,41.31889638563299,4.878226501014454,4.849971558339588,4.870552526471283,42.676,42.318,42.22829401911374,4.938516727979788,4.899823379729174,4.909873881587829,42.35133333333333,42.5749247311828,42.83532566273671,4.987267487746227,4.950779009981366,4.9079779592448105,44.91916666666667,43.069415300546446,45.20190154201173,4.795806639529397,4.897113369987056,4.866051116492217,7.743244952517916
2018-08-07,sz000901,37.51,38.51,38.64,37.16,48305,46385527.0,3.96,2.91,1.09,0.85,4.683992086445554,-0.07568331112591142,39.35,38.73266666666667,39.42113498642824,4.806899972143245,4.758162550091263,4.775429685815885,41.879000000000005,40.45709090909091,40.808187951881536,4.840688682554311,4.8146562102361505,4.836632446466604,42.396499999999996,41.9212380952381,41.874170779198145,4.913475658787658,4.875582937678295,4.888361329669517,42.36866666666667,42.32709677419354,42.55627239417305,4.983705392841001,4.931212855058742,4.893527257773891,44.69983333333333,42.8592786885246,44.982494934076925,4.8009220182231624,4.893447319066275,4.860081967966098,7.666382495112468
2018-08-08,sz000901,38.73,37.77,38.77,37.68,44553,42980915.0,2.83,-1.92,-0.74,0.79,4.648876952807901,-0.03511513363765317,38.512,38.206,38.87075665761883,4.75174198750749,4.705488210312816,4.73324544147989,41.132,39.71,40.255790142448525,4.810164674988791,4.779781350282258,4.802495083983203,42.2175,41.48061904761905,41.48329737165547,4.886228227180558,4.850383060918317,4.865553293777935,42.35133333333333,42.03040860215054,42.24748062680705,4.978625513484728,4.9096110202178975,4.8777433671309245,44.45450000000001,42.63207103825136,44.7460196903367,4.805145531041928,4.888462234954298,4.853157213370746,7.633275656739908
2018-08-09,sz000901,37.55,39.25,39.73,37.37,67179,65930273.0,6.25,3.92,1.48,1.18,4.827233534818026,0.1783565820101254,38.40599999999999,38.452,38.99717110507922,4.715311264617304,4.730652059416327,4.764574805925935,40.573,39.36781818181818,40.072919207457886,4.811526594146764,4.782884779342119,4.806992984134989,42.05800000000001,41.19800000000001,41.27060238387876,4.877386523777576,4.844764518788553,4.861903792924609,42.408,41.830322580645166,42.05409477991627,4.981542807553805,4.899843795787787,4.874484668272029,44.24316666666667,42.46143169398908,44.565822323440415,4.8121542489787315,4.889186431799416,4.852307256696887,7.819084874047177
2018-08-10,sz000901,39.34,39.95,40.21,38.86,65422,64833026.0,3.44,1.78,0.7,1.15,4.815723816702551,-0.011509718115474854,38.58,38.96666666666667,39.314780736719484,4.747100357669099,4.764122910111409,4.781624476184808,40.065999999999995,39.25454545454546,40.05057026064736,4.816994944796532,4.7836479107158985,4.808580408238182,41.957499999999996,40.997238095238096,41.14483072827126,4.876826235317642,4.838891880019504,4.85750569995108,42.40933333333334,41.67174193548387,41.918346729599094,4.975512168398708,4.8891457963780285,4.870693645590127,44.04533333333334,42.32067213114755,44.4144838866063,4.818017101228451,4.889303466806755,4.851107799647892,7.811796292225039
2018-08-13,sz000901,39.08,40.13,40.48,38.95,54272,53858569.0,3.83,0.45,0.18,0.96,4.734575826240601,-0.08114799046195031,39.122,39.483333333333334,39.586520491146324,4.7420804434029264,4.7599480663019085,4.765941592870073,39.651,39.26618181818183,40.06501203143875,4.8083136222086775,4.768662616433002,4.795125029693168,41.826499999999996,40.82319047619048,41.048180182721616,4.869153918976705,4.825344222012165,4.845798092931035,42.41833333333333,41.52468817204302,41.80296952123786,4.963859910767869,4.8736015162387964,4.861911850793383,43.849500000000006,42.19230054644809,44.27400900507823,4.8229181063139235,4.886567687298957,4.847287079208308,7.731254810203236
2018-08-14,sz000901,40.04,39.82,40.48,39.56,43996,44207802.0,2.29,-0.77,-0.31,0.78,4.643413193374936,-0.0911626328656645,39.384,39.716,39.664346994097556,4.733964664788802,4.727058982959246,4.725098793038361,39.367000000000004,39.29690909090909,40.02046438935898,4.770432318466023,4.738680720281414,4.767541059453489,41.693,40.632095238095246,40.931210641510035,4.862598365408745,4.803845105288188,4.826523340592359,42.27133333333333,41.35705376344086,41.67503600373865,4.942664688019589,4.852927534471511,4.847815163218001,43.635999999999996,42.06018579234973,44.127975922944515,4.824846539262697,4.880682280317352,4.840602689508853,7.645498922438072
2018-08-15,sz000901,39.82,38.99,40.61,38.77,54829,54797426.0,4.62,-2.08,-0.83,0.97,4.739010325065638,0.09559713169070161,39.628,39.58466666666667,39.439564662731705,4.75199133924035,4.728740869718191,4.729735970380787,39.07000000000001,39.22836363636363,39.83310722765734,4.751866663373921,4.732967630572251,4.762353653201152,41.5465,40.37466666666667,40.74633343755669,4.858032281989429,4.792074815731701,4.8181887676850526,42.06033333333333,41.14535483870968,41.501807874465186,4.920373271943222,4.839788543313191,4.840795496240429,43.412000000000006,41.90785792349726,43.95951769596273,4.829331293735768,4.877867978212529,4.837271792313993,7.738760158844753
2018-08-16,sz000901,38.25,39.43,40.26,37.51,64207,63170835.0,7.05,1.13,0.44,1.13,4.807582378468385,0.06857205340274675,39.664,39.51866666666667,39.43637644182114,4.748061107970423,4.747271216127535,4.755684773076653,39.035000000000004,39.29381818181819,39.759815004446914,4.731686186293863,4.743097760589428,4.770577057795194,41.3895,40.17309523809524,40.62096834826558,4.841876061922045,4.787270063015412,4.817178635378704,41.928,40.97565591397849,41.36814285030615,4.909452172350239,4.832511711476104,4.838652714448685,43.20166666666667,41.77730054644809,43.81100891904592,4.832171843952364,4.877154899023436,4.836298368909219,7.800516617491102
2018-08-17,sz000901,39.47,38.86,40.35,38.73,41836,41536363.0,4.11,-1.45,-0.57,0.74,4.62155015432547,-0.18603222414291487,39.446000000000005,39.25066666666667,39.24425096121409,4.709226375495006,4.7051008982458855,4.7109732334929255,39.013,39.262,39.59621227636565,4.728163366582052,4.723073027504264,4.743481257164334,41.18,39.93219047619048,40.45325707700219,4.823239692161146,4.7662866432443085,4.798547351468872,41.71266666666667,40.77772043010753,41.20632718254446,4.886380911354126,4.813937387732571,4.824646097666543,42.99883333333333,41.634950819672135,43.64868075776572,4.832833368636059,4.87024926985534,4.829257443840899,7.618428466243811
2018-08-20,sz000901,38.86,38.9,39.3,37.64,35145,34087396.0,4.27,0.1,0.04,0.62,4.545863547652644,-0.0756866066728259,39.2,39.068666666666665,39.1295006408094,4.6714839197774145,4.650646622298431,4.655936671546165,39.161,39.24145454545454,39.469628226117344,4.70678218159017,4.689927605880737,4.707550764525845,40.8675,39.71504761904762,40.30532783157341,4.792504341302312,4.739869867576832,4.774482227295898,41.50433333333333,40.59625806451613,41.05753188044482,4.861271879183249,4.791968525558283,4.8066601266979045,42.79316666666667,41.50056284153006,43.492986306691435,4.829517739118874,4.86084042326572,4.8199658406871855,7.532593825927464
2018-08-21,sz000901,38.9,39.73,40.17,38.77,48534,48286817.0,3.6,2.13,0.83,0.86,4.686046085799926,0.14018253814728254,39.182,39.24533333333333,39.32966709387293,4.680010498262413,4.655500677639268,4.665973142964086,39.283,39.344909090909084,39.516968548641465,4.706987581525608,4.686157406646146,4.703640822939314,40.581,39.60671428571428,40.250534704756895,4.773838132039959,4.729730986100415,4.766059737629615,41.358666666666664,40.48178494623656,40.971884662351606,4.844646299700307,4.780663635662584,4.798878575672229,42.621833333333335,41.400131147540996,43.36960970647205,4.830254493458827,4.856136434632312,4.815575029051538,7.683828578254012
2018-08-22,sz000901,39.52,40.04,41.04,39.17,63267,63770895.0,4.71,0.78,0.31,1.12,4.801177241534614,0.11513115573468724,39.392,39.531333333333336,39.56644472924862,4.6924438815562075,4.6958895920633354,4.711041175820929,39.510000000000005,39.48254545454545,39.612065176161195,4.722217610398279,4.703282799375056,4.721374717229368,40.321,39.555190476190475,40.23048378049433,4.766191142693535,4.732334710814191,4.769404261811044,41.315000000000005,40.39670967741935,40.91176307123215,4.831558021586464,4.777859180297056,4.799026876695609,42.455666666666666,41.31548087431693,43.2604421751123,4.8359813807516145,4.855183082110206,4.815102970444426,7.804622512186153
2018-08-23,sz000901,39.69,39.69,40.17,39.34,40064,39986637.0,2.07,-0.87,-0.35,0.71,4.602754307194317,-0.19842293434029656,39.444,39.63066666666667,39.60762981949908,4.651478267301394,4.665993067276038,4.674945552945392,39.554,39.51527272727273,39.62623514413189,4.699769687635908,4.681562198792517,4.699807369950268,40.0635,39.495095238095246,40.179009134732965,4.755648140891337,4.7167692979095035,4.753532837561831,41.223333333333336,40.291870967741936,40.83293964728169,4.818180911730353,4.763097650336271,4.786364130276171,42.32000000000001,41.22480327868852,43.143378497239766,4.835073326404303,4.847536292813246,4.808140719190323,7.601914880158564
2018-08-24,sz000901,39.6,38.99,39.82,38.9,41247,40695315.0,2.32,-1.76,-0.7,0.73,4.6153923666841115,0.012638059489794351,39.470000000000006,39.47933333333334,39.40175321299939,4.650246709773123,4.653964433736944,4.655094490858299,39.458000000000006,39.41272727272727,39.510556027017,4.679736542634064,4.666220867710373,4.684459187538239,39.762,39.392857142857146,40.0657701695203,4.748365743715298,4.703411605127863,4.740376602240144,41.12433333333333,40.147784946236555,40.71404031519901,4.811129671089784,4.750014518397804,4.775333693915393,42.16,41.11562295081967,43.00720215306797,4.837290072720832,4.8403336383961895,4.801821101075365,7.609544414464466
2018-08-27,sz000901,39.03,39.91,40.26,39.03,64582,64661153.0,3.15,2.36,0.92,1.14,4.810111490286505,0.1947191236023933,39.672000000000004,39.626,39.57116880866626,4.7030962982998945,4.707252693908072,4.7067668240010345,39.43599999999999,39.49490909090909,39.583182203923,4.6872901090386545,4.68992540364718,4.707305060765196,39.5435,39.40695238095238,40.05093491528027,4.747801865623666,4.7092921524203595,4.747018020149321,41.02966666666667,40.069440860215046,40.662166746476494,4.808532648997356,4.7499488293137215,4.77757742271353,42.00866666666666,41.0418524590164,42.90565454149197,4.8399735793132095,4.839442537332769,4.802092917115075,7.810643444430705
2018-08-28,sz000901,39.82,40.74,41.13,39.82,85868,87439529.0,3.28,2.08,0.83,1.51,4.93383134761889,0.123719857332385,39.873999999999995,39.982,39.960779205777506,4.752653350663687,4.784164377014404,4.78245499854032,39.528,39.73199999999999,39.79351271230063,4.71633192446305,4.734751083389041,4.748491658374959,39.447500000000005,39.52090476190476,40.116560161444056,4.743382121464537,4.727009245943714,4.764809765622614,40.971333333333334,40.05075268817204,40.667188246703816,4.813842885093513,4.758032616321563,4.78765832109452,41.87066666666667,41.000256830601096,42.83464947455781,4.84895099248275,4.842519841211644,4.806412209918478,7.941707809586067
2018-08-29,sz000901,40.52,40.48,40.87,39.65,61022,61696600.0,2.99,-0.64,-0.26,1.08,4.785486437569411,-0.14834491004947914,39.962,40.184,40.13385280385167,4.749515189870647,4.79510873931631,4.783465478216684,39.677,39.9050909090909,39.918328582791425,4.720979535713427,4.747324631226561,4.755217981864859,39.3735,39.6192380952381,40.15117347940176,4.736423099543674,4.731019180810845,4.7667789724746905,40.923333333333325,40.01905376344086,40.65511158562615,4.812348033230761,4.756203168094202,4.7875181995767715,41.71716666666667,40.9546612021858,42.75744785244116,4.850215190652144,4.840439036132518,4.805726119021787,7.7902612314250685
2018-08-30,sz000901,40.35,39.38,40.65,39.38,46167,46165856.0,3.14,-2.72,-1.1,0.81,4.6643316543697155,-0.12115478319969508,39.9,39.99,39.882568535901115,4.761830659305726,4.766714227482667,4.743754203601028,39.672000000000004,39.85109090909091,39.82045065864753,4.70665446330356,4.737025016436796,4.73869319504756,39.353500000000004,39.61985714285714,40.07772838612541,4.719170324798712,4.724153328889516,4.757022085036121,40.817,39.919483870967746,40.57284632203737,4.796802195715884,4.7466537242967135,4.7795706805311555,41.550333333333334,40.87803278688525,42.64671185727916,4.8506797547979055,4.834344493959323,4.801090234934834,7.664320892590889
2018-08-31,sz000901,39.91,39.34,40.13,39.21,45027,44889078.0,2.34,-0.1,-0.04,0.79,4.653473012322734,-0.010858642046981615,39.97,39.803333333333335,39.70171235726741,4.76944678843345,4.730595011821671,4.713660473174929,39.72,39.79072727272727,39.73309599343889,4.709846749103287,4.727355661713009,4.723198616370318,39.3665,39.61857142857143,40.007468539827755,4.719005057842669,4.717896441987041,4.747160268587227,40.693333333333335,39.82419354838709,40.49330784964787,4.785442044475193,4.737406680206832,4.771435347098355,41.40116666666666,40.80556284153004,42.538295075073286,4.853199007507189,4.827878699124073,4.796250325996732,7.652140685294179
2018-09-03,sz000901,39.34,39.65,39.65,38.2,41993,41024927.0,3.69,0.79,0.31,0.74,4.6231769019517115,-0.030296110371022422,39.91799999999999,39.69666666666667,39.68447490484494,4.732059870766492,4.681838382994424,4.68349928276719,39.795,39.778,39.71798763099545,4.717578084533193,4.711597507685449,4.705012850112389,39.478,39.64557142857143,39.97342391698702,4.712180133061683,4.708769950949808,4.735352328907654,40.51,39.7568817204301,40.438900891606075,4.767528922379272,4.726937961334352,4.761870286121153,41.25716666666666,40.7481475409836,42.44359687589055,4.852013362994281,4.820336990745204,4.790575787503452,7.613047816939625
2018-09-04,sz000901,39.47,41.39,41.57,39.3,127533,130640321.0,5.73,4.39,1.74,2.25,5.105622575856483,0.48244567390477133,40.048,40.18733333333333,40.25298326989663,4.766418116414011,4.806359284691087,4.8242070471302885,39.961,40.068,40.02198987990536,4.759535733538849,4.782151051562411,4.777850982065861,39.622,39.827666666666666,40.10833592489301,4.733261657532228,4.746240659787407,4.770616161950399,40.37433333333333,39.8136559139785,40.50026212440569,4.769070665872922,4.748750455107073,4.7840478532008515,41.153,40.75250273224044,42.409052716025286,4.863150641659117,4.8286520469046215,4.8009051904002735,8.116077238847085
2018-09-05,sz000901,41.09,40.61,42.18,40.48,109261,112769721.0,4.11,-1.88,-0.78,1.93,5.038465171032073,-0.06715740482440946,40.074,40.37466666666667,40.37198884659776,4.817013863106544,4.8970416362304405,4.8956264217642165,40.018,40.186,40.12890081083166,4.783264526488596,4.832865494742997,4.825235380059717,39.763999999999996,39.9217619047619,40.15611345585558,4.752741068443436,4.775307661073107,4.796125591386749,40.220000000000006,39.828860215053766,40.50734198734725,4.771882270625222,4.766130745762504,4.800461873706092,41.035833333333336,40.73469945355191,42.350067381073636,4.871439565488795,4.8344000642611125,4.808694042224267,8.052192505960562
2018-09-06,sz000901,40.52,44.1,45.06,40.52,274413,294309424.0,11.18,8.59,3.49,4.84,5.438404681723235,0.39993951069116207,41.018,41.71666666666667,41.614659231065176,4.971828468577248,5.104171909102672,5.0765525084172225,40.458999999999996,40.92818181818182,40.850918845225905,4.866829563941487,4.951981886603841,4.936720707634902,40.0065,40.334714285714284,40.53172169815505,4.783299625788698,4.840608957575945,4.857295028561652,40.19533333333333,40.07918279569893,40.739126375260334,4.792708615241386,4.809132191639795,4.841619474223327,41.000166666666665,40.835163934426234,42.40744222103844,4.886041825736739,4.85298908446552,4.829340292699643,8.468804168744768
2018-09-07,sz000901,43.49,43.05,44.01,42.09,193026,207797406.0,4.35,-2.38,-1.05,3.4,5.2856158110596905,-0.15278887066354496,41.76,42.394,42.093106154043454,5.098257028324639,5.208767689930153,5.146240275964712,40.864999999999995,41.39927272727273,41.250751782457556,4.9338519083790455,5.028124840625333,5.000156180984864,40.161500000000004,40.62457142857143,40.771557726902195,4.806794225506555,4.888448594268421,4.898087484037656,40.12966666666667,40.263354838709674,40.88821499621129,4.81019446526988,4.840932655886137,4.870264399180512,40.96083333333333,40.90237158469945,42.42850968920111,4.899133082898643,4.86608987086955,4.844300145760629,8.31764012182117
2018-09-10,sz000901,42.66,41.7,43.58,41.04,110972,116933469.0,5.9,-3.14,-1.35,1.96,5.0452134132057935,-0.24040239785389694,42.17,42.374,41.962070769362306,5.182664330575455,5.191086484890538,5.112564655045073,41.044,41.55109090909091,41.33243327655618,4.957362100670974,5.048372386957468,5.008348405025033,40.24,40.77109523809524,40.859980800530565,4.822326104854815,4.9111551835731095,4.912099477291765,40.04366666666667,40.364666666666665,40.94058822226217,4.817655277306102,4.856095168656196,4.881551432343434,40.944833333333335,40.92660655737705,42.40462412562074,4.903664424714758,4.870879389896014,4.850887466004733,8.067938833844783
2018-09-11,sz000901,41.7,42.27,42.66,41.13,93474,98174229.0,3.67,1.37,0.57,1.65,4.970690827698363,-0.07452258550743096,42.346000000000004,42.407333333333334,42.064713846241546,5.155677980943831,5.120428650598173,5.065273379262837,41.197,41.774,41.50289995354596,4.961048048678921,5.05079579187154,5.00150157278382,40.3625,40.96442857142858,40.994268343337176,4.838689986570985,4.925285157177258,4.917679605901917,40.03066666666666,40.50830107526882,41.02635672405171,4.815937430535998,4.865968429971826,4.88730236107601,41.015499999999996,40.97005464480874,42.400210219862686,4.90335429683976,4.8730769768790845,4.854815445076655,7.991997499274156
2018-09-12,sz000901,42.09,42.62,43.66,41.92,127992,137146653.0,4.12,0.83,0.35,2.26,5.107182825394482,0.13649199769611986,42.748,42.498666666666665,42.2498092308277,5.169421511816313,5.104263598748391,5.079243194640052,41.411,42.03272727272728,41.706009052901244,4.993217687461429,5.07736575127437,5.020716345985758,40.544,41.17942857142858,41.14909992968602,4.8570986115874275,4.950855903731875,4.935727531567875,40.05266666666667,40.67535483870968,41.129172419274184,4.822021295516259,4.884758455446567,4.901488197483653,41.08616666666667,41.0226612021858,42.407416442162265,4.90764411123359,4.8797598794546495,4.863089785414944,8.13718521331592
2018-09-13,sz000901,42.97,44.06,44.15,42.09,151042,162946586.0,4.83,3.38,1.44,2.66,5.179097727637344,0.07191490224286134,42.739999999999995,42.936,42.85320615388514,5.117560120999135,5.107489004022068,5.112528038972483,41.879000000000005,42.51436363636363,42.134007406919196,5.044694294788191,5.111162122215444,5.0495129608315,40.7755,41.51428571428571,41.42632850781116,4.875674379045876,4.98152248621282,4.958905645479253,40.19533333333333,40.93389247311828,41.3182580696436,4.827678314795205,4.9077956446156685,4.919398489751633,41.22383333333334,41.12016393442624,42.46159950963236,4.911563333264456,4.888659998025264,4.8734507015533834,8.21204526571007
2018-09-14,sz000901,43.93,42.88,44.58,42.75,131135,142426212.0,4.15,-2.68,-1.18,2.31,5.117718620585593,-0.06137910705175109,42.706,42.98266666666667,42.86213743592343,5.083980682904315,5.107541837217553,5.11425823284352,42.233000000000004,42.69636363636364,42.269642423842974,5.091118855614477,5.124439272360426,5.061913989877699,40.9765,41.71471428571429,41.56477341182914,4.900482802358882,5.004574318740413,4.974030690727476,40.322,41.107096774193565,41.41901561353756,4.843042990433273,4.9265079224085975,4.932193336902211,41.326499999999996,41.17446448087432,42.47531755849687,4.917025838572728,4.895419187773496,4.881459485783948,8.153589923846972
2018-09-17,sz000901,42.44,42.44,43.27,42.18,58826,62552622.0,2.54,-1.03,-0.44,1.04,4.769569318606929,-0.34814930197866367,42.854,42.894000000000005,42.72142495728229,5.028851863984542,5.002738049118425,4.99936192809799,42.512,42.73400000000001,42.300616528598795,5.105758097279999,5.065975720177236,5.008760413283013,41.1535,41.85409523809524,41.648128324988264,4.911668090906597,4.992106367906894,4.954558179096948,40.48933333333333,41.24374193548387,41.48488557395449,4.843372787801121,4.921767685516574,4.921701464754128,41.42033333333333,41.21097267759562,42.47415960575927,4.915320137773674,4.890584547774619,4.87779095571257,7.7962455186060255
2018-09-18,sz000901,42.14,43.1,43.18,41.13,87689,92531982.0,4.83,1.56,0.66,1.55,4.942945117437594,0.17337579883066478,43.02,42.976,42.8476166381882,5.023302721932388,4.974102466936109,4.980556324544525,42.683,42.84090909090909,42.445958977944464,5.089490351438109,5.03637336020589,4.9967939958565735,41.322,42.03947619047619,41.786401817846524,4.9245130424884795,4.995085132338416,4.95345217322463,40.64233333333333,41.412172043010756,41.58908650466711,4.852004555500856,4.928191706783443,4.9230720229917715,41.505500000000005,41.266043715847,42.49467896294749,4.917854974170928,4.89149028481278,4.879927157736341,7.966291864690368
2018-09-19,sz000901,42.7,43.27,43.88,42.4,100790,108728744.0,3.43,0.39,0.17,1.78,5.003417445202194,0.06047232776460021,43.15,43.059333333333335,42.98841109212547,5.0025496458939305,4.967474041359377,4.988176698097082,42.949,42.94763636363636,42.5957846183182,5.085985578855121,5.020723740890269,4.997998259373959,41.48350000000001,42.225,41.92769688281352,4.9346250526718585,5.002599837358771,4.9582107705558265,40.82566666666666,41.581698924731185,41.69753253662407,4.863822571913999,4.937960280312563,4.928255598618251,41.5885,41.323896174863386,42.52009932481806,4.921224042699363,4.894295611731839,4.883976019620467,8.036344371228566
2018-09-20,sz000901,43.4,42.31,43.4,42.22,67190,71523572.0,2.73,-2.22,-0.96,1.18,4.827304641089735,-0.1761128041124591,42.8,42.779333333333334,42.76227406141698,4.932191028584408,4.909059039757979,4.934552679094633,42.77,42.83145454545455,42.54382377862398,5.024875574791771,4.973690843114745,4.966963056049554,41.6145,42.303714285714285,41.96410670349795,4.945852569366629,4.9923788457795215,4.945743520130485,40.92766666666667,41.677462365591396,41.73704656651929,4.863824942123056,4.935604284775514,4.921742633616411,41.667833333333334,41.34755191256831,42.51321082236501,4.92268387483843,4.8912162870888976,4.882117941635852,7.854449195680919
2018-09-21,sz000901,42.53,42.75,42.83,41.96,73288,77756141.0,2.06,1.04,0.44,1.29,4.865032870133331,0.03772822904359607,42.774,42.76266666666667,42.758182707611326,4.881653878493957,4.886672986940953,4.911379409440865,42.74,42.82781818181819,42.58131036432871,4.982817280699136,4.944628533176846,4.9484302949738765,41.802499999999995,42.411857142857144,42.03895368411719,4.958334594539091,4.984681731566826,4.938056791559328,41.020999999999994,41.79503225806452,41.8023984009374,4.865468577237414,4.935682215614886,4.918083939198148,41.71516666666667,41.383032786885245,42.5209744019596,4.920490372818062,4.889326090213323,4.881557775357081,7.890734698626126
2018-09-25,sz000901,42.62,42.88,43.4,42.22,71736,76891606.0,2.76,0.3,0.13,1.27,4.8557371567508865,-0.009295713382444504,42.86200000000001,42.798,42.79878847174089,4.898887446122748,4.878034079693263,4.892831991877539,42.858000000000004,42.85327272727273,42.6356175708144,4.963869655053645,4.921523056095346,4.931576997115151,41.951,42.514476190476195,42.119053333248885,4.96061587786231,4.974910547015568,4.930216826339476,41.11266666666667,41.91496774193549,41.87192108474789,4.869507288254424,4.93505438203511,4.914061566137034,41.765499999999996,41.421224043715846,42.532745733042894,4.916683599511147,4.887203033948825,4.880711197697861,7.88587893190994
2018-09-26,sz000901,42.83,42.88,43.27,42.53,60895,65225900.0,1.73,0.0,0.0,1.07,4.784581634807665,-0.07115552194322117,42.818,42.803999999999995,42.82585898116059,4.867214749596762,4.839932142588236,4.856748539520915,42.919,42.85727272727273,42.680050739757235,4.945258735764575,4.88892523423244,4.904850567604699,42.05800000000001,42.60295238095239,42.19152444436804,4.953153392221749,4.958145381010365,4.916346808098352,41.214666666666666,42.028989247311834,41.93695843411899,4.874212902968848,4.92957530761919,4.905708022180301,41.743,41.4577650273224,42.54413111884477,4.908438795494218,4.882871821991333,4.877559408750641,7.8144200802956325
2018-09-27,sz000901,43.01,42.44,43.32,42.22,66120,70538978.0,2.57,-1.03,-0.44,1.17,4.82033284489941,0.03575121009174431,42.652,42.678000000000004,42.69723932077373,4.830597829536205,4.8243048410224505,4.84460997464708,42.900999999999996,42.77018181818182,42.636405150710466,4.916573737715067,4.8662114358933195,4.88948370893101,42.156,42.63933333333333,42.215188782999654,4.9548957125882485,4.945495805074904,4.907202621127024,41.32966666666667,42.108043010752695,41.96941272869196,4.876923653629974,4.926099174840516,4.900199946226696,41.695,41.48061748633879,42.54071698380068,4.898648462786598,4.8799831022997004,4.8756831279686335,7.848429163125973
2018-09-28,sz000901,42.53,41.83,42.75,41.39,75482,79052790.0,3.2,-1.44,-0.61,1.33,4.87784339887838,0.05751055397896998,42.556,42.403999999999996,42.40815954718249,4.840705581093935,4.8400533641365096,4.85568778272418,42.678,42.57545454545454,42.489786032399465,4.886448304839172,4.859169556104829,4.887367288921441,42.2785,42.608285714285714,42.17850413699969,4.965571299813681,4.938157489483487,4.904406504722392,41.409666666666666,42.14032258064516,41.960418359098924,4.879265687643641,4.92615851324364,4.898757588333256,41.66883333333333,41.485043715847,42.51741478761049,4.89435892999694,4.879300969056807,4.875753956523051,7.897917202038277
2018-10-08,sz000901,41.39,39.65,41.39,39.38,63228,64123990.0,4.81,-5.21,-2.18,1.12,4.800909444620413,-0.07693395425796634,41.93599999999999,41.43533333333333,41.488773031455,4.827880895991351,4.826787985312003,4.837428336689591,42.355000000000004,42.02490909090909,41.97346129923592,4.854767387242654,4.843617036065056,4.871647680866708,42.294,42.35795238095238,41.9376942191902,4.972943121428566,4.92247540803651,4.894549641855536,41.436,42.02679569892474,41.8113591101248,4.885244330653473,4.92110327175827,4.892444804867911,41.574333333333335,41.4188524590164,42.4234011880167,4.885812621003799,4.8762370515034785,4.873300038100014,7.8070205377162685
2018-10-09,sz000901,39.78,39.56,40.13,39.17,38235,38084104.0,2.42,-0.23,-0.09,0.67,4.582461094524949,-0.21844835009546415,41.272,40.64333333333334,40.84584868763667,4.773225683546164,4.744981384823202,4.752439255968044,42.067,41.51672727272727,41.534650153920296,4.836056564834456,4.794106801025473,4.819068301531843,42.2895,42.09757142857143,41.7112471506959,4.9709073310572265,4.885286643569498,4.8648269230621475,41.458,41.905763440860206,41.66611013527804,4.886464248882549,4.901568869427397,4.8724458558135275,41.48116666666667,41.352808743169405,42.32951918185221,4.8738680640329,4.866291099815649,4.863764335031979,7.580743742457085
2018-10-10,sz000901,39.65,39.73,40.04,39.34,26955,26900874.0,1.77,0.43,0.17,0.48,4.430639336164655,-0.15182175836029366,40.641999999999996,40.12933333333333,40.473899125091116,4.702437223817562,4.630785935696033,4.645172616033581,41.730000000000004,41.091818181818184,41.206531944116605,4.784825986707162,4.720394577630964,4.748444853283263,42.2065,41.853809523809524,41.52255694586771,4.937158169072636,4.833832548817824,4.823475724310005,41.458,41.79427956989248,41.54119980396978,4.8779506905613745,4.872160810542372,4.8439422093845685,41.40833333333333,41.295393442622945,42.2442890447423,4.861298495130841,4.851759010377345,4.8495635153969845,7.42976639030765
2018-10-11,sz000901,37.64,35.72,38.34,35.5,98356,91247633.0,7.15,-10.09,-4.01,1.73,4.992800858280878,0.5621615221162228,39.298,38.48866666666667,38.88926608339408,4.736930826493856,4.727573813850471,4.76104869678268,40.975,39.9990909090909,40.208980681549946,4.78376432801503,4.758208190644368,4.792873217828284,41.962,41.23604761904762,40.96993247483269,4.934874953435076,4.839131852551944,4.839601927545326,41.314,41.42408602150537,41.165638526294316,4.884338144452916,4.879570498782339,4.853545993184331,41.3145,41.10889071038252,42.03037792852124,4.85794808301969,4.85607056326751,4.854259821721046,7.960221607502522
2018-10-12,sz000901,35.45,35.19,35.67,32.92,92278,81327162.0,7.7,-1.48,-0.53,1.63,4.965098173209519,-0.027702685071359312,37.970000000000006,37.11933333333333,37.656177388929386,4.754381781360083,4.803629596089026,4.82906518892496,40.263,38.947272727272725,39.296438739449954,4.797543681227008,4.791177980679729,4.824186846079417,41.51649999999999,40.59109523809524,40.41946271532481,4.91120962800939,4.842010254435223,4.851553950941916,41.164,41.02898924731183,40.780113460081786,4.8964162733200896,4.884780823218248,4.860742908024665,41.193666666666665,40.908087431693986,41.806103242340214,4.857298592525221,4.859583680978652,4.857893866032143,7.910235617385054
2018-10-15,sz000901,35.23,34.27,35.72,33.97,45003,39949592.0,4.97,-2.61,-0.92,0.79,4.653241465775748,-0.3118567074337708,36.894,35.885999999999996,36.52745159261959,4.72484818559115,4.769916157560914,4.770457281208556,39.415,37.85763636363637,38.38254078682269,4.776364540791251,4.764941214234045,4.793105867842386,41.0775,39.900952380952376,39.83379959957959,4.879590910745193,4.817441858032019,4.832667047592757,41.00666666666667,40.58421505376343,40.36010614007651,4.897677909956476,4.869092125957325,4.847355718202155,41.06550000000001,40.68108196721312,41.55901789013234,4.85440379052313,4.8528932833803085,4.851183951269638,7.601512348279461
2018-10-16,sz000901,34.8,33.88,35.1,33.62,45637,40024941.0,4.32,-1.14,-0.39,0.8,4.659317087843722,0.0060756220679740736,35.758,34.88133333333334,35.644967728413064,4.740219384254905,4.748072458311771,4.733410550086945,38.515,36.85127272727273,37.56389700740038,4.7567225339005335,4.743659859152676,4.768780635115356,40.6865,39.21547619047619,39.266771066286296,4.860296094477089,4.796463398708069,4.816157527616658,40.80566666666666,40.12443010752689,39.94203477620061,4.89265142987505,4.8537140084016634,4.835224193662901,40.91766666666667,40.44549180327868,41.30724681176734,4.850592039436203,4.8464969980465575,4.844893234436001,7.60233070040662
2018-10-17,sz000901,34.58,34.32,34.8,33.05,45215,39303598.0,5.17,1.3,0.44,0.8,4.655282535177213,-0.004034552666508873,34.676,34.402,35.20331181894205,4.785148024057416,4.719760175285874,4.707367878450368,37.659,36.088545454545454,36.974097551509395,4.743792623937488,4.725216223021164,4.748144616944784,40.289,38.60914285714285,38.795650012354265,4.844525679851032,4.776938297822368,4.800836099765283,40.59166666666667,39.705999999999996,39.579322855155404,4.883366469460328,4.838399886163093,4.82361505440576,40.7815,40.229174863387975,41.07815675236513,4.848604677276922,4.840093407742984,4.838676490198008,7.594432309154586
2018-10-18,sz000901,34.19,33.49,34.19,33.27,35450,30428733.0,2.68,-2.42,-0.83,0.63,4.549616239519086,-0.10566629565812757,34.230000000000004,34.00666666666667,34.6322078792947,4.696511100305058,4.641249580439764,4.654783998806607,36.763999999999996,35.33054545454546,36.340625269416776,4.716720963399457,4.689911425854182,4.712048548321929,39.832499999999996,37.96161904761905,38.29035001117767,4.816647350557263,4.748851684457421,4.776910398789454,40.35866666666667,39.24782795698925,39.18646331611313,4.875504129525317,4.816867613263658,4.805937711509846,40.641,39.990109289617486,40.829364727697424,4.84392608137804,4.830290508144366,4.829199104929847,7.483283869460889
2018-10-19,sz000901,33.31,34.62,34.67,32.66,45445,39268696.0,6.0,3.37,1.13,0.8,4.65748610775906,0.10786986823997413,34.116,34.13666666666667,34.62813858619647,4.634988687214966,4.628241249591099,4.655684701790759,36.043,34.94072727272728,36.027784311340994,4.694685234287524,4.679141452101382,4.702128104583226,39.3605,37.46519047619048,37.94079286725599,4.790566769563347,4.733693470857591,4.765536656786559,40.2,38.87759139784946,38.891852779589705,4.875275944638295,4.802801934440028,4.796360188687215,40.508500000000005,39.79269945355191,40.62577899892046,4.83603907017709,4.824177722124072,4.823569170596379,7.594046479844209
2018-10-22,sz000901,34.93,36.68,37.11,34.93,80510,73800383.0,6.3,5.95,2.06,1.42,4.905849826642319,0.24836371888325903,34.598,34.99133333333334,35.312092390797645,4.68551035938828,4.718528296066882,4.739073076741279,35.745999999999995,35.05654545454545,36.146368982006265,4.7051792724897155,4.717535014347709,4.739168417684879,39.0505,37.20990476190477,37.82071735608876,4.779973329866184,4.7446728096270165,4.778899815820441,40.11133333333334,38.65049462365592,38.74915260026134,4.8836885051156145,4.8047744429564165,4.803424036297222,40.40233333333333,39.667174863387984,40.49640919567717,4.834565274795405,4.826466599385226,4.826266897024114,7.86805861567609
2018-10-23,sz000901,36.55,36.11,37.33,35.58,69898,64422737.0,4.77,-1.55,-0.57,1.23,4.844464749402474,-0.06138507723984521,35.044000000000004,35.495333333333335,35.5780615938651,4.72253989170003,4.77151309273828,4.774203634295011,35.400999999999996,35.122727272727275,36.1397564398233,4.731379637977467,4.742859646513664,4.7583132052698955,38.733999999999995,36.92985714285714,37.65779189360411,4.783718101405961,4.750814849582855,4.785144095209206,39.99333333333333,38.3923440860215,38.57888469056706,4.8910647666973075,4.802243878071699,4.806071824239496,40.25166666666667,39.52644262295082,40.352592500736925,4.829296844538289,4.826791172323164,4.826863547921765,7.809039171876818
2018-10-24,sz000901,35.89,36.15,36.72,35.76,43158,39594673.0,2.66,0.11,0.04,0.76,4.63506131068443,-0.20940343871804412,35.41,35.864000000000004,35.7687077292434,4.718495646801474,4.74235356573308,4.727822859758151,35.043,35.25890909090909,36.14161890530997,4.751821835429445,4.725347223369475,4.73590376989072,38.3865,36.6837619047619,37.514192665641815,4.768323911068303,4.7366570599903275,4.770850496683036,39.818666666666665,38.144387096774196,38.42218245246596,4.875379391191572,4.785727526070867,4.795038887881105,40.096500000000006,39.39196174863388,40.21480258267997,4.822225028532247,4.8204227941640205,4.820574949979558,7.59763676061429
2018-10-25,sz000901,35.1,35.72,35.85,34.75,48818,43652897.0,3.04,-1.19,-0.43,0.86,4.688579983054215,0.053518672369785136,35.856,35.967333333333336,35.752471819495604,4.7462883955085,4.732381677817328,4.714741900856839,35.043,35.382,36.06496092252633,4.721399747906778,4.713848704755797,4.727299445011354,38.009,36.429809523809524,37.34331717367593,4.752582037960904,4.729062400179461,4.763015209670767,39.65566666666667,37.87995698924731,38.247848100693965,4.86371655159231,4.773675951352328,4.788170571440661,39.93783333333333,39.2484699453552,40.06743200619866,4.8177994111087665,4.816040989394248,4.81624724614594,7.640013070707451
2018-10-26,sz000901,36.06,35.93,36.81,35.72,43324,39683702.0,3.05,0.59,0.21,0.76,4.636728547162203,-0.051851435892011466,36.118,35.992,35.81164787966374,4.742136883389128,4.695861728368562,4.688737449625294,35.117,35.54327272727272,36.04042257297609,4.6885627853020475,4.698453940984057,4.710832009038781,37.690000000000005,36.231809523809524,37.208715538087745,4.743053233264527,4.718028734389109,4.750987908479475,39.38333333333333,37.639591397849465,38.09830951355242,4.836994013773609,4.759031563969741,4.7784001182614055,39.789333333333325,39.11706557377049,39.9317784977987,4.814851314507497,4.810104239756657,4.810361387162866,7.598612179691256
2018-10-29,sz000901,35.63,35.72,36.24,35.32,28965,26256932.0,2.56,-0.58,-0.21,0.51,4.461873532835076,-0.17485501432712702,35.926,35.85933333333333,35.781098586442496,4.6533416246276795,4.602440611517212,4.613116144028555,35.262,35.65290909090909,35.982163923344075,4.669425992007979,4.65723771326279,4.665566831547198,37.338499999999996,36.04419047619047,37.06693310588891,4.7228952663996155,4.69124971530059,4.723453206037152,39.138999999999996,37.403247311827954,37.94487019009743,4.809535937832789,4.734830242618868,4.757979048233901,39.63433333333333,38.983644808743165,39.79368739951022,4.809865201551334,4.79853119773461,4.79893555587343,7.419243979433936
2018-10-30,sz000901,35.63,35.8,36.2,34.58,46423,41863626.0,4.54,0.22,0.08,0.82,4.666733202499619,0.2048596696645424,35.864,35.81733333333333,35.787399057628335,4.617795315247109,4.606904470807858,4.630988496852243,35.454,35.750727272727275,35.94904321000879,4.670167603473569,4.65674811517036,4.665778898993093,36.984500000000004,35.897666666666666,36.946272810089965,4.713445068687052,4.685900947310114,4.718051300938339,38.94233333333333,37.18782795698925,37.80649146815567,4.79691993080925,4.725617162919954,4.75209221947685,39.493,38.857928961748634,39.662746829034475,4.8072876040576755,4.793838345306686,4.794601052484125,7.621836841861989
2018-10-31,sz000901,35.76,36.33,36.85,35.76,52010,47772032.0,3.04,1.48,0.53,0.92,4.716086853774832,0.049353651275213295,35.9,35.97266666666666,35.96826603841889,4.634000423865189,4.639668316983765,4.65935461582644,35.655,35.91,36.018308080916285,4.676248035333332,4.66509706977059,4.6749257998625,36.657,35.83533333333333,36.88758016150997,4.71002032963541,4.686152545889903,4.717864210732291,38.74433333333334,37.019290322580645,37.71123395408111,4.788433131678465,4.720402125691926,4.749769292657366,39.3875,38.75422404371585,39.553476441197276,4.802185281107231,4.790848156772822,4.7920268164608695,7.67917371454311
2018-11-01,sz000901,36.5,36.55,37.37,36.33,58590,54556322.0,2.86,0.61,0.22,1.03,4.767823498007517,0.05173664423268498,36.065999999999995,36.18933333333333,36.162177358945925,4.64984912685585,4.684276008364541,4.695510909886799,35.961,36.07272727272727,36.114979338931505,4.698068761182174,4.681747153893169,4.691816290434321,36.3625,35.82514285714285,36.85542966993759,4.707394862290815,4.691657609544389,4.7226222380918355,38.542,36.87772043010752,37.636315634462974,4.777121154098899,4.719072471906704,4.750934080099311,39.297333333333334,38.6611912568306,39.455001803780966,4.799571224807579,4.789721540933487,4.791233265036169,7.736845083991776
2018-11-02,sz000901,36.89,37.86,37.99,36.89,87646,82828661.0,3.01,3.58,1.31,1.55,4.9427321004917895,0.17490860248427254,36.452,36.78733333333333,36.72811823929729,4.711049837521767,4.7819036662431875,4.777917973421796,36.285000000000004,36.418000000000006,36.43225582276214,4.726593360455447,4.726231397404008,4.737437346808406,36.164,35.9677619047619,36.95110303470544,4.710639297371486,4.714070679849243,4.743585082129926,38.33533333333333,36.83372043010752,37.65074688385246,4.769242299860715,4.729757049093342,4.763308145931084,39.26533333333334,38.614065573770496,39.402706662673395,4.79846030732796,4.794415340136248,4.79620043996914,7.918180640653726
2018-11-05,sz000901,37.86,37.86,38.29,37.24,61586,58674116.0,2.77,0.0,0.0,1.09,4.789481997655101,-0.15325010283668838,36.879999999999995,37.25666666666666,37.105412159531525,4.776571530485772,4.808047719620967,4.781772648166231,36.403,36.70436363636364,36.69184567316902,4.714956577556725,4.737665695076672,4.746900010598714,36.0745,36.129285714285714,37.03766465044778,4.71006792502322,4.721579508447683,4.747956216941848,38.168,36.80305376344086,37.66424708489424,4.758301079096365,4.73106283604782,4.7649967815261824,39.245000000000005,38.56798907103825,39.35212611635623,4.800672034764818,4.7941209693273015,4.795980163171959,7.768446555122542
2018-11-06,sz000901,37.94,37.51,37.99,36.94,47120,44367692.0,2.77,-0.92,-0.35,0.83,4.673205281779045,-0.11627671587605626,37.221999999999994,37.46666666666667,37.24027477302102,4.777865946341657,4.77359230338539,4.745583526037169,36.54299999999999,36.90563636363636,36.8406010053201,4.697830630794384,4.730074550389821,4.733500968995138,35.972,36.266,37.082648969452755,4.714605134385925,4.718068780519666,4.740837080259676,38.00366666666667,36.760602150537636,37.65429566006236,4.7550889445354345,4.725572784607992,4.759074749284432,39.2465,38.511103825136615,39.29172853877078,4.799230866168278,4.789941731524488,4.79195475722465,7.647066837377027
2018-11-07,sz000901,37.9,37.55,38.55,37.55,74502,71461169.0,2.67,0.11,0.04,1.31,4.872167931504066,0.1989626497250212,37.465999999999994,37.576,37.343516515347346,4.809082161887504,4.805026298439527,4.787778327859469,36.683,37.08872727272727,36.969582640716446,4.7215412928763465,4.761772241427946,4.758713143996761,35.863,36.41628571428571,37.12715859140964,4.736681564152896,4.733074761197585,4.753344780378189,37.818666666666665,36.73133333333333,37.647566907800275,4.752729705004317,4.733126267638226,4.766371083621182,39.230500000000006,38.45548087431693,39.23462268504059,4.802367130252587,4.792333110715827,4.794584697364958,7.854070116345805
2018-11-08,sz000901,38.29,37.11,38.42,37.03,46717,44402247.0,3.7,-1.17,-0.44,0.82,4.669474946148904,-0.20269298535516178,37.577999999999996,37.45733333333333,37.265677676898235,4.789412451515782,4.758490559859994,4.748343867289281,36.821999999999996,37.16636363636364,36.99511306967709,4.719630789185816,4.752305632932046,4.742488017115333,35.9325,36.53504761904762,37.12552443984682,4.720515268546296,4.726674130911491,4.745357177118257,37.61333333333333,36.68561290322581,37.61288517181316,4.741598288369207,4.72775499287336,4.760119719913293,39.2195,38.385956284153,39.164962924875326,4.8027104301416035,4.787975989925543,4.790482738308694,7.647404948380577
2018-11-09,sz000901,36.76,36.94,37.51,36.68,30682,28803460.0,2.24,-0.46,-0.17,0.54,4.486883665598123,-0.18259128055078122,37.394,37.24466666666667,37.15711845126549,4.6982427645370475,4.657647631220774,4.661190466725562,36.922999999999995,37.18781818181818,36.98509251155398,4.704646301029407,4.7099879740979205,4.696014498657658,36.019999999999996,36.631,37.107855445575694,4.696604543165727,4.704423502059283,4.720740652211578,37.434333333333335,36.64217204301075,37.56947322524457,4.730250922519487,4.7113217914042576,4.742491587376831,39.181,38.311218579234975,39.09201332078105,4.797037932321272,4.7776210140388695,4.780528670350971,7.459444660281825
2018-11-12,sz000901,37.11,38.16,38.42,36.81,60891,57773425.0,4.36,3.3,1.22,1.07,4.784553106439409,0.2976694408412861,37.454,37.5,37.49141230084366,4.697256986293909,4.686417745188228,4.702311346630178,37.166999999999994,37.41272727272727,37.1987120549078,4.736914258389841,4.724516484172467,4.712112427345249,36.2145,36.83480952380952,37.208059688854206,4.70317012519891,4.712799555704396,4.726818028804705,37.281333333333336,36.68898924731183,37.6075717268417,4.72756826372969,4.71482515810877,4.745205233767965,39.15116666666667,38.27774316939892,39.06145550698495,4.796518420483553,4.777211675485365,4.780660619075182,7.761728114720033
2018-11-13,sz000901,37.59,39.43,40.48,37.42,160795,157933175.0,8.02,3.33,1.27,2.84,5.206272540020824,0.4217194335814147,37.838,38.15866666666667,38.13760820056245,4.803870437942265,4.856089596430533,4.870298411093727,37.529999999999994,37.82418181818182,37.60440077219729,4.790868192141962,4.809854353559918,4.80195972055899,36.492,37.14104761904762,37.41967305182047,4.730517897807766,4.760714071401721,4.772480363206241,37.166333333333334,36.8276129032258,37.72514774446482,4.739252776505355,4.745709304966261,4.77495151159073,39.1395,38.28688524590164,39.07353893298544,4.80438003237989,4.7906462367816705,4.794615108286515,8.19847336627244
2018-11-14,sz000901,39.3,39.08,39.69,38.77,71124,70290502.0,2.33,-0.89,-0.35,1.25,4.852016173286643,-0.35425636673418115,38.144,38.57266666666666,38.45173880037497,4.799840086298781,4.872138174878659,4.864204331824699,37.80499999999999,38.106,37.87269154088869,4.804461124093142,4.820972168313497,4.8110608937822,36.730000000000004,37.387523809523806,37.57779942783756,4.7403545797132365,4.772285335733043,4.780055202261517,37.03966666666667,36.951075268817206,37.81255756740258,4.741500594454654,4.75298436282312,4.779923425248532,39.12716666666667,38.28493442622951,39.073750771248214,4.807856748711751,4.792208077467137,4.796497110417667,7.8468966449676625
2018-11-15,sz000901,39.17,41.18,41.83,39.17,157809,161466774.0,6.81,5.37,2.1,2.78,5.198131767814327,0.34611559452768415,38.958,39.584666666666664,39.361159200249986,4.905571450631865,5.004902068717175,4.975513477154575,38.267999999999994,38.71963636363636,38.4740203516362,4.847491951073823,4.892548648990076,4.881437416333496,37.1145,37.81133333333334,37.92086614899589,4.772780356127998,4.815883163171241,4.819872018028452,36.99766666666667,37.21819354838709,38.02981191789274,4.754093891885152,4.7824444385237435,4.806904608639874,39.163666666666664,38.35224043715847,39.14280812301057,4.815508772757563,4.8050039797327955,4.809665459840508,8.20808316844412
2018-11-16,sz000901,41.04,42.01,43.4,40.48,149165,155565354.0,7.09,2.02,0.83,2.63,5.173666932452847,-0.024464835361479587,39.971999999999994,40.602,40.24410613349999,5.04292810400281,5.094267229324169,5.041564628920666,38.68299999999999,39.4,39.116925742247794,4.870585434269929,4.951853191058989,4.9345700556279235,37.483999999999995,38.27757142857143,38.31030746813914,4.798589397362688,4.854062837106941,4.853566771783156,37.00366666666667,37.54156989247311,38.28659824577063,4.763954676337634,4.809513666947466,4.830566694047163,39.20666666666667,38.445562841530055,39.236814414059396,4.8216101819906365,4.816746870214608,4.821599934352387,8.19191288158678
2018-11-19,sz000901,42.09,42.49,42.57,40.87,105742,110495166.0,4.05,1.14,0.48,1.86,5.024247520375406,-0.14941941207744147,40.838,41.44133333333333,40.992737422333335,5.09086698679001,5.088040368115033,5.0357922594055795,39.146,40.092181818181814,39.730211970930014,4.894061986541959,4.979791752169077,4.950875049218375,37.7745,38.75433333333333,38.70837342355446,4.8045092820493425,4.875554086917677,4.869822081172894,37.098333333333336,37.895526881720436,38.55778545572091,4.7713992788628,4.82630675365958,4.84306223122963,39.26716666666666,38.553213114754094,39.34347623654925,4.8283218047581355,4.823390717374766,4.828244117500683,8.043343278695815
2018-11-20,sz000901,41.83,40.74,43.71,40.65,201217,213393770.0,7.2,-4.12,-1.75,3.55,5.303664669695538,0.27941714932013184,41.1,41.40866666666667,40.908491614888895,5.110345412724952,5.158972929083543,5.125083062835566,39.469,40.382,39.91380979439728,4.957107925333608,5.054264967287908,5.0150186165778585,38.006,39.03676190476191,38.90186166893023,4.827469278063996,4.923092695264933,4.911140422936956,37.13766666666667,38.130473118279575,38.69857349083569,4.795439398035153,4.860646456293949,4.87277851758227,39.29783333333333,38.60150273224044,39.38926390092468,4.840951823458851,4.838975729339926,4.843831676589039,8.329181736109456
2018-11-21,sz000901,39.86,41.26,41.52,39.78,90823,92981858.0,4.27,1.28,0.52,1.6,4.95819584310478,-0.34546882659075795,41.536,41.461999999999996,41.0256610765926,5.13158134668858,5.108256405876818,5.069453989591971,39.839999999999996,40.70763636363637,40.15857164996141,4.96571071649368,5.05446277051903,5.004687203219117,38.2615,39.346666666666664,39.12644627188926,4.843626004685014,4.935542844316436,4.915621891524369,37.18866666666667,38.396430107526875,38.86382681400759,4.813024614933156,4.871146872104893,4.878289312777271,39.32333333333333,38.66583606557378,39.450599510730434,4.8454876527472655,4.842819795557826,4.847581321392833,7.968398220176658
2018-11-22,sz000901,41.26,40.78,42.09,40.43,85816,88541959.0,4.02,-1.16,-0.48,1.51,4.933568267614352,-0.02462757549042749,41.456,41.21,40.94377405106174,5.078668646648585,5.042252046185411,5.024158748932765,40.207,40.87854545454545,40.27155862269569,4.992120048640225,5.048618688904607,4.991756487654614,38.5145,39.586523809523804,39.28392757932838,4.85587541891302,4.944108774119231,4.917331070199605,37.35733333333334,38.628129032258066,38.987450890523235,4.811050195244273,4.878923881955293,4.881855696960309,39.33566666666666,38.713595628415305,39.49418641201796,4.847694169848594,4.845707684569861,4.850400565531244,7.947149126559456
2018-11-23,sz000901,40.78,38.55,41.13,38.42,110745,109943832.0,6.65,-5.47,-2.23,1.95,5.044324127478146,0.11075585986379366,40.763999999999996,40.24133333333334,40.145849367374495,5.052800085653645,5.030803873128597,5.030880541781226,40.368,40.57727272727273,39.958547964023744,5.047864094828227,5.058110339602411,5.001314240349801,38.6455,39.58990476190477,39.214029714630435,4.876255197928818,4.962056270173052,4.929425647083276,37.46933333333333,38.705075268817204,38.959228252424964,4.81369106038656,4.893973813067155,4.892337531187266,39.31666666666667,38.68783606557376,39.463229480476386,4.855053666853324,4.852154568426567,4.856758715103274,8.04117086986322
2018-11-26,sz000901,38.86,38.82,39.6,38.47,54350,53360413.0,2.93,0.7,0.27,0.96,4.7351995484223135,-0.30912457905583235,40.029999999999994,39.593333333333334,39.70389957824967,4.994990491263026,4.9249370273848205,4.932320210661588,40.434000000000005,40.295818181818184,39.75153924329216,5.042928739026517,5.0012622402558815,4.95292975090844,38.8005,39.606523809523814,39.176503075141824,4.889921498708179,4.94862239879148,4.910927923401279,37.620999999999995,38.792215053763435,38.95024578452659,4.81642299647478,4.888909844553333,4.882199596815333,39.313833333333335,38.6715519125683,39.44213998931322,4.857050453215627,4.848224925199321,4.852773168654718,7.727219182282685
2018-11-27,sz000901,39.03,39.95,40.52,38.99,68681,68812167.0,3.94,2.91,1.13,1.21,4.83683660989191,0.10163706146959672,39.872,39.56666666666667,39.78593305216645,4.901624879302301,4.872219066927782,4.900492343738362,40.486000000000004,40.207818181818176,39.787623017239035,5.005985146013627,4.963790944049589,4.931821907087253,39.007999999999996,39.716,39.25016944893784,4.898426669077794,4.9435666950946935,4.903871607828958,37.82333333333334,38.94247311827957,39.01474605649262,4.822340313876386,4.890226851870568,4.8792729524976926,39.3145,38.69240983606557,39.458791137204585,4.8574958718757175,4.847562176237888,4.852250658531347,7.837665234656791
2018-11-28,sz000901,40.0,40.69,40.91,39.03,82059,82534050.0,4.71,1.85,0.74,1.45,4.914126220196966,0.07728961030505577,39.757999999999996,39.83933333333333,40.0872887014443,4.892810954720737,4.8763861805593365,4.905036969224564,40.647,40.24490909090909,39.95169155955921,5.012196150704658,4.947089321173832,4.928604509470836,39.226,39.87619047619047,39.38729616808662,4.908328637398901,4.945061890439377,4.9048482375782925,38.035666666666664,39.12741935483871,39.122826956073744,4.830968436710378,4.896148523246088,4.881521550413775,39.31366666666666,38.73750819672131,39.49915864090279,4.857167453085353,4.849418908969732,4.8542793654712035,7.91663315674749
2018-11-29,sz000901,41.04,39.25,41.04,39.17,70466,71074972.0,4.6,-3.54,-1.44,1.24,4.847979619486028,-0.0661466007109377,39.452,39.669999999999995,39.80819246762954,4.875693225095072,4.861442402147768,4.886017852645052,40.454,39.99090909090909,39.82411127600298,4.977180935871829,4.917231770043172,4.913945438564507,39.361000000000004,39.878476190476185,39.374220342554565,4.912336443472825,4.939314364923864,4.899432178712363,38.227666666666664,39.20576344086021,39.131031668585116,4.840913882709276,4.897246018909034,4.87935755487005,39.29316666666667,38.73542076502733,39.49098950513548,4.858209006117296,4.849117668523854,4.8540728164225095,7.851716697272112
2018-11-30,sz000901,39.17,39.12,39.52,37.77,60261,58793924.0,4.46,-0.33,-0.13,1.06,4.780036334288524,-0.06794328519750437,39.566,39.559333333333335,39.578794978419694,4.822835666457149,4.829556771878917,4.850690679859543,40.165,39.748363636363635,39.696091044002436,4.937817876055396,4.881387297028025,4.889598328696146,39.42399999999999,39.85552380952381,39.35000888135889,4.904201655162662,4.926714354525358,4.888061145910092,38.37766666666666,39.26333333333333,39.13031994803124,4.844998890260258,4.893318435139954,4.8729497341873715,39.28883333333333,38.7297431693989,39.47882591480317,4.860137417449277,4.846554630103237,4.851645390778772,7.769332446660865
2018-12-03,sz000901,40.13,40.43,40.69,39.69,83707,84618168.0,2.56,3.35,1.31,1.48,4.922761777398961,0.14272544311043678,39.888,39.84733333333333,39.862529985613136,4.860348112252478,4.862865475526188,4.874714379039349,39.959,39.79654545454545,39.82952903600199,4.927669301757752,4.878649824545038,4.895628046642112,39.552499999999995,39.95133333333333,39.452865178372335,4.9108656441498555,4.928481985214532,4.891365967956651,38.50266666666666,39.395741935483876,39.21417027396471,4.845562621952146,4.898335395600515,4.876163414394571,39.307,38.76715846994536,39.51001195038339,4.86462556353388,4.848607887806504,4.853977075585991,7.927463618536005
2018-12-04,sz000901,40.56,40.87,41.09,40.21,83014,84557337.0,2.18,1.09,0.44,1.46,4.919151340689602,-0.0036104367093585665,40.071999999999996,40.17466666666667,40.19835332374209,4.876811058412017,4.882466551671897,4.8895266995894335,39.972,39.96218181818181,40.01870557491072,4.889217968857158,4.877101104350829,4.899905009196201,39.7205,40.07680952380952,39.587830399479735,4.923162947095383,4.9292710991706965,4.894012193931219,38.66133333333333,39.548473118279574,39.32099799822505,4.84805217499505,4.903083054873899,4.878936828994251,39.32733333333333,38.8184043715847,39.554601722501964,4.8695584708461785,4.850395618205054,4.856113936736929,7.927151297094822
2018-12-05,sz000901,40.08,40.39,40.78,39.73,76424,77108127.0,2.57,-1.17,-0.48,1.35,4.883229764737698,-0.03592157595190404,40.012,40.28066666666667,40.262235549161396,4.8706317673201625,4.884606120447123,4.887427721305522,39.885000000000005,40.03818181818182,40.086213652199675,4.881721361020451,4.876012339965473,4.896873146567382,39.8625,40.14057142857142,39.66422750429118,4.923716038757065,4.925467938946157,4.892985295912788,38.80266666666667,39.66,39.38996586930731,4.856324456796825,4.90535257679278,4.879213792590603,39.31066666666667,38.85324590163934,39.58199182996091,4.865851923994199,4.8508438573490364,4.8570029802779375,7.8871001539945
2018-12-06,sz000901,40.48,39.52,40.74,39.38,82631,83060143.0,3.37,-2.15,-0.87,1.46,4.917143008618165,0.033913243880467014,40.065999999999995,40.11666666666667,40.01482369944093,4.88446444514659,4.900109867546458,4.897332817076403,39.759,39.97181818181818,39.9832657154361,4.880078835120831,4.882452639528694,4.90055857603116,39.983,40.10795238095237,39.650491551501545,4.936099441880528,4.924841936075784,4.895286030456157,38.92933333333333,39.70627956989248,39.39835516806168,4.863943224315624,4.9092763543296405,4.88166083878593,39.292500000000004,38.86010928961748,39.579959310945796,4.863829887953967,4.852525532254741,4.858974784485813,7.9193926744750085
2018-12-07,sz000901,39.78,40.04,40.61,39.3,61222,61398112.0,3.31,1.32,0.52,1.08,4.786907513023095,-0.13023549559506975,40.25,40.10799999999999,40.02321579962729,4.885838680893505,4.867590890171959,4.860524382391968,39.908,40.02290909090909,39.99358103990226,4.854337173675327,4.865512399147287,4.8798947463933295,40.138,40.11338095238095,39.687587594215685,4.951100634251777,4.910633180946505,4.884964266891103,39.06633333333333,39.77793548387097,39.4397516088319,4.8689491898443205,4.904306308439799,4.8755477209947795,39.224833333333336,38.88461748633878,39.59504261222626,4.852971601808965,4.850003487175042,4.85661192312638,7.78815501673419
2018-12-10,sz000901,39.65,38.73,39.78,38.69,69578,68476903.0,2.72,-3.27,-1.31,1.23,4.842471940918506,0.05556442789541105,39.91,39.60133333333333,39.59214386641819,4.869780713597413,4.853135310180294,4.854506901900814,39.899,39.80872727272728,39.7638390326473,4.865064412924946,4.863355084100592,4.873090599943362,40.1665,39.979285714285716,39.59638877571896,4.953996575975732,4.900287591105241,4.880917378703236,39.166666666666664,39.756236559139786,39.39396118245565,4.881635803447101,4.9025980988316835,4.873413799699536,39.152833333333334,38.86839344262295,39.56668055936638,4.845585870639946,4.8496592359983035,4.856148317152351,7.835544110307746
2018-12-11,sz000901,38.86,38.9,39.21,38.42,42617,41618588.0,2.04,0.44,0.17,0.75,4.629582874535797,-0.21288906638270966,39.516000000000005,39.26466666666667,39.361429244278796,4.811867020366653,4.773069363826422,4.779532226112475,39.794,39.6270909090909,39.60677739034779,4.844339039389334,4.820540258938928,4.828816468051078,40.14,39.858666666666664,39.53006603517429,4.92516209270148,4.869391048110961,4.856980759258718,39.27,39.73903225806451,39.36209271907141,4.880397459181641,4.886336619547083,4.8576827722696185,39.10616666666667,38.860103825136605,39.54482218037076,4.838658694995445,4.842577170552266,4.848719941984595,7.619287341752331
2018-12-12,sz000901,39.08,38.77,39.17,38.25,48270,47019670.0,2.37,-0.33,-0.13,0.85,4.683677298818692,0.054094424282895126,39.19199999999999,39.016,39.164286162852534,4.771956527182851,4.730339456643768,4.747580583681215,39.602,39.44090909090909,39.45463604664818,4.821294147251506,4.79132903338063,4.802427528190644,40.1245,39.728190476190484,39.45767879372912,4.916745148978082,4.846392496312601,4.8404756677882395,39.35133333333333,39.706774193548384,39.32389318880874,4.879317140683102,4.87364499629786,4.84645661269214,39.04783333333334,38.84908196721312,39.51941817445696,4.833875136180784,4.83749581330057,4.843308707782434,7.672279576773566
2018-12-13,sz000901,38.77,39.21,39.56,38.38,63315,62290005.0,3.04,1.13,0.44,1.12,4.8015066112100895,0.1178293123913976,39.13,39.022,39.17952410856836,4.748829247701236,4.740189484652848,4.7655559261908405,39.598,39.36963636363636,39.410156765439424,4.816646846423913,4.787731299554918,4.802260088739634,40.025999999999996,39.64109523809523,39.43409033718349,4.896913891147871,4.835417397477554,4.8367643290665105,39.440000000000005,39.697655913978494,39.316545241143665,4.880439911123188,4.868624962138313,4.843556612596524,38.99099999999999,38.854398907103835,39.50927331627804,4.828780532611044,4.836434550186776,4.841938147239079,7.79441836573483
2018-12-14,sz000901,39.21,37.55,39.47,37.51,91276,88401625.0,5.0,-4.23,-1.66,1.61,4.960356599683697,0.15884998847360787,38.632,38.495333333333335,38.63634940571224,4.783519065033356,4.810698601980334,4.830489484021793,39.440999999999995,38.99727272727272,39.07194644445044,4.83467887296343,4.813860345602151,4.831004908911281,39.803000000000004,39.40528571428571,39.254653162213636,4.886248374509414,4.8414595601952515,4.848535021506242,39.42966666666667,39.57572043010752,39.202574580424724,4.8810273944295846,4.873780877529311,4.851092095634407,38.8825,38.80715300546448,39.44503484689187,4.82513484714515,4.8407485195989945,4.845820719450378,7.946460248294144
2018-12-17,sz000901,37.29,37.51,37.86,36.76,50070,47182871.0,2.93,-0.11,-0.04,0.88,4.699577591398909,-0.2607790082847883,38.388,38.12133333333333,38.26089960380816,4.7549401951294366,4.782718110768853,4.786852186480832,39.149,38.646181818181816,38.787956181823084,4.812360454363425,4.7892964762267844,4.807109032999941,39.554,39.18690476190476,39.08849571819329,4.870014878060589,4.823681390375204,4.834348599591258,39.418,39.45187096774193,39.093376220397325,4.878030580887711,4.862074438624107,4.841316966328891,38.793000000000006,38.76215300546448,39.381591081420005,4.818165829992039,4.836631888263053,4.841025862792953,7.673784363457633
2018-12-18,sz000901,37.2,37.46,37.64,36.81,53627,50509328.0,2.21,-0.13,-0.05,0.95,4.729383502353932,0.02980591095502305,38.1,37.812000000000005,37.99393306920545,4.774900320693064,4.774199213177017,4.767695958438532,38.808,38.33909090909091,38.546509603309794,4.793383670529858,4.774209757679603,4.79297711833703,39.39,38.98747619047619,38.93340088788917,4.841300819693508,4.8102879260221885,4.824351923663894,39.416333333333334,39.325548387096774,38.98799710940395,4.879903188240209,4.852484304525153,4.834095452524055,38.71,38.718448087431696,39.31858809514394,4.817496066387822,4.833720992274919,4.837365457532657,7.703371590491497
2018-12-19,sz000901,37.55,36.37,37.72,36.11,47332,44172770.0,4.3,-2.91,-1.09,0.83,4.675154855843708,-0.05422864651022419,37.620000000000005,37.23533333333333,37.452622046136966,4.773195832098067,4.7409507248938985,4.736848924240258,38.406,37.89581818181817,38.15078058452619,4.772576179640459,4.752713609554848,4.77155488879279,39.1455,38.69985714285714,38.68926746999497,4.827148770330455,4.794464500893636,4.810142679109591,39.376999999999995,39.12901075268817,38.819094070087566,4.873336085718196,4.83927473469312,4.823841220480162,38.597833333333334,38.64172677595628,39.22191307563102,4.813032895361257,4.829054067339046,4.832047077149413,7.645154633987736
2018-12-20,sz000901,36.24,36.41,36.81,36.02,43787,40357078.0,2.17,0.11,0.04,0.77,4.641345191182597,-0.033809664661110794,37.06,36.831999999999994,37.10508136409131,4.741163548092569,4.697000511255409,4.705014346554371,38.095,37.53290909090909,37.83427502370324,4.7449963978969025,4.7288534298352385,4.747880398318209,38.92700000000001,38.43933333333333,38.47219437761449,4.812537616508867,4.776768921927173,4.794066727878449,39.35366666666667,38.93759139784946,38.66366864621095,4.87239842721932,4.824307580206953,4.812067283106126,38.4835,38.56999453551913,39.12971920429886,4.8069983577942645,4.823424962284008,4.8257945562980415,7.605919714194817
2018-12-21,sz000901,36.28,36.11,36.59,35.72,37541,34383959.0,2.39,-0.82,-0.3,0.66,4.574505836977325,-0.0668393542052721,36.772,36.51533333333334,36.77338757606088,4.663993395551294,4.64144794088366,4.6615115100286895,37.702,37.172000000000004,37.52077047393901,4.7237562302923255,4.697855146031677,4.716357750801684,38.80499999999999,38.17104761904761,38.24722348450835,4.789046701983826,4.754099228638455,4.773156166840247,39.326,38.72832258064516,38.498915830326375,4.875319166265293,4.805088703417146,4.796740738194591,38.38016666666667,38.49217486338798,39.03071201727266,4.80278504439239,4.815802256683453,4.817555581894083,7.536355880287771
2018-12-24,sz000901,36.11,36.33,36.63,35.85,45222,41592879.0,2.16,0.61,0.22,0.8,4.6553497656554335,0.08084392867810841,36.536,36.368,36.62559171737392,4.6551478304025995,4.638566730918374,4.659457595237605,37.461999999999996,36.92254545454545,37.30426675140464,4.7050440127660185,4.685417607006789,4.7052653898660015,38.6805,37.93533333333333,38.064630771698035,4.785054212845481,4.74136618708337,4.76193650958455,39.265,38.53503225806452,38.35898577675693,4.871012388239161,4.790897129184254,4.787618739966258,38.27316666666666,38.424956284153005,38.942164082280115,4.799290325984425,4.810968313118306,4.812237358410848,7.619018982652484
2018-12-25,sz000901,35.89,35.37,35.89,34.32,69049,61514840.0,4.32,-2.64,-0.96,1.22,4.839157393303836,0.18380762764840242,36.117999999999995,35.97933333333333,36.207061144915954,4.6771026085925795,4.699903251885453,4.719357527926348,37.108999999999995,36.542181818181824,36.952581887512885,4.726001464642822,4.709801858013665,4.729609390491062,38.451499999999996,37.620047619047625,37.80799926963156,4.785170252016078,4.746518870936547,4.769290879462577,39.129666666666665,38.28374193548387,38.1661479847081,4.858775216681928,4.788841968220684,4.790943814375135,38.148,38.329770491803274,38.82504394843486,4.799013996593641,4.812275430079598,4.8131199825057,7.788979898745385
2018-12-26,sz000901,35.37,35.32,35.85,35.23,38510,34687622.0,1.75,-0.14,-0.05,0.68,4.585573518622731,-0.2535838746811052,35.907999999999994,35.71333333333334,35.91137409661064,4.659186341148384,4.669393555228836,4.674762858158476,36.763999999999996,36.21690909090909,36.65574881705599,4.716191086623226,4.68426950419183,4.7034210501513645,38.183,37.32180952380952,37.57104695823808,4.768742616937367,4.727509658232418,4.751793987954021,39.00433333333333,38.037956989247306,37.98252553408177,4.849893794859797,4.771216052216865,4.77769411787498,38.022000000000006,38.23704918032787,38.710124474715684,4.795697194657225,4.805277381621535,4.805659442706259,7.540174527928621
2018-12-27,sz000901,36.02,34.71,36.33,34.62,52982,47705642.0,4.84,-1.73,-0.61,0.93,4.724128348309448,0.13855482968671762,35.568,35.314,35.5109160644071,4.6757429725737545,4.691040890949191,4.6912180215421335,36.314,35.84345454545454,36.30197630486399,4.708453260333162,4.685712642680233,4.707186013452834,37.956,36.99104761904762,37.29856629554874,4.762550053378538,4.723260680267855,4.749159165130728,38.788666666666664,37.76090322580645,37.7713948544636,4.834093680876301,4.763102152439423,4.774238261773978,37.893166666666666,38.12845901639345,38.57897285259386,4.794093786380726,4.802930862069148,4.8029862920702975,7.678569744754308
2018-12-28,sz000901,35.02,34.75,36.11,34.58,81164,72475965.0,4.41,0.12,0.04,1.43,4.909363442194728,0.1852350938852796,35.296,35.041333333333334,35.257277376271404,4.742714493617235,4.7689143808228485,4.763933161759665,36.034000000000006,35.55909090909091,36.01979879488872,4.703353944584264,4.722241766655063,4.74394554595136,37.7375,36.68571428571428,37.05584569597267,4.769016408773848,4.737242907774158,4.7644167153273,38.54666666666666,37.50034408602151,37.57646615417563,4.825283564534363,4.7679582660728705,4.7829560153495105,37.77516666666667,38.0254043715847,38.45343275906619,4.794619120435998,4.806710195046658,4.8064740674842135,7.86019400659185
2019-01-02,sz000901,34.93,35.67,36.06,34.62,83700,75306521.0,4.14,2.65,0.92,1.48,4.92272545799326,0.013362015798532134,35.164,35.166000000000004,35.39485158418094,4.7961896320848005,4.8289180356148576,4.816863927170863,35.85,35.49290909090909,35.956199013999864,4.725668731243699,4.762127496365791,4.776450984504432,37.4995,36.48880952380952,36.923860391594324,4.769014592803563,4.751881864842674,4.779493738438344,38.31933333333333,37.314752688172035,37.4534683377772,4.8218994957882915,4.774244839844411,4.791973398745882,37.70883333333334,37.9563825136612,38.362172668605,4.796649387325546,4.810910402835421,4.81028558848451,7.876832584589759
2019-01-03,sz000901,35.76,39.65,39.65,35.5,350661,343901968.0,11.63,11.16,3.98,6.18,5.54488746697463,0.6221620089813698,36.02,36.66133333333334,36.81323438945396,4.93733564681896,5.078483980578133,5.059538440438786,36.069,36.18381818181818,36.627799193272615,4.807219127705769,4.911076357407778,4.916166708589922,37.4385,36.693619047619045,37.18349273525201,4.800301399117814,4.825774519525634,4.852388379251323,38.282999999999994,37.40060215053763,37.59518005792061,4.829940255697595,4.820889225082238,4.840548499921931,37.71033333333333,38.02002732240437,38.40439651553598,4.812689826866374,4.835442798889488,4.83437089597599,8.536434661105803
2019-01-04,sz000901,39.82,44.01,44.01,39.78,697520,740655568.0,10.67,11.0,4.36,12.3,5.843556664655472,0.29866919768084266,37.758,39.324666666666666,39.212156259635975,5.188932276025508,5.380557653190305,5.3208778485110155,36.833,37.62763636363636,37.970017521768504,4.924059308586946,5.0995013641259055,5.084783064238204,37.6195,37.319476190476195,37.83363628427563,4.848317744113703,4.925132163862553,4.946785358813623,38.37466666666666,37.77008602150538,38.009039409022506,4.859452283082619,4.88628383211178,4.905258704098289,37.781666666666666,38.226573770491804,38.58818679371513,4.8362384490078885,4.869241711603885,4.867458953965481,8.869616292064569
2019-01-07,sz000901,45.41,45.94,47.99,43.66,764689,864551360.0,9.84,4.39,1.93,13.49,5.8834848429368565,0.039928178281384064,40.004000000000005,42.052,41.454770839757316,5.420803574950989,5.612075175494088,5.5084135133196295,37.786,39.28345454545454,39.419105245083315,5.048273273762372,5.273942370371344,5.230001569456141,37.9405,38.11190476190476,38.60567092386842,4.896634835829637,5.023719506607615,5.035994833492026,38.54666666666666,38.25817204301076,38.52071428585976,4.891116168926701,4.95235044887657,4.968370067894326,37.952,38.49406010928961,38.8292298496589,4.851083182085488,4.903577658945818,4.900771278194051,8.936790798306339
2019-01-08,sz000901,45.06,43.75,45.28,43.01,494356,541089440.0,4.94,-4.77,-2.19,8.72,5.694039809557354,-0.1894450333795028,41.804,43.300666666666665,42.21984722650488,5.577738848423515,5.703153920362875,5.570288945398872,38.55,40.36781818181818,40.20654065506816,5.160226671020375,5.391354467788613,5.314372158565452,38.126,38.66519047619048,39.09560702635714,4.94199145065635,5.099662837438825,5.098665783593486,38.72,38.59387096774193,38.85808755773978,4.912773358329343,5.004151974078547,5.015187470582264,38.09466666666667,38.68415846994536,38.99056657589959,4.863232209357951,4.931215581158011,4.926780082501043,8.73326905824513
2019-01-09,sz000901,43.45,42.75,44.1,42.66,399318,433100256.0,3.29,-2.29,-1.0,7.04,5.601318887265417,-0.09272092229193696,43.22,43.616,42.396564817669926,5.7134575342779454,5.711013933310175,5.5806322593543864,39.192,41.131454545454545,40.66898780869213,5.2548235831813725,5.471553052560439,5.366544291056354,38.327,39.10557142857143,39.44364445241837,4.979933797973696,5.162455926639689,5.146537507752718,38.851,38.85387096774193,39.10917868304689,4.941644002957445,5.048574266267971,5.053002400690855,38.236,38.83679234972678,39.113826688165176,4.879033499716113,4.955415144368092,4.9488961088867605,8.63658844043581
2019-01-10,sz000901,42.79,43.23,43.45,42.22,242051,258827466.0,2.88,1.12,0.48,4.27,5.38390688120779,-0.21741200605762678,43.93599999999999,43.61933333333333,42.67437654511328,5.6812614171245785,5.601163715620124,5.515057133305522,39.977999999999994,41.865636363636355,41.134626388929924,5.309298531971768,5.495022743110696,5.3697011256293425,38.5435,39.57252380952381,39.80424974266424,5.017649998307296,5.200929553614365,5.1691441147484385,38.96033333333333,39.1363870967742,39.37503812285032,4.959879678667975,5.077107355187348,5.074351076853238,38.39183333333334,39.00053005464481,39.24878319019255,4.89110999627218,4.971968369990771,4.96315875715958,8.413010360479344
2019-01-11,sz000901,43.18,43.32,44.06,42.53,293757,317533744.0,3.54,0.21,0.09,5.18,5.467988224301586,0.08408134309379633,43.797999999999995,43.414,42.88958436340886,5.6061477290538,5.530072651345794,5.499367496970877,40.778000000000006,42.47327272727273,41.531967045488116,5.397540002539654,5.52387541444339,5.387571507206114,38.771,40.02742857142857,40.139083100505744,5.05686554458144,5.243818908470964,5.197605458515405,39.047999999999995,39.41765591397849,39.629551792343854,4.978341745471463,5.1098885516798385,5.099747021849906,38.54183333333333,39.16210928961748,39.38226570854689,4.90465509109092,4.990882410254028,4.979710542967515,8.501789884129703
2019-01-14,sz000901,43.32,43.23,43.49,42.66,174483,187352385.0,1.92,-0.21,-0.09,3.08,5.241753119743071,-0.2262351045585156,43.25599999999999,43.224666666666664,43.00305624227257,5.477801384415043,5.40860778157555,5.413496037894942,41.629999999999995,42.91909090909091,41.84070030994482,5.449302479683016,5.495550526662194,5.3610590731219245,38.972,40.45209523809524,40.43345613855282,5.078877870008089,5.261427248962549,5.201809997679944,39.18066666666666,39.6874623655914,39.861838773482965,4.991467528813363,5.126882833890911,5.108908705584948,38.704166666666666,39.315819672131155,39.508420931217486,4.91619070576132,5.001934804636066,4.9883021028617955,8.272659226043356
2019-01-15,sz000901,43.14,43.88,43.88,42.66,227378,245932389.0,2.82,1.5,0.65,4.01,5.356748442142351,0.11499532239928012,43.282,43.43266666666666,43.29537082818172,5.410343110932042,5.368256800817986,5.394580172644078,42.54299999999999,43.32818181818182,42.211482071773034,5.494040979677779,5.478722519836618,5.360275322034729,39.2885,40.91952380952381,40.761698411071606,5.098697462131022,5.287891112975335,5.216566040009697,39.339333333333336,39.99064516129032,40.12107498164536,5.0106912657418246,5.150449344428265,5.124898366008006,38.8585,39.48551912568307,39.65175139248904,4.927845078001041,5.0163793205829865,5.000382310707059,8.390815728566583
2019-01-16,sz000901,43.75,41.61,43.75,41.61,242836,257333948.0,4.88,-5.17,-2.27,4.28,5.385313070551451,0.028564628409100123,43.053999999999995,42.87533333333334,42.73358055212115,5.36714194758925,5.359913454024455,5.391491138613203,43.137,43.15854545454546,42.10212169508702,5.540299740933598,5.458953809086377,5.36482763994686,39.4935,41.14061904761906,40.842489038588596,5.132984236088649,5.315187837586805,5.2326371857755785,39.37866666666666,40.13713978494623,40.21713466024889,5.0261096421802405,5.174618493125659,5.141699314688229,38.940666666666665,39.575732240437155,39.71595626486644,4.935836132066194,5.031378271158408,5.013002991357695,8.410497082971084
2019-01-17,sz000901,41.61,41.26,42.01,40.96,143654,149140531.0,2.52,-0.84,-0.35,2.53,5.157317723288229,-0.22799534726322168,42.660000000000004,42.27733333333333,42.24238703474743,5.321824116005337,5.289972045924116,5.313433333504879,43.297999999999995,42.81727272727273,41.94900865961665,5.501542766564958,5.3893207149690365,5.327098564190745,39.6835,41.30885714285714,40.882251987294445,5.154380947135364,5.317505312558193,5.225463903633926,39.391666666666666,40.25851612903226,40.284416295071544,5.034048521600195,5.183083530616498,5.142706953952746,39.02649999999999,39.651775956284155,39.76658064962492,4.9410503482976225,5.038639962673885,5.017734621912794,8.173595685019615
2019-01-18,sz000901,41.35,41.0,41.66,40.48,134998,138595177.0,2.86,-0.63,-0.26,2.38,5.130327334455022,-0.026990388833207035,42.196000000000005,41.724000000000004,41.828258023164956,5.254291938036024,5.2261397854073435,5.25239800048826,42.997,42.39945454545454,41.77646163059544,5.430219833544912,5.321827000039958,5.291321976966068,39.915000000000006,41.434238095238086,40.893466083742595,5.177139571065929,5.315214492302922,5.2164032779978395,39.412,40.36227956989247,40.3305829857121,5.04228510725744,5.189295066929713,5.14190826882386,39.10733333333333,39.71648087431694,39.807020628325745,4.9493047820271325,5.044845765498716,5.021426186258441,8.14174811744223
2019-01-21,sz000901,41.22,41.48,41.7,40.91,107401,111051373.0,1.93,1.17,0.48,1.89,5.031008325054971,-0.0993190094000509,41.846,41.48533333333333,41.7121720154433,5.212142979098405,5.151711914413658,5.178601442010498,42.551,42.123636363636365,41.72255951594172,5.344972181756725,5.249243089405423,5.243992222073141,40.168499999999995,41.583285714285715,40.94932645671949,5.196622727759548,5.3012972307780695,5.198746615812804,39.477333333333334,40.49569892473118,40.40473892211777,5.046080617805332,5.188567532594069,5.134753433741997,39.20333333333333,39.79427322404371,39.86187241100359,4.955011921060478,5.0475245701881555,5.021740354743573,8.045523932381453
2019-01-22,sz000901,41.31,41.13,41.74,40.83,92817,96094115.0,2.19,-0.84,-0.35,1.64,4.96762752718901,-0.06338079786596129,41.296,41.24666666666666,41.518114676962206,5.134318796107737,5.070206763777194,5.108276803736669,42.289,41.865272727272725,41.61482142213413,5.27233095351989,5.180634970393112,5.193744095730571,40.419500000000006,41.67485714285714,40.96653346084144,5.216278812270132,5.2794881640570654,5.1767352740391095,39.51366666666667,40.602322580645165,40.4515299594005,5.0521046182775295,5.183506042876886,5.123971117190192,39.29,39.85744262295083,39.903450364741175,4.9605269040609254,5.047938196618599,5.01996616367621,7.982696791401258
2019-01-23,sz000901,41.0,40.83,41.04,40.48,86664,88434156.0,1.36,-0.73,-0.3,1.53,4.9378387301384326,-0.029788797050577465,41.14,41.09133333333333,41.2887431179748,5.044823928025133,5.0047134084540925,5.051464112537257,42.096999999999994,41.6,41.47212661810973,5.205982937807192,5.119818202505574,5.147215847441091,40.6445,41.713952380952385,40.95353027409464,5.230403260494283,5.252970060996904,5.153983222239045,39.583666666666666,40.68724731182797,40.47594738137467,5.0552835112515275,5.1761340500937205,5.111962576090079,39.375166666666665,39.9079344262295,39.933829041307035,4.968459657349315,5.047194322063763,5.017273460937266,7.946620035344822
2019-01-24,sz000901,40.91,41.57,42.01,40.65,139830,145254954.0,3.33,1.81,0.74,2.47,5.145600357652248,0.20776162751381566,41.202000000000005,41.23466666666666,41.3824954119832,5.0424804548979365,5.0383055516631305,5.082842860908921,41.931,41.50418181818182,41.48992177845342,5.182152285451638,5.108839551568312,5.146922122024937,40.9545,41.80209523809524,41.012241676561814,5.245725408711703,5.244893594059566,5.153184854183159,39.672666666666665,40.81539784946236,40.54653142128598,5.072484094022076,5.181960943409893,5.114132755545703,39.471333333333334,39.97989617486338,39.98747399077237,4.976440776601859,5.053002213876975,5.021480900173822,8.162130953166836
2019-01-25,sz000901,41.31,40.48,41.57,40.48,104239,106891559.0,2.62,-2.62,-1.09,1.84,5.018030236390588,-0.12757012126165979,41.098,40.994,41.0816636079888,5.02002103528505,5.030155478827349,5.061238652736144,41.647,41.24036363636364,41.306299636916435,5.137156486660538,5.078999179011757,5.123487233727783,41.2125,41.75690476190476,40.96155199307974,5.267348244600096,5.223208339552794,5.1403129858219625,39.72966666666666,40.867483870967746,40.54223907152559,5.08362919194114,5.178447791304637,5.107932593019567,39.540499999999994,40.01296721311476,40.00362238451754,4.981473166312122,5.054365802722506,5.021367763656339,8.028943411247493
2019-01-28,sz000901,40.83,40.83,41.31,40.52,84547,86671902.0,1.95,0.86,0.35,1.49,4.927098202039488,-0.0909320343511002,40.967999999999996,40.904666666666664,40.9977757386592,4.999239010681953,4.9991812010788275,5.016525169170592,41.407,41.09181818181818,41.21969970293163,5.105690994890179,5.040806763626111,5.087780137057184,41.5185,41.720476190476184,40.949023231834055,5.277496737286598,5.190803573594642,5.120006815937917,39.78366666666667,40.93847311827957,40.56080429271749,5.087815578302118,5.168349017762596,5.096265858117627,39.61183333333334,40.05524590163934,40.03071673256614,4.984127744712653,5.05258301700865,5.018276958357426,7.937878327186231
2019-01-29,sz000901,40.83,39.6,40.83,38.82,104963,104602397.0,4.92,-3.01,-1.23,1.85,5.021036234996775,0.0939380329572872,40.662,40.44866666666667,40.531850492439474,5.009920752243507,5.006446942517101,5.018028857779321,40.979,40.76327272727273,40.92520884785315,5.072119774175622,5.025414989100038,5.075644882137109,41.761,41.53776190476191,40.82054482880224,5.2830803769267,5.166378763852753,5.110581046324476,39.852,40.92662365591397,40.49881691899378,5.089838232812555,5.1640406730332185,5.091412334045314,39.64083333333333,40.054857923497266,40.016594872482,4.9854328136210695,5.053793131444195,5.0183674264439615,8.019541636653106
2019-01-30,sz000901,39.52,40.26,41.13,39.38,127699,129588638.0,4.42,1.67,0.66,2.25,5.106187496353608,0.08515126135683282,40.548,40.31466666666666,40.44123366162631,5.043590505486542,5.038535857220468,5.047415070637417,40.844,40.63254545454545,40.80426178460712,5.044207216755837,5.031609120405126,5.081198084721927,41.9905,41.39480952380952,40.76715960701155,5.292253478844718,5.149531822845793,5.110162612993917,39.943666666666665,40.95294623655914,40.48340937583289,5.103391896311046,5.165095464229416,5.092365570323269,39.68083333333333,40.07515846994535,40.024575368466195,4.990711238599379,5.057752301369852,5.021246772998376,8.112566925375491
2019-01-31,sz000901,40.13,39.21,40.48,38.82,109118,108646186.0,4.12,-2.61,-1.05,1.92,5.037896397296606,-0.06829109905700204,40.076,39.86866666666666,40.03082244108421,5.022049713415414,5.036637821157157,5.044242179523813,40.638999999999996,40.33545454545455,40.51439600558764,5.032265084156675,5.030461698685266,5.073325050644596,41.9685,41.129999999999995,40.61885869205807,5.2669039253608165,5.125307338888829,5.10328011626084,40.001999999999995,40.90561290322581,40.40125393223077,5.113675659475801,5.160869948163967,5.088851430128001,39.70916666666667,40.059721311475414,39.99786797933615,4.996789423858004,5.059299355753367,5.02179266231963,8.036014485113723
2019-02-01,sz000901,39.43,40.0,40.0,39.3,84033,83796864.0,1.79,2.01,0.79,1.48,4.92444986824618,-0.11344652905042629,39.980000000000004,39.843333333333334,40.02054829405614,5.003333639786531,5.0041045394340795,5.0043114090979355,40.539,40.219272727272724,40.42086945911716,5.011677337535791,5.010858932156085,5.0462568356630655,41.768,40.94252380952381,40.55991976900492,5.220948585540351,5.092692666782673,5.086248664068967,40.123000000000005,40.90548387096774,40.37536658176427,5.12198549322255,5.148661832600767,5.078244877748529,39.75,40.06925683060109,39.997937881652994,4.997660789470373,5.056927567044783,5.018601095300828,7.923227765969422
2019-02-11,sz000901,40.04,41.39,41.39,40.04,136563,140448561.0,3.38,3.48,1.39,2.41,5.135333048741818,0.21088318049563792,40.092,40.31333333333334,40.47703219603743,5.0449806091269975,5.048104342419174,5.0479852889792305,40.53,40.374,40.59707501200494,5.022109809904475,5.0333417887389995,5.062452510768293,41.5405,40.906523809523804,40.63897502909969,5.1835409958306,5.0845388061351935,5.090923367371143,40.288999999999994,40.98722580645162,40.44082680229561,5.13845175514119,5.149522965214913,5.081927985554548,39.821333333333335,40.12302732240436,40.043579262582405,5.005425091180255,5.06144141161106,5.022428372462827,8.147517293890314
2019-02-12,sz000901,41.39,41.87,41.92,40.91,155250,160950144.0,2.44,1.16,0.48,2.74,5.1910316088486175,0.05569856010679963,40.546,40.906,40.94135479735829,5.078979683897366,5.096788008993048,5.09566739560236,40.604,40.61763636363636,40.828515918913126,5.044450218070436,5.06405484309248,5.085830528601079,41.4465,40.93790476190476,40.75621550251877,5.158390585795162,5.0852521978511955,5.100457485607093,40.481,41.089225806451616,40.53303152472816,5.159002614203567,5.152915213841199,5.088966928992875,39.9035,40.190196721311466,40.10346190971085,5.017160890234431,5.067526871206742,5.027956347426296,8.20669136957943
2019-02-13,sz000901,41.7,43.14,43.4,41.44,227014,241272117.0,4.68,3.03,1.27,4.0,5.3560526410489,0.16502103220028275,41.122,41.77066666666666,41.67423653157219,5.1289527128364245,5.189145661376893,5.182462477417874,40.835,41.07872727272727,41.24878575183801,5.086271609161483,5.120709829088565,5.13496182177341,41.466,41.09919047619048,40.983242597516984,5.146127273484337,5.104077155494409,5.124799881363455,40.70799999999999,41.26077419354839,40.701223039261826,5.182359376716682,5.165628118798962,5.106198265254554,39.98649999999999,40.29631147540983,40.20302053562197,5.0266858824779215,5.0786380761514796,5.038713602954906,8.382507134868856
2019-02-14,sz000901,42.79,42.66,42.97,42.22,160308,170416270.0,1.74,-1.11,-0.48,2.83,5.20495519589851,-0.15109744515039036,41.812,42.28333333333333,42.00282435438146,5.1623644725568045,5.214479822397588,5.189960050244753,40.944,41.410545454545456,41.50537016059473,5.09220709298611,5.142288663040751,5.147687889796155,41.4375,41.21290476190476,41.14293377870584,5.137179689218873,5.109679814771949,5.132433720842985,40.951,41.386709677419354,40.827595746406224,5.194552636803172,5.167085913584886,5.11256968013481,40.040333333333336,40.38396721311476,40.283577239372065,5.0266639267425495,5.084482971673467,5.044164146985843,8.231511055418405
2019-02-15,sz000901,42.66,42.35,43.71,42.31,185599,199293696.0,3.28,-0.73,-0.31,3.27,5.268575631927822,0.06362043602931244,42.282,42.46266666666667,42.11854956958764,5.231189625293133,5.249883542187927,5.21616524413911,41.131,41.666181818181826,41.65893922230478,5.117261632539832,5.174355670121062,5.16966747927464,41.388999999999996,41.29980952380952,41.25789246644814,5.127209059600185,5.1221937140775635,5.145399617136779,41.18533333333333,41.47696774193549,40.925815375670346,5.217319373913341,5.171861590689703,5.122634580250489,40.094833333333334,40.45969398907104,40.35132880529429,5.03360658438657,5.0924145029910175,5.051521900590498,8.299493561441512
2019-02-18,sz000901,42.7,43.93,43.97,42.49,226399,244632703.0,3.49,3.73,1.58,3.99,5.3548745042501515,0.08629887232232925,42.79,43.01199999999999,42.722366379725095,5.275097916394801,5.2911118351735995,5.262401664176124,41.441,42.17509090909091,42.07185936370391,5.160039262760899,5.217558010432029,5.203341483815642,41.42399999999999,41.541809523809526,41.51237889821498,5.132865128825539,5.1438761373775606,5.165349606385672,41.492666666666665,41.6540430107527,41.119633738530325,5.238344245778031,5.180736115227561,5.137617801153693,40.14066666666667,40.585437158469944,40.468662287087916,5.036218963327166,5.102947877412774,5.061467887595732,8.38851451395568
2019-02-19,sz000901,44.06,46.2,46.5,42.88,311386,341838032.0,8.24,5.17,2.27,5.49,5.493299082671965,0.13842457842181322,43.656,44.14866666666667,43.8815775864834,5.33555141115947,5.3638455572659876,5.339367470341404,42.101,43.040363636363644,42.82243038848501,5.207265547528418,5.278150704961314,5.256061047244064,41.54,41.99666666666666,41.958819003146886,5.1396926608520195,5.17820318060103,5.196582889841509,41.87433333333333,41.95774193548387,41.44739930378644,5.257808767127273,5.19718481438201,5.160564980606485,40.2105,40.784103825136604,40.65657499898667,5.041546165830819,5.1179341108339145,5.0756262874342974,8.533820379534156
2019-02-20,sz000901,45.15,45.5,47.68,44.58,336486,382532880.0,6.71,-1.52,-0.7,5.93,5.526966999468669,0.03366791679670467,44.128,44.763333333333335,44.42105172432227,5.369734282843424,5.427650753369054,5.401900646717159,42.625,43.65836363636364,43.309261226942276,5.2493434978399245,5.336278241677723,5.305316674921264,41.7345,42.37380952380953,42.29607433618052,5.146775357297881,5.215086450945472,5.228048043139334,42.202,42.191655913978494,41.708857413219576,5.277950151843119,5.214549861629841,5.184203820533077,40.26066666666667,40.957530054644806,40.81537581869202,5.049924823815706,5.1338495480023685,5.090424343566572,8.58266877017946
2019-02-21,sz000901,46.15,46.9,49.26,46.15,495298,584447808.0,6.84,3.08,1.4,8.74,5.694866574316562,0.1678995748478922,44.976000000000006,45.687333333333335,45.24736781621485,5.467716558527034,5.5360281838601,5.499555955916961,43.394,44.43563636363636,43.96212282204368,5.315040515541919,5.417282437400749,5.376143929356773,42.01649999999999,42.865761904761904,42.73454344702047,5.173652799849298,5.267285614471061,5.272506950870499,42.44366666666667,42.49475268817205,42.043769838173155,5.282949455421184,5.241447695337805,5.217149804648141,40.36333333333333,41.1752131147541,41.014871693489,5.05644485555939,5.154995179166332,5.1102421216239495,8.766745734129762
2019-02-22,sz000901,46.37,48.47,48.56,45.85,364202,428938720.0,5.78,3.35,1.57,6.42,5.561342326375373,-0.1335242479411889,46.2,46.852000000000004,46.321578544143236,5.526269897416545,5.56723677314288,5.520151412736432,44.241,45.35854545454545,44.78173685439938,5.378729761354839,5.462064584825012,5.409816365178336,42.39,43.480380952380955,43.28077740444709,5.195203549445315,5.304208426521163,5.300015081870963,42.592333333333336,42.88354838709677,42.45836533248457,5.273542310811847,5.259408525721946,5.239355773791834,40.48350000000001,41.441005464480874,41.259302129768045,5.066497296947233,5.171549194602921,5.125032292271537,8.632395251469518
2019-02-25,sz000901,49.04,51.75,52.36,49.04,412882,516507824.0,6.85,6.77,3.28,7.28,5.6158259497890315,0.054483623413658755,47.763999999999996,48.702,48.13105236276216,5.578460186524319,5.597088790600376,5.5520429250872985,45.277,46.72381818181819,46.048693789963124,5.42677905145956,5.505172982722139,5.447272653289371,42.9035,44.371809523809524,44.08737003259499,5.224444430682018,5.344267702744375,5.330092307386969,42.785999999999994,43.474365591397856,43.0578256336146,5.264620347706921,5.281491341139828,5.263644172243266,40.666333333333334,41.810398907103824,41.60325943698876,5.077868258316811,5.189559970105931,5.14112388759998,8.713076904547393
2019-02-26,sz000901,51.61,49.95,51.7,49.65,369882,461562464.0,3.96,-3.48,-1.8,6.52,5.5680631972497485,-0.04776275253928297,48.513999999999996,49.43066666666667,48.737368241841445,5.593413009439876,5.5936231275088515,5.5573830158081154,46.084999999999994,47.573454545454545,46.758022191788015,5.464482210299673,5.5308610092294455,5.469234570373076,43.344500000000004,45.042904761904765,44.64571574377642,5.254466214185055,5.376993299560349,5.352756201659615,42.992666666666665,43.93655913978495,43.50248204434914,5.260421127296666,5.30106829917485,5.283284109340459,40.856333333333325,42.11478142076503,41.87692306200552,5.086597242813005,5.2056319353168465,5.155121897752431,8.664230483118837
2019-02-27,sz000901,49.17,50.74,53.32,48.99,396256,499211136.0,8.67,1.58,0.79,6.99,5.597975851243886,0.02991265399413745,49.562,50.17266666666667,49.404912161227635,5.60761477979492,5.595144074776855,5.570913960953373,46.845,48.41981818181819,47.48201815691746,5.488674531319171,5.555132580310213,5.49264207598595,43.839999999999996,45.74723809523809,45.22612376817867,5.287473070240328,5.409708503089761,5.376110454000974,43.259,44.43638709677419,43.96941868664919,5.260309692762616,5.322846023300476,5.303586802366486,41.055,42.43883606557376,42.16751574849714,5.10097684786003,5.222398447068679,5.16964169950625,8.698284264673983
2019-02-28,sz000901,51.4,49.95,52.44,49.65,234009,292311136.0,5.5,-1.56,-0.79,4.13,5.369232560722847,-0.22874329052103892,50.172000000000004,50.30200000000001,49.58660810748509,5.542487977076178,5.515683335086163,5.503686827543198,47.574,48.98436363636363,47.93074212838701,5.505102267801606,5.533415858383608,5.47020398230175,44.259,46.32914285714286,45.67601674263784,5.298654680393858,5.417495121230954,5.375455416545914,43.483,44.868064516129024,44.355262642349246,5.25982054874645,5.329873305104363,5.307822012583026,41.221666666666664,42.730475409836075,42.4226791665792,5.109850113707213,5.23119371634287,5.176185662169089,8.465845360725984
2019-03-01,sz000901,50.04,50.22,50.3,48.78,211265,258325680.0,3.04,0.54,0.27,3.73,5.324827554004965,-0.04440500671788161,50.522000000000006,50.318,49.7977387383234,5.4951850226020955,5.443129860729093,5.4440670696971205,48.361000000000004,49.46545454545454,48.34697083231664,5.510727460009321,5.500638637693309,5.443771904429607,44.746,46.89685714285714,46.108777052862806,5.313994546274576,5.419987775860583,5.370633715351538,43.713,45.30270967741935,44.73363279445575,5.25504852640323,5.3340673054436225,5.3089191442876675,41.3805,43.025502732240426,42.678329029970044,5.116695135937347,5.23824215700837,5.181059166819446,8.412167581271792
2019-03-04,sz000901,50.35,50.96,51.96,50.3,309472,389102896.0,3.31,1.47,0.74,5.46,5.490621361609493,0.165793807604528,50.364,50.464000000000006,50.18515915888227,5.470144104966188,5.4416086403982264,5.459585167001245,49.064,49.937999999999995,48.822067044622706,5.524302145745255,5.496982983438794,5.452289987553222,45.252500000000005,47.48866666666667,46.57079828592349,5.342170704253077,5.436809377321052,5.382061110233248,43.97066666666667,45.77025806451613,45.13533390449087,5.263344134465444,5.349265552876285,5.3206418679858505,41.57566666666666,43.33958469945356,42.94985922570873,5.127405831639404,5.250502033259916,5.191208746976496,8.59006446316596
2019-03-05,sz000901,50.96,53.19,53.27,50.17,371525,474033040.0,6.08,4.38,2.23,6.55,5.569988042852294,0.07936668124280022,51.012,51.40599999999999,51.186772772588185,5.470529074086697,5.474889953026929,5.496386125618262,49.763,50.688181818181825,49.61623667287312,5.531971041763287,5.505289510185529,5.473689633971235,45.932,48.244619047619054,47.20119844916887,5.369618294645852,5.458506266711454,5.399958913339823,44.281,46.36505376344086,45.65498978162049,5.270452121155775,5.3690490308367265,5.336728717977234,41.81016666666666,43.72038251366119,43.28560154617729,5.140571693448801,5.265012925430828,5.203627740283899,8.675808612960175
2019-03-06,sz000901,53.41,53.32,54.41,51.83,337210,437351632.0,4.85,0.24,0.13,5.95,5.527900445194766,-0.042087597657527454,51.528,52.175333333333334,51.8978485150588,5.456513992876873,5.494013743396284,5.506890898810431,50.545,51.33490909090909,50.28964818689619,5.532064386335897,5.504549401718526,5.483546145102785,46.585,48.9482380952381,47.78394145400993,5.39070394208791,5.4735807572399215,5.412143821135532,44.67133333333334,46.948215053763434,46.14950656990304,5.2752050336438865,5.385658600129564,5.34906237779772,42.025,44.097754098360646,43.61459821679443,5.1506573379120635,5.277712228766763,5.21425963224819,8.640830751456503
2019-03-07,sz000901,52.93,56.46,58.95,52.93,422577,583335936.0,11.29,5.89,3.14,7.45,5.625905855601025,0.09800541040625887,52.830000000000005,53.81933333333333,53.41856567670587,5.507848651852508,5.550477697637668,5.546562551073963,51.501,52.41036363636364,51.41153033473324,5.525168314464343,5.521611487039459,5.509429728829738,47.4475,49.88871428571429,48.61023274410422,5.420104415003131,5.495980939479265,5.432502110132246,45.178000000000004,47.708774193548386,46.81469969442542,5.290824638054313,5.4082844596106705,5.366923247333418,42.28483333333334,44.571032786885254,44.035758930997886,5.162436579827254,5.293294147379515,5.227756229735168,8.765918731660204
2019-03-08,sz000901,54.67,53.67,58.25,53.62,425089,581314272.0,8.2,-4.94,-2.79,7.5,5.628479866902878,0.002574011301852863,53.519999999999996,54.099333333333334,53.50237711780392,5.568579114432092,5.590688102654458,5.573868323016935,52.021,52.80472727272728,51.82216118296356,5.531882068517094,5.540395405664647,5.5310752084793995,48.131,50.48133333333333,49.09211533990382,5.455305914935966,5.515826220612574,5.451166658396115,45.60033333333333,48.25664516129032,47.25697713349475,5.307429722469241,5.430068667923481,5.383797867950802,42.506166666666665,44.944316939890705,44.35163568735861,5.17485741486334,5.308574255152487,5.240894709642306,8.76441098556564
2019-03-11,sz000901,54.76,56.51,57.69,54.76,293912,404225968.0,5.46,5.29,2.84,5.18,5.468217318047405,-0.16026254885547253,54.629999999999995,55.096000000000004,54.50491807853595,5.564098305719673,5.557234170526229,5.538651321360426,52.497,53.620909090909095,52.67449551333382,5.517121205342931,5.52881999648834,5.519646501128127,48.887,51.27933333333334,49.79858054562727,5.471950128401245,5.5170558780517585,5.452790530743857,46.10133333333333,48.96049462365591,47.853946350688645,5.322003355568989,5.440442061186587,5.389244284086067,42.789333333333325,45.40345901639344,44.75027058285505,5.184041986687161,5.318192612633932,5.248347909917882,8.606624209715775
2019-03-12,sz000901,57.07,62.45,62.53,55.98,599696,872324176.0,11.59,10.51,5.94,10.58,5.7779311520832,0.30971383403579456,56.482000000000006,57.702666666666666,57.15327871902397,5.605686927565855,5.628511785980737,5.618411264934684,53.747,55.43054545454546,54.45185996545494,5.538108000826275,5.576239986804752,5.566607346756323,49.916,52.57104761904762,51.00347763651991,5.501295105562975,5.546196927926232,5.483756304204747,46.812,50.015247311827956,48.79562723128938,5.349013476398795,5.469856757735892,5.414320856214915,43.16283333333333,46.04807103825136,45.33058958013849,5.200559047338163,5.337664388548557,5.265711294906909,8.940677908882913
2019-03-13,sz000901,61.66,60.74,67.25,59.35,680988,1045883184.0,12.65,-2.74,-1.71,12.01,5.833139459079158,0.05520830699595791,57.96600000000001,59.12200000000001,58.34885247934932,5.666734730342734,5.704329296485173,5.689987329649509,54.747,56.702000000000005,55.595158153554046,5.561624361609804,5.6298820701234575,5.61506773081502,50.796,53.60190476190475,51.930765480660874,5.5251494464644875,5.577801152070629,5.517030890383262,47.47566666666667,50.913827956989245,49.56623192604491,5.378856834030153,5.501090692102366,5.441341411238415,43.529666666666664,46.62437158469945,45.83581615128149,5.21707017264084,5.358404729917113,5.284315497010917,9.019483180346473
2019-03-14,sz000901,59.91,60.96,62.97,55.11,522644,755045824.0,12.94,0.36,0.22,9.22,5.718205969020881,-0.11493349005827724,58.86600000000001,60.12,59.219234986232884,5.685194753026705,5.721486376044555,5.6993935427733,55.848,57.831636363636356,56.57058394381694,5.596521702439607,5.658351453289108,5.633820137761539,51.711,54.569904761904766,52.79069257774079,5.550811985120606,5.59618748755219,5.5361904216820825,48.122,51.78378494623656,50.30131373726782,5.3979436877424405,5.5229841846824135,5.459203640772769,43.897333333333336,47.19585792349727,46.331691031567345,5.2352138908822585,5.374835411765639,5.2985414141259985,8.877973309915843
2019-03-15,sz000901,61.62,59.13,61.88,58.65,302109,440368432.0,5.3,-3.0,-1.83,5.33,5.480163663347151,-0.23804230567372997,59.958000000000006,60.208000000000006,59.189489990821926,5.655531512315559,5.653142679484703,5.626316916297917,56.739,58.428363636363635,57.035932317668404,5.6120553133738245,5.637195446181389,5.605882596958923,52.55,55.27647619047619,53.39443614176548,5.5613913866915725,5.589459075954719,5.530854539935898,48.74366666666667,52.493978494623654,50.87090639937957,5.4133481353076585,5.5282886992375575,5.460555900293697,44.236666666666665,47.69528961748633,46.75130771905694,5.248488663624399,5.382866551846455,5.304496241969314,8.643816178829256
2019-03-18,sz000901,58.39,59.7,59.91,57.56,215341,309529840.0,3.97,0.96,0.57,3.8,5.333126725497201,-0.14703693784994964,60.596000000000004,60.122,59.35965999388129,5.628513393805518,5.5456744172119175,5.5285868526976785,57.613,58.966727272727276,57.52030825991051,5.5963058497625955,5.586481157476548,5.556290620329519,53.338499999999996,55.95742857142858,53.99496603302591,5.560303997753925,5.567719584412397,5.512023319513165,49.37266666666666,53.20083870967743,51.440525341355084,5.426882419422916,5.523113124411075,5.452334663210052,44.57816666666667,48.20228415300545,47.17585500695671,5.2573489988625175,5.385641570268514,5.305434946347277,8.490702523219309
2019-03-19,sz000901,59.7,61.09,62.71,59.52,298401,445569280.0,5.34,2.33,1.39,5.26,5.474800274208655,0.141673548711454,60.324,60.28666666666667,59.936439995920864,5.5678872182306085,5.494436710679631,5.510657993201338,58.403,59.59890909090909,58.16934312174496,5.586787072898232,5.564389234648559,5.541474193762089,54.083000000000006,56.69566666666667,54.67068355369011,5.5593790573307595,5.55957637264618,5.508478267579402,50.089000000000006,53.956795698924736,52.06307209352573,5.442007887396645,5.526204598913381,5.453784057468026,44.9705,48.74365573770491,47.63205648213845,5.265923060104599,5.392771120279863,5.310987907916502,8.648915240544504
2019-03-20,sz000901,60.61,59.83,61.05,58.21,230727,334774336.0,4.65,-2.06,-1.26,4.07,5.363098419249706,-0.11170185495894902,60.14200000000001,60.122,59.90095999728058,5.473879010264719,5.426173777685995,5.461471468550794,59.053999999999995,59.858363636363634,58.47128073597314,5.5703068703037255,5.5237185703488265,5.509042234759837,54.7995,57.243,55.16204702476724,5.5511856283198115,5.540882978543224,5.4946325677384795,50.74133333333334,54.585247311827956,52.56416421652408,5.450571584826515,5.521113665484547,5.447933371131359,45.342499999999994,49.2308524590164,48.03198905649457,5.276981740568781,5.395957197628884,5.312696449271689,8.524752157323636
2019-03-21,sz000901,59.83,59.7,60.57,58.87,204487,298244480.0,2.84,-0.22,-0.13,3.61,5.310665703503634,-0.05243271574607178,59.89,59.974666666666664,59.83397333152039,5.392370957161269,5.371769342098967,5.411202880201741,59.37800000000001,59.975818181818184,58.69468423852348,5.538782855093987,5.4765110854760835,5.472973774531436,55.439499999999995,57.70971428571429,55.59423302240845,5.531975584779165,5.517976319036921,5.477111914001828,51.42433333333334,55.163225806451614,53.02454071868382,5.459663895033416,5.512087479592747,5.439077392574733,45.71316666666667,49.701590163934426,48.4145467923472,5.286669777254608,5.397061589856255,5.312629867443228,8.474572414361742
2019-03-22,sz000901,59.56,60.35,61.49,59.21,249516,366765568.0,3.82,1.09,0.65,4.4,5.397098399614381,0.08643269611074711,60.134,60.12800000000001,60.005982221013596,5.375757904414716,5.373345156250005,5.4065013866726215,60.04600000000001,60.15254545454546,58.99565074061012,5.515644708365137,5.450750275388882,5.459178251819243,56.033500000000004,58.17738095238095,56.047163210750504,5.5237633884411155,5.505130872830751,5.4694915792982615,52.102666666666664,55.73907526881721,53.497150994897765,5.475418846079023,5.508050996017327,5.436369070448259,46.112833333333334,50.18148633879782,48.80587312702434,5.298702169650786,5.400682200425429,5.315399327514413,8.564388557288323
2019-03-25,sz000901,60.35,64.72,66.77,59.7,581133,906896112.0,11.71,7.24,4.37,10.25,5.764275537822145,0.3671771382077633,61.138,61.656666666666666,61.577321480675735,5.461987666879704,5.502851034052481,5.525759437055797,60.867,61.00236363636364,60.036441515044636,5.545250530342611,5.4959558807447015,5.514650485637952,56.682,59.004666666666665,56.87314766686951,5.531185867842771,5.528036791819421,5.497566242014822,52.88033333333333,56.55309677419355,54.22120576942049,5.496383595715034,5.526686911613657,5.4575243264078654,46.584666666666664,50.79155737704917,49.32764777859731,5.317417675428112,5.4159469010212105,5.330116580311388,8.957557540015722
2019-03-26,sz000901,64.28,58.95,65.37,58.6,485828,725993984.0,10.46,-8.92,-5.77,8.57,5.686482541130016,-0.07779299669212847,60.71,60.92733333333334,60.70154765378383,5.504324120263976,5.577682658802585,5.5793338050805374,60.51700000000001,60.65381818181818,59.838906694127424,5.536105669247293,5.521634428160593,5.545892677545599,57.132000000000005,59.22066666666666,57.07094312716765,5.537106835036784,5.5428269511801105,5.515558270501984,53.449666666666666,56.94468817204302,54.52628926816756,5.512898626791081,5.538951359704946,5.4722958241318755,46.965333333333334,51.196978142076496,49.64313473667609,5.335950620497324,5.428047388421273,5.341800710174293,8.86093302190336
2019-03-27,sz000901,59.04,57.47,59.39,55.94,221658,311037872.0,5.85,-2.51,-1.48,3.91,5.345683410316864,-0.34079913081315194,60.238,59.84733333333334,59.62436510252255,5.500841118477409,5.524802422153548,5.501450340159313,60.19000000000001,60.09981818181818,59.40819638610425,5.487360064371064,5.487012199264152,5.50949099259492,57.468500000000006,59.252857142857145,57.108948543627875,5.524492212990433,5.5245961488258315,5.499379712389115,53.92733333333334,57.20406451612903,54.71620608957611,5.512552985766679,5.528163281222738,5.464127281305101,47.31766666666667,51.54139344262294,49.89975326989982,5.3474561812416805,5.42836649628421,5.341928011818311,8.492813271982616
2019-03-28,sz000901,57.69,58.39,60.7,57.29,260329,375879584.0,5.93,1.6,0.92,4.59,5.415522550124023,0.06983913980715872,59.976,59.23133333333333,59.21291006834837,5.521812487801486,5.496362899369086,5.4728077434808835,59.93300000000001,59.77254545454546,59.22306977044893,5.457091722481378,5.473950833037417,5.4924058212365745,57.890499999999996,59.34061904761904,57.23095344423474,5.526806712460493,5.514218085695698,5.491393315982916,54.45166666666667,57.49197849462366,54.95322505153894,5.519571897574196,5.5219032531167604,5.460991492196645,47.70133333333333,51.90442076502732,50.178122015149,5.357062267188684,5.430598180509859,5.3443409475004655,8.575048737533624
2019-03-29,sz000901,59.0,61.62,61.62,58.82,306816,450788496.0,4.8,5.53,3.23,5.41,5.486878003681523,0.07135545355749962,60.23,59.77933333333332,60.01527337889892,5.539768408614914,5.484718071329098,5.47749783021443,60.182,60.07927272727272,59.65887526673094,5.457763156514814,5.479366520528353,5.491400763499293,58.4605,59.69580952380953,57.64895787811715,5.534909234944321,5.510415351526272,5.490963286239926,55.09400000000001,57.95445161290323,55.38333956434289,5.52684864329932,5.519793969639814,5.462661589711798,48.13966666666667,52.360770491803265,50.55326555563592,5.372084008606332,5.434854434165364,5.349014293604762,8.653972824438245
2019-04-01,sz000901,62.71,63.63,65.81,62.71,405029,630420912.0,5.03,3.26,2.01,7.14,5.607486119730918,0.1206081160493957,60.012,60.912666666666674,61.22018225259929,5.508410524996669,5.5072906417011,5.5208272600532595,60.575,60.70618181818182,60.38089794550713,5.485199095938187,5.506588877476735,5.512507191905042,59.093999999999994,60.188142857142864,58.21858093734409,5.540752472850391,5.517327435791662,5.502060698953354,55.75066666666667,58.505161290322576,55.91538217309497,5.535269030482012,5.52499638747411,5.472005107777548,48.62166666666666,52.86865027322404,50.98201094725441,5.386806638130022,5.442572536169448,5.357488779707259,8.799630610914832
2019-04-02,sz000901,64.06,63.98,66.73,63.36,443554,700568496.0,5.3,0.55,0.35,7.82,5.646946500096497,0.039460380365579084,61.01800000000001,62.23533333333333,62.140121501732864,5.500503316789965,5.553469300067708,5.562867006734339,60.86400000000001,61.32527272727273,61.0352801372331,5.502413718526971,5.53599749641461,5.536950702485306,59.63349999999999,60.65347619047619,58.76728751473989,5.544600395712601,5.527441152672245,5.515859346681272,56.343333333333334,59.03608602150538,56.43568009741142,5.54039061106283,5.532201385513754,5.483291649217481,49.10883333333333,53.372202185792354,51.408174522754265,5.399099689095052,5.451101711971628,5.366979196769201,8.845450603548349
2019-04-03,sz000901,63.71,64.5,65.11,62.32,307584,474983296.0,4.36,0.81,0.52,5.42,5.487963740451768,-0.1589827596447293,62.424,63.395999999999994,62.926747667821914,5.528959382816946,5.54928944128831,5.537899251306816,61.330999999999996,61.986363636363635,61.66522920319071,5.514900250647178,5.5333702276736645,5.528043982115571,60.192499999999995,61.116952380952384,59.31326013238372,5.542603560475451,5.522047185504546,5.513202622278462,56.97666666666667,59.56232258064516,56.95595880080424,5.539090502428934,5.528819006764652,5.483593074458403,49.58933333333333,53.8768306010929,51.83741470233609,5.408520327136026,5.454015287425945,5.370945903119448,8.676678336819425
2019-04-04,sz000901,64.72,65.11,65.9,63.85,305937,482640016.0,3.18,0.95,0.61,5.4,5.485632003706175,-0.0023317367455932825,63.767999999999994,64.29133333333333,63.654498445214614,5.5429812735333766,5.53484698158472,5.520476835439935,61.87199999999999,62.67345454545455,62.29155116624694,5.532396880667431,5.5280487282298445,5.520332713313863,60.625,61.58528571428571,59.86533059596622,5.535589867880709,5.516621322955091,5.510576849081102,57.583666666666666,60.08705376344085,57.482025974945905,5.532116016741921,5.525370071363186,5.48372461828084,50.01366666666667,54.385704918032786,52.27258143340704,5.407532736081552,5.45654353911677,5.374706103138686,8.683623326705645
2019-04-08,sz000901,65.59,63.76,66.47,61.84,294744,454403680.0,7.11,-2.07,-1.35,5.2,5.469444973077004,-0.016187030629170707,64.196,64.28866666666666,63.689665630143075,5.539494667412472,5.510334881432596,5.503466214652292,62.21299999999999,63.016727272727266,62.558541863292945,5.539631538013693,5.516602926849768,5.511080396907161,61.12950000000001,61.883857142857146,60.23625149158849,5.527638123189416,5.510321809164263,5.506659527556902,58.09333333333334,60.48552688172043,57.88705655720746,5.529052771631975,5.521326778223513,5.482803350848336,50.34283333333333,54.836404371584706,52.64921810772156,5.40129754122191,5.458573448526456,5.37781229559568,8.657441839862342
2019-04-09,sz000901,63.89,62.67,64.24,61.7,187430,285761360.0,3.98,-1.71,-1.09,3.31,5.272839105184126,-0.19660586789287837,64.00399999999999,63.779999999999994,63.34977708676205,5.472565264503114,5.421449694023147,5.4265905114962365,62.008,63.09981818181818,62.57880697905786,5.490487894749892,5.468095211789847,5.467763798412063,61.4375,62.03057142857143,60.46803706381816,5.517869212546251,5.486055236020902,5.484390915902352,58.45733333333333,60.78079569892473,58.19563355351666,5.5176198768118105,5.504796864259136,5.469257270482903,50.62166666666666,55.24057377049181,52.977768333697895,5.391120112259366,5.4543616965252175,5.37437055164776,8.456003504114562
2019-04-10,sz000901,62.1,61.57,62.32,60.44,157313,235154689.0,3.0,-1.76,-1.1,2.77,5.196764613246166,-0.0760744919379599,63.52199999999999,62.96866666666667,62.756518057841376,5.382528887133048,5.329516143604164,5.349981878746213,62.269999999999996,63.02018181818181,62.395387528320065,5.441516101961506,5.414690978789168,5.41849121929099,61.3935,62.04319047619047,60.57298591488309,5.4888108856044,5.455473845611371,5.456997934697,58.84466666666667,60.98161290322581,58.4133346145801,5.505243257345025,5.484096524674256,5.4516770990482755,50.91866666666667,55.59953551912569,53.25948084734715,5.382832192320846,5.4479893850821615,5.368547406126396,8.371353643029035
2019-04-11,sz000901,62.36,60.66,62.67,60.61,190597,286177568.0,3.35,-1.48,-0.91,3.36,5.280116060553623,0.08335144730745725,62.754,62.01466666666666,62.05767870522759,5.340959351153418,5.295378534744357,5.326693272682017,62.589,62.72745454545455,62.07986252317096,5.434959366985182,5.385345516715008,5.39333209952056,61.3895,61.97333333333334,60.58127297060851,5.461159715678123,5.435598147987485,5.440152041921441,59.175333333333334,61.09873118279569,58.55828076847816,5.494647930988683,5.469572189397391,5.440608644951847,51.217166666666664,55.91892349726777,53.50212081956527,5.377478811875649,5.444621643057006,5.3656480177469605,8.456635588628423
2019-04-12,sz000901,60.66,60.31,61.09,59.39,157537,230785982.0,2.8,-0.58,-0.35,2.78,5.1973825708790695,-0.08273348967455352,61.794,61.2,61.47511913681839,5.283309464587997,5.247519607986239,5.283589705414368,62.78099999999999,62.31309090909092,61.75806933713987,5.413145369060687,5.3421497356048055,5.357704912494834,61.357000000000006,61.87052380952382,60.55543744959817,5.435118545771032,5.410476515149481,5.417031139917405,59.52066666666667,61.17193548387095,58.671294912447316,5.48891959799389,5.450393779067738,5.424916640172958,51.50183333333333,56.21704918032788,53.72532997302214,5.374370073370171,5.438716848270234,5.360131117849653,8.363209426126089
2019-04-15,sz000901,61.18,59.26,62.32,59.13,162318,240777105.0,5.29,-1.74,-1.05,2.86,5.210366682902107,0.012984112023037397,60.89399999999999,60.35533333333333,60.73674609121226,5.2314938065530185,5.223205347424275,5.259182031243615,62.544999999999995,61.67290909090909,61.303874912205345,5.385494236982746,5.305280883575973,5.330916143477975,61.3635,61.67080952380952,60.43206245439835,5.421628696748781,5.389071575828631,5.397348810677853,59.822,61.1551182795699,58.70927588583781,5.485104235623795,5.432422623255365,5.411074707445806,51.767500000000005,56.47141530054645,53.906794564070594,5.370076381013512,5.4333396879270195,5.35522080850711,8.381615188379449
2019-04-16,sz000901,58.78,60.04,60.48,56.9,190959,273626832.0,6.04,1.32,0.78,3.37,5.280940131723358,0.07057344882125083,60.36800000000001,60.07066666666666,60.50449739414151,5.233114011860865,5.239687455814389,5.26643473140353,62.18599999999999,61.217454545454544,61.07407947362255,5.3528396381819885,5.2862710462560845,5.321829595886226,61.380500000000005,61.544761904761906,60.394723173027074,5.419019367060089,5.375672664873829,5.386262269825044,60.12466666666667,61.16918279569893,58.795129054493444,5.478114861294257,5.419250745584368,5.402678928366939,52.04766666666667,56.742644808743165,54.10788326688795,5.37072949787985,5.430417187950292,5.352785376481413,8.437158682295777
2019-04-17,sz000901,59.91,60.18,61.36,59.56,155634,229185596.0,3.0,0.23,0.14,2.74,5.192104479539058,-0.0888356521842999,60.089999999999996,60.008,60.39633159609434,5.232181985119443,5.22601761170712,5.24165798078204,61.806,60.852727272727265,60.91151956932754,5.307355436126246,5.25704647195737,5.298243211095832,61.334999999999994,61.43042857142858,60.3742733470245,5.404884577326608,5.3540617232051595,5.36777105170257,60.35766666666666,61.17275268817204,58.884475567106776,5.465518742517149,5.400798462890486,5.389093480055463,52.31933333333333,57.00927868852459,54.30696906141622,5.367985431836463,5.424560629971906,5.3475171503521555,8.360187319341206
2019-04-18,sz000901,60.26,60.57,61.36,59.17,143358,211079713.0,3.64,0.65,0.39,2.53,5.156421933480002,-0.035682546059056186,60.072,60.168,60.4542210640629,5.207443159704719,5.20076426116064,5.2132459650146945,61.41299999999999,60.628,60.84942510217707,5.274201255429068,5.2296040169307805,5.272457524256589,61.372,61.35757142857143,60.39291398064121,5.394550753038123,5.330398614267387,5.347642564252801,60.599333333333334,61.18645161290323,58.99321907890634,5.453136125459991,5.380856733275186,5.374082412534466,52.63533333333333,57.279792349726776,54.512314338091095,5.364170579551938,5.417624121829071,5.341251733405527,8.324446495005745
2019-04-19,sz000901,60.53,60.09,60.53,58.95,99560,144784049.0,2.61,-0.79,-0.48,1.76,4.998084887936556,-0.15833704554344585,60.028,60.174,60.332814042708605,5.167583623116216,5.130978170571252,5.141525605988649,60.911,60.387454545454545,60.71134781087214,5.225446543852106,5.179401041023051,5.22257159038022,61.39149999999999,61.23547619047619,60.36406503010395,5.3789217122597694,5.292639960448189,5.314351356984587,60.72033333333333,61.15359139784945,59.06397913833174,5.432208759871175,5.351498588918835,5.3498245077216975,52.94916666666667,57.524207650273226,54.69518927782581,5.361516698962744,5.40562131226791,5.330000361422938,8.16072071784961
2019-04-22,sz000901,60.48,58.82,60.79,58.78,99031,144118476.0,3.34,-2.11,-1.27,1.75,4.995771164511846,-0.0023137234247094796,59.94,59.77133333333334,59.82854269513908,5.124664519438164,5.073707351036463,5.0929407921630485,60.41700000000001,60.00727272727272,60.36746639071357,5.178079162995592,5.137641881143003,5.1813351493132425,61.315,60.99057142857142,60.2170112177131,5.358855350504642,5.256149432091245,5.284010386272897,60.892,61.03098924731183,59.04823854876195,5.411118469791473,5.323341324702103,5.326982356546869,53.24616666666667,57.71669398907103,54.830428973634795,5.359274096130358,5.393629655400669,5.319042027097984,8.158719660970029
2019-04-23,sz000901,59.48,56.77,59.52,56.51,146132,205167968.0,5.12,-3.49,-2.05,2.58,5.16474532819768,0.1689741636858333,59.286,58.714666666666666,58.80902846342605,5.101425558733029,5.087067620622967,5.116875637507926,59.827,59.34418181818182,59.713381592402,5.167269785296947,5.135217547543383,5.178318818201322,60.9175,60.55771428571429,59.888724435073755,5.328878840023419,5.237662763300106,5.272651809313352,60.900666666666666,60.765053763440854,58.901255416583766,5.4010027367964835,5.3074462833089555,5.316515451492083,53.501,57.832229508196725,54.894021466302505,5.361503046182736,5.387251663009433,5.313983118937318,8.312109557186634
2019-04-24,sz000901,56.59,57.25,57.47,56.16,75239,104761675.0,2.31,0.85,0.48,1.33,4.876443014717682,-0.28830231347999735,58.7,58.03600000000001,58.28935230895071,5.038293265768753,5.012073439284519,5.036731429911178,59.395,58.87563636363636,59.265494030147096,5.135237625444098,5.082339952892608,5.123432308477023,60.8325,60.20842857142858,59.637417346019106,5.288376863702802,5.194573637080512,5.234917638399479,60.72733333333334,60.52952688172043,58.794722809062236,5.3709531322176325,5.2736037205941955,5.288123681377606,53.769666666666666,57.955147540983596,54.97126666412865,5.359983304308214,5.371348055420414,5.299637541749789,8.020202433600481
2019-04-25,sz000901,57.29,53.71,57.38,53.19,143310,193934396.0,7.32,-6.18,-3.54,2.53,5.1562764960030165,0.27983348128533425,57.327999999999996,56.37266666666666,56.76290153930047,5.038264178273356,5.05140118269594,5.076579785275125,58.7,57.842,58.25540420648398,5.122853668989038,5.086165202085137,5.129403978936294,60.644499999999994,59.53009523809524,59.072901408303004,5.278906517987109,5.181992649680533,5.227428005790292,60.493,60.076795698924734,58.466676176219515,5.3483910334484275,5.259753615031961,5.279617411353438,53.98433333333333,57.95319125683061,54.929913658747374,5.36362393373929,5.364669143672704,5.294937179594157,8.287654841921551
2019-04-26,sz000901,54.15,53.89,54.93,53.58,95305,126810254.0,2.51,0.34,0.18,1.68,4.97911568569024,-0.17716081031277664,56.088,55.226666666666674,55.805267692866984,5.034470337824093,5.031685018501568,5.044091752080163,58.05800000000001,56.967454545454544,57.461694350759615,5.101026980470154,5.060031023303539,5.102078834709738,60.419500000000006,58.886809523809525,58.57929175036938,5.257086174765421,5.153441141842736,5.203779213399811,60.257333333333335,59.65079569892474,58.17140674549568,5.323754690670739,5.235929399047563,5.260230203246136,54.18966666666667,57.95009836065574,54.89581812895238,5.36084918920659,5.352062315867817,5.28458237651534,8.103154372438185
2019-04-29,sz000901,53.84,50.7,54.24,49.61,167994,212395141.0,8.59,-5.92,-3.19,2.96,5.225293770931672,0.24617808524143214,54.464,53.43066666666667,54.10351179524466,5.0803748591080575,5.095292829537428,5.104492425030667,57.202,55.629636363636365,56.232295377894225,5.102519689273111,5.082624985205632,5.124481550386453,59.8735,57.96114285714286,57.82888301223896,5.244006963127928,5.150413293858569,5.205828218879035,59.97633333333333,59.0341935483871,57.689380503850806,5.3152590275902245,5.229577081645043,5.25797623987101,54.36,57.83568306010928,54.75825032144574,5.364303581448941,5.347617875924378,5.282638487807679,8.327144577093868
2019-04-30,sz000901,50.35,52.18,52.58,50.13,96144,122612764.0,4.83,2.92,1.48,1.7,4.982922186669163,-0.24237158426250893,53.54600000000001,52.66933333333334,53.462341196829776,5.044010230802355,5.062808605391129,5.063969012243499,56.416,54.716545454545454,55.495514400095274,5.072717894767692,5.060879984732188,5.098743484256036,59.301,57.228428571428566,57.29089415393049,5.21277876647484,5.125548077052973,5.184599072954286,59.72566666666667,58.53120430107526,57.33393660037657,5.303585542962622,5.208135995134005,5.240230817083795,54.549166666666665,57.76420765027322,54.673717524021285,5.36523398119277,5.33511356789881,5.2728117238359244,8.088535682631223
2019-05-06,sz000901,50.83,47.99,51.88,47.6,148657,182058767.0,8.2,-8.03,-4.19,2.62,5.172185364195491,0.18926317752632826,51.694,50.81733333333334,51.63822746455318,5.103158700697916,5.1055336498555075,5.1000411295608306,55.197,53.18454545454546,54.13087541825977,5.070725983233335,5.078964979173606,5.112096553335936,58.5015,56.15119047619048,56.40509471069902,5.18904070967979,5.121682038740653,5.183416814977258,59.288999999999994,57.77406451612903,56.73110198099744,5.293498379295516,5.199658564245803,5.235840787865195,54.689,57.54915300546448,54.45457924454518,5.367753133346082,5.328784105046441,5.26951249892968,8.260211597129054
2019-05-07,sz000901,48.51,49.43,49.82,47.25,108460,130252237.0,5.36,3.0,1.44,1.91,5.035269600099436,-0.136915764096055,50.838,50.06266666666667,50.90215164303546,5.0789573215172,5.082903949656015,5.078450619740366,54.083000000000006,52.136,53.276170796757995,5.058610749895278,5.072518364058352,5.098128016383845,57.748000000000005,55.287238095238095,55.74079997634673,5.166406002662174,5.107037171161571,5.169307556417466,58.94233333333333,57.138000000000005,56.26006314351373,5.282570751990508,5.182998643007347,5.222900711235146,54.84183333333333,57.376726775956286,54.28983894144533,5.366571168408512,5.317883005595731,5.261832403886066,8.11478519076936
2019-05-08,sz000901,47.95,49.04,49.91,47.38,104358,126264313.0,5.12,-0.79,-0.39,1.84,5.018525747341877,-0.01674385275755963,49.868,49.46333333333334,50.28143442869031,5.086839333847528,5.062760091597573,5.058475662274203,52.977999999999994,51.219090909090916,52.50595792462017,5.060654835835811,5.065230181775915,5.0836548765580325,56.94449999999999,54.457904761904764,55.10262855002799,5.1430506898439585,5.0929533373215445,5.154947384124553,58.586999999999996,56.49913978494625,55.79425261812575,5.272832753451783,5.165963481417113,5.2097152296936455,55.00566666666666,57.18650273224043,54.11771307451269,5.3662483242426,5.306471680314858,5.253855136458387,8.101280620094366
2019-05-09,sz000901,48.78,49.04,50.39,48.34,99583,121805387.0,4.18,0.0,0.0,1.76,4.99818520552872,-0.02034054181315703,49.536,49.18733333333333,49.86762295246021,5.0414176207669374,5.033208715491304,5.038378843359043,52.0,50.50309090909091,51.8757837565074,5.060896239937497,5.053872067174626,5.068114936370884,56.208499999999994,53.70509523809524,54.52523535478723,5.119487701466545,5.079156624529616,5.1400176528297115,58.21,55.88320430107527,55.35849438469829,5.25953564698226,5.148244284776915,5.196068131360425,55.15633333333333,56.99090710382514,53.95123067862703,5.367477246530641,5.294404037078337,5.245472515772168,8.085666495953987
2019-05-10,sz000901,49.3,51.7,52.49,48.29,173701,216720813.0,8.56,5.42,2.66,3.06,5.239802318695986,0.24161711316726642,49.44,49.90866666666667,50.47841530164015,5.092793647172302,5.0993369481343205,5.105520001804691,51.49300000000001,50.44854545454545,51.84382307350605,5.0684019389873285,5.086400445130714,5.099330824066357,55.660000000000004,53.27571428571429,54.256165320997965,5.117835862142138,5.090615159503849,5.149520954340785,57.775999999999996,55.46320430107527,55.12246248891131,5.242053206344722,5.146971166822962,5.198889691833687,55.32816666666667,56.87758469945356,53.877419836704824,5.369218401029878,5.290217973870645,5.245286607671311,8.335900621227546
2019-05-13,sz000901,51.09,50.57,51.4,50.09,104197,130230563.0,2.53,-2.19,-1.13,1.84,5.017855215103606,-0.22194710359238012,49.956,50.285333333333334,50.50894353442676,5.061927617353925,5.074357470778088,5.0762984062376635,50.825,50.280727272727276,51.612218878323134,5.082543159025921,5.077210131697311,5.08451707698222,55.11,52.790952380952376,53.9051019570934,5.1088903922350095,5.0810931931192265,5.136981360127721,57.49666666666667,54.99830107526881,54.8287552315622,5.219765628810508,5.132506780291275,5.187210048173681,55.473166666666664,56.72157923497268,53.76897984205876,5.366332127800794,5.278697869414045,5.2378298407018775,8.11471291806174
2019-05-14,sz000901,49.87,50.35,52.18,49.47,179550,225537488.0,5.36,-0.44,-0.22,3.17,5.254185409462092,0.23633019435848635,50.14,50.416666666666664,50.45596235628451,5.105710779226456,5.138443401480811,5.13559407397914,50.489000000000004,50.19436363636364,51.38272453680983,5.092334050371828,5.108417813594796,5.115365864705833,54.594500000000004,52.33761904761904,53.5665208183226,5.107593859680433,5.094930813807519,5.1481436505405185,57.25933333333333,54.53722580645161,54.53980328113884,5.216715695448682,5.134727411301056,5.191531039224547,55.59333333333334,56.55360655737705,53.656882142319134,5.36463434060768,5.2750209278291695,5.23836608885795,8.353218739022818
2019-05-15,sz000901,50.83,51.09,51.35,50.35,120255,150606937.0,1.99,1.47,0.74,2.12,5.080103142653069,-0.17408226680902317,50.55,50.733333333333334,50.66730823752301,5.118026258288695,5.129907522623015,5.117097096870451,50.208999999999996,50.30363636363637,51.329501893753495,5.102432796068111,5.106194012191386,5.108954460696239,54.13349999999999,52.00385714285714,53.33066169276807,5.101729888269133,5.092312650281103,5.1416636021702855,57.016,54.139204301075274,54.31723532751698,5.205535048532984,5.125913698217468,5.184342142671548,55.73383333333333,56.40595628415299,53.57272207207916,5.36255347305359,5.265692036092951,5.233177139802052,8.17784497605749
2019-05-16,sz000901,51.13,51.79,52.53,50.7,155452,197949332.0,3.58,1.37,0.7,2.74,5.191596313921033,0.11149317126796365,51.1,51.14666666666667,51.04153882501534,5.156708479967158,5.154430874500461,5.141930169220645,50.318,50.591090909090916,51.41322882216195,5.0990630503670475,5.122405560891917,5.123980252191656,53.760000000000005,51.78066666666666,53.18393200774254,5.100791369820079,5.100871357486047,5.1464190985275,56.688333333333325,53.80204301075269,54.15418788703202,5.195692325540969,5.125014425016697,5.184810153719903,55.89116666666666,56.276650273224035,53.51427216807656,5.361270484420144,5.260086883334507,5.231813834035461,8.296554040520133
2019-05-17,sz000901,51.79,48.21,51.79,48.21,149301,184234823.0,6.91,-6.91,-3.58,2.63,5.174062716586563,-0.01753359733447013,50.402,50.18333333333333,50.09769255001023,5.143560559545273,5.160215620040263,5.152641018342618,49.921,50.20781818181819,50.83082358176886,5.1181771033587875,5.136041863840919,5.133086154808912,53.16850000000001,51.252095238095244,52.710224197481345,5.095447499063239,5.107849580987617,5.149051824056935,56.17433333333334,53.25505376344086,53.77069189432028,5.18124487876949,5.123618966374477,5.184116770679043,55.9625,56.0248087431694,53.3403616051888,5.358256954625751,5.2539489237334065,5.229920354774841,8.265371721449219
2019-05-20,sz000901,48.6,51.44,52.62,48.6,227376,284506224.0,8.34,6.7,3.23,4.01,5.356744622103544,0.18268190551698105,50.576,50.529333333333334,50.545128366673495,5.21133844094526,5.231276974226352,5.220675552929594,50.266,50.48400000000001,50.941582930538154,5.136633029149593,5.1794177763399665,5.173751330680663,52.731500000000004,51.08747619047619,52.58925046438789,5.1036795061914635,5.13273502127717,5.168832090537564,55.75633333333334,52.9496129032258,53.62032467533188,5.171571482836391,5.134941530460546,5.195254051416107,56.04983333333333,55.87653005464482,53.278054667313754,5.35598104694961,5.253899339060548,5.234078527474143,8.454091771677623
2019-05-21,sz000901,51.22,51.88,51.92,50.44,177084,223507661.0,2.88,0.86,0.44,3.12,5.248179323326618,-0.10856529877692545,50.882,50.964000000000006,50.99008557778234,5.210137223718165,5.243557268353473,5.229843476395269,50.511,50.777454545454546,51.11220421589485,5.157924001472312,5.199698920735789,5.187283692979927,52.297000000000004,51.006380952380965,52.52170280111285,5.108267375683794,5.146496908623376,5.176388969850807,55.335666666666675,52.69952688172043,53.508045664020145,5.163578668932219,5.139883971782496,5.198668585087753,56.156166666666664,55.73981420765028,53.23221680936904,5.351334585680576,5.25036485631881,5.234540848649634,8.349292413700638
2019-05-22,sz000901,51.53,51.27,52.31,50.48,137294,173867489.0,3.53,-1.18,-0.61,2.42,5.1376515581848325,-0.11052776514178575,50.91799999999999,51.093333333333334,51.083390385188224,5.221646906824518,5.219395379842362,5.199112836991791,50.734,50.91545454545455,51.14089435845942,5.169836582556607,5.196013021956246,5.1782596684717275,51.85600000000001,50.90857142857143,52.40249301053068,5.115245709196208,5.149295402194903,5.172699692549286,54.87433333333333,52.437225806451615,53.363655621180136,5.151979320748174,5.138211254960083,5.19473200270692,56.229000000000006,55.579612021857926,53.167881832012675,5.342047668745048,5.243358855417309,5.231364150601608,8.240218382072364
2019-05-23,sz000901,50.83,51.13,52.44,50.44,158991,202068555.0,3.9,-0.27,-0.14,2.8,5.2013725409181655,0.06372098273333293,50.786,51.164,51.09892692345882,5.223602152223944,5.212637257873578,5.199866071633917,50.943,50.98745454545455,51.13891356601225,5.1901553160955505,5.201746832567439,5.182462008916534,51.471500000000006,50.83942857142858,52.28130320000395,5.125525778016525,5.157497957596994,5.175430440012989,54.45333333333333,52.19565591397849,53.21954880691045,5.143043573009547,5.141397914325889,5.195160424527001,56.27333333333333,55.41243169398908,53.10106603424177,5.33604817232076,5.238746556144298,5.230380819136577,8.305498735818613
2019-05-24,sz000901,50.17,49.17,50.65,49.08,118323,145156308.0,3.07,-3.83,-1.96,2.09,5.073069172372615,-0.12830336854555036,50.978,50.62533333333333,50.45595128230588,5.203403443381155,5.162459597923134,5.157600438546817,50.690000000000005,50.66509090909091,50.78092928128275,5.173482001463214,5.180458442799632,5.162572402272185,51.0915,50.62023809523809,51.984988609527385,5.120941970225271,5.1525020903928125,5.1656817478567625,54.00333333333334,51.854795698924725,52.958287593561394,5.1363845752491635,5.1368834368654435,5.187283569549298,56.230333333333334,55.179535519125686,52.97217862328302,5.327002226030487,5.230124293850916,5.225223060226282,8.161835913540518
2019-05-27,sz000901,49.56,51.35,51.4,48.99,134153,166461474.0,4.9,4.43,2.18,2.37,5.127600389038355,0.05453121666573946,50.96,50.74933333333333,50.75396752153726,5.157574596768117,5.1371919131422015,5.147600422043997,50.768,50.78509090909091,50.88439668468588,5.184456518856689,5.172116331449659,5.156213854411488,50.7965,50.644857142857134,51.924513503858115,5.133499838941305,5.153136225517867,5.162054951778819,53.66266666666666,51.68361290322581,52.85452710365421,5.134079101108903,5.136316715174423,5.183433041774399,56.25366666666667,55.019524590163925,52.91899243891308,5.319661179226964,5.223586528703632,5.222022316908645,8.22131373594893
2019-05-28,sz000901,51.31,50.87,51.88,50.57,123192,155174862.0,2.55,-0.93,-0.48,2.17,5.090582505972368,-0.03701788306598619,50.757999999999996,50.71933333333333,50.79264501435818,5.126055233297267,5.114861216210285,5.128594450020121,50.82,50.80363636363636,50.881779105652086,5.168096228507716,5.155048329107055,5.144280881968012,50.6545,50.65185714285714,51.824083646347816,5.130215139439772,5.149048860473208,5.155248052178204,53.336333333333336,51.50344086021504,52.72649309696685,5.127761315956194,5.13351048323013,5.177442684625881,56.255833333333335,54.84301092896175,52.85181235894871,5.311204623472438,5.216075752531349,5.217712814910734,8.190821367831141
2019-05-29,sz000901,50.61,51.09,51.75,50.39,109889,138798375.0,2.67,0.43,0.22,1.94,5.040954221282488,-0.049628284689880786,50.721999999999994,50.830000000000005,50.891763342905456,5.106715765916798,5.086494212205357,5.09938104044091,50.82000000000001,50.85272727272727,50.91963745007897,5.164181336370659,5.13193160052065,5.125494216388825,50.5145,50.693333333333335,51.75417091812421,5.133307066219385,5.140547820648704,5.144362925426231,53.028999999999996,51.35851612903227,52.62091289716254,5.122547037636308,5.127910025509245,5.168636977313405,56.27483333333334,54.67363934426229,52.79404801931105,5.305733317815099,5.207215083607089,5.211917451185218,8.142384381589554
2019-05-30,sz000901,50.74,51.27,51.75,50.3,124556,156863856.0,2.84,0.35,0.18,2.2,5.095364652820972,0.054410431538484794,50.75,51.01266666666667,51.01784222860364,5.08551418829736,5.0827105078400825,5.098042244567598,50.768,50.93454545454545,50.98333973188279,5.1545581702606516,5.119419476238889,5.120016113921943,50.543000000000006,50.76528571428572,51.708059402112376,5.12681061031385,5.136934257467902,5.1396964232733495,52.76266666666666,51.24503225806451,52.53375722637786,5.118713636633603,5.126156323263095,5.163909730571958,56.29233333333333,54.509546448087434,52.744079231792654,5.301908936128699,5.200317750328595,5.208096047960161,8.195522886556637
2019-05-31,sz000901,51.18,51.75,51.75,50.65,147900,186858102.0,2.15,0.94,0.48,2.61,5.169968173996892,0.07460352117591995,51.266000000000005,51.346000000000004,51.2618948190691,5.104893988622215,5.110861836406594,5.122017554377363,51.122,51.11309090909091,51.122732507904104,5.154148716001685,5.122221295100023,5.129098306662842,50.5215,50.88023809523809,51.71205374476834,5.136162909680237,5.141044501628191,5.142579447151783,52.48633333333333,51.17969892473119,52.4831922440309,5.115014571376054,5.129463067609113,5.164300597889696,56.3055,54.360617486338796,52.71148647009453,5.296564716335157,5.1959918237013225,5.2068459537318565,8.271511933213798
2019-06-03,sz000901,52.53,50.61,53.14,50.04,153713,193927536.0,5.99,-2.2,-1.14,2.71,5.1867105987262585,0.016742424729366157,51.117999999999995,51.12733333333334,51.044596546046066,5.116716030559796,5.1381340397746085,5.143581902493662,51.039,51.019999999999996,51.0295084155579,5.137145313663956,5.128141637413583,5.139573268856189,50.652499999999996,50.88866666666667,51.6070962452666,5.136889171406774,5.145858567251623,5.1467824139684,52.16733333333334,51.05864516129032,52.362341131512785,5.114834775348962,5.134088617760739,5.165746404395281,56.2625,54.17387978142077,52.64258527435372,5.290176758933055,5.192390049353488,5.206185778157902,8.287639479443822
2019-06-04,sz000901,50.26,48.91,50.57,48.21,100231,121871796.0,4.66,-3.36,-1.7,1.77,5.001002063315146,-0.18570853541111276,50.726,50.391333333333336,50.33306436403072,5.098799942028352,5.099562717359725,5.096055289434157,50.742000000000004,50.63290909090909,50.64414324909282,5.112427587662809,5.103388319168344,5.114378504212363,50.62650000000001,50.72271428571429,51.350229936193585,5.1351757945675605,5.132916937909563,5.132898571049042,51.778666666666666,50.84849462365591,52.13960944560874,5.109654113010133,5.126744571823074,5.155117737228821,56.189,53.93281420765028,52.52020542929294,5.281395119235062,5.182908911792246,5.199458443245025,8.085903211288658
2019-06-05,sz000901,49.21,49.08,50.09,48.29,80766,98152544.0,3.68,0.35,0.17,1.42,4.90722857463638,-0.09377348867876556,50.324,49.842666666666666,49.91537624268715,5.07205481269913,5.0357055948957345,5.0331130511682325,50.523,50.330727272727266,50.359753567439576,5.089385289307964,5.066079407708993,5.0767148806530935,50.628499999999995,50.57542857142856,51.13401756131801,5.129610935932286,5.111207678868498,5.111406190438312,51.41166666666667,50.67438709677418,51.94221528782753,5.10662556923346,5.113684859669929,5.139124888029309,56.066,53.699732240437164,52.40741180866039,5.269417164552317,5.170641156231634,5.189877136077528,7.9919015604907235
2019-06-06,sz000901,49.12,46.72,49.12,46.42,98364,115495382.0,5.5,-4.81,-2.36,1.73,4.992836181134245,0.08560760649786481,49.414,48.641333333333336,48.8502508284581,5.051549118361784,5.009299384374106,5.019687427823571,50.082,49.639272727272726,49.69798019154147,5.068531653329572,5.048525024404681,5.061464208013303,50.5125,50.20319047619048,50.71363493643058,5.129343484712561,5.098181511744875,5.100113808599829,51.00833333333333,50.371698924731184,51.60529817248382,5.106527736454208,5.106343608824818,5.1296869069393045,55.95016666666666,53.39330601092896,52.22093929034365,5.25882310312284,5.161572927267106,5.18341677689906,8.062564619621993
2019-06-10,sz000901,47.12,46.94,47.33,46.37,55624,64731162.0,2.05,0.47,0.22,0.98,4.74526221637756,-0.24757396475668525,48.452,47.81666666666667,48.213500552305405,4.966607926837918,4.907203750379365,4.928212357341567,49.858999999999995,49.068000000000005,49.19652924762484,5.035750957730066,4.989748763140679,5.003972936806805,50.2745,49.86295238095238,50.354241132961,5.104616479596641,5.0616023433320185,5.066318418864375,50.68066666666667,50.109225806451626,51.304311193613906,5.092544966060203,5.0830361559166475,5.104885313999838,55.79066666666667,53.09789071038251,52.04779373984058,5.246773851428343,5.144734865406606,5.1690510536032725,7.811113403181354
2019-06-11,sz000901,46.81,48.82,48.86,46.77,98901,117630954.0,4.45,4.01,1.88,1.74,4.9952006828235325,0.24993846644597273,48.093999999999994,47.93933333333334,48.415667034870275,4.928305943657373,4.916734669041237,4.950541799168889,49.606,48.879090909090905,49.128069384420314,5.022510987108585,4.9823759858849455,5.002377981537118,50.187,49.72442857142857,50.208122929821855,5.103483752982636,5.051181791258388,5.0595453011461995,50.399666666666675,49.989182795698916,51.14403305209043,5.0965035549970645,5.076755879578798,5.097808886182013,55.5635,52.86934426229508,51.941964436894985,5.233728343607349,5.136486564796612,5.1633510414465595,8.07052161921026
2019-06-12,sz000901,48.78,48.56,49.52,48.12,94370,113906005.0,2.87,-0.53,-0.26,1.66,4.97483395504854,-0.020366727774992377,48.024,48.09466666666667,48.46377802324685,4.923072322004051,4.932244006171626,4.958639184462106,49.375,48.688909090909085,49.02478404179843,5.010936132016202,4.973707434601301,4.9973699767210125,50.097500000000004,49.569476190476195,50.051158841267394,5.089516180261958,5.038929429550381,5.0514775538988035,50.228,49.87049462365591,50.977321242278144,5.090455470298582,5.068906227969215,5.089875019657272,55.3605,52.63972131147541,51.831080356996786,5.219423251873505,5.127998224188127,5.157170153367936,8.056546620212716
2019-06-13,sz000901,48.56,48.91,49.17,48.38,70967,85526750.0,1.63,0.72,0.35,1.25,4.851056446612798,-0.12377750843574198,47.989999999999995,48.39,48.61251868216458,4.911837896399335,4.908238714374542,4.9227782718456705,49.157,48.604363636363644,49.003914216016895,4.991946354549232,4.9446384008915905,4.970767516701336,49.9885,49.456380952380954,49.94247704686097,5.078063845459946,5.01621897872665,5.032389829395375,50.062,49.7854623655914,50.843945678260205,5.086186828996001,5.053461129666908,5.074467369783436,55.159666666666666,52.428229508196715,51.73530723053787,5.20497075983337,5.1159206240156445,5.147133638392358,7.932101969236145
2019-06-14,sz000901,48.91,48.25,50.39,48.08,126584,154693472.0,4.72,-1.35,-0.66,2.23,5.102378815074349,0.2513223684615511,48.296,48.47666666666667,48.491679121443056,4.9337464231873565,4.971752353932879,4.982645119588564,48.855000000000004,48.439454545454545,48.86683890401382,4.99264777077457,4.964717030077976,4.9946968436782475,49.8115,49.29080952380952,49.781288756683736,5.0736029705176104,5.018534690118497,5.039055447079087,49.98033333333333,49.66855913978494,50.6765943441789,5.082089663800756,5.0545057739300265,5.076268108189302,54.97833333333333,52.201683060109296,51.62103486232351,5.1986743456954905,5.112556953695676,5.14566626713603,8.189471987040049
2019-06-17,sz000901,48.16,48.21,48.91,47.51,56737,67818170.0,2.9,-0.08,-0.04,1.0,4.75386636850794,-0.3485124465664091,48.55,48.448,48.39778608096204,4.935467253613432,4.911792335706407,4.906385535895023,48.501,48.32218181818182,48.74741364873857,4.951037590225676,4.92130222966586,4.950909484556373,49.8115,49.13828571428571,49.63164220842815,5.05259315311368,4.988083585165196,5.011894582453264,49.848,49.55434408602151,50.51745922519962,5.074454469862049,5.033330077459522,5.055467995951794,54.786833333333334,51.97977049180328,51.50919765372274,5.189020006412336,5.097973085591166,5.132820368820354,7.831346066633093
2019-06-18,sz000901,48.69,47.73,48.82,47.42,64895,77200158.0,2.9,-1.0,-0.48,1.14,4.812211236768618,0.05834486826067753,48.332,48.17466666666667,48.17519072064136,4.898869364402449,4.870706996758136,4.874994102852888,48.213,48.182,48.56242934896792,4.913587654029911,4.896061074491851,4.925691621322236,49.626,48.94004761904762,49.45053342667308,5.025366483846933,4.9651900693228095,4.992877120959489,49.839333333333336,49.41769892473119,50.337623146154485,5.0624553322811545,5.01641115919543,5.0397740114883645,54.564166666666665,51.74839890710383,51.38528953392855,5.177976855788335,5.085618699701209,5.122308593998985,7.887618189175865
2019-06-19,sz000901,49.08,48.51,49.3,48.51,85738,102846784.0,1.66,1.63,0.78,1.51,4.9331733485576965,0.1209621117890789,48.322,48.233999999999995,48.28679381376091,4.890537243104281,4.882141658143217,4.894387184754491,48.173,48.236,48.552896740064654,4.9068047825541665,4.899622109860539,4.927051935365046,49.457499999999996,48.83376190476191,49.36095881460898,5.009616185108488,4.956409770723834,4.987191047397413,49.80866666666667,49.331935483870964,50.21971197543485,5.059052123896429,5.0080703860519815,5.032896549363805,54.3755,51.54990163934426,51.29101774593089,5.170811437943468,5.077592355201844,5.116107438410746,8.012190715934576
2019-06-20,sz000901,48.43,49.69,49.96,48.12,130381,157750575.0,3.79,2.43,1.18,2.3,5.115214307681438,0.18204095912374108,48.477999999999994,48.68999999999999,48.754529209173946,4.943368815318008,4.9570340130022705,4.96799622573014,48.233999999999995,48.511818181818185,48.75964278732562,4.927603355858672,4.9375147507927695,4.961263275786208,49.3785,48.85590476190476,49.3922960703605,5.008494322583318,4.966466734778401,4.999383738853035,49.830333333333336,49.324279569892475,50.18553700927776,5.062275075907747,5.011693752747789,5.038207372481072,54.208666666666666,51.39627868852458,51.23852536081839,5.1675539146797655,5.07576949847194,5.116078155436015,8.197970950920114
2019-06-21,sz000901,50.83,51.7,51.92,50.17,204224,255272623.0,3.52,4.05,2.01,3.6,5.310106778177397,0.1948924704959598,49.168,49.764,49.73635280611597,4.984914407938618,5.079280000622067,5.082033076545892,48.732,49.141999999999996,49.29425318963005,4.959330415562986,5.007060827577993,5.02468936713006,49.407000000000004,49.077,49.61207739699284,5.013931034446279,4.995191730549267,5.028976409264879,49.919000000000004,49.44490322580645,50.28324429900178,5.0726724616627035,5.0276828948297005,5.055749269622771,54.064499999999995,51.31402732240438,51.25365567685713,5.166104054322482,5.0804433628489125,5.122439749624257,8.407004240900728
2019-06-24,sz000901,51.75,51.66,52.79,50.65,162719,205699106.0,4.14,-0.08,-0.04,2.87,5.211438266602413,-0.09866851157498413,49.858,50.59466666666666,50.377568537410646,5.0764287875575125,5.154787953509999,5.125168139898066,49.20399999999999,49.67436363636364,49.72438897333367,5.005948020585473,5.05289861867607,5.05864371248867,49.5315,49.29157142857142,49.807117644898284,5.0208494891577695,5.014001943135565,5.046353729011311,49.91766666666667,49.55722580645161,50.37206724745328,5.071726993259584,5.036635527406457,5.065793721040812,53.84683333333333,51.23519125683061,51.266978441550336,5.156890099802154,5.081929730464648,5.125357733787475,8.31323240418811
2019-06-25,sz000901,51.4,51.31,51.79,50.44,113362,141800611.0,2.61,-0.68,-0.35,2.0,5.054467499389207,-0.15697076721320613,50.574,51.07866666666667,50.68837902494043,5.124880040081631,5.147467524120564,5.101601259728446,49.452999999999996,50.05727272727273,50.012681887273,5.011874702242039,5.061720342094932,5.05788440101604,49.5295,49.46095238095238,49.95024929776511,5.0171928446753125,5.017203658395701,5.047126469047301,49.94233333333333,49.64705376344085,50.43257903794017,5.07294740273577,5.035522011672883,5.06506299706329,53.7195,51.15201639344263,51.26838898445032,5.14635651577314,5.078571612418322,5.123033463807204,8.151678102168322
2019-06-26,sz000901,50.87,51.31,51.57,50.39,94826,118377506.0,2.3,0.0,0.0,1.67,4.976927431308305,-0.07754006808090175,51.134,51.32399999999999,50.89558601662696,5.133630856631752,5.098149987862788,5.060043316921734,49.727999999999994,50.39490909090909,50.24855790776881,5.012084049868016,5.055366292834253,5.04316495197827,49.5515,49.63052380952381,50.07974936464463,5.011510090942108,5.013368857122653,5.040440846405492,49.974333333333334,49.735290322580646,50.48918684194404,5.063705470130645,5.029327174806594,5.05937683153071,53.61683333333334,51.07301639344262,51.26975328004211,5.140210582789664,5.0730165604686555,5.118243102085928,8.07326918593278
2019-06-27,sz000901,51.27,51.53,51.83,50.96,105228,132479666.0,1.7,0.43,0.22,1.86,5.022131316124724,0.04520388481641824,51.501999999999995,51.456,51.10705734441798,5.115014258320409,5.060983474360445,5.047405983322731,49.989999999999995,50.722545454545454,50.48154737908357,5.0291915368192095,5.05719306851729,5.039340654550353,49.5735,49.81895238095238,50.217868472773716,5.010568945684221,5.01438040237814,5.038697081616847,49.989000000000004,49.8356559139785,50.556336077947655,5.061773075913033,5.026644971322342,5.056973895052906,53.502500000000005,51.004595628415295,51.278285959384995,5.13365406222301,5.069145109102591,5.115091895988839,8.122149224524291
2019-06-28,sz000901,51.48,50.79,51.57,49.82,85501,105996935.0,3.4,-1.44,-0.74,1.51,4.931971194166093,-0.09016012195863077,51.32000000000001,51.218666666666664,51.00137156294532,5.039387141518149,4.999969119642341,5.008927720270519,50.244,50.868,50.53762967379565,5.012150774728383,5.039516642580361,5.0198189344804875,49.5495,49.93480952380951,50.27235718965241,5.002399272751477,5.006894902233556,5.028532711383441,49.955666666666666,49.88733333333332,50.571411169692965,5.053118905254535,5.018270656370927,5.048909204673111,53.321999999999996,50.91566120218579,51.26227658366745,5.124405615397751,5.062532556051545,5.109087938552028,8.025293307417298
2019-07-01,sz000901,51.62,51.92,52.1,51.4,125729,159183283.0,1.38,2.22,1.13,2.22,5.099435461356346,0.16746426719025287,51.372,51.41866666666667,51.30758104196355,5.016986580468935,5.019985226255073,5.039096967299129,50.614999999999995,51.17272727272727,50.78896973310553,5.0467076840132234,5.055386585603626,5.034294666639735,49.55800000000001,50.16057142857144,50.429275552542656,4.998872637119449,5.016136444005448,5.035285354238003,50.07933333333334,50.014064516129025,50.65841690068052,5.050631330080194,5.021258821280721,5.052168963168804,53.12683333333334,50.86969398907104,51.283841285842286,5.115938104424842,5.061713862476416,5.108771463889874,8.201897457358568
2019-07-02,sz000901,52.31,51.66,52.88,51.57,117682,150219944.0,2.52,-0.5,-0.26,2.08,5.070710040596283,-0.028725420760062903,51.44199999999999,51.51466666666667,51.425054027975705,5.02023508871035,5.037893046297522,5.049634658398181,51.007999999999996,51.36272727272728,50.94733887254088,5.072557564395991,5.05975065043691,5.040915643722743,49.6105,50.360761904761894,50.54648740468145,4.99307260921295,5.022978101479432,5.038659133891173,50.086666666666666,50.11604301075268,50.72303516515275,5.041096844029953,5.0225542219591786,5.053365161712513,52.9215,50.82160109289619,51.29617435843762,5.106334163433171,5.060230975137776,5.107523548372051,8.176727595745005
2019-07-03,sz000901,51.62,51.92,52.31,50.61,104806,132094413.0,3.29,0.5,0.26,1.85,5.020386146123869,-0.05032389447241403,51.564,51.674,51.59003601865047,5.028926831673463,5.037943398768694,5.039885154306743,51.349000000000004,51.52854545454545,51.124186350260715,5.0812788441526076,5.050264938023797,5.037183007795674,49.760999999999996,50.58071428571428,50.67729812804512,4.994041813353386,5.025579390709044,5.036918849341906,50.087999999999994,50.23432258064515,50.80025870288484,5.033503738123193,5.021218047900722,5.05123748328744,52.71183333333333,50.788765027322405,51.316627658160975,5.098541203527707,5.057413007357144,5.1046665843639145,8.12088444929823
2019-07-04,sz000901,51.88,53.84,55.33,51.57,306356,402438752.0,7.24,3.7,1.92,5.4,5.486226390433843,0.46584024430997406,52.025999999999996,52.43266666666667,52.34002401243365,5.121745846535286,5.190376585022155,5.18866556634911,51.763999999999996,51.981454545454554,51.61797065021331,5.118380052427848,5.123891764620385,5.118827259184432,49.999,50.96919047619047,50.97850783013607,5.0229917041432595,5.072454112335754,5.079710043731614,50.17366666666667,50.4763870967742,50.99637104463421,5.045122899198161,5.050425960953022,5.0793012837484985,52.524,50.82575409836065,51.39936117756553,5.098551109973168,5.070123997091771,5.117176741939978,8.60469979354251
2019-07-05,sz000901,53.49,53.14,53.97,52.71,134487,174890865.0,2.34,-1.3,-0.7,2.37,5.128680305891371,-0.35754608454247183,52.496,52.803999999999995,52.60668267495577,5.161087668880342,5.1926880714741825,5.168670479529864,51.908,52.23163636363637,51.894703259265434,5.100237405199246,5.125764537977389,5.120618722222057,50.32,51.268333333333324,51.18436422726597,5.029783910381116,5.082519693454622,5.08437387822302,50.24066666666667,50.66776344086022,51.13466968691588,5.042699824697268,5.0558167613848415,5.082487027112555,52.347,50.84595081967212,51.456431302891254,5.092871698853407,5.071111839580892,5.117553907971171,8.242767125752541
2019-07-08,sz000901,53.01,50.3,53.01,50.0,138821,173260285.0,5.66,-5.34,-2.84,2.45,5.142455168527064,0.013774862635693275,52.172000000000004,52.071999999999996,51.83778844997052,5.169691610314485,5.18647723802309,5.159932042528931,51.772000000000006,51.93927272727272,51.60475721212626,5.093339095391711,5.133440494946083,5.1245889851866036,50.48800000000001,51.26642857142858,51.10013906276445,5.049643557988591,5.093250289468522,5.089905429680548,50.27833333333333,50.67159139784946,51.0808200296955,5.045012691235749,5.062252590019021,5.086355939461878,52.14083333333334,50.77883606557377,51.41851552246859,5.0906986332424555,5.072737527111175,5.1183703427434954,8.238699024444987
2019-07-09,sz000901,50.39,50.0,50.79,49.47,65511,80398949.0,2.62,-0.6,-0.3,1.16,4.816314228819319,-0.32614093970774505,51.839999999999996,51.348,51.22519229998035,5.118812447959093,5.068684777524701,5.045392771292394,51.641,51.61709090909091,51.312983173557846,5.069523768334721,5.083072337387466,5.0685390294834605,50.547000000000004,51.219952380952385,50.99536391392974,5.040699235288381,5.071028448595257,5.063849124836621,50.233333333333334,50.653634408602144,51.01108970519902,5.034636485895115,5.047497850508284,5.068933893613972,51.948,50.708644808743166,51.37200681681388,5.084357793502009,5.0637413171300905,5.108466863598441,7.905250371553379
2019-07-10,sz000901,50.13,50.48,51.62,49.39,113693,141346997.0,4.46,0.96,0.48,2.01,5.055733726297597,0.23941949747827795,51.552,50.894666666666666,50.97679486665356,5.125881963993839,5.04765853697087,5.048839756294129,51.55800000000001,51.406,51.16153168745642,5.077404397833651,5.080565057017081,5.066210792540576,50.642999999999994,51.21357142857143,50.94628163641262,5.0447442238508335,5.07246030488185,5.063076229737667,50.22033333333333,50.66954838709678,50.9768258532507,5.033474859905955,5.048858962792316,5.068082269916141,51.778333333333336,50.66051366120218,51.34276069167244,5.080618087931075,5.062802823123387,5.106737908277101,8.150286586082114
2019-07-11,sz000901,50.48,50.48,51.13,49.61,72288,89286714.0,3.01,0.0,0.0,1.27,4.859066209240269,-0.1966675170573282,50.88,50.53733333333333,50.81119657776904,5.000449927755125,4.958719952053013,4.985581907276176,51.452999999999996,51.21,51.03761683519161,5.061097887145205,5.040867204545557,5.028548141031429,50.7215,51.19804761904763,50.90187386151618,5.045144711982207,5.054776684442747,5.04364670397601,50.2,50.68630107526881,50.94477257239582,5.027411926171215,5.037606791781626,5.054597362775763,51.61450000000001,50.61794535519126,51.3144734558799,5.074979481903762,5.055538827100737,5.0986175247021235,7.95078684001105
2019-07-12,sz000901,50.44,50.26,51.13,49.82,54348,67373956.0,2.6,-0.44,-0.22,0.96,4.735183566730582,-0.12388264250968728,50.303999999999995,50.33066666666666,50.62746438517936,4.921750579922966,4.870297831711499,4.902115793760978,51.4,50.99309090909091,50.89623195606586,5.041419124401655,4.981610055379261,4.9752091275221835,50.821999999999996,51.15409523809524,50.84074301756226,5.026784949565019,5.025256575371165,5.014269262333588,50.166333333333334,50.69017204301075,50.90059369675738,5.0154058899682035,5.018753349237069,5.03399002109543,51.4645,50.573535519125684,51.279900555687114,5.067059763300903,5.0443979774229275,5.086701657227646,7.8284920485925396
2019-07-15,sz000901,50.39,51.66,51.7,49.39,95297,119350799.0,4.6,2.79,1.4,1.68,4.979079229033361,0.24389566230277904,50.576,50.78266666666666,50.97164292345291,4.889075392024226,4.889407381414964,4.927770272185106,51.374,51.04036363636363,51.03509887314479,5.029383501169355,4.970275528948663,4.975912782342397,50.9945,51.23390476190476,50.91876749208014,5.03804559259129,5.020713173415769,5.01091783059071,50.163333333333334,50.786537634408596,50.9495876518053,5.009042925136085,5.016409693692886,5.03044738934949,51.32483333333333,50.579945355191256,51.29236283254983,5.06202874825607,5.041513369742026,5.083173053024555,8.076825330759025
2019-07-16,sz000901,51.79,51.79,52.53,51.4,85773,109008323.0,2.19,0.25,0.13,1.51,4.933350600245083,-0.04572862878827788,50.934,51.18733333333333,51.24442861563527,4.912482666309378,4.90416578415525,4.929630381538432,51.387,51.116,51.172353623482095,5.015647557134235,4.952815001507886,4.968174203779249,51.197500000000005,51.30966666666666,51.00174201664394,5.044102560765113,5.010742221763749,5.003530475319699,50.202666666666666,50.89148387096773,51.00380780330174,5.000597591853379,5.011526317893467,5.024183080375013,51.18500000000001,50.595196721311474,51.30867880525311,5.05771618360117,5.037294414069533,5.078260841458015,8.037459658445002
2019-07-17,sz000901,51.62,51.44,52.23,51.27,67462,85455223.0,1.85,-0.68,-0.35,1.19,4.829059212276967,-0.10429138796811621,51.126,51.355999999999995,51.30961907709019,4.867147763505253,4.876357966144445,4.896106658451277,51.339,51.12563636363636,51.221016601030804,4.996514863749545,4.918889847897472,4.942880568960652,51.34400000000001,51.3327619047619,51.04348087220166,5.038896853951076,4.990261902860117,4.986914164553724,50.287000000000006,50.97131182795699,51.031949235346794,4.99486616348544,5.00045932566273,5.011594443723527,51.03283333333333,50.60355737704918,51.31298441819563,5.052260138247787,5.029797464190051,5.070090296238964,7.931738611828646
2019-07-18,sz000901,50.96,49.91,50.96,49.87,74982,92679180.0,2.12,-2.97,-1.53,1.32,4.87495702020636,0.045897807929393686,51.01199999999999,50.95066666666666,50.84307938472679,4.870325925698471,4.878961051711482,4.889056779036305,50.946,50.86581818181818,50.982649946297926,4.935387926726797,4.896788421798712,4.930530832823507,51.355,51.19619047619048,50.93553031294436,5.026883989577323,4.97464858536062,4.976251579377784,50.31466666666666,50.94698924731182,50.959565413711516,4.993790445004439,4.99272325190279,5.002779126077258,50.863166666666665,50.566743169398904,51.26698492907447,5.05020800711895,5.023984247205087,5.063692483910026,7.966982182616313
2019-07-19,sz000901,49.82,50.0,50.61,49.82,54508,67155538.0,1.58,0.18,0.09,0.96,4.736460247246947,-0.13849677295941376,50.959999999999994,50.61333333333334,50.5620529231512,4.8705812618017434,4.8343391588943065,4.838191268439852,50.632,50.69381818181818,50.8039863196983,4.896165920862354,4.860619752802376,4.8952452718095865,51.269999999999996,51.06714285714285,50.84643218790204,4.9982016630308,4.946989181329154,4.953414309651038,50.42399999999999,50.926688172043,50.897657967665616,4.985244580541529,4.976121303660371,4.985597262926916,50.71616666666667,50.53844262295082,51.225444439596615,5.045886158497868,5.013697435406005,5.052963558117795,7.827081832696
2019-07-22,sz000901,50.3,47.81,50.3,47.55,86465,102898301.0,5.5,-4.38,-2.19,1.52,4.936840345812756,0.20038009856580974,50.19,49.56333333333334,49.64470194876747,4.862133485157623,4.85642552023131,4.87107429423082,50.382999999999996,50.180727272727275,50.25962517066225,4.8756044385909245,4.868015102793358,4.902808012537435,51.0775,50.73761904761905,50.55724817000661,4.984471766991318,4.941145246356008,4.951835836904535,50.453,50.758043010752694,50.69845422781623,4.991630518189369,4.972998449806901,4.982451655371164,50.566833333333335,50.44315846994535,51.1134626546918,5.042087742124786,5.010122162858952,5.049156239681564,8.01240820399065
2019-07-23,sz000901,47.99,48.82,48.91,47.95,56740,67577176.0,2.01,2.11,1.01,1.0,4.753889331459834,-0.1829510143529225,49.596000000000004,49.10666666666667,49.36980129917832,4.826241231400573,4.820344135665382,4.832012639973825,50.265,49.89654545454545,49.99787513963274,4.8693619488549755,4.845885083314978,4.875731888705144,50.953,50.52261904761904,50.39179596333931,4.9694428585948485,4.919185014400629,4.932983788766944,50.452999999999996,50.652688172043014,50.57726363247325,4.983586806477246,4.957660308727576,4.967705698989787,50.42633333333334,50.38588524590163,51.03826715781666,5.040045180737155,5.000673034640428,5.039475357444786,7.829800038974203
2019-07-24,sz000901,48.86,49.39,49.87,48.86,65600,79658541.0,2.07,1.17,0.57,1.16,4.8169038393756605,0.06301450791582663,49.186,49.038,49.376534199452216,4.823810156820311,4.817231671657078,4.826976373107771,50.15599999999999,49.73745454545455,49.88735238697224,4.845478960162782,4.83634724522783,4.865035879736147,50.857,50.373761904761906,50.29638682397366,4.9614416789982165,4.904657488760706,4.921928555491584,50.480666666666664,50.58410752688172,50.5006659787653,4.978322469288149,4.946906568914571,4.957976546756618,50.35433333333334,50.351907103825134,50.98422561165874,5.034388969793366,4.9933569250875935,5.032177930622847,7.901232347749285
2019-07-25,sz000901,49.39,49.61,49.78,49.17,52601,63879315.0,1.24,0.45,0.22,0.93,4.720994000624342,-0.09590983875131887,49.126,49.17933333333334,49.454356132968144,4.793017552903907,4.782959619591754,4.791648915613295,50.069,49.63818181818181,49.83692468025001,4.831671739301189,4.8137136162208405,4.838846447170364,50.761,50.255,50.231016650261886,4.946384813223197,4.881757709867957,4.9027919312185135,50.504000000000005,50.52793548387096,50.44320365755464,4.973987054421867,4.930304732226583,4.942687350231955,50.283,50.32750273224044,50.9391690342273,5.030086941708934,4.983081680196805,5.021975178819617,7.8053602504013995
2019-07-26,sz000901,49.26,50.0,50.44,49.13,74707,91542336.0,2.64,0.79,0.39,1.32,4.873361296848102,0.1523672962237601,49.126,49.470666666666666,49.63623742197876,4.820397762824139,4.809740867573153,4.8188863760248974,50.04299999999999,49.62563636363636,49.86657473838637,4.845489512312941,4.821293535774825,4.845121874384498,50.721500000000006,50.182523809523815,50.20901506452265,4.943454318357298,4.874803089260803,4.899989013659427,50.562333333333335,50.49541935483871,50.414609873196284,4.96635313714766,4.923812747866985,4.938214701626546,50.27133333333334,50.31822404371585,50.908376606875585,5.024221400474207,4.977943134463662,5.017102592525468,7.961621990666825
2019-07-29,sz000901,50.04,50.22,50.52,49.74,58752,72225400.0,1.56,0.44,0.22,1.04,4.76902265518513,-0.10433864166297191,49.608000000000004,49.83533333333333,49.830824947985846,4.786834224698613,4.792615831693483,4.8022651357449755,49.899,49.65781818181818,49.93083387686157,4.824483854928118,4.807390470842495,4.831285652711885,50.6365,50.1347619047619,50.21006124885383,4.926933678048737,4.858190549911074,4.887516027138066,50.629333333333335,50.47333333333333,50.402054397506205,4.966858346703566,4.911081749030693,4.9272990857271,50.23866666666667,50.31654098360655,50.88580688205999,5.020656408282807,4.969575962486972,5.008968824088081,7.85868995574035
2019-07-30,sz000901,50.26,49.91,50.48,49.3,60776,74702655.0,2.35,-0.62,-0.31,1.07,4.783732113396229,0.014709458211099147,49.826,49.936,49.85721663199057,4.792802781085893,4.7915817945926875,4.796087461628726,49.711,49.65981818181818,49.92704589925037,4.809522006243233,4.799981063291242,4.822639554654493,50.549,50.06557142857143,50.18148398705823,4.912584781688734,4.844552305658454,4.877631844876938,50.702,50.426924731182794,50.37030895250581,4.965909042591153,4.899267153333446,4.918036700415431,50.27066666666666,50.30576502732241,50.853813213795725,5.014182187436153,4.9618079528185595,5.0015840139014625,7.8733360373088255
2019-07-31,sz000901,49.74,49.78,50.0,49.17,56321,68500691.0,1.66,-0.26,-0.13,0.99,4.750670357260234,-0.03306175613599471,49.903999999999996,49.92066666666666,49.83147775466038,4.779556084662807,4.777537653317468,4.780948426839229,49.545,49.672363636363634,49.90031028120485,4.80168312074156,4.789280763476151,4.809554246037354,50.442,49.99233333333334,50.1432474168622,4.899098992245553,4.829131884284311,4.865540274627729,50.74433333333333,50.367440860215055,50.33222450395705,4.959825609547904,4.885380786537904,4.907238871824774,50.276500000000006,50.28967759562842,50.818606223179465,5.009438866722166,4.953168220681644,4.993357336634537,7.83569495245554
2019-08-01,sz000901,49.52,48.56,49.74,48.34,72520,87051108.0,2.81,-2.45,-1.22,1.28,4.860457795423471,0.1097874381632371,49.693999999999996,49.47266666666666,49.40765183644026,4.807448843622633,4.8045048902376895,4.807451549700644,49.410000000000004,49.49327272727272,49.65661750280397,4.80023319826327,4.799967067963773,4.8188094368348295,50.178,49.81309523809524,49.992461948589614,4.867810562495034,4.825451770301256,4.8650562289892285,50.70666666666667,50.22651612903225,50.21788743918563,4.951333725805972,4.878969959820197,4.9042207378634,50.2685,50.233398907103826,50.744553560124395,5.00680440085686,4.948283595393163,4.988999974627617,7.939774303256033
2019-08-02,sz000901,47.33,47.12,47.86,46.59,85587,99388081.0,2.62,-2.97,-1.44,1.51,4.932407803730637,0.0719500083071658,49.117999999999995,48.61466666666667,48.645101224293505,4.81925814499914,4.8461578769403575,4.849103634377308,49.122,49.07690909090908,49.195414320475976,4.8198279539116395,4.823998814412385,4.8394636853613395,49.876999999999995,49.52185714285714,49.71889414396203,4.857996937386997,4.83160388851417,4.871470664678887,50.553999999999995,49.995118279569894,50.01802373343172,4.93874375999108,4.87774893258953,4.906039258241932,50.2365,50.13016939890709,50.62571573848096,5.005708110826891,4.945844362700499,4.9871444936146005,7.99733430525947
2019-08-05,sz000901,45.98,46.72,47.77,45.94,81339,94291763.0,3.88,-0.85,-0.4,1.43,4.9102988287871385,-0.022108974943498616,48.418,47.815333333333335,48.00340081619567,4.847513379719542,4.876504771536357,4.869502032513918,49.013,48.64018181818181,48.74533898948034,4.817173802209078,4.840448064389748,4.852342802347848,49.69799999999999,49.22119047619048,49.43328517787041,4.8463891204000005,4.836585021028469,4.875168585070149,50.38933333333333,49.74776344086021,49.80524800869419,4.9287057787305715,4.875913775737663,4.906314069244849,50.1535,50.01487431693989,50.49765948476028,5.000216385995078,4.942716189518868,4.984624963620257,7.974473755941014
2019-08-06,sz000901,45.72,44.76,46.02,43.45,91429,101216985.0,5.5,-4.2,-1.96,1.61,4.961083969720243,0.0507851409331046,47.388,46.596,46.922267210797116,4.882983750984345,4.914361634869923,4.900029344916027,48.607,47.86690909090909,48.02073190048391,4.837893266035119,4.866613549391778,4.872113923688284,49.43599999999999,48.75090476190476,48.98821039902561,4.853627607445047,4.84750834001135,4.883351002655873,50.171,49.38458064516129,49.479748137165544,4.925592994408272,4.878002691285384,4.909847611211004,50.056666666666665,49.83803825136612,50.309539501653376,4.999270198572021,4.941433159477071,4.983853127754682,8.005253396622596
2019-08-07,sz000901,44.89,44.15,45.33,44.1,47765,52800852.0,2.75,-1.36,-0.61,0.84,4.679109782081773,-0.28197418763847004,46.26199999999999,45.516666666666666,45.99817814053141,4.868671635948653,4.846403645235734,4.8263894906379425,48.083,47.05654545454546,47.31696246403229,4.824113860305729,4.8377438250366245,4.837022261578008,49.1195,48.2474761904762,48.52742845626126,4.834796410234256,4.830887594738657,4.863899457839292,49.93233333333333,48.996129032258075,49.13589341863874,4.915665739434053,4.862100548554641,4.8949612996542795,49.95333333333333,49.644377049180314,50.10758738684507,4.98968560478235,4.930936096641324,4.973861542650653,7.7226409304109565
2019-08-08,sz000901,44.5,44.71,45.5,44.36,50723,56311742.0,2.58,1.27,0.56,0.89,4.70520493187911,0.02609514979733696,45.492000000000004,44.99933333333333,45.56878542702094,4.837621063239781,4.791914743879219,4.785994637718332,47.593,46.44327272727272,46.84296928875369,4.822534953431207,4.816124019868148,4.813055474360026,48.831,47.82752380952381,48.16386384137924,4.827103346366198,4.8185455491810245,4.848785693462132,49.705000000000005,48.659204301075256,48.85035190775882,4.9051015266258675,4.8485224319381945,4.882718953346204,49.847,49.47246448087432,49.93061730858785,4.983437301269451,4.921608861464169,4.965053129182733,7.7505989624197795
2019-08-09,sz000901,45.28,43.75,45.28,43.62,47843,52459125.0,3.71,-2.15,-0.96,0.84,4.679818404312213,-0.025386527566896966,44.818,44.41866666666667,44.96252361801396,4.787103183356096,4.739313857570029,4.750602559916293,46.968,45.74454545454545,46.280611236253016,4.803180664177618,4.790175556391968,4.788830552533151,48.5055,47.34361904761905,47.74349585648598,4.824335088245279,4.804518411842549,4.832693570685949,49.470333333333336,48.275010752688175,48.52129694596793,4.896696433630738,4.833988036950217,4.869628595344012,49.713,49.27256284153006,49.72797411814234,4.9749076694426355,4.911654143531145,4.955701170990256,7.7198210424335025
2019-08-12,sz000901,43.93,44.5,44.5,43.27,41395,44932354.0,2.81,1.71,0.75,0.73,4.616947886928927,-0.06287051738328575,44.374,44.31266666666667,44.808349078675974,4.728432994984454,4.68259542542764,4.706051002253838,46.396,45.295818181818184,45.95686373875247,4.787973187351997,4.756315051437659,4.757579158786928,48.1475,46.96214285714285,47.4345914892016,4.806228521140058,4.78476724981242,4.812146362709091,49.223,47.95434408602151,48.261858433324846,4.880613514483157,4.815939743614615,4.853326614155943,49.65116666666667,49.10164480874317,49.556565130662264,4.965622422281675,4.89991775721922,4.944594505939065,7.652559171818711
2019-08-13,sz000901,44.01,44.58,44.71,43.84,43336,47512417.0,1.96,0.18,0.08,0.76,4.636848822579147,0.01990093565021933,44.338,44.38133333333334,44.73223271911732,4.663585965556234,4.652067367959205,4.682983609028941,45.863,44.96563636363636,45.7065248771611,4.77328485827029,4.728837894206232,4.735628188567331,47.787,46.62238095238096,47.16272563308716,4.791403432256761,4.768635849949477,4.795451358887191,48.987,47.65479569892474,48.02431917956196,4.866151473882585,4.800212989298228,4.839360305021956,49.536833333333334,48.93537704918033,49.393399060804484,4.95362415895627,4.889138294933892,4.934504483533822,7.676807123937685
2019-08-14,sz000901,44.98,44.58,45.28,44.5,48176,53406511.0,1.75,0.0,0.0,0.85,4.6828307381686844,0.04598191558953779,44.424,44.462,44.68148847941155,4.664330156773616,4.658482292163355,4.682932652075523,45.342999999999996,44.73236363636363,45.50170217222272,4.766500896361135,4.712391690551396,4.726028652131213,47.444,46.31695238095238,46.91675176326934,4.7840920085513465,4.7582955933696605,4.784725585485429,48.742333333333335,47.37047311827957,47.80210503894506,4.854899626950746,4.788385845058621,4.829261623289487,49.415166666666664,48.77285792349727,49.235582698155156,4.944201682536971,4.880259822121183,4.9262528853251295,7.72759420682251
2019-08-15,sz000901,43.53,45.02,45.02,43.32,46599,50899432.0,3.81,0.99,0.44,0.82,4.668376596965928,-0.014454141202756787,44.486000000000004,44.66066666666667,44.79432565294104,4.65696448979098,4.659831105560793,4.678080633705658,44.989,44.67363636363637,45.414119959091316,4.747292776515381,4.694550908843175,4.7155464602829795,47.19949999999999,46.08609523809524,46.736108738196066,4.773762987389325,4.7472750779805715,4.7736447294359525,48.44833333333333,47.130322580645164,47.622614391271185,4.827637967168483,4.776352101188633,4.818881944171839,49.311,48.62875409836065,49.09736687198613,4.936380433183321,4.871216376692626,4.917797925051057,7.706712935958722
2019-08-16,sz000901,44.89,45.19,45.81,44.8,62838,70312698.0,2.24,0.38,0.17,1.11,4.798222353917485,0.12984575695155698,44.774,44.89533333333334,44.926217101960695,4.680645279712034,4.706917060269627,4.718127873776267,44.796,44.710181818181816,45.37337087562017,4.733874231534065,4.7038108320071945,4.730578440943798,46.958999999999996,45.89471428571429,46.588860286939294,4.776851092722852,4.749604541459444,4.775985455577051,48.18333333333333,46.92010752688172,47.46567152731821,4.816622702102687,4.774454319688569,4.817549067381235,49.211999999999996,48.493639344262284,48.96925648274069,4.929661263399977,4.866686603601942,4.913877414522088,7.847033762762996
2019-08-19,sz000901,45.63,46.68,46.85,45.46,70695,80674637.0,3.08,3.3,1.49,1.25,4.849388698815317,0.05116634489783234,45.21,45.53066666666667,45.51081140130714,4.727133442089313,4.763164866637388,4.761881482122617,44.792,45.052727272727275,45.61093980732559,4.727783218536882,4.7248134624219675,4.752180306011347,46.902499999999996,45.86814285714286,46.59754025961175,4.772478510372981,4.756512884896822,4.782976240647362,48.06266666666667,46.82311827956989,47.41498304168478,4.806853819778962,4.776568254960352,4.819603237151177,49.17049999999999,48.41062295081967,48.89419889314263,4.925933255507356,4.864054716238511,4.911763030400555,7.90673701994825
2019-08-20,sz000901,46.77,47.03,47.81,46.55,87392,101275257.0,2.7,0.75,0.35,1.54,4.9414716784596395,0.09208297964432255,45.7,46.13733333333333,46.01720760087143,4.788058013265411,4.834610945427498,4.821744880901624,45.019,45.45963636363637,45.86895075144821,4.725821989410822,4.763665909680651,4.786596919183763,46.813,45.88028571428572,46.63872690155349,4.781857627722971,4.772607472333647,4.798071044248531,47.96366666666667,46.756494623655925,47.39014542609221,4.8110257347669725,4.785253278101041,4.827465717235595,49.098499999999994,48.34044262295082,48.83307761795762,4.922831110331043,4.864564172728749,4.912737084435279,8.00550335393946
2019-08-21,sz000901,46.64,46.81,47.25,46.5,51987,60019416.0,1.59,-0.47,-0.22,0.92,4.715894756440359,-0.2255769220192807,46.146,46.507333333333335,46.28147173391429,4.794670816919746,4.810556526485813,4.786461506081203,45.285,45.78527272727273,46.040050614821254,4.729500486846681,4.761860958231477,4.773741980503144,46.684,45.88,46.65503862521506,4.776807173576206,4.766325294116256,4.790244731123943,47.84133333333333,46.68206451612903,47.35271668892498,4.799697769105064,4.779115795628356,4.820267590732676,49.030833333333334,48.26540983606558,48.766747204254095,4.91658631450551,4.857779374240529,4.9062832376157735,7.7782917653438925
2019-08-22,sz000901,46.98,47.55,48.3,46.59,111275,130441991.0,3.65,1.58,0.74,1.96,5.04639760295456,0.33050284651420103,46.652,46.97533333333333,46.70431448927619,4.870275018117472,4.8944654551640845,4.873106871705655,45.569,46.19709090909091,46.31458686667193,4.7636197539542255,4.819478615705635,4.823315730039765,46.580999999999996,45.96247619047619,46.74027304186124,4.793077353692716,4.79200057310467,4.814640242726859,47.74366666666666,46.663268817204305,47.36544464447821,4.80594214889554,4.795031913941225,4.83485662377925,48.97183333333333,48.216857923497265,48.72685385329495,4.916677037533378,4.862035482058531,4.910877151233438,8.115417419033907
2019-08-23,sz000901,47.33,47.03,47.81,46.72,61545,71413135.0,2.29,-1.09,-0.52,1.09,4.789192776022594,-0.2572048269319662,47.019999999999996,47.10133333333333,46.81287632618413,4.868469102538493,4.867438041132459,4.845135506477968,45.897000000000006,46.46272727272728,46.44466198182249,4.774557191125264,4.8241282560817025,4.8171115565820966,46.4325,46.0052380952381,46.76786608549351,4.788868927651441,4.7916306133265625,4.81221667446931,47.635999999999996,46.617225806451614,47.34380305451187,4.807742455871941,4.793951309239746,4.831910569085272,48.90116666666666,48.1531912568306,48.6712193007279,4.911574172920071,4.857855670205719,4.906887499587181,7.853778098798274
2019-08-26,sz000901,46.02,46.68,47.12,45.85,55747,63899493.0,2.7,-0.74,-0.35,0.98,4.746221500984734,-0.04297127503785969,47.02,46.98799999999999,46.768584217456095,4.847835662972377,4.826688840614539,4.812164171313556,46.114999999999995,46.60509090909091,46.48745071240022,4.787484552530845,4.818976312419789,4.804222455564394,46.2555,46.02880952380952,46.75949788687508,4.787728869941421,4.787568953644019,4.805931419851731,47.47,46.55554838709678,47.30097705099499,4.799980531603653,4.789982215376055,4.826382242111044,48.81666666666667,48.080366120218585,48.605933422015504,4.904511728369869,4.852434271125871,4.901619761928084,7.805497412334052
2019-08-27,sz000901,46.85,47.81,48.25,46.85,80550,94436080.0,3.0,2.42,1.13,1.42,4.906065544755237,0.15984404377050332,47.176,47.251333333333335,47.1157228116374,4.840754436231497,4.846098801208825,4.84346462912745,46.438,46.91327272727272,46.72791421923654,4.8144062247484545,4.8405364928242225,4.82273938087182,46.1505,46.17685714285714,46.85954570717269,4.793845541509372,4.798839113150097,4.815468003175875,47.337333333333326,46.57748387096774,47.33381724125338,4.799071029753992,4.796826409772931,4.831523100346153,48.77,48.04736065573771,48.5798372442445,4.899834310803685,4.852485215925392,4.901765525299466,7.975137951408572
2019-08-28,sz000901,47.81,48.34,49.52,47.73,126976,151675375.0,3.74,1.11,0.53,2.24,5.103721641802047,0.19765609704680998,47.482,47.63933333333333,47.52381520775827,4.918319813303834,4.933754536399009,4.930216966685649,46.814,47.25909090909091,47.021020724829896,4.85649531511179,4.893139295924876,4.873827064677315,46.0785,46.38538095238094,47.00054135410863,4.8114981057364625,4.828351122701781,4.842920730664082,47.234,46.64217204301076,47.39873225794671,4.808226444071494,4.81648128796958,4.8490842965691145,48.76049999999999,48.03326229508196,48.571973728039765,4.901546303778466,4.859170046449929,4.908387037315944,8.1809150773608
2019-08-29,sz000901,48.38,48.47,49.52,48.16,82651,98791529.0,2.81,0.27,0.13,1.46,4.917248112497359,-0.1864735293046884,47.666000000000004,47.968666666666664,47.839210138505514,4.892489915212394,4.93339730279685,4.925894015289552,47.159,47.56018181818182,47.28447150213355,4.881382466664933,4.904185259085889,4.881721800644596,46.074,46.61314285714286,47.14048979657447,4.814337621590157,4.8384225519171045,4.8499995289339175,47.18600000000001,46.72191397849462,47.46784630582112,4.80963614714786,4.823514943997055,4.853481962112872,48.75033333333333,48.02373770491803,48.568630327120424,4.90171329607615,4.859684859850548,4.908677564371073,7.994719707074694
2019-08-30,sz000901,48.25,51.48,51.7,48.25,313128,384223008.0,7.12,6.21,3.01,5.52,5.495721904096604,0.5784737915992455,48.556,49.24,49.05280675900367,5.0337957408271965,5.13447463242492,5.115836644891903,47.788,48.34581818181819,48.04729486538199,4.951132421682845,5.015883338618919,4.9933581830904155,46.292,47.12799999999999,47.553776482615,4.842503326608455,4.903316293108195,4.91149689799703,47.23533333333333,46.99894623655914,47.72669493125202,4.834944869042849,4.867778541219555,4.894916797079564,48.82966666666667,48.11323497267759,48.66408507049353,4.91009472479219,4.879160551916792,4.92792491977191,8.584583367678867
2019-09-02,sz000901,51.05,54.02,54.59,50.74,397436,514312048.0,7.48,4.93,2.54,7.01,5.599267203219773,0.10354529912316845,50.024,51.06133333333333,50.70853783933579,5.204404881274204,5.322965119889114,5.276980164334526,48.522,49.47890909090909,49.133241253494354,5.026120272123291,5.133726026171089,5.103523459477571,46.657,47.864000000000004,48.16960729379453,4.8769517453300875,4.975389043261653,4.976998831827768,47.44233333333333,47.43666666666666,48.13271461310673,4.85702576428975,4.91708965955355,4.94035875876603,48.94766666666667,48.28340983606557,48.839688838674064,4.92432814123956,4.901756370881632,4.949936142180037,8.711226697991384
2019-09-03,sz000901,53.62,53.27,54.02,52.53,243306,315583360.0,2.76,-1.39,-0.75,4.29,5.386152818896957,-0.21311438432281538,51.116,52.14333333333334,51.5623585595572,5.300422336102548,5.383547765763364,5.31337104918867,49.146,50.342181818181814,49.88537920740447,5.070588386167023,5.199186489220847,5.154910615735641,47.082499999999996,48.49380952380952,48.655358980099805,4.898205187788922,5.023884383601355,5.01596587821531,47.59066666666667,47.81264516129032,48.46415238000307,4.8781012138709885,4.951226888883046,4.9691196658712515,49.02183333333333,48.42512568306011,48.98494494232409,4.930844010174116,4.916898163591711,4.964238328301903,8.499114095770912
2019-09-04,sz000901,52.84,53.1,53.19,51.96,169987,218315416.0,2.31,-0.32,-0.17,3.0,5.230415709353887,-0.15573710954306996,52.068,52.80466666666667,52.07490570637147,5.325761149612917,5.36021222351381,5.285719269243743,49.775,51.0610909090909,50.46985571514911,5.1220404814583755,5.228246002527548,5.1686388145753215,47.53,49.06690476190476,49.078658124852204,4.925770484152528,5.055523480893257,5.036389671657079,47.714333333333336,48.16808602150538,48.76323932322869,4.891884942870262,4.973956856333556,4.985977475128196,49.0975,48.55883606557378,49.11986478028068,4.9351037060792065,4.926720186515637,4.972965455549509,8.339084403814251
2019-09-05,sz000901,53.27,52.66,54.15,52.66,209343,273063760.0,2.81,-0.83,-0.44,3.69,5.320858443554455,0.09044273420056737,52.90599999999999,53.001999999999995,52.26993713758098,5.406483215824335,5.35857798816099,5.297432327347314,50.286,51.58563636363636,50.86806376694018,5.149486565518364,5.264394722908654,5.196315110753345,47.927499999999995,49.5554761904762,49.41973830343771,4.956553159736296,5.093150905598202,5.063481935647306,47.816,48.48716129032259,49.0146432378591,4.911880424301265,5.001632566055117,5.007582698897632,49.16,48.675639344262294,49.235934787484595,4.942933739361567,4.939367882826301,4.984371783025081,8.436264066026304
2019-09-06,sz000901,52.71,53.27,53.49,52.36,146198,188958551.0,2.15,1.16,0.61,2.58,5.164941431480221,-0.1559170120742337,53.263999999999996,53.123333333333335,52.603291425053996,5.340327121301058,5.278064060046285,5.253268695391617,50.910000000000004,52.12818181818182,51.30477944567833,5.187061431064128,5.267204698538082,5.190610805430959,48.4035,50.0642857142857,49.7864298935865,4.980809311094696,5.112997407669051,5.07314474477425,47.925,48.83903225806451,49.28918238380368,4.921599762122336,5.017959082647309,5.017734875193284,49.24366666666667,48.81039344262295,49.36819922068182,4.943976449634999,4.946646823551502,4.990292099367872,8.276366549960818
2019-09-09,sz000901,53.54,54.24,54.32,52.93,180797,236706656.0,2.61,1.82,0.97,3.19,5.25719121986581,0.09224978838558862,53.30800000000001,53.44866666666667,53.148860950036,5.271911924630266,5.250352092901202,5.254576203549681,51.66600000000001,52.733636363636364,51.83845591010045,5.2381584029522354,5.279955569229298,5.202716335328204,48.8905,50.62014285714285,50.21057942753065,5.01282147774154,5.1393194942186815,5.090672980497256,48.059,49.24645161290323,49.60858997194538,4.937872047611692,5.0396101444372094,5.03318367162377,49.344166666666666,48.974207650273215,49.52793039377421,4.952365197157629,4.956916160280382,4.999042890203871,8.374210470110873
2019-09-10,sz000901,53.97,53.23,55.28,52.66,212946,279597056.0,4.83,-1.86,-1.01,3.76,5.3282694866532845,0.07107826678747475,53.3,53.42266666666667,53.17590730002401,5.260335258181532,5.269137946908875,5.279140631250883,52.208000000000006,53.017999999999994,52.09146392644582,5.28037879714204,5.296339402629488,5.225544181023673,49.32299999999999,51.03342857142857,50.498143291575346,5.047392510945246,5.169362161734087,5.1133012191787826,48.16966666666667,49.580064516129035,49.842229328594065,4.956023293386926,5.06479707598828,5.052221466141804,49.435833333333335,49.10161202185793,49.649309725125875,4.96096616798904,4.969240891083518,5.009837204841556,8.44653259422069
2019-09-11,sz000901,53.27,52.71,53.62,52.62,121018,156745424.0,1.88,-0.98,-0.52,2.13,5.082849971302234,-0.24541951535105078,53.222,53.22599999999999,53.020604866682675,5.230822110571201,5.209976184615775,5.213710411268,52.645,53.109272727272725,52.2039250307284,5.278291630092058,5.260425070658615,5.199599779256138,49.7295,51.35600000000001,50.70879631142532,5.067393472601925,5.172739062720465,5.110401100333397,48.26733333333334,49.87298924731183,50.02724679126542,4.967095947188327,5.072979442305397,5.054197498732799,49.505833333333335,49.208961748633875,49.74966022594142,4.963460778368116,4.973237081356081,5.012231066036987,8.1951948709665
2019-09-12,sz000901,52.97,53.32,53.49,52.53,105051,136326000.0,1.82,1.16,0.61,1.85,5.0214001908915655,-0.061449780410668176,53.354,53.25866666666666,53.12040324445512,5.1709304600386226,5.140168878055897,5.149607004475856,53.13000000000001,53.232000000000006,52.406847752414144,5.288706837931479,5.213717536258525,5.167199854098943,50.14450000000001,51.69795238095238,50.957482377003856,5.0850446522982065,5.168358750176623,5.101924823243699,48.426,50.198967741935476,50.23968248215152,4.972460693703931,5.076482941899154,5.052081543388204,49.56633333333333,49.334016393442624,49.86672054640235,4.961897209754952,4.975136734225703,5.0125316930813995,8.134578692075998
2019-09-16,sz000901,53.89,53.06,53.97,52.71,98722,128231464.0,2.36,-0.49,-0.26,1.74,4.994413945110615,-0.026986245780950213,53.312,53.16066666666667,53.100268829636754,5.136824962764702,5.081330039746561,5.097875984687443,53.288,53.219272727272724,52.52560270652066,5.23857604203288,5.160209737563823,5.135784234282883,50.538,51.975619047619055,51.15772215062254,5.0948542318578625,5.159727254253995,5.09168569199293,48.624,50.49793548387097,50.42163845104498,4.974527565083263,5.077899280699586,5.048361053176746,49.589000000000006,49.44856284153006,49.97141823340555,4.956635662537171,4.97620285669638,5.011937668557767,8.10799460057284
2019-09-17,sz000901,52.71,50.57,52.97,50.44,145914,183935786.0,4.77,-4.69,-2.49,2.57,5.164096963113827,0.1696830180032114,52.577999999999996,52.24666666666667,52.2568458864245,5.118206111414305,5.090420706529603,5.119949644162904,52.943000000000005,52.7250909090909,52.17003857806235,5.195059018022286,5.146668086851268,5.140932003161236,50.7325,51.97866666666666,51.101748612468015,5.110589645072787,5.166321800087897,5.098582003528254,48.75233333333333,50.623483870967746,50.43121016388079,4.982987502894153,5.090129564443492,5.055827886075913,49.57083333333333,49.480726775956285,49.99104386509717,4.955846640812362,4.983004866551352,5.016926497887473,8.264666232502686
2019-09-18,sz000901,51.18,50.26,51.27,50.04,79442,98476586.0,2.43,-0.61,-0.31,1.4,4.900050169249033,-0.2640467938647939,51.983999999999995,51.474,51.59123059094967,5.032562247933455,5.017702059141178,5.0466498191916145,52.641999999999996,52.23727272727273,51.82275883659647,5.146448753057493,5.093030114347039,5.09713530608629,50.894,51.93366666666667,51.02158207794725,5.108518569612258,5.146270421438015,5.079674209787376,48.93566666666666,50.72075268817204,50.420164346856225,4.980953042878446,5.084778768724452,5.045777710796759,49.553333333333335,49.503322404371595,49.99986209902841,4.953273018643358,4.98117547404108,5.013094487112442,7.993332984002649
2019-09-19,sz000901,50.52,51.22,51.31,50.3,87943,109559008.0,2.01,1.91,0.96,1.55,4.9442012766262255,0.044151107377192744,51.686,51.21933333333333,51.46748706063312,5.004832508998254,4.988248402038768,5.012500305003152,52.45399999999999,51.97872727272727,51.713166320851656,5.117827309784728,5.056257845904991,5.069329118911733,51.1145,51.96471428571429,51.04047902290466,5.119933895621551,5.130621155439345,5.066772025676791,49.17133333333333,50.86812903225806,50.471766647059056,4.989789426029928,5.082407687030761,5.0392243924631765,49.55183333333333,49.55796721311475,50.03986662037174,4.952727582731991,4.980878039876583,5.010835693326008,8.039648091288418
2019-09-20,sz000901,51.35,50.74,51.35,50.13,78208,96973709.0,2.38,-0.94,-0.48,1.38,4.893251179890423,-0.05095009673580275,51.17,50.904,51.224991373755415,4.9792027067980245,4.951054625669493,4.972750596632242,52.262,51.66709090909091,51.536226989787714,5.075066583418324,5.015425822287845,5.037314948180585,51.274,51.92904761904762,51.01186197310422,5.1122765744683445,5.109032325369714,5.050246230839994,49.37233333333333,50.96933333333334,50.489072024668154,4.996057634296972,5.076179413086276,5.02980676584558,49.53866666666667,49.59692349726776,50.062821813146435,4.95057958046142,4.978927993881778,5.0069804633773005,7.986654006597351
2019-09-23,sz000901,50.79,50.52,51.44,49.69,97039,120248095.0,3.45,-0.43,-0.22,1.71,4.98694631241829,0.09369513252786721,50.662,50.687333333333335,50.98999424917028,4.977709180259559,4.953635827542914,4.977482501894258,51.987,51.350363636363625,51.351458446189945,5.057267071512131,4.999403954833293,5.028157014405622,51.4485,51.857238095238095,50.965017975665724,5.122164251288129,5.097096109936374,5.044217667180784,49.598,51.04337634408602,50.49106737791537,5.006295231233841,5.075591585868297,5.027041575301883,49.53416666666667,49.62909836065574,50.07781126189573,4.951495832432289,4.980120345749215,5.0063236059688085,8.080078204899996
2019-09-24,sz000901,50.44,50.48,50.87,49.91,78775,97443664.0,1.9,-0.08,-0.04,1.39,4.896388411846037,-0.09055790057225277,50.644,50.626666666666665,50.819996166113526,4.924167470006002,4.926528904738406,4.950451138544851,51.611000000000004,51.07636363636363,51.19301145597359,5.0211867907101535,4.970153289439458,5.004199086667516,51.6385,51.765,50.91882578750708,5.1296725968311945,5.0755936490371285,5.030138690482238,49.797333333333334,51.100279569892464,50.49035335353374,5.015609915397745,5.068500823327148,5.018612338949893,49.51016666666667,49.66010928961748,50.09099777789915,4.948111714940451,4.978313545074256,5.002719173374619,7.988753605595294
2019-09-25,sz000901,49.96,48.38,50.35,48.25,101479,122300889.0,4.16,-4.16,-2.1,1.79,5.0063761789219665,0.10998776707592928,50.268,49.87199999999999,50.006664110742356,4.945432671940589,4.953931807710394,4.969092818670557,51.126,50.4889090909091,50.681554827614754,4.988997459937021,4.967460450932515,5.0045949216228705,51.666999999999994,51.454666666666675,50.67703285536355,5.134688128539532,5.063851133045773,5.027875594143164,49.924,51.00883870967743,50.354201524273506,5.027927493942505,5.067905098393228,5.017822909270672,49.4555,49.623054644808754,50.03489949009918,4.947039483912546,4.980223855368732,5.002839075195843,8.087429613916017
2019-09-26,sz000901,48.56,46.33,48.82,46.29,98590,114475420.0,5.23,-4.24,-2.05,1.74,4.993832866613986,-0.012543312307980337,49.29,48.559333333333335,48.78110940716158,4.955358989938141,4.97006520593486,4.977339501318367,50.488,49.6169090909091,49.8903630407757,4.980095749468196,4.968339615782872,5.002638184348528,51.566500000000005,50.94638095238094,50.2630297262813,5.129193689780128,5.050436346195722,5.024633429616576,49.98233333333334,50.77696774193549,50.094575619481674,5.038294231557348,5.065705445017194,5.016275164583144,49.36233333333334,49.52057923497267,49.9134273756697,4.9465969292540475,4.981758064637633,5.002543789668569,8.058712245589975
2019-09-27,sz000901,46.55,46.9,47.33,46.37,49901,57544616.0,2.07,1.23,0.57,0.88,4.698109248832414,-0.2957236177815723,48.522,47.76266666666667,48.154072938107724,4.916330603726539,4.8843152922329525,4.884262750489716,49.846000000000004,48.96454545454545,49.346660669725566,4.947766655262281,4.917069342940002,4.947269286981961,51.488,50.50195238095238,49.94274118092118,5.11823674659688,5.009380685153082,4.993535888589513,50.045,50.57810752688171,49.88847396661189,5.0392853199528975,5.043758026776875,4.995748331308904,49.24666666666666,49.43984699453552,49.81462647810675,4.93346164356069,4.9736109275746285,4.9925623293132855,7.760004696325973
2019-09-30,sz000901,47.07,46.07,47.38,46.02,47310,54222279.0,2.9,-1.77,-0.83,0.83,4.674952948048565,-0.02315630078384867,47.63199999999999,46.94533333333334,47.45938195873849,4.8539319308525934,4.803856073673628,4.814492816342666,49.147000000000006,48.278,48.750904184320916,4.915820555556076,4.867466850719326,4.897757225357707,51.217499999999994,49.98595238095238,49.573908687500115,5.077198298794479,4.967163180529433,4.963194656157041,50.074333333333335,50.32165591397849,49.64212080747564,5.0351763397572675,5.020252712460467,4.975051854969528,49.12883333333333,49.33569398907104,49.6918518394803,4.925899520929977,4.965135232639805,4.982148906976737,7.734177767326427
2019-10-08,sz000901,46.07,45.41,46.37,45.15,51633,58273854.0,2.65,-1.43,-0.66,0.91,4.712927359321766,0.03797441127320056,46.617999999999995,46.20466666666666,46.77625463915899,4.8172397203477395,4.7568545498300185,4.7806376640023664,48.631,47.59854545454546,48.14346705989893,4.87070359517687,4.830577178676725,4.864151795169354,50.787,49.43285714285715,49.17734595535725,5.032881306599578,4.93247071010346,4.939359675506062,50.032000000000004,50.0207311827957,49.369080755380445,5.030627628440815,4.999462455658177,4.9581405971858015,49.04733333333333,49.21376502732242,49.5514632545793,4.918740724109889,4.958152538816584,4.973321970988049,7.765473741542763
2019-10-09,sz000901,45.37,45.98,46.11,45.02,44308,49991435.0,2.4,1.26,0.57,0.78,4.646482147039805,-0.06644521228196076,46.138,45.992,46.510836426105996,4.745260913971308,4.699935358727373,4.73591915834818,48.202999999999996,47.11654545454545,47.750109412644576,4.845346792955948,4.789809642651804,4.8245754955094355,50.4225,48.97504761904762,48.87283681675179,4.995897773006721,4.895670790145386,4.911466577556895,49.99699999999999,49.759311827956985,49.15043038406558,5.020794644060155,4.97467887621295,4.938033600402189,48.98033333333333,49.11319672131148,49.434366098691456,4.915910189413563,4.949226028092975,4.9626059111864675,7.69889560331864
2019-10-10,sz000901,46.02,46.29,46.33,45.85,49993,56858611.0,1.04,0.67,0.31,0.88,4.6989091988520695,0.05242705181226448,46.13,46.042666666666655,46.437224284070666,4.686276180418924,4.684484787020961,4.72358250518281,47.71,46.768727272727276,47.48463497398192,4.820817585178532,4.763184625542007,4.801727077935369,50.082,48.581476190476174,48.62685235801353,4.9693224474816295,4.867386164035419,4.891223017680244,49.97966666666667,49.52015053763441,48.96588648831941,5.020228458807211,4.9539120732963,4.922606219657021,48.91049999999999,49.02498907103824,49.33127212824255,4.909963113956137,4.942111241517189,4.953960117339438,7.754796246096535
2019-10-11,sz000901,46.37,46.2,46.42,45.5,50134,56968297.0,1.99,-0.19,-0.09,0.88,4.700132356690141,0.00122315783807192,45.989999999999995,46.066,46.35814952271378,4.6866808019904695,4.6891035124447,4.715765789018588,47.256,46.49418181818182,47.25106497871248,4.801505702858504,4.741241856725936,4.783255310436236,49.759,48.21176190476191,48.39572356201224,4.938286143138415,4.841749012531469,4.873023907109758,49.934666666666665,49.27630107526882,48.787442198750426,5.008686283931731,4.933260711869391,4.908253067207545,48.839166666666664,48.936120218579234,49.22860746830017,4.907314216413636,4.935231544557648,4.945637895678805,7.755633236929782
2019-10-14,sz000901,46.37,47.38,47.42,46.37,67519,78275420.0,2.27,2.55,1.18,1.19,4.829426001483446,0.12929364479330463,46.252,46.529333333333334,46.69876634847586,4.717575412677446,4.736685245609025,4.753652526506874,46.942,46.51672727272727,47.27450770985566,4.78575367176502,4.746318274657743,4.791649981535729,49.4645,47.985190476190475,48.298987984677744,4.9215103716385755,4.831381379992901,4.8688717256215375,49.946333333333335,49.11148387096773,48.6966394762504,5.0100273914470925,4.9216955323565985,4.903167450064055,48.79116666666667,48.8882786885246,49.16799738737229,4.9088849236595165,4.932677832592723,4.941827669639613,7.893625406575674
2019-10-15,sz000901,47.29,46.16,47.29,46.16,48967,56098004.0,2.38,-2.57,-1.22,0.86,4.689903497455916,-0.1395225040275303,46.402,46.498666666666665,46.51917756565057,4.712970640304276,4.727461273868515,4.732402850156555,46.51,46.374545454545455,47.071869944427355,4.765105180326008,4.728890970237907,4.7731506207939445,49.0605,47.670476190476194,48.09527484327987,4.89314598551808,4.809323582451695,4.8518271324629065,49.929,48.86720430107527,48.53298531649231,5.008150124662799,4.901042377905556,4.8894084853796596,48.69950000000001,48.80201092896175,49.06937452221254,4.904065328133226,4.925498113700802,4.9335678607155575,7.748947409077779
2019-10-16,sz000901,46.2,45.76,46.42,45.59,38225,43388663.0,1.8,-0.87,-0.4,0.67,4.582347494084358,-0.1075560033715579,46.358,46.284666666666666,46.26611837710038,4.700143709713186,4.683920225128543,4.6823843981324895,46.248000000000005,46.238181818181815,46.83334813634965,4.722702311842246,4.6956623000121525,4.738459143210383,48.687,47.35614285714286,47.87286771534845,4.855849885889635,4.779723726124674,4.826162404998283,49.860666666666674,48.598236559139785,48.35408303800894,4.997359522973769,4.873571240448883,4.869598098844479,48.599,48.70563387978141,48.960870439517045,4.8982152763638815,4.914949987994281,4.922052438858796,7.637376267767643
2019-10-17,sz000901,45.85,45.59,45.98,45.15,30399,34263675.0,1.81,-0.37,-0.17,0.54,4.482859297371087,-0.09948819671327058,46.218,46.02866666666667,46.04074558473359,4.6569337294169895,4.611492087681176,4.615876031212022,46.174,46.11854545454546,46.607284838831525,4.6716049549179575,4.652054479199214,4.691986443966874,48.331,47.06119047619047,47.655451742458126,4.8258503521930765,4.744200812932431,4.79346687093855,49.769,48.32270967741935,48.17575510007288,4.976664111492737,4.8403776775067735,4.844647208426841,48.5015,48.6069781420765,48.8503500972378,4.892445277782116,4.901331759174846,4.907652663728052,7.534833942010273
2019-10-18,sz000901,45.81,44.76,46.16,44.76,44129,49441247.0,3.07,-1.82,-0.83,0.78,4.644724086082983,0.16186478871189536,45.92999999999999,45.54266666666667,45.6138303898224,4.645852075295558,4.607422206569841,4.625492049502343,45.959999999999994,45.86145454545455,46.27141486813488,4.666266438643014,4.647167048501947,4.683393287987984,47.903,46.72109523809524,47.37969443365259,4.807016546952648,4.726950692350517,4.779300891428496,49.64533333333333,47.999548387096766,47.955383803293984,4.967579977278926,4.818962191996467,4.831748942469173,48.41566666666667,48.48430601092897,48.7162402579841,4.888608062213393,4.893209752889629,4.899032054624935,7.694089415931674
2019-10-21,sz000901,45.11,44.54,45.11,43.75,43571,47689943.0,3.04,-0.49,-0.22,0.77,4.639197527562518,-0.005526558520464242,45.362,45.07933333333334,45.255886926548264,4.607806380511372,4.605204023992161,4.630060542189068,45.807,45.60327272727273,45.95661216483762,4.662690896594409,4.642245428305492,4.675357695183354,47.477,46.400809523809514,47.1092473447333,4.789255726075242,4.710967928599076,4.76595771391745,49.414,47.67017204301075,47.73503646114599,4.939029164727788,4.797776227498634,4.819326270539712,48.324666666666666,48.35723497267759,48.57931434788626,4.8869870168853184,4.885032358310911,4.890512889803216,7.678426803356487
2019-10-22,sz000901,44.41,44.98,45.06,44.41,38777,42884811.0,1.46,0.99,0.44,0.68,4.588574206654923,-0.05062332090759547,45.126,44.952,45.16392461769885,4.587540522351174,4.5987932993733445,4.616231763677686,45.763999999999996,45.45290909090909,45.779046316685324,4.650255581327725,4.628769666498314,4.659578879087276,47.1975,46.163,46.906461883330124,4.760479588252298,4.691855402939998,4.749064046559114,49.11266666666666,47.38410752688172,47.55729217333012,4.905339398175626,4.77516623020361,4.804439040611661,48.2775,48.247573770491805,48.461304041398186,4.8811825812326886,4.87524833174598,4.880613260847534,7.632303500414884
2019-10-23,sz000901,44.98,44.54,45.24,44.41,34894,38633552.0,1.85,-0.98,-0.44,0.62,4.542750756732575,-0.04582344992234777,44.882,44.75666666666666,44.955949745132564,4.579621174880817,4.583863377500478,4.591738094695983,45.62,45.230363636363634,45.553765168197074,4.639882442297002,4.60922333475374,4.6383374022955115,46.911500000000004,45.90990476190476,46.68108456110821,4.742614617626474,4.671119323747643,4.729415161813729,48.821666666666665,47.08909677419354,47.36262816214754,4.877225996103481,4.75177341462664,4.787555925522688,48.20616666666667,48.12503278688524,48.33273669577857,4.877663604987234,4.864152206352535,4.869535801696224,7.586964639366228
2019-10-24,sz000901,44.58,44.67,44.93,44.23,31580,34826385.0,1.57,0.29,0.13,0.56,4.499412125672276,-0.04333863106029945,44.698,44.686,44.86063316342171,4.582931740541055,4.557127027764298,4.5609627716880805,45.458,45.05763636363636,45.39308059216124,4.619932734979022,4.583683277185608,4.613078261091286,46.583999999999996,45.69642857142857,46.48955269814552,4.7203751600787776,4.647957181656768,4.707510110752638,48.54066666666667,46.82124731182795,47.18891021620254,4.85285920998076,4.7273983262117225,4.768966002951694,48.127500000000005,48.00909289617486,48.212646968048126,4.872372076425511,4.851750518506143,4.857400599203635,7.541908396765689
2019-10-25,sz000901,44.5,44.93,44.93,43.97,50376,55375767.0,2.15,0.58,0.26,0.89,4.702223680294006,0.2028115546217304,44.732,44.763333333333335,44.88375544228114,4.594431659383259,4.596891007681948,4.60804974122339,45.331,44.96163636363636,45.3088841208592,4.620141867339409,4.598645267242879,4.629286519128144,46.2935,45.53890476190476,46.34102386975071,4.710823785098957,4.646228469296312,4.707006641185149,48.283,46.58830107526882,47.04317407322173,4.832238051205413,4.71767990494161,4.764660046651199,48.049499999999995,47.9042568306011,48.10501919860393,4.872059237753339,4.846171882567402,4.852312831370533,7.743319754609198
2019-10-28,sz000901,44.93,45.98,46.16,44.93,67293,75825588.0,2.74,2.34,1.05,1.19,4.827969890086004,0.12574620979199835,45.02,45.17933333333333,45.249170294854096,4.632186131887957,4.674737084582863,4.681356457510928,45.190999999999995,45.07963636363637,45.43090518979388,4.619996256199665,4.636432180469533,4.665410768393209,46.0665,45.50904761904763,46.30664064406016,4.7028749639823415,4.657385241199841,4.718526950604279,48.04,46.43972043010752,46.97458219753001,4.821005666492272,4.7174045397081,4.768744552679251,47.982499999999995,47.8364043715847,48.035346437993965,4.871302714307305,4.844726330184867,4.85151470214809,7.8798157867923315
2019-10-29,sz000901,45.98,45.24,45.98,45.19,39658,44511315.0,1.72,-1.61,-0.74,0.7,4.598330808435461,-0.2296390816505438,45.071999999999996,45.25266666666666,45.246113529902736,4.6341374522440635,4.663451976765364,4.653681241152439,45.099000000000004,45.088545454545454,45.3961951552859,4.610838987297619,4.632493008148768,4.653214412037254,45.804500000000004,45.43033333333333,46.205055820816334,4.687972083811813,4.647428654957282,4.707079698969153,47.74,46.259075268817206,46.862673668657116,4.799043652777927,4.703038419833466,4.757750117566748,47.899499999999996,47.746486338797816,47.94369573510892,4.86845785019481,4.835776431631693,4.843213590878823,7.648470424855599
2019-10-30,sz000901,45.28,44.23,45.28,44.1,39185,43082469.0,2.61,-2.23,-1.01,0.69,4.593119851103941,-0.005210957331519772,45.010000000000005,44.972,44.90740901993516,4.644211271118338,4.649779443051989,4.633494111136273,44.946000000000005,44.93054545454545,45.184159672506645,4.611916222999577,4.6292713470226445,4.642288128231197,45.597,45.28038095238096,46.016955266452875,4.667309267420912,4.638395108985103,4.696226380124847,47.43999999999999,46.03262365591397,46.692823754550204,4.774538664926283,4.689753013273855,4.7471288100530185,47.804833333333335,47.62617486338797,47.8219352192037,4.865280979156605,4.826748956251664,4.835013796132105,7.634300584188384
2019-10-31,sz000901,44.28,43.84,44.71,43.62,33344,36289829.0,2.46,-0.88,-0.39,0.59,4.523017697283412,-0.07010215382052909,44.843999999999994,44.582,44.55160601329011,4.648932385440565,4.609381585107015,4.596668639851987,44.771,44.729454545454544,44.93976700477816,4.61593206299081,4.613107978710615,4.620602595331599,45.472500000000004,45.113047619047606,45.80962619345736,4.643768508954383,4.624653054686293,4.679730315092329,47.14433333333333,45.80036559139785,46.50877060909536,4.755877589125655,4.673525854071089,4.732670028584012,47.70583333333333,47.496180327868856,47.69137996611505,4.8614867681569915,4.815527209305003,4.824784415841984,7.559784921781946
2019-11-01,sz000901,43.62,44.06,44.23,42.84,70039,75530489.0,3.17,0.5,0.22,1.24,4.845339936703495,0.32232223942008353,44.67,44.32066666666666,44.38773734219341,4.677555636722462,4.674850768861325,4.679559072135823,44.701,44.60018181818182,44.77980936754577,4.635993648052861,4.65481850120383,4.661463930126489,45.3305,44.978523809523814,45.6429951274138,4.651130043347938,4.643850333519541,4.695502660007679,46.83566666666666,45.60137634408602,46.350785408508564,4.750008913986052,4.67929761843095,4.739939054914302,47.630833333333335,47.37664480874317,47.572318327881774,4.861234803844991,4.814997804995052,4.8254583673456395,7.878122296418526
2019-11-04,sz000901,43.8,44.41,44.63,43.75,43140,47293980.0,2.0,0.79,0.35,0.76,4.634880140766526,-0.21045979593696895,44.355999999999995,44.234,44.39515822812894,4.638937686858567,4.660625603542679,4.664666095012724,44.688,44.54727272727273,44.71257130071926,4.635561909373262,4.654616045333587,4.6566305138792226,45.247499999999995,44.89085714285714,45.52556702004106,4.6491264029838355,4.642302723749883,4.689729086746617,46.547333333333334,45.44488172043011,46.22557344666931,4.738024453841249,4.6718699556425936,4.733161060453155,47.58566666666666,47.27104371584699,47.468635759754505,4.856276009462257,4.807576340631822,4.819209900900423,7.674805863376935
2019-11-05,sz000901,44.41,44.36,44.67,43.93,35242,38690806.0,1.67,-0.11,-0.05,0.62,4.547060546854565,-0.08781959391196104,44.18,44.23533333333333,44.38343881875263,4.628683634542388,4.629999890208012,4.625464245626672,44.626,44.487636363636355,44.648467427861206,4.631410543393226,4.6385248885120065,4.636708701692921,45.195,44.806333333333335,45.41456063718001,4.640833062360475,4.632582166023288,4.6761416067568975,46.340333333333334,45.303763440860216,46.10521386946484,4.717456573299273,4.659549703578936,4.72115457570486,47.54633333333333,47.16528415300547,47.366713275828126,4.850222038096714,4.797438128743047,4.810286971259575,7.587607776961007
2019-11-06,sz000901,44.71,44.93,45.89,44.67,81256,90953991.0,2.75,1.28,0.57,1.43,4.909855439443937,0.36279489258937136,44.32000000000001,44.48533333333333,44.56562587916842,4.692030752210387,4.723723825175195,4.720261310232427,44.665,44.54290909090909,44.699655168250075,4.668121011664363,4.689151233248499,4.686371744920378,45.1425,44.78109523809524,45.368412005067626,4.654001726980682,4.65820334479314,4.698400067012805,46.162666666666674,45.212774193548384,46.02939361982195,4.717783415639103,4.671962533652786,4.733328824978349,47.54916666666667,47.07950273224044,47.28682103727638,4.849368229258775,4.799393322229842,4.813551511200045,7.95882176036761
2019-11-07,sz000901,44.58,44.71,45.15,44.1,41618,45901708.0,2.34,-0.49,-0.22,0.73,4.619281205865181,-0.2905742335787558,44.49399999999999,44.61533333333333,44.61375058611229,4.711283453926741,4.69947397639346,4.686601275443345,44.669,44.55109090909091,44.701536046750064,4.680107919683652,4.680271268557739,4.67417346509216,45.0635,44.73990476190477,45.30570609982309,4.650020327331338,4.6548966284964255,4.690864937379699,45.94566666666667,45.11905376344085,45.94427145080118,4.706952746613736,4.665607552377049,4.725970914067822,47.558499999999995,46.98641530054644,47.20233510162797,4.848371086321832,4.791849485397265,4.807181992992345,7.661828845911427
2019-11-08,sz000901,45.06,44.63,45.28,44.54,37007,40928574.0,1.66,-0.18,-0.08,0.65,4.568283880116622,-0.05099732574855853,44.608,44.660666666666664,44.6191670574082,4.655872242609366,4.651807451790088,4.647162143667771,44.638999999999996,44.544000000000004,44.68852949279551,4.6667139396659145,4.6599396250000975,4.654920813278426,44.985,44.698619047619054,45.24135313793518,4.643427903502661,4.647112204952167,4.679190550973691,45.742,45.034172043010756,45.859479744297886,4.6961205032879425,4.6566611738933625,4.715797557038712,47.55716666666667,46.89039890710383,47.11799624583689,4.846089068792456,4.782666298308568,4.799349267980026,7.612026613574669
2019-11-11,sz000901,44.23,42.97,44.23,42.97,50677,54407163.0,2.82,-3.72,-1.66,0.89,4.704810897410905,0.13652701729428252,44.32,44.11466666666667,44.0694447049388,4.669858393938242,4.668120336723933,4.6663783949154825,44.338,44.240545454545455,44.376069585014505,4.654398040398404,4.666866344590095,4.663991737666149,44.7645,44.50671428571429,45.025033791465155,4.637197148299035,4.652958204371999,4.681630583967712,45.49033333333333,44.855333333333334,45.67306169627867,4.686715989454362,4.657221844481942,4.7150887402885315,47.54416666666667,46.739999999999995,46.98199636892421,4.846505610344101,4.778034227115731,4.796249649272841,7.735656080701573
2019-11-12,sz000901,42.66,43.23,43.32,42.53,32225,34282611.0,1.84,0.61,0.26,0.57,4.5081929260254405,-0.19661797138546433,44.094,43.751333333333335,43.789629803292534,4.662084869772417,4.614231847419665,4.6136499052854685,44.137,44.0390909090909,44.167693296830045,4.6453842521574025,4.640283596522283,4.635664681004202,44.618,44.360571428571426,44.854078192278,4.628111619727511,4.640672087964991,4.665112711782734,45.248666666666665,44.70950537634409,45.51544481264779,4.67377613992701,4.645704227486526,4.7017406232393,47.523,46.598551912568304,46.85898009453325,4.844693027662377,4.766942007957742,4.7868051665434175,7.535073890838967
2019-11-13,sz000901,43.32,42.44,43.32,41.92,36729,38746028.0,3.24,-1.83,-0.79,0.65,4.565009104212596,0.05681617818715523,43.596,43.2,43.33975320219503,4.593115602726149,4.581873258899725,4.597436304927845,43.958,43.73054545454545,43.85356724286095,4.642573177468267,4.625669933259592,4.622818212496637,44.452,44.15314285714285,44.62416598348962,4.6272447002339225,4.634662324582618,4.655579034871292,45.050666666666665,44.52830107526881,45.31702901828342,4.659063904103364,4.6386869993759205,4.692919234914997,47.48733333333333,46.43189617486338,46.71409550126987,4.8434956990229345,4.757772043254471,4.779533164499784,7.588227187975281
2019-11-14,sz000901,42.49,42.53,42.7,41.87,32389,34028686.0,1.96,0.21,0.09,0.57,4.510397539514154,-0.054611564698442194,43.16,42.84466666666666,43.06983546813002,4.571338869455944,4.5543005711623925,4.568423383123282,43.827,43.470909090909096,43.612918653249864,4.641311161691343,4.601637999086116,4.6023780901361855,44.299,43.97009523809524,44.424721604109656,4.628621612341076,4.623534023561687,4.641752225789659,44.924,44.36567741935483,45.1372206945232,4.642949393200037,4.629095621015326,4.68114364166333,47.45316666666667,46.26936065573771,46.57691204221184,4.840621812378692,4.746850792123035,4.770709045647796,7.53184517936419
2019-11-15,sz000901,42.57,40.74,42.88,40.74,62975,64918518.0,5.03,-4.21,-1.79,1.11,4.79916817617015,0.2887706366559968,42.382,42.038000000000004,42.29322364542002,4.617515728666649,4.630243673400463,4.645338314138905,43.495,42.90963636363636,43.09056980720443,4.636693985638008,4.6303392744459,4.638158105778724,44.098,43.631142857142855,44.0737957370516,4.636343816845434,4.6397765534501705,4.656744221063992,44.718666666666664,44.09574193548387,44.85352903681203,4.646318024111294,4.639174252174688,4.688758127760544,47.38183333333334,46.049256830601095,46.385537876893416,4.842801672032096,4.745491656509641,4.77164213189443,7.8123685969248555
2019-11-18,sz000901,40.48,41.39,41.61,40.21,43066,44104185.0,3.44,1.6,0.65,0.76,4.634134536062571,-0.1650336401075796,42.065999999999995,41.707333333333324,41.99214909694668,4.603380456396982,4.63578327586577,4.641603721446794,43.193,42.52690909090909,42.781375296803624,4.636619425167612,4.629873919977638,4.637426547648515,43.9405,43.373238095238094,43.81819614304668,4.636090667270437,4.639566145756565,4.654590917730523,44.562666666666665,43.88098924731183,44.6300755505661,4.644957410378427,4.638388220687673,4.685234025070353,47.3185,45.852803278688526,46.221749749782155,4.840066875067848,4.738650111068017,4.767133686129451,7.644479801172434
2019-11-19,sz000901,41.48,42.31,42.31,41.26,48629,50765912.0,2.54,2.22,0.92,0.86,4.686895338888612,0.05276080282604134,41.882,41.788666666666664,42.09809939796446,4.639120938969617,4.663621570029647,4.656700927260734,42.98800000000001,42.36636363636364,42.695670697384784,4.650602904371016,4.639014995199639,4.646420873328532,43.807,43.21795238095238,43.67455841513747,4.641006723882121,4.6444046859106765,4.657667529269388,44.45933333333333,43.7356559139785,44.48039325698119,4.64408967636399,4.641093893494782,4.685341206607015,47.24566666666667,45.68859016393443,46.09349565962536,4.837358652402402,4.73362809348837,4.764502920646145,7.7055721926084
2019-11-20,sz000901,42.44,41.74,42.49,41.61,37967,39614045.0,2.08,-1.35,-0.57,0.67,4.579406282288107,-0.1074890566005049,41.742000000000004,41.74133333333334,41.97873293197631,4.642000374584719,4.643716684469143,4.630936045603192,42.669000000000004,42.13945454545454,42.521912388769366,4.617557988655434,4.626070154820928,4.634236402230273,43.666999999999994,43.02109523809523,43.49031475655295,4.642839500159898,4.638537977187437,4.650214077175932,44.318000000000005,43.56021505376344,44.303593692014665,4.641853814205599,4.636920771296338,4.678506695360634,47.1575,45.50807650273223,45.95075809701469,4.8313242291328775,4.725170638730524,4.758434178404898,7.597849190586232
2019-11-21,sz000901,41.61,41.87,42.49,41.13,32771,34252387.0,3.26,0.31,0.13,0.58,4.515489693987064,-0.0639165883010433,41.61,41.784,41.942488621317544,4.643018805479301,4.601546457603259,4.592453928397816,42.385,41.99418181818182,42.40338286353857,4.607178837467623,4.607512283063042,4.612646091640598,43.527,42.84995238095238,43.33599906545267,4.6436433785756375,4.626409424218595,4.637383183538898,44.17066666666666,43.40227956989247,44.14658764736856,4.635739830710099,4.628768247411272,4.667989469465565,47.07516666666667,45.33471584699453,45.81696274957159,4.827984144758656,4.714815408070006,4.750468785473166,7.534690842246131
2019-11-22,sz000901,42.05,42.09,42.35,41.31,44697,46580622.0,2.48,0.53,0.22,0.79,4.650278374873132,0.13478868088606788,41.88,41.944,41.991659080878364,4.613240845219897,4.603966314067869,4.611728743889588,42.131,41.94054545454546,42.34640416107701,4.615378286943273,4.615348562591317,4.619488324955604,43.385000000000005,42.713095238095235,43.21733248779051,4.6410461133045935,4.627041328627881,4.638611296999301,44.03366666666667,43.268043010752685,44.01390457334479,4.634078031316198,4.629706218002434,4.666846818201537,46.98416666666666,45.17126775956284,45.69476724958563,4.821382157623964,4.708988989385234,4.7471838539780835,7.668205283455085
2019-11-25,sz000901,42.01,41.48,42.01,41.13,33805,34814585.0,2.09,-1.45,-0.61,0.6,4.528980940272136,-0.1212974346009954,41.898,41.81066666666666,41.82110605391891,4.5922101260618104,4.575879679085282,4.584146142683771,41.982000000000006,41.822181818181825,42.18887613179027,4.597795291229397,4.599639954105656,4.603032436831337,43.160000000000004,42.531666666666666,43.051872250858075,4.6260966658139,4.616368455005741,4.628170310644332,43.836999999999996,43.10329032258065,43.85042685893545,4.6240631959424885,4.622925760515722,4.657952245431899,46.891666666666666,44.99080327868853,45.55657815943528,4.8170452936947905,4.699402064226157,4.740029660086085,7.541761222625653
2019-11-26,sz000901,41.7,41.66,42.09,41.57,25418,26381369.0,1.25,0.43,0.18,0.45,4.40514137536295,-0.12383956490918635,41.768,41.731333333333325,41.767404035945944,4.535859333356678,4.513523428852328,4.524477886910164,41.825,41.763636363636365,42.09271683510113,4.587490136163147,4.564611969402665,4.567052243837084,42.981,42.38880952380952,42.91931298887159,4.616437194160275,4.595325094010414,4.606929459665153,43.687,42.96283870967741,43.70910899706865,4.614571125206057,4.608801772091234,4.641641866717773,46.808,44.81927322404373,45.42882149847019,4.811360624934427,4.685897017723475,4.7290497163246705,7.421297328500684
2019-11-27,sz000901,41.66,41.57,41.83,41.35,24105,24918457.0,1.15,-0.22,-0.09,0.43,4.382107135819026,-0.02303423954392425,41.733999999999995,41.665333333333336,41.70160269063064,4.496399504062862,4.462272696339778,4.477020969879785,41.738,41.71727272727272,41.99767741053728,4.5691999393237905,4.527269605703734,4.533425860561073,42.848,42.254428571428576,42.79080698993143,4.605886558396029,4.573007945596961,4.5855178097750455,43.54733333333333,42.82625806451612,43.571101964999706,4.607896446597212,4.593804095356588,4.624897690530757,46.70399999999999,44.64753551912568,45.30230276081543,4.802627984785491,4.671823132834445,4.717674549750715,7.396521146448905
2019-11-28,sz000901,41.48,41.39,41.87,41.31,21480,22172554.0,1.35,-0.43,-0.18,0.38,4.332034277027518,-0.05007285879150736,41.638,41.550666666666665,41.59773512708709,4.459708420670952,4.407484287327997,4.428692072262363,41.624,41.653999999999996,41.8871906086214,4.551363613075127,4.48414857619532,4.496809209009518,42.7255,42.11557142857143,42.65739680041415,4.596337387383234,4.546926775942818,4.5613765209419475,43.407333333333334,42.6870752688172,43.430385709193274,4.602868945919093,4.57600653602951,4.606003276756354,46.58816666666667,44.473306010928965,45.17403053914935,4.789766528705915,4.656393830940741,4.705030606382741,7.345815721270648
2019-11-29,sz000901,41.39,41.39,41.57,40.61,26919,27564314.0,2.32,0.0,0.0,0.47,4.430058922470643,0.09802464544312439,41.498,41.467999999999996,41.52849008472473,4.415664530190455,4.397601121261227,4.429147688998457,41.68900000000001,41.61145454545455,41.79679231614478,4.514452687705176,4.462093177903596,4.484672793275177,42.592,41.98838095238095,42.53669234323185,4.575573336671591,4.531090731665428,4.548870082992299,43.294999999999995,42.5569247311828,43.29874792150339,4.595713440465349,4.564857502258643,4.59465202809276,46.470166666666664,44.30287431693988,45.04996396409527,4.781646708872136,4.644600138933027,4.696015141336442,7.44034718855402
2019-12-02,sz000901,41.31,41.57,41.79,41.22,23977,24781378.0,1.38,0.43,0.18,0.42,4.379794843276982,-0.05026407919366083,41.516,41.492,41.54232672314983,4.3858273107914245,4.385644558956736,4.412696740424632,41.707,41.58981818181818,41.755557349572996,4.4890187184266175,4.437609933462106,4.465604075093687,42.45,41.891047619047626,42.44462640578119,4.562819071797114,4.5124451608659415,4.532767679209888,43.196000000000005,42.445634408602146,43.18721579753543,4.5870666843224965,4.550927270181973,4.580790274233678,46.30499999999999,44.14221311475409,44.9358667849446,4.763047924525142,4.631424667929907,4.685647262711541,7.394125452207791
2019-12-03,sz000901,41.35,41.7,41.87,41.13,38706,39946052.0,1.78,0.31,0.13,0.68,4.587778292277694,0.20798344900071175,41.524,41.55333333333333,41.594884482099886,4.4223546941743725,4.452961552785492,4.471057257708987,41.646,41.58854545454546,41.745456013287,4.479107013765526,4.4555662196168475,4.4878175691271425,42.317,41.81961904761904,42.3737096052306,4.564854959068271,4.51482222948314,4.5380067852163455,43.086666666666666,42.34911827956989,43.09126639124282,4.587040153843256,4.550973180372631,4.581241114107486,46.099666666666664,43.99122950819672,44.8297727919956,4.746189776009442,4.625678122610318,4.682438444008791,7.601473863015685
2019-12-04,sz000901,41.57,42.14,42.22,41.44,38121,39740138.0,1.87,1.06,0.44,0.67,4.581164284641671,-0.006614007636022379,41.638,41.75866666666666,41.77658965473326,4.462166123938902,4.505898082941259,4.507759600019882,41.686,41.678363636363635,41.817191283598454,4.479282814000881,4.474122087048874,4.504789699220693,42.177499999999995,41.8027619047619,42.3514515475896,4.5484204013281575,4.516375498585368,4.542117023256853,43.00666666666667,42.288043010752695,43.02989436600135,4.588320604773559,4.550594092037045,4.581236157367756,45.91416666666667,43.8614043715847,44.741583520126895,4.73277330043852,4.620267450762195,4.679117979767246,7.599229370889912
2019-12-05,sz000901,42.14,42.57,42.66,42.09,57913,60906842.0,1.35,1.02,0.43,1.02,4.7627760627696585,0.18161177812798712,41.874,42.06933333333333,42.041059769822176,4.5483144810873295,4.606101395884845,4.592765087603141,41.756,41.83909090909091,41.95406559567146,4.504011450879141,4.525666314097743,4.55169631077505,42.0705,41.84014285714286,42.37226568591439,4.555595144173382,4.536790323484558,4.56313216987712,42.93666666666666,42.259870967741925,43.00022376174321,4.597099402676806,4.561849282875504,4.592948409329169,45.73866666666667,43.75175956284153,44.6703840604506,4.724979306328782,4.621251147887807,4.681860867734538,7.784666082057172
2019-12-06,sz000901,42.57,42.53,42.7,42.27,43128,45463859.0,1.01,-0.09,-0.04,0.76,4.63475931882058,-0.12801674394907891,42.102000000000004,42.288,42.20403984654812,4.5892545603573165,4.634916341795927,4.606763164675621,41.8,41.97981818181818,42.058780941913014,4.502459545273886,4.549438653723459,4.566798675874237,41.965500000000006,41.883904761904766,42.38728800154159,4.5589189161085795,4.544329768689053,4.569953803109831,42.85666666666666,42.23363440860215,42.96988674485655,4.594850590627691,4.564278954884779,4.595645887360873,45.569833333333335,43.64655737704918,44.600207533878454,4.713544320916552,4.618293115510488,4.680316554655392,7.657666296133258
2019-12-09,sz000901,42.66,42.84,42.97,42.35,42994,45523577.0,1.46,0.73,0.31,0.76,4.633407852121307,-0.0013514666992726632,42.356,42.534,42.41602656436542,4.639977162126182,4.649634105717257,4.615644727157516,41.93599999999999,42.16890909090909,42.2008207706561,4.512902236458803,4.573247436786626,4.5789094351918855,41.959,41.96719047619048,42.4304034299662,4.5553487638440995,4.551423953071218,4.575997045872829,42.751999999999995,42.232559139784954,42.96150695486581,4.588365189362202,4.566766520142433,4.598082143151869,45.395999999999994,43.55705464480874,44.54249581145621,4.704685427927235,4.615665690304087,4.678778564408373,7.658236379272965
2019-12-10,sz000901,43.23,43.01,43.67,42.44,57282,61167314.0,2.87,0.4,0.17,1.01,4.758018172948547,0.12461032082724,42.618,42.751999999999995,42.61401770957695,4.674025138260353,4.688981109324713,4.663102542421193,42.071000000000005,42.36418181818182,42.34794426690044,4.548189916217362,4.617813970693852,4.611474660238551,41.948,42.06728571428572,42.48560310330275,4.567840026190256,4.570725801557356,4.5933323913086115,42.67766666666667,42.249204301075274,42.964635538422854,4.593688101512638,4.577711873922196,4.608400596687138,45.20883333333334,43.47882513661203,44.49225004714617,4.696365877145282,4.6174143048949485,4.6813765843605095,7.786519410028778
2019-12-11,sz000901,42.7,42.66,43.01,42.31,39523,41764721.0,1.63,-0.81,-0.35,0.7,4.596849902362875,-0.16116827058567207,42.721999999999994,42.76599999999999,42.62934513971797,4.677162261804594,4.663256030692221,4.64101832906842,42.18,42.471272727272726,42.40468167291854,4.5696641928717465,4.626661240902127,4.608815613352064,41.958999999999996,42.13509523809524,42.502212331559626,4.569432066097769,4.573488646907129,4.593667392361398,42.62533333333334,42.24806451612903,42.944981632718154,4.593812436554601,4.577915861073825,4.607655390601702,45.032666666666664,43.3952568306011,44.43217627510859,4.684175550740442,4.614151486049624,4.678605217737636,7.620809584543141
2019-12-12,sz000901,42.44,42.35,42.7,42.22,30528,32146820.0,1.13,-0.73,-0.31,0.54,4.484698353024001,-0.11215154933887383,42.678,42.642,42.53623009314532,4.621546719855462,4.599101394432023,4.588911670386947,42.276,42.50218181818182,42.39473955056972,4.584930600471395,4.611212906384355,4.586248838746961,41.95,42.17233333333333,42.48771591903014,4.568147106773262,4.565418769471533,4.583289388614979,42.57566666666666,42.23030107526882,42.90659572092989,4.592535125079289,4.5708762427815275,4.599722678499916,44.86,43.30730054644809,44.363908200514864,4.674206357102472,4.607611250058921,4.672247615615878,7.5071380184808305
2019-12-13,sz000901,42.62,43.14,43.23,42.44,52456,55673665.0,1.87,1.87,0.79,0.93,4.719795170658459,0.23509681763445833,42.8,42.79600000000001,42.73748672876355,4.638553890223038,4.631850878033021,4.632539503810785,42.451,42.65927272727273,42.53024145046613,4.613904225290177,4.635733737327458,4.610529990003597,42.07,42.285666666666664,42.54983821245584,4.564178456497677,4.579861442222504,4.5962899392857866,42.544999999999995,42.266709677419364,42.92165406151506,4.588350299544453,4.579086568302765,4.607469290897241,44.69033333333333,43.25090710382514,44.32378006279306,4.669179606765253,4.609105965257478,4.6738065518467815,7.745649811874292
2019-12-16,sz000901,43.45,45.15,45.63,43.45,127215,140088479.0,5.05,4.66,2.01,2.24,5.1045383222648635,0.38474315160640415,43.262,43.57933333333334,43.541657819175704,4.732779984251749,4.787179022046964,4.789872443295478,42.809,43.15,43.00656118674501,4.686378573188965,4.7249399367774005,4.700349686778372,42.257999999999996,42.579,42.797472668412425,4.587698645807791,4.631324286581283,4.644694547188556,42.56966666666666,42.43477419354839,43.06541831561087,4.604005572261065,4.612389021381501,4.639538260662895,44.558499999999995,43.2659781420765,44.350869241062135,4.671015013051157,4.623380021503366,4.687928904975243,8.146402419993363
2019-12-17,sz000901,45.76,46.37,47.29,45.76,165292,189270452.0,3.39,2.7,1.22,2.92,5.218251834576094,0.1137135123112305,43.934,44.61533333333333,44.48443854611714,4.824826716577259,4.949002972155079,4.93266557372235,43.275999999999996,43.79745454545454,43.61809551642773,4.749425927418805,4.821644166120515,4.794513713650685,42.461,42.970619047619046,43.13771336665886,4.614266470592165,4.691376971225884,4.699319050749273,42.63666666666667,42.679956989247316,43.27861713395856,4.626378615185116,4.652017812498601,4.676874620270198,44.4885,43.32537158469945,44.417070249551905,4.671917594242195,4.641322212373037,4.705316542011336,8.277082819272957
2019-12-18,sz000901,46.68,45.85,46.9,45.72,112785,128714454.0,2.54,-1.12,-0.52,1.99,5.052251343881309,-0.16600049069478473,44.572,45.254,44.93962569741143,4.915907004880945,5.024811181256429,4.97252749710867,43.647000000000006,44.265454545454546,44.02389633162269,4.796534633342769,4.876703332750061,4.841375100965343,42.6665,43.29338095238096,43.39602637935801,4.637908723671826,4.73308981630104,4.732931650095182,42.66733333333333,42.8872688172043,43.44451280273543,4.631125145333029,4.679493472414483,4.701092473406399,44.415,43.37001092896175,44.464051552845284,4.674454280486066,4.6537921713775985,4.716691453548056,8.109627318776754
2019-12-19,sz000901,45.67,46.11,46.55,45.59,61993,70461719.0,2.09,0.57,0.26,1.09,4.792342653482082,-0.2599086903992269,45.324,45.766666666666666,45.32975046494096,4.977435864972561,4.983623064123475,4.912465882566474,44.001,44.71327272727273,44.40318790769128,4.799491292414012,4.875941154593572,4.832460110513841,42.8785,43.62133333333334,43.65450005751439,4.651751371646577,4.747797809616302,4.738589840893934,42.71399999999999,43.10937634408602,43.61647971868799,4.636893860253592,4.689894601972487,4.706979581798379,44.32983333333333,43.42558469945356,44.518017075702815,4.671923303433664,4.657657363934844,4.719171820759007,7.847953234120668
2019-12-20,sz000901,46.11,45.11,46.11,44.93,75947,85252554.0,2.56,-2.17,-1.0,1.34,4.880510623370917,0.08816796988883446,45.717999999999996,45.69533333333334,45.25650030996064,5.009578955515053,4.95131465025626,4.901814129501289,44.259,44.91490909090909,44.53169919720196,4.824066422869046,4.890671942040283,4.8411965673969455,43.0295,43.83385714285715,43.793119099655875,4.663262984071466,4.769584405018621,4.752106105891742,42.730000000000004,43.263956989247305,43.71283586586941,4.647301418362067,4.705611812496184,4.718175132867575,44.236,43.45116393442623,44.537426351909275,4.671710960825006,4.664496292457378,4.724461617565954,7.930707398473826
2019-12-23,sz000901,45.98,44.71,46.55,44.58,99206,111853082.0,4.37,-0.89,-0.4,1.75,4.996537939171227,0.11602731580031023,45.63,45.35933333333333,45.074333539973765,4.9879788788963255,4.946967644808317,4.933388732724602,44.446000000000005,44.99690909090909,44.564117524983416,4.860379431574037,4.9220303995497705,4.869440453174088,43.190999999999995,43.993904761904766,43.88044109016484,4.68664083401642,4.801324876932883,4.775385328108836,42.788000000000004,43.39169892473118,43.777169035813316,4.657025653087413,4.728143200935485,4.736134023596843,44.13916666666667,43.46670491803279,44.54308450430569,4.671870821270888,4.675146357321188,4.733382152700552,8.048647955148363
2019-12-24,sz000901,44.89,45.06,45.67,44.71,64425,71667337.0,2.15,0.78,0.35,1.14,4.809054427222942,-0.18748351194828494,45.368,45.169333333333334,45.06955569331585,4.9061393974256955,4.887326160917189,4.8919439642240485,44.651,45.10854545454545,44.65427797498643,4.865483057001477,4.912698580576843,4.858461175728424,43.361000000000004,44.17190476190476,43.99278003395867,4.70683648660942,4.812983314381124,4.778591908976846,42.849000000000004,43.538279569892474,43.85993232382536,4.667054369793997,4.73795150894423,4.7408385657662695,44.04883333333333,43.496896174863394,44.56003255334485,4.670415254860503,4.6796441804671565,4.735863210881614,7.855321267345332
2019-12-25,sz000901,44.98,44.98,45.19,44.58,52916,58627402.0,1.35,-0.18,-0.08,0.93,4.723587007783341,-0.08546741943960079,45.194,45.03999999999999,45.0397037955439,4.840406530206102,4.826475364369738,4.835824978743813,44.882999999999996,45.168363636363644,44.71350016135253,4.878156767543524,4.886899298900818,4.833938599738409,43.5315,44.326095238095235,44.08680098310546,4.7239104802076355,4.814578602111974,4.773353346958417,42.93366666666667,43.67576344086023,43.93219475454631,4.67234029991302,4.741598775911284,4.739725562025436,43.99216666666667,43.52742622950819,44.57380197782534,4.665702102008193,4.681387516628561,4.735460712419376,7.768100649394364
2019-12-26,sz000901,44.93,45.54,45.54,44.8,51269,57286976.0,1.65,1.24,0.56,0.9,4.709854846624769,-0.013732161158571898,45.08,45.15533333333333,45.20646919702927,4.8239089688346395,4.782958136509294,4.793834934704131,45.202,45.28781818181818,44.86377285928843,4.900672416903601,4.856298949642864,4.811377917354111,43.739,44.51738095238094,44.22520088947637,4.742801508687498,4.813239970342177,4.767305870736164,43.034,43.843913978494626,44.035924125220745,4.678988876816708,4.744019069247526,4.737798419096361,43.979,43.57817486338798,44.605480601503196,4.660969135008371,4.682835147599598,4.734621175835946,7.758055897809477
2019-12-27,sz000901,46.46,45.59,47.12,45.37,105288,120155483.0,3.84,0.11,0.05,1.86,5.0223788761165515,0.31252402949178215,45.176,45.32533333333333,45.33431279801952,4.852282619383766,4.849114772269931,4.870016248508271,45.446999999999996,45.358363636363634,44.995814157599625,4.93093078744941,4.878427396772491,4.849741728038191,43.949,44.69366666666666,44.35518175714529,4.772417506369793,4.8398663862878015,4.791598537915249,43.19566666666666,44.008817204301074,44.13618708488393,4.686429233481588,4.766173262750741,4.756158448581535,43.95716666666667,43.63099453551913,44.637759926044076,4.666373628796441,4.694684647308061,4.744055854533671,8.079743593552841
2019-12-30,sz000901,45.59,45.19,45.59,44.06,88770,98331196.0,3.36,-0.88,-0.4,1.57,4.948266219880296,-0.07411265623625596,45.272000000000006,45.330000000000005,45.28620853201301,4.84262827552558,4.881109305768774,4.896099572298946,45.451,45.31163636363636,45.031120674399695,4.9153035772109535,4.881579293578106,4.867655272009483,44.13,44.81185714285714,44.43468825646478,4.800841075199959,4.856613882812611,4.806519269530968,43.32233333333333,44.13748387096774,44.20417501489142,4.696900289608846,4.783065971550658,4.768552498342745,43.9425,43.67141530054645,44.65586615797706,4.670928849993637,4.703927027343598,4.750751276348314,7.992691321507714
2019-12-31,sz000901,45.37,45.37,46.16,44.84,59332,66617038.0,2.92,0.4,0.18,1.05,4.773288988053014,-0.17497723182728198,45.334,45.36266666666667,45.314139021342015,4.8354751876915945,4.857996209944586,4.855162710883636,45.351,45.29690909090909,45.092735097236115,4.870807292558645,4.855758459185754,4.850497765835579,44.3135,44.92995238095238,44.5237655653729,4.810116609988725,4.853989874512901,4.803354480818783,43.42433333333334,44.269591397849446,44.27938953005972,4.699780077914325,4.787994274676089,4.768858078324053,43.941833333333335,43.71821857923497,44.67928038230568,4.671934877139157,4.707283097443906,4.751490217715681,7.8235853187056055
2020-01-02,sz000901,45.85,46.07,46.11,45.46,83421,94396232.0,1.43,1.54,0.7,1.47,4.921275391598027,0.1479864035450138,45.552,45.608,45.566092680894684,4.875012864454531,4.886596277913397,4.877200271121767,45.373,45.42763636363636,45.270419625011364,4.857709697330317,4.864934477192915,4.863366425065115,44.510000000000005,45.09723809523809,44.67102598771834,4.827122165336543,4.864576425142359,4.81458504375014,43.568666666666665,44.440279569892475,44.394912786184896,4.711175714891323,4.802284294913746,4.7786914533739875,43.94333333333334,43.78799453551913,44.72487774682025,4.67651476454846,4.7154581962786235,4.757056944728216,7.974954658977436
2020-01-03,sz000901,46.07,46.9,47.2,45.85,147615,169807594.0,2.93,1.8,0.83,2.6,5.169130490862591,0.24785509926456317,45.824,46.05733333333333,46.010728453929794,4.966867993302095,4.984635486716083,4.974510344368708,45.452000000000005,45.70527272727273,45.566706965918385,4.895388481068368,4.921556439653329,4.9189598915737465,44.7265,45.32485714285714,44.88330922698326,4.847439886741189,4.89714864662103,4.848351276808469,43.73633333333333,44.65520430107527,44.556531316108455,4.73296374145384,4.831829764331247,4.803881068695833,43.9535,43.88493442622951,44.79619323053106,4.684351786081971,4.73160953156761,4.770567552798195,8.229957108514226
2020-01-06,sz000901,47.12,47.33,48.25,47.12,173142,202778153.0,2.41,0.92,0.43,3.05,5.238402429838006,0.06927193897541528,46.172,46.559333333333335,46.4504856359532,5.010072704046387,5.075146965561387,5.062474372858475,45.674,46.04672727272727,45.88730569938777,4.931177661715076,4.983922612156898,4.9770403530763385,44.966499999999996,45.57280952380952,45.11632739584199,4.877622042292062,4.934383174535013,4.885499005668425,43.91100000000001,44.88705376344086,44.735464779585335,4.752567876619336,4.864438711968935,4.831914704898553,43.97233333333334,43.995639344262294,44.87926886231693,4.693322953967767,4.749775126444857,4.78590640122573,8.307021162975694
2020-01-07,sz000901,47.25,47.6,47.6,46.68,109459,126974665.0,1.94,0.57,0.27,1.93,5.039251476179356,-0.1991509536586502,46.653999999999996,47.035333333333334,46.83365709063547,5.0282697553062,5.084873222939042,5.054733407298769,45.963,46.39690909090909,46.198704663135445,4.935449015415889,5.003572396604949,4.988351466367796,45.204499999999996,45.82361904761904,45.35286764385704,4.897914223494963,4.94977645395285,4.900142098098038,44.115,45.12505376344086,44.92027350348306,4.76957689448291,4.882934428069582,4.845291270787637,43.976,44.11457923497268,44.968473161913096,4.6968200452127,4.761117045205894,4.794212797125849,8.10371707569364
2020-01-08,sz000901,48.03,48.51,48.99,47.33,197678,233933163.0,3.49,1.91,0.91,3.49,5.295958338457571,0.2567068622782154,47.282,47.653999999999996,47.39243806042364,5.13280362538711,5.174102750656167,5.135141717685037,46.308,46.85999999999999,46.618940178928995,4.984139406539352,5.069119546248891,5.044279988565936,45.479499999999994,46.13842857142857,45.65354691587065,4.9248112317704145,4.987685417282622,4.937838882894185,44.343333333333334,45.40860215053764,45.151868761322866,4.79927079325273,4.916894521229238,4.87436656547602,44.015166666666666,44.263234972677594,45.08458879594873,4.706920959229394,4.780760923672938,4.810663470612134,8.36909179293778
2020-01-09,sz000901,47.51,47.73,47.73,46.9,116807,136222350.0,1.71,-1.61,-0.78,2.06,5.067468869919183,-0.22848946853838825,47.614,47.80333333333333,47.5049587069491,5.162042321051341,5.152324498833524,5.112584101763085,46.583,47.11854545454546,46.820951055487356,5.018527592752936,5.084270357772497,5.048496148811981,45.733,46.352761904761905,45.85130435245439,4.94834218014823,5.0012718590110765,4.950184595944184,44.54866666666667,45.627096774193554,45.31819980897946,4.822116184389403,4.934197622949654,4.886824778665901,44.048,44.38503278688525,45.171323589524185,4.715006315493307,4.792582166646374,4.819083319769741,8.134248368115355
2020-01-10,sz000901,47.38,46.68,47.55,46.29,84045,96948376.0,2.64,-2.2,-1.05,1.48,4.92451188152325,-0.14295698839593296,47.57000000000001,47.492,47.229972471299405,5.113118599183473,5.073147685657494,5.04989336168314,46.696999999999996,47.136181818181825,46.795323590853286,5.039993296242785,5.0671765920943725,5.025953554759484,45.9495,46.442952380952384,45.93022774745874,4.970332856573192,4.999002306761079,4.947739575523143,44.725,45.76460215053763,45.40605788581949,4.841865437872594,4.940803796958289,4.889256204656698,44.06616666666667,44.47132786885247,45.22078838986765,4.722367191895843,4.799451201598175,4.822539993925594,7.986540538529259
2020-01-13,sz000901,47.12,46.85,47.12,46.16,50472,57914415.0,2.06,0.36,0.17,0.89,4.703050514397927,-0.22146136712532272,47.474000000000004,47.251999999999995,47.10331498086627,5.006048216095458,4.936458324062312,4.934279079254736,46.823,47.164,46.80526475615268,5.008060460070922,5.00591426812258,4.967243911057382,46.135,46.52871428571429,46.01782510484362,4.9694956237601655,4.973546845601529,4.92443585541598,44.907000000000004,45.901698924731186,45.49921544157308,4.850965157603502,4.931847995443794,4.877242934317422,44.101,44.56260109289617,45.27420516397035,4.723339299034425,4.798817867909721,4.818622306072228,7.7627866738446265
2020-01-14,sz000901,46.81,46.68,47.64,46.64,66698,77300489.0,2.13,-0.36,-0.17,1.18,4.824112811398012,0.1210622970000852,47.29,46.98733333333333,46.96220998724418,4.9630204831391875,4.875813189163164,4.897556989969162,46.972,47.138000000000005,46.782489345943105,4.995645119222694,4.972469241091143,4.9412200747556785,46.2115,46.58061904761905,46.0808893805728,4.955474348216823,4.9597008634718005,4.914881279795221,45.07733333333333,46.01608602150538,45.57539509050385,4.86577575654087,4.930115586011182,4.873815184451654,44.13666666666666,44.647158469945346,45.32029679793853,4.726421220431685,4.802121917495411,4.818802322640287,7.888182241257652
2020-01-15,sz000901,46.9,45.81,46.9,45.63,71994,81647036.0,2.72,-1.86,-0.87,1.27,4.857296303716392,0.033183492318380026,46.75,46.49400000000001,46.57813999149612,4.8752880761909525,4.840571796022232,4.8841367612182385,47.016000000000005,46.92672727272727,46.605673101226174,5.004045850789032,4.947314910999087,4.92596120729399,46.183499999999995,46.54238095238095,46.05509039194682,4.937426571673838,4.950350573519378,4.909396996359142,45.21433333333333,46.06335483870968,45.5905308911165,4.874759690255493,4.9295685245386345,4.87274945021067,44.150499999999994,44.702021857923505,45.336352640629066,4.7308999220493755,4.806412903832615,4.820064420380486,7.911940423338342
2020-01-16,sz000901,46.02,45.98,46.94,45.76,83163,95081617.0,2.58,0.37,0.17,1.47,4.919930147565943,0.06263384384955106,46.4,46.23733333333333,46.37875999433075,4.845780331720305,4.855452486480561,4.896067890000808,47.007,46.73836363636363,46.49191435554869,5.003911326385824,4.932021146776707,4.924864650979799,46.19,46.522999999999996,46.047938926047124,4.93081051185807,4.948684247413865,4.910400153616933,45.342333333333336,46.11275268817205,45.61565793039931,4.886051885686303,4.932482747590923,4.875793366169075,44.174499999999995,44.762005464480865,45.35745583273959,4.737186245229932,4.812610616144633,4.823338706517714,7.978096558922842
2020-01-17,sz000901,45.98,46.11,46.37,45.81,53431,60674835.0,1.22,0.28,0.13,0.94,4.727793302395854,-0.1921368451700891,46.285999999999994,46.14066666666666,46.28917332955383,4.806436615894826,4.816123476705744,4.839976360799157,46.928,46.575272727272726,46.42247538181256,4.9597776075391495,4.881817869687622,4.889033496691809,46.19,46.51538095238095,46.05384950451882,4.927583044303758,4.92934927508413,4.893009024929211,45.46033333333334,46.16227956989247,45.647550967147744,4.884885793673843,4.922272516410894,4.8662449749579,44.198499999999996,44.825464480874324,45.38212941199403,4.740992598175325,4.81230265080581,4.820206070316997,7.783008603979053
2020-01-20,sz000901,46.46,49.3,49.3,46.46,238099,282702880.0,6.16,6.92,3.19,4.2,5.376757571400706,0.6489642690048516,46.775999999999996,47.14533333333334,47.29278221970256,4.941178027295381,5.006230461874371,5.018903430999673,47.125,47.006545454545446,46.94566167602845,4.973613121695419,4.957632408571542,4.977710601184335,46.399499999999996,46.81157142857143,46.36300669456465,4.952395391705248,4.972127801474315,4.939080315069353,45.68600000000001,46.40999999999999,45.88319284023499,4.909619068759847,4.9540061794900465,4.899181271502598,44.27133333333333,44.992726775956285,45.51058418537127,4.752234829693768,4.833147404026315,4.838453660516463,8.451330232832417
2020-01-21,sz000901,48.86,47.64,48.86,47.47,130057,153271214.0,2.82,-3.37,-1.66,2.29,5.11413373199948,-0.26262383940122547,46.967999999999996,47.43333333333333,47.408521479801706,4.9991822114156745,5.063882363442404,5.050646864666276,47.129,47.10018181818182,47.07190500765964,4.9811013472774315,4.9831816104450075,5.002514806787088,46.54600000000001,46.92971428571428,46.48462510460611,4.958275181346661,4.9875314529309085,4.955752069062699,45.846,46.53606451612904,45.996535237639186,4.925643264755786,4.967200673892603,4.913049172179816,44.299,45.10317486338798,45.58040109732631,4.757004227058994,4.84501294180683,4.8474923513847585,8.185460597288486
2020-01-22,sz000901,46.98,47.77,47.81,46.16,93939,108750231.0,3.46,0.27,0.13,1.66,4.972845932717642,-0.1412877992818382,47.36,47.70066666666666,47.529014319867805,5.022292137215926,5.055103603876393,5.024713220683398,47.05499999999999,47.216727272727276,47.19883136990334,4.94879010670344,4.981680625979592,4.997120466047189,46.6815,47.04628571428571,46.60704176131029,4.966464756621396,4.988919143537669,4.957380056077456,46.004666666666665,46.6601935483871,46.11095231908182,4.932804190081423,4.970246007309497,4.916907027698386,44.34116666666667,45.2169781420765,45.65219122528282,4.76324614579703,4.85208971904154,4.851602304871083,8.036430188127078
2020-01-23,sz000901,47.51,47.86,49.39,46.77,189107,223983491.0,5.48,0.19,0.09,3.34,5.276707605022232,0.30386167230459016,47.736000000000004,47.867333333333335,47.63934287991187,5.093647628707183,5.13990875981183,5.108711348796343,47.068,47.36309090909091,47.31904384810273,4.969713980213744,5.0413019893102815,5.047954491315378,46.8255,47.158523809523814,46.726371117375976,4.99412078648334,5.0184660814806055,4.9877922035960065,46.178000000000004,46.779892473118274,46.22379410494751,4.955466113503402,4.992433324402453,4.940119968170892,44.40166666666667,45.33234972677596,45.72457839822436,4.774639275029002,4.86892452098335,4.865540183564563,8.350216009263521
2020-02-03,sz000901,42.7,42.7,42.7,42.7,16338,17301942.0,0.0,-10.78,-5.16,0.29,4.213198891723608,-1.0635087132986243,47.054,46.18866666666666,45.99289525327458,4.990728746572733,4.846425847483971,4.810207196438766,46.67,46.56890909090909,46.479217693902235,4.89858268123378,4.903753791402982,4.896180745935056,46.683499999999995,46.76561904761904,46.34290720143541,4.969287988738282,4.944092567693965,4.914021411989111,46.18966666666667,46.55550537634408,45.99645254978961,4.9464161314600545,4.944545116545691,4.893221834206551,44.382666666666665,45.27655737704919,45.62541189336454,4.769475628269672,4.850516639563501,4.84415194448781,7.238094851831093
2020-02-04,sz000901,38.07,40.96,41.52,38.07,172240,174045476.0,8.08,-4.07,-1.74,3.04,5.236134016815431,1.0229351250918226,45.386,44.157333333333334,44.31526350218306,4.962604035655678,4.9282276042315365,4.952182803230988,46.081,45.530727272727276,45.475723567738186,4.9518910314755304,4.965126761508738,4.9579904315496695,46.452,46.220523809523804,45.83024937272728,4.979975745773226,4.969506475129883,4.944698802924951,46.117,46.21810752688172,45.671520127222536,4.963627426331954,4.963236593020232,4.91534520082648,44.331,45.16433879781421,45.47244756899193,4.775988862938204,4.865816914597787,4.857003815711666,8.240662739060864
2020-02-05,sz000901,40.83,42.22,43.71,40.56,160449,168418984.0,7.69,3.08,1.26,2.83,5.205337014695248,-0.03079700212018288,44.30200000000001,43.102000000000004,43.61684233478871,4.980844692194832,5.009138597244726,5.036567540385741,45.635,44.82872727272727,44.88377382814942,4.990013451805254,5.011207849366869,5.0029625375761375,46.3035,45.81747619047619,45.4864160991342,4.992829285513974,4.990969453122456,4.969521489760218,46.01933333333333,45.96668817204301,45.44884140933721,4.966987382746299,4.9788307600114114,4.934054350108337,44.2945,45.09512568306011,45.36580994377908,4.785496477503683,4.879893903179987,4.868424576334078,8.226391043112343
2020-02-06,sz000901,41.92,45.81,46.81,41.74,229009,253064081.0,12.01,8.5,3.59,4.04,5.359852550346576,0.15451553565132858,43.910000000000004,43.60466666666666,44.34789488985914,5.058246015720619,5.135474549961974,5.144329210372686,45.635,44.86054545454545,45.05217858666771,5.040269076468272,5.078451321828927,5.067851630807126,46.3255,45.77047619047619,45.51723361350238,5.022157463628652,5.025924049773181,5.006695876482728,46.00066666666667,45.95318279569893,45.47214196357352,4.971707406605317,5.004176899856592,4.9615252017366105,44.318666666666665,45.14481420765027,45.38037355217976,4.799043010895216,4.898725249830573,4.884536968924652,8.403230507345114
2020-02-07,sz000901,46.33,46.94,47.55,44.58,209074,238646453.0,6.48,2.47,1.13,3.69,5.3203000282332455,-0.039552522113330824,43.726,44.61466666666667,45.211929926572765,5.066964500362822,5.2228258874661835,5.20298614965954,45.731,45.097818181818184,45.395418843637216,5.080306064535002,5.129366040331649,5.113751339430056,46.369,45.82899999999999,45.6527351741212,5.042108695460413,5.054318579735523,5.036562938554206,46.037,46.01378494623657,45.56684248205265,4.9806423627503795,5.026666746413231,4.9846719647363935,44.35216666666666,45.23075956284152,45.431508845550916,4.805883754041704,4.915815643841656,4.898824282344606,8.377754983835407
2020-02-10,sz000901,46.72,47.12,48.6,46.5,153854,179220978.0,4.47,0.38,0.18,2.71,5.187108791810941,-0.1331912364223049,44.61,45.746,45.847953284381845,5.261746480380289,5.262873984615555,5.1976936970433405,45.832,45.35036363636364,45.70897905388499,5.12623761347651,5.148784718018184,5.127089058044762,46.38,45.900523809523804,45.79247468134775,5.04300761050783,5.068128112721287,5.050900638864371,46.07066666666667,46.08365591397848,45.667046192887966,4.993801234028009,5.039987161191332,4.997732405192816,44.39233333333334,45.321508196721304,45.48686921127056,4.8153475471408,4.92831482540786,4.908276233474649,8.253388842917715
2020-02-11,sz000901,46.77,45.33,46.9,45.11,117246,132739165.0,3.8,-3.8,-1.79,2.07,5.06909803511795,-0.11801075669299088,45.483999999999995,45.986,45.675302189587896,5.228339284040791,5.198657836194777,5.154828476401544,45.435,45.25909090909091,45.64007377136044,5.0954716598482355,5.138395703771173,5.116545235694432,46.279999999999994,45.80052380952381,45.74842947360034,5.034542390771827,5.070612915065109,5.052633724221854,46.077999999999996,46.035870967741936,45.645301277217776,5.0000874810862435,5.044845019326167,5.002336639381534,44.404,45.352251366120214,45.48172595844201,4.823694449724156,4.93663451353826,4.913549079430167,8.122999081371166
2020-02-12,sz000901,45.28,46.64,46.68,44.8,134391,152038081.0,4.15,2.89,1.31,2.37,5.128370185524258,0.059272150406307844,46.367999999999995,46.37133333333333,45.99686812639193,5.212945918206595,5.165334803355932,5.146009046109116,45.335,45.478181818181824,45.821878540204,5.0968953052007135,5.144377253894086,5.118695226572583,46.232,45.83480952380952,45.833340952305065,5.0389983262390725,5.079548895517721,5.0598467205363695,46.14233333333333,46.07212903225807,45.709475388365014,5.0044818892980105,5.0531213228382965,5.010467835906871,44.46516666666666,45.42556284153005,45.51970215652588,4.830753771192713,4.946623881925147,4.920592394384071,8.181952379371145
2020-02-13,sz000901,46.64,45.63,46.64,45.37,101496,114805789.0,2.72,-2.17,-1.01,1.79,5.006448926858506,-0.12192125866575143,46.332,46.12533333333333,45.87457875092796,5.14226519350898,5.096502472906568,5.099489006358914,45.121,45.53181818181818,45.78699153289418,5.1002556046148,5.127932457831866,5.09828680844275,46.088,45.77747619047619,45.81397514732363,5.024522855659119,5.076448952719573,5.054761216376573,46.16133333333333,46.039075268817214,45.704347943954375,5.01106170595253,5.053248228487361,5.010208551452138,44.50516666666667,45.46375409836065,45.52331847926274,4.839058037873262,4.952384378832224,4.923407362661921,8.059963787603488
2020-02-14,sz000901,45.76,45.46,46.02,44.93,99525,111702573.0,2.39,-0.37,-0.17,1.76,4.9979321862561354,-0.008516740602370731,46.036,45.834666666666664,45.73638583395197,5.077791625113558,5.048391470488954,5.0656367329913214,44.881,45.59345454545454,45.72753852691341,5.07237806273819,5.1093281999484725,5.080040513499728,45.9745,45.71766666666666,45.7802632285309,5.021046021475966,5.073916508014527,5.049348927793674,46.17733333333333,45.99382795698924,45.68858356047345,5.020206545234957,5.052401162700498,5.009416527891106,44.5555,45.49506010928962,45.52124246354921,4.846273422573988,4.957593367303792,4.925850799501076,8.048063176936845
2020-02-17,sz000901,45.85,50.35,50.35,45.5,404769,484532352.0,10.67,10.76,4.89,7.14,5.60720724384045,0.6092750575843144,46.682,47.272666666666666,47.274257222634645,5.16181131551946,5.224863343397918,5.2461602366076985,45.646,46.58781818181818,46.56798606747461,5.211778897949874,5.206569869239793,5.175889009925314,46.158,46.13438095238096,46.2154762543851,5.055180789591827,5.129741386334953,5.1024782912267,46.337666666666664,46.26303225806451,45.989320104959035,5.050118291808813,5.090272175513756,5.047983670855579,44.685833333333335,45.68504371584699,45.6795623827771,4.86455358431276,4.982542017181381,4.948190355053185,8.685322779995664
2020-02-18,sz000901,51.92,50.61,52.58,49.82,454343,568792960.0,5.48,0.52,0.26,8.01,5.657383841324837,0.05017659748438685,47.738,48.582,48.386171481756435,5.2794684767608375,5.390054185333044,5.383234771513411,46.611000000000004,47.49036363636363,47.30289769157013,5.253903880400815,5.287588949853423,5.263433524725227,46.346000000000004,46.55838095238095,46.63400232539605,5.102897455938172,5.187094057928572,5.155326438855094,46.505,46.538666666666664,46.28742848528426,5.071285123982422,5.129450598063176,5.087299810885854,44.85033333333333,45.879278688524586,45.841216075145056,4.878857178732005,5.008536451837514,4.971442600504714,8.75495421245435
2020-02-19,sz000901,49.21,48.99,50.96,48.99,314793,384366480.0,3.89,-3.2,-1.62,5.55,5.498025066459665,-0.15935877486517214,48.208000000000006,48.99933333333333,48.587447654504295,5.353399452947918,5.4629063818993195,5.421498203162162,47.288,47.92290909090909,47.609643565830105,5.283172685577256,5.3319746200459415,5.306086532313306,46.4615,46.81019047619047,46.858383056310714,5.136593068691255,5.2247252589306195,5.187964403388863,46.63166666666667,46.698989247311836,46.46178793784657,5.089610418868402,5.156982207255256,5.113798214471261,44.977,46.01500546448087,45.94445489235341,4.893255354238623,5.028837038320388,4.9887075993884835,8.58474550650487
2020-02-20,sz000901,49.56,50.0,50.22,48.82,239282,291700816.0,2.86,2.06,1.01,4.22,5.3789100300188055,-0.11911503644085908,49.082,49.59666666666667,49.0582984363362,5.427891673579978,5.471409907589615,5.40730214544771,47.70700000000001,48.416,48.04425382658827,5.285078433544479,5.349381409944405,5.31932716825976,46.67100000000001,47.147190476190474,47.15758466999541,5.1626737550063755,5.247803064771338,5.206149701163143,46.785999999999994,46.91630107526882,46.69005968379196,5.109797786933927,5.175646698297217,5.130902202571103,45.10516666666667,46.17969398907105,46.0774235844074,4.904788932424126,5.044760142444329,5.001501121704232,8.464937644013064
2020-02-21,sz000901,50.13,51.13,51.83,49.74,301018,375173904.0,4.18,2.26,1.13,5.31,5.4785924659159155,0.09968243589711001,50.215999999999994,50.27933333333333,49.74886562422414,5.524023729511934,5.4883101717015945,5.431065585603779,48.126000000000005,49.03836363636365,48.6052985853904,5.300907677312746,5.384565779466483,5.348284495106333,46.9285,47.571857142857155,47.535909939519655,5.190606870923874,5.277890561048437,5.232096631139598,46.95466666666666,47.19655913978496,46.97650744612796,5.128375022744524,5.19943990339283,5.153333832464317,45.26166666666667,46.37722950819672,46.24308182754158,4.919775368817922,5.063573373050617,5.017143460858713,8.574232622503008
2020-02-24,sz000901,51.7,51.48,52.79,49.74,455944,572320928.0,5.97,0.68,0.35,8.04,5.658911504979189,0.1803190390632734,50.44199999999999,50.70066666666666,50.325910416149426,5.534364581739682,5.533272763524013,5.507014225395583,48.562,49.648181818181826,49.12797156986487,5.348087948629571,5.449657384496746,5.4047621332650335,47.197,48.00533333333334,47.91153756432731,5.2371627810530414,5.32249100238704,5.2727456667433685,47.10733333333334,47.488516129032256,47.26705535282939,5.144701056548411,5.233668063537001,5.185951746820115,45.42183333333333,46.58110928961748,46.41478406270415,4.938832399001126,5.087807344728036,5.038185036075777,8.757639627000017
2020-02-25,sz000901,50.04,53.06,54.02,48.25,421815,526859808.0,11.21,3.07,1.58,7.44,5.6251220194560965,-0.033789485523092466,50.932,51.57333333333333,51.23727361076629,5.527912217365935,5.563525242762817,5.546383490082421,49.334999999999994,50.466,49.84288582988943,5.403690347063386,5.5000272155561145,5.444827567117954,47.385000000000005,48.56371428571429,48.401867320105666,5.249581003455811,5.3594395012825675,5.306305319382676,47.29833333333333,47.87255913978494,47.64079371716298,5.15759170953568,5.264662964369756,5.214285312796631,45.60466666666667,46.83154098360656,46.632659995074505,4.955079793077507,5.110308643759347,5.057428871596443,8.72169506927009
2020-02-26,sz000901,51.83,52.44,54.8,51.48,433013,563386000.0,6.26,-1.17,-0.62,7.64,5.636500935021989,0.0113789155658921,51.622,52.07600000000001,51.638182407177524,5.555607391078399,5.599721481981502,5.576422638395611,49.915,51.03054545454546,50.315088406273176,5.4545034220131585,5.54235641336677,5.479677270373233,47.625,49.04514285714286,48.78645138485751,5.275699363606936,5.396289018574585,5.337752520872134,47.459666666666664,48.20427956989247,47.950419928958915,5.177500024830435,5.295560333755969,5.241525030359557,45.787333333333336,47.05565027322404,46.823064585399926,4.973538459656672,5.1326503205444105,5.0764148408890835,8.750806050675507
2020-03-06,sz000901,53.48,54.64,56.91,52.42,307929,376835872.0,8.56,4.2,2.2,4.45,5.488450591621272,-0.14805034340071632,52.55,53.082,52.63878827145169,5.577515503398892,5.57733588216246,5.547098622804165,50.815999999999995,51.88963636363636,51.10143596876896,5.502703588489435,5.548528626022789,5.481272419691058,47.9685,49.7132380952381,49.34393220534727,5.3014795965521175,5.416551040290235,5.352104718086338,47.664,48.66752688172043,48.38200573999382,5.183916433269226,5.315621660645699,5.257455711731281,46.00366666666666,47.345901639344255,47.07935754981305,4.991593613260977,5.149532685526857,5.089924209765549,8.576152237725212
2020-03-09,sz000901,52.74,50.78,53.53,50.31,194308,226723878.0,5.89,-7.06,-3.86,2.81,5.288490681630825,-0.19995990999044722,52.48,52.492,52.01919218096779,5.539495146541874,5.480994274906437,5.460895975746385,51.348,51.88309090909091,51.04299306535642,5.531759438026905,5.50958082477577,5.446221194589197,48.1145,49.981,49.48070056674277,5.302068750382547,5.415314000773923,5.346046238423908,47.76566666666667,48.86855913978495,48.53671504709099,5.1912838269929455,5.322368386346449,5.259457967853832,46.15716666666667,47.50250273224043,47.20069008916344,5.006700005691174,5.159267015637344,5.096434585892279,8.355497261359618
2020-03-10,sz000901,49.51,52.9,53.21,49.25,182150,210211819.0,7.8,4.17,2.12,2.63,5.260429175577935,-0.028061506052890373,52.763999999999996,52.632,52.312794787311866,5.459798680661623,5.387972284585124,5.394073709023568,51.602999999999994,52.16527272727273,51.38063068983707,5.497081631200652,5.460248049785048,5.412440827496241,48.6245,50.4367619047619,49.806348131814886,5.354430264575264,5.411348326983006,5.337892232438577,47.973,49.1998064516129,48.81821730211738,5.202481070128102,5.326829376577737,5.259520626416677,46.349,47.72357923497268,47.387552709190864,5.022173254000348,5.167586004813958,5.101811457685251,8.32265713025636
2020-03-11,sz000901,52.95,52.95,55.86,52.37,246412,299665664.0,6.6,0.09,0.05,3.56,5.391661853682659,0.13123267810472417,52.742,52.693999999999996,52.52519652487458,5.413106647506936,5.365260008925469,5.3932697572432655,51.837,52.41018181818182,51.66597056441215,5.470509432436435,5.441080817509049,5.4086628322574075,49.224000000000004,50.848714285714294,50.10574354783252,5.362206656418625,5.414894192612283,5.343013148747537,48.17633333333333,49.52090322580645,49.08478392778723,5.225434781437594,5.339034588419967,5.26804586688545,46.541666666666664,47.940005464480876,47.569928030201,5.038199969520548,5.1797003851314125,5.111314749357297,8.476636983887886
2020-03-12,sz000901,51.31,50.94,52.68,50.31,133988,155382322.0,4.48,-3.8,-2.01,1.94,5.127065904580113,-0.2645959491025458,52.44199999999999,52.09333333333334,51.996797683249724,5.31121964141856,5.269913094616528,5.304535139688881,52.032,52.247090909090915,51.53397591633721,5.43341351624848,5.37863653971699,5.357463390861535,49.66,51.012142857142855,50.18519654327704,5.358293100912868,5.3924998352943305,5.322446744541115,48.318333333333335,49.69920430107527,49.20447528728483,5.235533217876996,5.3326882092678725,5.258950385446396,46.69783333333334,48.0842131147541,47.680422193145226,5.050654487208934,5.1826140223464785,5.111831180676077,8.191401607163927
2020-03-13,sz000901,48.14,49.62,50.73,47.35,153874,171585296.0,6.64,-2.59,-1.32,2.22,5.187165243545267,0.06009933896515385,51.438,51.15266666666667,51.20453178883315,5.250962571803359,5.228561628658764,5.265411840974344,51.99399999999999,51.80854545454545,51.18598029518499,5.414239037601126,5.3338641264982245,5.3265000913494855,49.8505,51.00833333333333,50.13136830106017,5.3496587355728025,5.376201944116463,5.309562792065321,48.44533333333334,49.78318279569891,49.23128333326646,5.246528849204626,5.329567694794858,5.254319085968905,46.82983333333333,48.180021857923506,47.74401490812407,5.0606442697300595,5.187089784849309,5.114301149950476,8.23448006824653
2020-03-16,sz000901,49.67,44.6,49.67,43.65,257413,276697712.0,12.13,-10.12,-5.02,3.72,5.4106304760792385,0.22346523253397166,50.202,48.873333333333335,49.00302119255544,5.275390530693043,5.28178426341739,5.313818052675976,51.340999999999994,50.46418181818182,49.98852933242408,5.407442838617458,5.333208024403336,5.341796524936713,49.7335,50.50828571428571,49.60457132000682,5.354175257965102,5.382008776545647,5.319188285780932,48.39933333333333,49.535096774193555,48.9324908601525,5.262885526821735,5.340154896528705,5.264403691782475,46.87083333333333,48.106912568306015,47.640932452120005,5.074468706254019,5.19856474243453,5.124016865561255,8.44200556799573
2020-03-17,sz000901,44.65,43.54,45.28,41.27,181087,182198382.0,8.99,-2.38,-1.06,2.62,5.257887273997586,-0.15274320208165282,48.33,46.65266666666666,47.1820141283703,5.274882150376973,5.275949844518904,5.29517445978318,50.547000000000004,49.045818181818184,48.81606945380151,5.3673404155192985,5.306016103563359,5.326540297493235,49.5545,49.918428571428564,49.02699309905379,5.357714182074434,5.372838492358265,5.3133500941825185,48.31366666666666,49.22159139784947,48.584588224013636,5.2805553258751265,5.339832428604565,5.263983277731837,46.88699999999999,47.99770491803278,47.50647565041115,5.082720559774485,5.2045784659671055,5.128406059280478,8.260544515932304
2020-03-18,sz000901,44.23,42.38,44.65,42.38,134838,136513870.0,5.21,-2.66,-1.16,1.95,5.129812302174316,-0.12807497182326966,46.216,44.669333333333334,45.58134275224687,5.222512240075304,5.227593228451353,5.240053740580225,49.479,47.5609090909091,47.645875007655775,5.31780944379112,5.262829173864271,5.290771571071613,49.407,49.235142857142854,48.39394613723915,5.3607498954272526,5.351133551415397,5.295870304467451,48.083,48.838774193548396,48.18429220956115,5.272323816900913,5.33010707223677,5.255327085760385,46.8845,47.8499344262295,47.3383944815452,5.090971442830381,5.2061224575211975,5.128452165604866,8.135176778544887
2020-03-19,sz000901,41.43,41.96,42.38,39.42,214366,206083481.0,6.98,-0.99,-0.42,3.1,5.331155904232855,0.20134360205853863,44.42,43.25066666666667,44.37422850149792,5.263330240005852,5.263807783170536,5.270421128464435,48.431,46.19381818181818,46.61207955171836,5.287274940712207,5.265255803035496,5.29811417710093,49.173,48.52590476190476,47.781189362263994,5.370889181362683,5.348315076063549,5.299230837778442,47.893666666666675,48.44374193548387,47.782724970234625,5.279557889308693,5.333902690774315,5.260219267597319,46.86983333333333,47.688475409836066,47.16205367887159,5.10260057703224,5.213997357895049,5.135098189822178,8.314043181502328
2020-03-20,sz000901,42.22,43.38,43.7,41.37,141175,139969695.0,5.55,3.38,1.42,2.04,5.149757796408917,-0.18139810782393795,43.172000000000004,42.904,44.04281900099862,5.255848750578583,5.225950301971557,5.2302000177792625,47.30499999999999,45.275454545454544,46.0244287241332,5.253405661190971,5.240252685889444,5.271140289702382,49.060500000000005,47.97419047619048,47.362028470619805,5.378054624840203,5.32725494416319,5.284995310028963,47.74733333333334,48.152537634408596,47.498678197961425,5.285454951431736,5.325528491232395,5.253092721069034,46.876,47.57405464480875,47.038051918908586,5.109129570756579,5.215543496235267,5.135578832661087,8.146034016257133
2020-03-23,sz000901,41.59,41.32,42.64,40.79,107356,104861626.0,4.26,-4.75,-2.06,1.55,5.030826321656044,-0.11893147475287247,42.516000000000005,42.28666666666667,43.13521266733242,5.179887919693943,5.150942825664044,5.163742119071523,46.359,44.18727272727272,45.169078047018075,5.227639225193493,5.199783715064911,5.227446840966684,48.853500000000004,47.236999999999995,46.786597187703634,5.379699331610199,5.294185581955175,5.260788739707732,47.52933333333333,47.73787096774193,47.100053798092944,5.277258908652863,5.309100837698478,5.238752953364971,46.85366666666666,47.391890710382505,46.85057480681322,5.1163625110781314,5.212976176592627,5.132144324103545,8.020616587664874
2020-03-24,sz000901,42.38,42.43,42.54,40.9,105297,103418918.0,3.97,2.69,1.11,1.52,5.022415997947066,-0.008410323708978318,42.294000000000004,42.258,42.90014177822162,5.13279366448384,5.098452185081753,5.116633412030038,45.312,43.47290909090909,44.671063856651145,5.203837907430406,5.162470401020106,5.190168505872208,48.457499999999996,46.6252380952381,46.3716831698271,5.350459769315529,5.2601585977967815,5.238086573825764,47.52033333333333,47.4088817204301,46.79876000466759,5.304232812193645,5.292659359588425,5.224795730434783,46.855000000000004,47.246852459016395,46.705637927901314,5.12532447182685,5.209895963047347,5.128546674065628,8.014599989739594
2020-03-25,sz000901,43.7,43.28,43.86,42.8,104044,104746423.0,2.5,2.0,0.85,1.5,5.017217040414781,-0.005198957532284609,42.474000000000004,42.586666666666666,43.02676118548108,5.110274612131933,5.0599266437254,5.083494621491619,44.345,43.103454545454554,44.41814315544184,5.166393426103618,5.128539334289994,5.158722784879949,48.090999999999994,46.13214285714286,46.07723715365309,5.318451429270026,5.228421195044328,5.217051380167575,47.59766666666667,47.13531182795698,46.571743230172906,5.296935579646956,5.274142213022048,5.211403556885106,46.85733333333334,47.1296393442623,46.593321930265205,5.1302815029894555,5.2063514570994105,5.12489652214265,8.020139201109584
2020-03-26,sz000901,42.91,42.75,43.22,42.33,88596,88350909.0,2.06,-1.22,-0.53,1.28,4.94741411447009,-0.06980292594469173,42.632000000000005,42.67866666666667,42.93450745698739,5.03352625417938,5.005639811171451,5.038134452484443,43.525999999999996,42.81345454545455,44.11484439990696,5.148428247092616,5.088724913992988,5.120303026623611,47.778999999999996,45.62347619047619,45.76035742473374,5.290920881670548,5.193084307920525,5.191371640577339,47.61533333333333,46.82255913978495,46.32517915080692,5.2883381496394515,5.251592441075155,5.194371979955105,46.81733333333333,46.99497267759564,46.46731137517454,5.127662766192875,5.200355805016809,5.119077426809123,7.946211022112768
2020-03-27,sz000901,43.28,42.38,43.81,42.33,83067,83390153.0,3.46,-0.87,-0.37,1.2,4.919428526018716,-0.027985588451374,42.432,42.59466666666666,42.7496716379916,4.987460400101339,4.967607235117898,4.998565810329201,42.802,42.60509090909091,43.79941814537842,5.121654575339962,5.04708860107046,5.083780390149993,47.398,45.10928571428571,45.438418622378144,5.267946806470543,5.157704083572733,5.16547229633366,47.501,46.48479569892474,46.07065146365809,5.273657348828522,5.227791820196399,5.17663369260437,46.75083333333334,46.849486338797824,46.33330116615242,5.122682377716918,5.193528452879951,5.112531561209437,7.921114770658779
2020-03-30,sz000901,41.64,41.27,42.38,40.37,100668,97225689.0,4.74,-2.62,-1.11,1.45,5.002891440444188,0.08346291442547216,42.422000000000004,42.20733333333333,42.25644775866107,4.981873423858969,4.97275091523218,5.000007687034197,42.469,42.32654545454545,43.3395239371278,5.080880671776456,5.025495303816683,5.069073308385301,46.905,44.525666666666666,45.041426372627846,5.2441617551969575,5.132460715379746,5.149988405296567,47.312000000000005,46.082795698924734,45.76093201438983,5.263077062568887,5.210323051913536,5.165424515045649,46.674499999999995,46.669786885245905,46.16729129185234,5.121859712659633,5.18960088116609,5.108936803151559,7.987781029503609
2020-03-31,sz000901,41.64,41.22,42.01,41.16,64872,63228992.0,2.06,-0.12,-0.05,0.94,4.812057287410331,-0.19083415303385642,42.18,41.806666666666665,41.91096517244071,4.939801681751621,4.916145536415968,4.937357553826242,42.237,42.09945454545454,42.954155948559105,5.03629767311773,4.9766183248410245,5.0223431227534885,46.391999999999996,43.9842380952381,44.67748100380614,5.201819044318514,5.091307908923876,5.117804489307401,47.11533333333333,45.68976344086021,45.467968658622745,5.250575345755534,5.181225001903308,5.142626629391757,46.592999999999996,46.49095081967212,46.00508501998832,5.1221882898917706,5.17944342460054,5.099203048537093,7.800916258322356
2020-04-01,sz000901,41.22,40.63,41.85,40.58,64231,62167487.0,3.08,-1.43,-0.59,0.93,4.807744683513418,-0.004312603896913458,41.65,41.29,41.48397678162715,4.897907210371349,4.872126537003234,4.894153263721968,42.062,41.80727272727273,42.531582139730176,5.00409091125164,4.935063235822057,4.983325224709839,45.770500000000006,43.435476190476194,44.29200662249128,5.16095017752138,5.053777017418629,5.0882749839936885,46.958666666666666,45.271354838709684,45.15584164838903,5.241863567368716,5.152655281758655,5.121021342560897,46.51833333333333,46.29544262295082,45.828852724251,5.120975524227479,5.169133798161906,5.0896470365691036,7.793563312211469
2020-04-02,sz000901,40.48,41.96,42.01,40.05,81923,79144394.0,4.82,3.27,1.33,1.18,4.913405847679482,0.1056611641660643,41.492000000000004,41.39333333333334,41.64265118775143,4.891105557013227,4.8772927494392775,4.900570791707806,42.062,41.78872727272727,42.42765811432469,4.962315905596304,4.918575042445303,4.97061261070432,45.2465,43.072571428571436,44.069910753682585,5.124795423154255,5.030201366957497,5.071620780535192,46.80266666666667,44.94886021505376,44.9496583162349,5.234698089440556,5.131464461133543,5.107626794504031,46.4725,46.14598907103825,45.70200509394768,5.119589989369284,5.162328234996397,5.083868636933378,7.89842015809806
2020-04-03,sz000901,41.74,42.59,42.59,41.53,85473,83992239.0,2.53,1.5,0.63,1.23,4.931828947443176,0.018423099763693607,41.534000000000006,41.75933333333334,41.95843412516763,4.8935856412981185,4.890867212915928,4.91099017695293,41.983000000000004,41.88472727272727,42.45717482081111,4.940523020699729,4.913031959144733,4.96356103556593,44.644,42.81957142857142,43.928966872379476,5.09696434094535,5.011823607365964,5.058307272621667,46.70133333333333,44.677075268817205,44.797422295832654,5.232210756793378,5.111924516488552,5.096284997919461,46.431333333333335,46.018693989071025,45.59997214004776,5.121636231372955,5.156172135261114,5.07888372908124,7.924239158500079
2020-04-07,sz000901,43.33,45.18,46.18,43.33,178041,184969448.0,6.69,6.08,2.59,2.57,5.250520024912115,0.3186910774689391,42.315999999999995,42.974666666666664,43.032289416778426,4.943111358191705,5.009845340787259,5.024166792939325,42.369,42.466,42.952233944300005,4.962492391025336,4.969395050819712,5.015735397265236,44.364,42.870619047619044,44.048112884533815,5.095065808109415,5.026447958219943,5.076613249030281,46.692,44.578924731182795,44.822104728359584,5.240630351415245,5.113105759592986,5.106235644822213,46.434666666666665,45.97766666666667,45.58620256168554,5.130418448325101,5.160397833409939,5.084511148616679,8.267100000507032
2020-04-08,sz000901,44.44,45.71,46.61,44.23,180240,189197274.0,5.27,1.17,0.53,2.6,5.2558511787157745,0.005331153803659561,43.214,44.106,43.92485961118562,5.031870136452794,5.114091947628615,5.101394921531475,42.697,43.073454545454545,43.45364595442727,4.9858359091022075,5.022733012217974,5.0593928120744245,44.0045,42.99880952380953,44.20638784791154,5.0948369082663065,5.041760850658643,5.093683528047947,46.537333333333336,44.51556989247313,44.87938829427188,5.228918482577755,5.114087748451083,5.11588825991212,46.4375,45.95390710382513,45.59026149408929,5.139518387193285,5.164510381947339,5.090128854521567,8.27691487469111
2020-04-09,sz000901,45.97,45.71,47.24,45.34,162775,172980253.0,4.16,0.0,0.0,2.35,5.2115877040189345,-0.04426347469684,44.230000000000004,44.937999999999995,44.51990640745708,5.112638740553896,5.173997803483997,5.138125849027295,42.94,43.62127272727273,43.863892144531405,5.005272975462622,5.063778793111925,5.08706461060979,43.6425,43.16123809523809,44.3495890052533,5.08583320078312,5.052879974063656,5.1049124971880415,46.374,44.4621935483871,44.93297614625433,5.2140586113342255,5.112969633705354,5.122062417596431,46.439499999999995,45.93005464480875,45.594187346742096,5.142671867658324,5.166873310367852,5.094111111882136,8.23799652796912
2020-04-10,sz000901,45.76,44.55,46.08,44.23,130733,136185146.0,4.05,-2.54,-1.16,1.89,5.116385227281569,-0.0952024767373656,44.748000000000005,45.044666666666664,44.52993760497139,5.153234616474314,5.175246632393221,5.130878975112053,43.12,43.914,43.98863902734388,5.02217008674377,5.0839810207153695,5.09239563182284,43.323,43.24766666666666,44.368675766657745,5.085299166918193,5.055789690873031,5.10600513814933,46.226,44.34451612903226,44.90826800778631,5.201337283361622,5.106668125056794,5.121696147253537,46.42883333333334,45.8681038251366,45.55995169602924,5.145473851115012,5.166011453306319,5.094841410747691,8.134129740748323
2020-04-13,sz000901,43.75,43.65,44.39,43.22,85840,87202410.0,2.63,-2.02,-0.9,1.24,4.933689708957894,-0.18269551832367448,44.959999999999994,44.67866666666667,44.236625069980924,5.153606768777257,5.1020649965544145,5.065149219727334,43.247,44.01036363636364,43.92706829509954,5.023596205037688,5.067893679299756,5.063540009483758,43.0245,43.27880952380952,44.300230455547485,5.072625390188825,5.041350694876813,5.089594144893003,46.01433333333333,44.178322580645165,44.82708942663881,5.186496605992925,5.089400539611394,5.109566699621561,46.400166666666664,45.776994535519115,45.49733032894631,5.148147196463426,5.159067710940512,5.0895577483939265,7.940528487630253
2020-04-14,sz000901,43.86,44.33,44.49,43.86,69933,71571064.0,1.44,1.56,0.68,1.01,4.844682159092515,-0.08900754986537951,44.790000000000006,44.468666666666664,44.26775004665395,5.072439195613337,4.9990901266595,4.991660199515728,43.553000000000004,44.20727272727272,44.00032860508144,5.007775276902521,5.035363852764269,5.0237476730489865,43.011,43.40314285714285,44.303065650257246,5.044327974339488,5.019641815724783,5.066269193864385,45.787666666666674,44.069655913978494,44.79501914104921,5.165366262432145,5.067347994650078,5.092477374426139,46.37116666666667,45.70912021857924,45.459057203407085,5.146870642588335,5.149118037584088,5.081529040547979,7.854737473632748
2020-04-15,sz000901,43.65,42.96,43.75,42.85,125548,126359068.0,2.03,-3.09,-1.37,1.81,5.09880979872252,0.2541276396300054,44.239999999999995,43.858666666666664,43.83183336443597,5.041030919614687,5.0078803276958945,5.027376732584659,43.727,44.09945454545454,43.81117794961209,5.03645052803374,5.05191558400427,5.0373953322623555,42.982000000000006,43.39828571428572,44.17515463594703,5.036374100575735,5.024830560904119,5.0693682990889695,45.50366666666667,43.88722580645161,44.67663080936862,5.146696205556923,5.0630540292494555,5.092885917929132,46.30550000000001,45.597278688524604,45.377120901656035,5.1456986310526664,5.147542272211439,5.08209562278321,8.101606413972982
2020-04-16,sz000901,42.64,43.17,43.44,42.22,86250,86190042.0,2.84,0.49,0.21,1.25,4.935759103745312,-0.16305069497720837,43.732,43.502,43.61122224295732,4.985865199559962,4.9727897224061035,4.996837522971544,43.981,43.99818181818181,43.69460014059171,5.049251970056929,5.033608052315464,5.0189160179865295,43.0215,43.41619047619047,44.07942562299969,5.026671440654285,5.015248180253604,5.056643613818145,45.17399999999999,43.736666666666665,44.57942882166742,5.123717441699897,5.0494451839712875,5.082748704110821,46.23616666666666,45.49447540983607,45.304756281929606,5.140654575617788,5.140659009021035,5.077297704126229,7.935457092341309
2020-04-17,sz000901,43.33,42.7,43.54,42.27,89708,90022730.0,2.94,-1.09,-0.47,1.3,4.952831174381129,0.01707207063581695,43.362,43.158,43.307481495304884,4.953154388979874,4.961778380679825,4.982168740108072,44.055,43.76527272727273,43.51376375139321,5.053194502727093,5.016076998556229,5.006900591876456,43.0585,43.385571428571424,43.94805175414258,5.007755204161699,5.008215773941874,5.046756714824143,44.849333333333334,43.577053763440865,44.45817534930178,5.100928449678534,5.03842026349911,5.074366927999228,46.1545,45.37853551912568,45.219354436620435,5.1392142372544845,5.134500864718192,5.07321683429852,7.954352179075221
2020-04-20,sz000901,42.8,43.38,44.02,42.48,84859,85279926.0,3.61,1.59,0.68,1.23,4.928697909624319,-0.024133264756810213,43.30800000000001,43.164,43.331654330203264,4.952156029113159,4.953626220894639,4.964345129946821,44.134,43.64254545454545,43.48944306932172,5.052881398945209,4.993441254355724,4.992681922376067,43.0585,43.41619047619047,43.89395158708138,4.996702209822469,5.000686507795457,5.035513019090827,44.474000000000004,43.48225806451613,44.38861564934683,5.082270026945303,5.027308615753674,5.0649689268137505,46.069,45.28756830601094,45.15904773378042,5.133093230107264,5.127598690041793,5.068478508899366,7.930846814832056
2020-04-21,sz000901,43.44,43.75,44.02,43.07,113816,115236143.0,2.19,0.85,0.37,1.64,5.056203318502553,0.12750540887823458,43.192,43.31133333333334,43.47110288680218,4.994460260995167,4.988308650691105,4.994964526132065,43.991,43.57272727272727,43.53681705671777,5.0334497283042525,4.994045239729787,5.004231267126338,43.18,43.48204761904762,43.88024191212125,4.997971059664794,5.006353280050703,5.037483523796705,44.23966666666667,43.43554838709677,44.34741463971155,5.074527114841027,5.0256268926283365,5.0644034036968995,46.00266666666667,45.21153551912568,45.11284944742696,5.132905470916986,5.125077709333444,5.068076043640454,8.061588713840855
2020-04-22,sz000901,43.33,45.5,45.81,42.7,186312,191726031.0,7.11,4.0,1.75,2.69,5.270240827875023,0.2140375093724698,43.7,44.080666666666666,44.14740192453479,5.028746466825668,5.080235506317723,5.086723293379718,43.97,43.84709090909091,43.89375941004181,5.034888693220177,5.037098166924472,5.052596641807917,43.3335,43.703,44.03450458715732,5.010362301161193,5.032283734165963,5.0596508860898775,43.993,43.51686021505376,44.421774985536615,5.074854169917597,5.038253583791821,5.077683237514844,45.983,45.195054644808735,45.125542908167056,5.138667620022849,5.12958050792223,5.0747043972219155,8.282681081851276
2020-04-23,sz000901,45.6,46.08,46.61,44.92,217465,229891066.0,3.71,1.27,0.58,3.14,5.337389369198651,0.06714854132362813,44.282,44.874,44.7916012830232,5.109072519916335,5.183116473775385,5.170278651986029,44.007000000000005,44.23072727272727,44.29125769912511,5.0474688597381485,5.092098289829649,5.104377137697141,43.4735,43.964571428571425,44.229313674094726,5.026370917600386,5.06342916921715,5.086102170195475,43.764,43.6515053763441,44.52875724453426,5.073045087101463,5.055191338584146,5.094438471817025,45.970166666666664,45.1982349726776,45.15683658330912,5.149239934269528,5.136095975108321,5.08331701925394,8.361522094095324
2020-04-24,sz000901,45.87,44.33,45.92,43.44,172552,178157871.0,5.38,-3.8,-1.75,2.49,5.23691999743759,-0.10046937176106141,44.608,44.88999999999999,44.63773418868213,5.165890284527627,5.225732299615803,5.192492433803217,43.985,44.28945454545455,44.298301753829634,5.0595223367537505,5.1265439512295465,5.128475839468131,43.5525,44.04614285714286,44.23890284799047,5.04084621174876,5.083481462534978,5.100465772789962,43.54366666666667,43.68802150537635,44.51593419649979,5.0767068901967125,5.065763913444542,5.103630828308675,45.931000000000004,45.14445901639344,45.129727187135046,5.156120054036854,5.138970731277768,5.088353182473075,8.250805014205167
2020-04-27,sz000901,44.39,43.07,45.13,42.96,121475,123859800.0,4.9,-2.84,-1.26,1.75,5.084486907735044,-0.1524330897025461,44.546,44.37733333333333,44.11515612578809,5.197048084149772,5.1985978406849425,5.156490591780493,43.927,44.12309090909091,44.074974162224244,5.074602056631465,5.131082964135237,5.120477851880297,43.587,44.00019047619047,44.12757876722947,5.049099130834577,5.087637719295578,5.098943976118065,43.32533333333333,43.6574623655914,44.42264811930626,5.073284279003038,5.066265850059917,5.102395736658764,45.88533333333333,45.050655737704915,45.06219514821258,5.1599065641038315,5.136622103530167,5.088226419366911,8.092930374406263
2020-04-28,sz000901,43.22,41.64,43.22,40.26,112417,109583721.0,6.87,-3.32,-1.43,1.62,5.050831991374726,-0.0336549163603177,44.124,43.40866666666666,43.29010408385873,5.195973818724207,5.149859143093261,5.121271058311905,43.658,43.70727272727273,43.632251587274375,5.095217039859687,5.126761134088556,5.107814968152011,43.6055,43.814761904761895,43.89066650368381,5.051496158381104,5.087802753632734,5.094361882332985,43.22666666666667,43.548731182795706,44.24312243418973,5.061290996179554,5.06481731537422,5.099069043414633,45.813,44.911464480874315,44.949992028599056,5.162088261500645,5.133045888030852,5.087000372547495,8.039746043154087
2020-04-29,sz000901,41.64,41.48,42.17,41.16,75721,74067665.0,2.43,-0.38,-0.16,1.09,4.879216340785871,-0.17161565058885486,43.32,42.52733333333334,42.686736055905826,5.117768921306377,5.044273317113815,5.040586152469894,43.510000000000005,43.31127272727272,43.240933116860845,5.073257694066022,5.087488279711501,5.066251581358167,43.6185,43.61233333333333,43.661079217618685,5.054854111049881,5.071395151956999,5.073871830757069,43.158,43.43604301075269,44.06485647069361,5.048668631739164,5.053070563413337,5.084884998083745,45.73583333333333,44.76939890710383,44.83622179815318,5.1646119788071445,5.123771398827089,5.080187781342196,7.869628653634995
2020-04-30,sz000901,41.8,42.96,43.17,41.8,79408,78955642.0,3.3,3.57,1.48,1.15,4.899864257853248,0.02064791706737701,42.696000000000005,42.40733333333333,42.777824037270555,5.030263899037296,4.971638429296106,4.9936788542643455,43.489,43.21127272727273,43.18985436834069,5.0696682094768155,5.055962200400087,5.035999340720909,43.735,43.54961904761905,43.59430976832167,5.059460089766873,5.056634213557318,5.057299680956705,43.17733333333333,43.423268817204296,43.993575408068224,5.0410036969284615,5.043470281227149,5.072948176133391,45.630166666666675,44.678387978142084,44.77470632936127,5.156663756914687,5.115091145681059,5.074275534670427,7.897383169200787
2020-05-06,sz000901,43.44,43.86,44.39,43.22,101218,102811171.0,2.72,2.09,0.9,1.46,5.00525775168898,0.10539349383573171,42.602,42.79533333333334,43.13854935818037,4.9839314498875735,4.963303046846666,4.997538486739224,43.605000000000004,43.278727272727274,43.31169902864238,5.074910867207601,5.044251208075026,5.030409960896922,43.83,43.56152380952382,43.61961359991008,5.064052684967347,5.051472086121328,5.052343306740731,43.24066666666666,43.46731182795699,43.98495763980576,5.030140425176999,5.041164091211699,5.068581051975687,45.567166666666665,44.62034972677595,44.7447159579068,5.154849157242846,5.110127014362184,5.072012656539887,8.012040305710585
2020-05-07,sz000901,43.59,43.44,44.28,43.33,86273,87567361.0,2.17,-0.96,-0.42,1.25,4.935874900168316,-0.06938285152066381,42.676,43.07466666666666,43.239032905453584,4.954209048374229,4.947284196940247,4.976983957882254,43.611000000000004,43.24872727272727,43.33502647798013,5.075628566262,5.01897194134061,5.013221768037175,43.8725,43.52438095238094,43.60250754277579,5.064254982603604,5.039264678045231,5.041251077543358,43.242666666666665,43.480172043010754,43.94979908239894,5.023010995302313,5.035082444436945,5.060019364762309,45.495,44.55060655737705,44.70193838551641,5.154232973367024,5.102947530523674,5.067549123544098,7.942342261659173
2020-05-08,sz000901,43.54,44.81,45.02,43.54,124248,127723410.0,3.41,3.15,1.37,1.8,5.094289406693462,0.15841450652514588,43.31,43.785999999999994,43.76268860363572,4.962900531437976,4.993977649713326,5.016085774152657,43.717,43.466727272727276,43.60320348198374,5.079437175081091,5.022364821419058,5.027961338701954,43.854,43.61366666666667,43.71750682441619,5.0564434516926715,5.042125099387121,5.046302346986225,43.359,43.581290322580635,44.00529591579256,5.025126431470227,5.039681051623471,5.06223033520948,45.44416666666666,44.52814754098361,44.70548138926997,5.151192670061544,5.100982167681919,5.068425854139159,8.10627050495364
2020-05-11,sz000901,45.07,44.49,45.34,43.96,104598,108203443.0,3.08,-0.71,-0.32,1.51,5.019523380542079,-0.07476602615138273,43.912,44.17933333333334,44.005125735757154,4.9909619393892175,5.012851932748027,5.017231642949131,43.616,43.60727272727272,43.76443921253215,5.054365430347796,5.0114714042301465,5.026427164491067,43.793,43.674238095238096,43.79107760304322,5.044627061783987,5.038608902134683,5.04375196922964,43.42766666666667,43.654258064516135,44.03656714703175,5.0250300108900605,5.039319564466816,5.059475047811584,45.474000000000004,44.49686338797814,44.69841642568735,5.164631411541851,5.096665141796034,5.066822494349091,8.034241080106145
2020-05-12,sz000901,44.39,44.6,45.02,43.96,83979,86378929.0,2.38,0.25,0.11,1.21,4.9241706988674405,-0.09535268167463862,44.24,44.40866666666667,44.203417157171444,4.995823227592056,4.990588185907435,4.9862113282552345,43.467999999999996,43.78618181818182,43.916359355708124,5.0130435633146755,4.987799634870082,5.007835079832225,43.7375,43.75109523809524,43.86811783132482,5.030256211526412,5.027136867571204,5.032363276814192,43.47166666666667,43.729892473118284,44.07291765367486,5.021928466171816,5.03281251207826,5.050745734976478,45.534666666666666,44.46820765027323,44.69518965763202,5.159432022909385,5.088781184003431,5.062145386300512,7.936407814989627
2020-05-13,sz000901,44.39,44.49,45.28,44.02,92069,95272187.0,2.83,-0.25,-0.11,1.33,4.964113426122698,0.039942727255257715,44.366,44.492,44.29894477144763,4.987594362478799,4.980018252084316,4.978845360877722,43.483999999999995,43.972,44.02065765467029,4.9857629061831865,4.978903246289722,4.999885688248675,43.734500000000004,43.8227619047619,43.927344704531976,5.022642621468469,5.020837554675612,5.0258632910340495,43.52966666666667,43.79559139784947,44.09982619214745,5.0224851098935686,5.029082509494447,5.045156553760106,45.572500000000005,44.433956284153,44.68846212787359,5.155411629766509,5.082377295584194,5.058931223671731,7.978966134684689
2020-05-14,sz000901,44.39,44.55,45.02,43.91,92668,95278374.0,2.49,0.13,0.06,1.34,4.966929789994925,0.0028163638722267237,44.588,44.553333333333335,44.382629847631755,4.993805340444121,4.973130061256357,4.97487350391679,43.632,44.16581818181818,44.11690171745751,4.974007194409174,4.975479043346402,4.993893706747993,43.7795,43.90042857142857,43.986645208862264,5.02430462552032,5.01553157072575,5.020250576649371,43.602,43.8614193548387,44.128869663621806,5.024068485359442,5.025498295307437,5.0401096657752555,45.551500000000004,44.400431693989084,44.683922385976096,5.148862917093982,5.076197563132669,5.055914783223312,7.9789943369628284
2020-05-15,sz000901,44.92,44.23,44.97,44.18,86298,88903447.0,1.77,-0.72,-0.32,1.25,4.936000730836545,-0.030929059158379957,44.472,44.434,44.331753231754504,4.962147605272738,4.953861858053831,4.961915912890042,43.891000000000005,44.27454545454546,44.13746504155614,4.962524068355356,4.968568777242288,4.98336771112773,43.7745,43.943333333333335,44.00982185563729,5.028870554107522,5.007121675993963,5.012226781810054,43.70066666666666,43.90193548387097,44.135394201452655,5.021838795039188,5.019816504693057,5.033392960295339,45.50633333333334,44.35710382513661,44.66903968479655,5.1424579288040375,5.069218475058652,5.051983174948336,7.948918599935988
2020-05-18,sz000901,44.23,45.39,46.24,43.44,199523,207988310.0,6.33,2.62,1.16,2.88,5.299992966174818,0.36399223533827296,44.652,44.739999999999995,44.68450215450301,5.018241522399285,5.066476978354526,5.074608263984968,44.282,44.54709090909091,44.36519867036411,5.004601730894251,5.029926758664008,5.04093593931811,43.896,44.09719047619048,44.14126739319565,5.038929712480137,5.03294285809561,5.0396330850828885,43.839666666666666,44.0109247311828,44.21633651103636,5.03810331766467,5.037761935088904,5.050592960674661,45.47749999999999,44.35328961748633,44.692677727917975,5.144339331710102,5.074383558251138,5.060114643513138,8.318038926091777
2020-05-19,sz000901,45.39,44.92,45.5,44.49,109146,113169897.0,2.23,-1.04,-0.47,1.58,5.038007824243422,-0.26198514193139566,44.715999999999994,44.82933333333334,44.763001436335344,5.041008947474482,5.073065745635904,5.062408117404453,44.478,44.663090909090904,44.466071639388815,5.018416087533269,5.036000593818403,5.0404035547590755,43.9835,44.19471428571429,44.215432403367494,5.044042148505042,5.0328550592159225,5.039478298336273,43.98266666666667,44.080623655913975,44.26173415548563,5.045778755689003,5.037755774223018,5.049781016388775,45.470666666666666,44.335010928961744,44.70013091716657,5.14382116152886,5.070897279317804,5.05938982976659,8.053730920620735
2020-05-20,sz000901,44.92,43.28,44.97,43.01,130706,132641966.0,4.36,-3.65,-1.64,1.89,5.116295524130523,0.07828769988710071,44.474000000000004,44.35066666666667,44.26866762422357,5.071445367076047,5.0981612711879185,5.080370586313143,44.42,44.44527272727273,44.250422250409024,5.029519864777423,5.053796855017903,5.0542020946447925,44.0125,44.12771428571428,44.12634360304678,5.052215365992511,5.039736333085017,5.046794224602392,44.026666666666664,44.03529032258065,44.19839646803494,5.0525417449040395,5.042305243154727,5.054072274952759,45.41466666666667,44.26318579234973,44.65356924775127,5.143619917172297,5.069994799403103,5.061255590237538,8.122680950303785
2020-05-21,sz000901,43.28,42.59,43.65,42.38,82776,82600950.0,2.93,-1.59,-0.69,1.2,4.917904436078997,-0.19839108805152605,44.08200000000001,43.72266666666667,43.70911174948238,5.061640296292861,5.046980960855568,5.026215202901762,44.335,44.112545454545455,43.9485272957892,5.027722818368491,5.033503140709098,5.029420702178284,43.973,43.99223809523809,43.98002516466137,5.0516756923152455,5.0269448159503956,5.034519006647782,44.02666666666667,43.94260215053763,44.094628953968176,5.052077594525232,5.033618965166015,5.045287253089937,45.364,44.1705737704918,44.58591123962828,5.142144175659307,5.062594291826275,5.056555552396274,7.916985042203981
2020-05-22,sz000901,42.7,42.7,43.28,42.11,72165,71912366.0,2.75,0.26,0.11,1.04,4.858326615958245,-0.059577820120751745,43.775999999999996,43.26200000000001,43.37274116632159,5.0461054733172,4.9792097340773624,4.9702523405872565,44.124,43.81527272727273,43.72152233291843,5.00412653929497,5.002703831179962,4.998312686501913,43.9205,43.871,43.8581180061222,5.04178185718803,5.008530618202109,5.017738778963064,43.944,43.85701075268817,44.004652892421845,5.039004480893437,5.021118902032661,5.033225276500795,45.318,44.08322950819673,44.52407808423063,5.139817416154341,5.0532887980655845,5.050056243004863,7.856803577779048
2020-05-25,sz000901,42.7,42.91,43.7,42.59,63046,63288479.0,2.6,0.49,0.21,0.91,4.799657537649232,-0.05866907830901358,43.28,42.973333333333336,43.21849411088106,4.946038387612084,4.89706042218804,4.913387406274582,43.965999999999994,43.59454545454546,43.57397281784235,4.9821399550056835,4.965527649062556,4.962193568528698,43.791,43.77476190476191,43.76782105315818,5.01825269267674,4.985471159198414,4.996969136933175,43.85066666666667,43.790301075268815,43.934030125168825,5.023798026191219,5.005677163758841,5.018156390123275,45.193999999999996,44.0042786885246,44.471157491305036,5.1263582543844874,5.042136015163779,5.041846449386646,7.801324658483134
2020-05-26,sz000901,43.12,43.22,43.33,42.75,62566,62672970.0,1.35,0.72,0.31,0.9,4.796338390338597,-0.0033191473106342073,42.940000000000005,42.95333333333334,43.21899607392071,4.89770450083112,4.847160423096878,4.874371067629254,43.827999999999996,43.45890909090909,43.5096141236892,4.9693567241528,4.931745546395813,4.932038081585043,43.648,43.72038095238096,43.71564761952407,4.991200143733738,4.964336463737639,4.9778614467813105,43.76766666666666,43.749612903225795,43.88796366548052,5.009956382401875,4.991002348542543,5.0038455514274895,45.07083333333333,43.93955737704919,44.43013593421307,5.112007496868049,5.031315691752437,5.033797004827693,7.797080275903871
2020-05-27,sz000901,43.22,42.48,43.22,42.38,63089,62979408.0,1.94,-1.71,-0.74,0.91,4.799953643622122,0.003615253283524744,42.78,42.8,42.972664049280475,4.8344361247294385,4.814576804027212,4.8495652596268775,43.627,43.21381818181818,43.32241155574571,4.952940745902742,4.900944986299326,4.908022729228148,43.5555,43.60914285714286,43.59796689385511,4.969351826042965,4.946122511346057,4.960917846480435,43.69866666666667,43.666537634408606,43.79712729996565,4.999408662946561,4.977453784750301,4.990691234794885,44.96233333333334,43.85461202185792,44.36619705112412,5.100372973154091,5.021084417875521,5.02613000937833,7.799198573995958
2020-05-28,sz000901,42.54,41.96,42.64,41.37,70620,69314207.0,2.99,-1.22,-0.52,1.02,4.848927713227078,0.04897406960495587,42.654,42.52666666666666,42.63510936618699,4.820640780159055,4.819407333526425,4.849352744160278,43.368,42.91072727272728,43.07470036379195,4.941140538225958,4.882033525812841,4.897278180864316,43.5,43.45719047619048,43.44197004682129,4.957573866317566,4.9346535482207345,4.950252119503925,43.64233333333333,43.55436559139785,43.678602958032386,4.996583263088866,4.967745336381302,4.98154520114535,44.82833333333333,43.75617486338797,44.287305344529884,5.091539934540895,5.012840310992669,5.020320098029109,7.840822258989027
2020-05-29,sz000901,41.85,42.64,42.75,41.8,55002,54307506.0,2.26,1.62,0.68,0.79,4.740378481733728,-0.10854923149334983,42.641999999999996,42.522,42.636739577457995,4.797051153314152,4.792653234051317,4.813027990018095,43.208999999999996,42.778363636363636,42.99566393401159,4.921578313315676,4.845531333723346,4.868750962840573,43.55,43.37528571428571,43.365591947124024,4.9420511908355165,4.913968273498464,4.930264154002002,43.586,43.48969892473118,43.61159631557869,4.993106473843572,4.951215995648712,4.965986057957504,44.68683333333333,43.68442622950819,44.23329533323382,5.07923636813786,5.001326820736696,5.01114168438008,7.7348598588539765
2020-06-01,sz000901,43.54,44.07,44.39,43.07,122999,124922519.0,3.1,3.35,1.43,1.78,5.0899015805755985,0.34952309884187027,42.874,42.998000000000005,43.11449305163867,4.855099961899425,4.890270043138466,4.905319186870596,43.077,42.934909090909095,43.1909977641913,4.900569174755754,4.876135564134239,4.908960166065123,43.679500000000004,43.42480952380953,43.43267842835031,4.952585452825003,4.9280492629975186,4.945467718437582,43.623000000000005,43.520924731182795,43.641170746831676,4.992809533238675,4.957460841244328,4.973980607803832,44.563333333333325,43.664202185792334,44.22794138788189,5.069752869397799,5.001676499833015,5.013723976058621,8.096640732977068
2020-06-02,sz000901,44.07,44.23,44.86,43.65,121231,124360405.0,2.75,0.36,0.16,1.75,5.083613687548607,-0.006287893026991398,43.076,43.45,43.48632870109245,4.9125550213414275,4.966441285021526,4.9647506870966,43.007999999999996,43.14454545454545,43.37990726161106,4.905129761086273,4.909416384642031,4.940715351789392,43.743,43.47723809523809,43.50861381612647,4.961772924309771,4.940528142495006,4.958624477400536,43.65833333333333,43.560086021505384,43.67915973090705,4.997738019365452,4.963319173780451,4.98105370972285,44.41616666666666,43.653273224043716,44.22800888336117,5.060727730532674,5.00213095288714,5.016015442009112,8.094682127724473
2020-06-03,sz000901,44.23,43.65,44.39,43.44,83271,84918744.0,2.15,-1.31,-0.58,1.2,4.920493780124542,-0.1631199074240648,43.31,43.641333333333336,43.5408858007283,4.93666304864191,4.969087537949232,4.949998384772581,43.045,43.261272727272726,43.42901503222723,4.885549586685675,4.9122098426489895,4.937038702395784,43.7325,43.468380952380954,43.52207916697157,4.9575347257315485,4.936596795429746,4.95499298242187,43.690000000000005,43.55954838709676,43.677278457945306,4.996660106223566,4.9583356744745855,4.9771466174907015,44.269666666666666,43.628153005464476,44.209057772431294,5.04879427795105,4.99753311844753,5.012883584242405,7.929003562061281
2020-06-04,sz000901,43.75,43.59,44.18,43.33,66526,67546167.0,1.95,-0.14,-0.06,0.96,4.822991411464205,-0.09750236866033735,43.636,43.734666666666676,43.55725720048554,4.931475788289336,4.931196992223329,4.907662727003123,43.144999999999996,43.36036363636363,43.45828502636773,4.876058284224195,4.900835628972359,4.9163028313173145,43.74,43.45480952380952,43.52854781773618,4.951890551296343,4.923783146451904,4.942421404235425,43.696999999999996,43.55309677419355,43.67164758969077,4.993136556284895,4.947131242554628,4.967201120327703,44.0855,43.60586885245902,44.188760796286005,5.0377032916151,4.990129745775828,5.006657611364431,7.829600709420526
2020-06-05,sz000901,43.54,43.81,43.96,43.17,66286,67172066.0,1.81,0.5,0.22,0.96,4.821421812495563,-0.0015695989686417278,43.870000000000005,43.792666666666676,43.641504800323695,4.947684454441704,4.894512333625404,4.8789157555006035,43.256,43.481272727272724,43.522233203391785,4.8723678038779275,4.890901725021699,4.899051736986086,43.69,43.46147619047619,43.5553527874756,4.938247171586449,4.9113575522804,4.930897633593534,43.699,43.56038709677419,43.68057355164621,4.985310506084663,4.936052871987575,4.957796003693371,43.96933333333333,43.596836065573775,44.176342409522526,5.029918810462845,4.983038549739122,5.000584306483485,7.827188706026862
2020-06-08,sz000901,43.86,43.28,44.12,43.01,65459,66328433.0,2.53,-1.21,-0.53,0.95,4.8159693664195995,-0.005452446075963735,43.712,43.596000000000004,43.5210032002158,4.892898011610503,4.850607304284704,4.857933625806936,43.29299999999999,43.48563636363637,43.478190802775096,4.873998986754964,4.880647463665638,4.883945851428543,43.6295,43.422428571428576,43.52912871247793,4.928069470880324,4.899712047026415,4.919952084338874,43.625,43.533354838709684,43.65473009670129,4.970168124036149,4.9251276371704735,4.948645898062805,43.809000000000005,43.574234972677594,44.14695413380048,5.022511146976872,4.976023813868852,4.99453135762893,7.821699737272869
2020-06-09,sz000901,43.28,43.28,43.54,42.96,53697,54051065.0,1.34,0.0,0.0,0.78,4.729950022760255,-0.08601934365934483,43.522000000000006,43.452,43.44066880014387,4.822165278652833,4.796291308001288,4.815272424791376,43.299,43.48327272727273,43.442156111361435,4.867360149997131,4.854456742939329,4.855946609852491,43.5635,43.38914285714285,43.50540216843241,4.918358437074965,4.880843528157837,4.9018566499028156,43.531666666666666,43.51109677419355,43.630553961430245,4.949920145821535,4.909629695152673,4.934536486752963,43.64783333333333,43.55689071038251,44.1185294081021,5.011482616461499,4.96643164586175,4.985856559764383,7.7328042555338525
2020-06-10,sz000901,43.28,42.75,43.33,42.59,69852,69700151.0,1.71,-1.22,-0.53,1.01,4.844178845332506,0.11422882257225098,43.342,43.19466666666667,43.21044586676258,4.806902291694426,4.803629163561179,4.824907898305086,43.326,43.38345454545455,43.31630954565935,4.871782670168168,4.850241960273032,4.853807016303402,43.4765,43.31166666666667,43.43345910477218,4.912361708035456,4.873778805134745,4.896363525658025,43.479000000000006,43.46066666666667,43.573744028434746,4.9368287740847,4.902807675766285,4.928706961500031,43.51133333333333,43.52745355191257,44.07365959144301,5.006767832140706,4.960946276316538,4.981211388799403,7.84323371896452
2020-06-11,sz000901,42.8,42.59,43.07,42.38,56431,56219896.0,1.61,-0.37,-0.16,0.82,4.751517746364917,-0.09266109896758845,43.142,42.944,43.003630577841726,4.792607558674568,4.785167648451343,4.800444514325029,43.388999999999996,43.24963636363636,43.18425326463037,4.8620416734819525,4.828375610490624,4.835208967223677,43.3785,43.2272380952381,43.35312966622246,4.901591105853955,4.858460332594695,4.882568689534872,43.462999999999994,43.40331182795699,43.51027667176154,4.9257298020390285,4.890852125590815,4.917275399233249,43.39416666666667,43.497245901639346,44.02501501467439,4.999507040521034,4.952577421045199,4.97368044970319,7.749890037879962
2020-06-12,sz000901,41.85,42.54,42.64,41.48,63394,62576386.0,2.72,-0.12,-0.05,0.92,4.80204815551264,0.050530409147723,42.888,42.74333333333334,42.849087051894486,4.788732827277983,4.788314514064033,4.800979061387567,43.379000000000005,43.09527272727273,43.06711630742485,4.8682086408598435,4.8174676981325675,4.829179728730761,43.294,43.147380952380956,43.27568874562984,4.894893477087759,4.848980051609807,4.87490006724704,43.493,43.34376344086022,43.447678176809184,4.917437007510292,4.882872664524597,4.909841383509339,43.359833333333334,43.469240437158476,43.97632599779982,4.9893640018449235,4.946103359241645,4.968053161369074,7.796410477544916
2020-06-15,sz000901,42.8,42.48,43.28,42.11,65504,65184679.0,2.75,-0.14,-0.06,0.95,4.816267820982412,0.014219665469771492,42.727999999999994,42.60733333333334,42.72605803459633,4.7887925181905455,4.797492845298843,4.806075314585849,43.220000000000006,42.93181818181818,42.96036788789306,4.8408452649005245,4.808023912700307,4.826832109140152,43.1485,43.069857142857146,43.19990886509366,4.870707219828139,4.841491893885488,4.869316043793265,43.52633333333333,43.27840860215054,43.385247326692465,4.915338723516843,4.876345620232476,4.9038043794753445,43.34216666666667,43.44039344262295,43.9272661290195,4.982003677628003,4.940428074623203,4.963076592831807,7.8141455311973615
2020-06-16,sz000901,42.8,43.07,43.07,42.48,58971,58813796.0,1.39,1.39,0.59,0.85,4.770638492383532,-0.04562932859887958,42.686,42.721333333333334,42.84070535639755,4.7969302121152015,4.791441503363171,4.794263040518411,43.104,42.904545454545456,42.980300999185225,4.809547745384018,4.795259044969945,4.816615087911675,43.056,43.062380952380956,43.1875365922276,4.857338753235145,4.831961538890764,4.859918181754243,43.53,43.24896774193547,43.364908789486506,4.9110311980011865,4.867010121449681,4.895213031921034,43.35366666666666,43.4314699453552,43.899159042822134,4.976017447464824,4.933498068549613,4.956767146915469,7.769479210836321
2020-06-17,sz000901,43.28,43.59,44.18,43.28,116540,118280609.0,2.09,1.21,0.52,1.68,5.066475013754132,0.29583652137059957,42.854,43.022666666666666,43.09047023759837,4.841389445799527,4.881289770576148,4.885000364930318,43.098,42.992909090909095,43.09115536296973,4.824145868746976,4.84197309376451,4.862044165337576,43.0715,43.113238095238096,43.225866440586884,4.854847727716326,4.85187927798781,4.879590260992328,43.520999999999994,43.25283870967742,43.379430803068026,4.913071773403358,4.877038754724064,4.906262192039298,43.380833333333335,43.43921857923497,43.889022680762395,4.971606099290179,4.936463890395165,4.960364126156081,8.072913551943516
2020-06-18,sz000901,43.28,42.91,43.28,42.43,77018,76907424.0,1.95,-1.56,-0.68,1.11,4.886592236693341,-0.17988277706079092,42.91799999999999,43.041333333333334,43.030313491732244,4.868404343865211,4.896357367540753,4.885530988851325,43.03,42.95872727272727,43.058218024247964,4.83050595126989,4.853326978845668,4.866507451038624,43.0875,43.09785714285715,43.19578392243575,4.853282117747042,4.85490256455705,4.880257115820996,43.50333333333334,43.213419354838706,43.34914494480557,4.911429017954192,4.875330397516967,4.90499316266214,43.373,43.42378142076503,43.856923576475104,4.967220006628253,4.933676550637891,4.957945375681893,7.885968264984914
2020-06-19,sz000901,42.91,43.59,43.65,42.64,90718,91214235.0,2.35,1.58,0.68,1.31,4.9576934670499515,0.07110123035661076,43.128,43.26533333333334,43.21687566115483,4.899533406172674,4.9261204086023325,4.9095851482508674,43.007999999999996,43.060545454545455,43.15490565620288,4.844133116725329,4.87645198171477,4.883086726677047,43.132,43.145714285714284,43.23332831077521,4.858250460301628,4.864846502585898,4.887632006414229,43.462666666666664,43.21901075268817,43.36468398062457,4.906875819966076,4.878315200684435,4.908393182300063,43.410833333333336,43.43089617486339,43.848171983803795,4.966001125718151,4.933364205077948,4.957937116382485,7.96006262012146
2020-06-22,sz000901,43.49,43.75,44.07,43.38,86362,87674075.0,1.58,0.37,0.16,1.25,4.936322691315113,-0.021370775734838254,43.382000000000005,43.47266666666667,43.394583774103225,4.923544380239214,4.9383835036498125,4.918497662605616,43.055,43.195454545454545,43.26310462780235,4.85616844921488,4.893213722549276,4.892765992974877,43.174,43.20457142857143,43.282535138320426,4.865083717984922,4.872281953158611,4.892269214500028,43.438,43.23754838709677,43.38954307864879,4.904102463658509,4.880214998835985,4.910195086107486,43.43283333333333,43.44201639344262,43.844953230236456,4.964566237274284,4.9323911416548984,4.957228446708145,7.942871192580173
2020-06-23,sz000901,44.02,43.44,44.18,43.28,82303,83478987.0,2.06,-0.71,-0.31,1.19,4.9154156658283075,-0.020907025486805786,43.456,43.492,43.40972251606882,4.952499814928169,4.935673932179511,4.9174703303465135,43.071,43.265454545454546,43.29526742274737,4.874715013521685,4.903985943751717,4.896884115311865,43.185,43.229904761904756,43.29753179181372,4.871037581759407,4.877075472000838,4.894473638436055,43.39933333333333,43.23767741935484,43.39279836389726,4.903810629223871,4.880944882846941,4.910531897702379,43.435500000000005,43.44225136612022,43.83167607514673,4.962869547697844,4.9307796475091275,4.955857535859625,7.9215771703529345
2020-06-24,sz000901,43.65,43.17,43.7,42.8,64502,64758373.0,2.07,-0.62,-0.27,0.93,4.809573180922052,-0.10584248490625559,43.372,43.39666666666667,43.32981501071255,4.901119448361753,4.888031720844138,4.881504613871693,43.113,43.283454545454546,43.27249152770239,4.87125444708064,4.892141974188148,4.881009399968262,43.2195,43.22847619047619,43.28538590687908,4.871518558624404,4.871221719540138,4.886387880577578,43.35533333333333,43.222881720430095,43.378424275903896,4.898659287717184,4.874865047472629,4.904018432103649,43.4425,43.43354644808744,43.80998177760093,4.960572198805377,4.925753537123036,4.951061327501016,7.811295928932505
2020-06-29,sz000901,42.96,43.33,43.86,42.64,79851,80497334.0,2.83,0.37,0.16,1.15,4.902280359319367,0.09270717839731546,43.455999999999996,43.382666666666665,43.32987667380837,4.904257072886958,4.888418691163343,4.8884298623542515,43.187,43.32290909090909,43.28294761357468,4.886330708376085,4.897783049140643,4.884876847123008,43.288000000000004,43.239000000000004,43.28963486812869,4.874186190929018,4.87415141484442,4.887901449981558,43.31466666666667,43.221247311827966,43.37530012907139,4.896504306694665,4.875098664995351,4.903906298375631,43.458333333333336,43.42985792349727,43.7942446701386,4.960286396027055,4.923842329271035,4.94946195149506,7.905781497159649
2020-06-30,sz000901,43.17,43.91,43.96,43.07,113470,115148991.0,2.05,1.34,0.58,1.64,5.054881054862772,0.15260069554340472,43.52,43.534,43.52325111587225,4.923694590449522,4.938626685155281,4.943913593190425,43.324,43.45436363636364,43.39695713837928,4.911613998311098,4.928428566683678,4.9157867030756925,43.3515,43.2982380952381,43.34871726164024,4.889911319585471,4.891360449504777,4.903804269494055,43.303999999999995,43.25965591397849,43.409796894937756,4.900466984162206,4.885316519715875,4.913646605245769,43.50233333333333,43.44466666666667,43.79803992685537,4.961152889600697,4.926943793495158,4.952918315539903,8.06126013678525
2020-07-01,sz000901,43.91,44.07,44.18,43.49,98048,99643018.0,1.57,0.36,0.16,1.42,4.991438739280472,-0.06344231558230007,43.584,43.717333333333336,43.70550074391483,4.934717800042594,4.96120806809893,4.959755308553774,43.483,43.589999999999996,43.519328567764866,4.9291310901409044,4.942942155950837,4.929541618749289,43.3515,43.36666666666667,43.41741085576974,4.884988177520714,4.901029727570967,4.912150409473713,43.260000000000005,43.309075268817196,43.452390643651455,4.890181843265728,4.891185665207375,4.918665452602847,43.54983333333334,43.463278688524596,43.80695665056503,4.964142580465199,4.927936772173184,4.954181280252708,7.998446873028428
2020-07-02,sz000901,44.77,44.47,44.77,43.95,172175,160024142.0,1.86,0.91,0.4,2.26,5.235970091657358,0.24453135237688617,43.790000000000006,44.01266666666666,43.96033382927656,4.998828685208404,5.061625498637185,5.051826902921635,43.623,43.76945454545454,43.69217791908034,4.975664250068286,4.998731065317465,4.985255886550756,43.3635,43.473190476190474,43.51765744093453,4.892605997726152,4.934456576536363,4.942990379205489,43.245000000000005,43.387139784946235,43.51804286019007,4.896780585512859,4.913494584458448,4.939136719638622,43.61383333333333,43.493448087431695,43.82869577677601,4.971279670600932,4.936849149589319,4.9634202576758115,8.204185507321261
2020-07-03,sz000901,44.53,45.17,45.7,44.47,171108,161393293.0,2.77,1.57,0.7,2.24,5.233270315062046,-0.0026997765953122865,44.19,44.47266666666667,44.36355588618437,5.083568112036403,5.139772708588399,5.112308040301773,43.781,44.05072727272727,43.960872842883916,4.992343780199078,5.045568531679967,5.030349419007354,43.4395,43.64523809523809,43.675023398940766,4.9082448244730275,4.966900797235019,4.970636087382304,43.308,43.51133333333333,43.62462074017781,4.900679745210576,4.935203599268072,4.958113080633682,43.66733333333333,43.54446994535519,43.8726729644227,4.976610745057308,4.945439006784766,4.9722678005409335,8.20788548284198
2020-07-06,sz000901,45.64,49.02,49.54,45.58,320010,317489424.0,8.77,8.52,3.85,4.19,5.505163549810412,0.271893234748366,45.328,46.08266666666667,45.91570392412292,5.204144750134612,5.280304521179736,5.243259876804653,44.391999999999996,45.00327272727272,44.880714144177745,5.054200911510785,5.138808489791118,5.116679260971546,43.711,44.17671428571429,44.18406878951784,4.9423534313903374,5.023750199648103,5.02154346475641,43.52233333333333,43.879849462365584,43.972709724682474,4.920255049001624,4.974202554403546,4.993406659290246,43.774499999999996,43.71996721311475,44.041437785261294,4.986166321763428,4.962768606940604,4.98973979232026,8.501729262935267
2020-07-07,sz000901,49.66,49.77,51.58,48.38,404732,418049808.0,6.53,1.53,0.75,5.31,5.607167543096803,0.10200399328639076,46.50000000000001,47.56333333333334,47.200469282748614,5.314602047781419,5.414645452167133,5.36456243223537,45.010000000000005,45.98109090909091,45.7696752088727,5.11914831911547,5.239347877352213,5.205858948630683,44.009,44.7537619047619,44.71606223813519,4.981640717920399,5.087065829334433,5.077317186503114,43.757999999999996,44.28292473118279,44.34672845212231,4.945216413239576,5.018519489506461,5.0330041356648625,43.851,43.916540983606545,44.229259497219935,4.992110447066506,4.983129302722028,5.009983325132605,8.621228028308252
2020-07-08,sz000901,49.77,54.43,55.08,49.08,475353,509142512.0,12.06,9.36,4.66,6.23,5.677016239130245,0.0698486960334419,48.572,50.20666666666667,49.610312855165745,5.451717547751373,5.535450182616741,5.468713701200329,46.078,47.69381818181818,47.344279716350385,5.193217673896983,5.340778408263989,5.291523910539694,44.5665,45.7462380952381,45.6411991678366,5.024693061555932,5.153292069449656,5.134431381991412,44.142,44.97144086021506,44.997262100372495,4.974461703288942,5.065732381499408,5.074553303630371,43.99633333333334,44.26339344262295,44.5637100055078,4.99912986474008,5.005585230330674,5.031853256739085,8.706839360946589
2020-07-09,sz000901,55.13,54.2,55.72,52.8,508153,559716192.0,5.36,-0.42,-0.23,6.66,5.705994493881244,0.028978254750999355,50.518,52.08266666666667,51.1402085701105,5.54572242819615,5.6202091646600305,5.547807298760635,47.154,49.170545454545454,48.59077431337758,5.272275556702278,5.434010557352036,5.366882198419976,45.1125,46.66371428571429,46.45632305661407,5.073495285111981,5.218177920147305,5.188865964076157,44.508,45.62034408602151,45.59098712615492,5.00478357340703,5.112928045408588,5.115291444936879,44.13783333333333,44.59793989071038,44.879653939753446,5.007369977904452,5.028761119810712,5.053956248120795,8.747967870770468
2020-07-10,sz000901,54.49,53.44,55.08,53.44,376582,413728304.0,3.03,-1.4,-0.76,4.94,5.575859557615064,-0.1301349362661801,52.172000000000004,53.05666666666668,51.906805713407,5.614240276706754,5.630254874466336,5.557158051712111,48.181,50.31345454545455,49.47245171094529,5.3489041943715785,5.48920764842709,5.404878081909992,45.647000000000006,47.45680952380952,47.12143514646035,5.1100793207261095,5.26602213657617,5.225722496794148,44.873333333333335,46.196602150537636,46.09737505349977,5.030647103873462,5.149771657292977,5.145005516722569,44.285999999999994,44.902928961748636,45.16032102369596,5.015027883410011,5.047400122424175,5.07106783203864,8.616715232886174
2020-07-13,sz000901,53.44,56.07,57.0,52.98,419841,468723376.0,7.52,4.92,2.63,5.5,5.623084847786864,0.04722529017180044,53.58200000000001,54.356,53.29453714227134,5.637824536302044,5.633203064826374,5.579133650403696,49.455,51.74781818181818,50.67200594531887,5.420984643218327,5.539058676320777,5.44455203934215,46.321,48.4494761904762,47.97367941822603,5.153657675797207,5.314879805820052,5.263566530222026,45.343666666666664,46.918967741935475,46.74077021133849,5.056452341692122,5.187993447222874,5.1758493445331695,44.49300000000001,45.28928961748635,45.518015416361656,5.026517802390495,5.06733641633817,5.089166750587762,8.670916613035155
2020-07-14,sz000901,56.07,55.13,57.99,53.62,386946,436767376.0,7.79,-1.68,-0.94,5.07,5.587650361560632,-0.03543448622623213,54.653999999999996,54.87199999999999,53.90635809484756,5.63392109999481,5.616478339912569,5.581972554122675,50.577,52.77963636363637,51.48255031889725,5.474261573888114,5.569361534201196,5.470569916109146,46.9505,49.28842857142857,48.65523375934736,5.192937786099606,5.356212442559425,5.29443165701618,45.760000000000005,47.55034408602151,47.28201084286504,5.084694737686352,5.222264287214391,5.202417152083329,44.672999999999995,45.63804371584699,45.83316245189078,5.038900605764963,5.085734205163421,5.1055104755376925,8.640250191619039
2020-07-15,sz000901,54.61,51.0,54.67,50.82,376461,403604128.0,6.98,-7.49,-4.13,4.93,5.575719991527171,-0.011930370033461202,53.967999999999996,53.653999999999996,52.93757206323171,5.6136618504741955,5.597077970423356,5.579888366590841,51.27,52.856545454545454,51.39481389727957,5.532689699112784,5.5878085192264795,5.489688111639696,47.3765,49.674095238095234,48.878544829885705,5.230910394626844,5.3926678906953835,5.321221022207702,45.991,47.88840860215054,47.5218811110673,5.100888684718071,5.253943335849282,5.226501206240996,44.806999999999995,45.84548633879781,46.00256696166485,5.046849108978374,5.103334840762182,5.12092718097997,8.605955599483735
2020-07-16,sz000901,51.17,48.49,51.46,47.68,247324,254205267.0,7.41,-4.92,-2.51,3.24,5.393266261779125,-0.18245372974804575,52.826,51.828,51.45504804215448,5.551116204053772,5.523612774191666,5.5176809983202695,51.672000000000004,52.35109090909091,50.866665915956006,5.548419316124961,5.562458803347631,5.472156866210501,47.6475,49.780142857142856,48.84154056037278,5.262041783096624,5.408130354233697,5.328082473595456,46.133,48.04963440860215,47.58434039422425,5.111210437192422,5.272806405337092,5.237260242082166,44.89566666666667,45.96624043715846,46.0841221432496,5.054474228278937,5.114692780198271,5.129856331170106,8.405184544665428
2020-07-17,sz000901,48.55,49.43,50.65,47.74,209505,212082581.0,6.0,1.94,0.94,2.75,5.321194392202063,-0.07207186957706213,52.024,50.696000000000005,50.780032028102994,5.500183170971171,5.4469721702410965,5.452185462947535,52.098,51.94345454545455,50.605453931236724,5.557211723838963,5.521145180816196,5.444709143663511,47.939499999999995,49.94990476190476,48.89758431652775,5.27477775201902,5.413763936053263,5.327426465843705,46.32566666666666,48.26234408602151,47.70341520750011,5.124567124261673,5.2863537572732,5.242675348541515,45.00783333333333,46.114907103825146,46.19382305658568,5.060613615242619,5.123437703605588,5.136129710220334,8.32650500002887
2020-07-20,sz000901,50.01,54.73,55.02,50.01,385271,416325424.0,10.14,10.72,5.3,5.05,5.585766320162834,0.26457192796077056,51.75600000000001,51.598,52.096688018735335,5.492719465446365,5.4754998866383175,5.4967124153526346,52.669000000000004,52.422000000000004,51.35537139828459,5.565272000874204,5.5263369256023545,5.4703559030270235,48.5305,50.59661904761905,49.45305247685844,5.3097364561924945,5.443381894924102,5.352030261493145,46.697,48.804559139784956,48.156743258629135,5.149992954551626,5.316108544105532,5.264810249936438,45.196999999999996,46.43366666666666,46.473697710468116,5.071564755418261,5.140655825078381,5.150871894152874,8.619432933024086
2020-07-21,sz000901,55.37,52.4,55.54,51.58,295847,318586064.0,7.24,-4.26,-2.33,3.88,5.471067169725751,-0.11469915043708223,51.21,51.812666666666665,52.197792012490225,5.4694028270793895,5.468282454731447,5.488164000143674,52.931999999999995,52.37309090909091,51.54530387132375,5.551661963537098,5.509208774484454,5.470485224244974,48.971000000000004,50.96514285714286,49.73371414572906,5.3354051413262855,5.458746724784411,5.3633671098962505,46.983333333333334,49.172494623655915,48.430501758072424,5.171647799792632,5.336823009600636,5.278117147987362,45.341166666666666,46.6698306010929,46.66800270356752,5.078479152938647,5.1537542648917425,5.1613700999093615,8.503226774414665
2020-07-22,sz000901,52.51,55.13,56.82,51.99,503190,562134064.0,9.22,5.21,2.73,6.6,5.701732001697998,0.23066483197224663,52.036,53.11933333333333,53.175194674993485,5.494605229113555,5.54572551293765,5.559353333995116,53.001999999999995,52.77272727272727,52.19706680381034,5.554133539793876,5.536494235968253,5.512530092872796,49.540000000000006,51.55171428571429,50.247646131850104,5.373675606845429,5.493634997200766,5.395592337686893,47.37833333333333,49.698086021505375,48.862727451100014,5.20117322096858,5.371021990368725,5.305447138549339,45.501666666666665,46.99077595628415,46.945445237876775,5.0856706725023635,5.174188784523195,5.179086883574563,8.749839903312841
2020-07-23,sz000901,55.42,55.95,57.06,53.04,540068,607189952.0,7.29,1.49,0.82,7.08,5.732448445314638,0.030716443616640277,53.528,54.424,54.100129783328995,5.562441665820657,5.625006585004678,5.617051704434957,53.177,53.308727272727275,52.879418294026635,5.556778934937213,5.5689151278811195,5.552515247862221,50.165499999999994,52.162190476190474,50.790727452626285,5.4145272458197455,5.527803838959738,5.427673871746679,47.800666666666665,50.25109677419354,49.319970841351626,5.234589835053725,5.405297811294277,5.332995609953552,45.66616666666666,47.333344262295086,47.24067654155294,5.09225499043763,5.195394613139992,5.197229885598827,8.783324576083965
2020-07-24,sz000901,56.01,56.53,61.95,54.84,900309,1047001472.0,12.71,1.04,0.58,11.8,5.954391591620468,0.22194314630583012,54.948,55.42466666666667,54.91008652221934,5.689081105704338,5.755656560271281,5.729498333496794,53.486000000000004,53.918363636363644,53.54316042238543,5.594632138337754,5.641208338187166,5.625583674000085,50.8335,52.768333333333324,51.33732483809045,5.471768166354666,5.579219490940759,5.477837464115611,48.26,50.81427956989247,49.78513401287733,5.271596926596658,5.451736634298582,5.3730856732869015,45.8695,47.689535519125684,47.54524452379711,5.104212850340678,5.223661386949264,5.222054859566749,9.019947292262442
2020-07-27,sz000901,55.66,54.08,56.3,51.7,452565,493659680.0,8.14,-4.33,-2.45,5.93,5.655680963903676,-0.29871062771679213,54.818000000000005,55.13533333333333,54.633391014812894,5.703064034452507,5.744523179671061,5.704892543632422,53.287,54.026363636363634,53.64076761831535,5.597891749949436,5.652308124653698,5.63105590852801,51.371,53.077523809523804,51.598531996367555,5.509438196583882,5.5967349954692365,5.494774940285903,48.64300000000001,51.18976344086021,50.0622221410788,5.301735700514615,5.476516249608712,5.391317627520242,46.053000000000004,47.958732240437165,47.7594988017054,5.113732751276823,5.241742308705429,5.236272108889271,8.693427657362143
2020-07-28,sz000901,53.33,53.5,55.31,52.51,286243,313062048.0,5.18,-1.07,-0.58,3.75,5.4567348749163465,-0.1989460889873298,55.038,54.696000000000005,54.25559400987527,5.700197575490625,5.662413459825674,5.622173320727064,53.124,54.065090909090905,53.615173505894376,5.584800201285008,5.626643238284045,5.599361175144071,51.8505,53.28028571428572,51.77962418718969,5.529530887586561,5.5917156315009,5.491152076917373,49.00833333333333,51.5031182795699,50.284014261009204,5.323558591161405,5.486516196344307,5.395538095094185,46.25066666666667,48.20289617486339,47.94771195574784,5.120497799335849,5.252988279972299,5.243500396299995,8.49563042199826
2020-07-29,sz000901,53.04,54.14,54.26,51.81,284177,307560272.0,4.58,1.2,0.64,3.73,5.4535889251843574,-0.003145949731989006,54.839999999999996,54.39666666666667,54.21706267325018,5.650568960187898,5.580210576390252,5.565978522212829,53.438,54.249818181818185,53.71059650482267,5.572587094650726,5.602786642629382,5.57285712969685,52.354000000000006,53.498333333333335,52.004421883647815,5.552638396881755,5.58448306365307,5.487574633895181,49.397000000000006,51.834193548387105,50.532787534492485,5.3448026279681375,5.49490525015224,5.399283309938713,46.461666666666666,48.46156284153005,48.1507377932643,5.130070675742491,5.263909300491923,5.250388544788007,8.487930236313176
2020-07-30,sz000901,54.2,54.78,56.53,54.2,330259,367987248.0,4.3,1.18,0.64,4.33,5.518854661554025,0.06526573636966759,54.605999999999995,54.376666666666665,54.40470844883346,5.607850203435774,5.536305810178961,5.5502705686598945,54.06699999999999,54.49381818181818,53.905033503945816,5.5851459346282155,5.593017109339072,5.563038499125426,52.8695,53.72938095238095,52.26876265663374,5.566782625376588,5.581265565050431,5.490553684148404,49.78733333333333,52.181483870967746,50.806801241944584,5.369743166940487,5.506134413609394,5.406997590688089,46.65866666666667,48.73429508196721,48.36809065250153,5.140387182470836,5.276656316420169,5.2591907125508275,8.565832769164851
2020-07-31,sz000901,54.84,54.2,55.19,53.5,235990,259358979.0,3.09,-1.06,-0.58,3.09,5.372893600271661,-0.14596106128236386,54.14,54.24133333333334,54.33647229922231,5.4915506051660135,5.45798694245759,5.491144912530483,54.544000000000004,54.517999999999994,53.95866377595567,5.5903158554351755,5.554425775819698,5.5284666993338325,53.321000000000005,53.856095238095236,52.45269002266863,5.573763789637069,5.562799943611865,5.479347961874429,50.141,52.46617204301075,51.02571729085139,5.379957119824406,5.506337667372696,5.404797333241868,46.831,48.98155191256831,48.55930079504246,5.146514446613882,5.284279477659539,5.262918676082657,8.413901287851683
2020-08-03,sz000901,54.32,60.61,60.61,54.32,725813,856973856.0,11.61,11.83,6.41,9.51,5.86082474256074,0.48793114228907886,55.446000000000005,56.398,56.427648199481546,5.532579360897426,5.581078321589166,5.614371522540569,55.13199999999999,55.620909090909095,55.16799763487282,5.617821697674967,5.603609209842528,5.588895434465997,53.9005,54.55028571428572,53.229576687176376,5.591546849274585,5.590139081985548,5.515679083844554,50.730999999999995,53.14159139784946,51.644058110796465,5.412431536686651,5.537361384968588,5.43421845642373,47.11716666666667,49.43332240437159,48.95440568700828,5.1619302773204225,5.307699487362715,5.282522153672103,8.932967572952222
2020-08-04,sz000901,61.72,59.21,62.06,58.51,760955,918560288.0,5.86,-2.31,-1.4,9.98,5.881358974997207,0.020534232436467015,56.588,57.65266666666666,57.355098799654364,5.617504180913597,5.697338192955759,5.703367340026116,55.813,56.36236363636363,55.90290715580503,5.658850878202111,5.651525078446571,5.642070623653489,54.3725,55.05595238095239,53.79914081220719,5.605256420869606,5.6177402368162745,5.550505740144807,51.251666666666665,53.68862365591398,52.13218339397089,5.443220386951561,5.567614768085399,5.463066231815568,47.35716666666667,49.82980874316941,49.290654680876855,5.175048103458818,5.331287313516051,5.302156147813909,8.963107665689707
2020-08-05,sz000901,59.39,62.47,64.69,58.4,663724,813434544.0,10.62,5.51,3.26,8.7,5.821987521844418,-0.05937145315278869,58.254,59.61333333333334,59.06006586643625,5.69118390024561,5.7654993065993665,5.742907400632217,56.547000000000004,57.57272727272727,57.09692403656775,5.670876430216754,5.681186286381537,5.674782786960931,54.7745,55.82714285714285,54.62493692533032,5.612504985005314,5.63838129405197,5.576361147925722,51.87566666666667,54.41238709677419,52.79913930403729,5.4727425479692045,5.592051357433326,5.486222444075493,47.65683333333333,50.32531147540984,49.72276436347106,5.1884225058138576,5.352498441987712,5.319199799421466,8.910322611577334
2020-08-06,sz000901,62.71,62.12,65.15,60.61,678639,848284384.0,7.27,-0.56,-0.35,8.9,5.831638814044884,0.009651292200465456,59.722,60.902,60.0800439109575,5.7537407307437824,5.8123176111991235,5.772484538436439,57.164,58.586,58.01021057537361,5.680795467089778,5.710415810713925,5.703302064612558,55.17049999999999,56.52671428571429,55.33875245625124,5.618787201013497,5.659251182531929,5.6006733066037375,52.498333333333335,55.07331182795699,53.400485155389724,5.503283319576424,5.61520595524466,5.5085073711702925,47.94883333333333,50.799513661202184,50.12923110565233,5.203546974400148,5.373587501273975,5.336001078589447,8.928541472182552
2020-08-07,sz000901,61.66,60.38,62.59,58.28,477527,574633008.0,6.94,-2.8,-1.74,6.26,5.678997932190979,-0.15264088185390445,60.958000000000006,61.12133333333333,60.18002927397167,5.814961597127646,5.787403345014856,5.741322336354619,57.549,59.17072727272727,58.441081379851134,5.653256101146829,5.71008898618687,5.6988831314449975,55.517500000000005,57.02285714285714,55.8188712699416,5.623944119742292,5.664985537882166,5.608132794754903,53.072,55.581806451612906,53.850776435687166,5.532264144618721,5.626542381864954,5.519506762203886,48.21366666666666,51.20709289617486,50.46532188907356,5.215461716167952,5.389176057267117,5.347246877068186,8.759390569063743
2020-08-10,sz000901,60.38,60.61,64.1,59.62,461770,566000016.0,7.42,0.38,0.23,6.05,5.664425714510839,-0.014572217680139943,60.95799999999999,61.005333333333326,60.32335284931445,5.775681791517665,5.737224717475922,5.7156901290733595,58.202,59.72727272727273,58.83543021987819,5.654130576207546,5.712119824980326,5.692618146547877,55.744499999999995,57.50785714285714,56.27516924423288,5.62601116307849,5.668840927860124,5.613494025207849,53.648,56.06812903225806,54.28685537532026,5.557668989791769,5.635068934761219,5.528856372030141,48.48133333333333,51.613530054644805,50.79793428615311,5.227086648243217,5.403896188360327,5.357646183213847,8.752816443465147
2020-08-11,sz000901,60.38,59.04,61.77,58.57,444826,533876304.0,5.28,-2.59,-1.57,5.83,5.648190163750542,-0.016235550760297812,60.924,60.366,59.89556856620964,5.729048029268332,5.694727508220213,5.693190140632421,58.75600000000001,59.87963636363636,58.87262472535488,5.673276105090966,5.711039749988143,5.684540331493816,55.94,57.82171428571427,56.53848645906784,5.629038153187986,5.6709532136384135,5.616798419354772,54.15233333333334,56.416000000000004,54.593509867235085,5.577445960088029,5.640909010500494,5.536555326334684,48.72816666666667,51.959715846994534,51.068165948902184,5.238956472125117,5.417702860999911,5.36717221536259,8.727440645206245
2020-08-12,sz000901,58.22,56.53,58.22,54.84,350815,399865632.0,5.72,-4.25,-2.51,4.6,5.545078154471529,-0.10311200927901254,59.736000000000004,58.90133333333333,58.773712377473096,5.673666155793755,5.633404216621278,5.6438194785787905,58.995000000000005,59.47490909090909,58.44669295710854,5.682425028019682,5.687731031693701,5.659183572035218,56.216499999999996,57.877904761904766,56.5376782248709,5.627506061335205,5.662957023284465,5.60996791793732,54.56766666666667,56.56939784946237,54.71844471451025,5.595900607261063,5.638820764976851,5.537105186214481,48.913833333333336,52.215513661202195,51.24724247516769,5.243041225263396,5.427739637470284,5.373005196972719,8.60191407861673
2020-08-13,sz000901,56.53,57.11,58.05,56.41,200535,231135180.0,2.9,1.03,0.58,2.63,5.302190182344286,-0.24288797212724322,58.734,58.026,58.21914158498207,5.567776429453636,5.509578892138122,5.529943046500623,59.22800000000001,59.13218181818181,58.20365787399789,5.660758580098709,5.618597423389082,5.594275683000503,56.6475,57.96299999999999,56.59218506059749,5.622952257363462,5.631974558618663,5.580655752642746,54.989,56.73341935483871,54.87273860389669,5.598107943617295,5.619871705304798,5.521949379513178,49.117,52.484240437158476,51.43946403335891,5.247444264565077,5.429678947538512,5.37068339321441,8.363866052433162
2020-08-14,sz000901,57.58,63.81,63.81,57.29,859889,1067194640.0,11.42,11.73,6.7,11.27,5.934442393338019,0.632252210993733,59.42,59.717999999999996,60.08276105665472,5.618865321683043,5.631800880099584,5.664776162113089,60.189,59.96527272727272,59.222992805998274,5.716913459405345,5.668358116705321,5.656124175789142,57.366499999999995,58.64514285714286,57.27959600720725,5.65361465742026,5.661640285854336,5.614349718423249,55.61033333333334,57.30251612903225,55.449336113322715,5.621480346226494,5.641570702060974,5.548561832018008,49.45916666666666,52.965978142076516,51.84505537652747,5.261080045718535,5.452203476350738,5.389167294857807,9.028243635327843
2020-08-17,sz000901,64.69,69.05,71.21,64.39,1234523,1660696320.0,10.69,8.21,5.24,16.18,6.091499185543799,0.15705679220577995,61.10799999999999,62.928,63.07184070443648,5.704280015889635,5.789345501386502,5.807017169923326,61.032999999999994,61.57636363636363,61.00972138672586,5.73998090370365,5.7364646123668575,5.7352832684718065,58.082499999999996,59.75785714285714,58.400586863663705,5.678901300689309,5.703343574247054,5.659792524815682,56.278000000000006,58.16959139784947,56.32679829955996,5.641024867417607,5.671894498145961,5.583590048374511,49.90016666666667,53.60830054644809,52.409151921559356,5.2806399582096155,5.47943033339419,5.412194569962266,9.220290223296598
2020-08-18,sz000901,68.18,67.72,69.64,65.91,906784,1206111584.0,5.4,-1.93,-1.33,11.89,5.957503848493502,-0.13399533705029665,62.84400000000001,65.132,64.621227136291,5.766142752838227,5.873753445587791,5.857179396113385,61.88399999999999,62.79218181818181,62.22977204368479,5.747595391053279,5.776014238692286,5.775687010293932,58.8485,60.67571428571429,59.28815001950526,5.703223134627696,5.729877150228406,5.68814598421357,56.87633333333334,58.90778494623655,57.06184357055609,5.652702744264163,5.6923124969250525,5.60771351934993,50.317166666666665,54.192557377049184,52.91114694052462,5.29895957875187,5.501622592092021,5.430073562700994,9.081387488628124
2020-08-19,sz000901,67.48,66.38,69.81,64.57,643993,853468688.0,7.74,-1.98,-1.34,8.44,5.808881146741962,-0.14862270175154002,64.814,66.31066666666666,65.20748475752734,5.818903351292313,5.887999576889035,5.841079979656245,62.275,63.60963636363636,62.984358944833005,5.746284753543034,5.787157103362954,5.781722307829938,59.411,61.393,59.9635643033619,5.708580591879894,5.7399398180488115,5.699644571121036,57.27466666666667,59.5209247311828,57.66301495310086,5.6570982411845545,5.702388522891361,5.620692075955867,50.708333333333336,54.71920765027322,53.352748680179545,5.315779972236749,5.518341332026124,5.442493483489223,8.931187592377212
2020-08-20,sz000901,65.21,63.52,66.78,63.35,395567,505818640.0,5.17,-4.31,-2.86,5.19,5.597220053613476,-0.2116610931284857,66.096,65.87933333333334,64.64498983835156,5.877909325546152,5.814105144329424,5.759793337641989,62.415,63.836000000000006,63.08174822759064,5.722842877499893,5.76005443064849,5.748176443426944,59.7895,61.78433333333333,60.30227246494648,5.701819172294836,5.729334052499628,5.689889855167935,57.58533333333333,59.92384946236559,58.04088495612662,5.653472426508961,5.698525414015808,5.619177751933778,51.04666666666666,55.13926229508196,53.68610118246873,5.329127999957996,5.52756887567782,5.447566485788378,8.7039948295556
2020-08-21,sz000901,63.93,62.47,64.86,61.54,322679,403910112.0,5.23,-1.65,-1.05,4.23,5.508770702370484,-0.08844935124299269,65.828,64.67066666666668,63.91999322556771,5.7927749873526455,5.691058936604201,5.676119125884821,62.624,63.846,62.97052127711961,5.705820154517843,5.721132216988597,5.7046481268712235,60.0865,62.039619047619055,60.508722706380155,5.679538127832337,5.710948483935405,5.672640412044368,57.88633333333333,60.23898924731182,58.32663431379587,5.651236131334143,5.6891898189101004,5.612054716478082,51.37983333333333,55.51379781420764,53.97409786501074,5.340941617603803,5.5334588003470815,5.44957318141402,8.606284725987091
2020-08-24,sz000901,63.11,62.88,63.35,60.73,246876,305957312.0,4.19,0.66,0.41,3.24,5.392478872134494,-0.11629183023598966,64.59400000000001,63.687999999999995,63.573328817045144,5.652970924670784,5.557626898198151,5.581572374634712,62.851,63.892545454545456,62.95406286309786,5.678625470280209,5.66416107473708,5.647890080555454,60.5265,62.30566666666667,60.73455863910585,5.666378023243878,5.683609507202277,5.64595836062438,58.11333333333334,60.56116129032259,58.620399841938074,5.643549265479064,5.672495802187542,5.5978885329720445,51.72849999999999,55.8908524590164,54.26609465632186,5.350000803585592,5.535148546397269,5.447701236847478,8.48566083675576
2020-08-25,sz000901,62.94,60.32,63.29,59.56,351767,428583072.0,5.93,-4.07,-2.56,4.61,5.5462550949562175,0.15377622282172343,63.114,62.263333333333335,62.4888858780301,5.570721173963326,5.522054954959962,5.5697999480752145,62.979,63.43236363636365,62.47514234253461,5.668431963400776,5.640093733769081,5.629410992264684,60.86749999999999,62.28599999999999,60.695076863952906,5.670854034245871,5.672169228317738,5.636462811513127,58.28633333333333,60.703526881720435,58.73005146503885,5.642169423258917,5.666218758928005,5.594557343422636,52.02316666666666,56.17254098360656,54.46458335611458,5.363432080472633,5.541583113327452,5.45093251088383,8.632035013457616
2020-08-26,sz000901,59.62,58.45,60.49,57.7,281600,333530256.0,4.63,-3.1,-1.87,3.69,5.4496326504700745,-0.09662244448614299,61.528,60.708666666666666,61.14259058535341,5.49887147470895,5.481692113795545,5.5297441822068345,63.17099999999999,62.60890909090909,61.74329828025559,5.658887413000632,5.600312040508954,5.5967240210293,61.08299999999999,62.0557619047619,60.48126001976692,5.670656220510157,5.651100525100996,5.61866946284236,58.534666666666666,60.714086021505366,58.71198362858473,5.637966511890347,5.653797031651304,5.585207363232149,52.26283333333333,56.383256830601084,54.59525275427475,5.369427598304209,5.54440936152409,5.4508898925096085,8.523135236806787
2020-08-27,sz000901,58.28,59.5,60.03,57.41,214159,252104021.0,4.48,1.8,1.05,2.81,5.33073633027686,-0.1188963201932145,60.724000000000004,60.032666666666664,60.595060390235616,5.445574730041626,5.425647065651515,5.46340823156351,63.40999999999999,61.94145454545455,61.33542586566366,5.661742027793888,5.540648207286449,5.548362622710675,61.318999999999996,61.90499999999999,60.38780668455102,5.661250303946298,5.618727202221634,5.591247259740884,58.901666666666664,60.77636559139785,58.762823394482496,5.635882180840271,5.633975729611723,5.568789877235034,52.51733333333333,56.62054098360657,54.7560641393805,5.373546309016347,5.543140795359259,5.446950431452797,8.401579772626803
2020-08-28,sz000901,59.44,60.14,60.96,58.57,220525,264347539.0,4.02,1.08,0.64,2.89,5.343457830749877,0.012721500473016789,60.258,59.837999999999994,60.44337359349041,5.412512155717505,5.391608099220932,5.423424764625633,63.043000000000006,61.3469090909091,61.11807570827027,5.602643571535074,5.482778353278447,5.5111072059905295,61.616,61.79271428571429,60.36420604792711,5.65977851547021,5.588461252393404,5.567648266503645,59.25866666666666,60.85625806451612,58.85167349806428,5.636624295458531,5.615109642509119,5.554252325848895,52.79216666666667,56.87046448087432,54.932586626613926,5.380595709860102,5.542154287875111,5.44355723142975,8.422175271602507
2020-08-31,sz000901,67.07,67.13,67.13,63.29,761394,991185136.0,6.39,11.62,6.99,9.98,5.881609450128521,0.5381516193786444,61.10799999999999,62.12866666666666,62.67224906232695,5.51033827131631,5.547973864024604,5.5761529931265965,62.851,62.09000000000001,62.211152852221126,5.581654597993547,5.53349942211362,5.5784712503792555,61.94199999999999,62.31785714285714,61.00856737669596,5.660817750848599,5.609588008075147,5.597549331610776,59.672000000000004,61.36408602150539,59.385759078834326,5.646485733124054,5.630915136358795,5.5753721403185486,53.18449999999999,57.34055737704917,55.33250181918396,5.39823934383784,5.558580967883913,5.457919599255939,8.996154780654546
2020-09-01,sz000901,66.03,66.96,71.04,65.27,981060,1315321104.0,8.6,-0.25,-0.17,12.86,5.99169556892131,0.11008611879278885,62.436,64.07933333333332,64.10149937488464,5.599426366109329,5.708426296559605,5.714667185058168,62.775,62.83709090909091,63.07457960636273,5.5850737700363275,5.608052325918666,5.653602944659628,62.329499999999996,62.79576190476191,61.5753704836773,5.666334580544804,5.641100181224928,5.635087068497493,60.157333333333334,61.83427956989248,59.874419783425665,5.66384001309724,5.653186738668295,5.602231716357436,53.57033333333333,57.7922131147541,55.713731267735305,5.417743906444937,5.578038549034191,5.475420450720377,9.11903178831764
2020-09-02,sz000901,67.6,64.69,67.83,63.7,533351,689640064.0,6.17,-3.39,-2.27,6.99,5.7270131137027125,-0.26468245521859757,63.68399999999999,64.83066666666667,64.2976662499231,5.654902458755856,5.750955212424065,5.71878249460635,62.60600000000001,63.185272727272725,63.368292405205864,5.5768869667324035,5.633859479312555,5.666950248122006,62.4405,63.020571428571415,61.87200186618422,5.661585860137718,5.64687908914473,5.6438419299456095,60.476,62.12670967741935,60.18510237804337,5.66468271683073,5.657262422578326,5.61028212908939,53.92716666666666,58.156792349726764,56.008035160596435,5.432927968899654,5.588178523042642,5.48366939049029,8.838622483484736
2020-09-03,sz000901,64.1,61.6,64.39,61.19,397882,492341920.0,4.95,-4.78,-3.09,5.22,5.599754292306737,-0.12725882139597555,64.104,64.136,63.3984441666154,5.7087060511618315,5.73257249027436,5.679106427173146,62.414,63.00236363636364,63.046784695168434,5.577140390601729,5.638017174871526,5.654732801610139,62.4145,62.94052380952381,61.84609692654763,5.649991634050811,5.640990368398923,5.639643107313336,60.66433333333334,62.1992258064516,60.27638609558896,5.660259578397134,5.653073491963874,5.60960291381309,54.232499999999995,58.40836065573771,56.191378270085075,5.44742470672543,5.593648238564187,5.487475452844927,8.692266814951322
2020-09-04,sz000901,60.61,62.88,62.88,60.03,307945,380167504.0,4.63,2.08,1.28,4.04,5.488473156989228,-0.11128113531750916,64.652,63.728,63.22562944441027,5.737709116409702,5.659161525550159,5.615562003778507,62.455,63.08709090909092,63.016460205137804,5.575110636063603,5.6218958596692525,5.624503775315428,62.5395,62.984857142857145,61.94456388592405,5.6404653952907235,5.625607656297821,5.6252459691872305,60.876,62.342172043010756,60.444361186196126,5.644728963909425,5.641990497034331,5.601788090792196,54.568,58.69188524590164,56.41067734319704,5.458162945253041,5.594994089392507,5.487508164456215,8.57997499144411
2020-09-07,sz000901,62.36,60.14,63.17,59.62,308394,376369632.0,5.65,-4.36,-2.74,4.04,5.489105919987741,0.0006327629985127814,63.254,62.224,62.19708629627352,5.659208410381545,5.576293793409504,5.573409975848252,62.181000000000004,62.66618181818182,62.493467440567294,5.584773340848928,5.60625863856455,5.599885983437666,62.516,62.756333333333316,61.77270065869318,5.631699405564569,5.6111924681737255,5.612280250215851,61.077999999999996,62.29468817204301,60.42472498063509,5.639176462445562,5.631950300652289,5.594518273320941,54.8605,58.87457377049179,56.532950217190574,5.470456081480089,5.5960086131543,5.487560549883478,8.575614574407487
2020-09-08,sz000901,60.49,61.31,61.31,58.34,267985,320663456.0,4.94,1.95,1.17,3.51,5.428110485821543,-0.06099543416619735,62.124,61.57599999999999,61.90139086418235,5.546491393761593,5.4992611518895025,5.524976812506016,62.279999999999994,62.50781818181818,62.278291542282325,5.572958879935461,5.577774483105025,5.568654074780189,62.62950000000001,62.641476190476205,61.728633929293835,5.620695421668119,5.591803047245819,5.594740272654488,61.33833333333333,62.30965591397849,60.48183949801347,5.638222316142401,5.618333140870093,5.583782287030658,55.17333333333333,59.08603278688524,56.68957480023351,5.480890453651904,5.594620232968776,5.485611367455217,8.506049468934167
2020-09-09,sz000901,60.03,61.37,63.0,59.44,317158,387836480.0,5.81,0.1,0.06,4.16,5.501275670524705,0.07316518470316158,61.46,61.32466666666666,61.72426057612157,5.5013439051259905,5.484189244143875,5.517076431845579,62.572,62.342363636363636,62.113147625503714,5.5781231819409225,5.56474117230307,5.556403455824646,62.871500000000005,62.521523809523806,61.69447831698014,5.618505297470778,5.580429737613113,5.585838881975461,61.57933333333334,62.31169892473118,60.539140175560995,5.639811874320412,5.609497873410889,5.578459279514145,55.488166666666665,59.28920218579235,56.843031364160275,5.492307251144276,5.595288600735096,5.486124951162413,8.588648656515701
2020-09-10,sz000901,61.37,57.23,61.95,56.65,269852,320603280.0,8.64,-6.75,-4.14,3.54,5.43112564117368,-0.07015002935102466,60.586,59.91466666666667,60.22617371741438,5.46761817489938,5.46078315615977,5.48842616828828,62.345000000000006,61.37109090909091,61.225302602684856,5.588162113030606,5.538014346709026,5.5336256713426515,62.8775,61.9842380952381,61.26928990583917,5.624952070412247,5.562584056061008,5.5711042876133865,61.660999999999994,62.03109677419355,60.325647261008676,5.636887573641067,5.596034245465937,5.5689538834921795,55.72416666666667,59.346311475409834,56.85571886041731,5.503315370290777,5.59328264630983,5.484321695097208,8.505967961182861
2020-09-11,sz000901,56.88,56.76,57.7,54.43,205035,231988802.0,5.71,-0.82,-0.47,2.69,5.3118280025651545,-0.1192976386085256,59.362,58.639333333333326,59.07078247827626,5.432289144014565,5.408853098715029,5.429560113047239,62.00699999999999,60.355636363636364,60.4134294021967,5.584999130212133,5.487771781169853,5.493298822474015,62.525,61.40161904761905,60.839833724330674,5.593821350873604,5.532762716266046,5.546411308084983,61.74633333333333,61.714903225806445,60.09560550223393,5.634852053717518,5.575062660235233,5.552365116980758,55.943666666666665,59.38027322404373,56.852580537124936,5.507404586770961,5.587004371958171,5.478666164194517,8.365467022188401
2020-09-14,sz000901,56.94,56.3,57.41,55.6,153684,175119073.0,3.19,-0.81,-0.46,2.01,5.186628655571234,-0.1251993469939201,58.59400000000001,57.61866666666666,58.147188318850844,5.371793691131264,5.326966269233919,5.3485829605552375,60.924,59.318,59.665533147251836,5.515501050756404,5.415340785780598,5.437540610309873,61.8875,60.808761904761894,60.40746860772775,5.548577824374975,5.493982459570583,5.512146293559864,61.60266666666667,61.36352688172043,59.85072772789626,5.612378850817867,5.54614502164515,5.52876921624466,56.16683333333334,59.391956284153004,56.8344631424651,5.512405193752259,5.576487128312277,5.469091163911787,8.243333449610295
2020-09-15,sz000901,56.76,58.1,59.33,55.95,223581,260563121.0,6.0,3.2,1.8,2.93,5.349434894269135,0.16280623869790034,57.952,57.45399999999999,58.131458879233904,5.356058572820781,5.319513336946542,5.34886693845987,60.038,58.804545454545455,59.380890756842405,5.451274983291187,5.385146939146549,5.421521389211557,61.40650000000001,60.44804761904762,60.18770969270606,5.518174376663756,5.475016466227169,5.49664996981789,61.565666666666665,61.13754838709677,59.73777755190296,5.594648048126931,5.5291808954162,5.517199259988175,56.40866666666667,59.45533879781421,56.875956154187556,5.518934217539246,5.571143839804635,5.46516800753006,8.4159129475255
2020-09-16,sz000901,58.28,55.77,58.28,55.37,160988,183057754.0,5.01,-4.01,-2.33,2.11,5.206793505050414,-0.1426413892187206,56.83200000000001,56.72666666666667,57.34430591948927,5.297162139725923,5.26975831435642,5.301509127323385,59.145999999999994,58.028545454545466,58.72436516468924,5.399253022425957,5.340695761284591,5.382479955727712,60.876,59.91123809523809,59.76697543625786,5.48806999457918,5.4453611451211374,5.469044592220987,61.342333333333336,60.76363440860216,59.481791903393095,5.574141580900464,5.504158021669327,5.497173082250256,56.609,59.43439890710383,56.83969529667321,5.5234420644348345,5.56090971808369,5.456696712366793,8.262588129546916
2020-09-17,sz000901,55.72,55.19,55.95,54.08,160518,178250362.0,3.35,-1.04,-0.58,2.1,5.205523739933126,-0.0012697651172883795,56.424,56.17933333333334,56.626203946326186,5.252041759477812,5.239212181092154,5.269513998193299,58.50500000000001,57.309272727272734,58.08175331656392,5.359829967188596,5.305472255376804,5.350306098310514,60.45949999999999,59.36971428571428,59.33107301375711,5.468485178895162,5.418451978011989,5.443947368193572,61.11133333333333,60.36670967741936,59.20490210317419,5.553271078430073,5.480376225477886,5.4783569956491505,56.804833333333335,59.387874316939886,56.785606926290484,5.528277199003247,5.550486166460682,5.448461532942739,8.251030420512363
2020-09-18,sz000901,54.96,56.36,56.47,54.84,138028,155639061.0,2.95,2.12,1.17,1.81,5.1399671951839325,-0.06555654474919326,56.343999999999994,56.157999999999994,56.5374692975508,5.217669598001568,5.201853992994193,5.22633173052351,57.85300000000001,56.91927272727273,57.768707259006845,5.324979371008067,5.2654972059214105,5.312062661378408,60.153999999999996,58.97928571428572,59.04811367911358,5.450045003535835,5.387164550991872,5.414996875525988,60.977333333333334,60.06017204301075,59.02136003200167,5.535303387196504,5.453711458816845,5.456525395619137,57.02466666666667,59.373289617486336,56.77165260083834,5.533783765907613,5.537754690925622,5.43834696449163,8.192118601958557
2020-09-21,sz000901,56.41,57.93,59.44,56.12,247127,288698688.0,5.89,2.79,1.57,3.24,5.392920197083283,0.25295300189935066,56.67,56.686666666666675,57.0016461983672,5.258927906303978,5.260270859354765,5.2818612193767684,57.63199999999999,56.93327272727272,57.798033211914685,5.315360798717621,5.277850083389632,5.326764031506567,59.90650000000001,58.76747619047619,58.94162666205514,5.450067069783275,5.381724093234485,5.412894334721921,60.888,59.86356989247312,58.9509497073564,5.526253203282253,5.444525446551476,5.4524218344232755,57.268,59.402972677595635,56.809631204089534,5.541961096537011,5.533136213259251,5.43685756228152,8.460444810220675
2020-09-22,sz000901,57.17,55.66,57.17,55.42,148055,167639910.0,3.02,-3.92,-2.27,1.94,5.170423078633406,-0.22249711844987718,56.181999999999995,56.35,56.55443079891147,5.223125543176832,5.2307692501312415,5.244715172462315,57.06699999999999,56.574727272727266,57.409299900657466,5.2895920579988065,5.251497770647046,5.298338403711447,59.673500000000004,58.363047619047606,58.62909078947846,5.431275468967134,5.355091332172594,5.389801834142062,60.775333333333336,59.52627956989248,58.73863037139793,5.510327633778348,5.421568664316067,5.434228366307801,57.46383333333333,59.35025136612022,56.77193837772594,5.543886796933188,5.520954638901757,5.428122005440598,8.224377419004362
2020-09-23,sz000901,55.72,55.89,56.24,55.08,95358,107276331.0,2.08,0.41,0.23,1.25,4.9793571337754345,-0.19106594485797146,56.205999999999996,56.25266666666666,56.33295386594098,5.177638268921837,5.149513113664109,5.156262492900022,56.519000000000005,56.360727272727274,57.13306355508338,5.2374002043238805,5.195091420788251,5.240341809177626,59.545500000000004,58.00271428571428,58.36822500000432,5.407761693132402,5.312051490725765,5.350711862678574,60.754,59.21109677419355,58.55484776679162,5.491470266421812,5.387312503025556,5.404881835176681,57.660833333333336,59.29865027322405,56.74302236534148,5.543685436841438,5.502445469617895,5.41340840309092,8.03050391162111
2020-09-24,sz000901,55.19,53.62,55.42,53.62,127737,140704981.0,3.22,-4.06,-2.27,1.67,5.106316712207553,0.12695957843211847,55.891999999999996,55.39066666666666,55.42863591062732,5.157796863376722,5.125739261426014,5.139613899335866,56.157999999999994,55.83363636363635,56.494324726886404,5.2049193114272665,5.171258058585282,5.215973609728522,59.2515,57.43838095238094,57.91601309524201,5.396540712228936,5.2833424449234,5.327436134062287,60.63766666666667,58.75083870967742,58.236470491514744,5.484941150750587,5.362463886624636,5.385619569178673,57.81333333333334,59.16616393442622,56.64062818942864,5.541524547183941,5.488105511433179,5.403339823061957,8.148309471866334
2020-09-25,sz000901,54.14,53.39,54.38,52.45,87836,95478067.0,3.6,-0.43,-0.23,1.15,4.943672550039964,-0.16264416216758892,55.298,54.55666666666666,54.74909060708489,5.118537934347929,5.054364490313762,5.074300116237232,55.821000000000005,55.330363636363636,55.929902049270694,5.168103766174748,5.123758647423956,5.166464326148783,58.914,56.88014285714286,57.484964229028485,5.376551448193441,5.240212143762545,5.290887221298256,60.29033333333333,58.28324731182796,57.92379497593315,5.45191548930732,5.32754333174008,5.3571068582665,57.95033333333333,59.02113661202185,56.53405021600475,5.536697917766906,5.468503806608785,5.388268764930088,7.97990361792027
2020-09-28,sz000901,53.85,51.7,53.91,51.52,92231,98501871.0,4.48,-3.17,-1.69,1.21,4.964876917432392,0.021204367392427592,54.052,53.35733333333333,53.73272707138993,5.0329292784177495,5.003144151341917,5.037825716635619,55.361000000000004,54.58109090909091,55.16082894940329,5.145928592360864,5.086808311288982,5.12981207001853,58.142500000000005,56.19309523809523,56.934015254835295,5.330714821558634,5.201005045594824,5.259838620930078,59.711999999999996,57.729032258064514,57.52225981619553,5.414361413703605,5.29612148839331,5.331801700793331,57.995000000000005,58.81620765027322,56.375556766299674,5.527693140560606,5.449755577089621,5.37438706501213,7.99344447980988
2020-09-29,sz000901,52.16,53.09,53.85,52.05,112911,122213331.0,3.48,2.69,1.39,1.48,5.052736253763671,0.08785933633127918,53.538,53.03666666666667,53.518484714259955,5.009391913443803,5.009746476457224,5.042795895678303,54.86,54.16818181818182,54.784314594966325,5.116258728310318,5.069864249725855,5.115798285244919,57.449,55.71190476190476,56.5679185638986,5.283766855800752,5.174530896281019,5.240114585961849,59.22433333333333,57.30180645161291,57.236307569989364,5.384202493879277,5.272790832913313,5.313797478404321,58.050333333333334,58.655387978142066,56.26783359363411,5.518452619071721,5.434183220145459,5.363841136774475,8.087118581225388
2020-09-30,sz000901,53.09,53.15,53.91,52.63,99209,107649059.0,2.41,0.11,0.06,1.3,4.996551072084019,-0.05618518167965192,52.989999999999995,52.907333333333334,53.3956564761733,5.0128307011055195,5.005466196003962,5.027380954480209,54.598,53.85727272727273,54.48716648679063,5.095234485013679,5.048099221321074,5.0941169737611185,56.872,55.30247619047619,56.242402510193976,5.247243753719817,5.14717701211752,5.2169180608306265,58.78333333333333,56.909913978494615,56.97267482353844,5.357124824724012,5.247781063765232,5.29332996831914,58.028999999999996,58.4947213114754,56.16560954138381,5.5071115329542835,5.417071694014715,5.351798839571509,8.032010237848372
2020-10-09,sz000901,53.97,54.55,54.78,53.68,94907,104737011.0,2.07,2.63,1.4,1.24,4.977298245612315,-0.019252826471704232,53.176,53.42733333333334,53.780437650782204,4.987027007786471,4.993622044172894,5.010686718190911,54.53399999999999,53.84854545454546,54.4985907619196,5.072411935581597,5.026656268702644,5.07287720500679,56.51950000000001,55.08133333333334,56.081221318746934,5.216120951385096,5.121467916107283,5.1940971260479305,58.48433333333333,56.63679569892473,56.816373222019834,5.336460764457308,5.223276123177381,5.2729408249187,58.03483333333334,58.38065573770492,56.112638736748266,5.494966595483135,5.399700766560881,5.339520131572846,8.020100175783444
2020-10-12,sz000901,54.73,56.07,56.65,54.61,153845,173238300.0,3.74,2.79,1.52,2.02,5.187083386136315,0.20978514052400055,53.712,54.392,54.543625100521474,5.035709175005742,5.060307503622842,5.069485607506046,54.50500000000001,54.12781818181818,54.784301532479674,5.077123554676835,5.047505623348957,5.093641965212158,56.178999999999995,55.03852380952382,56.080152621723414,5.201051462842451,5.1187024337026354,5.193429150818252,58.271,56.481032258064516,56.76822011092178,5.325737853916168,5.2136388729631244,5.267401635319836,58.07866666666666,58.31623497267759,56.11124074537947,5.488486992625155,5.3896062351068865,5.33452220549296,8.238643913315473
2020-10-13,sz000901,56.12,55.77,56.12,54.9,106617,119732946.0,2.18,-0.54,-0.3,1.4,5.027826458138525,-0.15925692799779068,54.525999999999996,55.077999999999996,54.95241673368099,5.048299083146969,5.057679931333769,5.055599224383539,54.289,54.35781818181819,54.963519435665184,5.0406141807823595,5.038542514887446,5.081675509380588,55.9605,54.99957142857143,56.050614276797376,5.17798748974999,5.102204814207024,5.177657465801135,58.034,56.31967741935483,56.703818813442965,5.313582773449636,5.194418782912954,5.251945172275881,58.07366666666666,58.24054098360656,56.100052524219485,5.47856601946435,5.374502611025357,5.324466607219044,8.078213668345192
2020-10-14,sz000901,55.72,54.67,56.82,54.43,131270,147239585.0,4.29,-1.97,-1.1,1.72,5.118165485243124,0.09033902710459962,54.842,55.126000000000005,54.858277822454,5.061384929442859,5.0809687320324874,5.076454644670068,54.19,54.42709090909091,54.91015226554424,5.035388421443331,5.0526427520621295,5.088310050446503,55.628499999999995,54.876666666666665,55.91912720281667,5.162490239721069,5.096507480444465,5.171991562890848,57.845666666666666,56.10264516129032,56.572604696446646,5.299313119792532,5.181811215931888,5.24331422472538,58.066,58.12894535519126,56.053165556212285,5.470741271525725,5.362686200067284,5.317702636006719,8.168024584701932
2020-10-15,sz000901,53.91,53.04,54.55,52.92,139454,151827977.0,2.98,-2.98,-1.63,1.83,5.144430975776779,0.02626549053365501,54.82000000000001,54.52533333333334,54.25218521496934,5.090960910181412,5.108650747477127,5.099113421705638,53.904999999999994,54.218,54.57012458089983,5.051895805643466,5.0724686710318485,5.0985138550520075,55.212,54.63014285714286,55.644924612072224,5.144648004983673,5.094787550545011,5.169366745070461,57.66533333333333,55.79260215053764,56.34469471603074,5.28913973063609,5.171818819543775,5.236934660277084,58.1,57.96415846994536,55.95437324289385,5.463553121263217,5.351987501846008,5.3120215979663925,8.181351805401366
2020-10-16,sz000901,52.8,52.57,52.92,51.58,103736,110544604.0,2.53,-0.89,-0.47,1.36,5.0159294978370585,-0.12850147793972067,54.424,53.775333333333336,53.69145680997956,5.09868716062636,5.083640276695676,5.071385447082779,53.8,53.97527272727273,54.20646556619077,5.042857084206416,5.065929342339775,5.083498517376562,54.979,54.378523809523806,55.35207464901773,5.123888197816841,5.082528645102475,5.154753673905375,57.434333333333335,55.463870967741926,56.101166024673915,5.278646169554762,5.15419235291158,5.222676262700309,58.168,57.78284699453551,55.84341018574978,5.457264175197517,5.337311317471379,5.3023136602572345,8.043537548269606
2020-10-19,sz000901,53.15,52.8,53.62,52.45,85240,92142599.0,2.23,0.44,0.23,1.12,4.9306434410421645,-0.0852860567948941,53.77,53.234,53.39430453998638,5.04739917160753,5.027625703500945,5.024471445069241,53.741,53.793454545454544,53.95074455415608,5.041554173306636,5.045526861764455,5.055706685315762,54.78099999999999,54.17099999999999,55.10901992053985,5.104828969740693,5.064124382552506,5.1334098422041174,57.18966666666667,55.1648817204301,55.88818757146915,5.26488568989784,5.131740563975284,5.203835435496559,58.22416666666667,57.60684699453552,55.74362624523339,5.450754992678185,5.320045063892514,5.290127751430511,7.964460457921432
2020-10-20,sz000901,52.28,52.86,52.92,51.58,78936,84158116.0,2.54,0.11,0.06,1.03,4.897275115194261,-0.03336832584790361,53.188,52.93066666666667,53.21620302665759,5.021288903018677,4.9775843513631886,4.982072668444248,53.857000000000006,53.633272727272725,53.75242736249133,5.034793993082824,5.0192943057440225,5.026900945293671,54.609,53.98804761904763,54.8948275471551,5.090361292721843,5.04435734878618,5.110920820584131,56.71399999999999,54.88554838709677,55.692820631374374,5.23207454540003,5.108023752704083,5.184057350315765,58.193,57.43097267759563,55.64908112243885,5.439280139262043,5.301898182663534,5.277247337127683,7.925096004614295
2020-10-21,sz000901,52.8,51.52,52.92,51.06,89832,95132989.0,3.52,-2.53,-1.34,1.18,4.953431068826028,0.05615595363176684,52.55799999999999,52.37466666666667,52.65080201777173,4.988342019735258,4.954965073298971,4.972525468571508,53.7,53.208363636363636,53.34653147840199,5.024863474589059,5.004501046788242,5.013542785935917,54.279999999999994,53.69385714285714,54.573415399807,5.070561101449688,5.031316375081816,5.095921796607169,56.19933333333333,54.550451612903224,55.42360639709216,5.197465728730188,5.090046754215439,5.169178235380944,58.17833333333333,57.21218579234973,55.51370141350643,5.430652870913714,5.285968704944319,5.26663041029812,7.978331142135309
2020-10-22,sz000901,51.0,50.47,51.35,49.54,91738,94758410.0,3.51,-2.04,-1.05,1.2,4.962549267751142,0.009118198925114562,52.044,51.67866666666667,51.92386801184782,4.951965678130131,4.946367489304266,4.969200068298052,53.432,52.62109090909091,52.82352575505617,5.021463294155771,4.993171190999531,5.004271237175049,54.015,53.331,54.18261393315871,5.058348889584725,5.021029533777192,5.0832196510018335,55.72533333333333,54.18081720430108,55.104018887602344,5.171983600531802,5.074890853507114,5.155847334243537,58.10066666666667,56.95945355191257,55.3483341540472,5.418333158681266,5.270621045824236,5.256660536771989,7.9766177648618335
2020-10-23,sz000901,50.47,49.72,51.17,49.54,70252,72500215.0,3.23,-1.49,-0.75,0.92,4.846658692656829,-0.11589057509431289,51.474000000000004,50.904,51.18924534123188,4.918111517094085,4.911265160813165,4.928352943084311,52.949,51.94618181818182,52.259248345045954,5.008399338860222,4.96138853618154,4.975614410899008,53.74150000000001,52.92195238095238,53.75760308238169,5.04040563722091,5.000868562641202,5.060690035921357,55.32933333333333,53.79337634408603,54.75666283033768,5.146880413876805,5.053902149773245,5.135899679947621,57.996833333333335,56.68467759562842,55.16379860801286,5.403569996136969,5.25187762070868,5.243217853358377,7.860339294476858
2020-10-26,sz000901,49.72,49.43,50.18,48.67,65858,67121563.0,3.04,-0.58,-0.29,0.86,4.818608537761366,-0.02805015489546303,50.8,50.22266666666667,50.60283022748793,4.8957045364379255,4.878097501035593,4.89177147464333,52.285000000000004,51.30636363636364,51.7448395550376,4.971551854022728,4.9268811177999305,4.947067888510346,53.394999999999996,52.51133333333334,53.34545040786915,5.024337704349781,4.97974502935934,5.037634655144214,54.881,53.412774193548394,54.413007163864286,5.124551593235877,5.03272331905612,5.11542928367754,57.8785,56.40379781420764,54.97580521102883,5.38464027857265,5.232698556499644,5.229296236453557,7.826862060966827
2020-10-27,sz000901,49.6,50.01,50.3,49.08,60043,61434266.0,2.47,1.17,0.58,0.79,4.778462383286363,-0.04014615447500347,50.230000000000004,49.95933333333333,50.405220151658625,4.871941990056346,4.839016783318406,4.854001777524341,51.709,50.89272727272727,51.4294141813944,4.946615446537512,4.89177394130241,4.916412342105985,52.999,52.18895238095238,53.027788464262564,4.993614813659935,4.956328332115206,5.012951581633943,54.54333333333333,53.098516129032255,54.128942185550464,5.100863475345831,5.010394982930344,5.093689483652303,57.81066666666666,56.14581420765027,54.81299192542132,5.370019968895695,5.212823871408289,5.214514798644797,7.788410673807801
2020-10-28,sz000901,50.42,49.31,50.42,48.55,74209,75189403.0,3.74,-1.4,-0.7,0.97,4.870456579312838,0.09199419602647474,49.788,49.65266666666666,50.04014676777242,4.855347092153708,4.838521646403903,4.85948671145384,51.173,50.456545454545456,51.0440661484136,4.9218445559444834,4.877926874534287,4.908056748870867,52.68150000000001,51.83761904761906,52.67371337242803,4.978616488693907,4.944598976463101,4.999380629031933,54.14333333333333,52.7608817204301,53.8180426897085,5.082275011795541,4.9955300218959575,5.079287360791692,57.74083333333333,55.86710382513662,54.63256596065341,5.360248663968971,5.196444743880985,5.203234201289651,7.876156636563426
2020-10-29,sz000901,48.67,48.67,49.19,48.09,74983,75348321.0,2.23,-1.3,-0.64,0.98,4.8749628121509065,0.0045062328380689465,49.428,49.28,49.58343117851496,4.837829801033661,4.845060219736302,4.864645411686196,50.736000000000004,50.00145454545454,50.61241775779294,4.894897739581896,4.869402921117273,4.9020396694672375,52.320499999999996,51.45557142857142,52.292407336958696,4.973396772612681,4.934727197744721,4.9875313131385015,53.72,52.407763440860215,53.485910903275695,5.061397916516414,4.982155041273724,5.066105131847126,57.64966666666667,55.569699453551905,54.437071994730346,5.350604895418413,5.180533732345964,5.192471204924447,7.877073579297508
2020-10-30,sz000901,48.49,47.27,49.66,47.21,110869,110891734.0,5.03,-2.88,-1.4,1.45,5.0448101303604185,0.16984731820951193,48.938,48.56066666666667,48.81228745234331,4.877460088574379,4.914053662845221,4.924700317910936,50.206,49.37127272727273,50.00470543819422,4.897785802834232,4.896659719440642,4.9279979350841785,52.003,50.97457142857143,51.814082828676916,4.970321443520325,4.941528469911171,4.992986438588208,53.388000000000005,51.99163440860215,53.08488439338694,5.048520732822639,4.9810848615217225,5.064731260783468,57.524499999999996,55.2293825136612,54.20208602769001,5.342704153231853,5.170507674475212,5.187629858217429,8.044899174535265
2020-11-02,sz000901,46.92,45.52,47.21,44.82,125694,120095086.0,5.06,-3.7,-1.75,1.65,5.099314547144322,0.05450441678390394,48.156,47.42133333333334,47.71485830156221,4.933601290450969,4.988005149035203,4.982905060988732,49.477999999999994,48.51927272727272,49.18930444943163,4.914652913444447,4.933301309315204,4.959146410004204,51.609500000000004,50.35714285714285,51.214646368802924,4.978103543375542,4.953813527399171,5.003112925117361,53.013333333333335,51.48402150537633,52.59682733574908,5.041436950975277,4.984361881800541,5.066962440548684,57.37983333333333,54.835792349726766,53.917427469405084,5.338144502346397,5.162527687390374,5.184734274247819,8.079525237488292
2020-11-03,sz000901,45.64,48.32,48.38,45.35,133173,130737471.0,6.66,6.15,2.8,1.75,5.124416183245597,0.02510163610127414,47.818,47.476000000000006,47.916572201041475,5.002792050442816,5.051610113300078,5.0300754350743535,49.024,48.30872727272727,49.03124909498952,4.937367020249581,4.971440085642685,4.989195459684457,51.4405,50.04385714285715,50.93896576225026,4.986080506666203,4.967748064529652,5.01466561636767,52.74733333333333,51.18122580645162,52.32090299150721,5.039363201897756,4.9897153806566905,5.070669133625904,57.175,54.53874863387978,53.73390525729344,5.325871026357811,5.155520201518216,5.182756631919877,8.11640007967099
2020-11-04,sz000901,48.73,48.43,48.9,47.39,81996,81669758.0,3.13,0.23,0.11,1.07,4.913792666770312,-0.21062351647528477,47.642,47.67999999999999,48.087714800694314,5.0114592679343115,5.02194365207591,4.99131451230634,48.714999999999996,48.20072727272727,48.921931077718696,4.933403180044009,4.967153839555546,4.975485860972794,51.2075,49.75714285714286,50.700016642035955,4.979133327316534,4.960863508349092,5.005058668786969,52.425,50.90268817204302,52.069876992055136,5.0248417943144625,4.981614055809759,5.060548071248125,56.99533333333333,54.25202732240438,53.56000672426743,5.309744921220697,5.142009435630101,5.173938141259235,7.91206126870935
2020-11-05,sz000901,48.49,48.55,49.19,48.26,80996,81311649.0,1.92,0.25,0.12,1.06,4.908463571708004,-0.0053290950623079425,47.618,47.98266666666667,48.24180986712955,5.01815941984573,4.987611753333808,4.963697532106894,48.523,48.17072727272727,48.854307245406204,4.927994610439695,4.962619365312635,4.9632999901973776,50.977500000000006,49.50404761904762,50.49525315231824,4.974728952297734,4.954133055433994,4.995859135731829,52.184333333333335,50.652688172043014,51.84278815385803,5.014897463203048,4.974105783383537,5.050736168051988,56.763333333333335,53.97513114754097,53.39574420871767,5.294519522051757,5.128852670072308,5.165234057011653,7.910152768644624
2020-11-06,sz000901,48.61,47.91,48.78,47.5,70051,69558206.0,2.64,-1.32,-0.64,0.92,4.8454143393560125,-0.06304923235199134,47.745999999999995,48.08,48.13120657808637,4.97828026164485,4.930030059837235,4.924269801189935,48.342,48.05927272727272,48.68261501896871,4.9278701751096134,4.9476047705701465,4.941866235498947,50.6455,49.21190476190477,50.24903856638317,4.968134756984918,4.941817378010973,4.981531059886512,51.94166666666667,50.3769247311828,51.589059885867194,5.002893816517144,4.96317138829663,5.037489598458699,56.526500000000006,53.68485792349727,53.215883742858075,5.278082447473609,5.1141279099839245,5.154748164629501,7.842348372434358
2020-11-09,sz000901,47.97,49.43,49.54,47.97,112477,113726056.0,3.28,3.17,1.52,1.47,5.051063724275847,0.20564938491983487,48.528,48.641333333333336,48.564137718724254,4.968630097071154,4.954291214047569,4.966534442218572,48.342,48.257090909090905,48.81850319733803,4.9511156937610625,4.970003597691281,4.961720324367474,50.3135,49.09614285714286,50.1710348933943,4.961333773891894,4.949715374895822,4.988153218399781,51.710666666666675,50.214881720430114,51.44976569968222,4.999930367486875,4.966279124281062,5.0383653485114195,56.344,53.452185792349724,53.09175640702666,5.26761687734169,5.106684673157767,5.15134867478184,8.055859978149552
2020-11-10,sz000901,49.48,48.32,49.83,48.14,88019,88772712.0,3.42,-2.25,-1.11,1.15,4.9445764301557045,-0.1064872941201429,48.528,48.572,48.48275847914951,4.932662146453176,4.946273325075752,4.959215104864283,48.173,48.2530909090909,48.72786625236748,4.967727098447996,4.968814640672124,4.9586032526926065,49.941,48.9062857142857,49.99474585592818,4.9571712724927535,4.948119437397138,4.984003048090822,51.39033333333334,49.99612903225806,51.24784533196079,4.984985575255956,4.962707902517762,5.032314450552986,56.13916666666667,53.18910382513661,52.93530537728808,5.255619389269104,5.096093183086097,5.144569256925244,7.948279487748311
2020-11-11,sz000901,48.32,47.5,48.73,47.27,72126,71398516.0,3.02,-1.7,-0.82,0.95,4.858091847536006,-0.08648458261969871,48.342,48.22933333333333,48.15517231943301,4.921521982606315,4.921416558770028,4.9255073524215245,47.992000000000004,48.13072727272727,48.504617842846116,4.966490625270312,4.948880958688127,4.940328451755042,49.582499999999996,48.673809523809524,49.75715101250645,4.944167590607398,4.938683301686971,4.9720115051808405,51.11833333333333,49.74513978494624,51.00604885893106,4.974574534219375,4.9545212104067975,5.021074282616407,55.94683333333333,52.90585245901639,52.7570986436065,5.242451083998862,5.083059493193207,5.135176554978056,7.853689185169607
2020-11-12,sz000901,47.39,47.27,47.74,46.63,52466,51325926.0,2.34,-0.48,-0.23,0.69,4.719877954914042,-0.13821389262196337,48.086,47.872,47.86011487962201,4.8838048592475225,4.854201882872604,4.85696421991903,47.852,47.99945454545455,48.280141871419545,4.9509821395466265,4.904042291350623,4.900246543238497,49.294,48.45357142857143,49.52027948750583,4.922939939564261,4.917322384001889,4.947998786107812,50.831,49.496860215053765,50.76501344867744,4.965925228257329,4.93808917303226,5.00164226147432,55.7925,52.621366120218575,52.577193770045625,5.22869774733957,5.065925947977312,5.121560207434973,7.7103367934651805
2020-11-13,sz000901,47.21,48.2,48.67,46.63,84792,84011317.0,4.32,1.97,0.93,1.11,4.928354879146451,0.20847692423240893,48.144000000000005,47.91,47.97340991974801,4.90039296720561,4.86905188950558,4.880761106328171,47.945,48.06272727272727,48.265570622070534,4.93933661442523,4.899928244005136,4.905357149767216,49.0755,48.34938095238095,49.394538583933844,4.918561208629731,4.917838092533527,4.946127937825777,50.650333333333336,49.327118279569895,50.59952871005309,4.959993167155292,4.935665279541236,4.996914043259619,55.644000000000005,52.37243169398908,52.43367922020806,5.22246715895294,5.056078640823439,5.11522560650748,7.924337792961856
2020-11-16,sz000901,48.43,48.32,48.67,47.62,64947,64524113.0,2.18,0.25,0.12,0.85,4.8125590951544455,-0.11579578399200585,47.922000000000004,47.968666666666664,48.08893994649867,4.85269204138133,4.839773932155191,4.858027102603597,48.225,48.130909090909086,48.27546687260316,4.910661069226242,4.876877785955903,4.888484776201258,48.8515,48.27742857142857,49.29220157594015,4.912656991335345,4.907742653154929,4.9334070956666025,50.48133333333333,49.17677419354839,50.452462341662574,4.955622718659108,4.926153403928279,4.9850201756399315,55.38583333333334,52.132300546448086,52.298804491676655,5.2037691039832135,5.042639032174308,5.1053021143319715,7.809722043098073
2020-11-17,sz000901,48.32,48.03,48.38,47.39,57560,56974861.0,2.05,-0.6,-0.29,0.75,4.760120785264568,-0.05243830988987774,47.864000000000004,48.00466666666667,48.06929329766578,4.815800912403103,4.808916846782937,4.825391663490588,48.196,48.09545454545455,48.23083653212986,4.8742315294281395,4.849506825235599,4.865145868758223,48.61,48.19919047619047,49.171991902041086,4.90579927483886,4.893215395433902,4.916903637533076,50.359,49.01862365591398,50.29617444865209,4.948797514253514,4.913540375967338,4.970510537551199,55.0355,51.89112568306012,52.15884368867086,5.18157946397856,5.028093185658942,5.093984693706811,7.7556832743174136
2020-11-18,sz000901,47.91,48.84,49.08,47.62,94580,95069719.0,3.04,1.69,0.81,1.24,4.975799309679408,0.21567852441484003,48.132000000000005,48.330000000000005,48.326195531777195,4.839342404831783,4.862249645875039,4.875527545553528,48.237,48.212545454545456,48.341593526288065,4.88043219371905,4.867973694372193,4.885264676198438,48.476,48.22109523809523,49.140373625656224,4.906917686881529,4.8998820654187165,4.922512749166059,50.21733333333334,48.92062365591398,50.202227710029376,4.946232949450706,4.915282427285138,4.970851748656245,54.72083333333333,51.68799453551912,52.05002914150133,5.165217721664991,5.021346295354053,5.090109763082961,7.978042210256552
2020-11-19,sz000901,49.02,50.71,51.06,48.49,193434,199753746.0,5.26,3.83,1.87,2.54,5.286532812635264,0.31073350295585644,48.82000000000001,49.18933333333334,49.1207970211848,4.952673376376027,5.011313115142866,5.01252930124744,48.453,48.66218181818182,48.772212885144775,4.918239117811774,4.941810170538777,4.958222519186951,48.488,48.43385714285714,49.28986185178421,4.923116864125735,4.936035886919072,4.957181326639317,50.135999999999996,48.952408602150534,50.23498721260813,4.955899007469081,4.937237257168014,4.991218268912957,54.459666666666664,51.556491803278696,52.00609375981276,5.156511916096546,5.025323839320291,5.096549863068282,8.300494932425952
2020-11-20,sz000901,50.76,50.71,51.52,49.83,141603,147075912.0,3.33,0.0,0.0,1.86,5.151072454410559,-0.13546035822470515,49.322,49.81933333333333,49.650531347456536,4.997216891428849,5.077446141154377,5.058710352301813,48.733,49.072545454545455,49.12453781511845,4.948804929317229,4.984143504465829,4.993286143773061,48.53750000000001,48.645476190476195,49.425113103995244,4.938337552213422,4.957745943136675,4.9756471483318165,50.008,48.989440860215055,50.265633198891486,4.961691481095689,4.949829092454561,5.001531442170867,54.24616666666667,51.43355191256831,51.96359888244185,5.149076122776497,5.025145496314193,5.098337489013931,8.16754155007556
2020-11-23,sz000901,50.47,50.53,51.17,49.83,129495,134099297.0,2.64,-0.35,-0.18,1.7,5.112252999966839,-0.03881945444372015,49.763999999999996,50.222,49.94368756497103,5.057155672391327,5.11579151066704,5.076557901523488,48.843,49.39927272727273,49.38007639418782,4.954923856886329,5.01386133549303,5.014916481262839,48.5925,48.8352380952381,49.530340427424264,4.953019775323694,4.974309319113189,4.988657229439914,49.82333333333333,49.0231182795699,50.28268912154365,4.959197134890039,4.959542738833345,5.008674768480285,54.04716666666666,51.31171038251366,51.916595640394576,5.142467494403104,5.023938180812237,5.098793735274682,8.127426501119153
2020-11-24,sz000901,51.0,50.65,52.16,50.59,147822,155471044.0,3.11,0.24,0.12,1.94,5.169739073893592,0.057486073926753534,50.288,50.51733333333333,50.17912504331402,5.1390793301171325,5.153319311167795,5.107618292313523,49.076,49.727818181818186,49.61097159524458,4.977440121260118,5.05291864767617,5.043066043559339,48.6245,49.031190476190474,49.63697467243148,4.972583609854057,4.994949252310324,5.005903119387884,49.65266666666666,49.07645161290321,50.30638659757309,4.963927555415209,4.973126089736799,5.0190660139908205,53.84333333333334,51.200327868852455,51.87506791448,5.138755164432422,5.024832330959466,5.101119811950712,8.19164951489332
2020-11-25,sz000901,51.0,49.54,51.0,49.43,102513,105582385.0,3.1,-2.19,-1.11,1.34,5.010778943150474,-0.1589601307431181,50.428,50.268,49.966083362209346,5.146075256811345,5.110552515512243,5.075338509259174,49.28,49.81218181818182,49.59806766883647,4.992708830821565,5.0589802516562346,5.037195661666818,48.636,49.118380952380946,49.62773898934277,4.9795997280459385,4.998586903100458,5.006367483555749,49.48166666666667,49.06918279569892,50.25694230095547,4.960348004012119,4.9761487599132685,5.018531364259186,53.66366666666667,51.0592349726776,51.798508310726554,5.129830561902327,5.02063638927809,5.0981578162523435,8.02359146805176
2020-11-26,sz000901,49.08,50.24,50.71,48.96,101428,103994021.0,3.53,1.41,0.7,1.33,5.00615786196845,-0.004621081182023978,50.334,50.205333333333336,50.05738890813957,5.0900002666779836,5.063913383897944,5.0522782934956,49.577,49.98672727272728,49.71478263813893,5.021336821527005,5.061425530046577,5.031552425358023,48.7145,49.27114285714286,49.68604956178632,4.986159480536816,5.001116249188317,5.006347519595054,49.388333333333335,49.11810752688172,50.25584924928093,4.955738900218509,4.979104234620129,5.017733073788817,53.526833333333336,50.94698360655738,51.74740967758798,5.122439315427299,5.016581546657307,5.0951414243086095,8.017008370824248
2020-11-27,sz000901,50.42,51.17,51.87,49.72,138060,144179105.0,4.28,1.85,0.93,1.81,5.140067869052287,0.13391000708383682,50.426,50.484,50.42825927209305,5.087799349606328,5.0806025846893785,5.081541485347829,49.874,50.276363636363634,49.97936761302276,5.042508120517589,5.083012993232992,5.0512825060297075,48.9095,49.504999999999995,49.82737817494953,4.990922367471409,5.015774190951695,5.019082790971933,49.34166666666667,49.23305376344085,50.31482671706926,4.959876845925683,4.990996426157791,5.02562564122517,53.388000000000005,50.86971038251367,51.72847821274903,5.119261507740223,5.0171595320220606,5.096614422496927,8.158902325288198
2020-11-30,sz000901,51.06,51.0,51.87,50.42,125998,132383500.0,2.83,-0.33,-0.17,1.65,5.100363651499647,-0.03970421755264031,50.52,50.675333333333334,50.618839514728705,5.08542147991289,5.084790685320485,5.087815540731769,50.142,50.48109090909091,50.16493713792771,5.071288576152108,5.093532180684275,5.060206350660605,49.1835,49.70409523809524,49.939056444001956,4.990974822689176,5.026197170382955,5.026823825307907,49.281666666666666,49.340043010752694,50.35903144500028,4.965534186274266,5.000060091033531,5.030447448339652,53.23566666666667,50.79141530054645,51.70459368118348,5.1152099380860525,5.016539930178108,5.096737348038,8.121833858929197
2020-12-01,sz000901,50.88,51.23,51.7,50.53,103213,108130196.0,2.29,0.45,0.23,1.35,5.0137344014839735,-0.08662925001567334,50.636,50.912,50.82255967648581,5.054220545430967,5.060894992510845,5.063121827649171,50.462,50.678909090909094,50.35858493103176,5.096649937774049,5.083067785290068,5.051756905355763,49.32899999999999,49.899,50.0620034493351,4.985440733601094,5.028364749315794,5.025577213515151,49.22733333333334,49.46574193548387,50.41522296467768,4.969416162483923,5.003169782337383,5.02936918725219,52.97066666666667,50.725655737704926,51.68903323262009,5.100745353941977,5.01321286340427,5.094015939954262,8.03394699020613
2020-12-02,sz000901,51.52,51.35,51.87,50.82,95731,100431576.0,2.05,0.23,0.12,1.25,4.981052595549688,-0.03268180593428571,50.998000000000005,51.15,50.99837311765721,5.048275275910809,5.036505675883753,5.035765416949344,50.713,50.840363636363634,50.538842216298704,5.097175266361078,5.062050086703821,5.038901576300113,49.475,50.091476190476186,50.18466978749367,4.988803730040063,5.027946831406136,5.021336773708915,49.22166666666667,49.60268817204301,50.47553116050493,4.970336880041378,5.003920519954529,5.0262519877875125,52.7105,50.672519125683074,51.677917388927625,5.083901304385782,5.009288510670096,5.0903122237442755,8.00187027781483
2020-12-03,sz000901,51.29,50.3,51.29,50.07,106507,110229806.0,2.38,-2.04,-1.05,1.4,5.027378152013908,0.046325556464219986,51.010000000000005,50.91733333333333,50.76558207843814,5.052519333919901,5.02953996791812,5.032969661970865,50.672,50.76527272727273,50.49541635878984,5.071259800298942,5.049359702277064,5.036806408248075,49.5625,50.17004761904762,50.19565361725618,4.994749459055358,5.0316205858798355,5.021912143071296,49.216,49.672258064516136,50.46420656950461,4.972497842850137,5.0076006020172725,5.026324643544054,52.47066666666667,50.59348633879781,51.632739769618524,5.07224072169097,5.007435292559543,5.088248811556395,8.042299043073577
2020-12-04,sz000901,50.24,50.53,50.94,49.83,78601,81215434.0,2.21,0.46,0.23,1.03,4.895428071379348,-0.13195008063456015,50.88199999999999,50.757333333333335,50.68705471895877,5.003591374385312,4.977176213737935,4.987122465107026,50.654,50.73945454545455,50.50170429355532,5.04569536199582,5.017390297018955,5.011101256090124,49.6935,50.26219047619048,50.22749612989844,4.997250145656524,5.0221614061011675,5.009866041005396,49.243,49.75703225806452,50.46845130695593,4.974123488807554,5.002628358696577,5.017879703404396,52.28616666666667,50.52985792349727,51.59658436733594,5.0605019513421805,5.001638156483751,5.08192682007518,7.909638569439342
2020-12-07,sz000901,50.65,50.18,51.06,50.07,73977,76562799.0,1.96,-0.69,-0.35,0.97,4.869096715329424,-0.02633135604992365,50.717999999999996,50.52333333333333,50.51803647930585,4.957337987151268,4.9323446607193056,4.947780548514492,50.619,50.653272727272736,50.44321260381799,5.021379733532079,4.985281452170519,4.985282248679088,49.731,50.308523809523805,50.22297268895573,4.988151795209204,5.009956317498586,4.996459438560066,49.268,49.81748387096774,50.449841545216835,4.9758064280598235,4.99585243782702,5.008280800947946,52.07450000000001,50.46080327868853,51.550138978242956,5.050179010647851,4.995362574975137,5.0749487838540075,7.884017802094214
2020-12-08,sz000901,50.18,49.25,50.24,49.25,64186,65521806.0,1.97,-1.85,-0.93,0.84,4.807440311779371,-0.061656403550053085,50.321999999999996,50.034,50.09535765287057,4.916079169210348,4.882378768928673,4.901000469602786,50.479,50.404363636363634,50.22626485766926,4.985149857320657,4.946383375488209,4.952947351060957,49.777499999999996,50.26271428571429,50.130308623340895,4.9812949892903875,4.9927457000290785,4.978457616961904,49.242666666666665,49.81632258064516,50.37243241326737,4.97677235900959,4.9849901077444105,4.995323350033845,51.893,50.36819672131148,51.47472458551368,5.0388179171777105,4.987403929110597,5.06617801427779,7.816385859525023
2020-12-09,sz000901,49.31,47.91,49.43,47.79,89402,89677648.0,3.33,-2.72,-1.34,1.17,4.951347234447463,0.14390692266809246,49.634,49.23,49.366905101913716,4.910138096989902,4.8941347906743795,4.917782724551012,50.315999999999995,49.93727272727272,49.80512579263848,4.979206686450356,4.940237444056719,4.952656420767594,49.798,50.08485714285715,49.91885065921319,4.98595775863596,4.989893532901181,4.975875675770053,49.196000000000005,49.7303440860215,50.2135658059598,4.9794687141807445,4.9833497771275,4.9924861812863375,51.669666666666664,50.23760655737706,51.357848369595196,5.030871862988142,4.984536037873539,5.062413070676795,7.9526842093771
2020-12-10,sz000901,47.79,47.5,48.26,47.04,63776,62852756.0,2.55,-0.86,-0.41,0.84,4.804657277020394,-0.14668995742706947,49.074,48.51866666666667,48.74460340127581,4.8655939219912,4.858974517351209,4.8800742420408065,50.041999999999994,49.42527272727273,49.38601201215876,4.95905662795555,4.908501187796725,4.92574748554083,49.8095,49.866,49.68848392976432,4.990196724741278,4.972626820366366,4.959569161603419,49.157000000000004,49.6209247311828,50.03849704428498,4.977125196343061,4.972071619891348,4.980368187462728,51.4385,50.10089617486339,51.231361537805185,5.019261556429737,4.977119166202466,5.053962061048717,7.798324325607502
2020-12-11,sz000901,47.5,45.7,47.56,45.23,117161,112450020.0,4.91,-3.79,-1.8,1.54,5.068783069843194,0.26412579282280024,48.108,47.394,47.729735600850546,4.900264921683969,4.926704233301873,4.942977184641602,49.495,48.63581818181819,48.715828009948076,4.951928148034641,4.928451449958116,4.951753955413986,49.6845,49.47461904761905,49.30862831740581,4.997218134276115,4.980111234185596,4.969970486197683,49.10466666666667,49.397892473118276,49.75859400916982,4.9779242943258195,4.977985031084904,4.9860723734227586,51.24633333333333,49.91274863387978,51.05000542181157,5.013222513574229,4.978742822379957,5.054447995763289,8.050959537013881
2020-12-14,sz000901,45.7,46.16,46.28,44.82,58134,55547095.0,3.19,1.01,0.46,0.76,4.764430206289635,-0.30435286355355906,47.304,46.74466666666667,47.206490400567034,4.8793316198760115,4.8814259948370955,4.883461525190947,49.011,48.02945454545454,48.25113200813933,4.918334803513639,4.894360915095388,4.917695091936832,49.576499999999996,49.13895238095238,49.008758953843355,4.994811689832874,4.957940955329741,4.950395221444535,49.126,49.207913978494624,49.52642665373951,4.966761482963998,4.964211218953539,4.971772878769009,51.06966666666667,49.74598360655738,50.88967737519479,5.004099216969637,4.970585697550952,5.044939215780547,7.744661351153401
2020-12-15,sz000901,45.93,46.51,46.69,45.76,43715,42181117.0,2.01,0.76,0.35,0.57,4.640630482724411,-0.12379972356522373,46.756,46.48,46.97432693371136,4.845969654065019,4.801858949119895,4.802517844368769,48.539,47.574727272727266,47.93456255211399,4.881024411637684,4.843869220406437,4.867319708443664,49.5005,48.846904761904774,48.77078191062018,4.988837174705867,4.9242094117956,4.920893817756904,49.065666666666665,49.03913978494623,49.331818482530515,4.950635292946624,4.943170509260662,4.950408853217745,50.9065,49.59648633879782,50.74608139568021,4.99499924742219,4.95866868987078,5.031683191745919,7.6251180761268715
2020-12-16,sz000901,46.51,46.63,46.98,45.58,53027,51174801.0,3.01,0.26,0.12,0.7,4.724497057623932,0.08386657489952043,46.5,46.437999999999995,46.85955128914091,4.800599618700312,4.761368083639534,4.776510915453823,48.06699999999999,47.22763636363637,47.69736936082053,4.855368857845108,4.815409701494845,4.841351953749167,49.39,48.573523809523806,48.56689791913254,4.976272062103092,4.899034162549702,4.902189364410907,49.00566666666667,48.88200000000001,49.15750761268984,4.944325439308411,4.928580945691456,4.935833898663305,50.715333333333334,49.45627322404371,50.611127907297245,4.984583616811436,4.949799765615102,5.021611515217329,7.709056162526142
2020-12-17,sz000901,46.69,46.57,46.86,45.35,62484,60183424.0,3.24,-0.13,-0.06,0.82,4.795768823723317,0.07127176609938513,46.314,46.46133333333333,46.763034192760614,4.798821928040898,4.759757818647201,4.782930218210321,47.694,46.95545454545454,47.49239311339861,4.832207925016048,4.804573331654521,4.833064111926285,49.183,48.30495238095238,48.376717164929445,4.951733862657496,4.881843377942105,4.892054074821612,48.93966666666667,48.72486021505376,48.9905716376776,4.940568947708923,4.918996647911771,4.926797442215564,50.562000000000005,49.3203606557377,50.478631910336674,4.977733205455985,4.943609116661392,5.0142068368076895,7.779476892310755
2020-12-18,sz000901,46.57,47.27,48.49,46.51,98048,96849131.0,4.25,1.5,0.7,1.29,4.991438739280472,0.19566991555715507,46.628,46.78,46.93202279517375,4.783353061928354,4.823963422393725,4.852433058567039,47.368,46.878363636363645,47.45195800187159,4.841808991806162,4.8335243887935055,4.861859498717956,49.010999999999996,48.1227619047619,48.27131553017426,4.943752176900991,4.885624794763341,4.901519280960551,48.91833333333333,48.61713978494623,48.87956701589194,4.945436427706404,4.922278569948646,4.930967848477817,50.43,49.21242622950819,50.37343086409613,4.974165122111774,4.94405847842613,5.013460341806797,7.986095728270432
2020-12-21,sz000901,47.04,47.97,48.38,46.34,100063,98622946.0,4.32,1.48,0.7,1.31,5.00027351937404,0.008834780093567751,46.989999999999995,47.22733333333334,47.278015196782505,4.8305217245452345,4.896270241542287,4.901713212169373,47.147,46.98781818181817,47.54614745607675,4.854926672210623,4.862336121078575,4.887025684291789,48.882999999999996,48.02361904761905,48.242618813014815,4.9381532028713515,4.891007779760773,4.91092444652374,48.86966666666667,48.555956989247306,48.82088527293117,4.943743420876344,4.925816446830429,4.935439182084025,50.290166666666664,49.13177049180328,50.29462985215855,4.971836894181609,4.9449144914511205,5.013027986972936,7.993977971348985
2020-12-22,sz000901,47.56,46.22,47.97,46.05,101679,99001458.0,4.0,-3.65,-1.75,1.33,5.0072312663361025,0.00695774696206275,46.932,46.97066666666667,46.925343464521674,4.903841881267573,4.955173422139244,4.936885896891616,46.844,46.819272727272725,47.30502973679007,4.874905767666296,4.890027865465026,4.9088812446634815,48.661500000000004,47.77,48.04998844987055,4.930027812493477,4.897586642947894,4.920096524601108,48.79966666666667,48.38501075268817,48.65308622306465,4.945831915415691,4.92991243686009,4.9400709294551275,50.095000000000006,48.99832240437158,50.1610354307763,4.965408745335822,4.946074962669302,5.012837930558614,7.995641590523732
2020-12-23,sz000901,46.16,47.56,47.56,45.46,100060,97046824.0,4.54,2.9,1.34,1.31,5.00026049854739,-0.0069707677887125286,47.118,47.18,47.136895643014455,4.958994569452264,4.987312961232516,4.958010764110208,46.809000000000005,46.94945454545455,47.3513879664646,4.879797094076289,4.912819634716134,4.925495654460556,48.5625,47.66509523809524,48.00332288321621,4.929501890263322,4.904275470191123,4.927731188786469,48.80166666666666,48.305032258064514,48.58256453125403,4.950570870449403,4.933423958352457,4.9439541274610805,49.96000000000001,48.915207650273224,50.075755580586915,4.962572702334389,4.947217643102468,5.012425555738575,7.986981327031497
2020-12-24,sz000901,47.79,47.79,49.25,47.56,174490,174586437.0,3.55,0.48,0.23,2.29,5.241770542646124,0.24151004409873433,47.362,47.403999999999996,47.354597095342974,5.048194913236825,5.081571618963803,5.052597356955514,46.838,47.127818181818185,47.43113560892558,4.9235084206388615,4.978632989001558,4.983000179585205,48.440000000000005,47.59152380952381,47.983006418148,4.941282524297206,4.934015341846628,4.957639698677864,48.818999999999996,48.239763440860216,48.531431335689255,4.967967290040473,4.952211033978053,4.9631680897310835,49.825,48.84406010928961,50.00081277466603,4.966946259148901,4.956371670653673,5.019945063506035,8.24201050188472
2020-12-25,sz000901,47.79,47.68,48.38,46.63,81577,80465101.0,3.66,-0.23,-0.11,1.07,4.911567730064157,-0.33020281258196693,47.444,47.51,47.46306473022865,5.032220711393562,5.036029224572913,5.005587481325062,47.036,47.2809090909091,47.47638368003002,4.907786886660958,4.9764619543516115,4.970012461490469,48.265499999999996,47.51914285714286,47.95414866403867,4.929857517347799,4.93118536144348,4.953251892143225,48.80166666666666,48.166279569892474,48.47650028177382,4.967407718404396,4.9485723526892595,4.959839034268701,49.726,48.773732240437155,49.92472055254583,4.963700442779844,4.954555981175483,5.016391708311219,7.9056075607474385
2020-12-28,sz000901,47.79,46.57,48.38,46.28,82517,80817070.0,4.4,-2.33,-1.11,1.08,4.916543430315058,0.004975700250900772,47.164,47.21866666666667,47.165376486819106,5.0154746935817665,4.997470130880078,4.975906130988394,47.077,47.196181818181806,47.31158664729729,4.9229982090635005,4.978054053197811,4.960290819458575,48.044,47.35766666666666,47.822324981749276,4.92066650628857,4.929917353154648,4.94975584815959,48.74333333333333,48.022301075268814,48.353500263594874,4.970873862909751,4.945290785715752,4.9570457694974985,49.61233333333334,48.6702568306011,49.81472971475744,4.9632482907844295,4.953009849619261,5.013117994278558,7.907503101168515
2020-12-29,sz000901,46.57,46.45,47.27,46.28,62006,60259728.0,2.13,-0.26,-0.12,0.81,4.792433715962996,-0.12410971435206175,47.21,46.980666666666664,46.92691765787941,4.972515183507145,4.923123138340489,4.914748659313261,47.071000000000005,47.082181818181816,47.15493452960687,4.93817853238736,4.954315054452265,4.929771346095742,47.805,47.20585714285714,47.691627364439825,4.909601472012521,4.917704706456973,4.934772787950391,48.690666666666665,47.8743440860215,48.230693794975856,4.971950960599697,4.933778518170801,4.946425637011402,49.524833333333326,48.56657377049181,49.704410707716214,4.960374237426606,4.947409371756265,5.005882444169852,7.780027167025927
2020-12-30,sz000901,46.34,46.63,47.44,45.46,83130,80246072.0,4.26,0.39,0.18,1.09,4.919757780501894,0.12732406453889755,47.024,46.787333333333336,46.82794510525294,4.956414639898046,4.905537337338738,4.9164183663761385,47.071000000000005,47.002,47.05949188786016,4.957704604675155,4.950965826836726,4.927950697805951,47.569,47.09395238095238,47.59051999639794,4.906536731260132,4.9186719739321525,4.933342787241011,48.617,47.741397849462366,48.12742322755806,4.970082909627113,4.930411216229007,4.9447051301398215,49.41716666666667,48.47166120218579,49.60361035664355,4.95815792953891,4.946077684643978,5.003058684705328,7.904423783127054
2020-12-31,sz000901,46.8,48.67,49.13,46.45,167884,166845645.0,5.75,4.37,2.04,2.2,5.225009308152226,0.3052515276503325,47.2,47.336000000000006,47.44196340350196,4.953062392999266,4.995068893423465,5.019282013634834,47.281,47.29272727272728,47.35231154461286,5.000628653118047,4.999566682014376,4.981961354232546,47.4875,47.19880952380952,47.69332761578861,4.916418289067048,4.949002695540923,4.961120551137316,48.549,47.744817204301064,48.16242818061883,4.968032126144346,4.9468580806499824,4.962789270656751,49.3425,48.447163934426236,49.573000181015885,4.961965566806713,4.954826910172284,5.010335754326538,8.22231487519727
2021-01-04,sz000901,48.96,50.59,51.11,48.9,265344,274189248.0,4.54,3.94,1.92,3.48,5.423809271741729,0.19879996358950258,47.782000000000004,48.466,48.49130893566797,5.05551070133478,5.151984519670952,5.154124433003799,47.613,47.89436363636364,47.94098217286506,5.043865706364171,5.076508612673226,5.062297339234215,47.4905,47.49428571428571,47.9692011761897,4.942837349085167,4.997325646271845,5.005186143575831,48.545,47.876494623655915,48.319045717353106,4.977123353388718,4.976263057785298,4.992532496533202,49.27649999999999,48.48806557377048,49.606344437376016,4.969407417242203,4.969969326727529,5.023892263094249,8.438050420454138
2021-01-05,sz000901,50.47,50.82,51.75,49.95,248031,258459812.0,3.56,0.45,0.23,3.25,5.394505964243812,-0.02930330749791743,48.632000000000005,49.47866666666667,49.26753929044532,5.1511032081205315,5.264982940640629,5.234251610083804,47.898,48.47745454545455,48.46443995961687,5.0832889508511485,5.140261386833162,5.122698907417777,47.5225,47.81138095238096,48.24070582607639,4.969107811530886,5.040341704858383,5.042264221734686,48.55466666666667,48.02326881720429,48.48039760655614,4.986531785531284,5.003190968163045,5.018466268643564,49.189,48.538672131147536,49.64613642303582,4.972864460210661,4.983906984006271,5.036043531984398,8.412393024089583
2021-01-06,sz000901,50.71,51.35,53.33,49.83,343096,361554048.0,6.89,1.04,0.53,4.5,5.535415654844124,0.14090969060031266,49.612,50.38466666666667,49.961692860296885,5.299699595896757,5.393087089548493,5.334639625003911,48.411,49.10509090909091,48.989087239686526,5.136107389701951,5.222466242104613,5.197738316040749,47.627500000000005,48.17590476190477,48.536829080735785,5.005506578684124,5.094275785173929,5.089231024887965,48.577999999999996,48.20361290322581,48.66553324484284,4.998721004896301,5.038602830699357,5.051817841946827,49.11533333333333,48.609524590163936,49.70200080260841,4.981324280155755,5.002351285469663,5.052416388471602,8.558173228307238
2021-01-07,sz000901,51.0,49.89,51.23,49.25,229786,237061540.0,3.86,-2.84,-1.46,3.01,5.361323565222752,-0.17409208962137246,50.264,50.47733333333334,49.93779524019793,5.388012752840929,5.413628412657158,5.343534271743525,48.644,49.374,49.15288955974352,5.172213696369488,5.263414637653848,5.227481088619295,47.7265,48.391380952380956,48.66570250161809,5.026005395222888,5.1281631172252276,5.1151446001579455,48.589666666666666,48.288258064516135,48.74453110001427,5.010405825632045,5.061996544268806,5.071785953125919,49.03566666666667,48.63492349726776,49.70816471071961,4.985376914822082,5.01481027842268,5.062544492627377,8.374861101339576
2021-01-08,sz000901,49.89,48.03,50.42,47.91,165706,166189863.0,5.03,-3.73,-1.86,2.17,5.21933823394568,-0.14198533127707158,50.136,49.73266666666667,49.30186349346529,5.386878537999619,5.357403573025409,5.302135592477577,48.668,49.262363636363645,48.94872782160834,5.169970465499444,5.271982735394975,5.226000569587728,47.753,48.42028571428572,48.605159406225894,5.046739443069152,5.14657576853216,5.125067803375825,48.516,48.25215053763441,48.698432319368194,5.017511838031285,5.07547605448259,5.081305455114291,48.95216666666667,48.60195081967213,49.653142916925525,4.986625369124897,5.022481141344765,5.067685271031255,8.22060452981255
2021-01-11,sz000901,48.32,47.68,49.77,46.8,185031,185591528.0,6.18,-0.73,-0.35,2.43,5.267244495976382,0.04790626203070136,49.553999999999995,48.914,48.76124232897686,5.35556558284655,5.317525559017664,5.290505226977179,48.668,49.082727272727276,48.71805003586137,5.205538142090665,5.289668922754417,5.233499465294756,47.852000000000004,48.41333333333333,48.51704898658534,5.0566625143758115,5.16757624976142,5.138608440766355,48.39966666666667,48.19821505376345,48.63272700844122,5.021751058928755,5.091587838866144,5.093301522266684,48.87066666666667,48.56024043715847,49.588449706534526,4.990813952427219,5.031681768454649,5.074228196439292,8.268558147384848
2021-01-12,sz000901,47.1,53.44,53.44,46.69,620720,666475728.0,14.16,12.08,5.76,8.14,5.792895738860029,0.5256512428836473,50.077999999999996,50.20933333333334,50.32082821931791,5.435243537769793,5.463302277688823,5.457968730938129,49.355000000000004,49.95036363636363,49.57658639297748,5.293173372945162,5.396461213076121,5.335207878670259,48.216,48.945523809523806,48.985901464053406,5.108085791004331,5.237693699712299,5.200921516775276,48.481,48.52339784946237,48.942873653057916,5.044835461840767,5.14133910853913,5.138436633014642,48.88133333333333,48.71005464480874,49.714730044025195,5.005184824057517,5.05797953194425,5.0977910666825945,8.823784337714455
2021-01-13,sz000901,53.04,52.1,53.62,50.76,482519,512555584.0,5.35,-2.51,-1.34,6.33,5.68351441909472,-0.1093813197653084,50.228,50.88333333333333,50.91388547954528,5.464863290619912,5.546059238130465,5.533150626990326,49.92,50.44945454545455,50.03538886698158,5.382281443258334,5.46743231237604,5.398536340565615,48.4955,49.31542857142857,49.2824822770007,5.160229987822847,5.292496426197096,5.246882745567604,48.51,48.75688172043011,49.146559223828376,5.0671614624277925,5.182544202555513,5.173602941794002,48.86866666666667,48.81558469945356,49.79293561635223,5.018288812455858,5.080219846535635,5.116995111023975,8.70974096927026
2021-01-14,sz000901,51.81,49.95,51.87,48.84,307024,314687248.0,5.82,-4.13,-2.15,4.02,5.487172325510316,-0.1963420935844047,50.239999999999995,50.79066666666667,50.59259031969685,5.4900330426774255,5.553495583093933,5.517824526496989,50.251999999999995,50.45490909090909,50.01986361843947,5.439022897759178,5.486503381876401,5.414651974191924,48.661500000000004,49.45395238095238,49.34605539347683,5.198363751217166,5.323633791691142,5.26976746746691,48.46333333333334,48.84978494623656,49.19839411261364,5.084032120093147,5.209641677593096,5.193833224614409,48.8425,48.85103825136612,49.79808526827511,5.027184500067263,5.095593076471846,5.129132068875986,8.497879144452966
2021-01-15,sz000901,49.08,50.01,50.53,48.43,213657,217409873.0,4.2,0.12,0.06,2.8,5.329717126086388,-0.15745519942392772,50.636,50.714000000000006,50.398393546464575,5.512108821105566,5.500056944230253,5.455122059693456,50.386,50.4109090909091,50.01807023326866,5.449493679552593,5.46662960520862,5.399209274536371,48.8335,49.58238095238095,49.40928821314571,5.22506116633532,5.3361436369167805,5.275476958764004,48.45366666666667,48.949569892473114,49.250755782767605,5.094110085895562,5.225492323141046,5.202599927935182,48.834833333333336,48.889316939890726,49.80503329226609,5.03330396437285,5.1055121789642754,5.135708628128786,8.337279262344849
2021-01-18,sz000901,49.54,51.35,52.92,49.54,300301,316590608.0,6.76,2.68,1.34,3.94,5.477556778398644,0.14783965231225604,51.36999999999999,50.952,50.71559569764305,5.55417127759002,5.48853959666128,5.462600299261853,50.462,50.58618181818182,50.260239281765266,5.454868430218285,5.471731986816993,5.413454275238602,49.0375,49.82204761904762,49.59411790713183,5.249367068291228,5.3601908380656695,5.294722655872064,48.481,49.13643010752688,49.386190893556794,5.113514376129539,5.250230819431567,5.220339079577987,48.862,48.971781420765026,49.8556879384213,5.043818932468548,5.120077844997909,5.146916764203207,8.500498026905756
2021-01-19,sz000901,51.23,50.07,52.05,49.89,187483,194477487.0,4.21,-2.49,-1.28,2.46,5.272961894245557,-0.2045948841530869,50.696,50.51866666666667,50.500397131762035,5.450184508667125,5.394803135546458,5.399387497589754,50.387,50.514909090909086,50.225650321444306,5.442714023218459,5.438658071185587,5.387910205967139,49.1425,49.92038095238095,49.63944001121451,5.2630014870348045,5.362437964347033,5.292650202383825,48.47733333333334,49.238946236559144,49.43030761010152,5.126976548760077,5.260517756084213,5.22373409987912,48.87266666666666,49.011387978142075,49.86271456339109,5.0513914884099504,5.127590728990597,5.15104939141771,8.288869334003294
2021-01-20,sz000901,49.77,52.4,53.44,49.43,332990,353697088.0,8.01,4.65,2.33,4.37,5.522431191434158,0.24946929718860122,50.756,51.086666666666666,51.133598087841364,5.417967863135013,5.41888536313547,5.440402062204556,50.492,50.88090909090909,50.62098662663625,5.441415576877462,5.453152101770261,5.412368566961142,49.451499999999996,50.23061904761905,49.902350486336935,5.288761483289706,5.38714555524221,5.314534106102904,48.58233333333333,49.49202150537634,49.62190066751433,5.150809578081904,5.286030958837381,5.243004879979446,48.9125,49.127038251366116,49.94590424983728,5.063790968545747,5.143034653679916,5.163225843877266,8.548631484268421
2021-01-21,sz000901,51.93,53.56,55.25,51.41,363213,396071344.0,7.33,2.21,1.16,4.76,5.560161384252205,0.03773019281804668,51.477999999999994,52.02133333333333,51.94239872522758,5.43256567488339,5.466283203507867,5.48032183622044,50.858999999999995,51.43872727272726,51.15535269452057,5.461299358780408,5.4747422485656685,5.43923998828679,49.75150000000001,50.621904761904766,50.25069805906675,5.316756527574948,5.412993164857687,5.337927180212362,48.77066666666666,49.81316129032257,49.87597159219083,5.171103383075394,5.312440752783853,5.263466589932527,48.983333333333334,49.27941530054645,50.06439919246556,5.07528604862807,5.159309093539144,5.176240123889558,8.597773422073898
2021-01-22,sz000901,53.04,53.21,54.14,51.99,226462,244046147.0,4.01,-0.65,-0.35,2.97,5.354995338468759,-0.20516604578344566,52.11800000000001,52.59866666666667,52.364932483485056,5.437621317359865,5.4404264247029905,5.43854633696988,51.376999999999995,51.86618181818182,51.52892493188047,5.474865069232716,5.4554142448726415,5.423922779228965,50.022499999999994,50.951285714285724,50.532536339155634,5.322417767366079,5.416634956371383,5.339552719093923,48.961,50.09956989247312,50.09107019914626,5.189447985123674,5.3243047499060046,5.269371670483252,49.059,49.41799453551913,50.1675336451716,5.083286590733367,5.168479889927363,5.182100950597072,8.387471955406397
2021-01-25,sz000901,53.04,51.06,54.08,50.47,237456,251134231.0,6.78,-4.04,-2.15,3.11,5.375583147739769,0.020587809271009228,52.06,52.246,51.92995498899005,5.417226591228089,5.419747034829625,5.4175586072265105,51.714999999999996,51.80854545454545,51.44366585335675,5.485698934409054,5.4373629864193775,5.415133755321838,50.191500000000005,51.050095238095246,50.58277097352177,5.345618538249861,5.421698325930781,5.342984188488765,49.13966666666666,50.23498924731183,50.15358179920135,5.199674654386893,5.336313470074784,5.27622402385464,49.122166666666665,49.48360109289618,50.19679483713319,5.088799474356356,5.178063383599706,5.188444629191914,8.399905913514123
2021-01-26,sz000901,50.88,47.79,50.88,47.79,236317,237963688.0,6.05,-6.4,-3.27,3.1,5.373494964715862,-0.0020881830239067867,51.604,50.82266666666666,50.54996999266004,5.437333205322151,5.405169825992215,5.402870726389628,51.15,51.0949090909091,50.77936297092825,5.443758856994638,5.416962264656979,5.407563066120751,50.2525,50.82138095238095,50.316792785567316,5.3684661149699,5.424353223689449,5.34588997670087,49.194,50.14791397849463,50.00109265086578,5.2199768130011,5.347527683644396,5.282499568426332,49.16,49.43992349726775,50.11788353099767,5.093369147982548,5.187397661972146,5.1945118533074535,8.376510691071712
2021-01-27,sz000901,47.85,47.21,48.49,46.75,120447,118237784.0,3.64,-1.21,-0.58,1.58,5.080795987400604,-0.29269897731525774,50.565999999999995,49.35800000000001,49.43664666177336,5.34900616451544,5.286324086685033,5.295512480059953,50.661,50.37854545454546,50.13038788530493,5.383487013825226,5.350969015639882,5.348150869989815,50.2905,50.53161904761905,50.02090775837043,5.382884228541781,5.39695606868285,5.320642930100845,49.217333333333336,50.01991397849463,49.82102215726154,5.234648996490306,5.338548275541137,5.269486434166608,49.14149999999999,49.375989071038255,50.02254308735841,5.092642144718466,5.186985427198968,5.190783464261327,8.072756281625933
2021-01-28,sz000901,46.75,45.41,46.75,45.23,151978,145660488.0,3.22,-3.81,-1.8,1.99,5.181780724983515,0.10098473758291071,48.936,47.63933333333333,48.094431107848905,5.273330032661702,5.230582273507725,5.257601895034474,50.207,49.423818181818184,49.272135542522214,5.352947853772546,5.31429514494139,5.317901752715942,50.2295,50.066809523809525,49.58177368614467,5.395985375765862,5.377803354058252,5.307417958184908,49.17666666666666,49.774279569892464,49.536440082599505,5.249891785402293,5.3351374193148935,5.263828001316087,49.09116666666667,49.253644808743175,49.87131216646141,5.097108612355352,5.189908003601102,5.190488292481726,8.163341760618609
2021-01-29,sz000901,45.76,43.83,45.93,42.78,139423,129170208.0,6.94,-3.48,-1.58,1.83,5.14433442332538,-0.037446301658135006,47.06,45.93733333333333,46.67295407189928,5.231197849633025,5.187583737062284,5.219846071131443,49.589,48.26436363636363,48.282656352972715,5.334409583496445,5.276365430314632,5.286344056463113,49.9875,49.457333333333345,49.03398571603566,5.391951631524519,5.353836596682968,5.291886192960192,49.08533333333333,49.42933333333334,49.16828265791567,5.261510638722361,5.328327266922835,5.256118738219913,49.0125,49.08114754098361,49.67323635772497,5.101039793215642,5.191456390846021,5.1889750508700425,8.11116235891319
2021-02-01,sz000901,38.47,38.47,39.87,38.47,262489,218679398.0,3.19,-12.23,-5.36,3.44,5.419111108353792,0.2747766850284119,44.542,43.074,43.93863604793285,5.23990344175583,5.250221489969206,5.2862677502055595,48.301,46.242727272727265,46.49853701606858,5.32856501649196,5.291765707561423,5.310483520443237,49.3815,48.36042857142857,48.02789183831798,5.391716723355122,5.356423213523851,5.304002851569106,48.792,48.744473118279565,48.478070873534016,5.275766384358139,5.338495039157121,5.266634375002744,48.85516666666667,48.735491803278684,49.30591713288152,5.110601406032271,5.201884958555468,5.196520495377706,8.33980786965688
2021-02-02,sz000901,38.12,37.95,38.47,36.61,164464,133601054.0,4.83,-1.35,-0.52,2.16,5.216070848715323,-0.2030402596384686,42.574,40.876666666666665,41.94242403195524,5.208418618555723,5.242277292289037,5.262868783042148,47.089,44.360727272727274,44.944257558601564,5.322875911938937,5.271312222511124,5.29331758012907,48.738,47.27171428571429,47.068092615621026,5.382794967578699,5.339695034986728,5.2956283751068405,48.458,48.04498924731183,47.798840494596334,5.282959628669515,5.33464371427694,5.263372212016459,48.663833333333336,48.37794535519125,48.93359198098376,5.113351524772929,5.205342973069666,5.197161490569104,8.125809884371401
2021-02-03,sz000901,37.89,35.1,37.89,34.98,208452,163997061.0,7.67,-7.51,-2.85,2.73,5.319006066335892,0.10293521762056912,40.152,38.38533333333333,39.6616160213035,5.256060634342781,5.279139774882427,5.2815812108067295,45.359,42.18090909090909,43.154392547946735,5.302533399429111,5.270608614219662,5.297988213984856,47.9255,45.97285714285714,45.928274271276166,5.3719744881532865,5.333619901535032,5.297854821890559,48.087333333333326,47.18318279569892,46.9795604626869,5.293352122002841,5.336969290900576,5.266961492940293,48.4435,47.93322950819672,48.48003158816462,5.119592018709266,5.212085744924189,5.201156394692605,8.214836065103068
2021-02-04,sz000901,35.27,36.03,36.2,34.22,144814,112476520.0,5.64,2.65,0.93,1.9,5.160810549629339,-0.15819551670655319,38.276,37.01133333333333,38.45107734753567,5.2518665992719455,5.247389746644613,5.2413243237476,43.606,40.48472727272728,41.85904844832006,5.262598315966823,5.244840823346976,5.273046820465671,47.2325,44.839952380952376,44.985581483535576,5.361948837373616,5.313509050247037,5.28480298643711,47.703,46.405290322580655,46.273137207029684,5.298703790372239,5.328418221715188,5.260113044984748,48.25233333333333,47.52622950819672,48.07183383117562,5.124637330410821,5.21343717216747,5.199833580100366,8.051061870903192
2021-02-05,sz000901,36.49,34.4,36.84,34.16,125228,97230095.0,7.44,-4.52,-1.63,1.64,5.09770144457668,-0.06310910505265888,36.39,35.71933333333333,37.10071823169045,5.242540003522206,5.196001361746192,5.193450030690627,41.725,38.81090909090909,40.50285782135278,5.236868926577616,5.214859574003313,5.241165843031309,46.551,43.61780952380952,43.977430866056,5.355866997905165,5.288342631885425,5.266983791974211,47.25666666666667,45.54703225806451,45.50712835496326,5.293901487103258,5.315450328438054,5.2496348772164865,48.03783333333333,47.072054644808745,47.62357698425183,5.130934388571865,5.212554028369629,5.196484985493032,7.9878007100854695
2021-02-08,sz000901,34.4,34.11,34.63,33.35,71520,54009376.0,3.72,-0.84,-0.29,0.94,4.854427505787862,-0.24327393878881853,35.518,34.95933333333334,36.1038121544603,5.12960328300902,5.066630529168077,5.080442522389706,40.029999999999994,37.42636363636363,39.34052003565227,5.184753362382425,5.145324770223358,5.170849781714319,45.872499999999995,42.43295238095238,43.03767554547924,5.33522614839574,5.240586489779014,5.2276927170993215,46.80433333333334,44.69886021505376,44.77182975141724,5.291996812960715,5.287097168353191,5.224137627446898,47.803,46.61540437158471,47.1805088864075,5.129702265682555,5.20348822893409,5.185269986158436,7.732469159667377
2021-02-09,sz000901,34.28,35.5,35.74,33.93,99461,76342075.0,5.31,4.08,1.39,1.3,4.9976528213983045,0.14322531561044283,35.028,34.95333333333333,35.90254143630687,5.085919677545616,5.022647041964505,5.052845955392573,38.801,36.60272727272727,38.64224366553367,5.147169148050669,5.111306490044428,5.139359425293224,44.9755,41.44509523809524,42.31980168400502,5.295464002522654,5.208436649112592,5.205784155603987,46.43533333333334,43.96954838709677,44.17364718680968,5.294700459330156,5.268107233413681,5.209525704476022,47.589333333333336,46.212027322404374,46.797541381935126,5.132787161119953,5.199158738957555,5.179118603707284,7.88276396002496
2021-02-10,sz000901,35.5,35.27,35.74,34.8,74228,57444360.0,2.65,-0.65,-0.23,0.97,4.870567759075312,-0.12708506232299221,35.062,35.034,35.691694290871254,4.996232016093499,4.950863069141071,4.992086556620153,37.607,35.96072727272727,38.029108453618456,5.12614632521814,5.061015328412545,5.090488213253604,44.134,40.520761904761905,41.64839199981407,5.254816669521683,5.167970340212846,5.173858784506018,46.06266666666667,43.24920430107527,43.59921833604777,5.297304927433901,5.24074383339724,5.187657449934041,47.376666666666665,45.80811475409836,46.41958920547823,5.134627944016799,5.19056138151347,5.16900218257181,7.75924739523286
2021-02-18,sz000901,35.79,36.38,36.84,35.79,106872,84820749.0,2.98,3.15,1.11,1.4,5.028863936842829,0.15829617776751714,35.132,35.473333333333336,35.92112952724751,4.969842693536197,4.961740376057515,5.004345683361046,36.704,35.73763636363636,37.72927055296055,5.110854646404071,5.043327621435215,5.079283799360735,43.455499999999994,39.78228571428572,41.14664038078416,5.231901250088309,5.1464510323386685,5.160049751395238,45.721,42.624516129032266,43.133462314367264,5.300941799311931,5.22342505981072,5.177412707153962,47.169000000000004,45.44756830601093,46.090422346282224,5.1355123544695225,5.18709370914711,5.164407485990532,7.9285021031287695
2021-02-19,sz000901,36.44,38.12,38.18,36.32,123252,100151985.0,5.11,4.78,1.74,1.62,5.090793975267049,0.061930038424219624,35.876,36.46933333333334,36.65408635149834,4.968461199674271,5.002057469967798,5.033161780663047,36.133,35.99509090909091,37.80031227060408,5.105500601598239,5.039680226683029,5.081376558616428,42.861,39.274142857142856,40.85838891594757,5.219955092547342,5.1330122442604535,5.153453963192554,45.36933333333334,42.13412903225807,42.810013132795184,5.296467954882426,5.209867135678791,5.1718244018709365,46.95916666666667,45.15087978142076,45.8290970234533,5.1322500405133855,5.185627532779816,5.161993928261893,8.000659561378006
2021-02-22,sz000901,38.12,38.59,39.17,37.89,157028,130672942.0,3.36,1.23,0.47,2.06,5.195977099296298,0.10518312402924934,36.772000000000006,37.374,37.2993909009989,5.036771118375959,5.07789610317514,5.087433553540798,36.144999999999996,36.441818181818185,37.94389185776697,5.083187200692489,5.056130498991768,5.102213020558223,42.223,38.867380952380955,40.642351876333514,5.205876108592224,5.130728625855592,5.157503785678625,44.96933333333333,41.69675268817205,42.537754221001954,5.288873549134244,5.203383854673234,5.173382640414509,46.75716666666667,44.87648087431693,45.59174958006139,5.132998451261482,5.187716944543189,5.1631081305908895,8.116185669014044
2021-02-23,sz000901,38.59,39.0,39.52,37.19,168877,140623147.0,6.04,1.06,0.41,2.21,5.227570505383576,0.031593406087277565,37.472,38.11666666666667,37.86626060066594,5.082754655173012,5.1414958988443455,5.134145870821724,36.25,36.96090909090909,38.135911519991154,5.0843371663593135,5.0823820089356015,5.1250052905264685,41.6695,38.56042857142857,40.4859374119208,5.203606539149125,5.132794758883339,5.164176806602906,44.57533333333333,41.31163440860215,42.30951201319538,5.283309033838903,5.199428819592546,5.176878631702836,46.565000000000005,44.62214754098361,45.37562664301019,5.134920409685093,5.19081766762916,5.165221651075895,8.148056812767601
2021-02-24,sz000901,39.0,38.71,39.41,38.18,110280,92096503.0,3.15,-0.74,-0.29,1.45,5.042496757433736,-0.18507374794983988,38.160000000000004,38.529333333333334,38.147507067110624,5.117140454844698,5.12807659959792,5.103596166359062,36.611000000000004,37.408181818181816,38.24029124362912,5.056686235469099,5.074774661858225,5.110003739055062,40.985,38.27857142857143,40.31680051554739,5.179609817449104,5.117450970148541,5.152588230491556,44.154,40.93322580645161,42.07728543169891,5.266878403925223,5.183892543695438,5.168208833362894,46.366,44.36460655737705,45.15708150717379,5.132799704410762,5.1877873839487885,5.1611978840712345,7.964243139896777
2021-02-25,sz000901,38.77,38.24,39.35,38.18,84762,70819872.0,3.02,-1.21,-0.47,1.11,4.928201195546029,-0.11429556188770729,38.532,38.556000000000004,38.178338044740414,5.097007906585338,5.065096846498364,5.045131176088051,36.83200000000001,37.70436363636364,38.240238290242004,5.033425300060768,5.051413745508574,5.076948731144329,40.219,38.01714285714286,40.11900999025716,5.148011808013796,5.093507291872058,5.131218036687221,43.76566666666667,40.551677419354846,41.829718629653826,5.252440991602666,5.162042401219361,5.152724469632774,46.17766666666667,44.09818032786885,44.930291949561536,5.131423408617355,5.1810792361171565,5.153558648381884,7.8501551374779535
2021-02-26,sz000901,38.01,38.24,38.59,37.6,71249,58651562.0,2.59,0.0,0.0,0.93,4.852778773276623,-0.07542242226940576,38.556,38.458666666666666,38.19889202982694,5.049404866187253,4.983687135395459,4.981013708484242,37.215999999999994,37.96036363636364,38.24019496474345,5.008933032930762,5.018568922456912,5.036190556986564,39.4705,37.82866666666667,39.94005665785172,5.122900979754189,5.065389859992326,5.104700011600497,43.43933333333334,40.195182795698926,41.59812387935358,5.240222342913698,5.13625774197252,5.133373134383991,45.97766666666667,43.83792896174863,44.71093811514968,5.128867090472491,5.171943346433855,5.143697013132531,7.768279582674013
2021-03-01,sz000901,38.24,39.06,39.23,38.24,77844,65067051.0,2.59,2.14,0.82,1.02,4.891225143977851,0.03844637070122836,38.65,38.62666666666667,38.48592801988463,4.988454475123563,4.9309605613256595,4.951084186982111,37.711,38.29563636363637,38.38925042569919,5.012612796749761,4.997167488101838,5.009833209166798,38.8705,37.78957142857143,39.85624173805632,5.098683079566093,5.043325494680294,5.084369071826911,43.152,39.912645161290314,41.434373951653356,5.227688364513747,5.113741793654078,5.117750683390047,45.77583333333334,43.61112021857924,44.52566145563657,5.124719711721251,5.164151807204522,5.135419246930739,7.813361123877705
2021-03-02,sz000901,39.23,39.58,39.64,38.24,120075,100628326.0,3.58,1.33,0.52,1.57,5.0794525953109995,0.1882274513331481,38.766,38.93666666666666,38.85061867992309,4.958830893109047,4.9612932680548045,4.993873656425074,38.119,38.63545454545454,38.60575034829933,5.0207927741410305,5.009320178749336,5.022491279374835,38.46,37.857142857142854,39.829933001098574,5.0839809610958495,5.041494019989333,5.083900835968253,42.68999999999999,39.68219354838709,41.314736922514435,5.203906926395446,5.104178195640998,5.11527983899785,45.5855,43.407978142076495,44.36350862102554,5.124371194118107,5.1626676394533675,5.133584274746485,8.002720248054933
2021-03-03,sz000901,39.17,39.35,39.46,38.71,82177,69012546.0,1.89,-0.58,-0.23,1.08,4.9147502826154685,-0.16470231269553093,38.894000000000005,39.13133333333334,39.01707911994873,4.933281598145394,4.946599731223611,4.9674991984885395,38.527,38.85927272727273,38.74106846679036,5.025211026495046,4.990039725744687,5.002902007236768,38.067,37.941904761904766,39.78422509623204,5.075678675856593,5.025376812515011,5.067791259458464,42.265,39.46670967741935,41.18797970170706,5.178281455179471,5.085522928300354,5.102342448263503,45.3875,43.20353551912567,44.199131289188635,5.122721458803631,5.155794822682789,5.1264093897585825,7.838928049625311
2021-03-04,sz000901,39.17,39.06,40.51,38.88,128640,109234374.0,4.14,-0.74,-0.29,1.69,5.109376031404376,0.1946257487889076,39.05800000000001,39.18666666666666,39.03138607996583,4.969516565317064,5.005297875643273,5.014791476127152,38.795,38.95618181818182,38.79905601828302,5.0332622359512005,5.005342453910021,5.022260920721788,37.7495,38.036476190476186,39.715251277543274,5.072058441177636,5.028586084471943,5.071751713929503,41.902,39.25993548387097,41.050690688693706,5.1656882453759385,5.081077417089058,5.102796227820979,45.18266666666667,42.996076502732244,44.03063518134638,5.124860182734543,5.155357267686091,5.125850918992871,8.038359324169317
2021-03-05,sz000901,39.0,39.46,39.64,37.95,92100,77260354.0,4.33,1.02,0.4,1.21,4.964259630196849,-0.14511640120752745,39.302,39.32066666666666,39.17425738664389,4.991812736701109,5.003545563936533,4.997947527483718,38.929,39.07709090909091,38.919227651322466,5.0206088014441805,4.992796525591047,5.011715231535435,37.531,38.19938095238095,39.69094163206296,5.063054701521209,5.018319531045202,5.061514372621631,41.550333333333334,39.102387096774194,40.948065482971536,5.153506328846289,5.068082022561374,5.093858382812971,45.001999999999995,42.8084480874317,43.880778290154694,5.123808207370926,5.150091675799611,5.120552843950378,7.887956693711654
2021-03-08,sz000901,39.46,38.53,39.7,38.3,96195,80668215.0,3.55,-2.36,-0.93,1.26,4.98315249897292,0.01889286877607166,39.196000000000005,39.06333333333334,38.95950492442926,5.010198207700123,5.000658818027137,4.993015851313452,38.923,39.00454545454546,38.84845898744565,4.999326341411843,4.985986288778091,5.0065220074331584,37.534000000000006,38.29452380952381,39.580375762342676,5.041256771052167,5.010709797469174,5.054051337036039,41.123000000000005,38.90752688172043,40.79206125826369,5.1370261861987645,5.0570914528921245,5.086716067726516,44.80200000000001,42.59625136612022,43.70534293637913,5.125270281164151,5.145480013229183,5.116047914606855,7.906702447122374
2021-03-09,sz000901,38.36,37.25,38.42,36.26,97169,78717672.0,5.61,-3.32,-1.28,1.27,4.987527733277163,0.004375234304242248,38.730000000000004,38.41466666666667,38.38966994961951,4.991813235293355,4.993101993219484,4.991186478634689,38.748000000000005,38.70036363636363,38.55783008063735,4.975322064201202,4.983841087299058,5.003068503041159,37.499,38.26747619047619,39.358435213548134,5.029829615280258,5.005592746252507,5.047715755725671,40.69566666666666,38.657655913978495,40.5635411770854,5.127511714166484,5.047446391413311,5.080316820342687,44.5865,42.34864480874317,43.493692348301124,5.12724413146328,5.1409638641181346,5.111834138169816,7.896072241768509
2021-03-10,sz000901,37.31,36.26,37.6,36.14,59075,47308006.0,3.92,-2.66,-0.99,0.77,4.771403730304407,-0.21612400297275602,38.112,37.59133333333333,37.67977996641301,4.963143924831143,4.919632158223167,4.917925562524595,38.503,38.248,38.14004279324874,4.948212761488269,4.94676502659055,4.96094763527084,37.557,38.149476190476186,39.06334614559117,5.002449498478684,4.980980757207187,5.021400324733169,40.157666666666664,38.371483870967744,40.28589335920892,5.102477465462159,5.024471682777048,5.060386943566025,44.37,42.07564480874317,43.25652210737322,5.1266435217720305,5.129296965719482,5.100672485452917,7.67493464321984
2021-03-11,sz000901,36.2,37.19,37.31,36.09,57407,46000317.0,3.36,2.56,0.93,0.75,4.758964851910496,-0.01243887839391089,37.738,37.284,37.516519977608674,4.893061688932367,4.8515724672496185,4.864938658986562,38.397999999999996,38.00927272727272,37.96730773993079,4.931289127124716,4.9123563157582275,4.924223492841687,37.615,38.1145238095238,38.884932226963436,4.982357213592741,4.957791743248312,4.996406470178629,39.612,38.180021505376345,40.08615830377609,5.075770914384103,5.002309578676942,5.040940357007604,44.19133333333333,41.8402349726776,43.05761974319705,5.1234371487297485,5.1172419273633665,5.089468956484313,7.662760824526713
2021-03-12,sz000901,37.37,37.19,37.43,36.61,46377,37379403.0,2.2,0.0,0.0,0.61,4.666302651900399,-0.09266220001009629,37.284000000000006,37.10133333333333,37.40767998507245,4.833470293273077,4.775986121572296,4.798726656624508,38.293,37.78963636363636,37.82597905994337,4.912641514987093,4.864176956626535,4.877328794488725,37.7545,38.07404761904762,38.72351011010977,4.960787273958927,4.927691308801423,4.964968011294988,39.078,38.023763440860215,39.89930938095183,5.0528144914984905,4.975892271419928,5.016770182484559,44.0195,41.61068306010929,42.86523876801026,5.121131238311081,5.102253911073879,5.075594651415988,7.5726323608235475
2021-03-15,sz000901,37.19,37.48,37.78,36.9,51223,41507416.0,2.37,0.78,0.29,0.67,4.709465010393474,0.043162358493074926,37.074,37.166666666666664,37.43178665671496,4.778732795557188,4.734651027279095,4.768972774547497,38.135000000000005,37.64181818181819,37.7630737763173,4.894465501628655,4.827235773973149,4.846808106471406,37.923,38.04790476190476,38.6050805758136,4.953539149189208,4.903755855128523,4.940634392161511,38.62533333333334,37.92066666666667,39.74322490476139,5.030610553586947,4.953740691993799,4.996944042349651,43.88250000000001,41.39627322404372,42.68867356250173,5.1151426039869206,5.088756657699531,5.06359040089066,7.618125697679369
2021-03-16,sz000901,37.48,37.66,37.72,37.25,42544,34615724.0,1.25,0.48,0.18,0.56,4.628838319987492,-0.08062669040598269,37.156,37.361999999999995,37.50785777114331,4.706994912899253,4.684686202089197,4.722261289694162,37.943,37.55545454545454,37.74433308971415,4.849404074096304,4.778939922765663,4.807177236201603,38.031,38.02285714285714,38.515072901926594,4.935098424118667,4.872831966633122,4.9109395281449375,38.28766666666666,37.85838709677419,39.60882329800259,5.005788665429335,4.9278199027293175,4.973195286068221,43.74083333333333,41.1922568306011,42.52379901946888,5.112882739215218,5.072812254945452,5.04933623430367,7.539273419463754
2021-03-17,sz000901,37.6,38.07,38.12,37.48,56538,46332491.0,1.7,1.09,0.41,0.74,4.7523404415018105,0.12350212151431883,37.517999999999994,37.666666666666664,37.69523851409554,4.703182255138734,4.69980137829005,4.7322876736300445,37.815000000000005,37.57854545454545,37.80354525522066,4.8331630899849385,4.761291989566665,4.79720690989255,38.17100000000001,38.02657142857143,38.47268500650502,4.929187058239992,4.855426444479134,4.895834853226544,37.983,37.8443440860215,39.50954437555081,4.994840147232709,4.911468404411413,4.958946586418775,43.600166666666674,41.00632786885246,42.37777282210924,5.114744571861507,5.060991196004029,5.03959866732656,7.665885650051471
2021-03-18,sz000901,38.07,37.43,38.07,37.31,53786,43798455.0,2.0,-1.68,-0.64,0.71,4.730669247525535,-0.021671193976275482,37.565999999999995,37.63733333333333,37.60682567606369,4.697523134261742,4.7089637090856495,4.731748198261875,37.652,37.50854545454545,37.73562793608963,4.795292411597054,4.742656745483138,4.7851091530985475,38.223499999999994,37.955999999999996,38.373381672552156,4.914277323774128,4.836519986315853,4.880104795540734,37.717,37.808666666666674,39.37538022228947,4.979803097984108,4.894425120559336,4.944219016167598,43.44683333333333,40.80402732240439,42.215550762367954,5.114847441693201,5.0483985624192425,5.029469833890461,7.6414587909422504
2021-03-19,sz000901,37.25,37.48,37.78,36.9,55301,44764972.0,2.35,0.13,0.05,0.72,4.742732984660128,0.012063737134592856,37.623999999999995,37.608666666666664,37.564550450709135,4.712809200813688,4.724033659218445,4.73540979372796,37.45399999999999,37.47727272727273,37.689150129527874,4.773139747043382,4.733100486040061,4.777404395200652,38.191500000000005,37.88519047619047,38.28829770373766,4.896874274243782,4.820182430209758,4.867021765933058,37.50533333333333,37.79337634408603,39.25309762730306,4.966416383361934,4.879130274538435,4.931219917360664,43.29533333333333,40.60839344262295,42.06028680294605,5.113963511042147,5.03619808841816,5.020068625718975,7.65093831718257
2021-03-22,sz000901,37.54,37.72,37.89,37.19,49398,40276735.0,1.87,0.64,0.24,0.65,4.693709365795164,-0.04902361886496376,37.672,37.64066666666667,37.61636696713943,4.709658071894026,4.7176670475456035,4.721509651083695,37.373000000000005,37.52563636363636,37.69475919688644,4.744195433725607,4.718658598540384,4.762187117126927,38.148,37.84028571428571,38.2341741129055,4.871760887568724,4.80083339130989,4.850515823062782,37.480333333333334,37.807225806451605,39.15418810296093,4.942236325276647,4.861536273405095,4.915896655969342,43.13616666666667,40.42559562841531,41.91798231760355,5.1090013548173925,5.0224192639838305,5.0093683221149155,7.605054257587757
2021-03-23,sz000901,37.66,37.37,37.83,37.13,47655,38689708.0,1.86,-0.93,-0.35,0.62,4.678108473882829,-0.015600891912335157,37.614,37.54,37.53424464475962,4.719512102673093,4.707150514875205,4.707042592016739,37.385000000000005,37.525090909090906,37.635712070179814,4.713253507786173,4.706642787659879,4.746900091082545,38.066500000000005,37.766190476190474,38.15187181643831,4.8442877859936875,4.782390304292185,4.834096075521835,37.461,37.80010752688172,39.03907919309249,4.924304246115564,4.844495766863559,4.900555482931503,42.959500000000006,40.23654098360655,41.768868143255894,5.103631937392539,5.008291628543353,4.998507343484355,7.587595452014673
2021-03-24,sz000901,37.37,37.08,37.48,36.73,50449,40638756.0,2.01,-0.78,-0.29,0.66,4.702852562073699,0.024744088190869817,37.416,37.361999999999995,37.38282976317308,4.709614526787471,4.701597334675406,4.705645915369059,37.467,37.46963636363636,37.5346735119653,4.706398390963102,4.704751706621247,4.738891449444573,37.985,37.67223809523809,38.04978878630133,4.827305576225686,4.768920282966471,4.821596693288679,37.52700000000001,37.77552688172043,38.91268698708652,4.90376579597349,4.830208561441502,4.887800455779386,42.80716666666667,40.04377049180328,41.6151347615098,5.098558958988166,4.995151321155851,4.988813744093841,7.608940405215714
2021-03-25,sz000901,36.84,36.9,37.31,36.73,40166,32329870.0,1.56,-0.49,-0.18,0.53,4.603858583924237,-0.09899397814946198,37.309999999999995,37.18999999999999,37.221886508782056,4.684252394067212,4.6663453537209945,4.671716804887452,37.438,37.36654545454545,37.41927832797161,4.6908877641644775,4.686108105341454,4.714340019349966,37.918,37.56890476190476,37.940285092367866,4.811088445644596,4.747639617033,4.800859730492066,37.556,37.735075268817205,38.78283621372611,4.885200730449986,4.810859709051229,4.8694816253371185,42.6295,39.850092896174864,41.460540179165214,5.091952260411114,4.978931636727525,4.976192263432543,7.50960395829556
2021-03-26,sz000901,36.9,37.19,37.25,36.79,42433,34140960.0,1.25,0.79,0.29,0.56,4.6277037373378604,0.0238451534136237,37.251999999999995,37.15,37.21125767252137,4.661246544602758,4.647495801477877,4.657045782370922,37.438,37.32145454545454,37.37759135924949,4.687027872708223,4.674620100463887,4.698587968075038,37.8655,37.49957142857143,37.86882936928521,4.799834693847658,4.730174406718074,4.784368683524999,37.649,37.711462365591395,38.680072587034104,4.869534140208692,4.794246999818188,4.853883051917812,42.45283333333334,39.67174863387978,41.32052246837291,5.081717813655976,4.963710373675943,4.964766410117963,7.533275728754137
2021-03-29,sz000901,37.31,37.43,37.78,37.13,50572,41137614.0,1.75,0.65,0.24,0.66,4.703910129266088,0.07620639192822765,37.194,37.20933333333333,37.28417178168091,4.663286697296943,4.661716996365655,4.672667231335978,37.433,37.32,37.38712020302231,4.6864723845954845,4.677689601656225,4.6995556337461375,37.784000000000006,37.45809523809524,37.827036096019945,4.790468943112069,4.72103873390078,4.776705964071769,37.75966666666667,37.69733333333333,38.59942274270932,4.864516894324634,4.783561579757374,4.844207379488669,42.282000000000004,39.5070655737705,41.192964354655764,5.078256853642674,4.951323236482831,4.956213745172,7.614239098815097
2021-03-30,sz000901,37.37,37.54,38.01,37.19,63014,51454527.0,2.19,0.29,0.11,0.83,4.799437048616717,0.09552691935062896,37.227999999999994,37.32466666666666,37.36944785445394,4.68755241224372,4.70710044680558,4.714923837096224,37.421,37.339454545454544,37.414916529745526,4.703532257458407,4.698228631478269,4.717715890995334,37.682,37.43485714285714,37.799699324970426,4.776468165777356,4.721892839186938,4.778870829266526,37.827666666666666,37.68316129032258,38.53107288834098,4.85790970189858,4.779362880034283,4.841318971045317,42.131499999999996,39.35159016393442,41.073195031552295,5.076305080614369,4.94218160353116,4.951073525612809,7.711423590267157
2021-03-31,sz000901,37.31,36.14,37.31,35.74,92910,73269708.0,4.18,-3.73,-1.4,1.22,4.96806246007645,0.16862541145973253,37.040000000000006,36.962,36.95963190296929,4.740594391844271,4.800603796083156,4.799303378089633,37.227999999999994,37.106545454545454,37.183113524337244,4.725104459315871,4.746325031954276,4.763233449010082,37.521499999999996,37.288000000000004,37.641632722592284,4.779133774650404,4.740139914834471,4.796889079819852,37.85666666666666,37.574279569892475,38.37681012135124,4.861159525265284,4.786469509594145,4.849495970337649,41.959666666666664,39.155147540983606,40.91145093215713,5.079232226349593,4.93863266515287,4.951630539857518,7.864924460759131
2021-04-01,sz000901,36.03,35.56,36.03,35.39,73450,57348494.0,1.77,-1.6,-0.58,0.96,4.865991800126276,-0.10207065995017395,36.772000000000006,36.468666666666664,36.493087935312865,4.793021035084678,4.842402932177157,4.821532852101847,37.041000000000004,36.80327272727273,36.888001974457744,4.738636714575945,4.7719409121016225,4.781916785576662,37.3465,37.101190476190474,37.4433819871073,4.7669645630865,4.748412107736934,4.803470291277606,37.82933333333334,37.42610752688173,38.19508043610278,4.8557304540414,4.786781269262597,4.850560217420786,41.775166666666664,38.94532240437159,40.73599352454542,5.078336126676666,4.9316411757684975,4.948822712325346,7.758522017597749
2021-04-02,sz000901,35.33,35.79,35.85,35.33,37160,29051352.0,1.46,0.65,0.23,0.49,4.570075705321604,-0.29591609480467174,36.492000000000004,36.141333333333336,36.258725290208574,4.781495428681427,4.768087822256133,4.737713803175099,36.872,36.575818181818185,36.68836525182906,4.721370986642093,4.741293455873561,4.743400225530288,37.163,36.95295238095238,37.28591703595423,4.7472553668427375,4.729660787949801,4.781242235472273,37.751666666666665,37.2945376344086,38.03991395635422,4.838373178376552,4.7683519306355135,4.832464442446645,41.560500000000005,38.74908743169398,40.57382980242918,5.067420566629489,4.914976899658496,4.936404777669486,7.463166348515557
2021-04-06,sz000901,35.74,36.44,36.61,35.56,55560,43955043.0,2.93,1.82,0.65,0.73,4.7447622370655775,0.17468653174397364,36.294,36.123999999999995,36.31915019347238,4.789665850241325,4.75584342505085,4.7400632811385925,36.74399999999999,36.49727272727274,36.643207933314685,4.7264762737691335,4.745546410496013,4.743647863991249,37.058499999999995,36.884095238095234,37.20535350872049,4.735335853747371,4.729423347018644,4.77776794990973,37.68,37.209913978494626,37.93669370110556,4.823332682968862,4.762312515067063,4.826806235647867,41.324666666666666,38.58120218579234,40.43829439907084,5.0561031160515535,4.904397938033449,4.930121415682472,7.643008709248897
2021-04-07,sz000901,36.32,36.67,36.73,36.14,51581,41047200.0,1.62,0.63,0.23,0.68,4.7124897575435245,-0.03227247952205303,36.120000000000005,36.24933333333333,36.43610012898159,4.7722763920266855,4.73011806081825,4.7308721066069035,36.67399999999999,36.48381818181818,36.64807921816656,4.729914402135203,4.743003407545902,4.737982753728026,37.0295,36.847095238095235,37.154367460270926,4.721583954960688,4.727247528332563,4.771550979208187,37.602333333333334,37.14475268817205,37.85497152684069,4.8061633247075255,4.755161358588008,4.819430978995975,41.08883333333333,38.42859016393443,40.31474376303573,5.044736179273215,4.893131926279088,4.922985951481196,7.6132835374354
2021-04-08,sz000901,36.67,36.26,36.84,36.2,50910,40472543.0,1.75,-1.12,-0.41,0.67,4.706803097037338,-0.005686660506186492,36.144,36.296,36.37740008598773,4.720024519418864,4.708293629155134,4.722849103417048,36.592,36.408545454545454,36.57751936031809,4.730309455631567,4.738801352073563,4.73231372523881,37.0295,36.77380952380952,37.06918960691179,4.718353923297335,4.725839827577959,4.7653845142395355,37.52066666666666,37.05815053763441,37.75207013801226,4.794973536027646,4.748751021318965,4.8121646640309015,40.83733333333334,38.27026775956285,40.18180134457554,5.030925969976435,4.882052153091026,4.915897989040413,7.607160493152876
2021-04-09,sz000901,36.26,35.97,36.55,35.85,43706,34527022.0,1.93,-0.8,-0.29,0.57,4.640541061410289,-0.06626203562704891,36.226,36.23800000000001,36.24160005732516,4.674934371675667,4.681799143152276,4.695413089414796,36.499,36.29545454545455,36.46706129480571,4.733977703380172,4.722479825851512,4.715627786360897,36.96849999999999,36.67290476190476,36.964504882444004,4.712432733772324,4.718429078826811,4.753494661589131,37.445,36.95810752688172,37.63709787104373,4.785384864889789,4.73878763585978,4.801092173539249,40.60533333333333,38.11068306010929,40.043709497212404,5.018912928246227,4.869252647892136,4.90686989305254,7.538159121507834
2021-04-12,sz000901,36.44,35.79,36.84,35.74,51927,41110155.0,3.06,-0.5,-0.18,0.68,4.715393232645489,0.07485217123520016,36.226,36.092666666666666,36.091066704883445,4.703997877140443,4.695285430142216,4.702073137158361,36.359,36.16654545454545,36.343959241204665,4.7427466529109354,4.719100831172479,4.715585140230822,36.8985,36.56066666666668,36.852647274592194,4.714887262809579,4.718711031100445,4.749865954070689,37.36333333333333,36.85133333333333,37.51793026646027,4.78080534686875,4.734272046682729,4.79556320961062,40.40133333333333,37.95280327868852,39.904243612057904,5.010513844891224,4.8593011824626045,4.900591969760505,7.613949114229092
2021-04-13,sz000901,35.79,35.21,35.85,34.98,46129,35701124.0,2.43,-1.62,-0.58,0.6,4.663974039928248,-0.05141919271724138,35.980000000000004,35.754,35.797377803255635,4.687840237712978,4.681944151071485,4.689373438081657,36.137,35.95763636363637,36.13778483371291,4.738753043977151,4.704778537902899,4.706201303812173,36.785,36.39985714285714,36.696204677011984,4.712612714286317,4.713862152730795,4.741685771771409,37.235,36.71240860215054,37.369031539591866,4.773230310067097,4.726734543009147,4.787073585760145,40.19349999999999,37.78259562841531,39.75033398543305,5.000459337290422,4.847939221644146,4.892834004847972,7.5526818894823124
2021-04-14,sz000901,35.68,35.91,35.91,35.39,30211,23586745.0,1.48,1.99,0.7,0.4,4.480165100887121,-0.1838089390411266,35.828,35.730666666666664,35.83491853550376,4.641375306381698,4.6127191054628645,4.619637325683479,35.974,35.91636363636363,36.09636940940147,4.706825849204192,4.657762548250167,4.665103812371254,36.697500000000005,36.31652380952381,36.62132804110608,4.705179053331299,4.691724284788015,4.716779041211001,37.11266666666667,36.6269247311828,37.27490047252142,4.753254060252968,4.707827110158827,4.767273038348982,39.90133333333334,37.64215300546448,39.62442139574672,4.978580493324206,4.830880394221087,4.879303876849256,7.372668011844674
2021-04-15,sz000901,36.09,36.67,37.19,35.91,83400,66738642.0,3.56,2.12,0.76,1.09,4.921166050637739,0.44100094975061754,35.91,36.01133333333334,36.11327902366918,4.684247897101777,4.705982686881545,4.720146900668233,36.027,36.04290909090909,36.20066588041938,4.70213620826032,4.696733493965357,4.71166058296516,36.6275,36.31390476190476,36.62596346576265,4.713620333788095,4.712294475007675,4.736244470680213,37.02333333333333,36.598365591397844,37.23587463558456,4.7534679191870435,4.718660141796555,4.7772016197869664,39.64416666666666,37.53620765027322,39.527555120476336,4.965874687183256,4.828997953477268,4.880676407137403,7.8243773653708155
2021-04-16,sz000901,36.61,37.95,38.24,36.38,119929,97719428.0,5.07,3.49,1.28,1.57,5.078924212432554,0.15775816179481517,36.306,36.69133333333333,36.72551934911279,4.77192452730623,4.837541458658472,4.839739337923007,36.266,36.392545454545456,36.518726629434035,4.723429449490949,4.765240403814853,4.778435788322867,36.6535,36.43985714285715,36.752062183309064,4.731033082033447,4.747085320592863,4.768880636561389,36.98633333333333,36.65815053763441,37.28194723974039,4.7524528585546495,4.739657322005942,4.7966675935060366,39.44416666666667,37.48066120218579,39.47583200177219,4.9590705519652944,4.832704495288721,4.887176335179866,7.989980916169075
2021-04-19,sz000901,37.89,38.82,39.06,37.72,148241,122738376.0,3.53,2.29,0.87,1.94,5.170968335972316,0.09204412353976199,36.912,37.529333333333334,37.423679566075194,4.863039547971596,4.970556061547168,4.950149003939443,36.569,36.85690909090909,36.937139969536936,4.7835187125560195,4.846611110447831,4.849805342440949,36.7205,36.646190476190476,36.949008642041534,4.752444849599056,4.788983916206088,4.807174703171953,36.965,36.77645161290322,37.38117645007973,4.759343148747164,4.766658320549017,4.820816028503861,39.25766666666666,37.460196721311476,39.45432931318949,4.956424738796726,4.839651963616819,4.896480990943553,8.08898037266386
2021-04-20,sz000901,38.82,38.12,38.94,38.01,100422,83132300.0,2.4,-1.8,-0.7,1.32,5.001828866513676,-0.16913946945864033,37.494,37.932,37.655786377383464,4.930610513288681,5.01681916772786,4.967375624797521,36.736999999999995,37.138909090909095,37.15220542962113,4.809225375500829,4.886303865712858,4.8774459831814445,36.7405,36.77947619047619,37.060531628513765,4.767850824634982,4.8127347749598615,4.825713194918785,36.95133333333333,36.850967741935484,37.42884248555846,4.759965694331856,4.78230256040492,4.832494276117398,39.037166666666664,37.42289617486338,39.4105808111177,4.9484959402653095,4.841140623541966,4.89993501965077,7.919769796182039
2021-04-21,sz000901,37.89,38.3,38.53,37.48,75382,62058001.0,2.75,0.47,0.18,0.99,4.877267655764704,-0.12456121074897197,37.971999999999994,38.20066666666666,37.870524251588975,5.010031024264197,4.999038215219867,4.9373396351199155,36.9,37.42309090909091,37.36089535150819,4.825703165322947,4.898675189397199,4.877413560014764,36.787,36.928,37.17857623532198,4.777808783729076,4.823155425543644,4.830623143570777,36.98633333333333,36.93797849462366,37.485046196167595,4.756290358414775,4.78987042888446,4.835382881255934,38.841,37.398726775956284,39.37416832550728,4.941901036290629,4.8388052699517825,4.89919182739221,7.792797782065878
2021-04-22,sz000901,38.42,38.47,39.29,38.18,89734,74652589.0,2.9,0.44,0.17,1.18,4.952957027376621,0.07568937161191691,38.332,38.36666666666667,38.07034950105932,5.016389219611974,4.980013549590676,4.942545432538817,37.121,37.70854545454546,37.56255074214306,4.850318558356875,4.921812255225139,4.891148735898738,36.8565,37.08828571428572,37.301568974815126,4.790314006994221,4.839836210652934,4.8422739896475235,37.059999999999995,37.033698924731176,37.548591602866466,4.762342134983848,4.802558601075546,4.8429683100379135,38.60883333333334,37.38656284153005,39.34452346237589,4.932409800223004,4.8391677614627975,4.900954620834322,7.873044873935339
2021-04-23,sz000901,38.24,38.07,38.53,37.66,66848,54979575.0,2.26,-1.04,-0.4,0.88,4.825088418300215,-0.12786860907640563,38.355999999999995,38.27933333333333,38.07023300070622,4.965622060785506,4.916246615820088,4.903393094459283,37.331,37.88109090909091,37.65481424357159,4.868773294045868,4.917224957033019,4.879137769062643,36.915,37.20385714285714,37.374752881975596,4.8013754987130195,4.843148059348743,4.8406372685668275,37.08933333333333,37.09886021505376,37.58223085429444,4.7645462538635055,4.80660674838628,4.841814768635482,38.35066666666667,37.36889617486339,39.302735807871755,4.920158584123803,4.835649027629264,4.898467204357794,7.740201378361793
2021-04-26,sz000901,38.12,37.72,38.77,37.6,70938,58459036.0,3.07,-0.92,-0.35,0.93,4.850878939968909,0.025790521668693778,38.136,38.06733333333333,37.95348866713748,4.901604181584824,4.8779989088812234,4.885888376295825,37.523999999999994,37.95181818181818,37.66666619928585,4.88232186477821,4.913971438109936,4.8739998001365095,36.941500000000005,37.28052380952381,37.407633559882676,4.812534258844574,4.847862672801686,4.841612665843216,37.10699999999999,37.139548387096774,37.59111918627545,4.770698796799123,4.812176599102758,4.8423995538827995,38.0925,37.34821857923497,39.25084283056448,4.911756644148806,4.833377563886481,4.896906933394224,7.7668516494864805
2021-04-27,sz000901,37.66,37.08,37.66,35.91,75583,60682932.0,4.64,-1.7,-0.64,0.99,4.878424125707334,0.02754518573842546,37.928,37.715333333333334,37.662325778091656,4.876923233423557,4.870272223588726,4.8834002927663285,37.711,37.87109090909091,37.55999961759751,4.903766873356118,4.913262758278867,4.874804222967568,36.924,37.29371428571429,37.37643036370337,4.821259958666635,4.8541378982171866,4.845118519163608,37.09366666666667,37.137806451612896,37.558143754902844,4.776330767309585,4.819126620322642,4.8447237198069635,37.859500000000004,37.3150218579235,39.179667655791874,4.903470660448265,4.832284694429382,4.896300939699571,7.783066556304844
2021-04-28,sz000901,37.13,37.19,37.19,36.73,39650,31886525.0,1.24,0.3,0.11,0.52,4.598243191653623,-0.28018093405371136,37.706,37.46933333333333,37.504883852061106,4.82111834060134,4.777378876332081,4.78834792572876,37.839,37.776363636363634,37.492726959852504,4.915574682432768,4.857712997969323,4.824520399092305,36.9065,37.31904761904762,37.35867509096971,4.81120026581848,4.832898206120709,4.821606583210277,37.077999999999996,37.14402150537634,37.53439254490911,4.775310929698455,4.807637099312579,4.828821750248683,37.682833333333335,37.29307103825136,39.114432650683945,4.890549797563895,4.822277236436117,4.886528554517737,7.503607192320518
2021-04-29,sz000901,37.31,38.18,39.58,37.25,174184,144464047.0,6.27,2.66,0.99,2.28,5.241008259564617,0.642765067910994,37.648,37.62733333333333,37.729922568040735,4.87872858703894,4.917342182653174,4.939234703674046,37.989999999999995,37.83836363636364,37.61768569442478,4.947558903325456,4.916882739266022,4.900245464632725,37.0085,37.44033333333333,37.43689651087736,4.824847555792889,4.873832300763198,4.861549600005928,37.08166666666667,37.21511827956989,37.576044638785945,4.791599856967215,4.837682088336203,4.855414428269066,37.532333333333334,37.309371584699456,39.08379551459595,4.893220002099962,4.8337676778131895,4.89815083992911,8.159759776972768
2021-04-30,sz000901,38.36,36.79,38.36,36.61,119214,96194392.0,4.58,-3.64,-1.39,1.56,5.076327260150194,-0.16468099941442293,37.392,37.341333333333324,37.41661504536049,4.928976355408936,4.983208407023593,4.984932222499429,37.874,37.62018181818182,37.46719738634754,4.9472992080972205,4.940295167779612,4.932260336544991,37.07000000000001,37.41952380952381,37.37528731936523,4.835364328794085,4.897782748797227,4.882004615257763,37.06033333333333,37.19630107526881,37.52533208144492,4.803121790721372,4.856051598218975,4.8696668690355915,37.38866666666666,37.28503278688524,39.00858910428133,4.89146244435274,4.839771194470574,4.903992689772424,7.983149754008219
2021-05-06,sz000901,36.73,36.96,37.08,36.32,66396,53195794.0,2.07,0.46,0.17,0.87,4.822141916261777,-0.25418534388841696,37.24,37.19733333333333,37.26441003024033,4.923228950667509,4.947596927307872,4.930668787086879,37.687999999999995,37.45399999999999,37.3749796797389,4.912416566126167,4.917539296536804,4.912238805584407,37.128499999999995,37.40904761904761,37.33573614609235,4.8479676393410935,4.8965234714131975,4.876303405829574,37.043,37.18982795698925,37.48885904393235,4.805768755108093,4.857278703092551,4.866600743050185,37.274166666666666,37.27097814207651,38.941422248403256,4.8860925692350134,4.83749839027087,4.901309057854042,7.725877295550649
2021-05-07,sz000901,36.84,36.73,37.08,36.61,55737,44637845.0,1.27,-0.62,-0.23,0.73,4.746143589448896,-0.07599832681288099,37.17,37.02733333333333,37.08627335349355,4.896772843415821,4.888568473568336,4.869160387874219,37.549,37.27981818181817,37.2577106470591,4.886848038419689,4.887307846231844,4.88203967537795,37.143,37.37109523809523,37.27804698932165,4.848036706960259,4.886825942852036,4.863907232840937,37.01,37.169634408602164,37.43990039593672,4.807516562563217,4.853431918211311,4.858829313785586,37.24516666666667,37.25313661202186,38.86891660091462,4.874876443919932,4.832909899130341,4.896221665447316,7.649703219818418
2021-05-10,sz000901,36.67,36.9,36.96,36.26,57305,45749289.0,1.91,0.46,0.17,0.75,4.758192516865709,0.012048927416812738,37.112,36.93733333333333,37.02418223566237,4.928762708458239,4.842375031384964,4.832171097538049,37.409,37.16181818181818,37.192672347593806,4.874940524529789,4.86391593322203,4.859522010193906,37.1545,37.34795238095238,37.24204251414816,4.850321844926368,4.878269353319222,4.85383916465282,36.99433333333334,37.16253763440861,37.4050681123279,4.8101860306626465,4.8502497217146985,4.85233661721011,37.227666666666664,37.24181967213115,38.80436195826168,4.867245138389105,4.829084196603974,4.891696119592181,7.660384348986597
2021-05-11,sz000901,36.73,38.07,38.18,36.55,102653,83586743.0,4.42,3.17,1.17,1.35,5.011371646004783,0.2531791291390739,37.089999999999996,37.25666666666667,37.37278815710825,4.882835385746271,4.869911343900479,4.891904613693628,37.36899999999999,37.282,37.35218646621311,4.880781986392606,4.888721591672029,4.887131034886792,37.245,37.43514285714286,37.32089560803882,4.86555027237474,4.893607429612405,4.868842258114912,37.02733333333333,37.23193548387097,37.44796694379062,4.820470000127016,4.863229438833545,4.8625969416484764,37.277166666666666,37.26943715846994,38.780284517007196,4.862117898050253,4.833809655870061,4.895619907343415,7.922137403055134
2021-05-12,sz000901,38.01,38.3,38.47,37.6,82814,68213793.0,2.29,0.6,0.23,1.09,4.9181037620117465,-0.0932678839930361,37.391999999999996,37.66,37.6818587714055,4.851190686118582,4.881667469322304,4.900637663133001,37.391999999999996,37.45127272727273,37.524516199628906,4.890083520763758,4.895507369057327,4.892762439818601,37.3615,37.53561904761904,37.414143645368455,4.879428407404814,4.898612523863547,4.87353382991461,37.074,37.314043010752684,37.502936818384775,4.8309448393966,4.869528391213206,4.866178026833204,37.315000000000005,37.302972677595626,38.7645374836627,4.8580727849232925,4.835645257967159,4.89635708290631,7.83387219896922
2021-05-13,sz000901,38.01,38.59,39.64,37.83,150712,126136377.0,4.73,0.76,0.29,1.98,5.178147833112912,0.26004407110116556,37.717999999999996,38.059333333333335,37.98457251427034,4.922391869488809,4.99065318498708,4.993141053126305,37.479,37.669090909090905,37.718240526969105,4.922810410078159,4.947882698575356,4.9446506931448395,37.5015,37.65261904761905,37.52612996485717,4.902566137428185,4.927061992978604,4.9025446873620675,37.120666666666665,37.41184946236559,37.57306992687609,4.8492929759224355,4.8919285843561955,4.886305111109315,37.38483333333333,37.344775956284145,38.758814943214745,4.8594135580655635,4.846139521842229,4.90559612389669,8.100840352648227
2021-05-14,sz000901,38.65,39.76,39.99,38.36,178262,150877446.0,4.22,3.03,1.17,2.34,5.251058774755978,0.072910941643066,38.324,38.74,38.576381676180226,5.023374906550226,5.100208820076136,5.079113627002863,37.747,38.08381818181818,38.08946952206563,4.960073874983023,5.007564219425867,5.000361253437774,37.729,37.867714285714285,37.73887949201363,4.931920374169572,4.960251767962204,4.935736505209107,37.19833333333333,37.58212903225806,37.714162189658275,4.867531264105431,4.9178489584744876,4.909837605538132,37.479,37.42265027322404,38.79164068278148,4.866024079215033,4.858980348618964,4.916922768187159,8.178624323872212
2021-05-17,sz000901,41.74,39.35,42.49,39.23,248784,215744545.0,8.2,-1.03,-0.41,3.26,5.395822446215118,0.14476367145914004,38.814,39.082,38.834254450786815,5.150900892420108,5.224357999964434,5.184683233406949,37.963,38.37527272727272,38.31865688169005,5.039831800439173,5.086791232377157,5.0722632884882,37.900999999999996,38.02209523809523,37.89231954039328,4.977703241435971,5.004432917680827,4.979554213876346,37.25866666666666,37.72094623655914,37.81970011290613,4.887410777358712,4.951932260546081,4.941191466226971,37.54316666666667,37.48399453551913,38.8099475456411,4.872660239628646,4.876350786881262,4.932624396974961,8.333939823593045
2021-05-18,sz000901,38.77,40.45,41.97,38.18,243127,209854101.0,9.63,2.8,1.1,3.19,5.38583319125751,-0.00998925495760794,39.29,39.62733333333333,39.37283630052455,5.225793201470653,5.302668766243569,5.251733219357137,38.190000000000005,38.82745454545455,38.706173812291865,5.054314293608462,5.149700576162311,5.12927599808262,38.089999999999996,38.26485714285714,38.135908155593924,5.00093659846696,5.04330243671145,5.01824744981741,37.40233333333334,37.92683870967742,37.989396879815416,4.90133646839808,4.984088545313743,4.9698780291321665,37.6295,37.57930054644808,38.863719757259425,4.881247996831683,4.8931761295576175,4.947483701705536,8.321917460677685
2021-05-19,sz000901,40.51,40.45,41.21,39.99,144712,125516348.0,3.02,0.0,0.0,1.9,5.160504545754131,-0.22532864550337894,39.72,40.014,39.73189086701637,5.27427335821913,5.280905881004728,5.2213236614894685,38.556,39.23836363636363,39.02323311914789,5.0627320221688565,5.16900789473425,5.134953915841076,38.214999999999996,38.489619047619044,38.35629785506117,5.005015615133038,5.058499384072133,5.031795744668527,37.565333333333335,38.1234623655914,38.14814546821442,4.9111535599190095,5.000809066433489,4.98217651407552,37.697333333333326,37.67177595628415,38.91572894554599,4.8834420069802045,4.902332081981304,4.954467991674343,8.09870029461233
2021-05-20,sz000901,39.93,39.76,40.75,39.35,113650,97132220.0,3.46,-1.71,-0.69,1.49,5.05556944006099,-0.10493510569314157,39.95399999999999,40.02733333333333,39.741260578010916,5.249757679608745,5.208004574952014,5.166072254346642,38.836,39.45727272727273,39.15719073384827,5.086074774548777,5.1677056070782745,5.120520374790152,38.262,38.636761904761904,38.489983773626776,4.999245670337472,5.063314034065272,5.034059906134475,37.69766666666667,38.26505376344086,38.25213608316833,4.927336684410322,5.0101262199910375,4.986911541558453,37.724666666666664,37.7394043715847,38.94340996372481,4.882854931393437,4.9079756043773966,4.957782793260789,7.987363314842371
2021-05-21,sz000901,39.87,39.12,39.93,39.06,98411,83167002.0,2.19,-1.61,-0.64,1.29,4.993043644897808,-0.06252579516318146,39.826,39.74933333333333,39.53417371867394,5.198154653637111,5.12243323004837,5.108396051197031,39.075,39.508909090909086,39.15042878223949,5.110764780093668,5.150790856232643,5.097342787536998,38.312,38.71847619047618,38.54998531899565,4.998806409256678,5.0627233649757795,5.030153595540507,37.787,38.35681720430107,38.30812730360908,4.935612731338063,5.0143653787321645,4.987307161128735,37.7335,37.78515300546447,38.949199800979734,4.879472707153462,4.911588349082456,4.9589388867570845,7.919951046339418
2021-05-24,sz000901,39.12,39.41,39.87,38.94,77606,65723059.0,2.38,0.74,0.29,1.02,4.88989529943033,-0.10314834546747775,39.838,39.61066666666667,39.49278247911596,5.096969224280153,5.019680111979442,5.035562467274798,39.326,39.569818181818185,39.19762354910503,5.12393505835013,5.110632768839309,5.0596250624266945,38.36749999999999,38.82304761904762,38.6318914790913,4.99943779143996,5.052350878325652,5.016795662577633,37.87833333333334,38.46152688172043,38.37921586466656,4.9415262494009555,5.011415866996182,4.981022524890128,37.740333333333325,37.84012021857924,38.964308004226304,4.873844787054241,4.911930073419405,4.956675162582437,7.817717768942921
2021-05-25,sz000901,39.41,40.11,40.4,38.94,122879,104862749.0,3.7,1.78,0.7,1.61,5.0894776683755145,0.1995823689451841,39.77,39.70133333333333,39.69852165274398,5.037698119703755,5.017182926677895,5.053534200975037,39.529999999999994,39.712363636363634,39.36351017654047,5.131745660587204,5.104367788843925,5.065052808962843,38.4495,38.989000000000004,38.77266371917784,5.006263823489904,5.060926104700466,5.023717758367908,38.00666666666667,38.60550537634409,38.49087935726872,4.954282068445562,5.02096111983325,4.9880196309214435,37.76366666666666,37.91781420765027,39.00187167621888,4.874627802236604,4.919000003954527,4.961029343100243,8.020621238652183
2021-05-26,sz000901,40.11,39.87,40.57,39.64,103306,88597638.0,2.32,-0.6,-0.24,1.35,5.014125546023189,-0.07535212235232525,39.653999999999996,39.73466666666666,39.755681101829325,5.008422319757567,5.009325402117707,5.040397982657755,39.687,39.774181818181816,39.45559923535129,5.141347838988348,5.082982313468649,5.055793306610179,38.5395,39.12428571428572,38.877171936399,5.015715679876054,5.061674840179826,5.022804214335077,38.13666666666667,38.725720430107515,38.57985488260622,4.966734884599324,5.024821989354388,4.989703883508653,37.79083333333333,37.98687431693989,39.03033489994941,4.8760598747445565,4.923573700472119,4.962770202212471,7.947422143814364
2021-05-27,sz000901,39.87,39.7,40.16,39.52,90651,77351251.0,1.61,-0.43,-0.17,1.19,4.957372599298449,-0.05675294672473985,39.642,39.75,39.73712073455289,4.988782951605058,4.992308828631335,5.01272285487132,39.797999999999995,39.776545454545456,39.500035738014695,5.119270315606902,5.049532269888667,5.0378986325535,38.6385,39.23480952380953,38.95553651388481,5.021040362842531,5.056118356315293,5.016572631950636,38.267,38.82658064516129,38.65212230953485,4.974800863487757,5.0242179709478805,4.98761799420477,37.81516666666666,38.04946994535519,39.052291132737956,4.877803105178255,4.926239691441101,4.962593231625125,7.888467341926833
2021-05-28,sz000901,39.87,39.99,40.34,39.52,82530,70414709.0,2.07,0.73,0.29,1.08,4.916611845109346,-0.04076075418910374,39.815999999999995,39.866,39.821413823035265,4.973496591647366,4.968251793132763,4.980685851617329,39.821,39.81145454545454,39.58912014928475,5.085825622642238,5.012685275252748,5.015846489381835,38.784000000000006,39.36352380952381,39.05405684589578,5.022949748812631,5.046172783197846,5.00705255701337,38.42633333333333,38.93774193548387,38.73843699924228,4.983222123660459,5.020463840729917,4.983036952327646,37.83066666666666,38.12077595628415,39.08303568576294,4.878226216863779,4.927512109143759,4.961085645181985,7.847663388833675
2021-05-31,sz000901,40.34,41.04,41.27,40.28,171077,149030632.0,2.48,2.63,1.05,2.24,5.233191625879435,0.3165797807700894,40.142,40.273999999999994,40.22760921535685,5.042155856937187,5.054816804543454,5.064854443038032,39.99,40.03309090909091,39.85291648577843,5.06956254060867,5.0394790940231475,5.055363786926853,38.9765,39.578380952380954,39.2431942891438,5.054697170523921,5.066195819108971,5.028589611191091,38.59733333333333,39.10636559139785,38.88692493477504,5.008323007826871,5.036590905389207,4.999175963524537,37.855,38.22599999999999,39.147198450164154,4.88078853403992,4.939150319275421,4.970007152745835,8.173275543185992
2021-06-01,sz000901,41.27,40.63,41.45,40.22,112979,97839613.0,3.0,-1.0,-0.41,1.48,5.052997726388944,-0.18019389949049103,40.246,40.43666666666666,40.361739476904575,5.034859868539873,5.058430761027372,5.060902204155003,40.007999999999996,40.14945454545455,39.99420439745508,5.036278994121814,5.036467309619561,5.054933594101779,39.099000000000004,39.73585714285715,39.37527102351106,5.045296643865138,5.066033967286592,5.0309141935908865,38.72933333333333,39.23750537634408,38.99938139059601,5.012717397018577,5.039473145296436,5.002648335322241,37.876333333333335,38.31698360655738,39.19581489442107,4.883092658102811,4.944796522303258,4.972728155160363,7.990514726200174
2021-06-02,sz000901,40.57,39.7,41.15,39.58,110485,95018442.0,3.86,-2.29,-0.93,1.45,5.043303320017296,-0.009694406371647979,40.212,40.25466666666667,40.14115965126972,5.040695423338694,5.06124524485318,5.055035909442434,39.933,40.09345454545454,39.94071268882688,5.02455887154813,5.037744459782376,5.052818998813691,39.2445,39.79309523809523,39.40619759270048,5.043645446858493,5.06584412692013,5.032094110393402,38.787666666666674,39.30012903225807,39.04458259120272,5.011530033938069,5.041446430651192,5.005271237560631,37.88700000000001,38.376775956284156,39.21234555362038,4.881991446246359,4.950049330890618,4.975042094991737,7.977807905094447
2021-06-03,sz000901,39.76,39.52,39.99,39.46,69165,58878089.0,1.34,-0.45,-0.18,0.91,4.839886381275089,-0.20341693874220734,40.176,40.024,39.93410643417982,5.017198179734022,4.994308897498645,4.98331940005332,39.909000000000006,40.01836363636364,39.86421947267654,5.00299056566954,5.004167643369096,5.014103977443035,39.3725,39.81933333333334,39.4170359172052,5.044532670109159,5.046438501626474,5.013788612382134,38.811,39.34737634408601,39.07525468209287,5.000493968781495,5.03037264660842,4.9946012468325325,37.888000000000005,38.43031693989071,39.22243258464922,4.87991855876433,4.9486688369571326,4.970610760115782,7.769953705707443
2021-06-04,sz000901,39.52,39.93,40.05,39.29,62271,53054663.0,1.92,1.04,0.41,0.82,4.794285840042819,-0.045600541232269975,40.164,39.942,39.93273762278655,4.992732978720717,4.920004784268244,4.920308213383153,39.989999999999995,40.02218181818182,39.876179568553525,4.983114785184041,4.966221329618783,4.974137043370269,39.5325,39.87242857142858,39.46588963937613,5.046939782638855,5.022605470191583,4.992883586445057,38.87133333333334,39.41956989247313,39.130399541312684,4.993575867899133,5.017068896367214,4.981677672200938,37.91133333333333,38.49726775956285,39.245631516300065,4.876770781115495,4.945861206835116,4.964829615195356,7.724723560266998
2021-06-07,sz000901,39.93,40.05,40.51,39.7,77173,66167283.0,2.03,0.3,0.12,1.01,4.887465383211227,0.09317954316840815,39.965999999999994,39.903999999999996,39.9718250818577,4.923587730187075,4.884915585765081,4.909360603325845,40.054,40.0330909090909,39.90778328336197,4.982871793562131,4.948830529260089,4.958378559704988,39.690000000000005,39.921714285714295,39.521519197530786,5.05340342595613,5.0074174321508576,4.982843757565645,38.92966666666667,39.49561290322581,39.18972860316348,4.99391579214735,5.0102230586454155,4.975599460008054,37.958,38.56738797814207,39.27200425347055,4.8751030752810625,4.9462118495267795,4.962293082999155,7.820643301753563
2021-06-08,sz000901,40.22,39.93,40.22,39.06,102864,87360696.0,2.9,-0.3,-0.12,1.35,5.012263408417416,0.12479802520618932,39.826,39.892,39.957883387905134,4.915440866592769,4.914474145175195,4.943661538356369,40.036,40.01054545454545,39.91182268638706,4.975150367566322,4.954174459233777,4.968175804925429,39.783,39.94457142857143,39.56042213109928,5.053448014076762,5.003499335242409,4.9856456290753375,38.97833333333334,39.56015053763442,39.23748804812068,4.995892671515377,5.011406775824129,4.977964876034465,38.01916666666667,38.632043715847,39.2935778845043,4.879117403249612,4.95070890962961,4.963931454324343,7.941316085385334
2021-06-09,sz000901,39.76,39.99,40.51,39.76,109325,93863761.0,1.88,0.15,0.06,1.43,5.038719486016895,0.026456077599478434,39.884,39.94666666666667,39.96858892527009,4.914524099792689,4.95556701831657,4.975347520909878,40.048,40.00218181818182,39.92603674340759,4.977609761565691,4.965732480770245,4.981001928760241,39.8675,39.96428571428571,39.60133430908982,5.059478800277019,5.002096618284326,4.990700282117391,39.04233333333333,39.62541935483871,39.286037206306446,5.003013707105933,5.014169796114548,4.9818845282913955,38.06583333333333,38.69666120218579,39.316411396487766,4.883779980484719,4.95594176480231,4.966383520937213,7.972497951845603
2021-06-10,sz000901,39.93,40.92,41.1,39.64,161990,140309197.0,3.65,2.33,0.93,2.12,5.2094882054138285,0.17076871939693383,40.164,40.292,40.285725950180066,4.988444464620438,5.05388838685695,5.0533944157445285,40.17,40.16072727272728,40.1067573355153,5.00282132217723,5.0078921978335424,5.022544888151802,39.983999999999995,40.06452380952381,39.72692151774794,5.061045818892066,5.016383228297355,5.011537227193243,39.149,39.74655913978494,39.39145416073829,5.01496734928743,5.027490731489252,4.996568636492843,38.128,38.79024043715846,39.368988072012755,4.892833073043277,4.966620722996705,4.9743541663298885,8.147086139135565
2021-06-11,sz000901,40.92,39.52,40.92,39.29,167135,143012825.0,3.98,-3.42,-1.4,2.19,5.223067405699469,0.013579200285640525,40.082,40.077333333333335,40.03048396678671,5.074200777751767,5.132096033883292,5.109952079062842,40.123000000000005,40.042545454545454,40.000074183603424,5.033466878236242,5.047936940292131,5.059003527705923,39.972,40.020333333333326,39.70721470653385,5.05964625043924,5.031813855612346,5.03168295847955,39.23033333333333,39.77049462365591,39.39974744069066,5.026455458620501,5.040916541580352,5.011181460312626,38.162,38.835879781420765,39.373939282766436,4.901393112965043,4.977448078165762,4.982508698768235,8.155374985555827
2021-06-15,sz000901,39.46,39.76,40.45,39.06,110562,94290418.0,3.52,0.61,0.24,1.45,5.043605886226827,-0.17946151947264166,40.024,39.97,39.94032264452448,5.105428878354887,5.1218977367083145,5.087836681450838,39.995,39.97654545454545,39.95642433203916,5.014508304270981,5.049780396290419,5.056203956527905,39.9925,40.00014285714286,39.71224187734015,5.042035422439826,5.03028620187783,5.032818475407862,39.316,39.80466666666667,39.422989541291265,5.0413008817729414,5.042023020780759,5.0132733587587035,38.197,38.88827322404372,39.38659701120032,4.908305905735698,4.982110792043197,4.984511885242288,7.974467561017665
2021-06-16,sz000901,39.58,41.79,41.97,39.46,310529,270800864.0,6.31,5.11,2.03,4.07,5.492102164744035,0.44849627851720797,40.396,40.55866666666667,40.55688176301632,5.201396629620211,5.250788832171363,5.222591842548571,40.111000000000004,40.30290909090909,40.28980172621386,5.05841874810649,5.136615643649158,5.1354581762035645,40.0595,40.17133333333333,39.91012360330775,5.047348871114152,5.073149701144898,5.076559779154164,39.43633333333333,39.96427956989247,39.57569989346602,5.049670678612256,5.071106974520831,5.044165539790015,38.259,39.006076502732235,39.46539710919375,4.920635267789735,5.001251652994289,5.001154189488247,8.432650045647648
2021-06-17,sz000901,42.44,40.75,43.02,40.11,287233,251253883.0,6.96,-2.49,-1.04,3.77,5.458234334228308,-0.03386783051572717,40.548,40.67666666666666,40.62125450867755,5.285299599262494,5.336401400374061,5.30113933977515,40.216,40.41909090909091,40.373474139629515,5.099911849527591,5.209309386580396,5.194144750389881,40.0745,40.23709523809524,39.99011183156416,5.062235360537861,5.112281650012911,5.112909736780273,39.568333333333335,40.04903225806452,39.65146119066176,5.06240091441486,5.0974659200444465,5.070879655560227,38.31433333333334,39.087748633879784,39.507515236761165,4.932761352568115,5.018877851893915,5.016140423742019,8.400112782279061
2021-06-18,sz000901,40.22,41.56,43.02,39.64,290140,256249177.0,8.29,1.99,0.81,3.8,5.462607606712852,0.0043732724845435555,40.676,41.014,40.9341696724517,5.3359234795222985,5.395504069524181,5.354962095421051,40.42,40.66345454545455,40.58920611424232,5.162183972071367,5.275254069704991,5.242956178812239,40.1645,40.378571428571426,40.13962499046281,5.082587268870454,5.1504123401248165,5.146214295821471,39.72166666666667,40.17752688172043,39.774592726748104,5.083749770763228,5.1232857066443165,5.096152426602332,38.382333333333335,39.194163934426236,39.57480981916243,4.94475926293566,5.036249860226528,5.030778692036145,8.408662479234806
2021-06-21,sz000901,41.04,43.83,44.01,40.92,367723,331621264.0,7.44,5.46,2.27,4.82,5.56552079457023,0.10291318785737857,41.538,42.065333333333335,41.899446448301134,5.404414157296451,5.472036507873492,5.425148328470778,40.809999999999995,41.283454545454546,41.178441366198264,5.2393074675241085,5.348588037432055,5.301604290768237,40.4,40.727666666666664,40.49108927708541,5.111211126354076,5.196406009239081,5.186148248083258,39.958333333333336,40.4425806451613,40.036231905667584,5.111062344267273,5.154367708180252,5.12643425679381,38.48416666666666,39.37277595628415,39.71432425132104,4.959289453415246,5.056602697329303,5.048311219988082,8.520642370315455
2021-06-22,sz000901,43.95,43.13,44.3,42.73,236859,216041838.0,3.58,-1.6,-0.7,3.1,5.3744898913906685,-0.19103090317956184,42.212,42.596,42.30963096553409,5.470590958329219,5.462061752571564,5.408262182777408,41.118,41.70527272727273,41.53327020870767,5.288009918342053,5.373166659953248,5.314856218154134,40.586,40.98766666666668,40.742414107839174,5.135440855952092,5.221480177337804,5.204085547445869,40.166000000000004,40.64720430107527,40.23582984723742,5.131605590084772,5.171363033801116,5.14243784612264,38.58016666666666,39.52509836065573,39.82631362013018,4.970895810373709,5.07021582644325,5.059005602657019,8.33453786343355
2021-06-23,sz000901,43.13,42.32,43.13,42.03,195250,175567877.0,2.55,-1.88,-0.81,2.56,5.290591042549338,-0.08389884884133014,42.318,42.632,42.31308731035607,5.430288733890279,5.402061780644938,5.369038469368052,41.357,41.923818181818184,41.676311988942636,5.315842681755245,5.373635955263664,5.310444368044171,40.6965,41.15280952380952,40.892660383283065,5.145496524660784,5.23625638558516,5.212324166027152,40.30766666666667,40.78617204301075,40.37029243773823,5.140912903302923,5.181620159766573,5.151996116859847,38.667500000000004,39.64771584699453,39.90807382930623,4.98069145171497,5.0806976373342545,5.066598567899391,8.244445057596103
2021-06-24,sz000901,42.14,41.91,42.84,41.74,135279,120897955.0,2.6,-0.97,-0.41,1.77,5.131230384240135,-0.1593606583092031,42.55,42.495999999999995,42.178724873570715,5.364887943892645,5.30237566409489,5.2897691076587465,41.549,42.02436363636364,41.718800718225786,5.325093771577569,5.3400700829881895,5.277860007352527,40.798500000000004,41.268380952380944,40.98954987058944,5.15135176657163,5.234897705545099,5.204600948714103,40.428,40.889548387096774,40.469628409497055,5.14801712404387,5.18099548111736,5.150656392174704,38.751,39.75402732240437,39.97371075293553,4.989480981720234,5.085633340039998,5.068717643844988,8.082418954791898
2021-06-25,sz000901,41.91,42.32,42.38,41.15,126059,111536642.0,2.93,0.98,0.41,1.65,5.100573857634872,-0.030656526605262968,42.702,42.419333333333334,42.225816582380475,5.292481194077049,5.214270968675632,5.226704024317455,41.689,42.16454545454545,41.828109678548365,5.314202336799673,5.2992482804531535,5.245626161949317,40.9295,41.41328571428572,41.116259406723785,5.158511829488451,5.230061714217788,5.194693606706557,40.55233333333334,41.0116129032258,40.58900722178757,5.145431324861268,5.177934625220006,5.14742526091407,38.836499999999994,39.871043715846994,40.05063826923272,4.997362150391851,5.089275729414247,5.069762109870886,8.04741756517954
2021-06-28,sz000901,42.26,41.74,42.44,41.39,99869,88750018.0,2.48,-1.37,-0.58,1.31,4.9994307012565615,-0.10114315637831073,42.284000000000006,42.09866666666667,42.06387772158699,5.179263175414316,5.116587471068803,5.150946249963824,41.911,42.17381818181819,41.81208973699411,5.291838666355384,5.242017073990769,5.20086335091427,41.016999999999996,41.49047619047619,41.17566327275009,5.162652772295813,5.214911130576657,5.176097139520843,40.61833333333334,41.08823655913978,40.663264820381926,5.137043722411288,5.168515230148735,5.137877224807134,38.90833333333333,39.96624043715847,40.106027178438204,5.002287493258359,5.089343550754075,5.067456162047465,7.948168449809384
2021-06-29,sz000901,41.74,40.45,41.79,39.81,140935,122444220.0,4.74,-3.09,-1.29,1.85,5.149018859818209,0.14958815856164787,41.748000000000005,41.48733333333333,41.525918481058,5.134168969099823,5.106506032536768,5.1503037865819525,41.980000000000004,41.908181818181816,41.56443705754063,5.302379963714521,5.216049836438557,5.191437079805895,40.9875,41.43647619047619,41.106552484869134,5.1584441339927505,5.213612662721646,5.17351825573964,40.655,41.07737634408602,40.649505799712124,5.128816936198057,5.169287819658859,5.13859603996914,38.95683333333333,40.0167868852459,40.11730497586645,5.008113856778384,5.094154415231446,5.07013034885962,8.087938289000528
2021-06-30,sz000901,40.28,40.4,40.75,40.05,91375,78844873.0,1.73,-0.12,-0.05,1.2,4.9608273899659165,-0.18819146985229285,41.364,41.038,41.150612320705335,5.068216238583139,5.0487255061587994,5.087144987709941,41.840999999999994,41.62090909090909,41.352721228896876,5.249252486236709,5.153949368484264,5.149508045289535,40.976,41.38052380952381,41.03926177202445,5.1538356171716,5.194792020433376,5.153261982808809,40.65333333333333,41.060924731182794,40.63340865134361,5.114650076155004,5.1584497844180754,5.1271270948076415,39.027833333333334,40.06410382513661,40.126573665182306,5.007993272276542,5.092604039270381,5.066546645289335,7.896773457966735
2021-07-01,sz000901,40.51,38.82,40.75,38.77,124994,105976232.0,4.9,-3.91,-1.58,1.64,5.096889166372602,0.13606177640668538,40.745999999999995,40.190000000000005,40.373741547136895,5.061347995009632,5.0582831487552875,5.090393047264161,41.648,41.07163636363636,40.892226460006526,5.2131179694511385,5.126246946690791,5.139940976395547,40.932,41.17519047619048,40.827903508022125,5.156514909489365,5.18936854892871,5.147893143148218,40.599000000000004,40.94264516129031,40.516414544805315,5.112529563508954,5.157303919270823,5.125176260715058,39.08216666666667,40.05728961748635,40.083735184356655,5.011841561713981,5.095518658748941,5.067541482046163,8.025208474050748
2021-07-02,sz000901,38.65,37.83,38.71,37.48,86522,71049082.0,3.17,-2.55,-0.99,1.13,4.937126549820738,-0.15976261655186352,39.848,39.217999999999996,39.52582769809126,5.028658533446806,5.016876000358988,5.039304214783021,41.275,40.37745454545455,40.33545801273261,5.1605698637619275,5.076066688576172,5.103065626109218,40.8475,40.8797619047619,40.54238888821049,5.161376917916647,5.1684744194364605,5.1278201342598875,40.534666666666666,40.763999999999996,40.34309747739852,5.108581467167611,5.1459875958070675,5.113044021302521,39.116166666666665,40.0162349726776,40.009842227492506,5.0179590757889665,5.093068986227852,5.063265582628936,7.851558470934706
2021-07-05,sz000901,37.89,38.3,38.36,37.48,65099,53549843.0,2.33,1.24,0.47,0.82,4.813574317326755,-0.12355223249398328,39.16,38.702,39.117218465394174,4.991487256660844,4.945181261652305,4.964060915630933,40.722,39.83654545454546,39.96537473769031,5.08537521603758,5.012976589224323,5.050430842694224,40.766000000000005,40.637142857142855,40.32882804171425,5.162341341780844,5.135350362237423,5.097891961218637,40.507333333333335,40.61982795698924,40.2112847369212,5.102599156248576,5.126954876462496,5.093723395239569,39.14716666666667,39.98947540983607,39.95378182659111,5.01910594379332,5.08636784660614,5.055078983766569,7.728758201884333
2021-07-06,sz000901,38.36,38.47,38.59,37.72,68702,56719182.0,2.27,0.44,0.17,0.86,4.836969380091877,0.02339506276512182,38.763999999999996,38.471999999999994,38.901478976929454,4.929077360715579,4.893675302795983,4.9216970704512475,40.256,39.42709090909091,39.693488421746615,5.0316231649077015,4.9678118917796485,5.011619667675615,40.687,40.418476190476184,40.151796799646235,5.159816541624877,5.104362556362283,5.073042191587517,40.476,40.48838709677419,40.0989437861521,5.100834958937296,5.10981747154916,5.077158620068751,39.17716666666667,39.967273224043716,39.90513324211271,5.021180604169126,5.080396155992978,5.047927849219858,7.753729958856112
2021-07-07,sz000901,38.3,39.0,39.35,38.12,78820,65960454.0,3.2,1.38,0.53,0.99,4.896636430529584,0.05966705043770748,38.483999999999995,38.550666666666665,38.93431931795297,4.916239168828311,4.8828616594006515,4.913343523810694,39.924,39.198727272727275,39.56739961779269,4.992227703705725,4.943268849165446,4.990713624558154,40.6405,40.25780952380952,40.04210186634659,5.154035192730484,5.079297783877016,5.0562416429153325,40.439,40.39316129032259,40.028044187045516,5.094406917675764,5.096643372942212,5.065512027195257,39.222833333333334,39.96146448087431,39.87545674237131,5.024344493060663,5.076312740463812,5.04296747483657,7.819283636193467
2021-07-08,sz000901,39.0,39.23,39.7,38.82,88848,74973646.0,2.26,0.59,0.23,1.11,4.948647656128491,0.05201122559890692,38.565999999999995,38.79933333333334,39.03287954530198,4.88659086677949,4.893664488500712,4.925111567916627,39.656,39.07254545454545,39.50605423273947,4.97396943089456,4.935345204151404,4.983065266661852,40.6025,40.12347619047618,39.964758831456436,5.149531601236065,5.059737066105399,5.045994596554681,40.41766666666667,40.315161290322585,39.976557465300644,5.092224321345941,5.087239549616581,5.05797239035224,39.277166666666666,39.961699453551915,39.854294226227985,5.029479602972633,5.073830876957841,5.039875021764174,7.874908631283338
2021-07-09,sz000901,39.23,39.29,39.29,38.59,70897,59379615.0,1.78,0.15,0.06,0.89,4.850627858441021,-0.0980197976874706,38.858,39.04066666666666,39.118586363534654,4.869291128503546,4.881676819054555,4.900283664758092,39.352999999999994,39.006,39.46677164496865,4.9489748309751755,4.912919463705306,4.958985737894427,40.521,39.99847619047619,39.90049608560344,5.1315885838874244,5.031270042982061,5.027388240543855,40.404,40.24240860215053,39.93226343528125,5.0886661633173595,5.07165268104207,5.044595323777323,39.3355,39.96212021857923,39.835792776187716,5.031733513402559,5.0679668853338535,5.033670196737185,7.773637377431168
2021-07-12,sz000901,39.35,39.46,39.76,39.06,75241,63746795.0,1.78,0.43,0.17,0.94,4.876454558962284,0.025826700521263568,39.089999999999996,39.24133333333334,39.2323909090231,4.881867176830651,4.884064629207469,4.892340629492823,39.125,39.02545454545454,39.46554043679253,4.936677216745748,4.899733959702961,4.943980068997673,40.517999999999994,39.89742857142858,39.85854407745073,5.114257941550565,5.0069715644177615,5.0130136042027535,40.38633333333334,40.181505376344084,39.90179482655343,5.0873275871124575,5.057961609793356,5.033747532498934,39.406333333333336,39.966202185792355,39.82347170155861,5.03527485538646,5.062875772073517,5.028515585662597,7.80445835461494
2021-07-13,sz000901,39.41,39.06,39.46,38.82,71615,60167450.0,1.62,-1.01,-0.4,0.9,4.855003996259639,-0.021450562702645115,39.208000000000006,39.23133333333333,39.17492727268207,4.8854741000642035,4.875110235683797,4.8798950850817615,38.986000000000004,39.013636363636365,39.39180581192116,4.907275730389891,4.884884283250941,4.927802601227121,40.483,39.75857142857142,39.78249226055066,5.1048278470522055,4.982280712485292,4.997965070112933,40.32033333333334,40.09593548387096,39.84748548290482,5.074721332791798,5.042972991028657,5.022215691451238,39.45883333333333,39.95484699453552,39.79843984249111,5.041522170309334,5.056965252102144,5.022826681092008,7.779361605734694
2021-07-14,sz000901,39.06,38.12,39.06,37.95,87891,72600277.0,2.84,-2.41,-0.94,1.1,4.943944405785349,0.08894040952571025,39.032,38.86866666666666,38.82328484845471,4.894935695115357,4.8946003375908465,4.9012448586496244,38.758,38.85618181818181,39.16056839157186,4.905587431971834,4.891551315141025,4.930737474783163,40.2995,39.533523809523814,39.62415966430774,5.0774199591042715,4.966958479983688,4.992820244938877,40.236666666666665,39.953978494623655,39.736034806588385,5.071086222105011,5.034535769931467,5.017165931085697,39.483,39.91095081967212,39.743409027983205,5.041901809561795,5.053765981134145,5.020240376983593,7.860938277715824
2021-07-15,sz000901,38.07,38.36,38.65,37.72,71767,59303297.0,2.44,0.63,0.24,0.9,4.8559247922588336,-0.08801961352651588,38.858000000000004,38.64466666666667,38.668856565636474,4.876391122341426,4.881596703305338,4.8861381698526944,38.711999999999996,38.783818181818184,39.01501050219515,4.8814909945604565,4.882521744284116,4.917135168869648,40.18,39.34880952380952,39.50376350580225,5.0473044820057975,4.945863702188884,4.979782582778873,40.192,39.832903225806454,39.64725836745365,5.06484027117973,5.020654387360746,5.006763276967835,39.48983333333333,39.874131147540986,39.69805135493457,5.038185152558898,5.047668374009458,5.014852980763109,7.7730788388803385
2021-07-16,sz000901,38.3,39.81,40.51,37.95,172411,146281265.0,6.67,3.78,1.45,2.16,5.236564970809467,0.3806401785506335,38.962,38.962,39.04923771042432,4.953578544815114,5.001654652794685,5.002947103504952,38.91,38.98345454545455,39.15955404725058,4.91143483665933,4.947080649056663,4.975213314676887,40.0925,39.31357142857143,39.53292888620203,5.036002350210628,4.963888510646375,5.004238048305596,40.20166666666667,39.80825806451613,39.657757827617935,5.078062890830876,5.031733400240085,5.021589192699554,39.50633333333334,39.884628415300554,39.70172180231376,5.039278429806185,5.054172630345542,5.0221222263384,8.165188707341041
2021-07-19,sz000901,40.05,40.69,40.98,39.76,162832,140385324.0,3.06,2.21,0.88,2.04,5.211739757173328,-0.024825213636138876,39.208000000000006,39.538,39.596158473616214,5.020635584457324,5.087708390247423,5.072544654727745,39.148999999999994,39.30709090909092,39.43781694775047,4.9512513806439875,5.001681543695573,5.018218122403512,39.935500000000005,39.3704761904762,39.64312613513517,5.018313298340783,4.980625406547586,5.024000115816809,40.227,39.83976344086022,39.72435409680388,5.091978021401891,5.040357714197661,5.0338569710527015,39.549166666666665,39.923437158469945,39.734124366172324,5.042776944650512,5.0598271000952835,5.028339194562496,8.147321708655888
2021-07-20,sz000901,40.11,40.51,40.75,39.81,101774,87650094.0,2.31,-0.44,-0.18,1.28,5.0076368438284895,-0.20410291334483865,39.498000000000005,39.971999999999994,39.90077231574414,5.051162153971093,5.083375476704479,5.0509087177613265,39.352999999999994,39.554545454545455,39.63275932088675,4.968318127017648,5.011933446092755,5.016294253571689,39.804500000000004,39.42519047619048,39.72568555083658,4.999970645962675,4.979608601355938,5.022441708960779,40.242333333333335,39.85802150537634,39.775040929268144,5.095983736755801,5.034916347902604,5.0321653499414625,39.586000000000006,39.954939890710385,39.759562911543725,5.044949764451576,5.058674965642104,5.027660428964659,7.94275238618748
2021-07-21,sz000901,40.45,40.69,40.98,40.28,115704,100235763.0,1.73,0.44,0.18,1.45,5.063348373194613,0.05571152936612389,40.012,40.36933333333333,40.1638482104961,5.075042947452947,5.087437549778985,5.0550552695724225,39.522000000000006,39.797636363636364,39.82498489890734,4.984989321284152,5.029211672670384,5.024849548048584,39.723,39.50952380952381,39.81752502218548,4.988608512494938,4.985644575378028,5.026337581744953,40.26766666666666,39.88690322580645,39.834070546734715,5.097686568915041,5.032810840576076,5.034177157893279,39.623,39.99113661202185,39.79006904559147,5.0467896202152085,5.0592781987156465,5.028830525496788,8.001022700597723
2021-07-22,sz000901,40.63,41.45,41.62,40.05,162917,142376822.0,3.86,1.87,0.76,2.04,5.211966404265412,0.1486180310707983,40.629999999999995,40.84866666666667,40.59256547366407,5.146251269854263,5.133078702049806,5.107358981136752,39.744,40.14818181818182,40.1204421900151,5.011321196097843,5.0704802332124315,5.058870794633462,39.7,39.67400000000001,39.972998829596385,4.992645313496203,5.006916755546644,5.044016517223092,40.316333333333326,39.96318279569892,39.938324059848604,5.103461466189992,5.040183733179324,5.045647431852771,39.67933333333334,40.05103825136612,39.84449301130979,5.053237586647962,5.064693830979587,5.034834980538382,8.15343929480082
2021-07-23,sz000901,41.21,41.62,42.14,40.69,167220,147250360.0,3.5,0.41,0.17,2.09,5.223288219096948,0.011321814831536159,40.992,41.178666666666665,40.935043649109375,5.143595919511759,5.158757685130703,5.1460020604568175,39.977000000000004,40.48927272727273,40.393089064557806,5.048587232163436,5.109019691939541,5.088764871808641,39.665000000000006,39.856857142857145,40.12985608392054,4.998781031569306,5.028882746556239,5.061090012639649,40.339666666666666,40.04729032258064,40.04681928179386,5.103921466646096,5.047914491431387,5.057108127804009,39.74433333333333,40.11466666666667,39.90270635520127,5.0594444079667635,5.070269261551685,5.04101377524522,8.168056365230429
2021-07-26,sz000901,41.56,41.15,42.67,40.11,200580,177358569.0,6.15,-1.13,-0.47,2.51,5.302287626976212,0.07899940787926418,41.083999999999996,41.23133333333333,41.00669576607292,5.1617054934723345,5.211654920952187,5.198097249296616,40.146,40.70254545454545,40.5307092346382,5.091170538964829,5.155147036450955,5.127587190930017,39.6355,39.998285714285714,40.22701264735667,5.013923877855289,5.057788136594992,5.084061214005036,40.394000000000005,40.09956989247312,40.11799223135555,5.106562140688653,5.060712308226878,5.072926160008667,39.81216666666667,40.16075409836067,39.94360122880122,5.066508799654577,5.078231334306093,5.049580131039679,8.248852176058671
2021-07-27,sz000901,41.15,40.34,42.09,39.99,188897,165144838.0,5.1,-1.97,-0.81,2.37,5.27622506065454,-0.02606256632167181,41.05,40.983333333333334,40.78446384404862,5.215423136837545,5.249828110012922,5.224139853082591,40.274,40.73781818181818,40.49603482834035,5.133292645404319,5.188793313121812,5.154612258152658,39.63,40.06538095238095,40.237773347608425,5.020284187897105,5.082769201623493,5.102362532733561,40.413333333333334,40.09608602150538,40.132315313203584,5.114316113169577,5.071658303063387,5.086042218114852,39.86466666666667,40.17806010928962,39.956597909824126,5.077808497471259,5.085107277289698,5.057011112338527,8.217865003318671
2021-07-28,sz000901,40.4,38.18,40.57,37.37,158792,131886297.0,7.93,-5.35,-2.16,1.99,5.200828618724746,-0.07539644192979456,40.548,40.026666666666664,39.91630922936575,5.242919185943571,5.244963270641989,5.216369441629976,40.279999999999994,40.357090909090914,40.07493758682392,5.158981066698259,5.201072580998252,5.1630152328021275,39.519,39.92728571428571,40.041794933550484,5.032284249335047,5.099963909321362,5.111740255208912,40.293000000000006,39.952,40.006359486545286,5.104606994968933,5.077239755034689,5.0934477923477495,39.86466666666667,40.122825136612015,39.89834879802662,5.077138836790595,5.089140723888175,5.061726440416764,8.120199674648438
2021-07-29,sz000901,38.36,38.88,39.06,38.36,97494,81382994.0,1.83,1.83,0.7,1.22,4.988977889061899,-0.21185072966284668,40.034000000000006,39.470666666666666,39.570872819577176,5.198321482902869,5.160316171681432,5.140572257440618,40.33200000000001,40.102545454545464,39.85767620740139,5.172286376378565,5.170162912337096,5.131372079394812,39.522,39.86642857142858,39.931147797021865,5.026888685469512,5.095839494057254,5.100048601290149,40.23066666666667,39.860838709677424,39.93369113257462,5.088965113463387,5.069779812718105,5.086707798587373,39.8995,40.09054098360655,39.86496031284541,5.075683013939123,5.086250201011822,5.059341242011686,7.910533663076379
2021-07-30,sz000901,38.88,39.23,39.41,38.42,97647,81875006.0,2.55,0.9,0.35,1.22,4.989658905038521,0.000681015976621957,39.556,39.202666666666666,39.45724854638478,5.151595620091184,5.090761979059982,5.090267806639919,40.274,39.902181818181816,39.74355326060113,5.147595769801471,5.1369579175479965,5.1056060476936675,39.592,39.83861904761905,39.86437181635311,5.029515303230401,5.0922938006828735,5.0895352968852325,40.153,39.79627956989248,39.888291704666585,5.073200156740909,5.063372960561662,5.080446579648737,39.937333333333335,40.06859016393443,39.84414194193244,5.078474963752069,5.083429738424917,5.057056575225681,7.913151344825999
2021-08-02,sz000901,39.17,41.45,41.62,38.88,184512,160691699.0,6.98,5.66,2.22,2.31,5.266024616372095,0.27636571133357446,39.616,39.833999999999996,40.12149903092319,5.1443430179703595,5.1289049778202855,5.148853409883978,40.35,40.116,40.0538163041282,5.153024255721347,5.158490435106293,5.134773060180654,39.7495,40.015571428571434,40.01538402431949,5.0521378181826675,5.11481849717256,5.106343803503029,40.07366666666667,39.879956989247304,39.98904707855906,5.063216950800972,5.075813248279804,5.0924193562115345,40.016,40.11818579234973,39.89679302580351,5.087139647534121,5.089578907363279,5.0639079864108085,8.205993442590302
2021-08-03,sz000901,41.33,41.04,41.91,40.8,142613,125573925.0,2.68,-0.99,-0.41,1.79,5.154159115774837,-0.11186550059725864,39.756,40.30866666666667,40.42766602061546,5.11992982899442,5.1321770104217785,5.150621978514264,40.403000000000006,40.24145454545454,40.23312243065034,5.167676482915982,5.1586967732978355,5.138297797561414,39.878,40.13847619047619,40.11296649819382,5.067997304966815,5.124534811228956,5.110897642767011,40.004,39.94230107526882,40.05685049284558,5.0558725916137774,5.0816804847297306,5.096402566505941,40.085,40.15175956284152,39.9342752216788,5.093739090849274,5.091776266977729,5.06686703983258,8.098899468985149
2021-08-04,sz000901,40.98,42.55,43.72,40.98,276751,248160336.0,6.68,3.68,1.51,3.47,5.442089198814346,0.28793008303950884,40.629999999999995,41.24,41.13511068041031,5.16818194501234,5.23956346702842,5.247777718614292,40.589000000000006,40.63181818181818,40.65437289780482,5.205550565477955,5.208589994370266,5.193532597789219,40.055499999999995,40.39295238095238,40.34506492693726,5.095269943381053,5.160162610643006,5.142439695723899,40.01166666666666,40.106559139784956,40.217698848145865,5.060922530155945,5.106597685194283,5.1187049298806775,40.159666666666666,40.23257923497268,40.02003668982048,5.100917716729433,5.103197581992976,5.079169405700834,8.39473236848874
2021-08-05,sz000901,42.55,42.84,43.54,42.03,220773,199487293.0,3.55,0.68,0.29,2.77,5.343945959147697,-0.09814323966664862,41.422000000000004,41.97666666666667,41.70340712027354,5.2391755590294995,5.298151471740207,5.279833798792094,40.727999999999994,41.041090909090904,41.051759643658485,5.218748520966185,5.23375279321931,5.2208804816725785,40.236000000000004,40.658142857142856,40.58267779103847,5.115034858532014,5.183846040716019,5.161630768430928,40.042666666666676,40.289032258064516,40.386879567620326,5.0680130493195295,5.124857261258268,5.133236609188227,40.23533333333333,40.320459016393436,40.11249450326899,5.1080150866817,5.111165721088657,5.087850604174501,8.299915237086728
2021-08-06,sz000901,42.67,43.19,43.89,42.14,202050,183646130.0,4.08,0.82,0.35,2.53,5.305458854778667,-0.0384871043690298,42.214,42.566,42.19893808018236,5.302335548977529,5.320245903656596,5.288375484120952,40.885,41.488727272727274,41.440530617538755,5.226965584534356,5.249518308457944,5.236258367691867,40.431,40.939476190476185,40.830994191891946,5.137776408348897,5.201981659406177,5.175328681416428,40.071666666666665,40.49208602150537,40.567726047128694,5.074842549224323,5.1401763454814375,5.144347721806965,40.312,40.417333333333325,40.21339632283394,5.110136937042796,5.117639287255771,5.094985300915621,8.263981780830761
2021-08-09,sz000901,43.25,43.25,44.53,42.73,263136,241092040.0,4.17,0.14,0.06,3.3,5.420180268579067,0.11472141380039957,42.574,42.91133333333333,42.549292053454906,5.333166679418923,5.3595274768571075,5.332310412273657,41.095,41.91872727272727,41.769525050713526,5.238754848694642,5.284648251011527,5.26969871330772,40.62050000000001,41.20795238095238,41.06137569742605,5.164962693829736,5.228877265142385,5.198647880193822,40.12199999999999,40.69713978494624,40.74077597957201,5.088867534801739,5.162456198343034,5.16214336998581,40.37016666666667,40.5136612021858,40.312957099134465,5.112955628606513,5.127804642388107,5.1056474310029465,8.382182871758026
2021-08-10,sz000901,42.78,44.12,45.17,42.73,328914,304419808.0,5.64,2.01,0.87,4.12,5.51708235932439,0.0969020907453233,43.19,43.42666666666666,43.07286136896994,5.405751328128834,5.420832703492264,5.393901061290569,41.473,42.46872727272728,42.196884132401976,5.262840578561627,5.335253252944208,5.314677558038024,40.8735,41.54123809523809,41.35267325005214,5.1980666119829735,5.26241247137997,5.228974973444353,40.24433333333333,40.9550752688172,40.958790432502845,5.101136318118612,5.190082961215463,5.185042659620558,40.449666666666666,40.63660655737705,40.43777817785137,5.1149766271583355,5.1410546991329555,5.119137100783977,8.483472907708316
2021-08-11,sz000901,43.66,44.36,44.47,43.54,213585,197647240.0,2.11,0.54,0.24,2.68,5.329570749077606,-0.18751161024678442,43.552,43.81666666666667,43.5019075793133,5.383247638181485,5.395439177141854,5.372457623886248,42.091,42.993636363636355,42.590177926510705,5.275714791596912,5.34738601121984,5.317385410954312,41.1855,41.873285714285714,41.63908532147575,5.217347929147586,5.274936674912793,5.238555523504663,40.376333333333335,41.22060215053764,41.17822330782524,5.113427763422336,5.204820666438623,5.194367052488754,40.51483333333333,40.76481420765028,40.56637561464312,5.114038919788669,5.1480905719827685,5.126036564662456,8.295890754114662
2021-08-12,sz000901,44.3,43.72,44.65,43.19,186374,171373897.0,3.29,-1.44,-0.64,2.33,5.2703853262362514,-0.059185422841354196,43.728,43.87266666666666,43.57460505287553,5.368535511599196,5.357818406493444,5.338433524669583,42.574999999999996,43.289818181818184,42.79560012169057,5.303855535314347,5.346417017517902,5.308839941005574,41.4535,42.114666666666665,41.83726767181139,5.238070955846457,5.279987855587904,5.241586933288623,40.53966666666667,41.436322580645154,41.342208900868776,5.119210968751123,5.214946960813715,5.199271457246657,40.56933333333334,40.86990163934427,40.66977313547449,5.115870266130039,5.153216683669574,5.130769310943564,8.233944672591996
2021-08-13,sz000901,43.83,43.95,44.59,43.37,205981,190597406.0,2.79,0.53,0.23,2.58,5.313827162234618,0.04344183599836615,43.879999999999995,43.94666666666667,43.699736701917026,5.370209173090386,5.339582290038583,5.330231403857928,43.047000000000004,43.539818181818184,43.005491008655916,5.3362723610339575,5.3482300405943155,5.309746708501763,41.6605,42.352428571428575,42.03848027449602,5.2419340654177145,5.287202732386776,5.248466955093003,40.74366666666666,41.656344086021505,41.5104534879095,5.1317676558315855,5.227502844264263,5.206662147891042,40.63916666666667,40.980743169398906,40.77732155726221,5.120174561499598,5.159707073705791,5.136771207707206,8.280116985664574
2021-08-16,sz000901,43.95,42.84,44.53,42.49,207250,189806984.0,4.64,-2.53,-1.11,2.6,5.316494539222311,0.0026673769876932596,43.797999999999995,43.6,43.41315780127802,5.349472027219035,5.321677412082559,5.3256524489793895,43.186,43.50218181818182,42.97540173435484,5.341319353318979,5.344634072992197,5.3109735868145895,41.768,42.46476190476191,42.11481548644878,5.247171804520163,5.294303729891976,5.254945772629128,40.894999999999996,41.79159139784945,41.59623068223792,5.148531663228105,5.239420707708826,5.2137481086220925,40.70116666666667,41.05290163934426,40.84495035866345,5.125565409738341,5.166143794286863,5.1426637759536025,8.278312188369771
2021-08-17,sz000901,43.13,41.33,43.37,41.1,164557,147023197.0,5.3,-3.52,-1.51,2.06,5.216316361238187,-0.10017817798412398,43.24,42.77733333333334,42.71877186751868,5.289318827601794,5.277292190088942,5.289207086398989,43.214999999999996,43.16472727272728,42.676237782653956,5.347535077865314,5.3219062562502355,5.2937631821643345,41.809,42.42304761904762,42.040071154406036,5.257605780390648,5.291365116246073,5.251266781068086,40.99033333333333,41.8196559139785,41.579054509190314,5.161176562599648,5.243793914032056,5.21391380233926,40.73316666666667,41.07351912568306,40.86085362559252,5.131005760768471,5.169119235319644,5.145078614815391,8.167385862192408
2021-08-18,sz000901,41.27,46.45,46.45,40.86,710855,674108864.0,13.53,12.39,5.12,8.91,5.8517810224990825,0.6354646612608956,43.658,43.84733333333334,43.96251457834579,5.39376088228609,5.464779588388039,5.476731731765687,43.605000000000004,43.7529090909091,43.36237636762596,5.388504260233788,5.413587337092738,5.395220971316107,42.097,42.865047619047616,42.46006437779594,5.297027412855871,5.347953234542115,5.308458613585323,41.23866666666666,42.17189247311828,41.89330905698449,5.193014715665298,5.288349040477182,5.2550665262205385,40.83883333333333,41.260956284153,41.04410432639276,5.143710816670532,5.192751211114092,5.168249185559119,8.828730037806315
2021-08-19,sz000901,45.93,45.35,46.98,45.06,592950,565516144.0,4.13,-2.37,-1.1,7.43,5.773018073398652,-0.07876294910043047,43.984,44.41133333333334,44.4250097188972,5.49428743171857,5.591198652092227,5.575493845643343,43.856,44.07018181818182,43.723762482603064,5.431411471658882,5.48349893948635,5.463911353512933,42.292,43.17485714285714,42.73529634181537,5.3250799963125335,5.393285678403331,5.352702371662782,41.44266666666667,42.43713978494624,42.11632137588872,5.2204937295743035,5.325768611943849,5.288482755070739,40.93016666666667,41.408863387978144,41.18528123372415,5.156359025460122,5.213384235924849,5.1880776736850045,8.752445007404779
2021-08-20,sz000901,46.16,45.41,46.34,44.59,344803,326813392.0,3.86,0.13,0.06,4.32,5.537571035800522,-0.23544703759812968,44.275999999999996,44.88666666666666,44.753339812598135,5.539036206431751,5.605626520119544,5.562852909029069,44.078,44.35272727272727,44.03035112212978,5.454622689761068,5.502800678421194,5.477304023019768,42.4815,43.47180952380953,42.99003002354724,5.340794137147713,5.4135229202593305,5.370308911104472,41.64666666666666,42.69309677419355,42.328816770992674,5.243391835486287,5.346225212345542,5.304552966730726,41.025333333333336,41.55574316939891,41.32379660311024,5.1660289994018225,5.225882990362238,5.19953647244289,8.514299844532765
2021-08-23,sz000901,45.41,46.28,46.75,45.17,435134,418313264.0,3.48,1.92,0.87,5.45,5.63862301902125,0.10105198322072795,44.964,45.55466666666667,45.26222654173209,5.603461902391539,5.638822124316042,5.588109612359797,44.381,44.75309090909092,44.43937819083345,5.4764669648052875,5.5362552837412276,5.5066347495654915,42.738,43.83357142857143,43.30336049749513,5.357610906749963,5.441887575675858,5.395862635667975,41.874,42.99202150537634,42.583731818025406,5.268797450821586,5.371723998380054,5.326105873330115,41.13016666666667,41.72802732240437,41.48629507513941,5.178062518967022,5.2413778762514,5.2139327526585735,8.621501635536115
2021-08-24,sz000901,45.46,45.0,45.46,43.95,314796,294545168.0,3.26,-2.77,-1.28,3.94,5.498029205297686,-0.14059381372356405,45.698,45.56666666666667,45.17481769448806,5.659804471203438,5.603677891951426,5.558082810005761,44.469,44.865636363636355,44.54130942886373,5.474561649402617,5.5401756911034825,5.505070105153163,42.971,44.04900000000001,43.4649452120194,5.368701113982121,5.455260746966117,5.405592785156519,42.072,43.19369892473118,42.739620087830225,5.290231624456187,5.386513143830126,5.337197701198991,41.19616666666666,41.85490710382514,41.60149851529877,5.182476478623992,5.2518685872786355,5.22324739045002,8.469151902549353
2021-08-25,sz000901,44.88,44.65,45.35,44.36,196656,184594233.0,2.2,-0.78,-0.35,2.46,5.293707201328729,-0.20432200396895706,45.338,45.217333333333336,44.999878462992044,5.548189706969367,5.481645468659855,5.469957607113417,44.498000000000005,44.898545454545456,44.5610713508885,5.4709752946277295,5.507293064180957,5.466640486275994,43.2945,44.20890476190477,43.57780757277946,5.37334504311232,5.448118469570556,5.394937015268157,42.28966666666667,43.360021505376345,42.862870404744406,5.301890384307634,5.386737374596096,5.334391862497684,41.26316666666666,41.96814754098361,41.70144938364963,5.186488303206322,5.255515496219774,5.2255575481837475,8.266218128892493
2021-08-26,sz000901,44.59,44.24,45.93,44.12,255800,240242067.0,4.05,-0.92,-0.41,3.2,5.407900540142635,0.11419333881390603,45.116,44.851333333333336,44.7465856419947,5.475166200318165,5.4348824130509445,5.4492719181231575,44.55,44.851636363636366,44.50269474163604,5.484726816018368,5.4958249270018475,5.455960496069928,43.5625,44.29895238095238,43.640873518229036,5.394291175666358,5.451409469287729,5.396171636684774,42.48566666666667,43.485849462365586,42.951717475406056,5.32028957590376,5.393576739488677,5.339134357829617,41.33883333333333,42.065748633879785,41.78468055139882,5.192564923541744,5.262774913824244,5.231536006936498,8.38064905579945
2021-08-27,sz000901,44.24,43.48,44.24,43.08,185431,170001744.0,2.62,-1.72,-0.76,2.32,5.268182340399127,-0.1397181997435082,44.730000000000004,44.306000000000004,44.32439042799647,5.421288461237885,5.365887793077932,5.388908725548481,44.503,44.65709090909092,44.31675024315676,5.480162333834818,5.4564532041619875,5.421819013220691,43.775,44.291095238095245,43.625552230778645,5.4082173474343875,5.439399104024184,5.383982179895664,42.608,43.55000000000001,42.98580021892825,5.321343488223415,5.390214982359345,5.334556808317973,41.404833333333336,42.13595081967213,41.84026479561525,5.199703189527145,5.265254173393339,5.23273752606642,8.23045337670587
2021-08-30,sz000901,43.48,45.35,48.09,43.48,344763,327182016.0,10.6,4.3,1.87,4.32,5.537520651125827,0.2693383107266998,44.544000000000004,44.51266666666666,44.666260285330985,5.4010679876588,5.404631856373913,5.438446034074262,44.754000000000005,44.8110909090909,44.50461383531008,5.5022649450251695,5.466881989123989,5.442855674657988,43.97,44.441095238095244,43.78978535165687,5.421792149172075,5.4517137043757495,5.398604891441394,42.76333333333333,43.726903225806446,43.13832923706191,5.332202851355166,5.404161896094985,5.347651249789447,41.49516666666667,42.26530054644809,41.95533808100491,5.212090436378529,5.276330155740836,5.2427304154126295,8.514789424074433
2021-08-31,sz000901,44.53,44.88,45.35,43.83,207913,194546459.0,3.35,-1.04,-0.47,2.6,5.317881644943567,-0.21963900618225995,44.52,44.62466666666667,44.73750685688733,5.365038475587977,5.376903075468834,5.398257904364031,45.109,44.834,44.5728658652537,5.512421473395707,5.433357752745515,5.42013312380082,44.162,44.52776190476191,43.89361531816574,5.429978275630511,5.441817465877796,5.390916963203505,42.909,43.8634623655914,43.25069509273534,5.342544344725668,5.403237947294237,5.345730630121971,41.57566666666666,42.37627868852458,42.05122863572606,5.219264040740735,5.2797987199560845,5.245194390151349,8.289023330484117
2021-09-01,sz000901,44.53,43.25,44.82,42.14,276293,252446350.0,5.97,-3.63,-1.63,3.46,5.441369882021529,0.12348823707796175,44.24,44.20133333333333,44.24167123792489,5.394571011726536,5.402346877613352,5.412628563583197,44.789,44.495999999999995,44.33234479884394,5.471380359347952,5.420439281586573,5.423994352568221,44.197,44.44090476190476,43.83231862119758,5.42994230979087,5.442902380772178,5.395722003090936,42.99433333333333,43.885462365591394,43.25065024804274,5.355145061686566,5.409613788410098,5.351900904438072,41.631,42.43117486338798,42.090532614882584,5.226415815300802,5.287080878686602,5.251626373491355,8.40216909582248
2021-09-02,sz000901,43.08,45.46,45.76,42.55,308321,288216560.0,7.42,5.11,2.21,3.86,5.48900310589265,0.04763322387112101,44.484,44.60800000000001,44.64778082528326,5.410791524876539,5.4338242423353895,5.438086744353015,44.8,44.618,44.53737301723595,5.442978862597352,5.423643417321974,5.4358141258999355,44.328,44.561190476190475,43.98733589536924,5.437195167128118,5.448527218496157,5.4046059176434795,43.12800000000001,44.0445376344086,43.3931889417174,5.364379618407472,5.418249791262104,5.360746207757722,41.72216666666667,42.556715846994535,42.20100695537823,5.2339205422987325,5.295690298050267,5.259409217176643,8.459718930364176
2021-09-03,sz000901,45.23,44.42,45.93,44.01,198250,186346536.0,4.22,-2.29,-1.04,2.48,5.297213195989642,-0.19178990990300804,44.672000000000004,44.58666666666667,44.57185388352218,5.416597695994643,5.395964799373091,5.391128894898557,44.701,44.548909090909085,44.516032468647595,5.418943078616264,5.397140568847844,5.410613956825337,44.3895,44.56995238095239,44.02854200057217,5.436782884188666,5.435195602197255,5.394378039390733,43.22133333333333,44.12789247311827,43.45943481644531,5.366843784303897,5.41391647368676,5.356647303772685,41.780499999999996,42.64516939890711,42.2737608256937,5.235382625474996,5.297765467023741,5.260648691891823,8.270321324054882
2021-09-06,sz000901,44.65,44.36,44.77,43.54,156835,145449039.0,2.77,-0.14,-0.06,1.96,5.195442988263319,-0.1017702077263225,44.474000000000004,44.48266666666667,44.50123592234812,5.348182163422141,5.32224656346265,5.325900259353478,44.509,44.486909090909094,44.487662928893485,5.374625075540471,5.356504188783672,5.371491962541333,44.445,44.56714285714286,44.06010942908911,5.425546020172879,5.412210850204365,5.3754318440452655,43.32833333333333,44.201354838709676,43.517535796029485,5.363282296346799,5.402858357813174,5.346247025352726,41.86116666666667,42.7297431693989,42.34216211009718,5.234922218517726,5.29645597072172,5.258510799969576,8.162710856154574
2021-09-07,sz000901,44.47,44.77,45.35,44.36,163483,153489222.0,2.23,0.92,0.41,2.05,5.213472598647406,0.01802961038408668,44.452,44.58133333333333,44.590823948232085,5.32730035416291,5.2773433752044046,5.288424372451455,44.486000000000004,44.53436363636364,44.53899694182194,5.346169414875443,5.327203738439478,5.3427611691060735,44.4775,44.59809523809523,44.12771805489015,5.410365532139029,5.3920133814876525,5.360007154007374,43.476,44.29436559139784,43.59833993822114,5.361190547613229,5.393193216026116,5.3376809333072215,41.94466666666666,42.825114754098365,42.42176335238908,5.237753330391403,5.295752704496461,5.257034137631144,8.186077884762614
2021-09-08,sz000901,44.71,45.41,45.46,44.36,173197,163307535.0,2.46,1.43,0.64,2.17,5.238540365194437,0.025067766547031134,44.884,44.900666666666666,44.86388263215473,5.286734450797491,5.247756712214914,5.271796370032449,44.562,44.702363636363636,44.69736113421795,5.340652731262013,5.307634820315659,5.32381193203123,44.53,44.68690476190476,44.24984014490062,5.405814012944871,5.375649079873882,5.348438888406142,43.717,44.41913978494623,43.71522123252945,5.362447605828886,5.385280301031355,5.331284767622526,42.004999999999995,42.93873224043716,42.519738324441896,5.23352730039891,5.295778508916233,5.2564277844364975,8.213006223520658
2021-09-09,sz000901,45.29,46.1,46.22,44.42,239398,227059038.0,3.96,1.52,0.69,3.0,5.379120517864076,0.14058015266963952,45.012,45.306,45.275921754769826,5.264757933191776,5.2785520679037745,5.307571085976325,44.748,44.98199999999999,44.95238638254196,5.337774729034158,5.314628963334216,5.333868038546292,44.649,44.83642857142857,44.42604584538628,5.411250772526262,5.3731068422471395,5.351360948354517,43.95766666666667,44.572881720430104,43.86907792720498,5.375452360122291,5.386355972775562,5.334370945057464,42.094166666666666,43.07299453551913,42.637123953148716,5.232208736792839,5.300552057029846,5.260450497007893,8.356138793510302
2021-09-10,sz000901,45.99,44.71,46.05,44.47,203702,192394550.0,3.43,-3.02,-1.39,2.55,5.3089952930389455,-0.07012522482513095,45.07,45.20533333333333,45.08728116984655,5.267114352601636,5.293297854519498,5.308045821663866,44.871,44.97509090909091,44.90831613117069,5.34185602429814,5.309396338607813,5.32934572118132,44.687,44.8422380952381,44.45308909820663,5.411009179066479,5.36336822515311,5.347326124038749,44.14033333333334,44.621419354838714,43.9233309641595,5.386096906388972,5.382068420060508,5.3327338062175595,42.14666666666667,43.15875956284153,42.705087102225804,5.2296485315649415,5.303069649037914,5.262042129664649,8.284192765526898
2021-09-13,sz000901,44.47,44.3,45.06,44.01,135857,126589812.0,2.35,-0.92,-0.41,1.7,5.133082020251537,-0.1759132727874082,45.05800000000001,44.94866666666667,44.824854113231034,5.25464215899928,5.248620410402799,5.2497245545264235,44.766,44.87127272727273,44.79771319823057,5.3014121612107115,5.27143742878116,5.2936614119213585,44.76,44.80538095238096,44.438509184091714,5.4018385531179405,5.336898971932639,5.326921923678062,44.23533333333333,44.63172043010753,43.94763219227824,5.381665486518286,5.365744879019384,5.319853045832655,42.1545,43.2293606557377,42.75737932838233,5.222441218659629,5.299903533912885,5.257813929356022,8.102398754889682
2021-09-14,sz000901,44.3,43.43,44.88,43.25,140066,129821103.0,3.68,-1.96,-0.87,1.75,5.146332726260717,0.013250706009179325,44.79,44.406,44.35990274215403,5.241214184521942,5.212517266156611,5.215260611771188,44.620999999999995,44.62836363636364,44.549038071279554,5.284257269342426,5.243241167881159,5.266874378164879,44.865,44.678714285714285,44.342460690368696,5.398339371369067,5.312565083660523,5.3097229524954574,44.315000000000005,44.579763440860226,43.914236566969976,5.381404606867816,5.350562120293087,5.308658186505434,42.1595,43.27118032786885,42.779432465156674,5.218638599240796,5.297408173506363,5.25415880794306,8.113345294710207
2021-09-15,sz000901,43.37,43.72,43.89,42.84,97240,89182325.0,2.42,0.67,0.29,1.22,4.987844950171298,-0.15848777608941855,44.452,44.04933333333334,44.14660182810269,5.191075101517315,5.128060854706395,5.139455391237892,44.668,44.46454545454545,44.398303876501444,5.238904776157403,5.189348018940954,5.216141754893318,44.7285,44.56966666666666,44.283178719857396,5.355142567752678,5.273470376879782,5.2790679046550615,44.354000000000006,44.541376344086025,43.90170517555256,5.366263131913047,5.325171174699765,5.287960558354844,42.18283333333333,43.32234426229508,42.810270744987605,5.213592831034496,5.289841168618839,5.245427206048904,7.950278790300069
2021-09-16,sz000901,43.6,42.73,44.18,42.55,129718,118270293.0,3.73,-2.26,-0.99,1.63,5.113000244073864,0.12515529390256575,43.778,43.47533333333333,43.67440121873513,5.1378510467592715,5.1020359022252455,5.130637008849883,44.394999999999996,44.11218181818182,44.094975898955724,5.2013044899755245,5.166456285834857,5.197388752926144,44.5975,44.37933333333334,44.135256937013835,5.322141676286438,5.250409203196085,5.263251936980661,44.35033333333333,44.43660215053764,43.82611129325885,5.358564941410587,5.3088316335488495,5.276672796143168,42.1965,43.34028415300546,42.80763891728309,5.213288995365058,5.286543051013572,5.241085338443165,8.072875672723102
2021-09-17,sz000901,43.13,42.61,43.95,41.68,124097,112141646.0,5.31,-0.28,-0.12,1.55,5.093761282713928,-0.01923896135993619,43.358,43.086,43.31960081249009,5.094804244694268,5.08733931421013,5.118345100137898,44.214,43.78763636363636,43.82498028096377,5.180959298647953,5.146902975423656,5.17854739470574,44.457499999999996,44.19004761904762,43.98999437158395,5.299951188632109,5.228658689522514,5.247109969907639,44.331,44.32432258064516,43.74765250014538,5.351508355675095,5.291747526536161,5.264872053341282,42.20133333333334,43.353841530054645,42.801158952782004,5.2131754524497085,5.282624109615175,5.23625504153401,8.049766926325264
2021-09-22,sz000901,42.49,42.73,43.25,41.68,90423,81776993.0,3.68,0.28,0.12,1.13,4.956278911698854,-0.1374823710150732,43.044,42.876666666666665,43.12306720832673,5.059443622983732,5.041164203211659,5.0643230373248835,44.051,43.51781818181817,43.62589295715217,5.157042890991506,5.106051995978367,5.138134943249942,44.28,44.02552380952381,43.86999490762357,5.265833983265989,5.195927996481251,5.219411773887755,44.31366666666667,44.22103225806451,43.681997500136,5.336044977112421,5.266248852731243,5.244962818396609,42.21783333333334,43.37117486338797,42.79882587236292,5.21245625595708,5.274201272213507,5.227075496293513,7.912631137185342
2021-09-23,sz000901,42.9,43.48,43.6,42.67,98861,90092362.0,2.18,1.76,0.75,1.24,4.995024999127847,0.03874608742899266,43.053999999999995,43.022,43.24204480555116,5.029182077557158,5.019691328593031,5.041223691259205,43.922,43.414,43.59936696494268,5.13519813103955,5.076594197457702,5.112114953409561,44.204,43.94933333333333,43.832852535468945,5.240683772957497,5.170136664658571,5.198041604863001,44.29233333333333,44.16724731182795,43.668965403353035,5.318643065105871,5.244247563829012,5.228837797798625,42.26833333333334,43.412557377049175,42.82115945031823,5.209889691612241,5.267072378546975,5.219467283271688,7.954687973200352
2021-09-24,sz000901,43.37,42.55,43.48,42.44,78435,71037711.0,2.39,-2.14,-0.93,0.98,4.894509900885337,-0.10051509824250981,42.82,42.854,43.011363203700775,5.010515067699966,4.9748006030357566,4.992319094467916,43.635999999999996,43.16454545454546,43.40857297131674,5.100795084608641,5.0328327010660265,5.0725503984051565,44.099000000000004,43.79180952380952,43.71067610351952,5.220723907935327,5.137167724461222,5.169133823531795,44.232,44.05483870967741,43.596774087007674,5.304141036832794,5.216884133879301,5.207268256062284,42.30416666666667,43.42179234972678,42.812268976537304,5.2087844001275645,5.256732057539535,5.208812942865578,7.851488959019348
2021-09-27,sz000901,42.84,40.69,42.84,39.46,148454,129319713.0,7.94,-4.37,-1.86,1.86,5.171591903882375,0.2770820029970382,42.41199999999999,42.144,42.23757546913385,5.022233399661668,5.028492881763227,5.052076697606069,43.095,42.62890909090908,42.914286976531876,5.08004222321047,5.0457048500248876,5.09055794485556,43.9215,43.46714285714286,43.42299266508909,5.208908476122313,5.132488485979989,5.169367926422327,44.131,43.82632258064516,43.40924027494267,5.300847922754332,5.208332576914758,5.204966555921645,42.33533333333333,43.36886885245901,42.74268638714263,5.210029445752728,5.2555126314331355,5.207592580931702,8.111664732108288
2021-09-28,sz000901,40.8,40.92,41.21,40.28,70297,61145982.0,2.29,0.57,0.23,0.88,4.846936791431683,-0.32465511245069223,42.074,41.64666666666667,41.798383646089235,4.97286850140522,4.970060679019898,4.983696728881275,42.715999999999994,42.23345454545455,42.55168934443517,5.033836373049744,5.003322044246926,5.046263189687582,43.7935,43.181285714285714,43.18461241127108,5.187846198673942,5.098014992199929,5.138660199280361,44.029999999999994,43.61916129032258,43.248644128172174,5.2852849103942345,5.179047987797167,5.1818678614384215,42.386833333333335,43.32246448087432,42.68292617772812,5.208526283112911,5.243607954242281,5.1957678009480945,7.786367924126838
2021-09-29,sz000901,40.28,39.35,40.63,39.35,80181,68552973.0,3.13,-3.84,-1.57,1.0,4.904071468374639,0.05713467694295549,41.397999999999996,40.73866666666666,40.982255764059495,4.962427012740376,4.947128334676372,4.957154975379063,42.221000000000004,41.62145454545454,41.96956400908332,5.010935317862054,4.979728425215088,5.020410149448864,43.4935,42.75809523809523,42.81941122924526,5.156173739536382,5.070988827409519,5.116318415384577,43.91366666666667,43.31722580645161,42.997118700548164,5.271537474699311,5.154453572183,5.163945513498823,42.40433333333333,43.22289617486339,42.57364990960589,5.210034568963708,5.233625829168895,5.186203986765358,7.836026293983254
2021-09-30,sz000901,39.41,40.45,40.8,39.41,50677,43644273.0,3.53,2.8,1.1,0.63,4.704810897410905,-0.19926057096373384,40.791999999999994,40.42266666666667,40.80483717603967,4.9043841923969875,4.861256296233214,4.873040282723011,41.923,41.29945454545455,41.69327964379545,4.966783134977073,4.924069439678515,4.963028467260144,43.272,42.468238095238085,42.59375301693619,5.12552020215975,5.0280018900642345,5.077127223196609,43.88433333333333,43.093763440860215,42.832788461803126,5.254487292571736,5.117890567196651,5.134323925364119,42.43733333333333,43.158819672131145,42.50402204371717,5.2078319275856915,5.217061118626181,5.170420606786523,7.639927263673291
2021-10-08,sz000901,40.8,41.33,41.56,40.8,49370,43286751.0,1.88,2.18,0.88,0.62,4.693463127219531,-0.011347770191373563,40.548,40.602,40.97989145069312,4.8641748376638265,4.790949274507396,4.813181230888518,41.684,41.19163636363636,41.627228799469,4.937344952681896,4.874374892813508,4.9140165872527595,43.176,42.28328571428571,42.47339558675179,5.088124864419649,4.986853597212787,5.040587785484506,43.71366666666667,42.92896774193549,42.73583436749325,5.215876696062417,5.081695459754574,5.1058812932257585,42.47616666666667,43.12251366120219,42.46552951769366,5.204445705863858,5.200196567794503,5.154782656636786,7.636354989931328
2021-10-11,sz000901,41.39,41.85,42.26,40.92,67802,60069264.0,3.24,1.26,0.52,0.85,4.831242504724777,0.13777937750524583,40.78,41.035999999999994,41.26992763379542,4.796104957832307,4.77997183019438,4.8192016555006045,41.596000000000004,41.22181818181818,41.667732654111,4.909169178746987,4.855083538639486,4.898966754065853,42.9955,42.157,42.414024578489716,5.0552368343612555,4.9623886105751795,5.020650139697865,43.596999999999994,42.808731182795704,42.67868376313885,5.184484177106621,5.056880350636015,5.088162661709566,42.51983333333333,43.10198360655738,42.44534822203157,5.202488953340462,5.1879603972653525,5.144174782803605,7.7786523107771055
2021-10-12,sz000901,41.39,40.69,41.56,40.28,60314,52482106.0,3.06,-2.77,-1.16,0.76,4.780418131659841,-0.05082437306493581,40.733999999999995,41.00599999999999,41.07661842253028,4.782801225877939,4.774742888136891,4.806273814220351,41.404,41.05709090909091,41.48996308063627,4.87783486364158,4.831674257350914,4.877412459082941,42.809,41.93742857142857,42.2498317614907,5.029397081144766,4.936215400794092,4.9977709008371,43.43966666666667,42.62118279569893,42.55038158487183,5.159245746968598,5.030811573510416,5.068308175899906,42.54316666666667,43.041989071038245,42.38779582130922,5.201318791227442,5.174122009669267,5.13224833522512,7.720011254070112
2021-10-13,sz000901,40.75,40.69,40.92,39.81,40669,35060774.0,2.73,0.0,0.0,0.51,4.609263493776084,-0.17115463788375695,41.001999999999995,40.99133333333334,40.94774561502019,4.723839630958228,4.716896977436273,4.740603707405596,41.2,40.92727272727273,41.34451524779331,4.843133321849303,4.782843099193553,4.828658101754422,42.6255,41.735619047619046,42.10127635563444,5.000088106420404,4.896202678187551,4.960770195402718,43.25333333333333,42.44378494623656,42.430356966493,5.12493376279376,4.995328847497998,5.0386923899564335,42.56366666666667,42.98122950819672,42.33213038454498,5.196865606807672,5.154710360572502,5.115101291243184,7.5448214993281875
2021-10-14,sz000901,40.63,41.1,41.33,40.34,47767,41713245.0,2.43,1.01,0.41,0.6,4.679127966333415,0.06986447255733097,41.132000000000005,41.024,40.998497076680124,4.71870304474273,4.701993089228002,4.720111793714869,40.962,40.90909090909091,41.30005793001271,4.811543618569859,4.753023943645209,4.801470804405147,42.442,41.590333333333334,42.005916702716874,4.973370874804705,4.865635045798314,4.9339471259675465,43.12333333333333,42.30486021505376,42.344527484783775,5.097637054828284,4.966567183210233,5.015494685206561,42.59766666666667,42.933240437158474,42.29173266701891,5.193934339642237,5.137735355966788,5.1008070838690935,7.6202739762466
2021-10-15,sz000901,41.27,41.27,41.68,40.8,59455,52245952.0,2.14,0.41,0.17,0.74,4.774188383447554,0.09506041711413893,41.12,41.07,41.088998051120086,4.734848095988335,4.72048820212961,4.7381373236257645,40.834,40.96509090909091,41.29459285182858,4.799511466826081,4.746232082713881,4.79651036423104,42.235,41.47871428571428,41.935829397696224,4.95015327571736,4.84666528471668,4.918732007632309,43.010666666666665,42.18529032258064,42.27520313092676,5.080319760898911,4.94569952699212,4.99992653670598,42.65016666666667,42.88971038251366,42.25823323531338,5.191105072603273,5.123973193468603,5.090098274019207,7.7180526470861235
2021-10-18,sz000901,41.56,42.03,42.09,41.21,77986,69141380.0,2.13,1.84,0.76,0.98,4.892016645402481,0.11782826195492646,41.156,41.373333333333335,41.40266536741339,4.747002924123875,4.772877718600992,4.7894304308846705,40.968,41.182545454545455,41.4283032424052,4.771553940978091,4.763051206091409,4.813875142625847,42.0315,41.45919047619048,41.944798026487064,4.92579808209428,4.84112846278193,4.916187687419944,42.937000000000005,42.122021505376345,42.25938357409278,5.063123631074239,4.933550938895578,4.992964608234788,42.71133333333333,42.86937704918033,42.25075017841786,5.191706603489,5.114167015527593,5.083603794392429,7.8397380434216615
2021-10-19,sz000901,41.97,41.62,41.97,41.45,55817,49345334.0,1.24,-0.98,-0.41,0.7,4.746766490725558,-0.1452501546769227,41.342,41.528,41.47511024494226,4.740272595937019,4.772798907468219,4.775209117498299,41.038,41.30109090909091,41.46315719833153,4.761536910907479,4.7585443969545835,4.801673569553067,41.876999999999995,41.419999999999995,41.913864881107344,4.897686641978611,4.8240778350325275,4.900052335353812,42.875,42.03705376344086,42.21813302092551,5.045743102751787,4.9131408008085655,4.977080858718063,42.7415,42.833595628415296,42.23006984469924,5.183543295487602,5.099578815109119,5.072559948370564,7.693246092895086
2021-10-20,sz000901,41.74,41.5,41.79,41.1,57261,50464696.0,1.66,-0.29,-0.12,0.72,4.757858928224344,0.01109243749878619,41.504000000000005,41.580666666666666,41.48340682996151,4.769991682826671,4.778661018230662,4.769425721073648,41.253,41.38509090909091,41.46985588954398,4.746915656892449,4.757875672830378,4.793707271129662,41.737,41.384095238095234,41.87444917814474,4.878925487377251,4.810760909913075,4.886510106103386,42.74666666666667,41.94834408602151,42.17180185828516,5.019754378655071,4.894567628258408,4.96293750836363,42.755,42.79289071038252,42.206133128479586,5.175978615005119,5.085621950608684,5.062241882136262,7.702987661401404
2021-10-21,sz000901,41.1,40.75,41.62,40.51,60362,52801293.0,2.67,-1.81,-0.75,0.76,4.780763621007031,0.02290469278268681,41.434000000000005,41.32933333333334,41.23893788664101,4.7903188137613935,4.782251664290781,4.773205021051442,41.283,41.29363636363637,41.33897300053598,4.754510929252062,4.764029848123939,4.791353880198274,41.602999999999994,41.29009523809524,41.76735878022619,4.860647032114568,4.801412160734958,4.876439012284686,42.609,41.81952688172043,42.08007270613773,5.001850444523853,4.87914886970047,4.951184354340624,42.759,42.72715300546449,42.15839105869337,5.172197394624761,5.072664081953009,5.053013086689401,7.7226445576832345
2021-10-22,sz000901,40.8,40.22,41.21,40.22,48904,42408398.0,2.43,-1.3,-0.53,0.61,4.689344382781724,-0.09141923822530718,41.224000000000004,40.92466666666667,40.899291924427345,4.773350013628227,4.748593520630891,4.745251474961536,41.172000000000004,41.10036363636364,41.13552336407489,4.754099054808281,4.75218138512933,4.77280669884981,41.428000000000004,41.15838095238095,41.6199912773475,4.845722003745088,4.785097622703258,4.858620476141546,42.508,41.665397849462366,41.96006801541917,4.976782927882526,4.858987188297751,4.9342914529497275,42.75116666666667,42.64390710382513,42.094837253490304,5.165963994784546,5.056832835663073,5.041089522626854,7.627451867062378
2021-10-25,sz000901,40.34,40.86,40.92,39.87,52304,45079702.0,2.61,1.59,0.64,0.66,4.718534903236294,0.029190520454569935,40.989999999999995,40.80333333333333,40.8861946162849,4.73865366519499,4.730321817166913,4.7363459510531225,41.07299999999999,41.04363636363637,41.08542820697036,4.742828294659433,4.745715175752606,4.762939099647353,41.334500000000006,41.10428571428572,41.54761115569536,4.825998736703211,4.772984565511944,4.845278993007712,42.35466666666666,41.55907526881721,41.88909588539212,4.951100654460648,4.84232602541735,4.920371675548861,42.74133333333334,42.58190163934427,42.05435078616276,5.15774013643406,5.042163029382802,5.030513961335361,7.653981036473817
2021-10-26,sz000901,40.8,40.22,41.39,40.16,46476,40299182.0,3.01,-1.57,-0.64,0.58,4.667228743033707,-0.051306160202586604,40.71,40.54666666666667,40.664129744189935,4.72274611565662,4.706513509779819,4.713306881713318,41.025999999999996,40.88854545454545,40.92807762388484,4.731509355796819,4.731969802729747,4.74553721662669,41.214999999999996,40.99814285714286,41.42117199801009,4.804672109719199,4.757863613733897,4.828321826343521,42.21466666666666,41.42135483870967,41.78141227988296,4.93010117269545,4.824011708551096,4.904039873451109,42.717999999999996,42.49923497267759,41.99420813743611,5.148472478499673,5.026080688615578,5.018602970571372,7.60529623084355
2021-10-27,sz000901,41.1,39.29,41.21,39.12,72038,61468827.0,5.2,-2.31,-0.93,0.9,4.857561646942872,0.19033290390916502,40.268,40.07333333333333,40.20608649612662,4.742686659400325,4.75145202020857,4.761391803456503,40.885999999999996,40.57290909090909,40.630245328633045,4.756339171113498,4.754888401119938,4.765905294865995,41.043,40.814809523809515,41.21820323629484,4.7997362464814,4.762900712517103,4.831106571162506,42.04566666666666,41.232666666666674,41.620676003761474,4.918838461318103,4.819331739147703,4.901041278192513,42.687,42.38684153005464,41.905545575552964,5.141060378832451,5.016542628564536,5.013322927173716,7.788654925626341
2021-10-28,sz000901,39.0,37.72,39.23,37.54,75135,62013440.0,4.3,-4.0,-1.57,0.94,4.8758422907451955,0.018280643802323304,39.662,39.224000000000004,39.37739099741775,4.761702393347958,4.79583723065686,4.799541965886068,40.548,39.99727272727272,40.10110981433613,4.776010603554676,4.776616241052975,4.785893839571304,40.754999999999995,40.498333333333335,40.88504102331438,4.793777111062267,4.770148907208894,4.835367115884667,41.81066666666666,40.95359139784946,41.369019487389764,4.9075841177213615,4.816557792659129,4.899415537066879,42.64333333333333,42.22398907103825,41.76831457307581,5.134387332667296,5.007846953545281,5.0088153653236,7.792485823131829
2021-10-29,sz000901,37.95,39.0,39.12,37.66,52891,44051337.0,3.87,3.39,1.28,0.66,4.723381778219141,-0.15246051252605408,39.418,39.00333333333333,39.2515939982785,4.768509872435442,4.783063692280588,4.774155236663759,40.321,39.71581818181818,39.90090802991138,4.770929943031835,4.76704736371924,4.774528010234547,40.5775,40.33119047619047,40.70551330680825,4.785220704928959,4.763444589795262,4.824701845630807,41.596999999999994,40.77225806451614,41.216179520461395,4.890412164822185,4.804673770755761,4.888058520367025,42.657000000000004,42.10453551912568,41.67755016084382,5.126429885325535,4.994371361596161,4.99945688705788,7.64395909419893
2021-11-01,sz000901,39.0,39.41,39.7,38.59,62427,52690244.0,2.85,1.05,0.41,0.78,4.795372464920862,0.07199068670172082,39.128,39.00066666666667,39.304395998852335,4.783877384772356,4.792017889775727,4.781227646082794,40.059,39.55018181818181,39.81165202447294,4.761265524983673,4.771491458608155,4.778317911086604,40.5135,40.21999999999999,40.582131087112224,4.7664097329808826,4.7644114240802065,4.821908571277479,41.374,40.631161290322574,41.099651809463886,4.870953896390745,4.798542177213738,4.88207877485437,42.66583333333333,41.998076502732246,41.60320425393091,5.1232031282565185,4.983517019943549,4.992765594528797,7.721730209724965
2021-11-02,sz000901,39.7,40.28,40.63,39.29,120768,103495842.0,3.4,2.21,0.87,1.51,5.081951874148818,0.2865794092279561,39.14,39.38466666666667,39.629597332568224,4.866822010995378,4.891376052901214,4.881469055438135,39.925,39.59036363636364,39.8968062018415,4.794784063325999,4.829798067547272,4.833524086188825,40.4815,40.1977619047619,40.553356697863435,4.778160487116739,4.794463056572391,4.846674600122369,41.22633333333333,40.56058064516129,41.04677104756299,4.8633857824277404,4.812154949972324,4.8949738135185275,42.68333333333333,41.9198524590164,41.55982050790039,5.124741344408357,4.982164519808872,4.995689734844207,8.014922902133712
2021-11-03,sz000901,40.11,39.64,40.22,39.12,62438,53010212.0,2.73,-1.59,-0.64,0.78,4.7954489833898215,-0.2865028907589968,39.209999999999994,39.55133333333333,39.63306488837882,4.854399478284768,4.867585043699363,4.8527956980886975,39.739,39.53854545454545,39.85011416514305,4.798543068842546,4.829918962104331,4.82660134022537,40.495999999999995,40.117619047619044,40.46637034568597,4.772729362867498,4.796109580026971,4.8417959699573645,41.071000000000005,40.45823655913979,40.956011625139574,4.852131347865684,4.807771930679554,4.888552856736031,42.65316666666667,41.82007103825136,41.49687557321513,5.116898417191986,4.971368048955804,4.989124464304719,7.724359541073174
2021-11-04,sz000901,39.81,40.22,40.51,39.64,60205,51680779.0,2.19,1.46,0.58,0.75,4.779632560730201,-0.015816422659620244,39.709999999999994,39.888000000000005,39.82870992558588,4.835157532281769,4.842662737847841,4.828407985635866,39.686,39.626,39.917366135117035,4.798429962814864,4.826480687902086,4.818061562135339,40.484500000000004,40.09133333333333,40.44290650323968,4.776470446033462,4.796767027442465,4.835875645269064,40.96399999999999,40.40333333333333,40.90852700416283,4.839908009014666,4.80309458957404,4.881525740864688,42.6395,41.74029508196721,41.45501080032283,5.110656307941241,4.96031015202263,4.982255877302275,7.713329051288336
2021-11-05,sz000901,40.22,39.99,40.92,39.87,70307,60710124.0,2.61,-0.57,-0.23,0.88,4.846998566983252,0.06736600625305034,39.908,39.98133333333333,39.882473283723925,4.8598808900345905,4.846609749415001,4.834604846084995,39.663,39.68127272727272,39.93057229236848,4.814195381235017,4.83531134320543,4.82332283574405,40.417500000000004,40.04423809523809,40.39977255055019,4.784147218021649,4.803483991342445,4.836934971146605,40.83966666666666,40.34049462365592,40.84926719744264,4.835213129575065,4.803552044926852,4.8792981812594345,42.59683333333333,41.65342622950819,41.40697765932864,5.100738130744056,4.9516656359256475,4.977821211390176,7.78326111991727
2021-11-08,sz000901,39.99,39.93,40.16,39.23,50537,43014009.0,2.33,-0.15,-0.06,0.63,4.703609457565769,-0.14338910941748217,40.012,39.98866666666667,39.89831552248262,4.8415282885635715,4.794519271925394,4.7909397165785865,39.57,39.72981818181819,39.93046823921057,4.812702836667964,4.8152048116292026,4.801556766984363,40.3215,39.99780952380953,40.35503230764065,4.777765565663699,4.7958137284418845,4.824237303186526,40.74633333333333,40.281806451612916,40.78995963631731,4.821566770024794,4.795061485442382,4.8679634248921015,42.54833333333333,41.565989071038246,41.35855216230147,5.090065855717691,4.938645023690294,4.968830662084457,7.6336099216389295
2021-11-09,sz000901,39.93,40.98,41.33,39.87,85348,74158994.0,3.66,2.63,1.05,1.07,4.931193348542249,0.22758389097647935,40.152,40.31133333333333,40.258877014988414,4.811376583442258,4.82440762525162,4.837690927233141,39.646,39.98618181818181,40.121292195717736,4.8390992972188185,4.83674854106089,4.825127054540342,40.336,40.06052380952381,40.414553040246304,4.785304326507819,4.810425898239843,4.834423593220404,40.692,40.296881720430115,40.802220304942004,4.816147838885739,4.8021341679273775,4.872042774805014,42.5115,41.51456830601092,41.346140615996504,5.083828097280417,4.933436089028804,4.967596651804385,7.870163829777053
2021-11-10,sz000901,40.98,41.39,41.5,40.69,81458,71386609.0,1.98,1.0,0.41,1.02,4.9109337428525235,-0.02025960568972529,40.501999999999995,40.724,40.63591800999228,4.834473535334799,4.857593345055041,4.862105199106269,39.856,40.30327272727273,40.35196634195087,4.844436506809783,4.849809349357929,4.840728270597102,40.370999999999995,40.16090476190476,40.50745275069903,4.800387838961641,4.822390604558385,4.841710274137749,40.647333333333336,40.34191397849462,40.84014157559091,4.8146363332575275,4.808249387538139,4.874551869517757,42.4805,41.47779781420765,41.34757862858678,5.0753406551849745,4.927767421670513,4.965738851510881,7.853616752632842
2021-11-11,sz000901,41.21,41.33,41.45,40.86,62050,54401866.0,1.43,-0.14,-0.06,0.78,4.792741785834749,-0.11819195701777474,40.724000000000004,41.0,40.86727867332819,4.837095380355708,4.843682761888359,4.838984061349096,40.217,40.57127272727273,40.529790643414344,4.836126456318739,4.8404103091806485,4.832003455185765,40.3825,40.25223809523809,40.58579058396579,4.806068529936708,4.821662409022491,4.837046608585082,40.57566666666666,40.38595698924732,40.87174534490763,4.807893559481091,4.806836836091509,4.869273799602724,42.434,41.44007650273223,41.347002280108526,5.06326831229348,4.918501884970506,4.960066816570681,7.73561379638209
2021-11-12,sz000901,41.21,42.14,42.32,41.04,111667,99204172.0,3.1,1.96,0.81,1.4,5.047924848716686,0.2551830628819376,41.153999999999996,41.471999999999994,41.29151911555213,4.8772806367023955,4.913959251342018,4.908630990471627,40.531,40.92090909090909,40.82255598097537,4.868580763368493,4.878919107798458,4.871261890373205,40.426,40.419619047619044,40.73381052835,4.819755353200164,4.844696344144394,4.857130250502378,40.562,40.48688172043011,40.953568225881334,4.81300739107547,4.822322725719611,4.880799673739109,42.397000000000006,41.43043715846994,41.37300220535087,5.058574213954132,4.917998820590939,4.962947407788582,7.996529936654976
2021-11-15,sz000901,42.09,42.03,43.25,41.85,116497,104688266.0,3.32,-0.26,-0.11,1.46,5.066314741669151,0.018389892952464848,41.574,41.764,41.537679410368085,4.949821693523072,4.97697061966427,4.961192240870802,40.793,41.19345454545455,41.042091257161665,4.895674991043323,4.9148707402167595,4.9067260451542865,40.426,40.572380952380946,40.85725714469762,4.828470258013498,4.868178190665249,4.877052582994452,40.60666666666667,40.581591397849465,41.0230154371148,4.809498152335029,4.838665135435332,4.892768387799111,42.36883333333333,41.41840437158469,41.39454311665084,5.05517303754468,4.918252608384872,4.9663365007027,8.01989800644452
2021-11-16,sz000901,41.97,41.21,42.55,40.92,104470,92495196.0,3.88,-1.95,-0.82,1.31,5.018991594705612,-0.047323146963539564,41.62,41.64266666666667,41.42845294024539,4.967381342755744,5.0000272533917824,4.980458692149073,40.886,41.26927272727273,41.0726201194959,4.889378963099001,4.937291940882631,4.927137963254528,40.4055,40.64704761904761,40.89085170234547,4.8420815132125,4.886323079874022,4.8905705841098,40.61633333333334,40.620516129032254,41.03507895730094,4.81523331244416,4.852180841394725,4.900911820502757,42.323166666666665,41.38040983606558,41.38849252266228,5.050259111419197,4.917066331570478,4.9680628972273855,7.966119177010704
2021-11-17,sz000901,41.39,42.14,42.26,40.86,84238,74480268.0,3.4,2.26,0.93,1.06,4.9255080471698935,-0.09348354753571808,41.769999999999996,41.816,41.66563529349693,4.970296203619219,4.9860694881965,4.962141810489347,41.136,41.49727272727272,41.26668918867846,4.902384869477008,4.943860865259156,4.926841614875503,40.4375,40.812238095238094,41.009818206884,4.850463969159778,4.89426846406044,4.893897961544094,40.70933333333333,40.718817204301075,41.10636418586217,4.815947865070668,4.859295340409288,4.902498673836121,42.3115,41.374404371584696,41.41313211208319,5.04374266988499,4.912976132742631,4.966667656241894,7.872041230684239
2021-11-18,sz000901,42.14,42.26,42.67,41.91,99579,89125714.0,1.8,0.28,0.12,1.25,4.998167760655423,0.07265971348552913,41.956,41.97933333333333,41.86375686233129,5.011381398583353,4.995360007208567,4.974150460544705,41.339999999999996,41.70163636363637,41.44729115437329,4.924238389469531,4.961275936382504,4.939810005017307,40.513,40.98580952380953,41.12888313956171,4.861334176142197,4.908335491821932,4.903828418602316,40.769666666666666,40.81886021505377,41.18079230290332,4.825726427178819,4.871051462705079,4.908670872985753,42.327,41.37271584699454,41.44089827234276,5.040106859875277,4.91148187342363,4.967700446550534,7.95000302207471
2021-11-19,sz000901,41.97,42.84,43.02,41.74,110885,99892373.0,3.03,1.37,0.58,1.39,5.044872800812564,0.04670504015714094,42.096,42.274,42.1891712415542,5.010770989002529,5.006523807951638,4.997724573967325,41.625,41.974363636363634,41.700510944487235,4.944025812852462,4.983209465717601,4.958912331525535,40.644,41.20742857142857,41.29184665007964,4.879110597043739,4.925815360838157,4.917261216908054,40.82,40.95243010752689,41.28783796078053,4.837440082965253,4.885189938423384,4.91745809413587,42.26683333333334,41.38953551912568,41.4867704601348,5.026658389513836,4.911638133782228,4.9702306876738795,7.999532330163286
2021-11-22,sz000901,42.78,43.37,43.48,42.55,117927,107207437.0,2.17,1.24,0.53,1.48,5.0716132504602305,0.026740449647666864,42.364,42.69866666666667,42.5827808277028,5.011830690760744,5.026804561770872,5.022354132798293,41.969,42.29163636363636,42.004054409125914,4.980826192141908,5.006407181646287,4.97940340769548,40.7695,41.46704761904762,41.48976601673872,4.896764514404936,4.944148946877823,4.9319614105796905,40.87066666666667,41.116946236559144,41.422170995568884,4.845452441156436,4.900297884713383,4.927403588092281,42.23383333333333,41.425704918032785,41.548515690950055,5.014968309131528,4.913112063649325,4.973554706125891,8.030224913491375
2021-11-23,sz000901,43.37,43.25,43.54,42.9,104884,95613253.0,1.48,-0.28,-0.12,1.31,5.020709241847564,-0.050904008612666196,42.772000000000006,42.994,42.80518721846853,5.012174220189135,5.029764078799811,5.0218058358147175,42.196,42.52454545454545,42.23058997110302,4.98977778147244,5.013658645229132,4.986913559359494,40.92100000000001,41.703285714285705,41.65740734847789,4.914438539345629,4.955953206634263,4.940413584986155,40.956,41.27045161290322,41.540095447467664,4.85346214482936,4.911604775080553,4.933423307689396,42.19783333333333,41.459021857923496,41.60430206173858,5.006353945898979,4.913300290951489,4.9751007564774214,7.980518094220135
2021-11-24,sz000901,43.13,42.73,43.66,42.55,85423,77407081.0,2.57,-1.2,-0.52,1.07,4.931574819497352,-0.08913442235021218,42.89,42.98,42.78012481231236,5.013387574654627,5.002897611902551,4.991728830375596,42.33,42.621636363636355,42.32139179453883,4.991841889136922,5.0030762885063895,4.97685197029365,41.092999999999996,41.875571428571426,41.75955902957523,4.918139197973353,4.957585233315379,4.939571797796745,41.024,41.384903225806454,41.61686348311491,4.864205855686734,4.916644302478488,4.933304050386684,42.13866666666667,41.4764699453552,41.6412101908619,4.994569809240247,4.91084851631537,4.9736736765764356,7.888780690638508
2021-11-25,sz000901,42.73,42.61,42.96,42.32,69137,62273330.0,1.5,-0.28,-0.12,0.87,4.839710530663248,-0.09186428883410436,42.96,42.88666666666666,42.723416541541575,4.981696128656192,4.945005263905425,4.9410560638048135,42.458000000000006,42.67254545454545,42.37386601371359,4.996538763619772,4.975416041511176,4.9519171630881225,41.3375,42.020047619047624,41.84055340771093,4.916332609969255,4.950115836428703,4.930061200926888,41.074333333333335,41.487225806451605,41.68093680678492,4.869558607831063,4.915063958928586,4.927265758791624,42.09883333333334,41.49192349726776,41.6729737911615,4.983597831329673,4.905771162919403,4.9692814422842,7.794302089777238
2021-11-26,sz000901,42.55,42.44,42.78,42.09,61079,54813792.0,1.62,-0.4,-0.17,0.77,4.785891918069435,-0.05381861259381271,42.879999999999995,42.71333333333334,42.62894436102772,4.929899952107566,4.879737193709839,4.889334681893021,42.488,42.66927272727272,42.38589037485657,4.970335470555048,4.9371166150474775,4.921730754902906,41.5095,42.12504761904762,41.897643559357505,4.91945811696177,4.937692913390625,4.916330793035702,41.11333333333334,41.57533333333333,41.72990862570202,4.869948725651792,4.909666107976222,4.918144865841806,42.062000000000005,41.50310928961748,41.69812219145129,4.975134243275352,4.899289001828904,4.96326867099847,7.738889847460086
2021-11-29,sz000901,41.85,42.84,43.31,41.5,104398,93878365.0,4.26,0.94,0.4,1.31,5.018692178768889,0.23280026069945414,42.774,42.7,42.69929624068515,4.919315737769297,4.909334602596946,4.93245384751831,42.569,42.733272727272734,42.46845576124628,4.965573214265021,4.945908743813631,4.93936010469672,41.681,42.2517619047619,41.987391791799645,4.930624102654171,4.947143776419875,4.926079496438863,41.140333333333324,41.6867311827957,41.80152742404383,4.874171243430672,4.919262459790231,4.924631789256456,42.038666666666664,41.5286174863388,41.73556080812502,4.968647437252456,4.900717130861478,4.965085835187664,7.972565517253129
2021-11-30,sz000901,42.84,43.83,44.82,42.61,262213,242648192.0,5.16,2.31,0.99,3.29,5.418654219346086,0.3999620405771971,42.89,43.052,43.076197493790104,4.998904733269002,5.075780763122543,5.09452063812757,42.830999999999996,42.96254545454545,42.7160092592015,5.005539476729068,5.028287108373824,5.026504489178423,41.8585,42.456428571428575,42.16287828781873,4.947459219914035,4.993622835152437,4.972991374810979,41.214000000000006,41.86025806451613,41.93239662249262,4.896567501051356,4.954390393720255,4.956504204100948,42.04449999999999,41.58734972677596,41.804230945563546,4.971155301901573,4.915471451585859,4.9799569297502355,8.384977059684486
2021-12-01,sz000901,43.77,44.01,44.65,43.48,162555,150511340.0,2.67,0.41,0.18,2.04,5.2110003324234295,-0.20765388692265674,43.146,43.425333333333334,43.38746499586007,5.054789835854217,5.146479296174019,5.133347202892857,43.018,43.17690909090909,42.951280302983044,5.0340887052544225,5.0656436275909815,5.060049187950242,42.077,42.66133333333334,42.338794641359804,4.968236787365716,5.018721988724762,4.995658894583594,41.29766666666667,42.04064516129032,42.06643555007374,4.911672214524659,4.974676382841035,4.9729233091540115,42.022166666666664,41.65179234972678,41.87655124243032,4.965713296589866,4.92333522307838,4.987532123280504,8.1775692222813
2021-12-02,sz000901,44.07,43.19,44.3,43.02,108352,99388092.0,2.91,-1.86,-0.82,1.36,5.034836932092823,-0.17616340033060673,43.262,43.43999999999999,43.32164333057338,5.093815116140132,5.139828328253554,5.100510445959513,43.111000000000004,43.208181818181814,42.99468388425885,5.037755622398162,5.0657796688343275,5.0554651414307115,42.2255,42.76733333333333,42.41986181837315,4.980997005933846,5.0250648596511525,4.999390136251139,41.379,42.1627311827957,42.138923579101245,4.920141324894186,4.982622493651885,4.976917736440387,41.994,41.69008196721311,41.919615136121124,4.960995884709019,4.925601571783394,4.989083100618612,7.997334353325988
2021-12-03,sz000901,43.31,44.53,45.06,43.19,203446,189496025.0,4.33,3.1,1.34,2.55,5.3084491555065565,0.2736122234137337,43.68,43.86266666666666,43.72442888704892,5.198326563627558,5.2113730080423615,5.169823349141861,43.279999999999994,43.46618181818182,43.27383226893906,5.064113257867561,5.114996674854035,5.101462234899047,42.4525,42.98680952380952,42.620827359480465,5.004069535360012,5.056250778658077,5.028824328561179,41.522666666666666,42.366021505376345,42.29318657399794,4.9407781506516795,5.007674611755909,4.998306860251108,42.015333333333324,41.77322950819672,42.00520152510076,4.958780539267104,4.936993482301345,4.999554118811659,8.277600104337486
2021-12-06,sz000901,44.07,44.24,45.06,44.01,167124,155984454.0,2.36,-0.65,-0.29,2.09,5.223038821641582,-0.08541033386497432,43.96,44.04933333333334,43.896285924699285,5.239195892202096,5.21961042738037,5.187561839975102,43.367000000000004,43.64072727272727,43.44949912913196,5.079255814985697,5.143892231903856,5.123567068852235,42.668,43.15704761904762,42.77503427762518,5.030041003563802,5.077104996399179,5.047320946949789,41.63533333333333,42.541333333333334,42.41878744019162,4.957594947931856,5.025884977626224,5.012805696469848,41.995,41.846169398907115,42.07847360624499,4.954347801196252,4.9456576882808365,5.006881486117558,8.193081317082369
2021-12-07,sz000901,44.3,42.61,44.47,42.03,162982,147587314.0,5.52,-3.68,-1.63,2.04,5.212139642855884,-0.01089917878569846,43.715999999999994,43.599333333333334,43.46752394979953,5.197892976904056,5.2105916775983,5.195754440935363,43.303000000000004,43.50309090909091,43.296862923835235,5.098398855086528,5.168052927880255,5.139671173216534,42.7495,43.15152380952381,42.759316727375165,5.044088318279484,5.094447723950805,5.0630179656075125,41.715,42.60421505376344,42.43112373437281,4.975758644592596,5.042307216008419,5.0256659510754,41.96483333333334,41.866333333333344,42.095900701122204,4.952929908644023,4.954109879810662,5.013611261748323,8.169049028919435
2021-12-08,sz000901,42.73,44.71,46.16,42.55,297524,278591984.0,8.47,4.93,2.1,3.73,5.473522004172676,0.2613823613167927,43.856,43.93066666666667,43.88168263319969,5.250397311253904,5.3024680200211725,5.288343628681135,43.501,43.75890909090909,43.55379693768337,5.152593573554062,5.236257136805009,5.200371324299469,42.9155,43.3382380952381,42.94509608667277,5.072217731345491,5.135346170226348,5.102113588328004,41.89566666666667,42.79744086021505,42.57814800957457,4.996290656500255,5.074420981142618,5.054559889984901,41.97066666666667,41.95633879781422,42.1816088748559,4.957564558909179,4.971178473106683,5.028690302483547,8.444968616199032
2021-12-09,sz000901,44.71,44.47,45.0,44.01,168953,157401258.0,2.21,-0.54,-0.24,2.12,5.227765907693504,-0.2457560964791723,44.112,44.13533333333333,44.077788422133125,5.28898310637404,5.294924218834373,5.268151055018592,43.687,43.9350909090909,43.72037931265003,5.191399111257086,5.249924833921271,5.205352157643838,43.0725,43.48628571428571,43.09032503079917,5.093968937438429,5.150160282259491,5.114080475886623,42.12066666666667,42.963526881720426,42.70020297669879,5.008021443731866,5.089354868316375,5.065734471772553,41.96566666666667,42.03828415300546,42.256638092073736,4.957802780726614,4.980037533722562,5.035217371506824,8.197008199054018
2021-12-10,sz000901,44.07,43.95,44.65,43.66,128421,118655606.0,2.23,-1.17,-0.52,1.61,5.108636047396322,-0.11912986029718198,43.996,44.08133333333333,44.035192281422084,5.249020484751993,5.234808532508468,5.214979385811169,43.838,43.98290909090909,43.76212852853184,5.223673524189776,5.234877004128405,5.187767410326108,43.163,43.569857142857146,43.17219883738972,5.097004497372411,5.15155714987453,5.113561958887547,42.285666666666664,43.08154838709678,42.78083504271822,5.020863252704439,5.095846133068923,5.068502315361184,41.94133333333333,42.10334426229508,42.31215815462869,4.9556377087633114,4.984982886728126,5.037624541208118,8.074288261705071
2021-12-13,sz000901,43.89,43.72,44.24,43.25,131068,120365960.0,2.25,-0.52,-0.23,1.64,5.117496672469661,0.008860625073339179,43.892,43.989333333333335,43.93012818761473,5.22791205491761,5.190967261747689,5.182485148030667,43.926,43.96145454545455,43.75446879607151,5.233553973559853,5.215572121997475,5.174990912534027,43.2475,43.622904761904756,43.22437037668594,5.099563593912437,5.153508785598078,5.1139366935144155,42.42933333333333,43.17408602150538,42.84142633028479,5.0316007262893985,5.102080547247323,5.071663241626247,41.901666666666664,42.16166120218579,42.35831690365726,4.951277311340072,4.990289737997187,5.040243299610136,8.080503683978545
2021-12-14,sz000901,43.48,44.18,44.53,43.37,162673,150662806.0,2.65,1.05,0.46,2.04,5.211315475960353,0.0938188034906915,44.206,44.08533333333333,44.013418791743156,5.227747221538503,5.185435068761937,5.192095257340562,43.961,44.007636363636365,43.831838105876685,5.212820099221279,5.2115287587975665,5.18159537861154,43.396,43.711714285714294,43.31538272176347,5.109179787975174,5.164151821983593,5.123210863271172,42.559333333333335,43.28703225806452,42.92778592187933,5.035912846349784,5.113675047226095,5.08067306319619,41.89283333333333,42.2363606557377,42.41804421829145,4.949649314388762,4.998815579460148,5.045852223424896,8.178006051633457
2021-12-15,sz000901,44.12,44.42,45.29,43.83,200862,188028087.0,3.3,0.54,0.24,2.52,5.30289778268509,0.091582306724737,44.148,44.156666666666666,44.148945861162105,5.193622377240986,5.2104852558107995,5.229029432455405,44.001999999999995,44.091090909090916,43.93877663208092,5.222009844247445,5.227906519427349,5.203650361170367,43.510000000000005,43.809238095238086,43.42058436730981,5.128049274750934,5.182601154813108,5.1403239032153545,42.718666666666664,43.40707526881721,43.02405779788712,5.052827806326292,5.1308998818283715,5.095010141872892,41.89483333333333,42.31921857923496,42.4836821127737,4.952479577095987,5.01039749645347,5.054279946679329,8.274222727551008
2021-12-16,sz000901,44.71,44.88,45.17,44.42,153322,143916495.0,1.69,1.04,0.46,1.92,5.185604475748624,-0.11729330693646567,44.230000000000004,44.400666666666666,44.392630574108075,5.185190090852011,5.207812621980012,5.214554446886479,44.171,44.25072727272728,44.10990815352075,5.2370865986130255,5.221287361518473,5.200369291093686,43.641000000000005,43.93971428571429,43.55957633232792,5.137421110505594,5.1880826025271745,5.144636338694714,42.874,43.54651612903227,43.14379600447505,5.066360203493573,5.139466118565297,5.100854937606811,41.919,42.417092896174864,42.56224991235489,4.95313410625412,5.018040935753555,5.058585668943896,8.158110573484416
2021-12-17,sz000901,44.65,45.0,45.93,44.3,218789,206338374.0,3.63,0.27,0.12,2.74,5.34002548329489,0.15442100754626598,44.44,44.657333333333334,44.595087049405386,5.2314679780317235,5.259424419460972,5.256378125689283,44.218,44.40145454545454,44.27174303469879,5.240244231391859,5.240003522369722,5.225761326039359,43.749,44.06914285714286,43.69675953877288,5.15217874462971,5.207378257078536,5.1632448286566355,43.041000000000004,43.68367741935483,43.263551100960534,5.082794434037294,5.157121943068607,5.116285295393139,41.940333333333335,42.518109289617485,42.642176144736695,4.959003781806179,5.030725898935222,5.067813203840649,8.314580003865782
2021-12-20,sz000901,44.59,45.06,46.63,44.3,283405,269653984.0,5.18,0.13,0.06,3.55,5.452407508061245,0.1123820247663545,44.708,44.864000000000004,44.75005803293693,5.29845014515004,5.3330709294708125,5.321721253146603,44.3,44.554545454545455,44.41506248293537,5.263181100033824,5.278578663582337,5.266969722770611,43.8335,44.19400000000001,43.82659196365165,5.171218457509761,5.235971472643444,5.190784131457074,43.212,43.813935483870964,43.37945102993083,5.1077543690538105,5.180967947844346,5.137970599436242,41.979166666666664,42.620393442622955,42.721449058024014,4.964660569539302,5.046903070287845,5.080422853159358,8.430806841150916
2021-12-21,sz000901,44.82,46.92,47.21,44.65,312957,301750704.0,5.68,4.13,1.86,3.92,5.495484669988609,0.043077161927364216,45.25600000000001,45.60133333333333,45.47337202195796,5.355283983955692,5.398749104417003,5.379642392093939,44.731,45.030909090909084,44.87050566785621,5.291515602747098,5.32081567630139,5.308517894992065,44.016999999999996,44.48795238095238,44.121202252827686,5.194957228916813,5.26685396907,5.21980323036484,43.41,44.05316129032258,43.607873544128836,5.126564079768689,5.205982805969173,5.161036023342847,42.051,42.78238797814207,42.85910646595765,4.971355959327214,5.064307139155036,5.094031437317693,8.479648292002059
2021-12-22,sz000901,46.51,46.1,46.75,45.35,238867,228873383.0,2.98,-1.75,-0.82,2.99,5.378156155158684,-0.11732851482992501,45.592,45.882666666666665,45.682248014638645,5.3703356584504105,5.406373161484666,5.379146979782187,44.870000000000005,45.279818181818186,45.09405009188235,5.281979017845698,5.336568504012586,5.321179396840541,44.1855,44.68633333333333,44.30965918112982,5.217286295699879,5.28430148585494,5.234884461297587,43.567,44.22670967741936,43.76865589612053,5.142138160178893,5.222214552768526,5.175043773782579,42.107166666666664,42.915142076502725,42.965365270352486,4.978387246718212,5.077644850493773,5.1033470018370695,8.359595289011958
2021-12-23,sz000901,46.05,46.1,47.5,45.7,225362,217570041.0,3.9,0.0,0.0,2.82,5.352880688189243,-0.025275466969440608,45.836,46.052,45.82149867642577,5.403790900938533,5.400554838064278,5.370391549251206,45.033,45.503454545454545,45.276950075176465,5.294490495895272,5.349459716802321,5.326943267994849,44.36,44.86866666666668,44.48016783054603,5.242944803576179,5.297215237520594,5.24612219719203,43.726,44.390129032258066,43.919065193145016,5.160809456924044,5.235810844898225,5.186517123099138,42.15083333333333,43.04605464480874,43.06814017952126,4.984351508202567,5.089923323984626,5.111528434176485,8.337599093580646
2021-12-24,sz000901,46.28,46.86,47.04,45.46,256855,248140716.0,3.43,1.65,0.76,3.22,5.409688024221439,0.0568073360321959,46.208000000000006,46.39333333333334,46.16766578428385,5.417723409123844,5.402520545825245,5.383490374241284,45.324,45.835636363636354,45.56477733423529,5.324595693577783,5.370404721952533,5.341987769126956,44.581,45.1067619047619,44.706818513351166,5.274134608883779,5.313095544248714,5.261699895004355,43.88333333333333,44.59232258064516,44.10880292261953,5.172868229440868,5.25186752665935,5.20091524575219,42.22266666666667,43.20045355191257,43.19246345232384,4.992937810258169,5.103868783526228,5.121304158440253,8.394698031032855
2021-12-27,sz000901,46.34,45.46,46.45,44.94,221456,211154769.0,3.22,-2.99,-1.4,2.77,5.345287451302157,-0.0644005729192818,46.288,46.144000000000005,45.93177718952256,5.396299397772027,5.37837522655135,5.370756066594909,45.498000000000005,45.86036363636364,45.54572690982887,5.347374771461033,5.374166859720602,5.342587711340629,44.712,45.1904761904762,44.77855008350819,5.290464372510443,5.319872005431416,5.269660614651765,43.99766666666666,44.69404301075268,44.19597692761182,5.1821673197619695,5.2629913474245935,5.210229581594124,42.30216666666667,43.30659562841531,43.266808912903386,4.995832736048499,5.115421230773572,5.1286478729603155,8.3246008945556
2021-12-28,sz000901,45.81,47.62,49.02,45.11,409830,401176528.0,8.6,4.75,2.16,5.13,5.612603746055374,0.2673162947532166,46.428,46.588,46.49451812634838,5.41972321298538,5.450476675979132,5.451371959748398,45.842,46.24618181818182,45.92286747167817,5.387503598470536,5.422390309646845,5.391681535834219,44.901500000000006,45.46742857142857,45.04916436126931,5.3001618488459075,5.35055194576903,5.302321865261632,44.211333333333336,44.927741935483866,44.41688164195944,5.201954391473627,5.290761439443522,5.236189205107753,42.41383333333333,43.48095081967213,43.40953648952951,5.008593851958893,5.1356432311016675,5.144515278635564,8.603335515429434
2021-12-29,sz000901,47.5,50.88,51.29,47.21,609860,622373088.0,8.57,6.85,3.26,7.64,5.785230149427613,0.1726264033722389,47.384,48.071999999999996,47.95634541756559,5.501138011839165,5.572312321459877,5.562658022974803,46.488,47.16218181818183,46.8241642950094,5.4357368351447874,5.494704228002678,5.4632358292148355,45.245000000000005,46.036809523809524,45.60448204114843,5.328873339696116,5.3967489267768105,5.348313130420297,44.50266666666666,45.35797849462366,44.83385701989754,5.230611794882219,5.32839213350507,5.271611201515487,42.606,43.75853005464481,43.654469719381,5.023279829976443,5.161106716264574,5.165522323579565,8.794050805084158
2021-12-30,sz000901,49.48,50.76,52.1,49.31,468170,486448592.0,5.48,-0.24,-0.12,5.87,5.670403580971269,-0.11482656845634409,48.316,49.197333333333326,48.890896945043735,5.56464259039557,5.628734177837244,5.598573208973625,47.076,47.938909090909085,47.53977078682587,5.4842167456670525,5.537370909062038,5.50090269317055,45.6235,46.56204761904761,46.095483751515246,5.360651672140039,5.429275616422062,5.378988411425151,44.785999999999994,45.76167741935484,45.216188825065444,5.253019655559413,5.356765797123718,5.297339742125537,42.777833333333334,44.02587431693989,43.88743792530293,5.0393730413691165,5.18232388842834,5.182075807428474,8.687036950687816
2021-12-31,sz000901,51.0,50.3,53.85,50.01,577889,611916624.0,7.57,-0.91,-0.46,7.24,5.761844427837611,0.09144084686634191,49.004,49.858666666666664,49.360597963362494,5.635073871118805,5.694468123651258,5.652996948594954,47.606,48.52509090909091,48.041630643766624,5.526398640121324,5.587848669456685,5.5483466449281975,45.912,47.00742857142857,46.495913870418555,5.383321435756591,5.467484450298023,5.415450889178719,45.03466666666667,46.11741935483872,45.54417664280316,5.2769187097935815,5.389593201786828,5.327307786365026,42.92733333333333,44.27250273224043,44.097685862178245,5.057179396379416,5.20601147486993,5.201084614655002,8.786692251878454
2022-01-04,sz000901,50.65,50.76,51.81,49.89,394466,410623376.0,3.82,0.91,0.46,4.94,5.596009576243219,-0.1658348515943917,50.064,50.443999999999996,49.82706530890833,5.685218296107017,5.681446692026063,5.634001157811042,48.176,49.098545454545444,48.53587961762723,5.540758846939522,5.60050520329703,5.557012632440019,46.238,47.469142857142856,46.90201731133107,5.401969973486674,5.487740463677701,5.432646954613433,45.281,46.48679569892472,45.88068137552553,5.29439858731968,5.410179709299707,5.344643385712006,43.07583333333333,44.52931147540984,44.31612239128715,5.069925514238059,5.223678038144153,5.214032974051337,8.61344366928892
2022-01-05,sz000901,50.42,47.91,50.88,47.27,386651,387653472.0,7.11,-5.61,-2.85,4.84,5.587319137736414,-0.008690438506804732,50.122,49.72599999999999,49.18804353927222,5.680161374443225,5.648813639235863,5.618440484452833,48.275,49.05018181818181,48.422083323513185,5.549942293714302,5.6089707107146465,5.562522906130272,46.503,47.62838095238096,46.998015662632874,5.4207289482307,5.50539276503482,5.447377638720384,45.43633333333333,46.65640860215054,46.0116051577497,5.313285583849309,5.429077809326593,5.360299885842613,43.19616666666666,44.6878087431694,44.43395444403184,5.083373864339334,5.240641763504755,5.226271864663962,8.588443678060946
2022-01-06,sz000901,47.68,48.84,49.54,47.15,269808,269810672.0,4.99,1.94,0.93,3.38,5.431054822668525,-0.1562643150678893,49.714,49.29866666666667,49.07202902618149,5.609326309091408,5.565778121977629,5.555978597191397,48.54899999999999,49.15290909090909,48.498068173783516,5.555232160465287,5.587354806888142,5.538619618228136,46.7095,47.850952380952386,47.17344274238212,5.418605589155493,5.506376181647946,5.445823084810683,45.64,46.876,46.19408224434649,5.329934917288349,5.4366758247342855,5.364864720476543,43.331999999999994,44.87285245901639,44.57841495406358,5.097070386487542,5.25204113918768,5.232986060008374,8.431059123612565
2022-01-07,sz000901,48.73,47.33,49.19,47.15,220427,219547795.0,4.18,-3.09,-1.51,2.76,5.343264789965723,-0.08779003270280228,49.028,48.504,48.491352684121,5.543898550890299,5.477090948935734,5.485073994782839,48.672000000000004,48.93127272727271,48.285692142186505,5.5542705706429345,5.5488152849791295,5.50310055854406,46.852500000000006,47.910047619047624,47.18835295739335,5.424380533269103,5.499200867439397,5.436055628158782,45.797333333333334,46.98503225806452,46.26736726084027,5.346720059265097,5.4375358165199215,5.36347117657262,43.435833333333335,45.003934426229506,44.66863085720904,5.108139333548079,5.260113086842701,5.236601756072549,8.34152907968162
2022-01-10,sz000901,47.04,47.5,48.14,46.34,161340,158730869.0,3.8,0.36,0.17,2.02,5.207742052606945,-0.1355227373587775,48.468,47.994666666666674,48.160901789414,5.433078075844165,5.365038782841283,5.392630014057541,48.736000000000004,48.71818181818182,48.14283902542532,5.534075973481485,5.485810099881677,5.449399012010039,47.03,47.97171428571429,47.218033628117794,5.429335833529635,5.4785686311858575,5.414311478106226,45.966,47.0948817204301,46.34689195368928,5.360781730416348,5.428569493509719,5.353424136316771,43.53966666666667,45.137185792349726,44.76146263238252,5.11536522803407,5.263378749762665,5.2356555362867905,8.200661393879589
2022-01-11,sz000901,47.62,46.92,48.38,46.75,139876,137874396.0,3.43,-1.22,-0.58,1.75,5.145743204400961,-0.06199884820598456,47.7,47.47866666666667,47.74726785960934,5.343024801475713,5.269260492360215,5.310334410838681,48.882,48.388000000000005,47.92050465716616,5.514121548791365,5.415204141867036,5.3941888651720244,47.19,47.96123809523809,47.18964947305896,5.430748160126199,5.451559809364079,5.388733547277153,46.102000000000004,47.15643010752689,46.38386666635449,5.365016764604084,5.414696040218403,5.340025366515752,43.62116666666667,45.24801639344262,44.832234349353584,5.119594004017378,5.26437474898781,5.232707590979058,8.139483622895634
2022-01-12,sz000901,47.97,50.47,51.41,47.39,448065,460405312.0,8.57,7.57,3.55,5.61,5.65134102090361,0.5055978165026493,48.212,48.402,48.65484523973956,5.355829178109152,5.372032565502846,5.424003280860324,49.167,48.67672727272727,48.38404926495413,5.517995276276189,5.440153136796535,5.440943802577767,47.5045,48.273619047619036,47.502063808958106,5.452749437373362,5.4725686532476425,5.4137437828606245,46.32333333333333,47.43823655913978,46.64748817175098,5.372772991322668,5.43316857288289,5.360110247444001,43.76866666666667,45.47256830601093,45.017079124784615,5.134670246187012,5.2818090774103075,5.246433277206092,8.663140325728778
2022-01-13,sz000901,49.54,50.01,51.75,49.43,240065,248254006.0,4.6,-0.91,-0.46,3.01,5.380328847208762,-0.27101217369484765,48.446,49.001333333333335,49.10656349315971,5.3456839830172,5.380199121869383,5.409445136309804,49.08,48.83,48.679676671326106,5.477505146054304,5.415122876966095,5.429922901601584,47.784000000000006,48.512238095238104,47.74091487477162,5.4566209905995455,5.4656714541843465,5.410561408036637,46.523333333333326,47.67608602150538,46.86442441873479,5.378417275148847,5.433656047456187,5.361414673235275,43.91049999999999,45.677202185792346,45.180781448562165,5.145044744836753,5.289863457771678,5.250823295894705,8.394896265302997
2022-01-14,sz000901,49.43,51.58,52.8,49.37,402014,424271488.0,6.86,3.14,1.57,5.04,5.60424117750456,0.22391233029579816,49.296,50.046,49.931042328773145,5.3978792605249675,5.466384853365169,5.47437715004139,49.162,49.284545454545444,49.20700818563044,5.470888905707634,5.438165791775231,5.4616171335839425,48.119,48.87376190476191,48.10654202955527,5.477552825687343,5.479730519603872,5.429007100366915,46.803000000000004,48.00232258064516,47.168655101397064,5.39739741666257,5.448225331479136,5.377080899317165,44.091,45.92866120218579,45.3905918928716,5.158769370778377,5.3049190785148825,5.262410767422897,8.627643847179465
2022-01-17,sz000901,51.0,52.57,53.39,50.53,358003,383157408.0,5.54,1.92,0.99,4.49,5.55388666596786,-0.050354511536700564,50.31,51.13733333333333,50.81069488584877,5.46710818319715,5.5183873218461335,5.500880322016879,49.388999999999996,49.90418181818181,49.818461242788544,5.450093129520658,5.453256293640727,5.4783934121992,48.497499999999995,49.297666666666665,48.531633264835726,5.488245884820991,5.487000409154397,5.44090039232891,47.071,48.374387096774186,47.51712896582306,5.405578667011281,5.458321412079478,5.388487722972049,44.29683333333333,46.206661202185785,45.62598232261351,5.17317840883148,5.3178737439309325,5.271967354260436,8.583377226662693
2022-01-18,sz000901,51.99,51.7,52.8,50.53,328220,345929984.0,4.32,-1.65,-0.87,4.11,5.516165041144243,-0.037721624823617184,51.266,51.60066666666667,51.10712992389919,5.541192550545807,5.534739607828498,5.505975228392668,49.483000000000004,50.324363636363636,50.16055919864517,5.4421086760107595,5.465269368481379,5.485260981098298,48.8295,49.602666666666664,48.83338247770851,5.491433761475141,5.489659376423279,5.448068454120847,47.31966666666666,48.67303225806452,47.78699161318932,5.415349540994702,5.465456016862247,5.396724969305739,44.4775,46.44938797814207,45.82513044318355,5.186472244463279,5.329119207285448,5.279973835797611,8.53898820677118
2022-01-19,sz000901,50.82,50.76,51.41,49.77,205022,212511250.0,3.17,-1.82,-0.94,2.57,5.3118004657677504,-0.20436457537649222,51.324,51.432,50.99141994926613,5.473284439518635,5.458275579569146,5.441250307517696,49.768,50.55654545454546,50.26954843525513,5.414556808813893,5.441576966619014,5.453722705583653,49.0215,49.78652380952381,49.01686986078389,5.482249551264098,5.472551443498764,5.43509055046817,47.59133333333333,48.89498924731182,47.97879860588679,5.418671568425098,5.458775431363735,5.391245969077481,44.65316666666667,46.65537158469945,45.986929445046385,5.197215106508847,5.333228329295431,5.281017331862205,8.327381925838544
2022-01-20,sz000901,50.76,47.79,51.0,47.68,311143,313230096.0,6.54,-5.85,-2.97,3.9,5.492960034806043,0.1811595690382921,50.879999999999995,50.254,49.92427996617742,5.495810677038092,5.464834111331615,5.458486883280479,49.663,50.19690909090909,49.818721447026924,5.420747330027646,5.455832098617586,5.460856765442268,49.106,49.66923809523809,48.90002511213781,5.487989745246466,5.473571489550379,5.4406019299289206,47.693999999999996,48.907806451612906,47.96661805066829,5.419319502779543,5.463568235646377,5.3978081668664215,44.79483333333334,46.75821857923497,46.04604651242191,5.2078050796399,5.34292488432157,5.28796627294233,8.495863483586357
2022-01-21,sz000901,47.79,48.49,48.9,46.98,201875,200577577.0,4.02,1.46,0.7,2.53,5.305082539675178,-0.1878774951308646,50.262,49.45733333333333,49.446186644118285,5.435978949472215,5.401258065543977,5.407352102078712,49.778999999999996,49.983636363636364,49.57713572938566,5.416929104998592,5.434802136735319,5.432534178939161,49.2255,49.610571428571426,48.86097510145802,5.485599837820763,5.456151755686446,5.427695321333326,47.827999999999996,48.959161290322584,48.00038462804453,5.4218967238456,5.456198108994481,5.391825868337955,44.974333333333334,46.87937158469945,46.126176134965455,5.214959083788732,5.346114309240758,5.288527462015538,8.30228238068104
2022-01-24,sz000901,48.38,46.98,48.38,46.4,183893,180636455.0,4.08,-3.11,-1.51,2.3,5.264565197866498,-0.040517341808680385,49.144000000000005,48.36333333333334,48.62412442941219,5.378114655851943,5.344120148342071,5.359756467341308,49.727,49.474727272727264,49.10492923313372,5.4226114195245465,5.407099608165848,5.401994364198676,49.2315,49.39671428571428,48.68183461560487,5.478343696503016,5.435100837595565,5.412159119098391,47.929,48.90445161290323,47.934553361719075,5.427094362194605,5.446047687963572,5.383615502501087,45.10733333333334,46.94513114754099,46.15417036004855,5.223978807449522,5.347740739210522,5.287741814010651,8.256805401612306
2022-01-25,sz000901,47.21,44.18,48.32,44.07,195020,186881347.0,9.05,-5.96,-2.8,2.44,5.2900791521022015,0.025513954235703906,47.64,46.708666666666666,47.14274961960813,5.332897478043534,5.314774980425491,5.33653069559494,49.453,48.46618181818182,48.20948755438213,5.437045014294671,5.3830028322708765,5.381646143817498,49.1675,48.91561904761905,48.25308846173774,5.4755832815430185,5.417170880985963,5.400532455574944,47.94433333333334,48.662580645161285,47.69232411257591,5.432847111515689,5.4372079969898675,5.377580899249546,45.18683333333333,46.91472677595628,46.08944346299778,5.232223918902545,5.349907963625363,5.28781844804644,8.271565955743515
2022-01-26,sz000901,44.18,44.36,44.65,43.43,118707,110057180.0,2.76,0.41,0.18,1.49,5.074476329499977,-0.2156028226022242,46.36,45.61533333333333,46.21516641307209,5.285432650789979,5.2286345975776385,5.249179240229953,48.842,47.54018181818181,47.50958072631265,5.3793585451543064,5.317081253217295,5.3257970866688575,49.00449999999999,48.45776190476191,47.88231813204843,5.448676910715248,5.378970218886626,5.369479491186852,47.95033333333333,48.431333333333335,47.47733546015166,5.428285806633677,5.414087301375952,5.358025765717316,45.25483333333333,46.8876174863388,46.03274039863719,5.23209932649173,5.344735911513803,5.280823624487539,8.041618380670947
2022-01-27,sz000901,44.36,41.85,44.36,41.79,132318,119249527.0,5.79,-5.66,-2.51,1.66,5.121618927852908,0.047142598352930776,45.172,44.112,44.76011094204806,5.211164429399352,5.174030023265282,5.206659136104272,48.025999999999996,46.26890909090909,46.48056604880126,5.353487553218722,5.270219504617041,5.288673785065957,48.553,47.776380952380954,47.307811643281916,5.415496349636513,5.347821839566404,5.345873723250286,47.86466666666667,48.03776344086022,47.11428155949672,5.422243178139271,5.394302341454612,5.342773711661548,45.291666666666664,46.77598360655739,45.89560136917367,5.237535492232781,5.341113603361711,5.275603798368371,8.076456665098338
2022-01-28,sz000901,42.49,44.18,45.0,41.5,178148,163306146.0,8.36,5.57,2.33,2.23,5.250780951055042,0.12916202320213355,44.31,43.78133333333333,44.56674062803204,5.200304111675325,5.187235530483846,5.2213664077545285,47.286,45.56963636363637,46.06228131265557,5.3181415305737705,5.251545576950918,5.2817841788821545,48.224,47.35990476190476,47.00992482011221,5.394515218140702,5.332134658749119,5.336817268755501,47.84133333333333,47.800043010752695,46.92497307178726,5.424415727316151,5.383240262287887,5.336838694848225,45.35766666666667,46.73953551912568,45.839352143954855,5.245387965404862,5.341547880700147,5.274789934522032,8.213002529645781
2022-02-07,sz000901,45.17,46.34,47.39,44.77,175873,169280864.0,5.93,4.89,2.16,2.2,5.245199171742574,-0.005581779312467283,44.182,44.458000000000006,45.1578270853547,5.196430906450541,5.202200550506261,5.229310662417211,46.663,45.39763636363636,46.11277561944547,5.287272781151241,5.2382833298907,5.27513235940223,48.025999999999996,47.18047619047619,46.946122456292,5.36868295533595,5.317914082901679,5.328091735706651,47.886,47.70318279569893,46.88723287360744,5.4212548502644085,5.371677903863785,5.330926467551087,45.463499999999996,46.7717431693989,45.855766827759616,5.252024642150851,5.341541690744005,5.273819745578443,8.228607866975334
2022-02-08,sz000901,45.93,47.1,47.1,45.58,142284,137685917.0,3.28,1.64,0.76,1.78,5.153156065914283,-0.09204310582829134,44.766000000000005,45.43066666666667,45.80521805690313,5.1690462892129565,5.187775603660842,5.203925796916235,46.202999999999996,45.477090909090904,46.29227096136447,5.250971883628245,5.21389847257489,5.25295485149533,47.843,47.09228571428572,46.96077746045467,5.346540279819503,5.297387712480568,5.311431195726425,47.95399999999999,47.65247311827957,46.900959784987606,5.411279802192841,5.354381208099261,5.319457409380971,45.583,46.825398907103825,45.896561357997,5.259517085623326,5.338300098080511,5.269863559359946,8.138889521360992
2022-02-09,sz000901,46.75,47.27,47.39,46.4,132671,129538177.0,2.1,0.36,0.17,1.66,5.12277600262051,-0.030380063293772963,45.348,46.26533333333334,46.293478704602094,5.178706223837064,5.172352174796694,5.176875865484327,45.854,45.67109090909091,46.47003987748002,5.2320694373135215,5.190590130573483,5.229285969881726,47.811,47.03771428571429,46.990227226125654,5.323313123063707,5.276076828937808,5.293464034478243,47.96566666666667,47.60834408602151,46.92476883111744,5.39885617994724,5.335768059739755,5.306768286364167,45.68783333333333,46.880710382513655,45.94159213314464,5.262710129857964,5.333816783883698,5.2650410165160295,8.112397780903674
2022-02-10,sz000901,47.33,47.21,47.5,46.75,94446,92440521.0,1.59,-0.13,-0.06,1.18,4.975183569301645,-0.14759243331886474,46.42,46.885999999999996,46.59898580306807,5.149419152126812,5.104511289951554,5.1096451000901,45.79600000000001,45.91763636363636,46.60457808157456,5.180291790763082,5.143883609116779,5.18308553341262,47.7295,46.980476190476196,47.01115796649464,5.300519560395363,5.242921633341419,5.263151609223329,48.00266666666666,47.55959139784946,46.943170842013096,5.385423760418671,5.308434342923911,5.285375723973036,45.78483333333334,46.93061748633881,45.98317927632022,5.263780960298783,5.324389683537589,5.255537493656541,7.965862384522211
2022-02-11,sz000901,47.68,47.74,49.02,46.98,239476,237788112.0,4.32,1.12,0.53,3.0,5.379261995454791,0.4040784261531458,47.132,47.32600000000001,46.97932386871205,5.17511536100676,5.18112557106088,5.199517398544997,45.721000000000004,46.271090909090915,46.81101843037918,5.187709736341043,5.180060009969816,5.218753981056651,47.75,46.98147619047619,47.08057149349516,5.302319420669817,5.25042091287089,5.274209741245373,48.05733333333333,47.542645161290324,46.994579174786445,5.386303137327522,5.308036809700434,5.291432902778311,45.891666666666666,46.99472131147541,46.04077995578513,5.273556297125783,5.328175946985327,5.259594034699106,8.376190138668477
2022-02-14,sz000901,47.79,49.19,50.3,46.57,240165,242825214.0,7.81,3.04,1.45,3.01,5.380509716578931,0.0012477211241401776,47.702,48.01200000000001,47.7162159124747,5.202177469974032,5.249590356251604,5.259848171222975,45.942,46.90181818181818,47.2435605339466,5.199304188212286,5.215114551831251,5.248164114787975,47.8345,47.11861904761905,47.28146944649562,5.310957803868416,5.257867607719377,5.284333548419997,48.135000000000005,47.61572043010753,47.13621922802603,5.385330527072773,5.307663040619881,5.297179793991255,46.009166666666665,47.10286338797815,46.1440330719889,5.279099378256821,5.331682616475595,5.263558483285329,8.385293780148398
2022-02-15,sz000901,48.73,49.37,49.83,48.14,214876,217117157.0,3.44,0.37,0.18,2.69,5.332187910839827,-0.048321805739104384,48.156,48.568,48.267477274983136,5.237983838959141,5.292927169873535,5.283961417761926,46.461,47.52509090909091,47.630185891410854,5.203515064086049,5.239275228672622,5.263441168615584,47.957,47.26485714285714,47.48037711825795,5.32028003919036,5.259889522669035,5.2888911067456945,48.26533333333334,47.69539784946236,47.28033411654048,5.384893875724028,5.304234484733883,5.299438382175034,46.1315,47.21305464480875,46.24980247946467,5.283530597742998,5.333423224101266,5.26580862845105,8.336694143565037
2022-02-16,sz000901,49.25,49.48,49.83,48.73,182564,185541527.0,2.23,0.22,0.11,2.29,5.2614151426246245,-0.0707727682152024,48.598,49.00933333333333,48.67165151665543,5.265711666959964,5.300737604428696,5.276445992716159,46.973,48.074,47.96651572933615,5.222208945398514,5.249802515679636,5.263072800253592,47.9075,47.40990476190477,47.67081739270957,5.30078374527641,5.254283342043727,5.286274348257973,48.32733333333333,47.773763440860215,47.422248044505615,5.373187588943003,5.296268114856503,5.296985269945976,46.269333333333336,47.322841530054646,46.35571059489206,5.287570990208315,5.33269812721214,5.265664579735429,8.268441126503909
2022-02-17,sz000901,48.96,49.83,50.3,48.67,221781,227070449.0,3.29,0.71,0.35,2.78,5.345924337355957,0.08450919473133212,49.122,49.419999999999995,49.05776767777029,5.339859820570826,5.32747516122736,5.299605440929425,47.771,48.59345454545455,48.30533105127503,5.244639486348818,5.2722962233082615,5.278136716090385,47.8985,47.593,47.876453831499134,5.29906351978377,5.258582446051302,5.291955299600638,48.29233333333333,47.870709677419356,47.57758688034397,5.358544061873947,5.294509195399275,5.300142629133717,46.3975,47.43958469945356,46.46962172292838,5.294577928378083,5.334611351708783,5.268296047198397,8.356160618714242
2022-02-18,sz000901,49.08,49.95,50.3,48.96,209948,214871511.0,2.69,0.24,0.12,2.63,5.322111741831301,-0.023812595524655755,49.564,49.696000000000005,49.35517845184687,5.328429769846128,5.321559134980853,5.30710754123005,48.348,48.98963636363636,48.60436176922502,5.251772565426444,5.28638208794144,5.286132175316006,47.81699999999999,47.78838095238096,48.07393441897541,5.284957048000107,5.260777514817733,5.294827341717845,48.26533333333334,47.977655913978495,47.73064579128952,5.346934333902616,5.292158723138459,5.301559991243239,46.525666666666666,47.55606010928962,46.58373248611105,5.299976994731014,5.335514099690856,5.270060496202754,8.332178837847525
2022-02-21,sz000901,49.66,50.59,50.94,49.48,234773,242724991.0,2.92,1.28,0.64,2.94,5.370648149537862,0.04853640770656131,49.844,50.038000000000004,49.766785634564584,5.326457456437915,5.335631928211431,5.328287743999321,48.773,49.397272727272735,48.9653869020932,5.264317463205973,5.307995830507152,5.301498716083617,47.718,48.052476190476185,48.313559712406324,5.275795122178607,5.268938572107044,5.3020483710340365,48.275,48.12763440860215,47.915120256367615,5.333894457959291,5.293688646727829,5.306017291778376,46.654833333333336,47.6893169398907,46.71508551935331,5.305406583876436,5.3378311867337045,5.2733584520498065,8.385114493656374
2022-02-22,sz000901,50.71,49.72,51.06,48.96,213493,218460387.0,4.15,-1.72,-0.87,2.67,5.329383639964267,-0.04126450957359484,49.914,49.99666666666667,49.751190423043056,5.3258966022628025,5.336607322720215,5.328653042654303,49.035000000000004,49.56945454545455,49.1025892835308,5.281940220610972,5.319826044463207,5.306568702243736,47.619,48.24314285714286,48.447506406462864,5.266456052119609,5.274042240467583,5.304651729979772,48.240333333333325,48.220860215053754,48.031564110795514,5.325006926749992,5.2933976262120215,5.30752479811295,46.760666666666665,47.789814207650274,46.813607305604016,5.309702757034837,5.338617319720189,5.275195343456838,8.339372698665823
2022-02-23,sz000901,50.36,49.95,50.59,48.84,218248,222650122.0,3.52,0.46,0.23,2.73,5.3389502725703055,0.009566632606038183,50.008,50.00866666666666,49.817460282028705,5.341403628251938,5.34095854615605,5.332085452626305,49.303000000000004,49.73581818181819,49.256663959252464,5.303557647605951,5.330191508455812,5.31245626048493,47.5785,48.465142857142865,48.59060103441878,5.267813542459736,5.280946451939078,5.307918257845537,48.30833333333333,48.33116129032259,48.15533416816355,5.316727964577789,5.294297196910107,5.309552248077941,46.87233333333334,47.894382513661206,46.91643985296126,5.31500677421355,5.339576254655779,5.277285669001542,8.347622937436755
2022-02-24,sz000901,49.72,48.96,50.82,48.03,297754,303129440.0,5.59,-1.98,-0.99,3.73,5.473857604466349,0.1349073318960432,49.834,49.65933333333333,49.53164018801914,5.366990281674017,5.385109871560853,5.379342836572986,49.477999999999994,49.67345454545455,49.20272505757019,5.3534250511224215,5.361155136975884,5.341801959390643,47.637,48.596714285714285,48.62578188828366,5.266858420942752,5.300569695939707,5.323722005142757,48.31233333333333,48.37320430107527,48.20724809279816,5.31815472397105,5.3044345930319485,5.320152593651387,46.97616666666667,47.962830601092904,46.98344182499532,5.324044820629699,5.344784478598493,5.283730650492192,8.481628117194596
2022-02-25,sz000901,48.84,49.31,49.77,48.73,211659,215024688.0,2.12,0.71,0.35,2.65,5.325636739936113,-0.14822086453023608,49.706,49.48466666666666,49.4577601253461,5.36769528129498,5.371325357648218,5.361440804360695,49.635,49.642909090909086,49.222229592557426,5.348062525570553,5.356102716760192,5.338862828580728,47.678000000000004,48.75604761904762,48.69094551797093,5.267886130955798,5.306167631081932,5.323904360837363,48.37833333333333,48.437569892473114,48.27839337713377,5.317567122303396,5.304917303739372,5.320506409540724,47.087833333333336,48.03934972677596,47.05972242089711,5.332143590784247,5.344836672674114,5.2851046206378935,8.332488326179009
2022-02-28,sz000901,49.37,48.84,49.6,48.38,180142,181846379.0,2.47,-0.95,-0.47,2.26,5.25561498012497,-0.07002175981114256,49.35600000000001,49.196000000000005,49.25184008356407,5.344688647412401,5.333965257258215,5.326165529615454,49.6,49.498363636363635,49.15273330300153,5.335573051925158,5.339294072133723,5.323726856134226,47.771,48.86671428571428,48.705141182926084,5.267438620068722,5.304998950050424,5.317400610293326,48.423,48.467354838709696,48.314626062479974,5.319162886553997,5.300920391340765,5.31631986570745,47.19449999999999,48.09679781420763,47.118092177589006,5.339972308485172,5.3423275378984,5.284137747178454,8.259704657626223
2022-03-01,sz000901,48.9,49.83,50.07,48.61,185813,188851891.0,2.99,2.03,0.99,2.33,5.269076095183786,0.013461115058816198,49.378,49.354,49.44456005570938,5.332627138456305,5.30876107318201,5.307135718138232,49.646,49.54018181818182,49.2758727024558,5.329261870359554,5.327203716362564,5.3137903541432365,48.0535,49.06280952380953,48.81227059407598,5.266388467222801,5.305154900061384,5.312798275520989,48.519999999999996,48.55812903225808,48.412392122965144,5.323273982913424,5.2976889854459115,5.313271880512374,47.31100000000001,48.18320765027322,47.20700718815986,5.344145373758753,5.3400030718885185,5.283643922522891,8.27612133783579
2022-03-02,sz000901,49.77,48.96,50.07,48.49,198896,201032115.0,3.17,-1.75,-0.87,2.49,5.298626049110379,0.029549953926593098,49.18,49.214666666666666,49.28304003713959,5.324562293764319,5.297427376733368,5.3042991617956154,49.594,49.415454545454544,49.21844130200928,5.332982961008129,5.321633567044532,5.311033207773625,48.283500000000004,49.14914285714286,48.826340061306844,5.277595953203321,5.308225145955439,5.31144853967236,48.46966666666667,48.586516129032255,48.44772166341901,5.311516817186983,5.296098796168296,5.312326988163859,47.39650000000001,48.23727322404372,47.264482362318546,5.342144904254825,5.338510635014801,5.284135139788054,8.303265441764653
2022-03-03,sz000901,49.19,48.09,49.31,47.44,203648,202696847.0,3.82,-1.78,-0.87,2.55,5.30888014929445,0.01025410018407058,49.006,48.851333333333336,48.885360024759734,5.29156680272994,5.292199995243411,5.305826157628561,49.42,49.141999999999996,49.01327015618941,5.329278542201978,5.317251237642044,5.3106417425955925,48.5955,49.130714285714284,48.756212436420476,5.286959014275398,5.311204593202212,5.31120393106494,48.40566666666667,48.56202150537635,48.424642846424234,5.309135193923172,5.295928688562326,5.312104611462607,47.4645,48.260010928961755,47.29154851437367,5.343776234536009,5.337419987311182,5.284946451575149,8.306846993186587
2022-03-04,sz000901,47.85,46.45,48.55,46.4,202362,199471297.0,4.47,-3.41,-1.64,2.54,5.306128963011048,-0.002751186283401985,48.434000000000005,47.99933333333333,48.073573349839826,5.287665247344927,5.297054048670448,5.305927092756057,49.07,48.602000000000004,48.54722103688224,5.3276802643199535,5.313042223243694,5.309821237216584,48.709,48.92638095238096,48.536573156761385,5.289726414873199,5.313030302605607,5.310720600774093,48.23466666666666,48.435849462365596,48.29724653375171,5.299198120106722,5.295734738180897,5.311719085756055,47.51883333333333,48.22674863387978,47.263956759804046,5.348297768384646,5.336185650539872,5.285640960146818,8.299880411544878
2022-03-07,sz000901,47.56,45.41,48.14,45.11,184112,178504622.0,6.52,-2.24,-1.04,2.31,5.265082095749757,-0.04104686726129092,47.748,46.99133333333334,47.185715566559885,5.2895586704698845,5.289526331472058,5.2923120937539565,48.55200000000001,47.93654545454546,47.97681721199456,5.317123658941142,5.301660738049113,5.301686847858979,48.6625,48.61219047619048,48.238804284688875,5.290720561073558,5.310683224593853,5.306374076486061,47.996,48.2536129032258,48.11097256383225,5.2895713010994525,5.293533704351416,5.308710247691133,47.533500000000004,48.15760655737706,47.20317129226948,5.347574984055367,5.333457267830532,5.284966899019046,8.251649465731727
2022-03-08,sz000901,45.29,43.08,45.7,42.55,210493,194659934.0,6.94,-5.13,-2.33,2.64,5.323237657834767,0.058155562085009826,46.398,45.43533333333333,45.817143711039925,5.300390983000081,5.300752660593686,5.302620615114227,47.888,46.94163636363636,47.08648680981373,5.316509060728192,5.302772374211591,5.305605176945486,48.4615,48.0805238095238,47.74748959090898,5.299224640669582,5.313780090952061,5.307980131852604,47.708666666666666,47.93645161290323,47.7863936887463,5.28314038832247,5.295705727366598,5.309647499958465,47.51416666666667,48.01159016393443,47.06798534826064,5.349244964658586,5.332659322708545,5.28622167799661,8.289276571790614
2022-03-09,sz000901,43.19,41.79,43.77,39.35,223987,199084158.0,10.26,-2.99,-1.29,2.81,5.350222813012284,0.026985155177516873,44.964,43.89933333333333,44.47476247402662,5.310710335780461,5.317363270597753,5.31848801441358,47.072,45.83290909090909,46.12348920802941,5.317636314772391,5.308902147354153,5.313717474412176,48.1875,47.445142857142855,47.180109629870024,5.31059698118917,5.318637059746606,5.312003244344002,47.409666666666666,47.55460215053764,47.39952957979493,5.28442113323062,5.300033625733684,5.312265262090969,47.500499999999995,47.823912568306,46.89493664831767,5.351546350827859,5.332691383310305,5.288320075865976,8.299036702684795
2022-03-10,sz000901,42.55,42.26,43.37,42.14,147431,133056080.0,2.94,1.12,0.47,1.85,5.16858881129378,-0.1816340017185034,43.797999999999995,42.998,43.73650831601775,5.282652068180328,5.269989429102194,5.268521613373647,46.402,44.958,45.42103662475134,5.287109435455133,5.281802601267132,5.287330444754286,47.94,46.88061904761906,46.71152776035859,5.320267243288778,5.30511247213752,5.298344726910647,47.22533333333333,47.22236559139785,47.06794702625977,5.273608759113546,5.292560572705501,5.3029958136524415,47.459666666666664,47.652092896174864,46.74297151230725,5.346464130946544,5.3266927754567295,5.284394460634101,8.124034724435097
2022-03-11,sz000901,41.33,43.02,43.02,40.63,155727,137974122.0,5.66,1.8,0.76,1.95,5.1923639172208365,0.023775105927056117,43.112,42.73866666666667,43.4976722106785,5.259899059022285,5.239893378782364,5.243135714656043,45.773,44.343090909090904,44.98448451116018,5.273782153183606,5.264576143406352,5.270063803384567,47.70399999999999,46.41204761904761,46.35995368794349,5.31092233937708,5.292931202988193,5.288251316463999,47.043,46.951053763440854,46.806789153597855,5.269851471698401,5.287318970002745,5.295858271947177,47.435500000000005,47.506530054644806,46.620906872559466,5.345874097772,5.321640309432934,5.281377065768092,8.139797639107888
2022-03-14,sz000901,42.09,42.84,44.18,42.09,187822,171746703.0,4.86,-0.42,-0.18,2.35,5.27374646076828,0.08138254354744312,42.598,42.648,43.27844814045234,5.261631932025989,5.2445091793643615,5.253339296693456,45.173,43.80981818181818,44.594578236403784,5.275595301247937,5.264569653876292,5.270733377454333,47.3865,45.94880952380952,46.02472000337744,5.305584176586548,5.289390643120688,5.286869901635836,46.905,46.679892473118294,46.55086727272058,5.270157513795127,5.287570259620155,5.2944317034840225,47.417,47.35585792349727,46.49694271280342,5.348625937994866,5.3192754688754365,5.281126881997606,8.234888408714701
2022-03-15,sz000901,42.55,40.16,43.08,40.05,173797,153954745.0,7.07,-6.26,-2.68,2.18,5.2400422755954414,-0.03370418517283813,42.013999999999996,41.83533333333333,42.23896542696823,5.244992855578124,5.237312627220845,5.248906956327452,44.206,42.898363636363634,43.78829128433037,5.272691919289103,5.25810546739402,5.2651531771163524,46.926,45.26057142857143,45.46617524115102,5.300976894824328,5.2831485573120105,5.282410127727227,46.770999999999994,46.244731182795704,46.13855325512571,5.268489617911569,5.285627341026628,5.290922708136373,47.35766666666667,47.11792349726777,46.28917409926888,5.350668364713629,5.315715348796767,5.279779845722125,8.187393078725153
2022-03-16,sz000901,41.68,42.32,42.61,39.58,159248,139296304.0,7.54,5.38,2.16,2.0,5.202073986725328,-0.03796828887011383,42.12,41.937333333333335,42.265976951312155,5.215363090320734,5.2230063376032465,5.233295966460077,43.542,42.55545454545454,43.52132923263394,5.263036713050598,5.245265843291515,5.253684233408893,46.568,44.82190476190476,45.16653950389855,5.298009837029364,5.273729232731155,5.274759066679427,46.703,45.95756989247312,45.892194980601474,5.2727428731524135,5.2813424615952576,5.285190532561467,47.32666666666667,46.95275409836065,46.15903724355514,5.350514339893045,5.310843401977477,5.277232112640262,8.143939593281825
2022-03-17,sz000901,42.67,42.38,43.31,42.14,159188,143707520.0,2.76,0.14,0.06,1.99,5.201910326402861,-0.00016366032246661888,42.144000000000005,42.024,42.303984634208106,5.2220273933425485,5.218522082963956,5.222834086441005,42.971,42.34418181818182,43.313814826700494,5.252339730761438,5.234151954810108,5.244270795771432,46.195499999999996,44.42304761904762,44.901154789241545,5.290809136481708,5.264576898385773,5.267821091414992,46.72066666666667,45.678666666666665,45.66560175604654,5.2754192531040776,5.27677261986948,5.279817616035106,47.29266666666667,46.79056830601093,46.0351343831107,5.348831215621675,5.3059711392400954,5.27476254587838,8.157479494710794
2022-03-18,sz000901,41.97,42.73,43.13,41.79,103692,93311435.0,3.16,0.83,0.35,1.3,5.01574525118289,-0.1861650752199706,42.086,42.21933333333333,42.445989756138744,5.18670366013496,5.149761368910736,5.1538044746883,42.599000000000004,42.30036363636364,43.207666676391305,5.223301359578622,5.191134776704919,5.202720696755333,45.834500000000006,44.093,44.69437814264711,5.275490811949288,5.238380337881123,5.243813868535744,46.672333333333334,45.42120430107527,45.47620809436612,5.267584729775007,5.2600194584552105,5.262780689270447,47.25683333333333,46.64097267759562,45.92676932136936,5.346000228545579,5.29505028794702,5.266270175560495,7.969934868324155
2022-03-21,sz000901,42.67,43.83,44.3,42.38,203379,186413073.0,4.49,2.57,1.1,2.55,5.308306107608563,0.29256085642567253,42.284,42.800666666666665,42.907326504092495,5.1936155895030165,5.190295518068604,5.205305018995055,42.440999999999995,42.524181818181816,43.3208181897747,5.227623760764503,5.206590185437634,5.221918044183192,45.496500000000005,43.90209523809524,44.61205641477596,5.272373709852824,5.241505604134388,5.249955986542679,46.58866666666666,45.23782795698925,45.37000112053605,5.269688294303872,5.262646644121891,5.265717813034197,47.23733333333333,46.5286174863388,45.85802278624249,5.345471572284141,5.293814415129412,5.267648402840758,8.270476365811293
2022-03-22,sz000901,44.24,43.72,44.65,43.13,94648,86961683.0,3.47,-0.25,-0.11,1.19,4.976111441351683,-0.3321946662568802,42.995999999999995,43.279333333333334,43.178217669394996,5.1408294226542655,5.117794135351492,5.1289071597805975,42.505,42.75672727272727,43.39339670072475,5.192911139116194,5.1608606728171225,5.1772259345774625,45.1965,43.73290476190476,44.527098660987775,5.254710099922193,5.213290149991423,5.223875553667346,46.476,45.052752688172035,45.26354943534018,5.2637868068184535,5.243706201995944,5.247033530990164,47.215,46.41329508196721,45.78792367849684,5.337533304505649,5.281704246902119,5.258089813939477,7.939327936213244
2022-03-23,sz000901,43.66,43.95,44.88,43.48,112828,104500298.0,3.2,0.53,0.23,1.41,5.052416889864457,0.0763054485127741,43.322,43.59733333333334,43.43547844626333,5.110898003282091,5.088323291088224,5.1034104031418845,42.721,43.01945454545455,43.49459730059298,5.163130546801412,5.135316263862261,5.154533380993279,44.8965,43.61419047619047,44.47213688375084,5.240383430786901,5.194024129985923,5.20754615711469,46.36533333333333,44.88978494623657,45.17880431047953,5.261441503059918,5.2300694331602,5.234477618659473,47.165499999999994,46.30624590163934,45.727663885759235,5.330148841503578,5.272356167733556,5.25134643937964,8.019117528911869
2022-03-24,sz000901,43.54,43.25,44.07,43.13,81558,74662681.0,2.14,-1.59,-0.7,1.02,4.911466567282492,-0.14095032258196483,43.496,43.57333333333333,43.37365229750889,5.052809251458017,5.021846145755023,5.039429124522087,42.82,43.115636363636355,43.45012506412153,5.137418322400284,5.089559176677002,5.110339414864045,44.611000000000004,43.45738095238095,44.35574289482219,5.2122638789277085,5.162698714414075,5.179348100940195,46.233333333333334,44.688795698924736,45.05436532270666,5.2593176029926125,5.207490405045529,5.21363819598999,47.118,46.177868852459014,45.646429004258934,5.3223706817056415,5.258628880054175,5.240202837015799,7.8731035805889595
2022-03-25,sz000901,43.25,43.37,44.18,43.13,79130,72672530.0,2.43,0.28,0.12,0.99,4.898341165727509,-0.013125401554982652,43.624,43.531333333333336,43.37243486500593,5.02932843436694,4.970356783844854,4.992399804923895,42.855000000000004,43.21563636363636,43.43555687064488,5.108016047250951,5.0460906027364985,5.071794278657402,44.314,43.339190476190474,44.26186261912484,5.190899100217278,5.132801313156913,5.152585535681844,46.087666666666664,44.504064516129034,44.94569659220946,5.24328690866837,5.184201602641329,5.193296452102088,47.0725,46.05498360655737,45.57179198772585,5.314795022997946,5.244726272972925,5.228994257629298,7.861370279856298
2022-03-28,sz000901,43.31,43.43,43.72,42.26,76712,69771737.0,3.37,0.14,0.06,0.96,4.884863305619691,-0.013477860107818707,43.544,43.46666666666667,43.39162324333729,4.944639873969166,4.922201740929105,4.956554305155827,42.914,43.32018181818182,43.434546530527626,5.069127731736091,5.00551737698536,5.037806829014181,44.0435,43.255,44.18263760777962,5.172361516492014,5.103655047004762,5.12708818043783,45.89566666666666,44.33260215053763,44.84790971529272,5.226765361636395,5.161077499218834,5.173397539425805,47.01533333333334,45.935557377049186,45.501569299603695,5.306047944354584,5.230630151091671,5.217711275596196,7.843679535077822
2022-03-29,sz000901,43.6,43.25,44.18,42.96,83856,76898341.0,2.81,-0.41,-0.18,1.05,4.923534142358518,0.03867083673882732,43.45,43.36866666666666,43.344415495558195,4.934124414170533,4.915166497058888,4.945547584223391,43.223,43.38127272727273,43.40099261588624,5.037476918412399,4.9790458152803465,5.017029976894968,43.7145,43.17942857142857,44.09381497846728,5.155084418850751,5.079957201849191,5.107702081573133,45.69166666666667,44.161913978494624,44.744818765919,5.213143569353685,5.141514194749293,5.157277320260174,46.978500000000004,45.81210382513662,45.42774735535439,5.2990187225388565,5.218088714960652,5.2080661236867645,7.885916970460503
2022-03-30,sz000901,43.19,43.54,43.6,42.84,77741,70960998.0,1.76,0.67,0.29,0.97,4.890650122758956,-0.03288401959956211,43.367999999999995,43.39866666666667,43.40961033037213,4.901771060749434,4.900675066588362,4.927248430401913,43.345,43.438909090909085,43.426266685725096,5.006334532015762,4.952350034252447,4.994051821597512,43.4435,43.162809523809514,44.04107069480373,5.13468562253318,5.054772983173782,5.087030466447974,45.49366666666666,44.023096774193554,44.66708852295649,5.2007847353581615,5.12070816593673,5.140075565582676,46.9105,45.69936612021858,45.36585399944113,5.286986162150583,5.204699580541639,5.197659041689131,7.851019714811904
2022-03-31,sz000901,43.48,43.83,44.18,43.19,101491,93474779.0,2.27,0.67,0.29,1.27,5.006427531671524,0.11577740891256827,43.483999999999995,43.55266666666667,43.54974022024809,4.920763253627239,4.935560556895726,4.95364146415845,43.489999999999995,43.52709090909091,43.49967274286598,4.986786252542628,4.952366943280768,4.996301950701877,43.2305,43.199619047619045,44.02096872387004,5.1195629916520335,5.042557926901243,5.079353996469264,45.293666666666674,43.91576344086022,44.61308281179801,5.189468175168682,5.108168991505333,5.131453111781957,46.793,45.59836612021858,45.31549813060699,5.274006118521315,5.195500936919374,5.191389156114783,7.970694447036271
2022-04-01,sz000901,43.48,42.78,43.6,42.61,94391,85705695.0,2.26,-2.4,-1.05,1.18,4.97493058712993,-0.03149694454159402,43.366,43.318,43.293160146832065,4.936081137907723,4.953616334729956,4.9607378384822765,43.495,43.397999999999996,43.368823153253985,4.982704786137332,4.950211367751186,4.9924162482342505,43.047000000000004,43.15671428571429,43.90278122635861,5.103003072857978,5.028783412184851,5.069408909865517,45.05466666666667,43.75359139784947,44.494819404585236,5.177895470011969,5.094327856793155,5.121354884385052,46.660000000000004,45.46679234972679,45.232367044357574,5.262414901957292,5.185695181791788,5.184292153852985,7.933009681023537
2022-04-06,sz000901,42.73,43.13,43.43,42.32,92140,83630598.0,2.59,0.82,0.35,1.15,4.964448207916661,-0.010482379213269333,43.306,43.239333333333335,43.23877343122138,4.951998118367118,4.963072024732935,4.9619746282937385,43.425,43.33163636363637,43.32540076175326,4.948318996168142,4.946891989892882,4.987331149994688,42.93300000000001,43.16461904761905,43.82918301432446,5.087971378466323,5.015587710761871,5.059412652537055,44.806,43.62941935483871,44.40676653977329,5.164355471957929,5.0805570656902335,5.111231872999994,46.540499999999994,45.35105464480875,45.163436977329454,5.24912496495861,5.175925781987177,5.177084155625564,7.922365202215516
2022-04-07,sz000901,43.13,42.67,44.42,42.32,168725,154050380.0,4.87,-1.07,-0.46,2.11,5.227179436813427,0.26273122889676603,43.190000000000005,43.02733333333333,43.049182287480924,5.0127271772581,5.054799130881705,5.050376231133635,43.32,43.19436363636364,43.206236986889024,4.973425795714317,4.997593888192025,5.030939929416277,42.9125,43.13957142857143,43.718784632007846,5.0831684674152555,5.028845621080642,5.075390441515757,44.571000000000005,43.4916129032258,44.294717085594364,5.160948665186235,5.084610224713169,5.118712360987957,46.40566666666667,45.22415300546448,45.081684945285865,5.242977795968113,5.175206256474222,5.178726623861231,8.187662773939552
2022-04-08,sz000901,42.55,41.62,42.67,40.8,126524,111799087.0,4.38,-2.46,-1.05,1.59,5.102172913487657,-0.12500652332577022,42.806000000000004,42.504,42.572788191653956,5.05503173540384,5.084614376291557,5.067641791918309,43.087,42.88527272727273,42.91783026200011,4.978401398076636,5.021002455059905,5.043891381065619,42.904,43.0164761904762,43.51890038134043,5.070765972439024,5.030655568325632,5.077941153132128,44.29333333333333,43.30122580645161,44.12215469297538,5.153056086550147,5.080818240732616,5.117645299858905,46.30083333333333,45.06724590163933,44.96818707822731,5.234892025563967,5.170589702950272,5.1762166661440645,8.04843825692714
2022-04-11,sz000901,41.62,39.7,41.79,39.35,116697,100880942.0,5.86,-4.61,-1.92,1.46,5.067059691519298,-0.03511322196835831,41.980000000000004,41.468666666666664,41.615192127769305,5.067158167373394,5.08862369499671,5.067447758451973,42.732,42.26945454545454,42.33277021436373,4.993960710500318,5.0371221447767525,5.048103801148106,42.775999999999996,42.711333333333336,43.15519558311753,5.0656895164503,5.03030258919042,5.076904823454717,43.98466666666666,43.004881720430106,43.836854390202774,5.139496156118578,5.075270086214496,5.114381712224092,46.148500000000006,44.85082513661202,44.79545963303953,5.2288254400448135,5.165087003473396,5.172637748943252,8.003809128912883
2022-04-12,sz000901,39.7,41.04,41.1,38.94,89601,76552144.0,5.44,3.38,1.34,1.12,4.952312856671705,-0.11474683484759307,41.632,41.15533333333333,41.42346141851287,5.06263462128175,5.050341924762813,5.029069457858551,42.499,41.961818181818174,42.09772108447941,4.999357879594736,5.029549807717005,5.03068726578876,42.67700000000001,42.546,42.95374838472539,5.053686963422843,5.019504812068648,5.065038921856335,43.708999999999996,42.814903225806454,43.65641217148002,5.127052026676432,5.063193744314697,5.1039256570271645,46.04366666666667,44.68333333333333,44.67232980900544,5.222309574489913,5.156021017133296,5.165413981983529,7.883957358513444
2022-04-13,sz000901,40.8,40.51,41.97,39.99,95528,82962283.0,4.82,-1.29,-0.53,1.2,4.980130685334404,0.027817828662699107,41.108000000000004,40.78133333333333,41.11897427900858,5.065771116765299,5.0228406127803655,5.012756533683836,42.207,41.600181818181824,41.80904452366497,5.008884617566208,5.026053954215127,5.021495160251605,42.560500000000005,42.33961904761905,42.72101044332297,5.03900617465115,5.012499452250703,5.05695242313996,43.43133333333333,42.60851612903225,43.453417837836156,5.117869216850079,5.053714948099083,5.09593888465989,45.92716666666666,44.50190163934426,44.53585997920199,5.2185160517020375,5.148080725685574,5.159339119798312,7.91888069469077
2022-04-14,sz000901,40.45,43.66,45.58,40.4,377089,345981664.0,12.79,7.78,3.15,4.72,5.576443863858874,0.5963131785244693,41.306,41.632,41.96598285267239,5.135624002174388,5.193064861811556,5.200652310408849,42.248,41.864363636363635,42.14558188299861,5.074175589716243,5.129246544450156,5.122394924543835,42.735499999999995,42.44433333333333,42.81043802014935,5.055826254064321,5.06368399408001,5.106427798446523,43.22566666666667,42.6232688172043,43.466745719266086,5.128114809139248,5.083300409196425,5.126939205898534,45.87283333333334,44.427568306010926,44.50714325857241,5.225694396026336,5.159816063789076,5.173014685177346,8.539053083085753
2022-04-15,sz000901,43.31,44.47,44.77,42.9,316122,290960560.0,4.28,1.86,0.81,3.96,5.4998547209143345,-0.07658914294453911,41.876,42.68666666666666,42.80065523511493,5.215160363659723,5.314475101391539,5.300386447244011,42.341,42.26836363636363,42.568203358817044,5.135096049531781,5.206642750122537,5.191023978429381,42.843,42.60952380952382,42.968491542039885,5.070715290773771,5.1059724194942975,5.143897029157744,43.076,42.70354838709677,43.53147180189408,5.134822431532713,5.107283629310946,5.150998271383425,45.77283333333333,44.381573770491805,44.505925446815944,5.223169624359849,5.168804926900158,5.183730751922821,8.46383412391645
2022-04-18,sz000901,43.72,43.08,44.36,42.96,199444,182165794.0,3.15,-3.13,-1.39,2.5,5.299820975686789,-0.2000337452275458,42.552,43.087999999999994,42.89377015674329,5.261712620493221,5.342695305400562,5.300197956724937,42.266000000000005,42.40272727272727,42.661257293577584,5.164435393933308,5.236592736696175,5.210805250658,42.878,42.63209523809524,42.97911139517894,5.075610823237968,5.127792008533631,5.158746928827177,42.909,42.70380645161291,43.50234458886866,5.134520459079125,5.117928696675725,5.160599736177191,45.657333333333334,44.29328415300546,44.45917379282198,5.221827826501149,5.171318085960058,5.18753698876754,8.260466831079917
2022-04-19,sz000901,42.84,43.37,43.48,42.73,128903,117156860.0,1.74,0.67,0.29,1.61,5.110263024942887,-0.18955795074390203,43.018,43.36066666666667,43.05251343782886,5.293302654147458,5.292212106883783,5.236886312797587,42.325,42.60345454545455,42.7901196038362,5.177968637714604,5.2267432150615525,5.192524845982525,42.91,42.67895238095238,43.01633888135237,5.080336711925968,5.131092218219814,5.15412941417153,42.806333333333335,42.73354838709677,43.49380622829649,5.127991594476852,5.1163637009250005,5.157352206420139,45.52049999999999,44.21828961748634,44.42346317666388,5.213594857291787,5.167660223613886,5.185003416183125,8.068767723346301
2022-04-20,sz000901,43.13,43.08,44.24,42.96,172284,157878650.0,2.95,-0.67,-0.29,2.16,5.236244946430248,0.12598192148736143,43.532,43.38133333333334,43.06167562521924,5.344525506366627,5.273192870978047,5.236672524008474,42.32,42.74072727272727,42.84282513041144,5.205148311565962,5.237338907555305,5.200473955154838,42.872499999999995,42.695142857142855,43.022401845033095,5.076733653867052,5.145940621505937,5.161949941053313,42.72866666666666,42.75120430107527,43.467109052277365,5.127030356166203,5.1233477881478,5.16244206061434,45.36233333333334,44.138273224043715,44.3794152036585,5.208300828632828,5.168402849487277,5.186683466355162,8.198323404143181
2022-04-21,sz000901,42.55,40.11,43.19,39.81,162486,142717994.0,7.85,-6.89,-2.97,2.04,5.210815947563049,-0.025428998867199404,42.822,42.24066666666667,42.07778375014616,5.271399923107461,5.22862301804352,5.2280536651933325,42.064,42.33890909090909,42.345947833973,5.203511962640924,5.238369386827503,5.202354317410876,42.692,42.432047619047616,42.74503024074423,5.08846887917762,5.158710363762698,5.166603846435192,42.629666666666665,42.58225806451613,43.25052137148528,5.123282965823811,5.128753310173403,5.165562956546514,45.16916666666666,43.9660655737705,44.239434377309045,5.203211677073141,5.168485312403023,5.187474695247224,8.154478732765979
2022-04-22,sz000901,39.64,38.01,39.93,37.6,153562,127112203.0,5.81,-5.24,-2.1,1.92,5.186283759757607,-0.024532187805442085,41.529999999999994,40.63666666666666,40.72185583343078,5.208685730876115,5.200250963593569,5.2141303633814235,41.702999999999996,41.60181818181818,41.55759368234155,5.21192304726792,5.235236986303264,5.199432397837554,42.394999999999996,41.98614285714286,42.29407497972097,5.095162222672277,5.168026066675077,5.16847812389447,42.50366666666667,42.28421505376344,42.91242321848623,5.117818330715322,5.132817877523971,5.166899782560133,44.95666666666667,43.73133879781421,44.035190627233334,5.201119731972971,5.167930298720547,5.1874356481819905,8.104187245606441
2022-04-25,sz000901,37.31,33.76,37.37,33.29,164849,127484453.0,10.73,-11.18,-4.25,2.07,5.217086316988428,0.030802557230821037,39.666,38.04666666666666,38.401237222287186,5.192138799136443,5.20305115896434,5.215115681250426,41.108999999999995,40.157636363636364,40.139849376461264,5.226925709814832,5.236175762616083,5.202642201319531,41.9205,41.163761904761905,41.48130593403325,5.110443210157575,5.179637885181376,5.173107475617704,42.220333333333336,41.720107526881726,42.32194430116454,5.119434914238478,5.13922226373514,5.170137623490991,44.722833333333334,43.3642349726776,43.698299131258466,5.196521836676011,5.168453793311216,5.188407801257611,8.105457224864073
2022-04-26,sz000901,33.81,31.19,34.22,30.96,132645,97332747.0,9.66,-7.61,-2.57,1.66,5.122690884070814,-0.09439543291761332,37.23,35.221333333333334,35.99749148152479,5.194624370962029,5.1799018539424635,5.1843074155238895,40.123999999999995,38.35418181818181,38.512604035286486,5.2439635125547435,5.217223976117171,5.1881055981834,41.3115,40.14180952380952,40.50118155936342,5.1216606960747395,5.180804330315971,5.1683058954703816,41.826,41.008473118279575,41.6037543462507,5.117112479800143,5.139432326304966,5.167076543528399,44.43449999999999,42.920535519125686,43.28819096302048,5.193481975749273,5.166033106340554,5.186253148235092,7.988258980542815
2022-04-27,sz000901,30.9,33.58,34.11,30.38,145179,104616568.0,11.96,7.66,2.39,1.82,5.161903800636106,0.03921291656529213,35.33,34.004666666666665,35.19166098768319,5.179756141803201,5.1689949971671565,5.176839543894629,39.431,37.16436363636364,37.615766937961666,5.262140824084914,5.2023040284956,5.183341634992982,40.819,39.405476190476186,39.84202141085261,5.135512720825561,5.184637006940863,5.167696172152832,41.51733333333333,40.47647311827957,41.086092775524854,5.113384391129071,5.142322088939546,5.16674281818051,44.211166666666664,42.56465027322405,42.96988961997063,5.1917709524620985,5.164997756336844,5.185454808969552,8.019600468672587
2022-04-28,sz000901,33.06,33.17,34.34,32.71,101924,75925204.0,4.85,-1.22,-0.41,1.28,5.008276459181223,-0.15362734145488322,33.94199999999999,33.284666666666666,34.5177739917888,5.1392482441268355,5.11183510295983,5.1206518489901605,38.382,36.026,36.80744567651409,5.205324083617148,5.156146871240384,5.151511603027207,40.315000000000005,38.677,39.20659080029522,5.139749836666696,5.172519267736641,5.152513342346012,41.28433333333333,39.937935483870966,40.575377112587766,5.105658863915264,5.1355409320396825,5.15651918211604,44.02766666666666,42.20264480874317,42.64858176357815,5.187074240913415,5.158981543442389,5.179645682746983,7.880385967478091
2022-04-29,sz000901,33.81,35.33,36.03,33.58,159893,123522164.0,7.39,6.51,2.16,2.0,5.20382945106382,0.19555299188259667,33.406,33.74733333333333,34.788515994525866,5.142757382388078,5.133362171938825,5.1483777163480475,37.467999999999996,35.471090909090904,36.53881918987516,5.175721556632096,5.155875119867053,5.161023939033864,39.9045,38.2022380952381,38.83739167645758,5.155408803081939,5.1786220881554135,5.157400590795327,41.05133333333333,39.553784946236554,40.2369656859692,5.105717379393213,5.141874518307333,5.159571457532026,43.87716666666666,41.917475409836065,42.40862826313296,5.189230126272813,5.159530894594861,5.1804385931836014,8.09174489151681
2022-05-05,sz000901,34.98,35.5,36.44,34.11,147708,115154199.0,6.59,0.48,0.17,1.85,5.1694040177342,-0.03442543332961989,33.754000000000005,34.44533333333334,35.025677329683916,5.133220922537232,5.142244383720866,5.155386483476765,36.71,35.11327272727273,36.34994297353422,5.162679860836838,5.154726476431071,5.1625475897066515,39.488,37.78276190476191,38.519544850128284,5.163557627385073,5.179954965741345,5.158543774313316,40.822,39.19563440860215,39.93135499655184,5.104633835770925,5.1459833336841685,5.160205816254747,43.77133333333333,41.642814207650275,42.182115861063025,5.190026544437502,5.158880858249334,5.180076803824605,8.06127977876817
2022-05-06,sz000901,34.16,34.75,35.33,33.93,79232,60682026.0,3.94,-2.11,-0.75,0.99,4.898900618667986,-0.27050339906621357,34.466,34.77733333333333,34.933784886455946,5.088462869456667,5.06413761576445,5.069891195207172,35.848,34.75690909090909,36.05904425107345,5.141543620209348,5.106766614218552,5.11461177679053,39.0865,37.33152380952381,38.160540578687495,5.159756128961975,5.154749536339716,5.133815854728047,40.556000000000004,38.80389247311828,39.59707402903237,5.100739014687095,5.132710222903337,5.14334741641044,43.61416666666666,41.34703278688525,41.93843993119211,5.1841618722310505,5.1493357459290205,5.170857912507994,7.783060072212448
2022-05-09,sz000901,34.4,36.2,37.25,34.4,97639,77190120.0,8.2,4.17,1.45,1.22,4.989623322806746,0.09072270413875927,34.989999999999995,35.35533333333333,35.35585659097063,5.054006773890795,5.031191100214476,5.043135237740364,35.160000000000004,34.82090909090909,36.084672569060096,5.116881457846998,5.079144741963534,5.091886603338932,38.739999999999995,37.056619047619044,37.973822428336305,5.16101488470648,5.138546411943981,5.120083232640304,40.30166666666666,38.52286021505376,39.377907962643185,5.090116255193702,5.125541468588475,5.133429732952138,43.445166666666665,41.10394535519126,41.75029435967761,5.179902274748787,5.142957432833143,5.164915794812871,7.887561716086083
2022-05-10,sz000901,36.44,36.96,37.13,35.62,105543,84161468.0,4.17,2.1,0.76,1.32,5.023429434591234,0.03380611178448856,35.748,36.01200000000001,35.89057106064709,5.057037368972797,5.020998653781288,5.0365666366906545,34.845,35.14818181818182,36.243823011049166,5.098142806549816,5.062153465007941,5.0794398453848055,38.4545,36.887095238095235,37.8772679113519,5.15082738459537,5.125443035742528,5.110878109016583,40.07633333333333,38.3072688172043,39.221913900537174,5.091693521635019,5.121239093065735,5.126332939509499,43.27616666666667,40.89131693989072,41.59323552821277,5.177740164226736,5.137827175778796,5.160276897756424,7.925113302127382
2022-05-11,sz000901,36.79,35.91,37.6,35.85,133276,106923777.0,4.73,-2.84,-1.05,1.67,5.124751949819043,0.10132251522780855,35.864,36.066,35.89704737376473,5.041221868723842,5.043570180730038,5.0659617410667845,34.635000000000005,35.34181818181818,36.183127918131134,5.09198962555596,5.06699149105689,5.087678409827394,38.169,36.6447619047619,37.68990906265172,5.15195633641194,5.122959661001926,5.112199427188246,39.80833333333333,38.03847311827957,39.008242035986385,5.094104690300172,5.123371894884058,5.126230940174631,43.08683333333333,40.64980327868852,41.40689993712383,5.177773096680045,5.136089857273626,5.159112145365034,8.02907429147326
2022-05-12,sz000901,36.03,36.26,36.84,35.62,63856,50592250.0,3.4,0.97,0.35,0.8,4.805201710439948,-0.31955023937909477,36.016,36.19799999999999,36.01803158250982,4.968381407264991,4.964896794635407,4.97904173085784,34.885000000000005,35.63727272727272,36.19710466028911,5.050801164901111,5.01484823376307,5.036319009938767,37.997,36.46295238095237,37.553727247161085,5.138863437357972,5.089935410909355,5.082961549402694,39.57533333333333,37.80954838709677,38.830936098180814,5.09056252840542,5.104732992957593,5.105519376965942,42.904333333333334,40.42597267759563,41.23814911951322,5.174940065699017,5.123874401987065,5.147508524547818,7.704083994309836
2022-05-13,sz000901,36.2,36.67,36.67,35.91,75149,59603764.0,2.1,1.13,0.41,0.94,4.875923205849455,0.07072149540950701,36.4,36.416000000000004,36.235354388339886,4.963785924701286,4.934077394163561,4.944668889188378,35.43300000000001,35.96181818181818,36.28308563114563,5.026124397078976,4.983052241208224,5.007156136467983,37.778499999999994,36.33657142857143,37.46956274743146,5.13504395481686,5.064893484099021,5.0632436119214335,39.352000000000004,37.62210752688172,38.69152086604012,5.089815263076152,5.090885294728174,5.090706720764878,42.71983333333333,40.22156830601092,41.08837373854557,5.1665510858722605,5.114070570516586,5.138604087869183,7.775273686465292
2022-05-16,sz000901,37.02,36.26,37.37,36.03,66212,52796942.0,3.65,-1.12,-0.41,0.83,4.820936706380719,-0.05498649946873613,36.412,36.36933333333333,36.24356959222659,4.93004860141608,4.886460988056706,4.903424828252492,35.701,36.11218181818182,36.2788882436646,4.9920276876534375,4.945745388353994,4.973298058270299,37.565999999999995,36.19195238095238,37.35436629529513,5.127084255869176,5.034978508057484,5.040166763774699,39.11300000000001,37.42262365591399,38.53464855210205,5.0876843764348525,5.073538291070406,5.073302203707836,42.504333333333335,40.00977049180328,40.93006640285555,5.157224869035624,5.102738951516866,5.128188763885954,7.722608768916655
2022-05-17,sz000901,36.03,36.03,36.44,35.45,64689,50842887.0,2.73,-0.63,-0.23,0.81,4.810830437616935,-0.010106268763784065,36.226,36.242,36.172379728151064,4.88752880202122,4.846721600123657,4.872560031373973,35.987,36.172000000000004,36.233635835725586,4.972283085497009,4.9128004338019045,4.9437584908787775,37.1845,36.04566666666667,37.22823617193369,5.088803584557079,5.004859096795365,5.018325208902531,38.87233333333334,37.223720430107534,38.37305832293418,5.0839275862768005,5.05567674663054,5.056368541379391,42.282000000000004,39.79749726775955,40.76940848800783,5.148535577815243,5.091381757044122,5.11778357286074,7.7062302030261725
2022-05-18,sz000901,36.14,37.78,38.18,35.85,154651,125010596.0,6.47,4.86,1.75,1.94,5.189352732571192,0.3785222949542568,36.6,36.76,36.70825315210071,4.9004489585716495,4.947329576973647,4.978157598439713,36.232,36.498,36.51479295650275,4.970835413647746,4.9522676423608445,4.9884119893683065,36.85,36.102380952380955,37.280785107940005,5.073278485139921,5.014435206130043,5.034613544490022,38.68033333333334,37.15324731182796,38.334796495648106,5.093884339937208,5.062478368972113,5.0649481666175715,42.086999999999996,39.649890710382515,40.67139509495839,5.1473345376476844,5.092720024413169,5.1201301026873125,8.09694682572245
2022-05-19,sz000901,37.13,37.08,37.72,36.67,107620,86578309.0,2.78,-1.85,-0.7,1.35,5.031892987710475,-0.15745974486071646,36.764,36.919999999999995,36.83216876806714,4.945787214025755,4.991144253353256,4.996069394863301,36.39,36.65218181818181,36.61755787350225,4.9570843106453735,4.96336901946316,4.996317625430518,36.55,36.124285714285705,37.261662716707626,5.059882085741106,5.010493730184382,5.034354443844351,38.45533333333333,37.05000000000001,38.25384188302565,5.09473318847184,5.0584789268929695,5.062815574430017,41.8745,39.485726775956294,40.5536444361073,5.142100681820261,5.088935055562769,5.117237082524138,7.937409099158581
2022-05-20,sz000901,37.08,37.37,37.48,36.9,89219,72105341.0,1.56,0.78,0.29,1.12,4.9504573511975085,-0.0814356365129667,36.903999999999996,37.122,37.0114458453781,4.960694043095366,4.99270096574384,4.980865380308037,36.652,36.830363636363636,36.75436553286548,4.962239983898326,4.962164117745367,4.987979393751789,36.25,36.20238095238095,37.27198055321166,5.051891802053836,5.000072326894515,5.026364244544651,38.275,36.97997849462365,38.196819826056256,5.093917413940759,5.049170808359142,5.055566656802114,41.664833333333334,39.338038251366115,40.44926265131689,5.135906441976364,5.082651667673498,5.11176889461179,7.8579674350511635
2022-05-23,sz000901,37.31,37.66,37.89,37.19,77725,63273665.0,1.87,0.78,0.29,0.97,4.8905607307152295,-0.05989662048227906,37.184000000000005,37.373999999999995,37.2276305635854,4.974618847962268,4.969323194950461,4.950763830443768,36.797999999999995,37.013636363636365,36.91902634507175,4.952333724689174,4.94913152625753,4.970266909563323,35.979,36.336666666666666,37.30893478623912,5.034607591268086,4.9847074629575046,5.013430576560897,38.092666666666666,36.94030107526881,38.16218628889134,5.091454498034044,5.036051022344591,5.044921113183606,41.449333333333335,39.20673224043716,40.35781141684748,5.127904984995987,5.074607545992806,5.104516167926656,7.801222990823581
2022-05-24,sz000901,37.48,35.74,38.88,35.74,152213,123571026.0,8.34,-5.1,-1.92,1.91,5.182451745648498,0.2918910149332685,37.126,36.89266666666666,36.73175370905693,5.04894310956858,5.038600827512539,5.027993135512012,36.676,36.82127272727273,36.70465791869506,4.9682359557949,4.9909711664319545,5.008845970669718,35.7605,36.31390476190476,37.15951242564492,5.033189381172358,4.998787858612782,5.029527830759717,37.861666666666665,36.78851612903226,38.005916205737066,5.089963574995213,5.041921812513266,5.053794057213599,41.21633333333333,39.01954098360656,40.20640776383608,5.125456120090724,5.076395964374854,5.107071432769995,8.091916652602183
2022-05-25,sz000901,35.56,37.19,37.19,35.5,99035,79044026.0,4.73,4.06,1.45,1.24,4.995788705916508,-0.1866630397319904,37.007999999999996,36.914,36.884502472704625,5.010230304237644,5.020882692961847,5.017258325646845,36.803999999999995,36.91472727272727,36.79290193347778,4.955339631404646,4.995980757363156,5.0064719225327705,35.7195,36.45004761904762,37.16241600415493,5.0236646284803035,4.995225889540795,5.02631458077465,37.714000000000006,36.74518279569892,37.95327645052822,5.086417434742842,5.035846014508188,5.050051776484755,41.00366666666666,38.887530054644806,40.10750914862834,5.119736760646494,5.072144573746192,5.103422818774799,7.897869052341913
2022-05-26,sz000901,37.25,38.12,38.82,36.73,143989,118288647.0,5.62,2.5,0.93,1.8,5.158329315555151,0.16254060963864347,37.215999999999994,37.284666666666666,37.296334981803085,5.035517569806579,5.070249030067683,5.064281988949614,36.989999999999995,37.154,37.03419249102727,4.990652391916167,5.032887972663247,5.0340823576277485,35.9375,36.67866666666666,37.2536144799497,5.02072677840864,5.00805109783364,5.038887412658507,37.66133333333334,36.77137634408602,37.96403280855866,5.089459755544038,5.040485490689626,5.057037424166716,40.82299999999999,38.79298360655738,40.04234491424708,5.114477955831307,5.073409903415327,5.105223031783991,8.072943064307937
2022-05-27,sz000901,39.64,39.87,41.85,38.47,316070,269966416.0,8.87,4.59,1.75,3.96,5.499783276438258,0.34145396088310687,37.715999999999994,38.169333333333334,38.15422332120205,5.145382754854729,5.225004265611576,5.209449084779163,37.31,37.67763636363636,37.54979385629503,5.053038398975047,5.125457224394537,5.118755251956932,36.3715,37.05319047619047,37.50279405328782,5.039581398027012,5.053675526217411,5.082782256828007,37.62233333333334,36.91387096774193,38.086998433812944,5.107708769536256,5.066957975908609,5.085601672700364,40.66566666666667,38.76173770491803,40.036694261320946,5.117380398106343,5.0860428647467035,5.118159433248064,8.43130974099952
2022-05-30,sz000901,40.63,44.82,44.82,40.4,502351,457611776.0,11.09,12.42,4.95,6.29,5.701007271120381,0.20122399468212304,39.148,40.53733333333333,40.376148880801374,5.3074720629357595,5.410212437700126,5.373301813559569,38.166,39.04309090909091,38.87164951878684,5.141045455449014,5.2432697466027784,5.224619255441196,36.9335,37.857809523809514,38.19967081011755,5.066536571551225,5.116668466512019,5.141660829617757,37.766,37.37823655913978,38.52138563163147,5.131737989062455,5.105235298591456,5.125305259695205,40.59866666666667,38.89794535519126,40.19352395767108,5.124803602956267,5.105178172058639,5.137269198424206,8.660497191890768
2022-05-31,sz000901,44.65,44.65,47.44,44.07,697697,662604976.0,7.52,-0.38,-0.17,8.74,5.843666855577328,0.14265958445694693,40.93,42.37133333333333,41.80076592053425,5.4397150849215254,5.588944035247317,5.530090160898823,39.028,40.222,39.92225869718923,5.2443290972450525,5.371019092080653,5.337173364556856,37.5075,38.59271428571429,38.813987875820644,5.1083060913710305,5.190680874514505,5.208518546375811,37.799,37.822365591397855,38.916780107010084,5.140645422119737,5.151166193205318,5.171651169106955,40.51233333333333,39.030775956284145,40.339637926272026,5.134380115629493,5.128747459029821,5.160429777347259,8.821254693002668
2022-06-01,sz000901,44.18,45.52,45.76,43.6,492742,461225856.0,4.84,1.95,0.87,6.17,5.69261958194375,-0.15104727363357817,42.596000000000004,43.90133333333333,43.040510613689506,5.579081260126974,5.6732455342547246,5.584266634580466,39.802,41.40236363636364,40.94002984315482,5.294655782182309,5.452526452934962,5.40179994953629,38.017,39.355809523809526,39.45265569717106,5.132745597915028,5.246329778378573,5.254623406906091,37.833999999999996,38.320494623655904,39.3427942936546,5.147070917487384,5.186777429322996,5.205262034451264,40.455,39.19496174863388,40.509485863115565,5.140946674510048,5.1470503923516,5.177878623399603,8.663913645551045
2022-06-02,sz000901,44.42,44.88,45.29,44.01,305982,286518176.0,2.81,-1.41,-0.64,3.83,5.485695878995946,-0.2069237029478037,43.948,44.66266666666666,43.653673742459674,5.6445545728151325,5.642117073877715,5.551409716052293,40.582,42.32563636363636,41.6563880534903,5.340036071310856,5.487261015991987,5.41705375489259,38.486000000000004,40.00942857142857,39.96954563077382,5.148560190978115,5.27994409086247,5.276630309009886,37.894,38.77507526881721,39.700033371483336,5.153266747597688,5.208624201033227,5.223354540550921,40.401500000000006,39.340043715847,40.65278140858719,5.143893603338407,5.158353644957696,5.187970992435548,8.457152177738376
2022-06-06,sz000901,47.15,44.65,47.15,44.24,354853,335097600.0,6.48,-0.51,-0.23,4.45,5.550048481194998,0.06435260219905192,44.903999999999996,44.89666666666667,43.98578249497312,5.654607613766481,5.610615043337671,5.550955971099862,41.309999999999995,43.06527272727273,42.20068113467388,5.399995184310605,5.525445090516377,5.441234614220301,38.981,40.59647619047618,40.415303189747746,5.181117584104465,5.318181070883125,5.302670134932278,37.93666666666666,39.21094623655913,40.01938605719409,5.167926262806093,5.234223022555634,5.2444315689795715,40.3715,39.47933879781421,40.78383775584662,5.147958928641472,5.171670198330043,5.199842385509628,8.525171317389168
2022-06-07,sz000901,45.41,44.07,45.41,43.37,232784,215189608.0,4.57,-1.3,-0.58,2.92,5.366953126534085,-0.18309535466091287,44.754000000000005,44.61866666666667,44.01385499664875,5.587796784849221,5.514730214260206,5.489621689577937,41.951,43.56709090909091,42.5405572920059,5.44763442389249,5.519437443647918,5.427728889186443,39.3745,41.08114285714286,40.763369552628916,5.199984074290832,5.335879693971661,5.30879232460864,37.96966666666666,39.60664516129032,40.28071598898802,5.1722832021428875,5.247063465376795,5.252336185595992,40.34916666666666,39.60060109289617,40.89158078024509,5.149656779154545,5.178850335965867,5.205321426198954,8.332821294423578
2022-06-08,sz000901,44.01,43.25,44.07,41.97,206356,187758869.0,4.77,-1.86,-0.82,2.59,5.314617100928523,-0.0523360256055625,44.474000000000004,44.117333333333335,43.75923666443251,5.48198683391946,5.423670319619972,5.431286826694799,42.702,43.80327272727273,42.669546875277554,5.460850959420492,5.495252475836288,5.407163109503184,39.689,41.45023809523809,41.00019149999759,5.2145434576076966,5.346797125080013,5.309347065210534,38.074333333333335,39.94731182795699,40.47228269937589,5.175743240588402,5.256246297556513,5.256354309165833,40.352,39.69571038251367,40.96890600056493,5.1495131032061074,5.184258871105997,5.2089048909441855,8.273600460545913
2022-06-09,sz000901,43.54,41.97,43.54,41.5,155351,139025254.0,4.72,-2.96,-1.28,1.95,5.191314053169262,-0.12330304775926049,43.764,43.282666666666664,43.16282444295501,5.381725728164563,5.32677939270324,5.351295902186287,43.18,43.67018181818181,42.542356534317996,5.480403494145768,5.446245765608793,5.36791782653338,39.992,41.667476190476194,41.09255421428353,5.2178715627752075,5.34458480084778,5.298105825968507,38.206333333333326,40.198645161290315,40.5689096219968,5.175910917035457,5.257250866110117,5.2521581636176675,40.355000000000004,39.74875956284153,41.001728754644766,5.14686462387539,5.185629394055609,5.20832814216468,8.143093697208371
2022-06-10,sz000901,41.68,44.01,44.24,41.56,240522,220638080.0,6.39,4.86,2.04,3.01,5.381154806454655,0.18984075328539252,43.589999999999996,43.36466666666666,43.44521629530334,5.360817513656305,5.326589085466604,5.361248870275743,43.769,43.821090909090906,42.80920080080563,5.502686043235719,5.428200549664952,5.370324550155429,40.37949999999999,42.05014285714286,41.37040619387558,5.246669217575943,5.360135585960108,5.306015252681474,38.547999999999995,40.573075268817206,40.79091545283572,5.181379866684333,5.270492407362967,5.260480527671667,40.384166666666665,39.86859562841531,41.100360598754776,5.150407390461406,5.193311039386076,5.213994590174187,8.343680469603015
2022-06-13,sz000901,43.83,44.18,44.42,43.02,186976,172132889.0,3.18,0.39,0.17,2.34,5.271785864630173,-0.10936894182448142,43.496,43.56133333333333,43.6901441968689,5.305164990343339,5.2969118691245605,5.331427868393886,44.2,43.89581818181818,43.05843701884096,5.47988630205491,5.386218699009399,5.352408425514473,40.755,42.41209523809523,41.63798655636362,5.266462350514979,5.362527647584321,5.302755310962303,38.981,40.93643010752689,41.00956606878181,5.186349699369645,5.276325052391732,5.261209904249635,40.4035,39.993049180327866,41.20133238240216,5.151731089584894,5.197290661489968,5.21588938605799,8.235863857814898
2022-06-14,sz000901,43.66,43.6,43.72,41.97,175655,159228600.0,3.96,-1.31,-0.58,2.2,5.244660516448021,-0.027125348182152287,43.402,43.596000000000004,43.660096131245936,5.280706468326127,5.276743711159454,5.302505417745265,44.077999999999996,43.78672727272727,43.15690301541533,5.434251626587674,5.343450374353601,5.3328178965932995,41.122,42.68304761904762,41.82484497956709,5.287648541018344,5.360451282435086,5.297222473389514,39.31499999999999,41.23443010752688,41.17669083853782,5.189108256563375,5.280087040590337,5.2601422018108215,40.41616666666667,40.09785245901639,41.2799772223234,5.151246323846223,5.200337527944497,5.216832701808482,8.20202107663423
2022-06-15,sz000901,43.72,42.73,44.65,42.73,186305,170693938.0,4.4,-2.0,-0.87,2.33,5.270224510523031,0.025563994075009866,43.297999999999995,43.37199999999999,43.350064087497294,5.2718279502450285,5.273249725225088,5.291745115337854,43.886,43.541636363636364,43.07928428533981,5.376907392082245,5.313627262341848,5.32143728094416,41.457,42.83619047619048,41.91105021960832,5.310618244663649,5.358791850959343,5.294651238830801,39.63366666666666,41.45475268817205,41.27690433282571,5.197839858274768,5.285320347297411,5.260792673340642,40.458999999999996,40.17371584699454,41.32751895273903,5.151749361095016,5.204238452097836,5.218583252913876,8.232218097916741
2022-06-16,sz000901,43.02,43.31,43.54,42.44,124627,112852807.0,2.57,1.36,0.58,1.56,5.09561214088436,-0.17461236963867055,43.565999999999995,43.376000000000005,43.33670939166487,5.2526875677880485,5.214511122104866,5.22636745718669,43.665,43.43690909090908,43.1212325970962,5.317206647976305,5.2624826712149595,5.28037816456965,41.7335,43.01266666666667,42.044283532026576,5.3059312150793065,5.3383150791708385,5.275695134264474,39.89966666666667,41.69193548387097,41.40807179522405,5.19423261460212,5.27872501069158,5.250135864795076,40.475500000000004,40.2671912568306,41.39251833133775,5.149974996997667,5.202397887500766,5.2145514131752035,8.05251236580146
2022-06-17,sz000901,42.96,43.31,43.43,42.14,151578,137020294.0,2.98,0.0,0.0,1.9,5.180636172457407,0.08502403157304705,43.426,43.29066666666667,43.32780626110991,5.212583840988598,5.190493990327985,5.2111236956102625,43.507999999999996,43.37236363636364,43.15555394307871,5.286700677322452,5.2376516756660685,5.262243256912878,42.045,43.16280952380953,42.16482795754786,5.313368374316654,5.326382217968754,5.266641899806658,40.16,41.911956989247315,41.53077684069348,5.19460701975956,5.277847820875791,5.245652013676517,40.491,40.36012568306011,41.4553865827693,5.149620427765242,5.203403171942068,5.213439438069702,8.136784895035946
2022-06-20,sz000901,43.6,42.96,43.66,42.78,122335,111081972.0,2.03,-0.81,-0.35,1.53,5.087550726310677,-0.09308544614673053,43.182,43.13533333333333,43.20520417407328,5.175736813324699,5.148816285435345,5.169932705843734,43.339,43.27272727272727,43.11999868070076,5.240450901834019,5.201442593663929,5.230480978621569,42.3245,43.24995238095238,42.24055862825759,5.320223043072312,5.304875775301516,5.249585597568946,40.43366666666667,42.09260215053763,41.62298478645519,5.2008953566809835,5.270940963233927,5.2354519306206555,40.49483333333333,40.44107650273224,41.50471817021948,5.150817185684039,5.20136809976323,5.209311939323504,8.045643581027052
2022-06-21,sz000901,42.96,41.85,43.25,41.39,130616,116330946.0,4.33,-2.58,-1.11,1.64,5.115996379742246,0.028445653431568907,42.832,42.69133333333333,42.753469449382195,5.150003985983544,5.128902807574527,5.151953930476571,43.117000000000004,43.002,42.88908982966426,5.215355227154835,5.178814498738151,5.209665597007146,42.534,43.2047619047619,42.203362568423536,5.331494825523663,5.285425616889131,5.236862814918784,40.622,42.18397849462365,41.63763092926454,5.205107791912166,5.265463609883041,5.227745120886565,40.46183333333333,40.48550819672131,41.51603888594999,5.1476120235529335,5.200226433994647,5.206252412779856,8.065695259778213
2022-06-22,sz000901,42.09,41.1,42.2,41.04,98793,87205522.0,2.77,-1.79,-0.75,1.24,4.994726173645595,-0.12127020609665085,42.50600000000001,42.114000000000004,42.202312966254794,5.094904318608057,5.0771435367952105,5.09954467819958,42.902,42.635272727272735,42.563800769725304,5.183366134426542,5.138700125372836,5.1705857018505,42.802,43.06819047619047,42.098280419049864,5.322108546923518,5.253352411948362,5.213802182416576,40.76,42.214817204301085,41.60294506286037,5.2041510165473115,5.25189060225294,5.212711640419406,40.418166666666664,40.50643169398906,41.50239826673851,5.147922269091166,5.195213783178013,5.199317126250864,7.940543986058706
2022-06-23,sz000901,41.1,43.66,43.77,41.04,218217,196491049.0,6.64,6.23,2.56,2.73,5.338888580893027,0.3441624072474321,42.576,42.498666666666665,42.68820864416986,5.14355960660979,5.158471624223535,5.179325979097396,43.071,42.77309090909091,42.763109720684334,5.1981235871989195,5.166976933821287,5.201186225312778,43.1255,43.14990476190476,42.24701561723559,5.339263540672343,5.254950510421648,5.225715172747667,41.01833333333333,42.40191397849462,41.73565828461132,5.211288904249779,5.260583348339761,5.220852088191898,40.413333333333334,40.61272131147541,41.573139307173314,5.152696797274975,5.201474973728893,5.20389323951782,8.293342771207888
2022-06-24,sz000901,43.72,44.47,45.52,43.48,225937,210951197.0,4.67,1.86,0.81,2.83,5.353987357879272,0.015098776986245177,42.80800000000001,43.13,43.28213909611324,5.178229843694163,5.228614207980028,5.237546438691355,43.117000000000004,43.02745454545454,43.07345340783264,5.195406842341381,5.195315801217714,5.228968249415776,43.443,43.277952380952385,42.45872841559411,5.34904644278855,5.256352778727071,5.237931571331629,41.292,42.62460215053763,41.91206742753962,5.229581759164422,5.269789700186825,5.229441460429793,40.43366666666667,40.745726775956285,41.668118346282384,5.16007214378492,5.2080746642405105,5.208814358152621,8.324181994041293
2022-06-27,sz000901,45.11,44.24,45.35,43.83,133759,123962796.0,3.42,-0.52,-0.23,1.68,5.1263230132640105,-0.22766434461526153,43.064,43.60733333333334,43.6014260640755,5.18598430108483,5.211311931169977,5.200471963548907,43.123000000000005,43.23163636363637,43.2855527882267,5.180860557204765,5.182755105021829,5.210305479206364,43.661500000000004,43.35385714285714,42.628373328394666,5.330373429629837,5.235141023534256,5.227302184848998,41.544333333333334,42.81479569892474,42.06225662576287,5.237928419411574,5.263127845612604,5.22278865738684,40.44816666666667,40.870524590163924,41.75244233492886,5.163871841243863,5.206968135370972,5.206109723893978,8.0932913632568
2022-06-28,sz000901,44.18,44.94,45.58,44.07,198691,186648857.0,3.41,1.58,0.7,2.49,5.2981781955503795,0.17185518228636898,43.682,44.23266666666667,44.04761737605033,5.222420664246457,5.248709895991826,5.233040707549398,43.257,43.562,43.58636137218548,5.186212325115001,5.204085584721032,5.226282336723457,43.667500000000004,43.47561904761904,42.848528249499935,5.310231975851337,5.232074810764784,5.234052281106273,41.833666666666666,43.03387096774193,42.24791748861688,5.2538364690505635,5.26701492794414,5.2276524985586805,40.47333333333333,41.01779781420765,41.85695242230824,5.170760422742707,5.211371622397415,5.209128362308942,8.271025334738548
2022-06-29,sz000901,45.06,43.13,45.93,43.02,173918,160706600.0,6.48,-4.03,-1.81,2.18,5.240344532526729,-0.05783366302365067,44.088,44.04866666666667,43.741744917366894,5.271544336022684,5.254684518751918,5.235475315875175,43.297000000000004,43.538909090909094,43.503386577242665,5.18322432731537,5.213927804250437,5.228839099596779,43.591499999999996,43.42442857142858,42.875335082880895,5.280065859698807,5.2254188637814885,5.234651543146317,42.07033333333333,43.117505376344084,42.30482603773837,5.268153605547556,5.266144480426473,5.228471339459845,40.47133333333333,41.10490163934426,41.89869168715059,5.176040595912179,5.213653068619843,5.2101518432996885,8.206033713009276
2022-06-30,sz000901,43.6,43.25,44.12,43.02,118675,108467993.0,2.55,0.28,0.12,1.49,5.074359240390398,-0.16598529213633118,44.00599999999999,43.76933333333333,43.577829944911265,5.218638467922157,5.188956153541155,5.181769957380249,43.291000000000004,43.53036363636364,43.45731629047127,5.181099037265974,5.194134152082259,5.200751852468345,43.477999999999994,43.39190476190476,42.911017455939856,5.24915284262114,5.205827757180688,5.219385609550515,42.25266666666666,43.193612903225805,42.36580500304557,5.264320489141529,5.2536416181582695,5.218528623390848,40.466499999999996,41.196005464480876,41.942996877735816,5.1791024145393685,5.210319253684703,5.205699626810858,8.035301604413378
2022-07-01,sz000901,43.25,43.13,44.07,42.67,95996,87383114.0,3.24,-0.28,-0.12,1.2,4.982253137059153,-0.09210610333124425,43.73800000000001,43.477333333333334,43.42855329660751,5.144291623758134,5.110161043253487,5.115264350606551,43.273,43.501090909090905,43.39780423765831,5.161260733726149,5.157980352044656,5.161024813303037,43.390499999999996,43.358761904761906,42.931872936326535,5.2239807055242995,5.180408737603356,5.196801564551338,42.45433333333334,43.25021505376345,42.415107906074894,5.2626658274531515,5.235443724475536,5.203285043627514,40.45483333333333,41.28333333333333,41.98191501289202,5.178699507962495,5.203865179013219,5.19837351239277,7.941427517243763
2022-07-04,sz000901,43.89,44.65,45.64,42.96,190100,176987613.0,6.21,3.52,1.52,2.38,5.278982116865443,0.2967289798062893,43.82000000000001,43.781333333333336,43.83570219773834,5.17482344447842,5.155057874289257,5.169836939359515,43.44199999999999,43.75145454545454,43.62547619444771,5.180403872781625,5.179384239888164,5.182471595768929,43.3905,43.47871428571429,43.09550408524782,5.210427387307822,5.185646967254893,5.204628283819348,42.696999999999996,43.39187096774194,42.55929449277974,5.2736166529754165,5.236496388308587,5.208168725771897,40.486000000000004,41.420879781420766,42.069393209190636,5.183767033458087,5.20715313340348,5.201016417457447,8.24794287204544
2022-07-05,sz000901,44.36,43.31,44.47,42.73,158203,144042583.0,3.9,-3.0,-1.34,1.98,5.199214714756426,-0.07976740210901667,43.49400000000001,43.61133333333334,43.66046813182557,5.15503074831963,5.1631882977152594,5.1796295311584855,43.588,43.72745454545454,43.568116886366305,5.188725706283043,5.182804392974491,5.185515799221201,43.3525,43.47104761904762,43.11593226760517,5.202040466718939,5.184579093678571,5.204112705813356,42.88533333333334,43.4314193548387,42.60772710614879,5.2839051191101225,5.231696263262201,5.207591047641867,40.489000000000004,41.5134699453552,42.11006884167619,5.187679808572084,5.2076596147575245,5.200957345237741,8.158490900623358
2022-07-06,sz000901,43.19,42.44,43.37,42.03,107612,96758577.0,3.09,-2.01,-0.87,1.35,5.031860702958609,-0.1673540117978174,43.35600000000001,43.26,43.253645421217044,5.113333982406006,5.122131615928252,5.13037325509186,43.721999999999994,43.518727272727276,43.363004725208796,5.192439159214345,5.154283483279139,5.157578508991638,43.312,43.38414285714285,43.051557765928486,5.187902646820444,5.168371497129967,5.187707753160522,43.108666666666664,43.402688172043014,42.59690600252629,5.2788854176871265,5.2154353331879095,5.1962536060494,40.48516666666667,41.57743715846994,42.1208862567032,5.18442449634117,5.202550791622657,5.195413193031868,7.985689472695298
2022-07-07,sz000901,42.55,44.94,45.52,42.32,250613,233576626.0,7.54,5.89,2.5,3.14,5.399003595316669,0.36714289235806064,43.694,43.788,43.8157636141447,5.17826285339126,5.217354820231806,5.219916701833464,43.85,43.74018181818182,43.6497311388072,5.198450660656709,5.191840653479562,5.201473979232553,43.4605,43.53919047619048,43.23140940726863,5.198287123927814,5.188476349367702,5.2078311666992025,43.367,43.52083870967741,42.74807335720202,5.2923259140004655,5.223184893034976,5.209334250518256,40.5405,41.723497267759555,42.213316215499816,5.189371674371654,5.209586171916934,5.2020882881887465,8.368429380790028
2022-07-08,sz000901,45.11,43.89,45.17,43.72,126586,116992254.0,3.23,-2.34,-1.05,1.59,5.102385676779637,-0.29661791853703257,43.846,43.85333333333333,43.84050907609647,5.202289361335357,5.192062428027932,5.180739693482188,43.791999999999994,43.747454545454545,43.69341638629679,5.173290492546745,5.174374292774641,5.183457924241114,43.4545,43.58009523809524,43.29413232086209,5.1843486674440635,5.179342878210734,5.197788739087816,43.559333333333335,43.55458064516129,42.821746043834146,5.290461126041281,5.210930684182019,5.20243434253512,40.61033333333333,41.833316939890715,42.268289454335886,5.189960440792659,5.206734171995886,5.198819350109759,8.068157108272484
2022-07-11,sz000901,43.6,42.49,43.66,41.56,184706,164620060.0,4.78,-3.19,-1.4,2.31,5.266481003315542,0.16409532653590553,43.414,43.40133333333333,43.39033938406432,5.199789138625377,5.213459642021328,5.209320130093307,43.617,43.51072727272727,43.4746134069701,5.187306291551899,5.191318022005331,5.198553029527373,43.37,43.48823809523809,43.217548290303796,5.184083424378332,5.187165005436589,5.204330859490456,43.64666666666667,43.48559139784947,42.8003430732642,5.282684383603857,5.209383579490037,5.2065663851661155,40.634499999999996,41.89494535519125,42.27555865255438,5.195196576570057,5.209243042898273,5.201037764968965,8.216482755642243
2022-07-12,sz000901,42.84,41.45,42.84,41.33,118494,104913362.88,3.55,-2.45,-1.04,1.48,5.073696360195385,-0.19278464312015764,43.041999999999994,42.74666666666667,42.74355958937622,5.174685467713169,5.171428715877997,5.164112206794,43.268,43.116727272727275,43.10650187843008,5.164858108016399,5.170661670849602,5.175851816921557,43.2625,43.30538095238095,43.04921035789391,5.1755352165657005,5.176651951704881,5.191889478605212,43.53433333333333,43.343870967741935,42.71322416531167,5.261774019906357,5.195900481205619,5.197994125490585,40.65016666666667,41.921683060109295,42.24849115574932,5.196756004484407,5.205259429246646,5.196862636943601,8.020830808073804
2022-07-13,sz000901,41.56,41.97,42.03,41.21,77190,68152054.87,1.98,1.25,0.52,0.97,4.887561040930009,-0.1861353192653752,42.94799999999999,42.38933333333333,42.48570639291748,5.1458255353074485,5.075720573616944,5.0719284848393364,43.152,42.88072727272727,42.89986517326098,5.1295797588567265,5.120244022288439,5.123435312195821,43.2245,43.18228571428571,42.94642841904687,5.156402043086048,5.149225839739575,5.16290581787424,43.445,43.24294623655914,42.66527421916254,5.22990382608478,5.171757708368435,5.177966184551193,40.62199999999999,41.964956284153004,42.23936029818376,5.185274624102259,5.195121889457977,5.186721601008729,7.833478954891868
2022-07-14,sz000901,41.97,42.09,42.9,41.68,91558,81648523.0,2.91,0.29,0.12,1.15,4.961696297344025,0.07413525641401542,42.378,42.10333333333334,42.35380426194499,5.05836407571292,5.014344160962469,5.035184422340899,43.036,42.687636363636365,42.7526169599408,5.11831346455209,5.089719756558857,5.094028218586403,43.1635,43.074238095238094,42.86486380770907,5.149706250909032,5.130682435383191,5.143743006395171,43.330666666666666,43.15552688172043,42.628159753410124,5.205539716598123,5.154453996836773,5.1640132886023435,40.58233333333333,42.01308743169399,42.23446323922692,5.176305317042753,5.187791452515083,5.17934372220005,7.911948332872423
2022-07-15,sz000901,42.09,40.75,42.09,40.75,99930,87586090.55,3.18,-3.18,-1.34,1.25,4.999695887410839,0.03799959006681419,41.75,41.56066666666667,41.81920284129666,5.037826117839161,4.99478809819511,5.023354910697546,42.798,42.272,42.388504785406106,5.120057739587258,5.068152924351357,5.076876885645391,43.0355,42.84438095238095,42.66344820697487,5.140659236656703,5.116395734097651,5.130024233158569,43.193000000000005,42.98903225806452,42.50698815641593,5.18933971687862,5.141173749792433,5.153412165944828,40.5435,42.01858469945354,42.185792313350625,5.171303232238155,5.182000979412398,5.173453629256142,7.942435141818513
2022-07-18,sz000901,40.75,41.79,41.85,40.69,107154,94223828.38,2.85,2.55,1.04,1.34,5.03000838765506,0.030312500244220608,41.61,41.574,41.809468560864445,4.990531594707063,4.992182188133742,5.025572736350051,42.512,42.088727272727276,42.279685733514086,5.09516036666622,5.051780314909139,5.0683553405562405,42.977000000000004,42.7257619047619,42.58026266345345,5.137782119723923,5.105857558002255,5.120498914539186,43.09766666666667,42.89851612903226,42.460730856002,5.172005047093956,5.130894309197365,5.1454506318616176,40.51716666666667,42.05945355191256,42.17281551619159,5.1699656549500235,5.177368361557215,5.168750506580696,7.974160745949031
2022-07-19,sz000901,41.97,43.95,45.7,41.79,307811,284694957.27,9.36,5.17,2.16,3.86,5.488284135813653,0.4582757481585933,42.11,42.354,42.5229790405763,5.073449149830717,5.158099701835939,5.179809869504584,42.576,42.350181818181824,42.583379236511526,5.124067308771943,5.123257363845036,5.144706030603042,43.082,42.81842857142857,42.71071383836264,5.156396507527493,5.139238702391753,5.155526078470088,43.09366666666667,42.95350537634409,42.55681273625994,5.17604941406994,5.151299411695409,5.167568922439168,40.53166666666666,42.172005464480876,42.23108385992301,5.174166308106413,5.18780503306094,5.179227019014563,8.45437977466642
2022-07-20,sz000901,43.89,46.1,46.28,43.66,343838,326070645.07,5.96,4.89,2.15,4.31,5.536353871997153,0.048069736183499856,42.936,43.684,43.71531936038421,5.203207716044146,5.312401275891418,5.2986578703354414,42.942,42.99090909090909,43.222764829873064,5.174516625675797,5.198218557158711,5.215914729038335,43.332,43.10585714285714,43.03350299661382,5.183477892445071,5.17542511805553,5.1917953921393325,43.18866666666667,43.147462365591394,42.78540546295285,5.183440639772228,5.174544860593939,5.1913614998300055,40.6315,42.35457377049181,42.35793356943373,5.179591940180315,5.199680035155718,5.190936096161534,8.513311702645403
2022-07-21,sz000901,46.05,45.64,46.34,45.11,228003,216546708.77,2.67,-1.0,-0.46,2.86,5.357940561363937,-0.17841331063321597,43.646,44.58533333333333,44.356879573589474,5.282456568848128,5.3639788909980135,5.318418767344941,43.012,43.48145454545455,43.6622621335325,5.170410322280524,5.231568363647463,5.24173760764299,43.431,43.32566666666666,43.28174080646012,5.184430491468616,5.1920406103335175,5.207618741589295,43.31100000000001,43.305612903225814,42.96957285243977,5.188994856712052,5.185802920051468,5.2021085360580015,40.75866666666666,42.518786885245895,42.46554230486213,5.182452886873754,5.2055275309322315,5.1964116523976775,8.335551587401396
2022-07-22,sz000901,45.99,45.76,46.69,45.0,143012,135882573.7,3.7,0.26,0.12,1.79,5.155372480228204,-0.2025680811357331,44.648,45.29,44.82458638239299,5.313591887411601,5.321617528124706,5.264070004972695,43.199,43.98109090909091,44.04366901834477,5.17570900262538,5.228834210547042,5.2260348572039375,43.4955,43.547476190476196,43.51776549155916,5.174499747586063,5.189273180691574,5.202642907173953,43.36933333333334,43.46361290322581,43.149600410346885,5.181468779171168,5.183633734471864,5.199093306649628,40.958666666666666,42.6827650273224,42.573557311260096,5.181424322927751,5.20463964874713,5.19506610576917,8.133163764082026
2022-07-25,sz000901,46.05,44.82,46.63,44.59,128834,121891484.36,4.46,-2.05,-0.94,1.61,5.110030490848307,-0.04534198937989675,45.254,45.34733333333334,44.823057588261996,5.329596308050251,5.253763729270275,5.212723500264566,43.432,44.27581818181818,44.18482010591845,5.160063951378658,5.216892662951209,5.204943154230186,43.5245,43.67361904761905,43.64178782569638,5.173685121465278,5.183133251478455,5.1938226770477005,43.39066666666667,43.55720430107527,43.25736812580838,5.1760769333784395,5.179024812644584,5.193347318533414,41.185833333333335,42.80936612021857,42.64721116990731,5.181213316374042,5.202298867367476,5.192278052820945,8.085973365793567
2022-07-26,sz000901,45.23,45.58,45.7,44.47,109032,102942955.38,2.74,1.7,0.76,1.37,5.037553978526232,-0.07247651232207453,45.58,45.455999999999996,45.075371725508,5.239450276592766,5.156416286095602,5.154333659685122,43.845,44.66636363636363,44.438489177569636,5.1564497132117415,5.194618122432587,5.174508758647648,43.5565,43.86938095238096,43.826379461344345,5.16065391061407,5.170168380722354,5.1789399438551795,43.45666666666667,43.69845161290322,43.40721534349816,5.16917338211438,5.17008784781541,5.1832961353071445,41.38583333333334,42.95343715846995,42.74336818073002,5.179140819338879,5.1975887251429596,5.187205132352266,8.012596632214148
2022-07-27,sz000901,45.06,45.7,46.45,44.88,120425,114798226.34,3.44,0.26,0.12,1.51,5.080716654986472,0.043162676460239524,45.5,45.496,45.28358115033867,5.1483228331906306,5.1035050788935035,5.129794658118906,44.218,45.00363636363636,44.66785478164788,5.175765274617389,5.180848475482538,5.157455648891071,43.685,44.07352380952381,44.004819512644886,5.1526725167370575,5.162555308757821,5.169585344915302,43.55566666666667,43.84318279569892,43.55513693424021,5.162856453596495,5.164380962194254,5.1766781043187144,41.59466666666667,43.094885245901644,42.840306928902805,5.180348155935631,5.194361703360912,5.183713706864863,8.059935178160375
2022-07-28,sz000901,45.87,47.21,47.33,45.64,270173,262110758.06,3.7,3.3,1.51,3.38,5.431641945215568,0.350925290229096,45.814,46.066,45.92572076689245,5.163063109960957,5.197944782901816,5.230410420484461,44.73,45.547636363636364,45.13006300316645,5.222759839404542,5.227371506500388,5.207307702768253,43.883,44.409238095238095,44.3100747971549,5.170536651978316,5.189123825755774,5.19454311637247,43.68566666666666,44.07894623655914,43.79093455138601,5.174057447074202,5.181721961653548,5.193127384376576,41.792666666666676,43.27899453551913,42.98357555418468,5.184145030838161,5.202600843993041,5.191842501564886,8.418484846472014
2022-07-29,sz000901,46.8,46.16,47.04,45.87,167947,161716134.29,2.48,-2.22,-1.05,2.1,5.225172250540992,-0.20646969467457588,45.894,46.181333333333335,46.003813844594966,5.177023064023514,5.218647829761829,5.228664363836638,45.271,45.80763636363636,45.317324275318,5.245307475717558,5.227810126707015,5.210555802363295,44.0345,44.626095238095246,44.486258149806815,5.182682607652408,5.194327216095077,5.197460176769472,43.78066666666667,44.238580645161285,43.943777483554655,5.175541983010322,5.1850196909094715,5.195194795096862,41.970333333333336,43.42218579234974,43.0877206179819,5.185074501384941,5.203945998737396,5.1929352802198405,8.208753351282787
2022-08-01,sz000901,46.28,46.16,46.86,45.52,140520,134480961.14,2.9,0.0,0.0,1.76,5.147738141119988,-0.07743410942100404,46.162,46.269999999999996,46.05587589639664,5.18456459407785,5.2088861887939855,5.201688956264421,45.708000000000006,45.969272727272724,45.470538043442,5.25708045106405,5.210070247689276,5.199134409409966,44.11,44.82852380952381,44.6456621355395,5.176120408865136,5.190999171663418,5.192724744802855,43.88733333333333,44.39208602150538,44.08675958138984,5.177548230170632,5.183225894658481,5.192133075485451,42.1605,43.5595519125683,43.188451089523475,5.189221793425807,5.20272185577789,5.191453406806731,8.12866080435993
2022-08-02,sz000901,47.15,44.82,47.27,43.6,241341,227312606.54,7.95,-2.9,-1.34,3.02,5.382631107906249,0.23489296678626115,46.01,45.82266666666667,45.64391726426443,5.253580019953854,5.2749083600701185,5.262003006811698,45.795,45.80781818181818,45.35225839917981,5.24651514827331,5.232897639842403,5.2324974455002,44.185500000000005,44.89614285714286,44.662265741678596,5.185291228522627,5.210666857286381,5.210811065098416,43.98633333333333,44.45225806451613,44.134065414848564,5.1864360544427655,5.196457048060778,5.204423271125503,42.30416666666667,43.64674863387978,43.241944496424345,5.195771923177466,5.209063144777248,5.197721528154255,8.356623521949947
2022-08-03,sz000901,44.77,47.39,49.08,44.65,462148,454467599.06,9.88,5.73,2.57,5.79,5.664781077916075,0.2821499700098258,46.348,46.282666666666664,46.22594484284296,5.3703929045397745,5.411975379390859,5.396262363846491,45.924,46.097818181818184,45.72275687205621,5.2593578688652025,5.308945990686541,5.3110944695758135,44.433,45.20133333333334,44.92204995675683,5.2169372472705,5.256332557228615,5.254046304414384,44.196000000000005,44.67184946236559,44.344125710664784,5.208771217918448,5.227318017317122,5.234123774789411,42.477999999999994,43.81349726775956,43.37794631621371,5.206461117232879,5.224440494112942,5.213034956015298,8.657502925949517
2022-08-04,sz000901,46.69,45.46,47.1,44.71,297314,281611246.38,5.04,-4.07,-1.93,3.72,5.473215359859473,-0.19156571805660239,45.998000000000005,45.986666666666665,45.97062989522864,5.378707587468556,5.446249531164091,5.421913362517485,45.906,46.01345454545455,45.67498289531871,5.270885348714756,5.347829170867318,5.340570995081933,44.459,45.29914285714286,44.97328329420856,5.2206478354976396,5.2807399965228035,5.274919547790107,44.256,44.75339784946237,44.416117600299316,5.213248777217329,5.244378929700415,5.249549038342318,42.637166666666666,43.91126775956284,43.44621037141982,5.212268840733554,5.233186534854797,5.221565461059369,8.44964999472876
2022-08-05,sz000901,45.64,45.46,46.69,44.47,225801,213083842.07,4.88,0.0,0.0,2.83,5.3537258609437774,-0.11948949891569516,45.858,45.80733333333334,45.80041993015243,5.404418309549112,5.437922288989166,5.399184195326249,45.876,45.93236363636363,45.635895096169854,5.2907206867863135,5.362891082181686,5.3429627888749955,44.5375,45.3944761904762,45.019637266188695,5.233214844705847,5.29341409418434,5.282424910947599,44.289,44.831075268817195,44.48346485189291,5.213240060652813,5.253441967360184,5.256270123671444,42.790499999999994,44.00381967213115,43.51223626088146,5.221410909908617,5.237824469943656,5.225898588924432,8.328550518855973
2022-08-08,sz000901,45.06,45.99,46.51,44.36,191154,181445698.52,4.73,1.17,0.53,2.39,5.281383390295156,-0.07234247064862132,45.824,45.851333333333336,45.86361328676829,5.431147359384146,5.396910649237847,5.359917260315886,45.992999999999995,45.95309090909091,45.70027780595716,5.307855976730998,5.361193391910566,5.331766534587752,44.7125,45.53280952380952,45.11205276464692,5.2339599640548276,5.298001574716656,5.2823257185045085,44.34733333333334,44.94081720430108,44.58066066789983,5.218408739887185,5.257838311208077,5.2578903344213614,42.94583333333333,44.108721311475406,43.593474416262396,5.228168579649379,5.239790780776001,5.227717762739865,8.258746676966604
2022-08-09,sz000901,45.93,45.81,46.34,44.77,177295,167633444.29,3.41,-0.39,-0.18,2.22,5.248696487980903,-0.03268690231425353,46.022000000000006,45.84666666666667,45.845742191178864,5.404360435399076,5.336093692103433,5.3228436695375585,46.016,45.91981818181819,45.720227295783125,5.328970227676466,5.350437121228731,5.316662889750143,44.9305,45.63733333333333,45.17852392991864,5.242709970444103,5.299405053185804,5.279122934645117,44.376333333333335,45.03518279569892,44.65997288287403,5.216759349634868,5.259792359472188,5.257297183038107,43.105000000000004,44.202628415300545,43.666147386221006,5.235297909342716,5.240463826950806,5.228405589796949,8.22436066836111
2022-08-10,sz000901,45.87,46.28,46.92,45.41,203579,195764455.36,3.3,1.03,0.47,2.55,5.308732976736942,0.0600364887560394,45.8,45.93266666666667,45.99049479411924,5.33315081516325,5.304217872549388,5.318140105270687,46.074,45.96781818181819,45.82200415109528,5.351771859851512,5.3467576210579075,5.315221087384106,45.146,45.76585714285714,45.283426412783534,5.263768567234449,5.305692958547027,5.281942938653862,44.48133333333333,45.15800000000001,44.764490761398285,5.219038964441876,5.26572614186587,5.260615621341258,43.27583333333333,44.306726775956285,43.75184747191867,5.243596284994715,5.242871534078486,5.231039274614653,8.291733840468398
2022-08-11,sz000901,46.45,46.57,46.63,45.76,157848,151630422.81,1.88,0.63,0.29,1.98,5.198239083570862,-0.11049389316607972,46.022000000000006,46.18933333333334,46.1836631960795,5.278155559905528,5.259247295351925,5.278173098037413,46.01,46.05799999999999,45.95800339635068,5.328431573687042,5.318842570825062,5.293951632145334,45.370000000000005,45.90147619047619,45.40595723061368,5.275595706545792,5.299452055340971,5.273971142931671,44.592,45.29275268817204,44.88097522840485,5.223168292547892,5.264384214067741,5.256591328581878,43.422333333333334,44.41473224043716,43.844245915462324,5.243744390844711,5.241384412720327,5.229963858514856,8.18078634597254
2022-08-12,sz000901,46.63,45.17,46.63,45.11,206269,196020450.78,3.26,-3.01,-1.4,2.58,5.314433963113386,0.11619487954252339,45.964000000000006,45.90533333333334,45.845775464053006,5.270297180339449,5.271340096421212,5.290260053062737,45.911,45.905272727272724,45.81473005155964,5.337357744944281,5.316297550720762,5.297675692321343,45.591,45.882428571428576,45.38348511341238,5.29133261033092,5.303150936918838,5.277824744853739,44.66,45.33004301075268,44.8996219878626,5.234240986749699,5.27027232184616,5.26032311145488,43.557166666666674,44.47203278688525,43.88771326249635,5.248453407101426,5.243702103614384,5.2327333701410375,8.292301383589013
2022-08-15,sz000901,45.0,44.07,45.06,43.77,185107,170781021.54,2.86,-2.44,-1.1,2.32,5.267422842328761,-0.04701112078462444,45.58,45.274,45.25385030936867,5.267505070746171,5.2703819837509815,5.282647649484746,45.702000000000005,45.57054545454546,45.497506405821525,5.349326215065159,5.303582113881577,5.292175174140874,45.705,45.73757142857143,45.25839129308739,5.303203333064604,5.300873816156726,5.276834087470409,44.64066666666667,45.29197849462365,44.84609798864566,5.233855677598476,5.27241308672223,5.260781158608033,43.66883333333333,44.488846994535514,43.89368987684073,5.253736165286947,5.2443240523103585,5.233870729884897,8.232439606994639
2022-08-16,sz000901,44.18,44.82,45.06,43.83,156623,145735608.5,2.79,1.7,0.75,1.96,5.194855538307014,-0.0725673040217476,45.382,45.02066666666667,45.109233539579115,5.256736880811393,5.246165472937929,5.253383612425502,45.702,45.41018181818182,45.37432342294488,5.330548658105235,5.275496536289187,5.274480694898354,45.7485,45.653285714285715,45.21663974136478,5.288531903189272,5.290554978560767,5.269026606597704,44.691,45.30354838709677,44.844414247442714,5.233710371716829,5.269896948703425,5.256527892782161,43.78816666666667,44.526590163934436,43.924060700550875,5.258807745413477,5.2423935399503625,5.2325915432757855,8.16356567864457
2022-08-17,sz000901,44.82,44.36,45.11,44.01,125095,115968964.33,2.45,-1.03,-0.46,1.57,5.0972399514535685,-0.09761558685344518,44.998000000000005,44.68,44.85948902638608,5.214438275754718,5.192999829818655,5.201335725434857,45.399,45.166181818181826,45.189900982409455,5.273794545458984,5.233076771443429,5.242255105181119,45.661500000000004,45.52104761904763,45.135055004091946,5.266576207162093,5.27233669744308,5.2526659727744525,44.755,45.28219354838709,44.813161715349636,5.235889679999995,5.261092405460633,5.246251251406123,43.93183333333334,44.54533879781421,43.93835379233609,5.257387548843561,5.237096235230364,5.228153786166859,8.0643417786783
2022-08-18,sz000901,44.18,43.48,44.47,43.19,148721,136226794.54,2.89,-1.98,-0.88,1.86,5.172372296969745,0.07513234551617654,44.38,44.17399999999999,44.399659350924054,5.209264918434494,5.17897783689033,5.19168124927982,45.201,44.81727272727272,44.87900989469864,5.243710239170012,5.2146363626272025,5.229549140051778,45.5535,45.31328571428572,44.97743071798795,5.257297793942383,5.26336489647238,5.2450189560311475,44.70633333333333,45.19993548387097,44.727151282101275,5.228335303388431,5.256994509781261,5.241484867248937,44.03666666666667,44.530524590163935,43.923325799144735,5.2603306086944475,5.234308849923025,5.226324884881707,8.13426253765294
2022-08-19,sz000901,43.6,42.61,43.89,42.44,156812,141970850.86,3.33,-2.0,-0.87,1.96,5.195379293899262,0.023006996929517243,43.867999999999995,43.583999999999996,43.80310623394937,5.18545398459167,5.174349295378586,5.192913930819635,44.916,44.34618181818182,44.46646264111707,5.22787558246556,5.205848918032522,5.22333644075132,45.396,45.03295238095239,44.751961125798616,5.259298134625936,5.257467896468272,5.240291369161445,44.663666666666664,45.064688172043006,44.590560876804425,5.231435090625752,5.25486831562067,5.238510314129604,44.1115,44.483748633879785,43.88026593687769,5.260948108333516,5.2321792986182665,5.225310275341299,8.152199185156606
2022-08-22,sz000901,42.61,42.9,42.9,41.79,90887,81344854.39,2.61,0.68,0.29,1.14,4.958501768458268,-0.2368775254409945,43.634,43.26133333333334,43.502070822632916,5.123669769817571,5.098698556667452,5.114776543365846,44.607,43.97963636363637,44.18165125182305,5.19558742028187,5.156871860940286,5.175184682152583,45.3,44.7952380952381,44.57558387572256,5.251721698506435,5.228820623499924,5.2134542643325705,44.67733333333333,44.95090322580645,44.48149243313962,5.221169116130509,5.237259714190511,5.220445246666937,44.162,44.444027322404374,43.848126070094814,5.2519267498671836,5.222263025179735,5.216562455443495,7.910330086090237
2022-08-23,sz000901,42.67,42.32,42.67,42.14,87790,78473005.09,1.24,-1.35,-0.58,1.1,4.943445049025031,-0.015056719433236943,43.134,42.82333333333334,43.10804721508862,5.073387671961174,5.038623649736604,5.057666045252241,44.257999999999996,43.56381818181818,43.84316920603704,5.1650622763862835,5.111027793439043,5.133050203402119,45.137,44.51142857142857,44.360766363748986,5.247016252031375,5.199460942596933,5.187739100969948,44.70633333333333,44.798817204301066,44.342041308420946,5.216827405758164,5.219342032441769,5.202574266173912,44.120333333333335,44.38363387978143,43.79802357599334,5.23930071283226,5.2121488710537625,5.207607786380595,7.894720284048192
2022-08-24,sz000901,42.2,40.34,42.44,40.16,172132,149808897.19,5.39,-4.68,-1.98,2.16,5.2358616148455654,0.29241656582053466,42.33,41.892,42.185364810059085,5.101112004639575,5.0927816306980676,5.117064568450016,43.664,42.85145454545455,43.20622935039394,5.157775140197146,5.123900400431639,5.1517431873009265,44.869,44.05457142857142,43.97783623386813,5.25477350002433,5.198398596198285,5.19232219752953,44.65200000000001,44.5171182795699,44.083845094974436,5.228437424888682,5.2205700459312805,5.204721837055954,44.0485,44.25968852459017,43.68464575382962,5.229170625486732,5.212036113742722,5.208534141412233,8.175537606993469
2022-08-25,sz000901,40.34,40.51,40.69,39.64,108963,93366581.53,2.6,0.42,0.17,1.37,5.037279051851289,-0.19858256299427612,41.736000000000004,41.285333333333334,41.626909873372725,5.074093355615884,5.071503979768639,5.090469396250441,43.058,42.278,42.716005832140496,5.141679137025188,5.101992020732394,5.130931526310083,44.534,43.639428571428574,43.647566116356884,5.235055355356115,5.177684839229424,5.177556183655413,44.599333333333334,44.24989247311827,43.85327444368576,5.2309568500389245,5.2082372476708025,5.193919076720169,43.965,44.14367213114754,43.58055900780242,5.218248283318524,5.20574458673828,5.202919220443022,7.970191458091039
2022-08-26,sz000901,40.51,39.93,40.69,39.64,89128,76388459.31,2.59,-1.43,-0.58,1.12,4.950014161221978,-0.08726489062931098,41.2,40.68333333333333,41.06127324891516,5.025020329080426,5.030144248304006,5.043650984574287,42.534,41.70927272727273,42.209459317205855,5.105237156836048,5.0671438433136275,5.098037459930427,44.222500000000004,43.20095238095237,43.29351220051337,5.221297450890165,5.1505380588356955,5.155885514852229,44.571999999999996,43.94864516129033,43.60015996344798,5.229300792499296,5.19011191290842,5.178183275720286,43.8825,44.01137704918033,43.46086854853021,5.209320254688958,5.196950025358067,5.194627251288233,7.883027750767135
2022-08-29,sz000901,39.52,40.51,40.51,38.77,77412,66021600.37,4.36,1.45,0.58,0.97,4.888808287941675,-0.06120587328030336,40.722,40.45333333333333,40.877515499276775,5.011081632977108,4.984740234591087,4.992036752363417,42.178,41.341272727272724,41.90046671407752,5.0673757013973395,5.027793139878287,5.059995792296108,43.940000000000005,42.84738095238096,43.02841580046448,5.208350958231248,5.118872424269174,5.130449588479795,44.52933333333333,43.686580645161285,43.400794804515854,5.224594122508849,5.168144654549863,5.159513921670054,43.8135,43.90080327868853,43.364118760053806,5.198299584801402,5.186441436284387,5.184600400030969,7.819686047462274
2022-08-30,sz000901,40.34,40.63,40.92,40.05,68061,58773229.3,2.15,0.3,0.12,0.85,4.832898325766129,-0.05590996217554611,40.384,40.422666666666665,40.79501033285119,4.988972288325328,4.925345798854095,4.938990610164321,41.759,41.05981818181818,41.66947276606342,5.031179980143252,4.98516088976352,5.018705343836111,43.7305,42.53214285714286,42.799995248039295,5.180864319124242,5.083115030701067,5.102111372983256,44.41866666666667,43.43501075268818,43.2220338493858,5.202747928840599,5.142873957985817,5.138441947740768,43.75616666666667,43.7964262295082,43.27447552201925,5.189398671455269,5.174461067135688,5.173069184481302,7.769179553716617
2022-08-31,sz000901,40.57,39.52,40.63,39.29,81305,69169989.5,3.3,-2.73,-1.11,1.02,4.910117254150511,0.07721892838438205,40.22,40.13466666666667,40.37000688856747,4.923823416186317,4.899060787462489,4.929366158159718,41.275,40.652727272727276,41.27865953587007,5.012467710412945,4.963149485037568,4.998962054802366,43.337,42.13114285714286,42.48761474822602,5.143131127935964,5.057329595941663,5.083826218808708,44.199333333333335,43.11896774193548,42.983192955877044,5.181873374912376,5.123994559618715,5.123711322347848,43.694,43.65753551912568,43.15137796392026,5.182657007342303,5.1653042993552045,5.164447809716358,7.839917709752811
2022-09-01,sz000901,39.35,39.23,39.81,39.12,62903,53126840.79,1.75,-0.73,-0.29,0.79,4.798671358519615,-0.11144589563089635,39.964,39.80466666666666,39.99000459237831,4.876101877519981,4.857343434906922,4.88580122494635,40.85,40.280909090909084,40.90617598389369,4.975097616567932,4.9242774210569635,4.962545564569138,43.0255,41.739999999999995,42.17736572458544,5.109403927868972,5.024523903616298,5.05666861306689,43.98566666666667,42.798365591397854,42.741051474852725,5.163231068150899,5.099271848883697,5.102741002100865,43.64833333333333,43.51117486338798,43.02280819461139,5.176112962431476,5.152714605951181,5.152455139185317,7.725313991172988
2022-09-02,sz000901,39.29,40.86,41.33,39.17,124034,106816214.18,5.51,4.15,1.63,1.55,5.093540749584671,0.29486939106505616,40.15,40.10333333333333,40.280003061585546,4.90480719519252,4.929823058928486,4.955047733159124,40.675,40.28272727272728,40.89778035045847,4.964913762136473,4.945812536150917,4.986362870935598,42.795500000000004,41.5337619047619,42.05190232224397,5.096394672301016,5.023013124732078,5.060180245116202,43.822333333333326,42.59670967741935,42.619693315184804,5.161170010462783,5.094775699298778,5.102147437422401,43.59583333333333,43.41975409836067,42.951896450525766,5.171319394816975,5.150007320284074,5.150523519854149,8.028637181479294
2022-09-05,sz000901,40.63,41.79,43.31,40.28,171831,151460245.01,7.42,2.28,0.93,2.15,5.23510151755358,0.14156076796890904,40.406,40.65,40.78333537439037,4.974065841114902,5.039921166382172,5.048398994623943,40.564,40.485454545454544,41.060002104920564,4.992573737046005,4.9949375825903894,5.031588079411595,42.5855,41.43800000000001,42.02695924393502,5.094080578663938,5.036223300470418,5.076839413919762,43.72133333333333,42.465591397849465,42.566164714205144,5.1653390446862915,5.0995454739497985,5.11072512001151,43.556,43.360546448087426,42.91380148493476,5.1707079890323655,5.152098537422977,5.153296568959048,8.18029865502659
2022-09-06,sz000901,41.1,41.62,41.97,40.98,118418,104033709.93,2.37,-0.41,-0.17,1.48,5.073417721867593,-0.16168379568598645,40.604,41.05466666666667,41.06222358292692,5.022169720335194,5.073038459966402,5.056738570371827,40.494,40.677454545454545,41.16181990402592,5.005571004330261,5.009636488921588,5.039193468949049,42.376,41.34604761904762,41.98820122070311,5.085316640358272,5.034255409346956,5.076513538486222,43.589333333333336,42.33002150537634,42.50512182941772,5.166534502797671,5.093615066026012,5.1083181910989985,43.523,43.29707103825137,42.871381764117224,5.167853942456024,5.148908692597902,5.150677590365886,8.017174086072151
2022-09-07,sz000901,41.33,41.74,42.84,41.04,98093,86750144.87,4.32,0.29,0.12,1.23,4.991638016861687,-0.08177970500590614,41.047999999999995,41.43333333333333,41.28814905528462,5.03847387287743,5.062861225475234,5.0350383858684475,40.634,40.903999999999996,41.26694355783938,4.9811486445318724,5.007103218472756,5.030547023114984,42.149,41.28547619047619,41.96456300920758,5.06946189236451,5.025333635680614,5.068430155474362,43.45733333333333,42.21070967741935,42.45575913074561,5.163565214860177,5.082331421772078,5.100790437922399,43.506499999999996,43.23861202185793,42.83428728004781,5.1632108342283365,5.143131121266941,5.145463178119846,7.938270208721575
2022-09-08,sz000901,41.45,41.68,42.32,41.15,103721,91646972.59,2.8,-0.14,-0.06,1.3,5.01586669525879,0.024228678397102854,41.538,41.644,41.41876603685642,5.081912940225264,5.055325499602355,5.028647822331895,40.751,41.09418181818182,41.342044729141314,4.979007408872623,5.013415591332196,5.027877872595676,41.9045,41.24080952380953,41.93746177023543,5.060343272948906,5.020229331194355,5.0634241116443075,43.273,42.09604301075269,42.405710154568474,5.149706039861617,5.0728024850236,5.095311486782811,43.47933333333333,43.178726775956285,42.79644179545608,5.1618817434679105,5.138300165890891,5.141214113108008,7.962118123317077
2022-09-09,sz000901,41.79,41.85,42.32,41.15,79624,70216317.79,2.81,0.41,0.17,1.0,4.901043991061346,-0.11482270419744367,41.736,41.748000000000005,41.56251069123762,5.043413588520599,4.995035849881048,4.986113211908379,40.943,41.294000000000004,41.4344002329338,4.97411039185656,4.999240424457418,5.0048171668621615,41.7385,41.235619047619046,41.92913207783206,5.039673774346303,5.005057971014589,5.047959338255454,43.129333333333335,42.004236559139784,42.369857886531804,5.13890176454563,5.056759772197776,5.082778099962072,43.455000000000005,43.12530601092895,42.76541091691654,5.157221873777975,5.129748108434939,5.1333396828769695,7.846438050913806
2022-09-13,sz000901,42.03,42.38,42.49,41.79,105505,93991180.69,1.67,1.27,0.53,1.32,5.023273041822853,0.12222905076150692,41.854,41.962666666666664,41.83500712749175,5.001047893374453,4.988322334315132,4.998499821879871,41.13,41.55527272727273,41.60632746330946,4.9875568672446775,5.008179088087653,5.008172780491378,41.654,41.29671428571428,41.97207187994329,5.027466284321009,5.003495996488546,5.0456082624047305,43.00333333333334,41.95589247311828,42.37051221643298,5.134752927902392,5.049299854602758,5.07893906395309,43.44533333333333,43.090060109289624,42.752774493411074,5.156150579036511,5.125356343452802,5.129730940547327,7.97308710511718
2022-09-14,sz000901,41.68,42.67,43.02,41.39,152521,136564377.01,3.85,0.68,0.29,1.91,5.183329644051529,0.1600566022286758,42.064,42.23466666666666,42.1133380849945,5.023030277811241,5.049082917874157,5.060109762603757,41.333999999999996,41.83527272727273,41.799722469980466,5.022599999073217,5.043774138416172,5.040019482956859,41.5465,41.393476190476186,42.0385412247106,5.026889989608234,5.018340125986689,5.05872458446633,42.931666666666665,41.93438709677419,42.38983400892117,5.128109545773901,5.0524338362898,5.085673940088474,43.458999999999996,43.06463934426229,42.75006057559432,5.157272800108333,5.126247460338541,5.131488275088447,8.13533742785497
2022-09-15,sz000901,42.67,41.56,42.9,40.86,121545,107201734.81,4.78,-2.6,-1.11,1.52,5.084737097962795,-0.09859254608873425,42.028000000000006,42.06666666666667,41.928892056663,5.041650094031462,5.069651857924675,5.068318874390103,41.538,41.876363636363635,41.75613656634765,5.040061983454446,5.055071792759731,5.048149958412483,41.4065,41.394761904761914,41.99296586997626,5.026264846933696,5.02384937440141,5.061201966704089,42.73733333333333,41.84589247311828,42.33629633092626,5.108774746442125,5.0496356138503735,5.085613498661011,43.46666666666667,43.002377049180325,42.711042196066636,5.1587729821802855,5.123869240596064,5.129955449608918,8.030201813456696
2022-09-16,sz000901,41.56,39.93,42.14,39.93,105191,91679027.19,5.32,-3.92,-1.63,1.32,5.021978583757437,-0.06275851420535794,41.678000000000004,41.367333333333335,41.26259470444201,5.042872471731192,5.063094687833333,5.052872110845881,41.608,41.583999999999996,41.42411173610262,5.062392705978228,5.051783901905729,5.04339152665702,41.229,41.25414285714286,41.79649292997852,5.01874516127308,5.023441158860814,5.057466406423456,42.553,41.66477419354839,42.18105140635038,5.093733520572057,5.044035861419103,5.081508020280135,43.4045,42.886420765027324,42.619860484720185,5.153491148894693,5.119384178352693,5.126415224499033,7.962269996330814
2022-09-19,sz000901,40.69,39.87,41.15,39.52,102381,87727306.03,4.08,-0.15,-0.06,1.28,5.010219367179072,-0.01175921657836465,41.282000000000004,40.76466666666667,40.79839646962801,5.064707546954737,5.052210319649293,5.038654529623612,41.509,41.267999999999994,41.14154596590214,5.054060567737668,5.042297840305883,5.037360224933756,41.092,41.12471428571429,41.61301741283771,5.009487164937071,5.0226291784709085,5.052966688400181,42.36666666666667,41.49167741935484,42.031951315618095,5.082283304113234,5.038647851522782,5.076908752338132,43.32783333333334,42.77053551912567,42.52970112456542,5.147761682383023,5.114686742886607,5.1226055242590345,7.943134793050922
2022-09-20,sz000901,39.87,40.16,40.69,39.7,71960,61743361.82,2.48,0.73,0.29,0.9,4.857091154673514,-0.15312821250555864,40.838,40.39066666666666,40.58559764641868,5.0314711695248695,4.983004855555552,4.978133404640246,41.346,41.02272727272727,40.96308306301084,5.016259531449661,5.006485219748765,5.004584030340984,40.955,41.03595238095238,41.474634802091266,5.004416634247833,5.008115272731521,5.034311875664308,42.17233333333333,41.34931182795699,41.911180262997576,5.068140229592513,5.024119325752477,5.06272697184364,43.259833333333326,42.66667213114754,42.45200600572721,5.143274484739848,5.105156561650229,5.113900135092297,7.790590272378449
2022-09-21,sz000901,40.11,39.46,40.34,37.89,102144,85008003.82,6.1,-1.74,-0.7,1.28,5.0092128609985975,0.15212170632508393,40.196,39.931333333333335,40.21039843094579,4.996647812914283,4.9755854193801285,4.988493223426364,41.13,40.67981818181818,40.6897952333725,5.009839045362762,5.00520400693948,5.0054256359150955,40.812,40.89357142857143,41.28276482093972,5.007705024846511,5.0085720562315945,5.031921493315193,41.96066666666666,41.17432258064515,41.7530396008687,5.060157442026436,5.020317560036742,5.059274448563315,43.1685,42.542087431694,42.35390744816239,5.138458395830653,5.100761098576745,5.11046776544988,7.929459818081529
2022-09-22,sz000901,39.12,39.87,40.57,38.94,85427,72778867.64,4.13,1.04,0.41,1.07,4.931595155206195,-0.07761770579240235,39.858,39.82266666666667,40.09693228729719,4.966019424362964,4.9539012001441,4.969527200686308,40.943,40.45072727272727,40.5407415545775,5.003834759197213,4.990977845092831,4.992001912149841,40.7885,40.80385714285714,41.14821579037403,4.992491701864543,5.00132349721823,5.022366603971479,41.747,41.03944086021505,41.631553175006204,5.047586181308744,5.0120232189515646,5.05103707479834,43.11416666666666,42.43393989071038,42.27246785969805,5.13331257287531,5.093978697244796,5.104603089704185,7.862005294153139
2022-09-23,sz000901,40.05,38.65,41.5,38.65,110510,93714792.06,7.15,-3.06,-1.22,1.38,5.043401578910881,0.11180642370468608,39.602,39.419999999999995,39.6146215248648,4.970304023393652,4.979695251660072,4.994151993427833,40.64,40.033818181818184,40.19697036283614,5.006588247562421,4.998171812313498,5.001347306106394,40.695499999999996,40.60019047619048,40.91029047700508,4.9927978282175225,5.00617205693693,5.024369934918089,41.483,40.83963440860215,41.439194905650965,5.042424931153411,5.011753244603314,5.050544462160439,43.0375,42.287573770491804,42.15369842167516,5.132796611850652,5.09103079580334,5.102596482792929,7.971808145882576
2022-09-26,sz000901,38.42,36.61,38.47,36.49,122881,98770772.05,5.12,-5.28,-2.04,1.54,5.089484736970597,0.046083158059715856,38.949999999999996,38.422666666666665,38.61308101657654,4.986157097351957,5.019422156185721,5.025929574608755,40.116,39.30109090909091,39.54479393322956,5.025432322153347,5.013243901296803,5.0173722935362495,40.5295,40.21109523809524,40.50073900300459,4.999771357004954,5.015380333961033,5.030571344637375,41.19766666666667,40.525247311827954,41.12763394399607,5.034926623615319,5.014789361107649,5.053056737954644,42.92883333333334,42.07683606557378,41.97193781768581,5.134583805182509,5.089610734331862,5.102166589487279,7.99462844848101
2022-09-27,sz000901,36.61,37.6,37.66,36.61,71810,57769445.57,2.87,2.7,0.99,0.9,4.8561849267271695,-0.2332998102434276,38.438,37.97266666666666,38.27538734438436,4.985975851762688,4.976098099310791,4.969348025314893,39.638,38.84363636363636,39.19119503627873,5.008723510643779,4.982471647582952,4.988065499570962,40.384,39.932095238095236,40.22447814557558,4.9981401889442285,5.001705435839339,5.013963114360212,40.982,40.293139784946234,40.90004465728664,5.021218693095265,5.003257638727769,5.040355330778678,42.81133333333333,41.902120218579235,41.828595594155125,5.1275371853468705,5.08048290225136,5.094101616937767,7.761698199512245
2022-09-28,sz000901,37.37,36.26,38.07,36.26,78601,62949573.94,4.81,-3.56,-1.34,0.98,4.895428071379348,0.03924314465217815,37.798,37.24666666666666,37.603591562922915,4.963218893838838,4.945915505849678,4.9447080406697115,38.997,38.22945454545455,38.65825048422805,4.979933353376561,4.961872476807602,4.97122233080885,40.165499999999994,39.53933333333333,39.84690879837791,5.001266676224889,4.991923329404589,5.002674062647749,40.696666666666665,39.98849462365591,40.600686937461695,5.01123777753101,4.9951421147460975,5.031005185010979,42.69383333333334,41.687322404371585,41.64601868942873,5.12247407462392,5.072872767367178,5.0875877301981465,7.798992795029535
2022-09-29,sz000901,36.79,35.91,37.08,35.79,60861,48207963.82,3.56,-0.97,-0.35,0.76,4.784339083922805,-0.11108898745654283,37.006,36.617333333333335,37.039061041948614,4.93376767958216,4.886288902544334,4.891251721754076,38.432,37.66818181818182,38.15856857800477,4.949893551972561,4.926309882361464,4.937243558647751,39.985,39.134047619047614,39.4719651032943,4.994977767713503,4.971263558709151,4.981880255150135,40.415,39.67967741935484,40.298061973754486,5.000807748613317,4.980503489352019,5.015091243005291,42.585,41.46490163934427,41.45795250289008,5.118348714306657,5.061786374229437,5.077645151631741,7.683118788392088
2022-09-30,sz000901,36.03,35.5,36.26,35.27,64147,49893018.0,2.76,-1.14,-0.41,0.8,4.807176350283643,0.02283726636083827,36.376,36.11533333333333,36.526040694632414,4.886522633856712,4.844091792778161,4.863226597930598,37.989,37.135090909090906,37.67519247291299,4.928413328625182,4.900361300236206,4.913594975308822,39.7985,38.70690476190477,39.09368271250437,4.995403017301705,4.953377709430118,4.965241788019993,40.149,39.362580645161295,39.98850958835097,4.988634550390447,4.968011141072685,5.001677378958734,42.42766666666667,41.232606557377046,41.26260979787729,5.108484926889438,5.051584001638519,5.068777322079345,7.698039774957499
2022-10-10,sz000901,35.5,35.15,36.09,34.98,55773,43246344.59,3.13,-0.99,-0.35,0.7,4.746424005589004,-0.06075234469463897,36.084,35.70666666666667,36.06736046308828,4.817910487580394,4.797392250022257,4.824292400483401,37.516999999999996,36.61890909090909,37.21606656874699,4.902033792466176,4.867272332411446,4.883200253541583,39.513,38.26419047619048,38.718093882742046,4.978047180101922,4.929665422600336,4.944401999217042,39.900333333333336,39.040064516129036,39.676347679425106,4.973669374113439,4.952384654311302,4.985209419386494,42.282000000000004,40.99399453551913,41.06219636188131,5.102552232369595,5.039713151759815,5.05820836088294,7.635949404483303
2022-10-11,sz000901,35.15,35.21,35.56,34.11,56757,43480549.28,4.13,0.17,0.06,0.71,4.754019431925001,0.007595426335996969,35.605999999999995,35.415333333333336,35.78157364205885,4.79747738861996,4.776095231470461,4.800868077630602,37.022000000000006,36.19945454545454,36.851327192611166,4.891726620191324,4.840360630494869,4.859712831429476,39.184,37.85438095238095,38.38398970343328,4.953993075820493,4.908329446583486,4.926270326141609,39.644,38.73746236559139,39.388196216236395,4.966853296228996,4.938213690299145,4.970293936324462,42.16066666666667,40.76212568306011,40.87032107132782,5.094011206179753,5.028285846827205,5.048234953376122,7.638295021793425
2022-10-12,sz000901,35.04,36.32,36.38,34.69,65294,50647100.42,4.8,3.15,1.11,0.82,4.814873274895098,0.060853842970097105,35.617999999999995,35.65333333333333,35.9610490947059,4.78136642932311,4.781893860228839,4.805536476718768,36.708,36.07181818181818,36.754722248500045,4.872292661580975,4.826387294986464,4.851560184786862,38.919,37.58161904761904,38.18741925548725,4.941065853471868,4.89507994173345,4.915661083165752,39.443999999999996,38.52301075268817,39.19024807325341,4.962567570424666,4.928408527632441,4.960266796877407,42.07516666666666,40.57062841530054,40.72113021653019,5.0896974880914145,5.019133783506397,5.040583750802973,7.704554586761645
2022-10-13,sz000901,36.09,36.61,37.13,35.79,73111,58049313.28,3.69,0.8,0.29,0.92,4.8639827241521205,0.04910944925702232,35.757999999999996,35.984,36.17736606313727,4.797295157368973,4.8094326251718424,4.825018559196552,36.382000000000005,36.053999999999995,36.728409112409125,4.865531418475567,4.824876397272127,4.853818828307818,38.6625,37.361714285714285,38.037188850202746,4.9346830888363895,4.887738691322045,4.910739334688263,39.31966666666666,38.340172043010746,39.023780455624156,4.950171607401551,4.9220482149696965,4.95405492121771,41.98583333333333,40.39144262295082,40.58633906188986,5.089304516145116,5.011733299442814,5.034793553207863,7.763797086426519
2022-10-14,sz000901,36.79,37.6,37.78,36.73,80714,65109922.89,2.87,2.7,0.99,1.01,4.906948870476861,0.042966146324740606,36.178,36.598,36.65157737542485,4.817249661407617,4.845983862874473,4.852328662956655,36.277,36.275454545454544,36.88688018288019,4.851886147632165,4.832406843090545,4.863478835974917,38.4585,37.26052380952381,37.9955518168501,4.929237197597294,4.8850973371925654,4.910378338096701,39.22266666666666,38.2292258064516,38.93192365203551,4.945827268022403,4.919259651297136,4.951015821169914,41.910999999999994,40.24764480874317,40.48842630576232,5.088392059030664,5.005754425814347,5.030601924265863,7.813647181010123
2022-10-17,sz000901,37.54,38.88,39.17,37.43,102688,85126251.23,4.63,3.4,1.28,1.29,5.01151969541541,0.1045708249385493,36.924,37.498666666666665,37.3943849169499,4.870268799372898,4.91074054087707,4.905392340442907,36.504,36.74872727272727,37.249265604174695,4.8440896434766465,4.86143112450568,4.8903953558731885,38.31,37.300666666666665,38.07978497715009,4.934760982814997,4.8929337655561955,4.92001084831753,39.18766666666667,38.20711827956989,38.92857373900096,4.947877452495518,4.923497872419266,4.954919296927688,41.87983333333333,40.14826775956284,40.435691017048796,5.088589122497407,5.003234020449912,5.0299762774183066,7.930063508454363
2022-10-18,sz000901,38.65,38.88,39.23,38.47,71925,60024861.36,1.95,0.0,0.0,0.9,4.856879870562364,-0.15463982485304673,37.658,38.150666666666666,37.88958994463327,4.890840887100371,4.906277564606892,4.889221517149393,36.632,37.18072727272727,37.54576276705202,4.844159137860165,4.863756620339446,4.884301631271221,38.135000000000005,37.35495238095238,38.155995931707224,4.9264413242519725,4.88551651677023,4.913998374245609,39.13333333333333,38.1872688172043,38.925439949388,4.946813171916207,4.917627060681643,4.948594172646055,41.83133333333333,40.049912568306006,40.38468475419473,5.085703647212528,4.995636995796304,5.0243009853902425,7.778331165636079
2022-10-19,sz000901,39.0,38.71,39.35,38.53,61399,51258953.51,2.11,-0.44,-0.17,0.77,4.788161297883537,-0.06871857267882664,38.136,38.501333333333335,38.16305996308885,4.885498491698058,4.8720510348679475,4.855534777394108,36.877,37.55854545454546,37.757442263951646,4.8334324605105845,4.85357519488915,4.8668215706552775,37.937,37.40971428571429,38.208758223925585,4.906682906943573,4.872346990449428,4.902013890782555,39.06933333333333,38.15995698924731,38.911540597814586,4.945321937653454,4.90739145590534,4.93824366459686,41.74400000000001,39.9475737704918,40.32977705733588,5.0740349332470265,4.985881508933058,5.016558700553957,7.709769735490994
2022-10-20,sz000901,38.36,38.94,39.35,37.95,88614,73678799.67,3.62,0.59,0.23,1.11,4.947502340876062,0.1593410429925246,38.602,38.76933333333333,38.422039975392565,4.902202415042847,4.892718984593949,4.886190631888093,37.18,37.93363636363637,37.97245276141498,4.84974878620591,4.874315173137419,4.88149080160451,37.806,37.5052380952381,38.278400297837436,4.899821169089235,4.876234555585855,4.906346124124793,39.05,38.151612903225804,38.91337668827816,4.9465681072109735,4.9075321270809935,4.938840998550357,41.62466666666667,39.855639344262286,40.28421059643963,5.064220741061675,4.981732899347126,5.014294557613698,7.867342541986
2022-10-21,sz000901,39.29,39.06,39.58,38.71,57937,48589863.88,2.23,0.31,0.12,0.73,4.762956003515706,-0.18454633736035575,38.894000000000005,38.922,38.63469331692838,4.873403841650616,4.8463035140849025,4.845112422430631,37.536,38.275454545454544,38.17018862297589,4.845326751529116,4.858534667193745,4.859939020133819,37.7625,37.62466666666666,38.35283836471006,4.88687004007715,4.863199777912186,4.892689922162023,39.044333333333334,38.152258064516126,38.92283625677635,4.945377595377509,4.895686184907104,4.927493579515864,41.515,39.771551912568306,40.24407254409734,5.054304331764205,4.971855366968568,5.006053949282616,7.686545682428973
2022-10-24,sz000901,39.58,39.17,40.51,38.82,124708,105816351.73,4.33,0.28,0.11,1.56,5.0958943142998185,0.3329383107841126,38.952000000000005,39.014,38.81312887795225,4.890278765427498,4.9204670049679695,4.928706386387027,37.938,38.57254545454545,38.35197250970755,4.880273782400198,4.904092405879328,4.902839982709454,37.727500000000006,37.758714285714284,38.43066328235672,4.891153787433186,4.883106851647678,4.912042721413242,38.98800000000001,38.16036559139785,38.93878230472626,4.94545604753468,4.905396940966608,4.938358143050312,41.40516666666667,39.69466666666666,40.208857050848245,5.053313028998732,4.973218972953344,5.008999535020885,8.024552784120603
2022-10-25,sz000901,39.17,39.7,39.76,38.47,89634,75355077.61,3.29,1.35,0.53,1.12,4.952472777647684,-0.1434215366521343,39.116,39.263333333333335,39.1087525853015,4.909397346844562,4.941198342374699,4.936628516807247,38.387,38.892909090909086,38.59706841703345,4.9001191169724665,4.917219495924325,4.911864127243677,37.704499999999996,37.946571428571424,38.55155249356084,4.895922868581895,4.88894675547763,4.91589320295938,38.91833333333334,38.20630107526881,38.98789312377618,4.936035089537817,4.9058496332319645,4.939268764637239,41.319833333333335,39.63875956284153,40.19217321311552,5.0506870671120545,4.969912735204129,5.007146198713567,7.877112521464286
2022-10-26,sz000901,39.81,40.63,40.69,39.41,93293,79959052.42,3.22,2.34,0.93,1.17,4.969849058800926,0.017376281153241635,39.50000000000001,39.768,39.61583505686767,4.945734899028039,4.9613489130268205,4.947702030805139,38.818,39.30072727272727,38.96669234120918,4.915616695363049,4.929897667165863,4.9224068420722675,37.763,38.22519047619048,38.74949987512648,4.893954678472012,4.8959873450222995,4.921031855896669,38.88533333333333,38.316731182795706,39.0938355028874,4.932582800768928,4.908031179636036,4.941241686841349,41.23733333333334,39.61614207650274,40.20652818973468,5.049558651783299,4.967262308702123,5.005923341667251,7.902867638732677
2022-10-27,sz000901,40.69,40.4,40.8,40.11,82720,71304258.49,1.7,-0.57,-0.23,1.04,4.9176105257498675,-0.05223853305105841,39.791999999999994,40.068,39.87722337124511,4.9397565360028,4.951974121934096,4.937671529120049,39.197,39.58836363636364,39.2272937337166,4.920979475522824,4.930260181781649,4.921534784559103,37.789500000000004,38.476333333333336,38.90669036320968,4.893255446999195,4.8982402828582865,4.920706014930307,38.84066666666667,38.41445161290322,39.17810418012048,4.930115217731868,4.907065226409,4.939717095803189,41.149,39.58868852459017,40.21287152777616,5.0468402162960215,4.962936140635454,5.003027839506025,7.853115467909093
2022-10-28,sz000901,40.11,38.65,40.51,38.42,96285,81138888.3,5.17,-4.33,-1.75,1.21,4.983558634739959,0.06594810899009129,39.709999999999994,39.687333333333335,39.46814891416341,4.983877062247651,4.966574821513149,4.952967230993353,39.30200000000001,39.4889090909091,39.12233123667721,4.928640451949134,4.941638210730218,4.93281184822835,37.789500000000004,38.55828571428572,38.88224366195161,4.890263299790649,4.9068405864526445,4.926691978721702,38.73966666666666,38.402150537634405,39.14403294269335,4.92903828238124,4.910513188796617,4.942545582186207,41.00633333333333,39.50675409836066,40.16162983834087,5.039372161121429,4.9608613346827966,5.0023895049235305,7.909229053054245
2022-10-31,sz000901,38.65,40.11,40.69,38.47,96249,81958001.1,5.74,3.78,1.46,1.21,4.983396226006637,-0.00016240873332140637,39.898,39.82066666666666,39.68209927610894,4.961377444589014,4.966414542766144,4.9631102293311145,39.425,39.63581818181818,39.30190737546317,4.9258281050082555,4.951593806013402,4.942009007824401,37.9645,38.77928571428572,38.99917283700384,4.884958874242451,4.915710388949405,4.932092383225029,38.681666666666665,38.49055913978495,39.20635339800346,4.931783356879417,4.914020152901482,4.945181107593976,40.905499999999996,39.47736612021859,40.15993705675593,5.0353425607125235,4.959026058121656,5.001766774467239,7.913591357710781
2022-11-01,sz000901,40.4,40.63,40.8,39.81,105636,90779515.38,2.47,1.3,0.52,1.32,5.023811947903903,0.04041572189726583,40.084,40.06466666666667,39.99806618407263,4.9756452786402585,4.9872260438711065,4.983344135522044,39.6,39.85490909090909,39.543378761742595,4.94252131274241,4.969409050176246,4.956882269657037,38.116,39.03314285714286,39.154489709670145,4.893340225301288,4.9289344912028765,4.9408275798611125,38.62333333333333,38.61625806451613,39.29820156587421,4.931801320415451,4.919957481354675,4.950254065033326,40.81333333333334,39.468333333333334,40.17534895653442,5.033277124158922,4.958648005242684,5.002489567038932,7.95798785996275
2022-11-02,sz000901,40.4,40.8,40.98,40.22,82534,71435343.92,1.87,0.42,0.17,1.03,4.916632893647222,-0.10717905425668128,40.117999999999995,40.30333333333333,40.26537745604842,4.965002045609518,4.967555248873428,4.961107054897104,39.809,40.07309090909091,39.77185535051666,4.955368472318779,4.964702064886212,4.949564201291617,38.343,39.288761904761905,39.31120497541585,4.894400466414682,4.9311528405691565,4.938523324031219,38.56100000000001,38.75668817204301,39.395091787430715,4.922911428735308,4.91897887317608,4.9480849572019645,40.74633333333333,39.46789617486339,40.19582931861525,5.025510487254604,4.9548236042423,4.999674594140843,7.853913139948948
2022-11-03,sz000901,40.63,40.69,40.98,40.16,83044,71788464.1,2.01,-0.27,-0.11,1.04,4.919308259773282,0.002675366126060119,40.176,40.49400000000001,40.40691830403228,4.9653415924142,4.9523239869280165,4.947174123189163,39.983999999999995,40.23327272727273,39.93879074133181,4.9525490642085,4.9581456626052125,4.944063121015556,38.58200000000001,39.51228571428572,39.442518787281,4.901148925207205,4.933525011365212,4.936693317911415,38.532,38.89404301075269,39.478634252757765,4.917397134128991,4.9187464106624015,4.946228396077534,40.63466666666667,39.466049180327865,40.2120316360377,5.013085940285558,4.951341563997012,4.9970396323583,7.856054661787895
2022-11-04,sz000901,40.69,41.1,41.27,40.51,94787,82531160.49,1.87,1.01,0.41,1.19,4.976748778103798,0.057440518330516,40.666000000000004,40.802,40.63794553602152,4.963979621086969,4.956126382157882,4.957032341494042,40.188,40.436181818181815,40.1499196974533,4.9739283416673095,4.962545610586176,4.950005967758872,38.862,39.75209523809523,39.600374140873285,4.909627546598213,4.940724997355366,4.940508123644023,38.571000000000005,39.059720430107525,39.58323849451533,4.9158894739405365,4.922575548983357,4.948197452982455,40.562,39.48130601092897,40.24114535288892,5.004811497256297,4.950150181630398,4.996374358448317,7.916617951868826
2022-11-07,sz000901,41.21,41.04,41.39,40.69,92721,80732826.16,1.7,-0.15,-0.06,1.16,4.967178106865591,-0.009570671238207318,40.852,40.92666666666666,40.77196369068102,4.960735997258759,4.95719254408409,4.960414263284559,40.375,40.5910909090909,40.311752479734515,4.961056720923887,4.961318295167681,4.953128174869184,39.1565,39.95952380952381,39.73748136555202,4.920665251662042,4.946206003095115,4.943048122046077,38.61,39.21901075268817,39.677223107772406,4.91445476526342,4.9258844930430365,4.949422011297496,40.48833333333334,39.49697814207649,40.26733730853191,4.998369034688327,4.948916299978243,4.995417104298063,7.907050155805721
2022-11-08,sz000901,41.1,41.21,41.91,40.4,130401,113760224.44,3.68,0.41,0.17,1.63,5.115280921862287,0.14810281499669653,40.968,41.04600000000001,40.91797579378735,4.979029792050436,5.008707518951932,5.012036482810469,40.525999999999996,40.74290909090909,40.475070210691875,4.977337535345347,4.989359058974664,4.982610492504294,39.4565,40.155095238095235,39.87772123549945,4.938728326158907,4.9647408288284725,4.959451245838097,38.645,39.38675268817204,39.776111939529024,4.923061090836379,4.938841019275222,4.960122586172644,40.40866666666667,39.5206393442623,40.29824428202266,4.995600660214446,4.952749476606897,4.999347065529677,8.055990440215485
2022-11-09,sz000901,40.98,40.86,41.68,40.63,93291,81250176.93,2.55,-0.85,-0.35,1.17,4.9698397483674075,-0.14544117349487973,40.980000000000004,41.010000000000005,40.89865052919157,4.989671162994473,5.005644171057588,4.9979709046627825,40.549,40.80363636363636,40.54505744511153,4.977336604301995,4.987995824978674,4.98028853902486,39.683499999999995,40.28876190476191,39.971271594023314,4.946476649832522,4.967703821419757,4.960440627031364,38.69166666666667,39.529655913978495,39.846040201494894,4.921748653748673,4.94185899718045,4.9607494998626285,40.32616666666666,39.535437158469946,40.3166625022842,4.990953047887555,4.951904856546338,4.998379612507963,7.909824315369546
2022-11-10,sz000901,40.63,40.16,40.63,39.87,79963,68475497.53,1.86,-1.71,-0.7,1.0,4.902889079330585,-0.06695066903682267,40.873999999999995,40.736666666666665,40.652433686127715,4.986387326905934,4.976716809836293,4.966276962885384,40.525,40.73290909090909,40.4750470005458,4.975864459660068,4.974459911347508,4.966215909989537,39.861000000000004,40.33414285714286,39.989245727925855,4.948421967591445,4.963552624229098,4.954959527250337,38.70133333333333,39.62438709677419,39.8662956723662,4.920791784552819,4.940642250443799,4.957016569505723,40.22416666666667,39.52998907103825,40.31152602679948,4.984188982930781,4.949017513314962,4.995248775354606,7.83553519643894
2022-11-11,sz000901,41.39,40.63,41.45,40.28,123009,106770424.07,2.91,1.17,0.47,1.54,5.089936887921875,0.18704780859129055,40.779999999999994,40.65533333333334,40.64495579075181,5.009024948869549,5.0112333301749405,5.007496937897548,40.723,40.752,40.50322027317384,4.986502284978259,4.995200352849655,4.988710633249962,40.0125,40.40738095238095,40.050269944313875,4.957571368463697,4.9770302356891385,4.96781451398096,38.76733333333333,39.748817204301076,39.91556691931032,4.922342961519852,4.951554837757931,4.965592073919669,40.125166666666665,39.543295081967216,40.32196779641261,4.982383946336632,4.9524846577409,4.9983533036355,8.028450967654624
2022-11-14,sz000901,40.8,40.28,41.39,40.16,84672,73315162.86,3.03,-0.86,-0.35,1.06,4.927739818171388,-0.1621970697504871,40.628,40.48866666666667,40.52330386050121,5.001137291130709,4.984138286608887,4.980911231322162,40.74,40.67145454545455,40.46263476896041,4.980936644194734,4.984516267975679,4.977625030508403,40.082499999999996,40.43285714285714,40.07214899723636,4.953382374601494,4.9741891356613,4.96399787628481,38.88966666666666,39.84640860215053,39.93907873096772,4.916951464226545,4.951903022058031,4.96314999290365,40.04366666666667,39.54837158469945,40.3205918030876,4.975939043920931,4.9506930469813835,4.996038107390774,7.865193803637296
2022-11-15,sz000901,40.28,40.98,41.1,39.99,77437,67051073.8,2.76,1.74,0.7,0.97,4.888948519549782,-0.03879129862160635,40.582,40.605999999999995,40.67553590700081,4.955870810668207,4.946742029415245,4.950256994064702,40.77499999999999,40.71509090909091,40.55670117460397,4.967450301359322,4.967791154403869,4.961502028515926,40.1875,40.51833333333334,40.158610997499565,4.954985807050866,4.968052578037327,4.956850318500521,39.00233333333333,39.9812688172043,40.00623494187303,4.918043583987299,4.950096380465982,4.958362801074369,39.99216666666667,39.57907103825137,40.342211743969976,4.969631138541282,4.9478408986413465,4.9925269733632005,7.826405737320809
2022-11-16,sz000901,41.04,41.15,41.85,40.92,117730,103154797.36,2.27,0.41,0.17,1.47,5.070887144018541,0.18193862446875908,40.64,40.79533333333333,40.83369060466721,4.976080289798434,4.985080807198688,4.990467044049316,40.81,40.783272727272724,40.66457368831234,4.982875726396453,4.986597853069182,4.981390231334583,40.3095,40.60999999999999,40.2530289977377,4.969122099357616,4.979090800605675,4.967710968549856,39.165333333333336,40.11982795698925,40.080026235945745,4.92389221974194,4.959957255306707,4.9656224361030254,39.931000000000004,39.617032786885254,40.36869660482342,4.967564998636474,4.951160767673388,4.995096159286326,8.013489430259026
2022-11-17,sz000901,40.92,41.5,41.62,40.4,84520,73587645.24,2.96,0.85,0.35,1.06,4.926959488380276,-0.14392765563826515,40.908,41.082,41.05579373644481,4.980894371608373,4.968707206725969,4.969297858826303,40.891000000000005,40.908727272727276,40.81646938134646,4.983640849257153,4.976431264338967,4.971493732615618,40.4375,40.72338095238095,40.371788140810295,4.968094956732827,4.97507531384593,4.963829875200372,39.35166666666667,40.27045161290322,40.17163744652989,4.928646233223855,4.960155143605954,4.963128052378978,39.88333333333333,39.66847540983606,40.40578851941937,4.964726990918586,4.949829439468266,4.9928621700762905,7.866804905988471
2022-11-18,sz000901,41.56,41.15,42.09,41.04,103597,91229952.25,2.53,-0.84,-0.35,1.3,5.015347179132089,0.08838769075181307,41.012,41.162666666666674,41.08719582429654,4.965976429850415,4.980191475900542,4.984647632261565,40.896,40.955818181818174,40.87711131201074,4.987500689359982,4.982196051588957,4.979467086527703,40.542,40.79123809523809,40.44590355597122,4.980714515513646,4.9795755255030025,4.968736285098631,39.54,40.38647311827957,40.234757611269906,4.935585260852136,4.96574875301939,4.966497028298534,39.8445,39.71000546448087,40.43018889583185,4.962109905621292,4.951489117770348,4.993599383487956,7.960137447552966
2022-11-21,sz000901,41.04,40.86,41.39,40.45,77090,67013583.64,2.28,-0.7,-0.29,0.97,4.886998045671099,-0.12834913346098986,41.128,41.112,41.01146388286436,4.957828075350358,4.95386534784077,4.952097770064743,40.878,40.94927272727273,40.87400016437242,4.9794826832405334,4.963922843645523,4.962654533644684,40.6265,40.82152380952381,40.48534131254539,4.97026970208221,4.97065014742276,4.960951690867437,39.730333333333334,40.471634408602135,40.27509582989765,4.940271062188206,4.96261409397545,4.961368061677409,39.815333333333335,39.7433005464481,40.44428106318162,4.956970218150823,4.949026433837555,4.990104257657895,7.826162843028622
2022-11-22,sz000901,41.04,40.86,42.03,40.69,112195,98353162.4,3.28,0.0,0.0,1.41,5.049973502902363,0.16297545723126383,41.104,41.02266666666666,40.96097592190958,4.990033072020873,4.984580490358104,4.98472301434395,40.843,40.946000000000005,40.87145467994107,4.972951941344541,4.9767393563113105,4.978530709873352,40.6845,40.843761904761905,40.52102309230297,4.975144738344944,4.978240985596107,4.969429958680286,39.91866666666667,40.54451612903225,40.312831582807476,4.950136197887451,4.96969167079572,4.967084541756439,39.781333333333336,39.77755191256831,40.457911192257626,4.958494747058224,4.952075721862196,4.992067183731484,7.992788328574515
2022-11-23,sz000901,40.92,41.74,41.79,40.75,139993,122957474.9,2.55,2.15,0.88,1.75,5.146106320411256,0.09613281750889335,41.222,41.23466666666666,41.22065061460639,5.005076907299417,5.036604906488233,5.038517449699719,40.931,41.10909090909091,41.02937201086087,4.990578598548925,5.008221970687077,5.008999002698426,40.74,40.94428571428571,40.63711613113126,4.983957601425461,4.994523041030995,4.986256278845141,40.099333333333334,40.66202150537634,40.40490696456184,4.961177299404656,4.982334904506931,4.978634333927717,39.77166666666666,39.84177049180329,40.49994689087213,4.961872434914662,4.958226920988523,4.997117647229182,8.0897549357518
2022-11-24,sz000901,41.68,40.11,41.74,39.87,167574,144606452.59,4.48,-3.91,-1.63,2.1,5.224206636415591,0.07810031600433476,40.944,40.864000000000004,40.85043374307093,5.0645263369064795,5.109648149526957,5.100413845271676,40.926,40.95981818181818,40.862213463431615,5.022710354257425,5.050699795753744,5.048127663374274,40.7255,40.88428571428572,40.58691459483304,4.9992874069587465,5.017403901506246,5.008918217661374,40.216,40.66270967741936,40.38588070878366,4.973184763146772,4.999304539152799,4.9944777082817735,39.767833333333336,39.85286338797815,40.48716174690911,4.961678185274162,4.966828042349211,5.004563187858244,8.160187672361747
2022-11-25,sz000901,39.93,39.12,39.99,39.0,98650,83108023.91,2.47,-2.47,-0.99,1.24,4.99409708958821,-0.23010954682738127,40.538,40.256,40.27362249538062,5.060276318997704,5.0861717337542,5.064974926710521,40.775,40.631454545454545,40.545447379171314,5.0131263744240595,5.045497383995705,5.038303922685898,40.749,40.73138095238095,40.447208442944174,4.999814329701159,5.016909585566194,5.007506681654406,40.266666666666666,40.59199999999999,40.30421098563633,4.976089703783817,5.000653721503859,4.9944531522370275,39.74466666666667,39.83162295081967,40.442336771600615,4.96095848590311,4.967890957244753,5.004220037095291,7.919642956053769
2022-11-28,sz000901,38.65,39.81,39.93,38.12,96567,81140491.49,4.63,1.76,0.69,1.21,4.984828739599503,-0.009268349988706959,40.327999999999996,40.013333333333335,40.11908166358708,5.079842457783384,5.061022540621466,5.038259531006849,40.727999999999994,40.455999999999996,40.41172967386744,5.018835266566871,5.040352359482148,5.028581162124735,40.733999999999995,40.641952380952375,40.386521924568534,4.999885955380803,5.015482386508894,5.005346877649177,40.29766666666667,40.562537634408606,40.27232640591786,4.975200005256621,5.00121753026616,4.993832222389446,39.742666666666665,39.833765027322414,40.42160441843338,4.961538728876069,4.968673588513487,5.0035842568495275,7.909237634015934
2022-11-29,sz000901,39.64,40.34,40.45,39.46,82396,70450705.33,2.49,1.33,0.53,1.03,4.915906128928991,-0.06892261067051209,40.224000000000004,40.01733333333333,40.192721109058056,5.05302898298871,5.006377097670002,4.997475063647563,40.664,40.38545454545454,40.39868791498245,5.021531027504792,5.0216379708207155,5.0080947924527806,40.7195,40.60442857142857,40.38209126508582,4.994490664432057,5.007484307799197,4.996828711104397,40.346333333333334,40.565268817204306,40.27669244424574,4.977167547202174,4.997392118890186,4.988804732488772,39.73983333333333,39.85334972677596,40.41892886373065,4.961990359559191,4.9671774376955495,5.000709564130821,7.847885345485028
2022-11-30,sz000901,40.45,40.69,41.1,40.16,92325,79809157.73,2.33,0.87,0.35,1.16,4.965319316323017,0.049413187394026004,40.013999999999996,40.172666666666665,40.35848073937204,5.016871582171062,4.977140542114771,4.986756481206048,40.618,40.390181818181816,40.45165374862201,5.010974244735239,5.011417659696756,5.000317433156459,40.714,40.601619047619046,40.41141590650622,4.996924985565846,5.004706084169765,4.993827816363313,40.412333333333336,40.587440860215054,40.30335744784279,4.98307281448349,4.996627716897982,4.987289544349046,39.74083333333333,39.88450273224043,40.427816441968986,4.964197376068473,4.967286583818954,4.999549228137122,7.902052727483777
2022-12-01,sz000901,40.98,40.92,41.27,40.63,98119,85261075.1,1.57,0.57,0.23,1.23,4.991753113355231,0.02643379703221438,40.176,40.474666666666664,40.54565382624803,4.97038087755899,4.96876771917616,4.988422025255776,40.559999999999995,40.445090909090915,40.53680761250891,5.017453607232735,5.007922908536754,4.99876028410169,40.7255,40.62123809523809,40.45985248683897,5.000547228244945,5.004213524911611,4.993630225600638,40.47833333333333,40.620193548387086,40.34314083830455,4.984547840232795,4.997187736180031,4.987577516542994,39.76416666666667,39.92316393442623,40.44395360780607,4.965557973721885,4.9681900506152425,4.999293617816403,7.930750804584322
2022-12-02,sz000901,40.75,40.98,41.45,40.63,78647,68644793.79,2.0,0.15,0.06,0.99,4.895682161056003,-0.09607095229922802,40.548,40.742666666666665,40.69043588416535,4.950697891852549,4.943868147008499,4.957508737189185,40.543,40.52145454545455,40.6173880465982,5.005487105425126,4.985782645595531,4.980018807184291,40.719500000000004,40.645476190476195,40.50939034523526,4.996493897392555,4.994226375655521,4.98430183850115,40.54233333333333,40.65255913978495,40.384228526155866,4.98897204548414,4.991454466555721,4.981648783930931,39.79333333333333,39.96302732240438,40.46152889935342,4.967174820430824,4.965899040363901,4.995896520873439,7.836607604733535
2022-12-05,sz000901,41.04,41.91,42.14,41.04,124340,109765409.13,2.68,2.27,0.93,1.56,5.094610863032137,0.19892870197613366,40.968,41.196666666666665,41.09695725611024,4.972654316539076,4.991839137401694,5.003209445803503,40.648,40.77,40.85240840176216,5.02624838716123,5.001986965160442,5.000853726429353,40.763,40.758857142857146,40.64278174092714,5.002865535200881,5.003570848573577,4.994807459885053,40.63366666666666,40.74079569892473,40.482665395436136,4.9889292637752165,4.998269874139462,4.988936660001976,39.810833333333335,40.0324262295082,40.50901975511232,4.96719265565495,4.970077271268863,4.999133056681921,8.040465500489388
2022-12-06,sz000901,41.68,43.25,45.52,41.5,287070,260283222.63,9.59,3.2,1.34,3.6,5.457987809301741,0.3633769462696046,41.55,41.95733333333333,41.81463817074016,5.081070652613626,5.1536169683225825,5.154802233636249,40.887,41.24309090909091,41.28833414689632,5.067049817801168,5.080485041913263,5.083969014224333,40.865,40.99571428571429,40.89108824179122,5.020000879572854,5.046915827059373,5.038919874115215,40.751999999999995,40.90959139784946,40.661203111859614,5.005779764830352,5.028531715786335,5.01919802447293,39.835166666666666,40.14518579234973,40.598887959862736,4.970907427184085,4.986168915650725,5.014177474800603,8.415446175200907
2022-12-07,sz000901,42.14,41.97,42.61,41.68,207770,184502436.72,2.15,-2.96,-1.28,2.6,5.317582839780199,-0.14040496952154236,41.806,42.09733333333334,41.86642544716011,5.151523357305062,5.232454364044774,5.209062435684233,40.91,41.44,41.41227339291517,5.084197469738062,5.126036500454904,5.12644425523449,40.920500000000004,41.100952380952386,40.99384174257301,5.037388034143494,5.075256966126739,5.065459204178547,40.79666666666667,40.98817204301075,40.7456416207719,5.017370890862995,5.048648043202454,5.03844865771856,39.841,40.21518032786884,40.643842452981986,4.974976845815962,4.997535322621089,5.0241251916851795,8.266002106251511
2022-12-08,sz000901,41.79,40.75,41.85,40.63,128875,112333530.66,2.91,-2.91,-1.22,1.61,5.110168678291573,-0.20741416148862601,41.772,41.74533333333333,41.49428363144008,5.175206470292331,5.218669471040277,5.1760978498866805,40.974000000000004,41.41090909090909,41.29186004874877,5.072793673925661,5.130758538373724,5.123485059426686,40.95,41.08471428571429,40.97061871947082,5.047752014091543,5.082188456045604,5.069717249332168,40.80833333333333,40.98516129032259,40.745922806528554,5.023789495947718,5.054634997230105,5.043075755820045,39.82450000000001,40.244983606557376,40.647323028294046,4.976952356839792,5.001967841718649,5.0269462896067,8.050509409040167
2022-12-09,sz000901,40.8,40.28,40.92,40.05,95149,81758297.49,2.13,-1.15,-0.47,1.19,4.978404228285004,-0.13176445000656933,41.632,41.248000000000005,41.08952242096005,5.1917508837381305,5.153068723704502,5.110199976019455,41.089999999999996,41.28472727272727,41.1078854944308,5.07122438779534,5.1135968209845135,5.097106726491835,40.9325,41.02090476190476,40.90484550809265,5.042175381109699,5.075583905016409,5.0610207711372,40.86266666666667,40.951075268817206,40.715863270623494,5.02361768239922,5.051706915445412,5.038903399204881,39.80116666666667,40.259918032786885,40.63527965031719,4.976327982390229,5.002015444061116,5.025354746612546,7.912531839268173
2022-12-12,sz000901,40.34,39.99,40.45,39.64,73770,62921648.58,2.01,-0.72,-0.29,0.92,4.867879783458379,-0.11052444482662427,41.248000000000005,40.70066666666666,40.7230149473067,5.146404667823379,5.045111690277918,5.029426578499097,41.108,41.08472727272727,40.904633586352475,5.059529492181228,5.076625074741431,5.055429100485752,40.918,40.93114285714285,40.81771736446478,5.039182379374049,5.058984324287711,5.042626391358265,40.858666666666664,40.894774193548386,40.669033382196176,5.019767134314278,5.041659309062132,5.027869617543816,39.77016666666667,40.26610928961748,40.61412294047072,4.975775245596847,4.998459765407612,5.020191633066507,7.798800092842182
2022-12-13,sz000901,39.99,39.52,40.28,39.46,65713,55811483.6,2.05,-1.18,-0.47,0.82,4.817651294518242,-0.050228488940136984,40.501999999999995,40.12466666666667,40.322009964871135,5.01833736486668,4.935527232509539,4.9588348171721455,41.025999999999996,40.79600000000001,40.65288202519748,5.049704008740153,5.032647220620888,5.012196772128022,40.845,40.798,40.69412523451575,5.035617518122472,5.037886125730016,5.021200191659215,40.82166666666667,40.80840860215053,40.594902196248036,5.012895112534755,5.028619577462389,5.014307145090553,39.722500000000004,40.25790710382514,40.5782500571766,4.972348216475103,4.993275373568969,5.013550966228859,7.746723567234982
2022-12-14,sz000901,39.46,39.35,40.22,39.17,69976,59302968.4,2.66,-0.43,-0.17,0.88,4.844949113517317,0.027297818999074686,39.978,39.74066666666667,39.99800664324743,4.923810619614104,4.877731148726418,4.92087291595387,40.891999999999996,40.49127272727274,40.41599438425248,5.037666988459582,4.995419057853099,4.981788106926075,40.755,40.65561904761905,40.566113307419016,5.024320616597411,5.019727230053334,5.00441437469332,40.773333333333326,40.713462365591404,40.51458592552236,5.010505653197091,5.017784351719329,5.003380820472926,39.66716666666667,40.245693989071036,40.53797956349867,4.9667085409661995,4.989098353799862,5.008023036631759,7.773076432444789
2022-12-15,sz000901,39.35,39.64,39.76,39.29,52146,44078037.09,1.19,0.74,0.29,0.65,4.717221000307068,-0.12772811321024946,39.756,39.62800000000001,39.87867109549829,4.845221084017202,4.80886794229074,4.852988944071603,40.764,40.263636363636365,40.274904496206574,5.010213777154766,4.9371561509162785,4.93368499663171,40.662,40.54942857142857,40.47791204004577,5.013833692193751,4.990479647549493,4.977062624751772,40.73833333333334,40.64034408602151,40.45816102710156,5.0037694112148845,4.998862761210294,4.9849188965912585,39.63516666666667,40.24480327868852,40.508537610597074,4.960583272671938,4.980918434433989,4.998488543637507,7.644222246007912
2022-12-16,sz000901,39.41,38.71,39.41,38.47,73795,61483175.8,2.37,-2.35,-0.93,0.92,4.868026937080871,0.1508059367738035,39.442,39.279333333333334,39.489114063665525,4.823145625776376,4.816469893311963,4.858001608408026,40.537,39.890181818181816,39.99037640598719,5.007448254757254,4.911303998175571,4.921747167622467,40.54,40.36352380952381,40.30953946480332,5.006467680091189,4.976593289919695,4.9666782735450195,40.65866666666667,40.50948387096774,40.34537644470792,5.000145349847454,4.990105182233906,4.977377479848653,39.61483333333333,40.2144699453552,40.449569164347984,4.958017411893994,4.977883800480183,4.994211113914338,7.788756292087209
2022-12-19,sz000901,38.59,37.95,38.94,37.54,55218,45312165.14,3.62,-1.96,-0.76,0.69,4.742080672410202,-0.12594626467066927,39.034000000000006,38.782000000000004,38.97607604244369,4.79798580356674,4.789448242189905,4.8193612964087515,40.141000000000005,39.41981818181818,39.61939887762588,4.972195235695059,4.863055346839743,4.889080532129328,40.3945,40.116857142857135,40.084821420536336,4.999221811428145,4.951413574902459,4.945288025817894,40.55566666666667,40.3347311827957,40.19083602892031,4.992642102032274,4.973455848205696,4.962197040659075,39.58283333333333,40.159885245901634,40.36761607699231,4.953548433647848,4.970803907382355,4.985944542061744,7.6562148144609985
2022-12-20,sz000901,37.66,37.95,38.36,37.66,38699,31711850.84,1.84,0.0,0.0,0.48,4.587699742794285,-0.15438092961591643,38.720000000000006,38.42066666666666,38.63405069496246,4.751995493221949,4.719352888599087,4.742140778537263,39.611000000000004,39.02145454545455,39.31587180896663,4.885166429044314,4.793147075403239,4.834284024977502,40.249,39.88404761904763,39.88150509477097,4.976108123422741,4.912220996937328,4.911231998863264,40.446999999999996,40.16662365591398,40.04626596253835,4.975056062730007,4.947330534706472,4.9380359246677985,39.54600000000001,40.10634972677596,40.28834997610732,4.949058576783194,4.958808868337974,4.972887335528385,7.501221590060565
2022-12-21,sz000901,37.89,37.78,38.12,37.19,42848,34828583.76,2.45,-0.45,-0.17,0.54,4.631930555331915,0.04423081253762984,38.406,38.10733333333334,38.34936712997498,4.709391781584868,4.679331242635742,4.7054040374688135,39.192,38.688545454545455,39.03662238915451,4.816601200599486,4.747104189273711,4.79749248504194,40.051,39.64890476190477,39.68136175241183,4.950399335168774,4.879442180928677,4.884631861384088,40.34433333333333,39.99455913978495,39.90005525527781,4.9637924229621575,4.925193405196917,4.918287191162258,39.518,40.048448087431694,40.20610899328413,4.942770538355416,4.948411228290393,4.9617084247022705,7.54193581503469
2022-12-22,sz000901,38.07,37.08,38.12,36.9,50752,41125737.95,3.23,-1.85,-0.7,0.64,4.705453161301491,0.0735226059695755,37.894000000000005,37.665333333333336,37.92624475331665,4.707038213783752,4.678018369207949,4.705420412079706,38.825,38.304545454545455,38.680872863853686,4.776129648900477,4.726895454855893,4.7807580625436765,39.8995,39.365952380952386,39.433613014086895,4.924461661413069,4.856113973893699,4.867567223280984,40.24166666666667,39.783956989247315,39.718116206550214,4.957211225694522,4.908526356057519,4.904555963429305,39.471500000000006,39.96851366120219,40.10361361645514,4.93900150512367,4.940630330682066,4.953306612787491,7.614113703899977
2022-12-23,sz000901,36.9,37.13,37.37,36.61,43996,35241127.22,2.05,0.13,0.05,0.55,4.643413193374936,-0.06203996792655442,37.578,37.410666666666664,37.66082983554444,4.662115465042566,4.656810029071678,4.684751339178116,38.510000000000005,37.99636363636364,38.39889597951665,4.742630545409471,4.702765190214886,4.75578626814936,39.8,39.10219047619048,39.21422129845957,4.906927466602406,4.829347453128162,4.846219220432789,40.125,39.58320430107528,39.55114096741794,4.942327102542957,4.88828132171432,4.887708042780637,39.44616666666666,39.891743169398914,40.006118088046776,4.932335032031404,4.930938910624731,4.943146172806752,7.547049791272261
2022-12-26,sz000901,37.13,37.78,38.07,37.13,50932,41515510.34,2.53,1.75,0.65,0.64,4.706990730405702,0.06357753703076607,37.544,37.477999999999994,37.700553223696296,4.655097476641666,4.671768450859389,4.692164469587311,38.289,37.863636363636374,38.28636943778635,4.7265416401042035,4.696285223850565,4.746914352195967,39.6985,38.90980952380953,39.077628793844376,4.893035566142715,4.810305859204666,4.832959364239733,40.041666666666664,39.43191397849463,39.43687380822969,4.934968799617434,4.87309832996353,4.876048861337093,39.46566666666667,39.83711475409836,39.93313060975016,4.925960131921989,4.923550572866511,4.9354033714165535,7.618210380967775
2022-12-27,sz000901,37.83,37.89,37.89,37.54,31566,25717112.68,0.93,0.29,0.11,0.4,4.4992195521808025,-0.20777117822489988,37.532,37.59333333333334,37.763702149130864,4.637401438518969,4.619809142705768,4.627849497118476,38.126,37.791090909090904,38.214302267279734,4.6946984658704585,4.654953935137219,4.701878934011392,39.576,38.73757142857143,38.964521289668724,4.872201237305306,4.772799572160675,4.801174620234121,39.93866666666667,39.29309677419355,39.33707549802133,4.921977834038468,4.844985475290198,4.85173729300443,39.4705,39.78545355191257,39.86614272090589,4.9200107090128835,4.909559078448768,4.921102262589152,7.410222207738474
2022-12-28,sz000901,37.89,37.37,38.07,37.02,38821,31443165.21,2.77,-1.37,-0.52,0.49,4.589066718298308,0.08984716611750532,37.45,37.53933333333334,37.63246809942058,4.628828671112248,4.603697569298881,4.61492190417842,37.928000000000004,37.653636363636366,38.060792764137965,4.669110226348558,4.635748162851373,4.681367622063558,39.410000000000004,38.527476190476186,38.812662119224086,4.853388607404071,4.745834379874294,4.780973867668806,39.81266666666667,39.127376344086024,39.2101674013748,4.905917153181126,4.823507338790834,4.834790804313712,39.489,39.71658469945355,39.78430197595816,4.914904686461532,4.898708455802388,4.910215851300927,7.497526257597853
2022-12-29,sz000901,37.48,37.66,37.89,37.13,33369,27073757.43,2.03,0.78,0.29,0.42,4.523343191941299,-0.06572352635700884,37.566,37.60933333333333,37.64164539961372,4.592406677240209,4.568535742908565,4.584395666766047,37.73,37.60490909090909,37.98792135247651,4.649722445511981,4.609245065686418,4.652635907495874,39.247,38.36080952380953,38.70288477453608,4.829968111333374,4.714401483163555,4.7564376128376145,39.684666666666665,38.98849462365591,39.1101566012861,4.892463276633161,4.798825147743103,4.814697409967105,39.518166666666666,39.656617486338796,39.71465273084477,4.910554754928508,4.885870374014839,4.8975315018137255,7.432548533490237
2022-12-30,sz000901,37.66,37.83,37.89,37.6,29322,23886207.48,0.77,0.45,0.17,0.37,4.467193589411815,-0.056149602529483644,37.705999999999996,37.697333333333326,37.70443026640915,4.557162756447585,4.526798046965767,4.54532830764797,37.642,37.62309090909092,37.959208379298964,4.609639110745076,4.576058000940932,4.6189191223896815,39.0895,38.225857142857144,38.619752891246925,4.808543682751164,4.679851528694835,4.728890562987538,39.57399999999999,38.868838709677426,39.027565852816025,4.874191490309152,4.771388393728822,4.792277808640957,39.557,39.601267759562845,39.652860838030186,4.904888375580644,4.871333942358555,4.883422062062842,7.378147200346028
2023-01-03,sz000901,37.78,38.65,38.82,37.66,59823,49384222.88,3.07,2.17,0.82,0.75,4.776868188213466,0.30967459880165027,37.879999999999995,38.01199999999999,38.0196201776061,4.571138248009137,4.600033190887727,4.622508267836468,37.712,37.806363636363635,38.08480685579006,4.613117862325402,4.6064632877533676,4.647637134357642,38.9265,38.184000000000005,38.622633568271034,4.79265654901023,4.6768348149293395,4.733459860628103,39.50033333333333,38.809225806451614,39.00320676553757,4.870520495060563,4.765109471012972,4.79128363958112,39.61533333333333,39.5715300546448,39.61998015481608,4.905395778624385,4.867136559166188,4.879928492428436,7.69358822401364
2023-01-04,sz000901,38.53,38.88,38.94,38.53,46635,38822831.9,1.06,0.6,0.23,0.58,4.668711981098873,-0.10815620711459228,38.077999999999996,38.34533333333333,38.3064134517374,4.605036733792753,4.632557768584305,4.637909505590604,37.80499999999999,38.01872727272727,38.229387427464594,4.621219086155861,4.616571309348544,4.651468924674229,38.708,38.179571428571435,38.647144657007125,4.753192757600088,4.665030570366353,4.727293395911033,39.43433333333334,38.76920430107527,38.995257941954506,4.857811777667114,4.7520895668864105,4.783375790646781,39.6765,39.54742076502732,39.595718510395876,4.903973987777283,4.859376434657155,4.873003360909434,7.589087211466717
2023-01-05,sz000901,39.0,38.82,39.0,38.53,42728,35529727.02,1.21,-0.15,-0.06,0.54,4.6307125649610805,-0.037999416137792785,38.368,38.592666666666666,38.477608967824935,4.613365903125307,4.641116378973748,4.635510525380763,37.909,38.203272727272726,38.336771531561936,4.621097287118777,4.618297396404039,4.64769504109002,38.55050000000001,38.190238095238094,38.663607070625496,4.718849243859132,4.653365790115019,4.718095221534847,39.337,38.729569892473116,38.98395097795745,4.840631985818775,4.737438004776344,4.773526550279962,39.71816666666667,39.5193387978142,39.5702851166124,4.900904642611716,4.850417043745147,4.865059400386537,7.5505918707552135
2023-01-06,sz000901,38.65,38.71,38.94,38.42,44895,37308168.03,1.34,-0.28,-0.11,0.56,4.652197975895873,0.02148541093479217,38.577999999999996,38.70666666666667,38.555072645216626,4.639136859916222,4.654060403230604,4.641073008885799,38.072,38.34890909090909,38.40463125309613,4.615771768578215,4.623952067090783,4.648513756509265,38.448499999999996,38.20542857142857,38.66802544485164,4.695950708739346,4.6470180503089935,4.711819293378754,39.290333333333336,38.68911827956989,38.96627672131504,4.821565030468118,4.725280971878092,4.765698900319698,39.753166666666665,39.48628415300547,39.542079047215275,4.897374896807445,4.842262726803646,4.858080337288482,7.571803924087853
2023-01-09,sz000901,38.71,38.59,38.88,38.3,41656,34569499.76,1.5,-0.31,-0.12,0.52,4.619677564667636,-0.03252041122823712,38.730000000000004,38.710666666666675,38.56671509681109,4.669633654967385,4.647573971481075,4.633941194146411,38.218,38.443090909090905,38.438334661624104,4.613398205707485,4.6246622118343135,4.643270812538059,38.364,38.21890476190476,38.66059445010386,4.678014375558478,4.639753941349784,4.703043890644363,39.272666666666666,38.64393548387097,38.94200080381085,4.809084379637431,4.712255974084513,4.756278168987308,39.76966666666667,39.4481475409836,39.510863340749204,4.892587041710625,4.8331578962416835,4.850263852940257,7.538693095103775
2023-01-10,sz000901,38.77,38.12,38.77,37.89,41142,33809097.83,2.28,-1.22,-0.47,0.52,4.6142853998490185,-0.00539216481861704,38.624,38.507333333333335,38.417810064540724,4.637117097294496,4.629124553108285,4.6273892627139475,38.251999999999995,38.42527272727273,38.380455632237904,4.604127672651818,4.624823519860047,4.638000737503688,38.2705,38.19566666666667,38.609109264379676,4.66533465637801,4.63368451509174,4.694590701044806,39.21633333333333,38.56956989247311,38.888968493887575,4.796732934979082,4.699688297969131,4.747117345171934,39.757,39.39406010928961,39.46526126400333,4.885966470117851,4.824033252246222,4.842526854478249,7.529033582103236
2023-01-11,sz000901,38.07,37.43,38.18,37.31,53219,43397926.25,2.28,-1.81,-0.69,0.67,4.726066709776397,0.11178130992737856,38.334,38.10933333333333,38.08854004302715,4.648588043030001,4.6587744239355855,4.660281745068097,38.206,38.27581818181818,38.207645517285556,4.626812388411377,4.646994253882698,4.654012732462363,38.166,38.11561904761905,38.49681314396256,4.660755427140918,4.639468520177301,4.697588416162101,39.11933333333333,38.45432258064517,38.794841494281926,4.790404954340663,4.695129186665732,4.7457592396625445,39.73283333333333,39.3177650273224,39.39853138649502,4.883786250771419,4.818790637153059,4.838708489078189,7.637468977445706
2023-01-12,sz000901,39.46,38.12,39.64,37.95,78867,65306094.25,4.52,1.84,0.69,0.99,4.896895321132537,0.17082861135614014,38.194,38.038000000000004,38.099026695351434,4.701824594264292,4.7415435166364315,4.739152937089577,38.281,38.26018181818182,38.19170996868818,4.657595248694799,4.696100241650181,4.698173203129667,38.104499999999994,38.11123809523809,38.46092617787089,4.663352737521679,4.661958033890788,4.716570026159285,39.03366666666667,38.38984946236559,38.75130333336052,4.78812415450098,4.70199953291037,4.755509954596093,39.72299999999999,39.26488524590163,39.356612324642725,4.8855984844922355,4.819220442738669,4.840616254063577,7.814953710764351
2023-01-13,sz000901,38.07,38.88,39.64,37.95,91307,76182593.0,4.43,1.99,0.76,1.14,4.960504073753774,0.06360875262123677,38.227999999999994,38.266666666666666,38.35935113023429,4.763485813835873,4.827770009799592,4.812936649310976,38.403,38.369090909090914,38.31685361074487,4.7013113368760475,4.751174573479086,4.745869725061322,38.0665,38.185095238095236,38.50083797045461,4.675516891194014,4.690258161150987,4.739801840215903,38.96566666666667,38.37993548387097,38.759606344111454,4.787082519847599,4.7131208180234525,4.768735381638525,39.721999999999994,39.23724590163935,39.34098569104788,4.885815180040198,4.821676363698065,4.844547002250141,7.881855750504326
2023-01-16,sz000901,39.06,40.16,41.85,39.0,159907,137782556.7,7.33,3.29,1.28,2.0,5.203867475596343,0.24336340184256944,38.542,38.910666666666664,38.95956742015619,4.880323796021615,4.974563897053082,4.943246924739432,38.636,38.688545454545455,38.651971136063985,4.7749787254945,4.842548416882777,4.829142043340417,38.138999999999996,38.38447619047619,38.65885340183989,4.692308918119787,4.7405772644274,4.783998567394993,38.93833333333334,38.456989247311824,38.84995432191072,4.79735536366561,4.740010170007243,4.796808419958385,39.74033333333333,39.25160655737706,39.36783861921024,4.893163704574874,4.83210430781466,4.856328001376245,8.139194239280984
2023-01-17,sz000901,40.05,40.22,40.69,39.76,101151,86765843.03,2.32,0.15,0.06,1.27,5.004970180654378,-0.19889729494196562,38.962,39.47,39.379711613437465,4.958460752182686,5.016112691930671,4.963821343377748,38.793,38.976545454545445,38.93706729314326,4.797788924738591,4.884365045093664,4.861110795579319,38.2525,38.58266666666667,38.80753403023609,4.705453393531997,4.770354527525933,4.805043482943506,38.882,38.53967741935483,38.938344365658416,4.794367340919684,4.753404674329099,4.810238210971029,39.75783333333333,39.267333333333326,39.39577833661318,4.89164830234745,4.8357700939156265,4.861201515450937,7.938348790809199
2023-01-18,sz000901,40.22,40.98,41.21,39.99,110100,95495298.94,3.03,1.89,0.76,1.38,5.0417873189717515,0.036817138317373654,39.672,40.14266666666666,39.91314107562498,5.021604874021756,5.043888214193692,4.989810001909083,39.003,39.37418181818182,39.30850960348084,4.835096458525879,4.928728389499693,4.893961072559761,38.403999999999996,38.84242857142857,39.01443555116599,4.72815777234087,4.802386329948766,4.827590514946196,38.806333333333335,38.67503225806451,39.070064084003036,4.780493991242017,4.769367253558264,4.825176863100109,39.77916666666667,39.3074043715847,39.44772003049472,4.893136878036184,4.84069268462462,4.867122361468013,7.979981992581972
2023-01-19,sz000901,40.57,42.67,43.08,40.57,261396,232025805.86,6.12,4.12,1.69,3.27,5.417298937524483,0.3755116185527312,40.582,41.142,40.83209405041666,5.125685597300146,5.175786235361268,5.132306313780884,39.388,40.04090909090909,39.919689675575235,4.91375509578222,5.034583385681257,4.989113411644255,38.6485,39.248714285714286,39.362584546293036,4.7674261914504985,4.868018821871015,4.883753221858414,38.82966666666666,38.92430107526881,39.30231801406735,4.783817861166827,4.8104514436410035,4.86337828725652,39.81316666666667,39.40218579234972,39.553368554085054,4.900594376014911,4.857878325919319,4.885160937732159,8.365536289715626
2023-01-20,sz000901,42.73,43.02,43.89,42.55,288458,261421259.88,3.14,0.82,0.35,3.61,5.460082588042563,0.04278365051808031,41.410000000000004,41.95466666666667,41.5613960336111,5.225601300157903,5.287251898942073,5.241565071868111,39.819,40.70127272727272,40.48338246183428,4.994543556996888,5.13391565700132,5.074744170989402,38.945499999999996,39.66504761904762,39.71090982759846,4.805157662787552,4.933986097736926,4.938641732923571,38.90533333333333,39.19464516129032,39.542168464772686,4.7954816581585265,4.854081426020083,4.901875338920136,39.856833333333334,39.507327868852464,39.6670286014921,4.909635577053122,4.876222201723503,4.904010827906271,8.41734090334064
2023-01-30,sz000901,43.95,45.64,47.33,43.43,561883,533406557.73,9.07,6.09,2.62,7.04,5.749645892536474,0.2895633044939112,42.506,43.36466666666667,42.92093068907407,5.33475698354593,5.4619334297349305,5.410925345424232,40.524,41.75963636363637,41.42094928695532,5.107540389783773,5.27120699073579,5.197453574907051,39.370999999999995,40.30261904761905,40.27558508211289,4.860469297745628,5.023937357713013,5.015880224315277,39.083999999999996,39.62913978494623,39.935576950916385,4.821189713633576,4.915640408883177,4.956570213346996,39.973333333333336,39.69693989071038,39.86286372931203,4.922403698016398,4.9037635235426285,4.931736567730212,8.727058350627285
2023-01-31,sz000901,45.06,45.41,45.93,44.82,225312,212802132.36,2.43,-0.5,-0.23,2.82,5.352784322638161,-0.3968615698983129,43.544,44.33266666666667,43.750620459382716,5.4043198119426865,5.467942542765673,5.391545004495542,41.253,42.647999999999996,42.146231234781624,5.181390282062686,5.315796796709315,5.225695529039981,39.7525,40.877761904761904,40.764576979054524,4.892758977357252,5.070824502940873,5.047966328917456,39.26466666666667,40.0372688172043,40.288765534728235,4.837353198272902,4.949936835270569,4.9821324139464265,40.06166666666666,39.875191256830604,40.04473704966245,4.92856016629359,4.917874363694163,4.945541412153423,8.327975975444165
2023-02-01,sz000901,45.41,47.44,48.55,45.23,421482,408078087.5,7.31,4.47,2.03,5.28,5.624779032181173,0.2719947095430113,44.836,45.63133333333334,44.98041363958848,5.520918154584571,5.541428949511836,5.469289680390753,42.254,43.77290909090909,43.108734646639505,5.271261514303164,5.396412933094495,5.298256165974743,40.230000000000004,41.60990476190476,41.4003315524779,4.94903695135727,5.14054069863839,5.102900872085429,39.528666666666666,40.564709677419366,40.750135500229646,4.864257456195,5.00073850197433,5.023593486090604,40.17516666666666,40.1171038251366,40.287204687378434,4.938576284364879,4.940701211756051,4.967811498055972,8.610743275162067
2023-02-02,sz000901,47.21,45.06,47.21,45.06,303960,288782153.92,4.53,-5.02,-2.38,3.81,5.482816435838172,-0.14196259634300024,45.314,45.705999999999996,45.00694242639232,5.534021654247309,5.528728376596371,5.473798598873227,42.948,44.28309090909091,43.463510165432325,5.329853625773728,5.434877464282678,5.331812578677184,40.6145,42.069904761904766,41.74887140462286,4.993724437234263,5.191376840017523,5.139083306728547,39.71900000000001,40.921569892473116,41.02819127440838,4.885519700272362,5.04064553291905,5.053220773171093,40.24616666666667,40.277262295081975,40.44368977959553,4.948012676734726,4.958545151148618,4.984696905852109,8.460570351316083
2023-02-03,sz000901,45.29,45.46,45.76,44.94,188251,177902206.37,1.82,0.89,0.4,2.36,5.274737291875811,-0.2080791439623617,45.80200000000001,45.754666666666665,45.15796161759488,5.496952595013958,5.442300255805871,5.4074448298740885,43.606,44.73981818181818,43.8265083171719,5.361276947585931,5.424856312664875,5.321435253804207,41.0045,42.531380952380964,42.102312223230214,5.031294142230989,5.218139969031005,5.152002733885429,39.913,41.29195698924731,41.314114417994936,4.904103576657987,5.065756345280564,5.067512161474623,40.32566666666666,40.448207650273226,40.60815896714977,4.953936493936436,4.96925743361226,4.994206426705345,8.250181334303003
2023-02-06,sz000901,45.41,45.58,46.28,45.23,180122,171339027.64,2.31,0.26,0.12,2.26,5.2555667605435135,-0.01917053133229718,45.79,45.68066666666667,45.298641078396585,5.398136768615366,5.361838310982389,5.356818806763897,44.147999999999996,45.09872727272726,44.145324986777005,5.366446876080648,5.405636278657163,5.309459164120445,41.392,42.96714285714286,42.433520582922576,5.0707128007875735,5.2394992660131505,5.161865974519532,40.142,41.65756989247312,41.589332842640424,4.917021570773408,5.088431389402209,5.079644716253261,40.40033333333334,40.62048087431694,40.771170148554695,4.9585834603104315,4.979146950550198,5.0027756179787275,8.233856297922708
2023-02-07,sz000901,45.93,45.58,46.45,45.17,276519,262815206.3,2.81,0.0,0.0,3.46,5.4417249776358725,0.18615821709235902,45.824,45.61066666666667,45.39242738559773,5.415924899614908,5.376367713989224,5.385120863721223,44.684,45.35909090909091,44.40617498918119,5.410122355778798,5.419323206212658,5.333507493850522,41.7385,43.366,42.7331852893109,5.103955640258695,5.27483375904632,5.188519212911564,40.39633333333333,42.008408602150546,41.84679523988943,4.940343047614263,5.122283222103015,5.103004733116656,40.476,40.79030601092896,40.9288367010611,4.966492574823269,4.994987656036277,5.017167400262568,8.419650489583043
2023-02-08,sz000901,45.7,44.88,45.7,44.71,187934,176761848.6,2.17,-1.54,-0.7,2.35,5.274005357410854,-0.16771962022501885,45.312,45.29600000000001,45.22161825706516,5.345770164660844,5.329061199921207,5.348082361617767,45.074,45.39472727272727,44.49232499114824,5.433344159622708,5.3945746610548495,5.322688923588764,42.0385,43.66519047619048,42.93764383318606,5.134220309074293,5.291028970203669,5.196660750482925,40.62733333333334,42.29767741935484,42.04248586957399,4.963219901434815,5.143809822735053,5.114037031458217,40.537166666666664,40.934699453551914,41.05838303873123,4.969137982082412,5.005070042350625,5.0255883168903805,8.247388534826108
2023-02-09,sz000901,44.53,45.81,45.87,44.53,187917,178337704.17,2.99,2.07,0.93,2.35,5.273966070532823,-3.9286878030786454e-05,45.462,45.462,45.41774550471011,5.304000091599775,5.305126501878532,5.323376931256119,45.388,45.52854545454546,44.73190226548492,5.4190108729235416,5.365596826674871,5.313830223033138,42.388,44.024380952380945,43.21120156335882,5.166382984352881,5.304338090342578,5.204023161916249,40.894999999999996,42.63204301075269,42.28555129734341,4.9846210852748465,5.163857962676859,5.1243550339791595,40.619666666666674,41.10757923497268,41.21417375877282,4.9742067541185016,5.015064405906376,5.03373184979669,8.251243171452877
2023-02-10,sz000901,45.58,45.35,45.93,45.06,133803,126728189.11,1.9,-1.0,-0.46,1.68,5.126465850867078,-0.1475002196657451,45.44,45.42466666666667,45.39516366980675,5.2743458033980275,5.245948421634299,5.257739904459772,45.620999999999995,45.52163636363637,44.84428367176038,5.385649199205993,5.312406822664604,5.279763973548399,42.720000000000006,44.3064761904762,43.41489665256274,5.190096378101441,5.300536458582026,5.1966367513401375,41.17066666666666,42.91946236559141,42.483257665256744,4.998654841593699,5.173009237876357,5.1244912157138645,40.70616666666667,41.26267213114753,41.34977461914092,4.97793303364411,5.020056507439115,5.036772308848178,8.102873229036872
2023-02-13,sz000901,45.35,47.1,47.85,45.23,325093,315761093.47,5.78,3.86,1.75,4.07,5.512007618237736,0.3855417673706585,45.74400000000001,45.977999999999994,45.96344244653784,5.325633974936872,5.325169026580869,5.342495809052426,45.767,45.79054545454545,45.25441391325849,5.361885371776119,5.335381080670376,5.3219900907646425,43.1455,44.72361904761905,43.76585887612819,5.234712880779946,5.331194671928338,5.226672071997052,41.50300000000001,43.302,42.781112009433734,5.027607989089126,5.206128771853392,5.1494922739412115,40.814,41.472306010928946,41.53830659884122,4.984967545816041,5.03756714955694,5.052353794401934,8.499358617337183
2023-02-14,sz000901,46.98,46.69,48.43,46.22,248133,241558395.39,4.69,-0.87,-0.41,3.11,5.394684526323197,-0.11732309191453894,45.965999999999994,46.29333333333334,46.205628297691895,5.3162258846743375,5.348185877042978,5.359892048142683,45.894999999999996,45.958363636363636,45.515429565393305,5.366075392144623,5.3413445633153,5.335207260866198,43.574,45.061190476190475,44.04434850697312,5.273732837103655,5.346430066741981,5.242673258123351,41.8,43.63664516129033,43.03329833140576,5.050531115619708,5.2298111290943,5.165311128933598,40.920833333333334,41.66496174863387,41.707214579207076,4.992749957618572,5.051000493180125,5.063577752825581,8.383022136039843
2023-02-15,sz000901,46.69,47.91,48.73,46.34,350116,345044170.34,5.12,2.61,1.22,4.39,5.5442119581027445,0.1495274317795472,46.572,46.94133333333333,46.77375219846127,5.370267204812715,5.424181234852446,5.4213320181293705,45.94199999999999,46.324727272727266,45.950806008049064,5.35801868473678,5.373733029853139,5.373208114909206,44.098,45.474142857142866,44.412505792023296,5.314640099519972,5.37218998302761,5.27139122954996,42.134,44.03083870967741,43.34792424550862,5.085364195817107,5.26166150602869,5.189756343718704,41.03633333333333,41.894114754098375,41.91058459300357,5.003671014927788,5.069081214507475,5.079336251359258,8.5378746942241
2023-02-16,sz000901,47.44,45.64,48.32,45.23,313037,303694259.63,6.45,-4.74,-2.27,3.92,5.49559567283765,-0.048616285265094206,46.538,46.63066666666667,46.39583479897418,5.414593125273681,5.4659573908607575,5.446086569698798,46.0,46.26981818181819,45.89429582476741,5.359296608436727,5.398747027689661,5.395460398168923,44.474000000000004,45.621,44.52941000230679,5.344575117105228,5.389423847153101,5.292744033672597,42.40966666666667,44.25703225806451,43.495800100637105,5.115581827635085,5.28812805293324,5.209487913339282,41.11116666666666,42.04505464480874,42.03286050798706,5.010749490408106,5.085209891815995,5.092984101243796,8.482436583045772
2023-02-17,sz000901,46.1,46.63,47.62,45.46,264009,254401588.32,4.73,2.17,0.99,3.31,5.421618732111171,-0.07397694072647898,46.794,46.66133333333333,46.473889865982784,5.4736237015225,5.468299259806588,5.437930623836256,46.117000000000004,46.384363636363645,46.028060220264244,5.373984752460264,5.410078322903196,5.400216458885695,44.86149999999999,45.82633333333334,44.72946619256329,5.367630850023097,5.396761334296526,5.305017814476271,42.708666666666666,44.52931182795699,43.698006545757295,5.145524345640747,5.307872369351052,5.223173772614888,41.196666666666665,42.226,42.18358639297109,5.018993811136954,5.098681014494784,5.103759007173874,8.40551981844044
2023-02-20,sz000901,46.45,46.63,46.8,45.35,220645,211719871.54,3.11,0.0,0.0,2.76,5.343694090419001,-0.07792464169216995,46.7,46.60666666666667,46.525926577321854,5.439960995958753,5.424989389438754,5.406518446030505,46.222,46.47763636363637,46.13750381657983,5.382797485447813,5.404570929804785,5.389939664619024,45.184999999999995,45.9947619047619,44.910469412319166,5.374622180764231,5.394481642905658,5.30870126932796,43.002,44.78230107526882,43.88716741377296,5.174741029007653,5.320657514175457,5.230949276989347,41.288000000000004,42.40414207650272,42.32937044566056,5.024466259658402,5.109326925290917,5.111625731214698,8.32576162181325
2023-02-21,sz000901,46.57,48.32,48.67,46.4,415181,409468520.62,4.87,3.62,1.69,5.2,5.61823747060157,0.2745433801825685,47.026,47.14666666666667,47.123951051547905,5.484671584814427,5.484414880986361,5.477091454220861,46.496,46.8590909090909,46.5343213044744,5.400448734744383,5.44737819983274,5.431448356615849,45.59,46.29333333333334,45.23518661114591,5.40528554526159,5.417683099080644,5.338180907544494,43.324333333333335,45.12539784946236,44.173156612884384,5.202786671753924,5.349270187826677,5.255935612061103,41.412333333333336,42.6346994535519,42.52578452940939,5.036653583407244,5.12879483384643,5.128235952178201,8.612220519413823
2023-02-22,sz000901,47.74,49.02,50.3,47.44,453639,455483673.16,5.92,1.45,0.7,5.68,5.656710384413738,0.038472913812167775,47.248000000000005,47.81133333333334,47.7559673676986,5.507171270076626,5.541761147519465,5.53696443095182,46.910000000000004,47.318,46.98626288547906,5.438719237444671,5.493971227045351,5.472405088942738,45.992000000000004,46.620000000000005,45.595645029132015,5.4360316985336885,5.4416283218570385,5.368517048198708,43.66233333333333,45.49286021505375,44.485856186246686,5.23571995186442,5.378555588643438,5.2817920489870795,41.54833333333333,42.88413114754098,42.7387096268058,5.046765864765766,5.1491245650269715,5.1455629827433,8.658472814275866
2023-02-23,sz000901,48.84,49.13,50.59,47.97,505325,512253823.31,5.34,0.22,0.11,6.33,5.703570784669003,0.046860400255265056,47.946000000000005,48.43866666666667,48.2139782451324,5.548766292442897,5.60722765238359,5.592499882190881,47.242,47.721636363636364,47.37603326993741,5.481679708858289,5.542126053813412,5.514435215438422,46.315,46.91885714285715,45.932250264452776,5.450345290890915,5.467108234822306,5.400426927862545,44.006,45.84561290322581,44.78547836777916,5.27148189252135,5.4087395133405085,5.309003580321398,41.6715,43.132710382513665,42.94826013084496,5.0560569391700625,5.170659152564782,5.163858320511356,8.709485208530019
2023-02-24,sz000901,48.9,51.99,53.68,48.09,774680,804135134.13,11.38,5.82,2.86,9.71,5.889122343882357,0.1855515592133541,49.01800000000001,49.78666666666666,49.47265216342161,5.642267014797134,5.720679669530076,5.69137403608804,47.906,48.58490909090909,48.21493631176697,5.557945358159817,5.616206532908696,5.5825601478827735,46.7635,47.459333333333326,46.50917881069537,5.471797278682905,5.508896525583396,5.446969348435861,44.44866666666667,46.360709677419365,45.250286215019216,5.312712704787566,5.448587284396058,5.346430597325331,41.8695,43.471021857923496,43.24471061835823,5.0671388676278415,5.197972772391415,5.187637468818601,8.905329037648288
2023-02-27,sz000901,51.81,55.83,57.06,51.46,834410,919579952.71,10.77,7.39,3.84,10.45,5.9213795002588325,0.03225715637647575,50.858000000000004,52.05733333333333,51.59176810894774,5.7578040967651,5.813717164683976,5.76804252414497,48.778999999999996,50.02563636363636,49.59949334599115,5.598882546361926,5.682285467835791,5.644163666496602,47.273,48.322809523809525,47.396876066819615,5.480383959069023,5.551713880019199,5.492151267657096,45.02333333333333,47.09498924731182,45.9328483946954,5.356102769307273,5.487856109910333,5.383524074933944,42.148,43.9287431693989,43.65734305710058,5.0825935744723525,5.225980661985875,5.211694584603527,8.963589494869614
2023-02-28,sz000901,54.32,53.79,54.84,52.57,530135,576772220.05,4.07,-3.65,-2.04,6.64,5.7243864776938596,-0.19699302256497297,51.952,53.034666666666666,52.32451207263183,5.779033898183558,5.8025779583268955,5.753490508661267,49.489,50.936727272727275,50.36140364672003,5.631852741498993,5.705104364441596,5.65874963216883,47.692,48.94347619047619,48.0057450128368,5.498964066821808,5.574952215126326,5.5142689067082165,45.54566666666666,47.660580645161296,46.43976140148924,5.3931061385687675,5.511616349161081,5.405515197692648,42.381,44.310448087431695,43.98956131752352,5.094919536773925,5.2470230522554315,5.228504154868784,8.761004334635206
2023-03-01,sz000901,53.62,53.39,53.85,51.81,441849,473815673.73,3.79,-0.74,-0.4,5.54,5.645273876428117,-0.07911260126574238,52.826,53.514,52.67967471508789,5.776746596586434,5.7579912844084165,5.717418297916884,50.037,51.646,50.91205752913457,5.641958933331529,5.707544570792346,5.656299494761427,47.9895,49.48614285714286,48.518531202090436,5.499988809034155,5.58888648270788,5.526745570491064,46.07766666666667,48.16666666666667,46.88816389171575,5.423746377457158,5.527885235474588,5.42098349954655,42.598499999999994,44.67139890710383,44.29777242186701,5.107075665898909,5.265067456834257,5.242168735903515,8.67560942300106
2023-03-02,sz000901,52.92,51.87,53.74,51.7,392909,419546171.85,3.82,-2.85,-1.52,4.92,5.594291976904376,-0.05098189952374099,53.374,53.19533333333332,52.409783143391934,5.754890835033509,5.69717307784773,5.676376190912715,50.660000000000004,51.97927272727272,51.08622888747374,5.651828563738203,5.698877851441955,5.645025400605599,48.33,49.85571428571428,48.83771870665325,5.505562586087465,5.597867736790758,5.533178561578046,46.535999999999994,48.54036559139785,47.209572672895376,5.446992932649553,5.538888177374408,5.432164691634152,42.78483333333334,44.9753825136612,44.54604217852711,5.117558543575266,5.281041762113125,5.253713760198625,8.6227797627243
2023-03-03,sz000901,51.93,52.4,53.09,51.93,287613,306819247.11,2.24,1.02,0.53,3.6,5.458808512102598,-0.1354834648017782,53.455999999999996,52.87066666666667,52.406522095594624,5.668828068677557,5.598478970204093,5.603853631309343,51.237,52.29563636363636,51.325096362478504,5.655547541737346,5.663783296599117,5.611167784514143,48.677,50.24333333333333,49.17698359173389,5.514766147098805,5.593414967839818,5.526095699723242,46.98666666666667,48.918688172043005,47.54443895206342,5.463603080594513,5.5396504728229905,5.433883647793406,42.976166666666664,45.290633879781424,44.80354899234589,5.125342800221055,5.292230285671398,5.260438178293837,8.486882599903664
2023-03-06,sz000901,53.09,53.5,54.61,52.22,412125,447547118.8,4.56,2.1,1.1,5.16,5.61502896015121,0.1562204480486118,52.989999999999995,52.88533333333333,52.771014730396416,5.607557960656032,5.5805459340286445,5.607578740923299,51.924,52.70709090909091,51.72053338748241,5.682681028710566,5.656416281765275,5.611869816448156,49.07299999999999,50.70266666666667,49.58869944014018,5.532739257079189,5.602963807178142,5.534565534049714,47.431333333333335,49.33890322580645,47.928668697091595,5.477308463413008,5.549419884407294,5.445570442139071,43.18483333333333,45.63567759562842,45.08867853358045,5.13733191353931,5.308285569603534,5.272064105567849,8.65083876559065
2023-03-07,sz000901,52.92,50.01,53.09,49.89,397434,414644067.93,5.98,-6.52,-3.49,4.98,5.599265017732929,-0.01576394241828094,52.234,51.89199999999999,51.85067648693095,5.582533668663846,5.577781619720943,5.6048074998598425,52.092999999999996,52.3590909090909,51.40952731703106,5.680783783423701,5.641249734314795,5.609578034863569,49.2945,50.79190476190476,49.628823302983974,5.540616259084042,5.609299593907069,5.540727389638592,47.757666666666665,49.5052688172043,48.06294813598891,5.497118291315627,5.557288049202128,5.455486221209643,43.319833333333335,45.85945355191257,45.25003333575814,5.1457428161176555,5.323430917282014,5.2827920043273595,8.617675456565813
2023-03-08,sz000901,49.89,51.35,51.58,49.83,265708,277154183.67,3.5,2.68,1.34,3.33,5.424404630449236,-0.1748603872836929,51.826,51.59733333333333,51.68378432462064,5.53835981946807,5.525071940316073,5.544673210056308,52.326,52.224,51.39870416847996,5.6575532080272515,5.594635342864891,5.575910143151871,49.618,50.98766666666668,49.79274489317598,5.548136222735961,5.5982318197513745,5.529649031620559,48.10333333333333,49.73703225806452,48.27501599818318,5.50987220169821,5.552596845275263,5.453480957289617,43.45483333333333,46.12273770491803,45.450032242782456,5.145183096470115,5.332567370210918,5.287435041249387,8.44272143869641
2023-03-09,sz000901,51.52,51.06,51.64,50.18,189783,197319668.06,2.84,-0.56,-0.29,2.38,5.278257307475613,-0.14614732297362298,51.664,51.342000000000006,51.47585621641376,5.475152885582316,5.438371102985254,5.455867909196076,52.519000000000005,51.99381818181818,51.33712159239269,5.6150218603079125,5.525672451855503,5.521791445756188,49.8805,51.125,49.91343585573065,5.548350784583101,5.572529065917054,5.505706962654373,48.383,49.92778494623656,48.45469238539717,5.505237480696581,5.537653948873807,5.442176205688714,43.606333333333325,46.37208743169399,45.63396561187156,5.144527670931705,5.336930459096345,5.287134131945329,8.295170376201053
2023-03-10,sz000901,50.65,49.89,51.35,49.72,214996,222115620.76,3.19,-2.29,-1.17,2.69,5.332430379943105,0.054173072467492034,51.162,50.75066666666667,50.94723747760918,5.449877259150417,5.390796934438851,5.414722066111753,52.309000000000005,51.51581818181818,51.074008575594014,5.559352663913987,5.474292182698266,5.4873621610629,50.1075,51.125904761904756,49.91120386947058,5.558649011036902,5.551965217856102,5.489204430967585,48.612,50.025010752688175,48.54729287666188,5.500982407093265,5.526505103663904,5.435095829834158,43.75866666666668,46.57810928961749,45.77350772295774,5.148232032625897,5.343091203654094,5.288619254830502,8.346579102318467
2023-03-13,sz000901,49.25,50.18,50.47,49.25,166469,170322660.09,2.45,0.58,0.29,2.09,5.2213333706806635,-0.11109700926244148,50.498000000000005,50.42333333333333,50.691491651739454,5.371138141256309,5.314615638282265,5.350259167634723,51.74399999999999,51.12872727272727,50.91146156184965,5.4893480509561705,5.412834129383115,5.438993290084311,50.2615,51.13280952380952,49.93680350094957,5.544115298659049,5.519839918774557,5.46369290141645,48.763333333333335,50.126172043010754,48.65262882010305,5.483371989698072,5.508463230346962,5.421304703437158,43.92366666666667,46.788644808743165,45.91798287958207,5.152280851665824,5.345487968836218,5.2864131602682125,8.231272431270725
2023-03-14,sz000901,50.07,51.41,52.1,49.25,385399,403337249.55,5.68,2.45,1.23,4.83,5.585910583451128,0.36457721277046407,50.778000000000006,50.727333333333334,50.93099443449297,5.368467254399949,5.386206452347205,5.428809639573525,51.50599999999999,51.068,51.00210491424062,5.475500461531897,5.4303909534731085,5.465705525241914,50.4975,51.24219047619048,50.07710792943057,5.553676601515445,5.523820422088089,5.475332680657848,48.96333333333333,50.296924731182784,48.83052373493511,5.491142865058505,5.51507862349232,5.431924437631609,44.114,47.03409836065574,46.098049014677734,5.164248031665703,5.359705337091475,5.296232747913553,8.60566833241422
2023-03-15,sz000901,50.94,50.59,51.35,50.24,201233,208457607.36,2.16,-1.6,-0.82,2.52,5.303699201745304,-0.2822113817058236,50.626,50.66466666666667,50.81732962299532,5.344326168659163,5.364617101462323,5.387106160297452,51.226,50.901454545454556,50.92717674801504,5.441342994063616,5.399154360784636,5.436249830060712,50.6315,51.251,50.125954793294326,5.541650963697573,5.500013050681408,5.45898663504713,49.06833333333334,50.401870967741935,48.94403833268124,5.480440204043975,5.502985483923726,5.423651841767977,44.2985,47.2464262295082,46.24532609616371,5.172348830119487,5.364277506602281,5.296477549678529,8.319017748702828
2023-03-16,sz000901,50.12,48.84,50.42,48.67,178070,180348516.98,3.46,-3.46,-1.75,2.23,5.250590758700192,-0.05310844304511164,50.182,50.06933333333334,50.15821974866355,5.338792858904079,5.3333719648093325,5.341601026431698,50.923,50.467636363636366,50.54769006655776,5.406972872243197,5.364472136173104,5.40249363526789,50.7915,51.08038095238094,50.00348290821867,5.5294007179907005,5.472293031157848,5.439139408728374,49.19433333333333,50.38713978494624,48.93732618218567,5.4726993481393755,5.488156487449935,5.412486610602313,44.45666666666667,47.39532786885245,46.33039737169933,5.179109524205869,5.366842815736074,5.294973064728419,8.256112575431478
2023-03-17,sz000901,49.66,50.12,50.59,49.31,161762,166080639.94,2.62,2.62,1.28,2.03,5.208876507828987,-0.041714250871205394,50.228,50.04866666666667,50.14547983244237,5.314082084481255,5.290066514450969,5.297359520230795,50.695,50.32163636363636,50.46992823627453,5.381979671815837,5.3284546153705215,5.367290521188089,50.966,51.01642857142857,50.01457977410261,5.518763606776591,5.441766915904351,5.417209608642717,49.349666666666664,50.44686021505377,49.01362771881886,5.470503988671148,5.471135659042813,5.399350474939519,44.63133333333334,47.581010928961746,46.454646638200984,5.187303782664568,5.367818782412241,5.29215022679729,8.22031900959006
2023-03-20,sz000901,50.42,48.38,50.47,48.14,235833,237422195.72,4.65,-3.47,-1.74,2.95,5.372604575632441,0.16372806780345428,49.868,49.43266666666667,49.55698655496158,5.344336325471611,5.309574011501365,5.322441205364678,50.183,49.90072727272728,50.08994128422461,5.3577372333639595,5.3267500524280855,5.368256712905243,51.0535,50.770142857142865,49.85890550990236,5.520209131037263,5.427847008176337,5.412961510260787,49.443,50.384301075268816,48.972748511153135,5.474405249174112,5.464819567879027,5.39762493304874,44.792500000000004,47.703918032786895,46.5177729779321,5.195713409973761,5.373894218247255,5.294788074300081,8.375521317095929
2023-03-21,sz000901,49.77,51.35,51.81,49.48,338348,350355886.33,4.82,6.14,2.97,4.24,5.5293636136803395,0.15675903804789826,49.856,49.92666666666666,50.15465770330773,5.333026931517454,5.371249774237608,5.391415341469899,50.317,50.11290909090909,50.31904286891104,5.350747092958701,5.357954848849245,5.397548876682533,51.205,50.79838095238095,50.000914508959276,5.515765438191201,5.428718863666154,5.424047424872173,49.63533333333333,50.507333333333335,49.12611957494971,5.477326537042262,5.46836526881491,5.406124202766908,45.01583333333334,47.91891803278689,46.67620665078678,5.208834792328263,5.384833569188453,5.302479075591237,8.544509418473414
2023-03-22,sz000901,51.0,50.53,51.46,50.01,228435,236245459.75,2.82,-1.6,-0.82,2.86,5.35876264573116,-0.17060096794917978,49.844,50.15133333333333,50.279771802205154,5.344039620314624,5.379828345642177,5.380531109556986,50.235,50.151636363636364,50.357398710927214,5.344182894486893,5.359412222080602,5.390496834691374,51.2805,50.734095238095236,50.05130360334411,5.500868051257073,5.413766216765197,5.4178298268587435,49.82366666666667,50.56505376344088,49.21669250559812,5.480151779986272,5.460715985504516,5.403068618442021,45.2255,48.09971038251365,46.80256053108885,5.221685840710544,5.38974923651314,5.304324438546645,8.373363470834343
2023-03-23,sz000901,50.07,51.17,51.29,50.01,185420,192465168.29,2.53,1.27,0.64,2.32,5.268156576740394,-0.09060606899076529,50.31,50.59333333333334,50.57651453480344,5.347552783922664,5.3545339977841,5.343072931951456,50.246,50.32163636363637,50.505144399849534,5.343172821413371,5.345589255217601,5.3682531514275595,51.38250000000001,50.723571428571425,50.15784611731134,5.479097340860642,5.391603219192181,5.403575231609377,50.00233333333333,50.651913978494605,49.34271234394663,5.479958130193192,5.447038875617685,5.394364615751594,45.44866666666667,48.29461202185792,46.94575526777446,5.232289607734018,5.391272867202642,5.303138607012014,8.284352143775934
2023-03-24,sz000901,51.06,51.41,52.05,50.71,213401,223650634.91,2.62,0.47,0.24,2.67,5.329196450203092,0.06103987346269779,50.568,50.96,50.85434302320229,5.371616772397486,5.348415219877577,5.338447438035335,50.397999999999996,50.53327272727273,50.669663599876884,5.34284942843937,5.343048096815734,5.361151933023111,51.3535,50.726190476190474,50.27709886804359,5.45110104617668,5.377326943891461,5.3964915381421115,50.20433333333334,50.7427311827957,49.47608574111136,5.486715816837726,5.437312315618326,5.390160217974272,45.6875,48.490065573770494,47.09212394751955,5.242685329215712,5.394450140726218,5.3039929625264755,8.349570135406141
2023-03-27,sz000901,51.23,50.24,51.35,49.43,215495,221796242.98,3.73,-2.28,-1.17,2.7,5.333437197941757,0.004240747738665007,50.94,50.85066666666667,50.64956201546819,5.363783296859348,5.335688695059,5.336777358004142,50.403999999999996,50.504545454545465,50.59154294535381,5.354059811165479,5.341336782179802,5.356112890281047,51.074,50.62014285714285,50.27356564251563,5.421703931060825,5.3661208631071835,5.390486362884935,50.309,50.74503225806451,49.52537053200741,5.480763469494525,5.427423372463746,5.386500668294755,45.906,48.63932786885246,47.195332998420554,5.254185729291825,5.39742561183199,5.304958347294189,8.345954185334902
2023-03-28,sz000901,50.12,50.59,51.93,50.07,228000,238101639.05,3.7,0.7,0.35,2.86,5.357934847000454,0.02449764905869678,50.788,50.73400000000001,50.62970801031213,5.329497543523372,5.333739211772701,5.343829854336247,50.322,50.53836363636364,50.591262409834926,5.331262237520412,5.3420413341497985,5.356444155139121,50.914,50.57404761904762,50.30370224799033,5.403381349526155,5.360047617006196,5.387386218514984,50.439,50.76316129032258,49.59405630413597,5.479538480183767,5.419498945206064,5.38465771208222,46.1195,48.792901639344265,47.30663355584938,5.2650347979017385,5.400827222248666,5.306695281710788,8.376762385022353
2023-03-29,sz000901,50.47,49.89,50.88,49.31,166423,170343711.34,3.1,-1.38,-0.7,2.08,5.221213346490868,-0.1367215005095863,50.660000000000004,50.434666666666665,50.383138673541424,5.301987683675312,5.297644479428533,5.302957685054454,50.251999999999995,50.45981818181818,50.4637601535013,5.323013651994968,5.3220324448717,5.331856735384893,50.739,50.476523809523805,50.26430203389601,5.382178323029292,5.342698283383786,5.371560230703163,50.505,50.727741935483884,49.613149445804616,5.468771859796705,5.402832807548458,5.374112914302133,46.3195,48.916524590163924,47.39133409500186,5.277068027806906,5.399390453349949,5.303892595310135,8.231326105143408
2023-03-30,sz000901,49.72,48.67,49.72,48.03,174707,175092291.83,3.39,-2.45,-1.22,2.19,5.242310306244919,0.021096959754051348,50.160000000000004,49.77133333333333,49.81209244902762,5.296818429576218,5.277752020285068,5.282741892117943,50.235,50.17218181818182,50.13762194377379,5.322185606749441,5.307359109280781,5.3155755664503515,50.579,50.279476190476196,50.11246374495353,5.36457923949632,5.329377519880514,5.359250714088092,50.605999999999995,50.60935483870968,49.552301094462386,5.460329014243614,5.388222384738665,5.365609520233926,46.50783333333334,48.99359016393442,47.43325756729688,5.28795542093935,5.398250855921688,5.301873503865374,8.24326702735482
2023-03-31,sz000901,48.78,48.2,48.84,47.68,151780,150528745.09,2.38,-0.97,-0.47,1.9,5.181214548490415,-0.061095757754504376,49.518,49.118,49.27472829935175,5.267222049233682,5.239217393256467,5.248899444242101,50.043,49.80218181818182,49.78532704490583,5.319419410815584,5.28172800777914,5.291146290457636,50.36900000000001,50.052904761904756,49.93032434067224,5.35069954131571,5.311914215975189,5.342294888793075,50.65833333333333,50.45412903225807,49.46505586256159,5.452315541456255,5.3702149998513615,5.353713070444023,46.683499999999995,49.04907103825136,47.458396663451076,5.298919943548501,5.394751155185658,5.297917472541605,8.177619441072263
2023-04-03,sz000901,48.26,52.45,53.97,48.09,537033,567785018.58,12.2,8.82,4.25,6.73,5.730000973367266,0.5487864248768517,49.96,50.095333333333336,50.33315219956784,5.346534804318784,5.393477034634329,5.4092666206171565,50.45,50.23981818181818,50.269813036741134,5.355159050589067,5.356379200970355,5.370938050986659,50.316500000000005,50.25109523809524,50.17029345108441,5.356448141976513,5.348038161884861,5.37921927780014,50.852333333333334,50.569720430107516,49.657632903686654,5.465192437554531,5.388130189006912,5.377989709342297,46.92716666666667,49.238136612021854,47.62205578923956,5.319966733281093,5.408884959442011,5.312084144699823,8.754183929165757
2023-04-04,sz000901,52.92,52.28,53.44,51.81,323895,345472956.66,3.11,-0.32,-0.17,4.06,5.5104042438139125,-0.21959672955335385,50.298,50.86866666666666,50.982101466378566,5.377028683681476,5.4481001811327046,5.442979161682742,50.543,50.57254545454545,50.63530157551547,5.3532631136024245,5.384605599738509,5.396295540591614,50.43,50.43809523809524,50.37121788431447,5.352005103280562,5.362700647774137,5.391713084087167,50.98433333333333,50.66182795698925,49.826817877642355,5.461597996661609,5.3910470797333225,5.386532582534015,47.15433333333333,49.41363934426231,47.77477527155958,5.332192334207766,5.415128812246364,5.318586443031432,8.538414056824521
2023-04-06,sz000901,52.16,50.24,52.22,49.72,270963,279978490.17,4.78,-3.9,-2.04,3.39,5.432909992007674,-0.0774942518062387,50.368,50.849333333333334,50.73473431091905,5.419368012784837,5.466727283908104,5.439622771791053,50.514,50.51745454545455,50.56342856178538,5.360677848230075,5.399086850357644,5.402952713576352,50.3745,50.419999999999995,50.35872094295119,5.352430371358484,5.370405875271958,5.395636599127215,51.025,50.6138064516129,49.853474788762206,5.454137983581406,5.3891962407233915,5.3895246734677995,47.34366666666667,49.514808743169404,47.85560231183631,5.344928967722913,5.4184310305348875,5.322334756112619,8.44712466720183
2023-04-07,sz000901,50.12,50.3,50.71,49.83,139938,144018820.94,1.75,0.12,0.06,1.75,5.145935662664797,-0.28697432934287637,50.694,50.826666666666675,50.58982287394604,5.400093084068812,5.375583167201424,5.341727068748968,50.427,50.478545454545454,50.515532459642586,5.348455756822515,5.360042816618505,5.356222340683342,50.3365,50.41290476190477,50.35312847219393,5.345814289117944,5.350739712539226,5.371855557559366,51.06399999999999,50.56703225806452,49.88228286690658,5.435550146181267,5.3693122200190935,5.373809253415994,47.535,49.61173770491803,47.93574649833348,5.353516019351307,5.411906659877244,5.316551179278264,8.158419251097117
2023-04-10,sz000901,50.53,49.08,50.53,48.78,152851,155276596.66,3.48,-2.43,-1.22,1.91,5.184268284364438,0.03833262169964069,50.87,50.288666666666664,50.0865485826307,5.400703831243617,5.303641567299966,5.289240807287459,50.194,50.23363636363637,50.254526557889385,5.33396294023865,5.3301905488988535,5.324957966807177,50.296,50.2932380952381,50.231878141508794,5.33840618433901,5.335354378753178,5.353990102969373,50.967,50.43903225806453,49.83052268194486,5.412055010864003,5.353100486998653,5.3615808037997645,47.70783333333333,49.66239344262296,47.973263006584844,5.362383857825785,5.406357553812101,5.312214035182728,8.191106003652976
2023-04-11,sz000901,49.13,48.55,49.37,47.5,183246,182404859.56,3.81,-1.08,-0.53,2.3,5.263034503384721,0.07876621902028269,50.089999999999996,49.51533333333334,49.5743657217538,5.307310537247108,5.257751791347001,5.280505372653213,50.025,49.93472727272727,49.94461263827313,5.326922670782947,5.317294469470867,5.313699155275821,50.2145,50.12695238095238,50.071699270888914,5.340491240974212,5.328176123424196,5.345327664913692,50.724333333333334,50.283096774193545,49.74790831536778,5.390110177634865,5.343486260709667,5.355222977966537,47.87383333333333,49.69000546448087,47.99217241620501,5.373106473471069,5.4031001979287865,5.310601591517219,8.261036404452808
2023-04-12,sz000901,48.55,49.25,49.37,48.32,132990,133699728.47,2.16,1.44,0.7,1.67,5.123818986018997,-0.13921551736572368,49.484,49.23533333333333,49.46624381450253,5.229993485688125,5.19658794093763,5.228276577108475,49.891,49.79381818181818,49.81831943131437,5.303511084684801,5.280366526786511,5.2791754881382165,50.106500000000004,50.035095238095245,49.99344219747092,5.317386661102606,5.307540670571321,5.324231600257055,50.573,50.187978494623664,49.71578519824728,5.370091261245703,5.326306183831225,5.34029368816347,48.059333333333335,49.73512568306011,48.033412664854026,5.381598699907236,5.394926837684458,5.304477571664819,8.126130525256746
2023-04-13,sz000901,48.14,50.36,52.92,48.03,412061,429232391.93,9.93,2.25,1.11,5.16,5.614961512155496,0.4911425261364988,49.507999999999996,49.52733333333333,49.76416254300169,5.26640378971769,5.324910616426753,5.357171555457482,49.938,49.879090909090905,49.91680680743903,5.342885901251264,5.336993877235729,5.340227492504995,50.095000000000006,50.0592380952381,50.02835246437845,5.332949776623115,5.335881132576357,5.351920163295002,50.471999999999994,50.174236559139786,49.75734744352165,5.369080849103282,5.342104264535082,5.35801419293715,48.27483333333334,49.810557377049186,48.10969421682603,5.39641361328022,5.4025780774303005,5.314657372992382,8.632692488470145
2023-04-14,sz000901,49.83,49.43,50.82,49.13,165907,169171629.74,3.36,-1.85,-0.93,2.08,5.219864710299459,-0.39509680185603724,49.333999999999996,49.501333333333335,49.6527750286678,5.281189599244622,5.309397589954009,5.311402607071475,50.013999999999996,49.78672727272728,49.828296478813755,5.340641341656718,5.314626387971765,5.318343350285806,50.1245,49.99590476190477,49.971366515390024,5.331413474203079,5.325111126259818,5.339343453485903,50.39066666666667,50.10701075268817,49.73622825361703,5.356599940216452,5.332477416870318,5.349101323089557,48.46333333333334,49.84843169398907,48.15298293102845,5.401796436433002,5.396789588807982,5.311549416838515,8.228327533168509
2023-04-17,sz000901,49.31,48.49,49.48,47.97,185460,185329763.74,3.05,-1.9,-0.94,2.32,5.268250255446948,0.048385545147489495,49.216,49.220000000000006,49.265183352445206,5.297985993461124,5.305084475354786,5.2970184898633,50.043,49.50963636363636,49.58496984630216,5.34934491235237,5.301464372297262,5.309235514860559,50.043,49.84023809523809,49.83028399011478,5.334382161583978,5.319095581616377,5.332572672720288,50.26033333333333,49.9843870967742,49.655826430803025,5.35024799832793,5.326777437207771,5.343885125177131,48.62350000000001,49.84930601092895,48.16403267099473,5.406925539461222,5.392411025496963,5.310129772202726,8.267945172098276
2023-04-18,sz000901,48.09,47.1,48.38,46.63,195718,190912827.2,3.61,-2.87,-1.39,2.45,5.291630769148999,0.023380513702051076,48.926,48.51466666666667,48.54345556829681,5.30370524661398,5.302966067250744,5.295222582958534,49.508,48.974545454545456,49.13315714697449,5.305507891930544,5.29097089171483,5.306034652003912,49.979,49.55995238095238,49.57025694343719,5.330333471259805,5.3150240204320935,5.328673443808737,50.047,49.78049462365591,49.490934403009284,5.339468058627857,5.322995680486549,5.340513876401123,48.73916666666666,49.79935519125684,48.12914635391293,5.408388261020432,5.388630869093282,5.309523247512439,8.280835109090509
2023-04-19,sz000901,46.86,46.8,47.56,46.63,109669,106773300.69,1.97,-0.64,-0.3,1.37,5.040083883440138,-0.2515468857088612,48.436,47.806000000000004,47.96230371219788,5.286958226098209,5.21509227952613,5.210176349785735,48.959999999999994,48.482181818181814,48.70894675661549,5.258475855893167,5.242711981080212,5.257679966810499,49.7515,49.257190476190466,49.30642294882412,5.305869484747795,5.2873812025445055,5.301188723773632,49.940000000000005,49.57101075268818,49.3173257318474,5.320828687484764,5.303680572409923,5.321131296210092,48.84883333333333,49.735775956284144,48.08556778493218,5.4089734894001955,5.376555315729994,5.300689170001872,8.028462668304634
2023-04-20,sz000901,46.86,46.4,47.04,45.81,110130,105733404.71,2.63,-0.85,-0.4,1.38,5.041905639223649,0.0018217557835109588,47.644,47.12733333333334,47.44153580813192,5.1723470515118395,5.133408083901276,5.154086112931707,48.576,48.01672727272727,48.289138255412674,5.219375420614765,5.20333557804939,5.218448270885617,49.545,48.937999999999995,49.02962076322182,5.29002663442242,5.262241788685064,5.276495096673634,49.775,49.342623655913975,49.129111168502405,5.308078721110577,5.285685537038237,5.303116737694838,48.939166666666665,49.65548633879782,48.03030326739342,5.408975461404395,5.3645203042487974,5.292204464074717,8.024212217101963
2023-04-21,sz000901,46.22,46.45,48.26,46.22,212413,207672653.46,4.4,0.11,0.05,2.66,5.32718109270837,0.2852754534847213,47.048,46.72933333333333,47.11102387208795,5.193810327993621,5.185019430966787,5.211784439523928,48.191,47.63018181818182,47.95474948170128,5.237499963619121,5.222936609339135,5.23821787485339,49.309000000000005,48.643238095238104,48.78394259529593,5.292977860220819,5.265780308521821,5.281322334391228,49.62133333333334,49.12810752688173,48.956265286663545,5.3097095139516695,5.286917948109063,5.304669276727969,49.00216666666667,49.57387431693989,47.97849004551167,5.407473497324125,5.3618385216686,5.293351238784017,8.31737931197401
2023-04-24,sz000901,47.04,45.64,47.04,45.29,109947,104988121.07,3.77,-1.74,-0.81,1.38,5.0411833837539195,-0.28599770895445076,46.477999999999994,46.26,46.62068258139197,5.1483969536550145,5.134143782886887,5.154917420933925,47.846999999999994,47.16636363636364,47.53388593957377,5.22319147355807,5.187242685727281,5.202393421926214,49.0205,48.29380952380952,48.48451949098203,5.27857720689836,5.24179988219164,5.258451958140056,49.47966666666667,48.87124731182795,48.74231268752396,5.300001280745363,5.269593681644692,5.287670186858676,49.045833333333334,49.4636393442623,47.901818240740795,5.400491843919315,5.349829009748264,5.285083440258441,8.021140163397604
2023-04-25,sz000901,45.64,44.71,46.05,43.66,123420,115563091.68,5.24,-2.04,-0.93,1.55,5.091385542078368,0.0502021583244483,46.0,45.67066666666667,45.98378838759464,5.108347908240889,5.115139979028004,5.133740127982073,47.463,46.596000000000004,47.02045213237854,5.206026577427434,5.16327797091279,5.182210171044787,48.744,47.88328571428571,48.125041444221836,5.266474624105191,5.223972104589735,5.242540870896086,49.29733333333333,48.563526881720435,48.48216348187726,5.29566968645862,5.256134601730692,5.2750066613889794,49.03033333333334,49.32148087431695,47.79716846235585,5.389520838078346,5.33969437690102,5.278732689498438,8.062819152085304
2023-04-26,sz000901,44.42,45.0,45.52,44.24,74290,69876072.09,2.86,0.65,0.29,0.93,4.870930358348696,-0.22045518372967177,45.64,45.33733333333334,45.6558589250631,5.0745172032226,5.036000795730606,5.046136871437614,47.038,46.14818181818182,46.6530971992188,5.180737714660404,5.102351385625746,5.12561384146368,48.4645,47.52671428571429,47.82741844953404,5.242124399672603,5.186301222136737,5.207149393510621,49.083666666666666,48.286279569892486,48.257507773369056,5.27183701228854,5.228732064433277,5.248937222483155,49.023500000000006,49.1893387978142,47.70545802096713,5.381489938673522,5.322691410352506,5.265362121264019,7.844328484210391
2023-04-27,sz000901,44.82,45.87,46.05,44.53,95943,90977802.05,3.38,1.93,0.87,1.2,4.9820132941077375,0.11108293575904149,45.534000000000006,45.414,45.727239283375404,5.062538734199419,5.005166159358985,5.024762345660989,46.589,45.93581818181818,46.51071589026992,5.117442892855628,5.066219672797989,5.099504651035326,48.26350000000001,47.27961904761904,47.640997644816515,5.230164397053446,5.161528735892464,5.185707860234156,48.92633333333333,48.07894623655914,48.10347501379686,5.26111414870062,5.210033760034516,5.23171632387829,48.99733333333334,49.08594535519125,47.64527906946,5.370777176372298,5.309593815448712,5.2560719957834845,7.958935440417798
2023-04-28,sz000901,45.52,46.8,47.15,45.46,103720,100157606.06,3.68,2.03,0.93,1.3,5.015862508097314,0.0338492139895763,45.604,45.836,46.084826188916935,5.000275017277207,4.989607417324951,5.021795733139764,46.326,45.97418181818182,46.563313001129934,5.097042672635413,5.047750511932841,5.08429698868296,48.17,47.1402380952381,47.56090263102446,5.218842007146066,5.141119032182355,5.169532112411599,48.858333333333334,47.94176344086022,48.019379851616414,5.253289873680525,5.19421107354398,5.21779027124726,49.02633333333334,49.01390163934426,47.61756500160885,5.362994610909951,5.297957268947893,5.248196274875741,8.00068393560121
2023-05-04,sz000901,46.34,47.15,47.15,46.22,113417,109964772.85,1.99,0.75,0.35,1.42,5.0546781555520175,0.03881564745470367,45.906,46.35133333333333,46.43988412594463,5.002973971636827,5.007741796749888,5.0327565406105155,46.19199999999999,46.124,46.66998336456085,5.075685462645921,5.040047872463132,5.078911746295516,48.1175,47.04309523809523,47.521769047117374,5.212515187499146,5.125484379649588,5.158593640329734,48.75933333333334,47.83154838709678,47.963290828931484,5.248149928604625,5.181397414309883,5.207266908944342,49.0545,48.95238251366121,47.6022350015561,5.3593269586378876,5.287848532706649,5.241851418504471,8.041253581457294
2023-05-05,sz000901,46.63,46.51,47.39,45.64,99793,96274137.03,3.71,-1.36,-0.64,1.25,4.999100078682224,-0.05557807686979377,46.266,46.55266666666667,46.46325608396309,4.9845168789575975,5.006450499098353,5.021537719967752,46.132999999999996,46.18181818181818,46.64089548009524,5.046432393599243,5.026123257197006,5.06440053400219,47.820499999999996,46.89,47.42541009024905,5.175970142764894,5.1051591311908355,5.143403777315686,48.697,47.68643010752689,47.86953013029075,5.235699778706286,5.165329682056825,5.193836790862916,49.07,48.86895628415301,47.56642401789853,5.3550525139401985,5.276037815331053,5.2338923581824295,7.983509634437965
2023-05-08,sz000901,46.34,48.61,49.08,46.34,210143,209245554.99,5.89,4.52,2.1,2.63,5.322514927950754,0.3234148492685307,46.988,47.333999999999996,47.178837389308725,5.074833792878009,5.119116515429406,5.121863455962086,46.314,46.63218181818182,46.99891448371428,5.074675498050305,5.076320081624552,5.11133042381102,47.637,46.96519047619048,47.538228176892,5.166575676971736,5.119115777399013,5.160461982138073,48.60566666666667,47.68081720430107,47.91730237994941,5.228804822515299,5.170930659427436,5.202138606158906,49.1205,48.853874316939894,47.600639623869064,5.35306567977878,5.274971009233039,5.23679801620762,8.320656241031754
2023-05-09,sz000901,48.67,47.91,49.48,47.85,167372,167624168.05,3.35,-1.44,-0.7,2.1,5.223682805732555,-0.09883212221819981,47.396,47.641333333333336,47.42255825953915,5.123167695202973,5.168732853047588,5.155803239218909,46.464999999999996,46.922363636363634,47.16456639576623,5.092853214701195,5.103412319384962,5.131758129614935,47.5205,46.991190476190475,47.573635017187996,5.15611431765798,5.124554551566709,5.166483012956594,48.51833333333333,47.63593548387096,47.916831258662356,5.2243021611820115,5.170600206731774,5.203528554518496,49.17100000000001,48.81418579234974,47.6107825870209,5.352226970584142,5.2707289477889,5.236368009306799,8.224336635380515
2023-05-10,sz000901,47.74,49.02,50.01,47.74,217422,218553724.59,4.74,2.32,1.11,2.72,5.337303486370318,0.1136206806377631,47.839999999999996,48.18266666666667,47.955038839692776,5.187455890857573,5.240111450103369,5.216303321602712,46.721999999999994,47.386909090909086,47.50191796017237,5.09386545406739,5.147857823324802,5.169130012661368,47.4565,47.133999999999986,47.71138406317009,5.1656827088432555,5.141810662872646,5.182751629472187,48.44666666666667,47.66830107526882,47.988003435522856,5.226607058169676,5.17789061480844,5.212159195283131,49.2245,48.8092349726776,47.65698643662677,5.353282594181434,5.270239653224512,5.23967736921052,8.339558212130182
2023-05-11,sz000901,48.9,47.85,48.96,47.39,135062,133642370.74,3.2,-2.39,-1.17,1.69,5.13053317647059,-0.20677030989972778,47.980000000000004,48.186,47.920025893128525,5.202626895041289,5.221137211974375,5.187713273225339,46.943,47.592,47.56520560377739,5.102800433339057,5.154524681943566,5.162112406081226,47.394999999999996,47.17147619047619,47.724585580963414,5.162995953448563,5.138463088360963,5.177778443472034,48.327999999999996,47.62980645161291,47.97909998806977,5.219984949045259,5.171692299860112,5.206893000521031,49.26616666666666,48.7641693989071,47.663314750179985,5.353350382941492,5.262936393627435,5.236098871087899,8.125944171172677
2023-05-12,sz000901,47.74,46.86,48.03,46.8,102145,99817566.44,2.57,-2.07,-0.99,1.28,5.0092171127643015,-0.12131606370628845,48.05,47.81266666666667,47.566683928752354,5.204650301857703,5.156667284548712,5.12821455307166,47.158,47.57690909090908,47.436986403090586,5.094583590407651,5.137509532748157,5.134313261841785,47.3105,47.12052380952382,47.64224409706213,5.150305083917543,5.123817484486271,5.161724983404632,48.215333333333334,47.53509677419355,47.90689998883946,5.209177612872677,5.158094374938759,5.194139717439952,49.262166666666666,48.68527868852459,47.63697656164949,5.344970541183601,5.251653335588839,5.228660124913354,7.999206977526069
2023-05-15,sz000901,46.69,47.5,47.62,45.23,123914,119361123.64,5.1,1.37,0.64,1.55,5.093120376426611,0.08390326366230916,47.827999999999996,47.629333333333335,47.54445595250157,5.158771391552875,5.119490642738348,5.116516494189978,47.408,47.63909090909091,47.448443420710475,5.116802592215443,5.137243493842512,5.126823646311753,47.223,47.138571428571424,47.62869704019907,5.1487701534379235,5.118371321868088,5.155191211311487,48.11233333333334,47.488946236559144,47.880648376656275,5.20035046385355,5.150606811297078,5.187622340600382,49.275666666666666,48.62750273224044,47.63248552684131,5.339944472018658,5.2433959531377905,5.22421619873346,8.07686289850288
2023-05-16,sz000901,47.5,46.4,47.74,46.22,75679,73452815.31,3.2,-2.32,-1.1,0.95,4.878975384792373,-0.21414499163423795,47.525999999999996,47.15333333333333,47.162970635001045,5.089829907364839,5.026225307151514,5.037336124390777,47.461,47.45581818181819,47.25781734421766,5.106498801283906,5.094002183401954,5.081760326035502,47.025,47.06019047619047,47.51167827446582,5.111970847069768,5.0926765819970825,5.128884942119191,47.995999999999995,47.378473118279565,47.78512267493652,5.188942531796932,5.129872935228615,5.167709633774059,49.2505,48.53321857923497,47.59207616530553,5.328857195796818,5.228282212572993,5.212896827784571,7.866008446146236
2023-05-17,sz000901,46.34,48.09,48.32,46.1,153103,151012585.23,4.78,3.64,1.69,1.92,5.18498370063086,0.3060083158384872,47.34,47.34133333333333,47.47198042333403,5.0593659502169475,5.057943238240187,5.086551983137472,47.589999999999996,47.57018181818182,47.40912328163263,5.12341092053726,5.1082721651014,5.100528212325567,46.958,47.16161904761904,47.56675653404051,5.110226796586337,5.09963018709814,5.134227681025064,47.976666666666674,47.384537634408595,47.80479217977933,5.18703164494313,5.129617526766287,5.168824089700305,49.291333333333334,48.495169398907116,47.608401536934856,5.323680329593372,5.22356504879706,5.211981643287728,8.179013142446703
2023-05-18,sz000901,48.49,49.02,49.31,48.14,184206,185031786.72,2.43,1.93,0.93,2.31,5.265303772030499,0.08032007139963948,47.574,47.90133333333333,47.98798694888936,5.086320069328929,5.126589178844705,5.146135912768481,47.777,47.83018181818181,47.702009957699424,5.144473482185108,5.134070865372899,5.13048740499919,46.9845,47.358000000000004,47.7051606736557,5.1100794724155145,5.114399422854726,5.146711118263677,48.004000000000005,47.451849462365594,47.8831926843097,5.189834619061133,5.134667341417086,5.175048585334512,49.33116666666667,48.486273224043714,47.65468345375666,5.321075080258694,5.221651063303196,5.2137299098038845,8.267246342517925
2023-05-19,sz000901,49.02,48.38,49.31,48.14,101548,101574413.02,2.39,-1.31,-0.64,1.27,5.006671374343314,-0.25863239768718493,47.878,48.17,48.11865796592624,5.085810921644731,5.1000396138495,5.099647733293426,47.964,47.93981818181818,47.825280874481344,5.145230611751217,5.10901593667439,5.107975399425394,47.048500000000004,47.49090476190477,47.76943108568849,5.09583150267523,5.104551032562136,5.1333739997950705,47.86833333333333,47.47610752688173,47.91524476919295,5.165723632427001,5.122850357886903,5.164185539464112,49.36033333333333,48.455087431694,47.678464324125294,5.315458034990767,5.211342745076462,5.206941105362554,8.006784321297129
2023-05-22,sz000901,48.26,47.91,48.38,47.33,76228,75133408.7,2.17,-0.97,-0.47,0.95,4.882114525301209,-0.12455684904210518,47.96,48.18066666666666,48.0491053106175,5.043609751419652,5.032140815068327,5.027136663962687,47.894000000000005,47.93,47.84068435184837,5.101190571486263,5.061176648228935,5.066909785948269,47.104,47.57295238095238,47.782818601337205,5.087933034768284,5.084197034716991,5.109444526033751,47.72266666666667,47.47879569892473,47.91490639698696,5.144780641809912,5.104552996136853,5.145987409518119,49.353500000000004,48.40753551912569,47.686055657760534,5.30318931923576,5.197134761152215,5.196291053557263,7.875833092633429
2023-05-23,sz000901,47.79,46.86,48.09,46.8,72868,71162691.56,2.69,-2.19,-1.05,0.91,4.862536849655386,-0.01957767564582369,48.052,47.814,47.652736873745,5.040322044392253,4.971783181146904,4.972270059193587,47.789,47.742,47.66237810605776,5.065075975878546,5.017785062441502,5.029751070258653,47.127,47.54971428571429,47.694931115495564,5.078964595289871,5.0627307313729055,5.085929509235811,47.61,47.42313978494623,47.846847919762,5.125768203731502,5.086343719223659,5.12770027662375,49.317499999999995,48.32578142076503,47.65897186570281,5.289953093656454,5.182687139198758,5.185348292773595,7.852252365881104
2023-05-24,sz000901,46.69,46.51,47.5,45.99,78162,75677423.09,3.22,-0.75,-0.35,0.98,4.8929956635286675,0.030458813873281976,47.736000000000004,47.3,47.27182458249667,4.9819244369718145,4.922674387525709,4.945845260638614,47.538,47.509454545454545,47.45285481404726,5.020645193594381,4.986497732923342,5.004886450853201,47.13,47.490952380952386,47.58208053306741,5.057255323830885,5.045019404538505,5.067554857263702,47.483666666666664,47.35217204301074,47.76059966687413,5.117336870426964,5.071326135984766,5.112558043520842,49.273833333333336,48.23373224043717,47.62130065699124,5.276443508304115,5.169672141489651,5.175762960667203,7.8789663353804285
2023-05-25,sz000901,45.99,46.22,47.1,45.35,82580,79187977.84,3.76,-0.62,-0.29,1.03,4.9168748785386835,0.023879215010015997,47.176,46.794666666666664,46.92121638833112,4.912238658273452,4.9009912013813315,4.936188466605304,47.375,47.26981818181819,47.228699393311395,4.9992793638011905,4.967630402913216,4.988884346796016,47.159,47.40428571428572,47.45235857753718,5.0510398985701235,5.0316498383202,5.053204383099414,47.38833333333333,47.27064516129032,47.66120613997903,5.108423756899439,5.058393104250037,5.099933323199412,49.17766666666667,48.13360655737705,47.57535637315546,5.260239383881721,5.1578830060875065,5.167274826826924,7.898659252876597
2023-05-26,sz000901,46.34,47.85,47.97,45.52,124139,120914037.98,5.3,3.53,1.63,1.56,5.093908242610268,0.1770333640715842,47.07,47.01933333333333,47.23081092555408,4.929686031926844,4.961547729493604,4.988761725273625,47.474000000000004,47.356181818181824,47.34166313998205,5.007748476785787,4.984835653605774,5.007979600580424,47.315999999999995,47.47009523809523,47.490229189200306,5.051166033596719,5.035732537752595,5.057080941148067,47.365,47.300430107526886,47.67338638901264,5.102786214873624,5.057456619457188,5.099544608322693,49.044666666666664,48.090076502732245,47.58436108223233,5.246448196254245,5.152429526045819,5.164869365049329,8.0824767248751
2023-05-29,sz000901,48.43,47.56,48.73,47.39,102967,102023528.72,2.8,-0.61,-0.29,1.29,5.012698059518269,-0.0812101830919989,47.0,47.18266666666667,47.340540617036055,4.955802738770254,4.989218405357412,4.9967405033551735,47.48,47.37181818181818,47.38136075089441,4.999706245094953,4.985735577738954,5.008837502205487,47.444,47.49333333333333,47.496874028324086,5.058254418655197,5.032068921173695,5.052854000040467,47.30866666666667,47.31301075268818,47.666071138108606,5.099082183990266,5.051644480402004,5.093941605174021,48.94083333333334,48.04139890710382,47.58356235822471,5.234586722617985,5.144765587136443,5.159880141917163,8.00870034053531
2023-05-30,sz000901,47.68,47.97,48.26,47.1,88478,87186494.99,2.44,0.86,0.41,1.11,4.946835297066627,-0.06586276245164147,47.221999999999994,47.506,47.550360411357374,4.972662428252503,4.98622925812287,4.980105434592325,47.637,47.460909090909084,47.4883860689136,5.006492236322378,4.97612267809744,4.99756437399842,47.549,47.543428571428564,47.541933644674174,5.056495518803142,5.021457576260498,5.042756980709625,47.229000000000006,47.355677419354826,47.68567945177902,5.076811310153971,5.041822100600479,5.084450875618706,48.850500000000004,48.00956830601092,47.5962324448403,5.222946079628627,5.135331114167547,5.152895065036818,7.940449218813902
2023-05-31,sz000901,47.91,48.14,48.49,47.68,88907,88353750.83,1.69,0.35,0.17,1.11,4.9489359560398665,0.002100658973239078,47.548,47.812000000000005,47.74690694090492,4.983850486754743,4.978320434051992,4.969715608408173,47.641999999999996,47.55236363636364,47.606861329111126,4.982887461863279,4.965657899864256,4.9887228434605015,47.616,47.59971428571428,47.5988923451814,5.053149191200269,5.0112138083782805,5.033821645026792,47.186,47.414451612903235,47.714990454890064,5.067780351678651,5.033572077754407,5.075707977581362,48.78833333333333,47.9862732240437,47.61406088927176,5.2121901459475515,5.126347175689226,5.146207881135278,7.946224991083239
2023-06-01,sz000901,47.97,48.26,48.96,47.15,118934,118121600.09,3.76,0.25,0.12,1.49,5.07530602536371,0.1263700693238432,47.956,48.04933333333334,47.91793796060328,5.0155367161197475,5.008805613588313,5.004912414060018,47.565999999999995,47.66472727272727,47.72561381472728,4.963887687196601,4.982461275046153,5.004465240170176,47.6715,47.66104761904763,47.66185497897365,5.0541805846908545,5.013323983060514,5.037772538392212,47.17833333333333,47.48374193548387,47.750152361026196,5.061348877342543,5.034057605088927,5.075682045180223,48.71933333333334,47.96895081967213,47.63523922077104,5.205798437835237,5.121859171735657,5.143883230126374,8.072329321340373
2023-06-02,sz000901,48.26,48.43,48.9,47.79,87634,87138910.8,2.3,0.35,0.17,1.1,4.942672635249994,-0.13263339011371578,48.072,48.20733333333333,48.08862530706885,4.985289594647693,4.984517586631728,4.984165821123344,47.571,47.82181818181819,47.853684030231406,4.957487813287268,4.978603992874043,4.9932302210937785,47.7675,47.733285714285714,47.73501164764283,5.051359212519243,5.00270417835186,5.02871540475962,47.22266666666667,47.564494623655925,47.79401349902451,5.049716939545909,5.026401073341021,5.067100792926659,48.63483333333333,47.9594644808743,47.66129695123756,5.194592499086883,5.113232096241059,5.137286161441902,7.940212127133979
2023-06-05,sz000901,48.55,49.31,50.53,48.32,185581,188712624.09,4.56,1.82,0.88,2.32,5.2685335105814115,0.3258608753314176,48.422000000000004,48.62,48.49575020471257,5.036456684860322,5.078932225276302,5.0789550509427,47.711,48.13799999999999,48.118468752007516,4.996129711815288,5.035157756018432,5.043285364636984,47.8025,47.88019047619048,47.88501053834351,5.0486601416507755,5.02338744483397,5.051555224361695,47.30633333333333,47.69916129032258,47.891819079732606,5.057331927117286,5.040518271472343,5.080096452130192,48.62316666666666,47.98160109289618,47.7153527889019,5.189080307301025,5.115656391699897,5.141589353216967,8.275800953632029
2023-06-06,sz000901,49.13,47.68,49.37,47.56,144795,144878991.47,3.67,-3.31,-1.63,1.81,5.160753565245788,-0.10777994533562385,48.364,48.37266666666667,48.22383346980838,5.079240338496154,5.120364518738124,5.106221222377063,47.793,48.13236363636364,48.03874716073342,5.025951383374329,5.065089365733067,5.06464321929313,47.791000000000004,47.868523809523815,47.865485725167936,5.0455136796264375,5.034063008985877,5.061955066350657,47.349000000000004,47.72326881720431,47.878153332653085,5.061293524651357,5.047190635222569,5.085300136847328,48.562000000000005,47.95067759562841,47.714193681069055,5.184686122880967,5.114727646058741,5.142217688037584,8.16100541411068
2023-06-07,sz000901,47.62,47.1,47.91,46.92,89565,87629122.17,2.08,-1.22,-0.58,1.12,4.952138330237461,-0.20861523500832657,48.156000000000006,47.95133333333333,47.84922231320559,5.079880813335673,5.077997182651893,5.054860258330529,47.852000000000004,48.00636363636364,47.86806585878189,5.031865650045208,5.051668810617275,5.044187784919371,47.695,47.80271428571429,47.79258232277099,5.026255421819795,5.025170118567879,5.051496329577971,47.370666666666665,47.70720430107527,47.82794989183676,5.048792099235659,5.040148364615221,5.076709052549918,48.496,47.9027431693989,47.69405618332908,5.179250806593665,5.10710312826715,5.135985577945776,7.942648461143919
2023-06-08,sz000901,47.1,46.8,47.15,46.05,77873,75240260.96,2.34,-0.64,-0.3,0.98,4.891386905893645,-0.06075142434381586,47.864,47.49933333333333,47.49948154213706,5.04309698944166,5.0151658801712165,5.000369140851568,47.910000000000004,47.815090909090905,47.67387206627609,5.029316852780704,5.026127220771534,5.016405806914693,47.6425,47.71747619047619,47.69805067298328,5.014298108290947,5.012325498003484,5.036247813036607,47.40933333333333,47.6703870967742,47.761630543976324,5.043798883306985,5.029993190851219,5.064752785023708,48.44449999999999,47.847136612021856,47.66474286584288,5.171900082026173,5.097664967588462,5.127965949353903,7.876450293168765
2023-06-09,sz000901,47.04,49.02,49.13,46.86,204829,204205901.37,4.85,4.74,2.22,2.57,5.311391444727407,0.4200045388337621,47.982,47.88466666666667,48.00632102809138,5.116840751337143,5.104597365266466,5.104043242143515,48.027,48.016909090909095,47.91862259968043,5.051065172992418,5.07741351021639,5.070039559244278,47.7505,47.84866666666667,47.82395060888963,5.029406824889103,5.040620101473624,5.062451968435731,47.553000000000004,47.774301075268816,47.842815670171404,5.051132413395285,5.047257227071893,5.080664956617495,48.42516666666666,47.86600546448087,47.70917752597918,5.1734010499269525,5.1022384548901405,5.1339799000218855,8.31006828865879
2023-06-12,sz000901,48.84,49.13,49.54,48.55,124163,125163848.76,2.02,0.22,0.11,1.56,5.093992197371794,-0.21739924735561367,47.946000000000005,48.26733333333333,48.38088068539425,5.081932488695219,5.096981180611349,5.100692893886275,48.184000000000005,48.217454545454544,48.13887303610217,5.05919458677777,5.085218423739914,5.074394584358372,47.83200000000001,47.98004761904762,47.94833626518586,5.0294504159363616,5.046771089329118,5.065455799762976,47.690666666666665,47.876043010752696,47.925859820482934,5.058567808029388,5.0500223744252155,5.0815247786016435,48.387166666666666,47.88911475409836,47.7557618693897,5.165202410158964,5.099634885953907,5.132668827803849,8.097478909136434
2023-06-13,sz000901,49.33,49.91,50.37,48.74,169310,172822717.75,3.32,1.59,0.78,2.12,5.2286826097129655,0.13469041234117185,48.392,48.922,48.89058712359617,5.095518297588654,5.145897887617265,5.143356132495172,48.378,48.53127272727272,48.46089612044723,5.087379318042403,5.116034427909949,5.102446952604661,48.0075,48.177952380952384,48.1351613827872,5.046935777182392,5.0657455839745085,5.081001210234404,47.82533333333333,48.01922580645161,48.053868864322745,5.066790118549562,5.06099752292093,5.09101883222173,48.37583333333334,47.939043715847,47.82639262777037,5.163952133625091,5.101716203972072,5.135816820653328,8.237600830417044
2023-06-14,sz000901,49.79,49.68,50.26,49.38,133141,135545168.67,1.76,-0.46,-0.23,1.67,5.124311814541827,-0.10437079517113812,48.908,49.35133333333333,49.15372474906411,5.1299529944495275,5.155495726601656,5.137008026510724,48.532,48.76800000000001,48.682551371275004,5.1049169038926,5.12274942727348,5.106422382047782,48.087,48.3372380952381,48.2822888701408,5.04390218287794,5.073114730389693,5.085126029692254,47.92133333333334,48.13888172043011,48.15878055049547,5.070405095431046,5.064708600081721,5.093166766564962,48.38983333333333,47.981803278688524,47.887166639974616,5.161847484555785,5.100416521379176,5.1354396073381965,8.132084042334409
2023-06-15,sz000901,49.5,49.79,50.37,49.38,115541,118051928.18,1.99,0.22,0.11,1.45,5.062736122012755,-0.06157569252907269,49.506,49.64533333333334,49.36581649937607,5.164222837673349,5.133090102456065,5.1122507250114015,48.685,48.99672727272728,48.88390566740682,5.103659913557506,5.115080194204419,5.098479425677777,48.1255,48.49942857142857,48.42588040631787,5.033773800377053,5.0749084388787224,5.082993657532302,48.00933333333333,48.25944086021505,48.264020514979634,5.070673694313071,5.064213827603122,5.0912034991744965,48.38433333333333,48.02771038251365,47.94955461899184,5.159411811458848,5.097166968508913,5.1330558865078535,8.07207308494372
2023-06-16,sz000901,50.43,50.96,52.06,50.43,248812,259970706.54,3.27,2.35,1.17,3.12,5.395871322192844,0.3331352001800889,49.894,50.13,49.897210999584054,5.181118813166437,5.210306263962563,5.206790924071883,48.938,49.41036363636364,49.261377364241945,5.14897978225179,5.168209541229025,5.1525506795896066,48.25449999999999,48.769380952380956,48.66722512952569,5.053233797769529,5.109393917146893,5.112791530357115,48.157666666666664,48.4498064516129,48.43795467530353,5.083899402430092,5.085194319724397,5.110859487756326,48.42733333333333,48.11215846994536,48.04825774623801,5.159799590568188,5.104919739352653,5.141672786038509,8.414924414490962
2023-06-19,sz000901,50.9,51.71,52.59,50.72,221464,233916293.2,3.67,1.47,0.75,2.77,5.345303139714763,-0.050568182478080814,50.410000000000004,50.73533333333333,50.501473999722705,5.231381001635031,5.265034372812005,5.25296166261951,49.178000000000004,49.91436363636364,49.70658147983431,5.156656745165124,5.203904697131383,5.187596581430544,48.4445,49.09847619047619,48.95701321242801,5.076393228490207,5.137210044951201,5.134935493153082,48.260999999999996,48.678989247311826,48.64905437367105,5.084659009488892,5.10205907696857,5.12598488465687,48.43333333333333,48.2197868852459,48.16831486931217,5.156731916002095,5.111001822931228,5.148349191077074,8.369060473200387
2023-06-20,sz000901,51.71,52.82,53.29,51.31,250327,267370138.12,3.83,2.15,1.11,3.14,5.398507694668608,0.05320455495384557,50.992000000000004,51.53866666666667,51.274315999815144,5.265346018626159,5.3207432704898645,5.301477006635876,49.692,50.57654545454545,50.272657574409884,5.180432158107407,5.247877597041108,5.225944056564737,48.74249999999999,49.51519047619047,49.3249167160063,5.103191770740867,5.167887613158668,5.160037607583133,48.42466666666667,48.973118279569896,48.918147639885824,5.09048650578676,5.12230737923823,5.143567001431822,48.4715,48.36361202185791,48.3208291358921,5.157394333484386,5.118928897641604,5.156551109227616,8.427112900405753
2023-06-21,sz000901,53.0,52.01,53.52,51.77,201779,214767988.56,3.31,-1.53,-0.81,2.53,5.304875965376156,-0.09363172929245245,51.45799999999999,51.87800000000001,51.51954399987677,5.301458848793025,5.333919919406529,5.302609992882637,50.183,50.998,50.588538015426266,5.215705921621277,5.270503743817244,5.240295312712267,49.0175,49.82638095238096,49.58063893352951,5.123785785833242,5.187095631695362,5.173831736896754,48.52433333333333,49.204430107526875,49.11762198569964,5.089405588420289,5.136138957276255,5.153974031363715,48.4855,48.479628415300546,48.44178555766612,5.158006323294982,5.123764360982318,5.161414219265273,8.331969549710093
2023-06-26,sz000901,51.77,50.37,52.35,50.08,188701,196559997.09,4.36,-3.15,-1.64,2.36,5.2757742016664215,-0.029101763709734385,51.574,51.51533333333334,51.13636266658452,5.344066464723758,5.325358370364328,5.293664729143899,50.54,51.032,50.5488038308033,5.254144651198554,5.281425249279998,5.24674601979484,49.225,49.95519047619047,49.65581617795527,5.141730751989629,5.20157071891757,5.183540543065294,48.608333333333334,49.32350537634409,49.19842056726741,5.094246955926817,5.148162738776005,5.161832106867116,48.46816666666666,48.54141530054645,48.505005703316414,5.157115952486038,5.127625602896135,5.165163726884983,8.29349513704245
2023-06-27,sz000901,50.32,51.07,51.25,49.97,110452,114441690.98,2.54,1.39,0.7,1.38,5.043173584228276,-0.23260061743814564,51.596000000000004,51.34733333333334,51.11424177772302,5.2735269171308445,5.2250607435325005,5.210167680838691,50.745,51.12836363636363,50.643566770657245,5.227322865148642,5.24306687346722,5.209732849691829,49.386,50.13090476190476,49.79050035148334,5.139194019070529,5.192184321987917,5.170172261271292,48.748666666666665,49.48232258064515,49.31916762744371,5.095378838308949,5.144867682537389,5.154176718309771,48.482,48.62672131147541,48.58910387697817,5.1522782255908135,5.123889787543424,5.161164050076566,8.058584266276334
2023-06-28,sz000901,50.84,52.24,53.0,49.56,210653,220394523.52,6.74,2.29,1.17,2.64,5.323567648481467,0.28039406425319147,51.702,51.562000000000005,51.48949451848202,5.269179818884186,5.2417409873160405,5.24796767005295,51.056,51.40018181818182,50.93382735781047,5.250280410259608,5.260565924982279,5.230430085835399,49.62,50.40271428571428,50.02378603229445,5.154737498518689,5.20974371526515,5.184781345767499,48.90666666666666,49.70756989247312,49.50760842567315,5.10306041404411,5.159589541258199,5.165105165417623,48.509499999999996,48.749934426229515,48.70880538920839,5.151705438948829,5.129505834195575,5.166488758220989,8.343200798734221
2023-06-29,sz000901,52.12,52.59,53.29,51.89,161081,172136829.23,2.68,0.67,0.35,2.02,5.207044317068582,-0.11652333141288551,51.65599999999999,51.85800000000001,51.85632967898802,5.23088714336418,5.221029153377507,5.234326552391495,51.324,51.67909090909091,51.234949656390384,5.248116580995171,5.252704817129365,5.2261781278777955,49.851000000000006,50.685571428571414,50.268187362552126,5.167747949518787,5.214725317031807,5.186901628748555,49.11300000000001,49.94520430107527,49.706472398210366,5.113996045119984,5.166298180163002,5.167810917137039,48.5545,48.883721311475405,48.83605767152943,5.1514692884584585,5.131320223642125,5.167818448675009,8.235873798974728
2023-06-30,sz000901,52.53,52.7,53.64,52.3,164200,176093973.94,2.55,0.21,0.11,2.06,5.215373152783422,0.00832883571484011,51.794000000000004,52.206,52.13755311932535,5.212986580845634,5.215857823183921,5.228008752522138,51.626,51.92927272727273,51.50132244613758,5.25722271481933,5.246751466545411,5.224213586951545,50.07899999999999,50.95690476190477,50.49978856611859,5.181069809355965,5.219261050676057,5.189613202466162,49.266666666666666,50.17662365591398,49.899603211229056,5.115009026858403,5.172838638721934,5.170879448469064,48.62166666666666,49.019639344262295,48.96274430524978,5.151020335900767,5.133415432308516,5.169377619301514,8.245744494358053
2023-07-03,sz000901,52.7,52.65,53.23,52.12,137775,147285572.86,2.11,-0.09,-0.05,1.73,5.139170419697509,-0.07620273308591319,52.25,52.491333333333344,52.3083687462169,5.185665824451851,5.191252436134546,5.198395974913929,51.912,52.115454545454554,51.710172910476196,5.264866144587804,5.225287412886898,5.208751192905356,50.298500000000004,51.20176190476191,50.70457060744063,5.184263029072655,5.215270632613348,5.184809127916766,49.38766666666666,50.394903225806445,50.077048165343314,5.110804581780637,5.17439743825994,5.168833704677351,48.69583333333333,49.151715846994534,49.08363793458585,5.150319600420885,5.133026910465787,5.168387219314497,8.168160208253685
2023-07-04,sz000901,52.47,53.52,53.64,52.24,220222,237359617.75,2.66,1.65,0.87,2.76,5.342860702471081,0.20369028277357248,52.739999999999995,52.91466666666667,52.71224583081127,5.245603248100412,5.243650728807622,5.246550884099646,52.168000000000006,52.407818181818186,52.0392323812987,5.259565082615628,5.239468241592948,5.233134740099124,50.553000000000004,51.50857142857142,50.972706740065334,5.20427243243371,5.2303751729370065,5.1998616588267,49.559,50.661505376344074,50.29917409015988,5.122010892718229,5.189368800885131,5.180061252922108,48.71366666666666,49.30988524590165,49.22909242853385,5.1438672625726145,5.139339733483826,5.174107661385205,8.375406833910406
2023-07-05,sz000901,53.52,52.65,53.75,52.65,161010,173527847.76,2.06,-1.63,-0.87,2.02,5.2068528500066975,-0.13600785246438374,52.822,52.88466666666667,52.691497220540846,5.222260288405458,5.23073392944305,5.233318206068663,52.262,52.49545454545454,52.15028103924439,5.245720053644822,5.2298841993004155,5.228356214627773,50.72,51.70828571428572,51.13244895529721,5.201188399404974,5.230620926991576,5.200527486558128,49.717,50.860924731182806,50.45084027789151,5.132835503541745,5.194842475548902,5.181789743056598,48.719833333333334,49.43894535519125,49.34125333251635,5.138808072675828,5.141404834711173,5.175181274126893,8.239369180325832
2023-07-06,sz000901,52.24,52.7,53.75,52.12,159625,171565730.08,3.1,0.09,0.05,2.0,5.203100910271472,-0.0037519397352259176,52.84400000000001,52.844,52.694331480360574,5.221471607046037,5.224347470065055,5.223245774136267,52.25,52.57509090909091,52.25022994119995,5.226179375205108,5.222135264141625,5.223764341108446,50.971000000000004,51.896857142857144,51.28173953098319,5.203305766656257,5.230803070883624,5.200772574530827,49.91166666666667,51.05337634408602,50.59594735673722,5.144187638895615,5.1993757275959815,5.183164657070461,48.76083333333333,49.56944262295083,49.4513761740732,5.134977921313559,5.1435127965995555,5.176096672033273,8.234430542699743
2023-07-07,sz000901,52.7,51.71,52.88,51.54,127415,134617266.9,2.54,-1.88,-0.99,1.6,5.105220558562572,-0.0978803517088993,52.646,52.466,52.36622098690705,5.1994410882018665,5.185597120570567,5.183904035611702,52.220000000000006,52.47690909090909,52.15200631552723,5.20621383452375,5.200142752024799,5.202210926100104,51.201499999999996,51.9672380952381,51.32252624231812,5.210959878072513,5.22146162249375,5.19167238253385,50.08500000000001,51.169397849462364,50.667821720818694,5.151261802063412,5.196861722413205,5.178136005553823,48.78433333333333,49.666136612021866,49.52542941426751,5.1342993362451885,5.1425371453618185,5.173772865034233,8.12910076894025
2023-07-10,sz000901,51.83,51.48,52.53,51.19,103497,108915053.98,2.59,-0.44,-0.23,1.3,5.014927761364643,-0.09029279719792971,52.412,52.07733333333333,52.07081399127137,5.174592556535293,5.124092678291493,5.127578610862683,52.330999999999996,52.342363636363636,52.02982334906773,5.180129190493572,5.1653634659958705,5.168159441602747,51.435500000000005,51.993761904761904,51.33752374304973,5.217136920846063,5.202791897092999,5.174839561470116,50.26033333333333,51.25939784946236,50.72022031947555,5.154530231490943,5.188065977851993,5.167606441412585,48.824333333333335,49.75451912568307,49.58951369576694,5.131476994195191,5.1386233232345875,5.1685648288483454,8.037087911056052
2023-07-11,sz000901,51.89,53.29,53.46,51.54,163668,175399609.91,3.73,3.52,1.81,2.05,5.21396377542948,0.19903601406483773,52.366,52.37,52.477209327514245,5.148813171126973,5.137216417922889,5.156373665718283,52.553,52.51672727272727,52.25894637650996,5.1972082096136925,5.17151520871149,5.176487502298517,51.649,52.170380952380945,51.523473862759275,5.212265537381167,5.202489692767611,5.1785656770852935,50.44166666666667,51.45486021505377,50.88601255692874,5.158532082584917,5.191900400041576,5.170597237155611,48.90333333333333,49.900934426229504,49.71084111557786,5.13065914872927,5.141327807865218,5.170053318900186,8.24402862315703
2023-07-12,sz000901,53.11,51.95,55.09,51.83,284928,305920653.51,6.12,-2.51,-1.34,3.57,5.454735129646558,0.24077135421707752,52.226,52.23133333333333,52.3014728850095,5.1983896270549454,5.239190404096083,5.255827487027708,52.524,52.407090909090904,52.2027743080536,5.210324957730202,5.218338285081102,5.22707797999816,51.79,52.19904761904762,51.56409539963935,5.230302683994905,5.225582034888125,5.204867529710176,50.587999999999994,51.552172043010756,50.954656908094634,5.173266651589193,5.211010274045553,5.18892871409051,48.94833333333334,50.00082513661202,49.784256160968745,5.1361744177897295,5.151953249862508,5.179387148760722,8.485608798340134
2023-07-13,sz000901,51.83,51.71,52.88,50.78,185045,194443845.97,4.04,-0.46,-0.24,2.32,5.267277354755387,-0.187457774891171,52.028,52.05933333333333,52.104315256673004,5.211224915951727,5.262152979996231,5.2596441096036015,52.436,52.25909090909091,52.11317897931657,5.216348261498881,5.228693266358409,5.2343869572267465,51.879999999999995,52.191428571428574,51.577991075864176,5.2322324212470255,5.2291034321034084,5.210811322571625,50.712666666666664,51.624559139784935,51.00338872047563,5.183948053512152,5.217075480701437,5.193983465101148,48.97083333333333,50.091371584699466,49.84739530323206,5.130379681833062,5.156251706812201,5.182268794858908,8.288794202543576
2023-07-14,sz000901,51.31,51.71,53.11,50.96,153765,162705828.75,4.16,0.0,0.0,1.93,5.186857492574107,-0.08041986218128017,52.028,51.95333333333333,51.972876837782,5.2275523027540345,5.254030505537023,5.235381903927103,52.337,52.1270909090909,52.03987371034992,5.21349669547795,5.223331308372086,5.225745236380812,51.981500000000004,52.1752380952381,51.59056335435331,5.23535970514864,5.224782010325034,5.2085300054290045,50.83166666666667,51.68890322580644,51.04897654496107,5.1918787713966275,5.217263186447369,5.193523724938113,49.008833333333335,50.18118032786886,49.90846430968347,5.129829561537639,5.158103438311906,5.182419243964324,8.211403111318043
2023-07-17,sz000901,51.42,51.42,52.12,50.96,105325,110498756.76,2.24,-0.56,-0.29,1.32,5.022531467798886,-0.16432602477522096,52.016,51.75066666666667,51.78858455852134,5.2290730440408835,5.1856902272186405,5.164431758551031,52.214,51.96036363636363,51.927169399377206,5.201832800288088,5.1886103578849845,5.188797278456825,52.063,52.121761904761904,51.574319225367276,5.233349472437946,5.204512654386963,5.19081585898804,50.937000000000005,51.72686021505377,51.07291354206036,5.190119619477799,5.2063375539571926,5.182491966413002,49.05766666666667,50.26023497267759,49.958022856906965,5.125734248410171,5.154585468025391,5.177177021794965,8.043357391728739
2023-07-18,sz000901,51.42,52.35,52.94,50.78,143299,152056434.23,4.2,1.81,0.93,1.8,5.1562431597204625,0.13371169192157684,51.827999999999996,51.862,51.97572303901423,5.217528920899079,5.161413599111834,5.161702225607509,52.097,51.985090909090914,52.00404769039953,5.183171046013027,5.1803213323272335,5.182878347777486,52.13250000000001,52.149095238095235,51.64819358485611,5.221368064314327,5.197169196032918,5.187523220962556,51.06766666666667,51.81802150537634,51.15530621676615,5.197238636960149,5.204151975908333,5.180798495013483,49.14516666666667,50.36818032786885,50.03644833700837,5.123477788253029,5.155585760199498,5.176490665661374,8.182004801931399
2023-07-19,sz000901,52.41,51.02,52.47,50.32,148985,155498816.37,4.11,-2.54,-1.33,1.87,5.173142545290412,0.016899385569949743,51.641999999999996,51.592666666666666,51.65714869267616,5.161210404027851,5.146618140575612,5.16551566550181,51.934000000000005,51.789272727272724,51.8251299285087,5.179800015541398,5.178497968559486,5.181108201870745,52.098,52.043142857142854,51.58836562439362,5.21276003459311,5.192576289459211,5.186153632803304,51.12466666666667,51.814946236559145,51.1465767834264,5.194058938117115,5.202597389348994,5.180304562773285,49.215500000000006,50.42965027322404,50.06869593251629,5.1256954326172,5.157214112889249,5.176380891222982,8.191727087601222
2023-07-20,sz000901,51.02,49.97,51.31,49.97,144235,148582390.25,2.63,-2.06,-1.05,1.81,5.159070658874864,-0.014071886415548462,51.294000000000004,51.03533333333334,51.094765795117446,5.139569064851746,5.145904892191282,5.163367329959495,51.661,51.43218181818181,51.48783357787075,5.175396990401737,5.174728994620116,5.177101375871494,51.95550000000001,51.8404761904762,51.43423556492756,5.200788182803423,5.187463015581283,5.183574301952976,51.201,51.74045161290322,51.07066860385051,5.194002841238085,5.2003400810107845,5.178934633489516,49.275,50.45438797814209,50.06546000030264,5.1276481829447205,5.158308382602613,5.175813342621404,8.171967340579076
2023-07-21,sz000901,49.91,49.15,50.2,48.98,115690,117504021.01,2.44,-1.64,-0.82,1.45,5.06329582107352,-0.09577483780134344,50.782000000000004,50.32066666666666,50.4465105300783,5.1148567305516295,5.12048047759854,5.130010160330837,51.40500000000001,50.97563636363636,51.062772927348796,5.171204516652832,5.1543469638331665,5.156409456817317,51.8125,51.57328571428571,51.21668932064874,5.188709175588291,5.17436850494034,5.172119208535885,51.269333333333336,51.60812903225807,50.94675450037629,5.19770809093262,5.191907370032426,5.1714740649465485,49.32,50.45028961748634,50.03544491832551,5.123250095084139,5.156198469098642,5.17212424355426,8.07005272850201
2023-07-24,sz000901,49.15,50.26,50.78,48.86,111668,114509193.92,3.91,2.26,1.11,1.4,5.047928737891978,-0.015367083181542007,50.55,50.14666666666666,50.38434035338553,5.119936184570248,5.09817114671199,5.102649686184551,51.283,50.76745454545455,50.91681421328538,5.174504614305565,5.131933185876648,5.136685689739982,51.807,51.42542857142858,51.12557605201553,5.177316902399569,5.160960844207358,5.160291544665037,51.38466666666667,51.54301075268816,50.90244775841653,5.202926151999231,5.182244185965288,5.163503398684964,49.397000000000006,50.48110928961749,50.04280738001976,5.123362517653107,5.153728916403816,5.168052259762054,8.05884035749185
2023-07-25,sz000901,50.43,51.71,52.24,50.26,144121,150875600.3,3.94,2.88,1.45,1.81,5.158727266862793,0.11079852897081466,50.422000000000004,50.53333333333333,50.82622690225703,5.120433005998714,5.111101507476173,5.121342213077299,51.125,50.84509090909091,51.061029810869854,5.168980963448897,5.129064577250689,5.140693249216857,51.839,51.416190476190486,51.1812354756331,5.183094586531295,5.159190402727665,5.160142565826728,51.474333333333334,51.56400000000001,50.95454790303482,5.19783734607041,5.179392644988743,5.16319526114805,49.51366666666666,50.55694535519125,50.09746943313386,5.124484879732847,5.154888416377903,5.167746522289947,8.17861901106868
2023-07-26,sz000901,51.66,49.85,52.01,49.62,153391,157618960.61,4.62,-3.6,-1.86,1.92,5.185799878745934,0.02707261188314103,50.188,50.342666666666666,50.500817934838025,5.122964472689818,5.132890465058579,5.142828101633511,50.915,50.61327272727273,50.84084257252988,5.142087438358834,5.13212256185015,5.14889445458578,51.719500000000004,51.22676190476191,51.05445114462042,5.176206198044518,5.159448049605249,5.162586119438081,51.498333333333335,51.45920430107527,50.88328674800032,5.200897602116215,5.178616034193616,5.16465362357372,49.594500000000004,50.56797267759563,50.08935568122783,5.129732705072801,5.156898744214399,5.168338435616373,8.197608459301994
2023-07-27,sz000901,50.32,50.02,51.13,49.79,105758,109015079.54,2.69,0.34,0.17,1.32,5.024313229233313,-0.16148664951262148,50.198,50.28666666666666,50.34054528989202,5.096012986761508,5.100006717239743,5.103323144166779,50.746,50.45054545454545,50.69159846843353,5.117791025806627,5.1107090692818735,5.1262433227035125,51.590999999999994,51.064904761904764,50.95593198798991,5.167069643652755,5.144982052575611,5.149417272751912,51.501999999999995,51.36382795698925,50.8275908287745,5.19408528943356,5.167223494007622,5.1555994045840166,49.66366666666667,50.58192349726776,50.08708172446626,5.130437703991561,5.153442367957366,5.163616297702173,8.037486575996104
2023-07-28,sz000901,49.73,50.37,50.84,48.86,104437,106818622.67,3.96,0.7,0.35,1.31,5.018854388024916,-0.005458841208396237,50.442,50.34400000000001,50.350363526594684,5.0871247001517865,5.074287184327546,5.0751668921194915,50.612,50.38218181818181,50.63312601962743,5.100990715351708,5.092720589685199,5.106718061852859,51.4745,50.94861904761903,50.90012894151469,5.157243705414829,5.130866313944388,5.136982712301722,51.525,51.290795698924725,50.798068839821305,5.190570041882996,5.155918274561903,5.146777145451172,49.723166666666664,50.60508196721312,50.09635773350015,5.130487568657021,5.14978389858141,5.158870005581607,8.028646973832751
2023-07-31,sz000901,50.55,50.72,51.31,50.2,92091,95571631.35,2.2,0.69,0.35,1.15,4.964217188922952,-0.05463719910196474,50.534,50.436666666666675,50.47357568439646,5.070382390357982,5.033318013917935,5.038183657720645,50.542,50.40181818181818,50.648921288786084,5.0951592874641145,5.067852675789062,5.080808812229239,51.378,50.876761904761906,50.882973804227575,5.148496043876102,5.112482836183257,5.120528852932315,51.556000000000004,51.23886021505376,50.793032140478,5.187286077446669,5.141314864693513,5.134999083739674,49.782666666666664,50.6377650273224,50.11680502092637,5.12897988587987,5.144332410721277,5.152487946019027,7.980328999216419
2023-08-01,sz000901,50.72,50.37,50.9,50.02,71959,74086940.74,1.74,-0.69,-0.35,0.9,4.857085119410875,-0.10713206951207699,50.266,50.382,50.43905045626431,5.010053960867598,4.962218923602233,4.977817478284055,50.344,50.37054545454546,50.59820832718861,5.0652434834331554,5.024566463415746,5.0401317771713545,51.220499999999994,50.7807619047619,50.8341191562059,5.124207264723091,5.084729414805616,5.095438973549321,51.53633333333333,51.162344086021506,50.76573974431813,5.169326537353937,5.120011577078301,5.117069150557171,49.847,50.65702185792349,50.125106495650094,5.1266129698920135,5.135417828214097,5.142802607441711,7.869741661901218
2023-08-02,sz000901,50.14,50.14,50.55,49.73,73116,74950097.01,1.63,-0.46,-0.23,0.92,4.864012424172094,0.006927304761219055,50.324,50.339999999999996,50.339366970842875,4.945696469952829,4.913538411370398,4.939882460246735,50.256,50.333454545454536,50.51489772224522,5.034330471321324,4.987978998095552,5.008110076626035,51.095,50.67785714285714,50.76801256990058,5.107065243431361,5.059948953800759,5.073398349799109,51.48400000000001,51.072258064516134,50.725369438233095,5.153283513502514,5.100313892356891,5.100742910145231,49.872499999999995,50.66662841530054,50.12559480726812,5.1189712614957035,5.126807974256067,5.133661945695166,7.874772199304117
2023-08-03,sz000901,49.85,49.79,50.08,49.38,74163,75465390.31,1.4,-0.7,-0.35,0.93,4.8701872893281015,0.006174865156007847,50.278000000000006,50.162,50.15624464722858,4.914871281971787,4.888368684495489,4.91665073660719,50.238,50.24872727272727,50.38309813638245,5.005442134366648,4.958134783187694,4.983033206208228,50.9495,50.553571428571416,50.67486851562433,5.090419562384193,5.037389148648067,5.054044915468537,51.383,50.96296774193548,50.66502302286322,5.135672833324497,5.08204961982951,5.085868353963481,49.90383333333333,50.66392349726775,50.114591698833095,5.1130796695556295,5.118651122709588,5.1250234323716555,7.877747822575571
2023-08-04,sz000901,49.85,50.2,50.37,49.56,87211,89355078.82,1.63,0.82,0.41,1.09,4.94057126633176,0.07038397700365806,50.244,50.135999999999996,50.17082976481906,4.8992146576331566,4.896935345948813,4.92462424651538,50.343,50.24181818181818,50.34980756613109,4.993169678892472,4.946340079908624,4.975312853503415,50.874,50.482190476190475,50.629642942707726,5.0821870977726515,5.02311788235736,5.043237901265035,51.32266666666667,50.88664516129033,50.63502153751721,5.123529343356351,5.0694624219590105,5.076494348309822,49.9235,50.67363387978141,50.1173919710025,5.106467465888319,5.112995109489134,5.1189758203703475,7.951119242245298
2023-08-07,sz000901,49.85,49.38,50.08,49.21,69792,70884460.24,1.73,-1.63,-0.82,0.87,4.843805643898606,-0.09676562243315345,49.976,49.848,49.907219843212715,4.875132348628287,4.878465674703962,4.897684712309789,50.255,50.06672727272728,50.173478917743616,4.972757369493134,4.919182982637012,4.951402451757087,50.769,50.339904761904755,50.51062932911651,5.07363099189935,5.000414886750308,5.0242443529444225,51.28966666666667,50.76131182795699,50.55405240606449,5.109130391430757,5.0514157316714146,5.0614821738316795,49.949,50.65581420765027,50.09321518506798,5.101688673678786,5.104383246473078,5.109953847371274,7.850551036710206
2023-08-08,sz000901,49.21,49.27,49.73,49.03,58013,58698532.64,1.42,-0.22,-0.11,0.73,4.763525324522198,-0.08028031937640812,49.756,49.61266666666667,49.69481322880848,4.856420389650552,4.841263333335266,4.852964916380592,50.011,49.887636363636375,50.00921002360841,4.933237175259075,4.881140792642296,4.9172429740780155,50.568,50.19714285714284,50.392474154914936,5.051109069353986,4.97088101366677,4.999413969285163,51.22966666666666,50.63101075268816,50.47121031535066,5.099808782773888,5.029118630580539,5.042259151295584,49.98916666666666,50.6335519125683,50.06622452326248,5.097593810541418,5.09329592354991,5.098595535146714,7.7686272447856695
2023-08-09,sz000901,49.15,47.93,49.27,47.64,132896,131822387.25,3.31,-2.72,-1.34,1.66,5.1235119094297845,0.3599865849075865,49.314,49.004000000000005,49.10654215253899,4.90832028670209,4.930293839928343,4.94314724739699,49.819,49.50927272727273,49.63117183749779,4.92700837832746,4.915736198855152,4.954746416869246,50.367000000000004,49.94590476190477,50.157952806827794,5.034547908343147,4.977776522245418,5.011232820727508,51.086000000000006,50.41812903225807,50.307261262747396,5.093140258138832,5.030647864558339,5.047501264723597,49.99633333333334,50.566038251366116,49.99618437495879,5.098100336091472,5.094145697283955,5.099412465451077,8.1199891722724
2023-08-10,sz000901,47.81,47.99,48.22,47.75,40016,39566208.19,0.98,0.13,0.06,0.5,4.602233674386428,-0.5212782350433569,48.954,48.56266666666667,48.734361435026,4.8547295637137555,4.828264969156456,4.829509389726803,49.616,49.17672727272728,49.33277695795273,4.884800422842771,4.856686252684055,4.890653190963279,50.181,49.7195238095238,49.95148111093943,5.0012957243247,4.936603738059063,4.972280521075977,50.93266666666667,50.2183870967742,50.15776053611853,5.07297990338276,4.998976472058184,5.018774323411522,50.02283333333333,50.500256830601096,49.93040783807489,5.093487974251372,5.077887773949364,5.083111521481744,7.59732443184133
2023-08-11,sz000901,47.93,46.76,47.99,46.7,74353,72645787.66,2.69,-2.56,-1.23,0.93,4.871298496155363,0.26906482176893576,48.266000000000005,47.83133333333333,48.076240956684,4.840875009678475,4.833787946636992,4.843439091869657,49.254999999999995,48.65745454545454,48.864999329234045,4.870044833655816,4.854231356922709,4.8871341555436585,49.9335,49.393714285714296,49.647530528945204,4.985517774503762,4.924223049661983,4.9626631853692516,50.73466666666666,49.94918279569893,49.9385501789496,5.061510748161824,4.985964768366094,5.009259753911125,50.000666666666675,50.393278688524596,49.826460040105225,5.088259887510114,5.070602873028183,5.0761668321267805,7.861210436953995
2023-08-14,sz000901,46.3,46.88,46.94,45.83,63057,60605779.85,2.37,0.26,0.12,0.79,4.799733304907949,-0.071565191247414,47.766,47.36933333333333,47.67749397112267,4.832060541880344,4.820074045046817,4.828870496215755,48.871,48.22563636363637,48.5040903602824,4.853596445254316,4.841447442604914,4.871243091791711,49.7065,49.10290476190477,49.38395619285519,4.974377866359215,4.906529290652859,4.947146053896747,50.54233333333333,49.70049462365593,49.74122436095285,5.050196177668839,4.969075901059392,4.995741918491565,49.965,50.29096174863388,49.72985479288866,5.080500379724739,5.061142985074015,5.0671034377917366,7.782514043923103
2023-08-15,sz000901,47.0,46.36,47.29,45.95,57628,55499197.04,2.86,-1.11,-0.52,0.72,4.760633547500218,-0.03909975740773142,47.184000000000005,46.900666666666666,47.23832931408178,4.831482186475948,4.796265046920108,4.806124846643909,48.47,47.76909090909091,48.114255749321956,4.84395128806325,4.8245450975587145,4.851132265556894,49.407,48.784190476190474,49.09596036496422,4.954597385748203,4.886172688856763,4.929382958049459,50.30366666666667,49.43066666666666,49.5230808537946,5.030788605836477,4.9503944410485134,4.980573636492124,49.931333333333335,50.172765027322406,49.61936775049887,5.076399749277353,5.050655547951899,5.057055244667424,7.744286699814211
2023-08-16,sz000901,46.36,45.71,46.59,45.71,48903,46795583.69,1.9,-1.4,-0.65,0.61,4.6893355021396035,-0.07129804536061446,46.739999999999995,46.40933333333333,46.72888620938786,4.7446469050179125,4.748882818807993,4.767195065142475,48.027,47.26727272727273,47.677118340354326,4.826483595860002,4.796433136481689,4.821714672208295,49.14149999999999,48.432095238095236,48.773487949253344,4.9304070335906625,4.860909652322611,4.906521295581854,50.07233333333333,49.13430107526881,49.277075637420765,5.013538027574241,4.9283652085519405,4.961784079437122,49.894666666666666,50.03436065573771,49.49119175867923,5.073186765557993,5.0379649168982015,5.044998859666512,7.670204868681716
2023-08-17,sz000901,45.54,47.52,47.7,45.19,113979,110369286.97,5.49,3.96,1.81,1.43,5.056824842351911,0.36748934021230717,46.646,46.66933333333334,46.992590806258576,4.835565138611008,4.852942131252659,4.863738324212287,47.8,47.17509090909091,47.64855136938081,4.845147351162383,4.8383133631165816,4.86446197587077,49.019000000000005,48.27766666666666,48.65410814456255,4.925294742764515,4.872949443633207,4.920835919083764,49.89966666666667,48.96963440860214,49.16371591887749,5.008662158643589,4.931157906279533,4.967915741560658,49.90566666666667,49.956502732240445,49.42656252068975,5.076424898769602,5.037428460399641,5.045386596803738,8.042848236842765
2023-08-18,sz000901,47.35,46.82,47.93,46.76,68431,67011670.28,2.46,-1.47,-0.7,0.86,4.835252886500895,-0.22157195585101608,46.658,46.72733333333334,46.93506053750572,4.828356016680115,4.852838047215954,4.85424317830849,47.462,46.99690909090909,47.497905665857026,4.834615513179296,4.836514369541765,4.8591512323489745,48.902499999999996,48.068238095238094,48.47943117841373,4.913892596035884,4.864374028750956,4.912685154075872,49.736666666666665,48.77094623655915,49.01250844024024,4.999663236241533,4.9199702113025845,4.959356847685834,49.910833333333336,49.85533333333333,49.34110145443763,5.075462519152472,5.029521181308865,5.038496966957743,7.826150442952284
2023-08-21,sz000901,46.94,45.83,47.46,45.71,66748,64577937.82,3.74,-2.11,-0.99,0.84,4.824438257272918,-0.010814629227976269,46.448,46.45133333333333,46.566707025003815,4.833297007153109,4.851532127413554,4.844308204629966,47.107000000000006,46.700181818181825,47.194650090246654,4.832678774516727,4.83466395937697,4.8528397823351455,48.681,47.77561904761905,48.22710439951719,4.902718072004931,4.8558545679163885,4.904280687713685,49.548333333333325,48.51890322580646,48.80718531506345,4.993313586105143,4.908665373949771,4.950652422497904,49.904333333333334,49.721535519125695,49.22598337396426,5.0739219087980425,5.0212908776406815,5.031478648607421,7.810084172491392
2023-08-22,sz000901,46.01,46.47,46.65,45.31,59973,57416967.38,2.92,1.4,0.64,0.75,4.777955773881275,-0.04648248339164329,46.47,46.458666666666666,46.53447135000255,4.83676145242932,4.833085049656277,4.822190727713736,46.827,46.58436363636363,47.06289552838362,4.834121819452634,4.824714322897796,4.839224508070806,48.419000000000004,47.56504761904762,48.059761123372695,4.883679497355855,4.843972444285564,4.89224974353917,49.321,48.320301075268816,48.65639916570452,4.978779986053536,4.89477132154823,4.939510703232315,49.88133333333334,49.60893442622951,49.13562326334248,5.068656034319226,5.011587069938493,5.023166423206563,7.759040250422544
2023-08-23,sz000901,46.53,45.19,46.65,45.13,55788,52840445.63,3.27,-2.75,-1.28,0.7,4.746540792230712,-0.031414981650563334,46.366,46.032000000000004,46.08631423333503,4.848202510447542,4.803011496256741,4.796974082552729,46.553000000000004,46.28672727272728,46.72236906867751,4.7964247077327276,4.808790499766537,4.8223729233726065,48.186,47.2575238095238,47.78645054019434,4.861716543030093,4.830911615226027,4.878372700557413,49.09566666666667,48.05378494623657,48.43276050985262,4.955173508139674,4.879788147753209,4.927061031554793,49.84183333333333,49.45512021857923,49.00625856618371,5.064220079864435,5.001025914460181,5.014096730387682,7.722966471581284
2023-08-24,sz000901,45.19,45.31,45.95,44.78,57471,54231615.91,2.59,0.27,0.12,0.72,4.759448753958189,0.012907961727477435,45.924,45.68,45.82754282222336,4.788727292768797,4.773426910760291,4.784465639687882,46.285000000000004,46.06072727272727,46.46557469255433,4.8121462156899035,4.802067599080258,4.810932165297258,47.9505,46.98361904761905,47.550598107794876,4.848473319266337,4.821171825790608,4.867046610405106,48.882333333333335,47.80954838709677,48.23129208986213,4.938245888113101,4.867160744257629,4.91624733622598,49.7975,49.306535519125696,48.885069760735064,5.061096970812627,4.991033411971452,5.005747616406388,7.7342525450650115
2023-08-25,sz000901,45.02,43.97,45.07,43.68,85878,79549376.19,3.07,-2.96,-1.34,1.08,4.933881921662232,0.17443316770404316,45.354,45.028666666666666,45.20836188148224,4.808453099801065,4.821811787058101,4.834271067012666,46.00600000000001,45.63981818181817,46.01183383936262,4.81840455824059,4.8242013638025,4.8332866664545255,47.6305,46.604523809523805,47.20958876419536,4.844224695948204,4.8293059783997405,4.87341187814388,48.62433333333333,47.49262365591398,47.956370019548444,4.929813369082704,4.866879198034993,4.917385051415415,49.728,49.11546994535518,48.723919932514235,5.060846070239665,4.986862426753406,5.003391364119694,7.900636778347113
2023-08-28,sz000901,46.3,44.67,46.7,44.32,112314,106681011.51,5.41,1.59,0.7,1.41,5.050433894674509,0.11655197301227638,45.122,44.800666666666665,45.02890792098816,4.853652227281384,4.9024720520159155,4.906325342899947,45.785,45.39690909090909,45.7678640503876,4.843474617217247,4.866388515881394,4.87276798067634,47.328,46.32257142857143,46.96772316760533,4.848535531235781,4.848944949707007,4.890271117813463,48.39933333333333,47.23750537634409,47.74434614731952,4.930743449978559,4.874661167428014,4.925968847754712,49.66816666666667,48.949633879781416,48.59100452489081,5.060431534728179,4.986521043947992,5.004933742170671,8.028087124857441
2023-08-29,sz000901,44.55,46.3,46.41,44.32,93837,89312403.16,4.68,3.65,1.63,1.18,4.972374114790846,-0.07805977988366308,45.088,45.19333333333334,45.45260528065877,4.892535895463297,4.94204601451907,4.928341600196914,45.779,45.490545454545455,45.86461604122621,4.864648673946308,4.889824788167503,4.890878186878977,47.1245,46.22466666666667,46.90413048497625,4.85429998100478,4.8607391005217755,4.898090450858928,48.19766666666667,47.10206451612903,47.65116252491181,4.924614481814237,4.8773470167707424,4.928962735950592,49.632666666666665,48.839202185792345,48.515889622435374,5.060926559387194,4.983633915425455,5.00386621340412,7.95091177523679
2023-08-30,sz000901,46.3,46.76,47.4,46.24,84791,82301353.41,2.51,0.99,0.46,1.06,4.9283497572358606,-0.044024357554985016,45.402,45.75066666666667,45.888403520439184,4.928897688464327,4.953983968443257,4.928344319209897,45.884,45.66890909090909,46.02741312463962,4.8885500994559346,4.901406803311057,4.897691199671137,46.9555,46.189952380952384,46.89040377212137,4.857516847657967,4.867791460162831,4.9009722895614924,48.05566666666667,47.009311827956985,47.59366816846589,4.9164547222124195,4.877588002281812,4.928923188936738,49.59016666666667,48.74501639344262,48.45831947088012,5.055256830164767,4.979287135027051,5.001390264021553,7.915406977055063
2023-08-31,sz000901,46.65,46.82,47.4,46.53,73977,71760651.28,1.86,0.13,0.06,0.93,4.869096715329424,-0.05925304190643654,45.70399999999999,46.223333333333336,46.19893568029279,4.950827280738574,4.934050310731624,4.9085951179164065,45.814,45.83909090909091,46.1715198292506,4.869777286753687,4.897869824378965,4.892492202518099,46.807,46.17704761904762,46.88369865096695,4.857462318958033,4.8688943047029705,4.89793652058701,47.95066666666666,46.929591397849464,47.543754093081,4.906788924094239,4.87453264699904,4.925063416445945,49.57583333333333,48.65419125683059,48.404604078392246,5.0503958826661615,4.973183524704581,4.99705277062181,7.855886371591591
2023-09-01,sz000901,46.65,47.17,47.4,46.59,67800,65968017.99,1.73,0.75,0.35,0.85,4.831229693867063,-0.037867021462361095,46.344,46.711999999999996,46.522623786861864,4.930296835179541,4.894184448441119,4.882806643233292,45.849000000000004,46.08563636363636,46.353061678477765,4.869374967490303,4.8908611711268515,4.881353564581547,46.6555,46.21161904761905,46.910965446112954,4.8519952403348,4.866395959456209,4.8915834894708246,47.88466666666667,46.87922580645161,47.51964092578546,4.89905338652069,4.8696578579521255,4.919009627892469,49.577,48.57531147540984,48.364125256149876,5.048380738726654,4.9659977480226445,4.99161594843313,7.819333435892838
2023-09-04,sz000901,47.35,47.75,47.81,47.11,71614,70266127.83,1.48,1.23,0.58,0.9,4.854997931922362,0.023768238055299484,46.96,47.18066666666667,46.931749191241245,4.891209642629112,4.86908481402206,4.873537072796315,46.041,46.431272727272734,46.607050464209074,4.872430934955247,4.888247164659953,4.876561631370786,46.574,46.31585714285714,46.990873498864104,4.8525548547359865,4.8666819300835975,4.888099150656686,47.801,46.8705376344086,47.53450280154124,4.892622359655037,4.866815570558685,4.914879841055688,49.59283333333334,48.515409836065565,48.343990001849875,5.047774255827133,4.95965732812742,4.987136669203268,7.8467460214410325
2023-09-05,sz000901,47.52,47.64,48.04,47.29,59708,58772354.08,1.57,-0.23,-0.11,0.75,4.776032524145925,-0.07896540777643768,47.227999999999994,47.40733333333333,47.16783279416083,4.851941324500127,4.830692441194332,4.841035556579518,46.158,46.722,46.79485947071652,4.8722386099817125,4.8707201808764395,4.858283611875356,46.4925,46.41738095238096,47.05269507040086,4.853180214717174,4.85939408907502,4.877426138608042,47.665333333333336,46.860150537634404,47.54130907240955,4.87986586823114,4.85929364568713,4.905921949642155,49.569833333333335,48.4513825136612,48.32090836244496,5.038851607150775,4.950747763154266,4.980215221824339,7.769173086383596
2023-09-06,sz000901,47.23,48.51,48.57,46.88,100012,99148699.84,3.55,1.83,0.87,1.25,5.000052112211158,0.22401958806523314,47.578,47.834666666666664,47.61522186277389,4.866281795495186,4.8800627037646755,4.894041075123399,46.489999999999995,47.14963636363636,47.106703203313515,4.897589741979757,4.893958999463613,4.8840597028455015,46.521499999999996,46.60952380952382,47.191486016076965,4.847007224856242,4.873381888836351,4.88910480276072,47.62066666666667,46.91464516129032,47.603805261286354,4.873674276013315,4.867047596911647,4.911994863356285,49.5595,48.41663387978143,48.327108088266435,5.037285939064764,4.949475648566082,4.980865611673087,7.996287023573941
2023-09-07,sz000901,48.45,47.29,48.45,47.23,75517,74438863.03,2.51,-2.51,-1.22,0.95,4.878044728783066,-0.12200738342809192,47.672,47.73866666666666,47.5068145751826,4.868071398185914,4.883983681527301,4.888708959676621,46.688,47.29509090909091,47.14002989362015,4.9094493394622445,4.890405360700577,4.882966071197786,46.4865,46.68271428571429,47.20086830026011,4.860797777576074,4.876337841591288,4.888051462381895,47.52966666666667,46.89331182795699,47.5835597605582,4.86879865933164,4.867329561606469,4.909804532093497,49.51583333333333,48.34222404371584,48.29310454438885,5.0314419743826,4.944254625278157,4.977494435184889,7.87179973114911
2023-09-08,sz000901,47.11,48.69,48.98,47.0,117105,116643521.71,4.19,2.96,1.4,1.47,5.0685754384203685,0.19053070963730256,47.976,48.078,47.9012097167884,4.915540547096576,4.950818361605453,4.9486644525912045,47.16,47.65909090909091,47.421842640234665,4.922918691138058,4.919337378692964,4.9167132288746185,46.583,46.89257142857142,47.342690366902005,4.870661624689324,4.896126190243125,4.905244222004607,47.47366666666667,46.968172043010746,47.65494300181251,4.870456027678155,4.880218386063807,4.92004781637265,49.49933333333333,48.3151475409836,48.30611751014659,5.030513034780575,4.945472115902346,4.980480697586052,8.066860623423581
2023-09-11,sz000901,48.63,48.45,48.92,47.7,97798,97072897.38,2.51,-0.49,-0.24,1.23,4.990329973419041,-0.07824546500132712,48.116,48.236,48.08413981119227,4.942606955395911,4.975748170379608,4.9625529595338165,47.538,47.89363636363637,47.60878034201018,4.916908299012511,4.931593975471324,4.930098091519058,46.661500000000004,47.07038095238096,47.448148427197054,4.880191458114878,4.907523175836431,4.91334762690122,47.397999999999996,47.03116129032258,47.70623700169558,4.871326453828025,4.887952189014832,4.924582149085321,49.477,48.28074316939892,48.31083496883031,5.029306265637347,4.944154638480656,4.980803624662543,7.987097992407341
2023-09-12,sz000901,48.51,48.92,49.15,48.04,93458,93544334.93,2.29,0.97,0.47,1.17,4.970616482891401,-0.019713490527640154,48.372,48.504,48.36275987412819,4.9815237471450065,4.985084679544771,4.965240800653012,47.8,48.144909090909096,47.84718391619015,4.916732535822566,4.94135909981294,4.937465071768575,46.7895,47.285476190476196,47.588324767464,4.890690604884438,4.9161350829580055,4.918801803662189,47.349666666666664,47.12935483870967,47.784544291908766,4.875110832610708,4.8943579973415,4.927552106105068,49.443,48.262480874316935,48.33080759280308,5.022218684982323,4.942230383308658,4.980469620014309,7.971017491642148
2023-09-13,sz000901,48.69,47.87,48.92,47.35,80480,79578940.14,3.21,-2.15,-1.05,1.01,4.905687967711852,-0.0649285151795489,48.244,48.336666666666666,48.198506582752124,4.962650918245146,4.959806086400387,4.945389856339292,47.911,48.157636363636364,47.851332295064665,4.914466356870166,4.939350996520083,4.931687416485534,46.8975,47.38838095238095,47.615150980086476,4.901508228163051,4.917563403227282,4.917552866905014,47.273999999999994,47.16292473118279,47.79005756339853,4.876500017395368,4.8963307157351235,4.926141516531312,49.379,48.21090710382513,48.3156991471374,5.014891765448941,4.938409704053889,4.978017762561769,7.900798150763942
2023-09-14,sz000901,47.7,47.35,47.99,47.0,63178,61936209.65,2.07,-1.09,-0.52,0.79,4.80056587350468,-0.10512209420717245,48.256,48.03866666666667,47.91567105516808,4.947155147189468,4.9057777381535645,4.897115195394422,47.964,48.05563636363636,47.76018096868927,4.9076132726876915,4.918641817726358,4.907847135943561,46.888999999999996,47.4314761904762,47.58989850579253,4.888695279720689,4.907949845640771,4.906411248485934,47.19266666666667,47.16782795698925,47.76166675285669,4.8741793035345875,4.891431738709917,4.918039862142498,49.28783333333334,48.144382513661206,48.28403688001814,5.004926068429542,4.931382625629488,4.972199667838585,7.7919446240356525
2023-09-15,sz000901,47.35,47.11,47.58,46.76,69770,67994520.84,1.73,-0.51,-0.24,0.87,4.843668722979144,0.0431028494744643,47.94,47.65666666666666,47.647114036778724,4.902173804101223,4.87128226341679,4.87929970458933,47.958,47.900363636363636,47.641966247109394,4.9088571755989,4.907015535961168,4.896178333586393,46.9035,47.45252380952381,47.54419388619324,4.889116071544601,4.903661602141576,4.90043576986624,47.08966666666666,47.16249462365592,47.71962373654336,4.870949218756166,4.889463314157954,4.913241724131959,49.20616666666667,48.0729781420765,48.245543867558524,4.997239281056258,4.926095499549146,4.967985538498931,7.832473917635258
2023-09-18,sz000901,46.76,47.64,48.22,46.65,89904,88358693.75,3.33,1.13,0.53,1.13,4.9537790147508245,0.1101102917716803,47.778000000000006,47.556666666666665,47.64474269118582,4.894863612367581,4.88848400029999,4.9041261413098285,47.947,47.84254545454545,47.64160874763496,4.918735283881746,4.915183143079699,4.906651184707198,46.994,47.522666666666666,47.55331827798436,4.895583109418497,4.909819977685027,4.905516078902867,47.031666666666666,47.198,47.7144867212825,4.874614997784573,4.89480717196406,4.915857033204144,49.16066666666667,48.02162841530054,48.22568997026152,4.9918726946076655,4.9246705727850335,4.967519750835059,7.946249286858063
2023-09-19,sz000901,47.93,46.47,47.93,46.41,66577,64548944.09,3.19,-2.46,-1.17,0.83,4.823324221688782,-0.1304547930620421,47.288,47.120666666666665,47.25316179412388,4.8654051601270565,4.86463753674039,4.877192168102813,47.83,47.574,47.42858897533769,4.923464453636032,4.897835677226434,4.891500827794759,46.99400000000001,47.472761904761896,47.450145108652514,4.897851531808872,4.902938178853625,4.897688282977716,46.93833333333334,47.16176344086021,47.63419725539331,4.876608294356793,4.8914980896353,4.909887174396702,49.083999999999996,47.93340983606557,48.168126364679175,4.988208538565341,4.919144393345069,4.962792028567968,7.809889142347798
2023-09-20,sz000901,46.47,46.3,46.94,46.12,47471,45665875.07,1.76,-0.37,-0.17,0.59,4.676428380441924,-0.14689584124685862,46.974000000000004,46.791333333333334,46.93544119608259,4.819553242673071,4.801645276845346,4.810270905549183,47.609,47.29581818181819,47.223390979821744,4.891102080459108,4.852920027554776,4.852396746457879,47.0495,47.406666666666666,47.34060747925704,4.894345911219433,4.88185025967582,4.876615911307641,46.884,47.1205806451613,47.54812001310987,4.861705510057197,4.878583256479502,4.8948253167222004,48.98500000000001,47.84213114754099,48.106876319935594,4.977422884098015,4.908922093078728,4.953403056498261,7.659591784209506
2023-09-21,sz000901,46.3,46.01,46.82,45.77,47600,45610247.61,2.27,-0.63,-0.29,0.6,4.6776069527204935,0.0011785722785697672,46.706,46.47,46.6269607973884,4.794961458516234,4.754329846861153,4.76604958793962,47.481,47.0050909090909,47.00277443803597,4.871058302852851,4.814102731602302,4.820616783960173,47.084500000000006,47.30766666666667,47.21388295742304,4.890253821157549,4.861208454104493,4.857662677156484,46.818,47.064193548387095,47.44888646387698,4.864217952668333,4.866705930199715,4.880811228722091,48.87533333333333,47.74459016393442,48.03812627665902,4.968598928025546,4.899092062541761,4.944360561292432,7.659062429955579
2023-09-22,sz000901,45.95,47.35,47.4,45.6,67682,65546879.46,3.91,2.91,1.34,0.85,4.830473183602632,0.1528662308821387,46.754000000000005,46.684666666666665,46.8679738649256,4.792322350640932,4.766167088556619,4.787524119827291,47.347,46.981272727272724,47.065906358393065,4.847248077371078,4.806723619011353,4.822408856622438,47.2535,47.33295238095238,47.22684648528751,4.885083384254568,4.855515060051643,4.855073201579927,46.837666666666664,47.09851612903226,47.44250669201395,4.862857108916575,4.8645288483245075,4.877563612907933,48.78616666666667,47.69457923497267,48.01556475939151,4.962183928539201,4.894563349609862,4.940626548909159,7.816552020731491
2023-09-25,sz000901,47.05,46.65,47.64,46.47,52110,50602114.32,2.47,-1.48,-0.7,0.65,4.716921073166761,-0.11355211043587143,46.556,46.65,46.7953159099504,4.744950762324119,4.741033329398563,4.763989770940448,47.167,46.85454545454545,46.990287020503416,4.81990718734585,4.783027800065113,4.803229259630497,47.3525,47.27547619047619,47.17190872478394,4.868407743179181,4.839499601852804,4.841915856016769,46.830000000000005,47.08640860215054,47.39137722801305,4.8600967011918685,4.855113620211617,4.867199578085922,48.686166666666665,47.62454098360656,47.97079214432949,4.955146439430354,4.886521944515684,4.933291943147113,7.7041686634470175
2023-09-26,sz000901,46.65,46.36,46.88,46.12,40573,39021407.55,1.63,-0.62,-0.29,0.51,4.608237120972169,-0.1086839521945917,46.534,46.584666666666664,46.65021060663361,4.701933342180796,4.695462115614579,4.712072220951022,46.911,46.707818181818176,46.875689380411885,4.783669251153926,4.744542333451717,4.767776143510801,47.3555,47.180952380952384,47.094584084328325,4.850200893488247,4.8147214473568996,4.819660738393473,46.83,47.05608602150537,47.32483676168963,4.8550168203076005,4.838864615036153,4.850492322788261,48.566833333333335,47.54827322404372,47.91797928713836,4.94290271307204,4.875147868500663,4.922634407993836,7.591302930875333
2023-09-27,sz000901,46.36,46.36,47.0,46.06,52961,51071613.15,2.03,0.0,0.0,0.66,4.723956176778731,0.1157190558065615,46.54600000000001,46.526666666666664,46.55347373775574,4.711438901448157,4.702803060480559,4.716033539560258,46.76,46.60763636363636,46.781927674882446,4.765496072060614,4.733685410838046,4.759808876832243,47.3355,47.08614285714286,47.02462369534467,4.83998121446539,4.802698141003612,4.810546018239688,46.85166666666667,47.02576344086022,47.2625892286774,4.856170842795572,4.830409089647192,4.842328700465066,48.462,47.475918032786886,47.866897999035466,4.934854435184906,4.8679692935402255,4.916120367626127,7.70817957571493
2023-09-28,sz000901,46.41,47.46,47.64,46.18,73994,72167467.56,3.15,2.37,1.1,0.93,4.869196505237242,0.14524032845851131,46.836,46.83133333333333,46.85564915850383,4.749756811951507,4.755388928410253,4.767087861452586,46.771,46.734909090909085,46.90521355217655,4.77235913523387,4.752540035051978,4.779697536542242,47.36749999999999,47.098000000000006,47.06608810531185,4.839986203960781,4.80548054964855,4.816131778906121,46.849666666666664,47.06501075268816,47.27532540747241,4.849916564891751,4.831249454966009,4.844062107224562,48.37466666666667,47.4430655737705,47.853557081034296,4.929289361767669,4.865816574525548,4.914581880334688,7.858341465668917
2023-10-09,sz000901,47.46,48.04,48.22,47.35,102635,101331859.86,1.83,1.22,0.58,1.29,5.01129548665115,0.1420989814139082,46.974000000000004,47.23266666666667,47.250432772335884,4.78592127256121,4.842568486643468,4.848490403185441,46.864,46.965636363636364,47.11153836087172,4.7891218116010705,4.795983008036937,4.821806254743862,47.411,47.16204761904761,47.158841619091675,4.848989493599985,4.821795719428585,4.8347187986913625,46.89033333333334,47.14180645161291,47.32465925215161,4.855784651563424,4.841660998305327,4.854851357510149,48.313500000000005,47.43209289617486,47.85966996362333,4.927723943902479,4.868505299931563,4.917752818246703,8.005746013829976
2023-10-10,sz000901,47.75,48.45,48.45,47.75,87385,86727740.36,1.46,0.85,0.41,1.09,4.941436890571359,-0.06985859607979084,47.333999999999996,47.724666666666664,47.65028851489059,4.83082443604213,4.8944070259801835,4.879472565647414,46.94500000000001,47.254000000000005,47.35489502253141,4.787887599183124,4.823676658758808,4.8435572794397705,47.446,47.260999999999996,47.28180908394009,4.853311441532435,4.830600233425859,4.844882426489457,46.97766666666667,47.242430107526886,47.39726188104506,4.859684606006706,4.847186949209063,4.860437520933453,48.263000000000005,47.43656830601092,47.87902504678322,4.926499096055924,4.86895490474038,4.918529345208167,7.938158031251762
2023-10-11,sz000901,48.57,47.93,48.57,47.58,76013,75163581.97,2.04,-1.07,-0.52,0.95,4.880887873142014,-0.06054901742934504,47.648,47.92333333333333,47.743525676593734,4.885354586476099,4.911094838346812,4.879944334812281,47.090999999999994,47.433090909090915,47.459459563889325,4.793643964328448,4.840585799478606,4.850344660112905,47.4605,47.307095238095236,47.343541552136266,4.858554208982239,4.833226560245818,4.848311516646844,47.02633333333333,47.30387096774194,47.43163208226797,4.863115675982063,4.8485549019274705,4.861756898495296,48.17366666666667,47.42565027322404,47.880696356724755,4.920947831017799,4.867459454808775,4.917295198583047,7.876007468511212
2023-10-12,sz000901,48.1,48.28,48.34,47.52,61678,61048388.18,1.71,0.73,0.35,0.77,4.7901302826329415,-0.09075759050907273,48.032,48.134,47.92235045106249,4.898589407646941,4.879353403732425,4.850006317419168,47.289,47.64927272727273,47.60864873409127,4.80501415454755,4.839946948261241,4.839396591480185,47.449,47.38514285714286,47.43272807098043,4.848058117503329,4.8267099958316,4.842770446740759,47.129333333333335,47.38475268817205,47.4863654963152,4.864568658995472,4.843846166872688,4.857135826504177,48.1125,47.429136612021864,47.893788279455094,4.909871083567572,4.863170354861731,4.913125857076485,7.78567420204384
2023-10-13,sz000901,48.57,47.93,48.57,47.87,56803,56336422.03,1.45,-0.72,-0.35,0.71,4.7543712731941135,-0.03575900943882804,48.126,48.1,47.92490030070833,4.875624361238316,4.831280692248149,4.81812796934415,47.481,47.76581818181819,47.66707623698376,4.812690586594911,4.830739151651526,4.823937442700899,47.481,47.430952380952384,47.480087302315624,4.8418744447238815,4.817787439230722,4.834351477831555,47.21666666666667,47.43640860215054,47.51498707719809,4.864399409636669,4.836736658111311,4.850505855322883,48.049499999999995,47.423153005464485,47.89497554898116,4.901322648874884,4.858072000423256,4.907920788752473,7.750789261145125
2023-10-16,sz000901,47.81,47.52,48.22,47.05,75282,73894450.47,2.44,-0.86,-0.41,0.94,4.876691148376505,0.12231987518239151,48.022000000000006,47.898,47.78993353380555,4.848703493583387,4.83163628796088,4.837649029021602,47.498000000000005,47.772909090909096,47.64033510298671,4.817312383072299,4.8423756174299974,4.833529025551009,47.4225,47.43466666666666,47.4838885116189,4.832280230221688,4.821103315769068,4.838383827407264,47.335,47.45597849462365,47.51531049157241,4.862493050527145,4.837529673513882,4.852195229068278,47.97966666666666,47.405792349726774,47.882681268686696,4.8961532098049245,4.8572644102429825,4.906896866117195,7.868611823770263
2023-10-17,sz000901,47.46,47.0,47.46,46.12,75437,72998005.85,2.82,-1.09,-0.52,0.95,4.877584408926619,0.0008932605501144053,47.732000000000006,47.55733333333333,47.52662235587037,4.835932997254439,4.8412632597419565,4.850960822323275,47.533,47.68236363636363,47.52391053880731,4.8333787166482844,4.853334167585329,4.841539095255665,47.35,47.39442857142857,47.43780389146472,4.8266429519970675,4.825417999455252,4.842117216123393,47.41266666666666,47.43436559139786,47.48206465340645,4.856731401002216,4.838503309539655,4.853833240672042,47.90599999999999,47.37367213114754,47.853740899221556,4.893737425490387,4.856655597099431,4.905935801947012,7.8633109962825065
2023-10-18,sz000901,47.0,46.24,47.0,46.06,61281,58951568.73,2.0,-1.62,-0.76,0.77,4.787325843617668,-0.09025856530895116,47.394,47.059999999999995,47.09774823724692,4.817220591349569,4.825060875196367,4.829749162754739,47.521,47.447272727272725,47.290472259024156,4.851287588912834,4.844960917943399,4.831682140412392,47.216,47.28871428571427,47.32372733037284,4.81747842003338,4.821673512942928,4.836898990170467,47.410666666666664,47.35870967741936,47.40193144996087,4.850563125296443,4.834025531643875,4.849542440862082,47.80416666666667,47.31904918032786,47.80083136154216,4.8875888035553405,4.853166692775735,4.902046950854246,7.770495366372885
2023-10-19,sz000901,45.77,45.07,46.76,44.96,87615,83381395.55,3.89,-2.53,-1.17,1.1,4.942578465295376,0.15525262167770748,46.751999999999995,46.28533333333334,46.42183215816462,4.8477102278820565,4.866846833178302,4.867358930268285,47.392,47.00163636363636,46.88675003011067,4.873149817764499,4.861559259103861,4.851845108572935,47.076,47.084333333333326,47.1090866322421,4.819322944912557,4.83358780296788,4.846963702087125,47.35433333333334,47.207698924731176,47.25148425964081,4.851037415565092,4.839962005192194,4.855544765019069,47.705,47.2294043715847,47.71129590706536,4.8837460688887555,4.854969632504917,4.903375852967071,7.921069159614843
2023-10-20,sz000901,45.07,43.85,45.66,43.68,82514,76478185.35,4.39,-2.71,-1.22,1.03,4.916527640754965,-0.026050824540410744,45.936,45.318,45.56455477210975,4.880141501394227,4.889785970802605,4.883748500430512,47.031,46.35763636363637,46.334613660999636,4.877882931316272,4.869446136011218,4.863605568969667,46.900999999999996,46.77709523809524,46.79869742917142,4.825121033275071,4.842845393048108,4.85358883910311,47.25533333333333,46.98161290322581,47.03203366224463,4.8526184464126105,4.844187181010896,4.859479144098804,47.603,47.10301092896175,47.58469604125994,4.879703685253424,4.856044438139874,4.903807059124051,7.883537574589287
2023-10-23,sz000901,43.85,42.92,44.03,42.51,77031,70047383.84,3.47,-2.12,-0.93,0.97,4.886665535816063,-0.029862104938901624,45.016000000000005,44.31266666666667,44.68303651473984,4.882136378882139,4.8919606489432175,4.884720845559029,46.519000000000005,45.61018181818183,45.71377481354516,4.8654199362327635,4.871042973192998,4.867798290214466,46.6915,46.39795238095238,46.42929767401224,4.827270873916917,4.84870677424249,4.8567390006948195,47.11366666666667,46.70191397849462,46.76674116790627,4.854466307810911,4.846383767424023,4.861233104854757,47.49916666666666,46.94946994535518,47.43175518744814,4.8767598471658005,4.856272695535371,4.903245041966412,7.845391919706463
2023-10-24,sz000901,42.98,42.92,43.5,42.57,113609,102590292.61,2.17,0.0,0.0,1.42,5.055412737145363,0.16874720132929966,44.2,43.614000000000004,44.09535767649323,4.917702044525887,4.949719435030959,4.941618142754473,45.965999999999994,44.95581818181819,45.20581575653694,4.876817520890163,4.905587118813471,4.901910007838266,46.4555,46.03876190476191,46.095078847915836,4.832352560036644,4.870434570740437,4.875660308928205,46.952666666666666,46.43135483870967,46.51856431836393,4.861146801318344,4.859348053187534,4.873760823067054,47.37683333333333,46.79933333333333,47.283828787859676,4.87688458048669,4.8621301673379795,4.908234146726377,8.011106268520797
2023-10-25,sz000901,43.04,44.55,44.84,43.04,123904,114803389.22,4.19,3.8,1.63,1.55,5.093085326956262,0.03767258981089938,43.862,43.73066666666667,44.24690511766215,4.978853941193606,5.008180529174417,4.99210720415507,45.628,44.69836363636363,45.08657652807568,4.898037266271588,4.9449085380982165,4.936669156768811,46.359500000000004,45.857285714285716,45.94792848144766,4.845840615300018,4.895266262828019,4.896367453502306,46.849666666666664,46.2763440860215,46.39156016879207,4.871715228078689,4.874311829035142,4.887910791059907,47.25750000000001,46.70665027322404,47.19419505711018,4.875790548154915,4.869218716402555,4.914294841160143,8.059954709471508
2023-10-26,sz000901,44.32,46.24,46.36,44.03,127124,119884777.55,5.23,3.79,1.69,1.59,5.104227549638254,0.011142222681991498,44.096000000000004,44.52333333333333,44.91127007844144,5.011183758062181,5.0499717319893,5.029480652649465,45.424,44.809636363636365,45.296289886607376,4.929446992972119,4.9823976805285195,4.96713431910871,46.3565,45.84590476190477,45.97574481654788,4.867230573759834,4.919874542288803,4.9161636531343005,46.773999999999994,46.23701075268817,46.381782093386136,4.875187742659592,4.889312623974471,4.901866710968188,47.197333333333326,46.67328961748633,47.162909973270494,4.874431009336454,4.876708454156107,4.920522143077458,8.078764041766588
2023-10-27,sz000901,46.3,46.53,47.23,45.83,121112,116993360.07,3.03,0.63,0.29,1.52,5.0831871759720375,-0.02104037366621636,44.632,45.334666666666664,45.45084671896096,5.044515665105596,5.073972871292585,5.047382827090322,45.284000000000006,45.01072727272727,45.520600816315124,4.962328583249912,5.01035044107396,4.988234838538405,46.3825,45.86242857142857,46.0285310244957,4.887509584922411,4.940441837737585,4.932070655309323,46.748666666666665,46.2212688172043,46.39134453897413,4.882025824232558,4.902731942252692,4.913564805484566,47.13916666666667,46.651409836065575,47.142158826605886,4.875412241782099,4.883552918635963,4.925855422844493,8.068161214166768
2023-10-30,sz000901,46.59,47.4,47.75,46.41,120481,117665018.26,2.88,1.87,0.87,1.51,5.08091856354354,-0.0022686124284971854,45.528000000000006,46.257333333333335,46.10056447930731,5.0833662706510925,5.0861071707719,5.058561405908062,45.272000000000006,45.39545454545455,45.86230975880328,4.982751324766615,5.0319122556728,5.005086424902975,46.385,45.959333333333326,46.15914711740087,4.900031853919456,4.958861740463407,4.946246646569724,46.70566666666666,46.263290322580644,46.456419084846765,4.882437261736664,4.915563731885658,4.924361822133532,47.089666666666666,46.65996174863388,47.15061263556962,4.87644664470741,4.890290830824863,4.930939460244462,8.070647366541243
2023-10-31,sz000901,47.35,46.76,47.52,46.36,101453,98470617.32,2.45,-1.35,-0.64,1.27,5.006264893796001,-0.07465366974753973,46.296,46.668,46.32037631953821,5.073536701981219,5.060406711820203,5.041129235204042,45.248000000000005,45.666000000000004,46.02552616629359,4.995619373253553,5.03618745004178,5.005300691974434,46.390499999999996,45.995047619047625,46.21637120145793,4.91449904495092,4.968979172832602,4.951962670115084,46.64933333333333,46.266795698924724,46.476004950340524,4.882968425749229,4.923552611373357,4.929645891273046,47.02366666666667,46.6491530054645,47.13780566391161,4.877147439788627,4.894547166860554,4.933409146590414,7.993306660554076
2023-11-01,sz000901,46.65,46.82,47.35,46.18,74731,72540344.46,2.5,0.13,0.06,0.94,4.87350079373183,-0.13276410006417017,46.75,46.842666666666666,46.48691754635881,5.029619795336332,4.993728075737073,4.985253088046639,45.306,45.95181818181818,46.16997595424021,5.004236868264969,5.013984071946922,4.981337074112143,46.4135,46.03595238095238,46.27385965846194,4.927762228588902,4.965074577478403,4.944490110459536,46.57933333333334,46.2778064516129,46.498198179350815,4.879731236110577,4.922941796404494,4.926023626915549,46.9645,46.64247540983607,47.127385806078436,4.877421034360642,4.894427604694758,4.931444938299968,7.860579613509676
2023-11-02,sz000901,46.82,45.89,47.11,45.89,65046,62549538.63,2.61,-1.99,-0.93,0.81,4.813220594804748,-0.06028019892708247,46.68,46.556,46.287945030905874,4.971418404369631,4.921595008893211,4.927908923632676,45.388,46.058,46.11907123528744,4.991301081215906,4.979253840408699,4.950770441510799,46.39,45.98609523809524,46.237301595751276,4.932225449490202,4.954165850451339,4.9319882518257465,46.513333333333335,46.233333333333334,46.458959587134636,4.8766489903470065,4.918650787287988,4.918746011940659,46.89366666666667,46.60724590163935,47.08681577964963,4.876574503871186,4.892322672250303,4.927568730316518,7.796224110653195
2023-11-03,sz000901,45.95,47.17,47.7,45.89,92494,90223680.68,3.94,2.79,1.28,1.16,4.9661135613724765,0.15289296656772855,46.808,46.71933333333333,46.581963353937255,4.948003681449719,4.919826727894161,4.9406438028792765,45.72,46.38199999999999,46.31014919250791,4.996259673277658,4.974674291346258,4.953560099667467,46.3755,46.06038095238095,46.32613001520354,4.937071302296965,4.957393289678223,4.935238281306388,46.507333333333335,46.275698924731174,46.504833162158214,4.882167246609266,4.924422695096083,4.921801982871744,46.85,46.61630601092896,47.08954313113653,4.878173275071926,4.895258379053623,4.928832495269173,7.955320540190286
2023-11-06,sz000901,47.17,47.46,47.52,46.76,90476,88281981.16,1.61,0.61,0.29,1.13,4.956533391913775,-0.009580169458701882,46.82,46.936666666666675,46.87464223595818,4.923126647123766,4.922669964715512,4.945940332557443,46.174,46.698363636363645,46.51921297568829,5.003246458887428,4.967451331098278,4.9541006982577045,46.3465,46.16366666666667,46.43411763280321,4.934333197560096,4.959246822022682,4.9372663870785205,46.519000000000005,46.337161290322584,46.56645682911575,4.885929402240421,4.92922051092218,4.924042718938972,46.80433333333334,46.63630601092896,47.10168925798451,4.878439310498293,4.8978275632123704,4.929740721388668,7.94587207071981
2023-11-07,sz000901,47.58,47.7,48.04,47.23,75676,74447223.07,1.71,0.51,0.24,0.95,4.878958168533301,-0.07757522338047362,47.008,47.230000000000004,47.14976149063879,4.897665302071227,4.907947138518691,4.9236129445493955,46.652,46.975818181818184,46.73390152556314,4.985601002026223,4.944853460124801,4.940438420125994,46.309000000000005,46.29257142857143,46.55467785825052,4.931209261458192,4.953973009734415,4.931713223407548,46.520999999999994,46.41335483870967,46.63958864659216,4.88343537403317,4.928770753908816,4.921134038267639,46.77633333333333,46.66567213114754,47.12130600362436,4.879025185908872,4.8978445749512245,4.928075719655705,7.871848502922745
2023-11-08,sz000901,47.7,47.4,47.7,47.05,67305,65827219.97,1.36,-0.63,-0.3,0.84,4.828047328588755,-0.05091083994454593,47.124,47.360666666666674,47.23317432709253,4.888574609042611,4.884741147357867,4.891757739229182,46.937,47.11181818181819,46.85501033909711,4.959097202189471,4.916207337681625,4.920003676210132,46.2825,46.39647619047619,46.63518472889333,4.928567234230529,4.94414806374685,4.9218402810438535,46.552,46.470064516129035,46.68864744358621,4.883592810929836,4.925197331622081,4.915128444094808,46.74516666666667,46.68612021857924,47.130443511702246,4.880100552643314,4.8961731697931885,4.924796100276461,7.818405514256856
2023-11-09,sz000901,47.58,47.05,47.64,46.82,57396,55944359.81,1.73,-0.74,-0.35,0.72,4.758881626919589,-0.06916570166916625,47.356,47.336000000000006,47.17211621806169,4.877706815465579,4.84151015331686,4.847465701792651,47.018,47.13236363636363,46.89046300471582,4.924562609917605,4.879804505814373,4.890708758157306,46.221,46.469571428571435,46.674690945189205,4.927004801444863,4.927987529717237,4.906320409222495,46.577,46.50219354838709,46.71196051174195,4.886341252479091,4.91715144878271,4.905048004277052,46.7305,46.69611475409837,47.12780601951528,4.874023381268144,4.892198778785853,4.919356281477874,7.747756308436012
2023-11-10,sz000901,46.76,47.11,47.23,46.59,61045,59231108.04,1.36,0.13,0.06,0.76,4.785650098070644,0.02676847115105474,47.344,47.254,47.15141081204113,4.841614122805213,4.8108245808518815,4.826860500551982,47.076,47.14909090909091,46.93037882204021,4.894808902127466,4.854547685478563,4.871607183596094,46.18,46.55423809523809,46.71614895040928,4.928568742688688,4.91452517701493,4.894827998636605,46.61366666666667,46.536580645161294,46.73764047872634,4.88994269065743,4.910655245272489,4.8973449135540585,46.71583333333333,46.70855737704918,47.127222215596746,4.8770803216628815,4.889301294090854,4.914972472185834,7.772549857090659
2023-11-13,sz000901,47.58,48.69,48.86,47.0,142874,141606507.44,3.95,3.35,1.58,1.79,5.154953203711288,0.36930310564064417,47.589999999999996,47.702666666666666,47.66427387469409,4.881298085164715,4.9152709411539055,4.936224734938417,47.205,47.44254545454546,47.250309945305624,4.902212366144241,4.901846649402894,4.923124641798856,46.2385,46.79328571428571,46.904134764656014,4.942481845455427,4.936085601874224,4.919601827691337,46.65833333333333,46.6705376344086,46.863599157518195,4.900758691327718,4.927752697727576,4.913964803241622,46.748,46.77328415300546,47.17846083147882,4.881807900122147,4.898411880387522,4.922840692891587,8.151083211548281
2023-11-14,sz000901,48.63,49.79,49.85,48.45,166843,168771437.21,2.88,2.26,1.1,2.09,5.222307990282713,0.06735478657142568,48.008,48.436,48.37284924979606,4.949968049514598,5.028940909526572,5.0315858200531824,47.507999999999996,47.91254545454546,47.71207177343187,4.923816675792912,4.960045853791707,4.977521614250466,46.378,47.131523809523806,47.17897907278402,4.959718024523232,4.962735710905395,4.948430986033372,46.763000000000005,46.87258064516129,47.05239921187186,4.91760492189825,4.948497813789188,4.933857912082983,46.7965,46.873021857923504,47.2640850665123,4.888850811545058,4.909575817769835,4.93265929280605,8.227298948736882
2023-11-15,sz000901,49.79,49.73,50.02,49.21,112572,114325513.61,1.63,-0.12,-0.06,1.41,5.051430382010221,-0.17087760827249276,48.474000000000004,49.01,48.825232833197376,4.994644660198891,5.062761687025113,5.038200674038862,47.799,48.316545454545455,48.078967814626075,4.941609634620751,4.983248345831217,4.990959572024966,46.552499999999995,47.450761904761904,47.42193344680459,4.97292325144286,4.97147022114225,4.958240452316882,46.87533333333333,47.06400000000001,47.22514764981561,4.932378030599518,4.957131714441574,4.94144323272345,46.852666666666664,46.969202185792355,47.34493473646271,4.893697425453561,4.914906295490004,4.936553426878317,8.058143161135053
2023-11-16,sz000901,49.56,49.38,50.26,49.33,92923,94701092.25,1.87,-0.7,-0.35,1.16,4.968123222462828,-0.08330715954739265,48.94,49.312,49.01015522213159,5.036492979307539,5.0539212077797595,5.0148415235135175,48.148,48.604000000000006,48.31551912105769,4.957099897386559,4.98806899816614,4.986807508468214,46.768,47.72004761904761,47.60841597568034,4.974200489301232,4.9710130755251045,4.959181668521257,46.976,47.22559139784946,47.364170382085575,4.940516932122321,4.95943785585211,4.943164522384055,46.91383333333333,47.0520655737705,47.411658187726225,4.898343887458947,4.917346485555882,4.937588502143383,7.976354988036138
2023-11-17,sz000901,49.5,49.73,49.97,49.21,89383,90832220.05,1.54,0.71,0.35,1.12,4.951254926981096,-0.016868295481732076,49.464,49.57533333333333,49.250103481421064,5.069613945089629,5.025508523670945,4.993645991336044,48.404,48.891636363636366,48.57269746268356,4.955614033947421,4.987006276274238,4.980343402743284,47.062,48.00214285714286,47.81047159704411,4.97593685361254,4.968827783875568,4.958426740755527,47.05166666666666,47.4032688172043,47.51680455098329,4.943252212847116,4.960130629713965,4.943686483970961,46.95066666666666,47.14439890710383,47.487669394686016,4.8965843888694325,4.9190812737369365,4.938036581646259,7.958239929003772
2023-11-20,sz000901,49.73,50.26,50.43,49.62,105828,108411961.94,1.63,1.07,0.53,1.33,5.024600588650688,0.07334566166959178,49.778,49.84066666666666,49.58673565428071,5.0435434220775095,5.010504071524631,5.003964190440925,48.684000000000005,49.22909090909091,48.879479742195635,4.962420753621112,4.9995492862202875,4.988390163817357,47.429,48.306714285714285,48.04376001637325,4.98283360625427,4.9734624253077735,4.964729011983637,47.12566666666667,47.610258064516124,47.693784902532755,4.943695716247102,4.965378912023874,4.948906748789008,47.008,47.25290163934426,47.57856548010615,4.899740183905263,4.92327852618878,4.940874745810338,8.035077203954412
2023-11-21,sz000901,50.14,49.38,50.37,49.15,97510,99045691.21,2.43,-1.75,-0.88,1.22,4.98904915643822,-0.03555143221246748,49.696,49.708,49.517823769520476,4.996891655308611,4.992339316311535,4.998992512440024,48.852,49.355636363636364,48.97048342543279,4.973429852411604,5.004390814005216,4.988509980657513,47.751999999999995,48.49252380952381,48.17102096719484,4.979515427218913,4.974054382468149,4.967045216217407,47.15666666666666,47.755698924731185,47.8025729733371,4.9452827917759965,4.968304940423301,4.95149658154057,47.067166666666665,47.330672131147544,47.63762890698791,4.902483698891351,4.926206689222648,4.942454234683383,7.995835587149443
2023-11-22,sz000901,49.44,48.51,49.56,48.39,83002,83454191.21,2.37,-1.76,-0.87,1.04,4.919088557177267,-0.06996059926095288,49.452,49.312666666666665,49.18188251301365,4.97042329034202,4.966404950267753,4.972357860685772,48.963,49.293454545454544,48.88675916626319,4.982533975270456,4.994510578508064,4.975887903661105,47.95,48.56471428571429,48.20330468460485,4.970815588729964,4.968299442464183,4.962477915356442,47.17600000000001,47.84301075268817,47.84821342667019,4.9465561479105045,4.966614989804028,4.949405741259067,47.10116666666667,47.3779781420765,47.66623123790634,4.904835911946284,4.926751110805792,4.941688146896297,7.921448152563109
2023-11-23,sz000901,48.57,49.79,50.08,48.51,92134,93368981.87,3.24,2.64,1.28,1.15,4.964419926478234,0.045331369300966706,49.534,49.42533333333333,49.3845883420091,4.969682631145101,4.964403828979825,4.969711882616593,49.237,49.44381818181818,49.05098477239715,5.00308780522632,4.991217115091295,4.973802816900583,48.1275,48.73995238095238,48.3544185241663,4.963825207571963,4.967690331773542,4.962662868796612,47.22633333333333,48.0116559139785,47.97348997978825,4.952365802705348,4.967767491647107,4.9503743983699815,47.17783333333333,47.46613661202185,47.73586300059793,4.908467230850409,4.928704685052742,4.942433451144884,7.970202623124605
2023-11-24,sz000901,50.08,48.92,50.08,48.69,77517,78247244.29,2.79,-1.75,-0.87,0.97,4.889396956655493,-0.07502296982274093,49.372,49.22066666666667,49.22972556133941,4.957311037079981,4.937641937483289,4.94294024062956,49.41799999999999,49.38618181818181,49.02716935923402,5.0134624910848045,4.970546051714782,4.958456296856021,48.247,48.81542857142857,48.40828342662665,4.954135696606135,4.960601926924354,4.955685162878411,47.25933333333333,48.12092473118279,48.03455514238256,4.9568666588207275,4.9637049854503426,4.946440369872273,47.23800000000001,47.5232568306011,47.77468716451275,4.910633034228698,4.928079430161105,4.940694549686216,7.89346905151279
2023-11-27,sz000901,49.09,49.79,50.08,48.98,121181,123327377.16,2.25,1.78,0.87,1.52,5.083434532024928,0.19403757536943456,49.278000000000006,49.36,49.41648370755961,4.9690778257548285,4.9796831024649375,4.989771671094683,49.528,49.453818181818185,49.16586583937329,5.0063106239161685,4.983268240976623,4.981179612341276,48.3665,48.96238095238095,48.53987548123364,4.954261495030204,4.972916101726144,4.967851769463794,47.33500000000001,48.2841935483871,48.14780964932562,4.963758104942341,4.971870654689322,4.95527870291438,47.335,47.60692896174863,47.840762995184456,4.913125577734743,4.933745053039671,4.945374549107157,8.091059495328347
2023-11-28,sz000901,49.79,50.2,50.2,49.33,122443,124912766.53,1.75,0.82,0.41,1.53,5.087933961790084,0.004499429765155938,49.44199999999999,49.66733333333333,49.67765580503974,4.988854786825201,5.01930181447669,5.022492434659817,49.569,49.576,49.35389023221451,4.992873221066906,4.998108847862789,5.000589494059241,48.5385,49.137,48.69798257825901,4.958344948429909,4.9856468128461335,4.979288168732964,47.44166666666667,48.469032258064516,48.28020902678849,4.970769756704456,4.979882000292403,4.963837106712813,47.42716666666666,47.700863387978146,47.91811502812922,4.913750578853336,4.939476475467715,4.9500486282115155,8.09660682708664
2023-11-29,sz000901,50.43,49.73,50.43,49.44,102842,104942557.57,1.97,-0.94,-0.47,1.29,5.012170513911292,-0.07576344787879119,49.686,49.763333333333335,49.6951038700265,5.007471178172006,5.027073723505386,5.019051794410309,49.569,49.60527272727273,49.42227382635732,4.988947234257013,5.001617446561768,5.002695134032342,48.684,49.25047619047619,48.79626995175815,4.965278434438882,4.990773057177693,4.98241982065471,47.558,48.61666666666667,48.37374392828601,4.978264579047578,4.982553016886393,4.966955391048199,47.48433333333333,47.77636612021859,47.97752109278072,4.91441385217201,4.942703358584368,4.952085411349213,8.0209516442439
2023-11-30,sz000901,49.68,48.98,49.85,48.34,93409,94015654.95,3.04,-1.51,-0.75,1.17,4.970388722718647,-0.041781791192645024,49.524,49.528,49.456735913351,5.008664937420089,5.014712905020933,5.002830770513089,49.528999999999996,49.49818181818181,49.34186040338326,4.9891737842825945,4.99824317173661,4.996821241066215,48.838499999999996,49.27866666666668,48.813768051590706,4.973136840834577,4.991259751299575,4.981274001803656,47.688333333333325,48.70840860215053,48.4128572232353,4.979191587628353,4.982044897123235,4.967176896317261,47.52133333333333,47.8254043715847,48.010389253673154,4.915114501596722,4.9445386002416365,4.9526855199187025,7.973200175858364
2023-12-01,sz000901,49.33,49.79,49.97,48.98,134088,136239900.0,2.02,1.65,0.81,1.68,5.12738991307177,0.15700119035312277,49.69799999999999,49.61666666666667,49.567823942234,5.056263528703344,5.054287896904827,5.044350484699317,49.535,49.54563636363637,49.423340330040844,5.006787282891663,5.023373376971007,5.0205609996126785,48.9695,49.36928571428571,48.90674252286778,4.981200658419541,5.00595052008407,4.99518980287681,47.88633333333333,48.844,48.501705144316894,4.986220330038914,4.991606079409908,4.977513219978841,47.57083333333333,47.899786885245895,48.06873714699534,4.919419388225762,4.951498449798195,4.958413532808967,8.134304316182789
2023-12-04,sz000901,49.79,50.2,50.72,49.5,132988,136775889.99,2.45,0.82,0.41,1.67,5.123812454734726,-0.003577458337043815,49.78,49.784,49.778549294822675,5.064339113245303,5.076804205581954,5.070837808044454,49.528999999999996,49.66654545454545,49.56455117912432,5.016708469500066,5.044650680942473,5.03933399145305,49.1065,49.48647619047619,49.02990990164228,4.9895646115605885,5.019532595923612,5.007439579244231,48.129,48.99326881720429,48.61127255436097,4.994125227336202,5.000482990680606,4.986951880285673,47.62133333333334,47.985989071038254,48.13861461758565,4.924295767573557,4.958199861814882,4.963836448281943,8.136009549378869
2023-12-05,sz000901,50.08,48.98,50.2,48.86,118848,120365769.62,2.67,-2.43,-1.22,1.49,5.074991877723668,-0.048820577011058575,49.535999999999994,49.51733333333333,49.512366196548456,5.0617506964320205,5.080355127074743,5.072222497937526,49.489,49.56672727272728,49.45826914655626,5.025302741628611,5.055247664255854,5.045817243502253,49.1705,49.47442857142857,49.02515657767634,4.999366297020108,5.027668526034381,5.013873131480368,48.331,49.04817204301075,48.635061421821554,4.994777865355479,5.0057001939314105,4.992631880120383,47.64183333333334,48.03053551912569,48.166201023566444,4.927962333336912,4.963140717885377,4.967480888591507,8.080502997064663
2023-12-06,sz000901,48.92,48.98,49.56,48.57,93799,94654389.68,2.02,0.0,0.0,1.18,4.972198208349247,-0.10279366937442092,49.385999999999996,49.332,49.33491079769897,5.053756235319612,5.050504297713818,5.038881068074767,49.536,49.47418181818182,49.37131111990966,5.030613706745809,5.0455922945686975,5.032431964383524,49.2495,49.45628571428572,49.02085595123098,5.006573841008132,5.025081089018109,5.009904091182166,48.47866666666666,49.09004301075268,48.65731552363952,4.990748294735245,5.0042434418664925,4.991313578715793,47.664166666666674,48.07440983606557,48.19288295722,4.931231761406967,4.96459107444316,4.967635554813072,7.976140759552798
2023-12-07,sz000901,49.09,48.8,49.27,48.04,94784,94743145.6,2.51,-0.37,-0.18,1.19,4.976735032505096,0.004536824155849217,49.35,49.13666666666666,49.156607198465984,5.055025497276902,5.024830563442312,5.018165722884877,49.437,49.34036363636364,49.26743637083518,5.031845217348495,5.035796171979477,5.0223052494965374,49.337,49.41347619047618,48.99982205111374,5.017466511287408,5.0222392977321055,5.006745133212922,48.56399999999999,49.11077419354838,48.666520973727295,4.98649854416414,5.003339360432288,4.990373027347362,47.669,48.11165027322405,48.21278843403246,4.930843143411866,4.966082984970967,4.967933898343959,7.976547799792862
2023-12-08,sz000901,48.8,47.46,48.98,47.35,111015,109576216.56,3.34,-2.75,-1.34,1.39,5.04538166326508,0.068646630759984,48.884,48.50666666666667,48.59107146564399,5.038623847315564,5.021615952105039,5.027237703011612,49.291000000000004,48.98090909090909,48.938811576137866,5.047443688009453,5.03825734396431,5.026500961090818,49.3545,49.23471428571429,48.85317233196005,5.030453089547129,5.024897883634741,5.010424802741699,48.595,49.03954838709677,48.588680910906184,4.985238360407241,5.007138271342026,4.993921971600118,47.67183333333333,48.10479781420765,48.188106846031395,4.9336320923198995,4.969838346277629,4.970473169324979,8.039716301067836
2023-12-11,sz000901,47.23,48.92,48.98,46.88,112377,111316807.04,4.42,3.08,1.46,1.41,5.050677434051492,0.0052957707864118575,48.628,48.51866666666667,48.70071431042933,5.023996843178916,5.025633814350349,5.035050946691572,49.20399999999999,48.91345454545454,48.935391289567335,5.04416797821211,5.038845297790136,5.030896683447304,49.366,49.19333333333333,48.85953687177338,5.02523930106414,5.026824011682775,5.014258386675965,48.64566666666667,49.06051612903226,48.610056336009016,4.984230322757507,5.011360147061011,4.997583614338916,47.675666666666665,48.145721311475405,48.21210334288282,4.933333792247085,4.97367589846555,4.973102817348799,8.046560740737856
2023-12-12,sz000901,49.03,49.33,49.85,48.8,81718,82654555.18,2.15,0.84,0.41,1.02,4.912317728988398,-0.13835970506309359,48.698,48.75266666666666,48.91047620695289,4.991462013431862,4.98840744295351,4.994139874123848,49.117000000000004,48.93636363636364,49.00713832782782,5.026606354931942,5.014872525204006,5.009336873545685,49.343,49.189904761904764,48.904342883985436,5.009739787999424,5.0160695762469905,5.004549752610483,48.73133333333333,49.104666666666674,48.656504314331016,4.981098750597253,5.006720624882358,4.992082589477593,47.690333333333335,48.19996174863388,48.2487556922965,4.932033588173241,4.972986847211166,4.971109863632065,7.917266792995479
2023-12-13,sz000901,49.21,49.03,49.68,48.63,74212,74854137.76,2.13,-0.61,-0.3,0.93,4.870474135904505,-0.04184359308389318,48.708000000000006,48.86333333333334,48.950317471301936,4.971117198942915,4.94807815044439,4.952917961384067,49.047,48.920545454545454,49.01129499549548,5.012436717131263,4.9864848490172,4.984089103065471,49.308,49.160095238095245,48.91631022836778,5.000691975694138,5.0028061808093796,4.991780646257533,48.80499999999999,49.12393548387097,48.68060081018063,4.980997862003009,4.999583552966697,4.984236882795458,47.69216666666667,48.24388524590164,48.27437025976218,4.930364549056792,4.970968504513832,4.967810331575423,7.874215812116177
2023-12-14,sz000901,49.09,48.51,49.5,48.45,58352,58614492.2,2.14,-1.06,-0.52,0.73,4.766055745969706,-0.10441838993479902,48.65,48.797333333333334,48.803544980867954,4.928981341635836,4.879724332786654,4.890630556245947,49.0,48.822909090909086,48.920150450859936,4.992003419456369,4.941688308806008,4.944446674502604,49.2645,49.08409523809524,48.877614016142275,4.990588601869481,4.980459873216576,4.970283036706312,48.89233333333333,49.104903225806446,48.669594306298016,4.979425700375175,4.985716319674226,4.970160680419603,47.70283333333334,48.27069945355192,48.28209582501587,4.92803734536109,4.965581330642123,4.961195427129334,7.768005006877439
2023-12-15,sz000901,48.45,48.1,48.86,47.87,55772,55421023.83,2.04,-0.85,-0.41,0.7,4.746416218696146,-0.019639527273560553,48.778000000000006,48.614,48.56902998724531,4.869188252722049,4.818869291806758,4.842559110396014,48.831,48.65927272727272,48.77103218706722,4.953906050018807,4.897036090485968,4.908441137083248,49.183,48.97319047619048,48.80355553841444,4.980346666455234,4.957205360533401,4.948962387372011,48.923333333333325,49.05378494623656,48.632846286536854,4.9721024556192965,4.970683449888481,4.9557255538568,47.71533333333333,48.283721311475404,48.27612547009732,4.927134851114281,4.959626539603929,4.954153485869229,7.743674544535572
2023-12-18,sz000901,47.75,47.0,48.04,46.7,79426,77333435.96,2.79,-2.29,-1.1,1.0,4.899962691446908,0.1535464727507625,48.394,48.02133333333333,48.04601999149688,4.839045304201133,4.829127438048377,4.861693637412978,48.511,48.32636363636363,48.44902633487318,4.931521073690025,4.887228207109259,4.906899601513004,49.019999999999996,48.76528571428571,48.631788344279734,4.974114771595046,4.9495497438659415,4.9442957496648585,48.907999999999994,48.929698924731184,48.5275013648248,4.970216765603734,4.966029271554779,4.952127949830355,47.713499999999996,48.26026775956284,48.23428529074987,4.928073083922078,4.9587356491230326,4.95237673851112,7.888367306509584
2023-12-19,sz000901,47.17,46.88,47.35,46.41,53672,52076522.85,2.0,-0.26,-0.12,0.67,4.729747778867813,-0.1702149125790955,47.903999999999996,47.516666666666666,47.65734666099792,4.802531314177015,4.792694929603937,4.81771168456459,48.301,48.02981818181818,48.16374881944169,4.896996663804439,4.850542153505219,4.874690179213879,48.894999999999996,48.56147619047619,48.46495135911024,4.961149702716526,4.926276696939538,4.923862609588949,48.88066666666667,48.79886021505376,48.42121095419095,4.9652430859482175,4.950515143378269,4.93778084202632,47.70083333333333,48.232939890710384,48.18988249433184,4.924339229990694,4.952233180104859,4.94507742835888,7.716641978680881
2023-12-20,sz000901,46.88,45.66,47.23,45.6,50114,48097393.95,3.48,-2.6,-1.22,0.63,4.699959068649416,-0.029788710218396908,47.230000000000004,46.76866666666667,46.991564440665286,4.768428300725997,4.758504181094736,4.778460812592865,47.969,47.54963636363637,47.70852176136138,4.869772749834455,4.814717136204306,4.842920886383976,48.7525,48.25338095238096,48.19781313443307,4.950193228290132,4.901401398456956,4.902538462832803,48.82266666666667,48.5910752688172,48.243068311985084,4.960973477283574,4.933400045488024,4.922437501808456,47.68733333333333,48.166027322404375,48.106935527304564,4.922283144106704,4.944876453503506,4.937040760827422,7.682121545733585
2023-12-21,sz000901,45.71,45.66,45.95,44.55,67986,64094397.45,3.07,0.0,0.0,0.85,4.832419489930831,0.1324604212814151,46.66,46.24533333333333,46.547709627110194,4.781701049518222,4.779834577496348,4.796447038372187,47.655,47.12981818181818,47.33606325929567,4.855341195577029,4.807925634403647,4.841011541574313,48.54600000000001,47.95885714285715,47.956116645439444,4.943593206462762,4.890184851946546,4.895860465413568,48.77633333333333,48.38703225806451,48.07641874346992,4.963424739383949,4.925106239852362,4.916629888138932,47.67666666666666,48.09955737704917,48.02670813296671,4.92488299593152,4.941930104186263,4.933610555224255,7.806820069099337
2023-12-22,sz000901,45.83,45.42,46.18,45.19,59279,56218565.08,2.17,-0.53,-0.24,0.74,4.772900868754251,-0.05951862117658013,46.124,45.832,46.171806418073466,4.786997979529843,4.776901183908357,4.788598315166208,47.451,46.723454545454544,46.98768812124191,4.828093116125947,4.792936484072234,4.828627782879757,48.370999999999995,47.66114285714285,47.71458172682616,4.937768402067699,4.87392843883145,4.88415002763649,48.72,48.170494623655905,47.90503688905251,4.962999765073402,4.912814377231092,4.90735704817863,47.66683333333334,48.02556830601093,47.94124229254157,4.926471227865416,4.936947083623075,4.928341385176058,7.7498797565010396
2023-12-25,sz000901,45.42,45.19,46.18,44.78,58814,55451458.14,3.08,-0.51,-0.23,0.74,4.76948071721623,-0.003420151538020555,45.762,45.52066666666666,45.84453761204898,4.760901584683708,4.771062096470486,4.782225782516216,47.078,46.312363636363635,46.66083573556156,4.79997344444242,4.782279684270466,4.817873770940933,48.141,47.35819047619047,47.47414537189033,4.922070711327265,4.857901040274168,4.8732291409298,48.60333333333334,47.94275268817204,47.72987321879106,4.950150682190233,4.900329277369339,4.898461801019765,47.630833333333335,47.944360655737704,47.851037627212335,4.925454686758974,4.931799853765725,4.9231328386855715,7.743912970752621
2023-12-26,sz000901,45.25,43.85,45.25,43.68,58502,53935486.97,3.47,-2.97,-1.34,0.73,4.767170713502975,-0.002310003713255071,45.156,44.88333333333333,45.17969174136599,4.768386171610741,4.773151806076909,4.777207426178469,46.529999999999994,45.72545454545455,46.14977469273219,4.785458742893878,4.7763155513723845,4.80865503322494,47.823499999999996,46.94952380952382,47.12898866980554,4.9060325489129095,4.843148659528997,4.863128338317721,48.40533333333333,47.63608602150537,47.47955881757874,4.934979439630908,4.888524118099193,4.889991408276747,47.58416666666667,47.82039890710383,47.71985606566439,4.9262921807645785,4.926610215298315,4.918019326384503,7.731874604222475
2023-12-27,sz000901,43.97,44.32,44.43,43.62,50628,46636116.57,1.85,1.07,0.47,0.63,4.704390771429506,-0.06277994207346893,44.888,44.60466666666667,44.89312782757733,4.769272512166759,4.751820006016497,4.7529352079288145,46.059000000000005,45.32363636363636,45.8170883849627,4.7688504064463775,4.761575920197045,4.789697894716679,47.553000000000004,46.615857142857145,46.861465939347866,4.890643561788821,4.823944680721054,4.848010474804558,48.225,47.372516129032256,47.27571631321882,4.923411452611551,4.873647429828134,4.8780171736414415,47.55016666666666,47.71337704918032,47.60838537498686,4.927894741605535,4.919334759254541,4.911015111467946,7.668722379177239
2023-12-28,sz000901,44.08,44.37,44.61,43.33,122126,112863179.91,2.89,0.11,0.05,1.53,5.086808132859512,0.38241736143000615,44.63,44.432,44.71875188505156,4.820150240752495,4.857665212914082,4.864226182905714,45.645,45.01654545454545,45.553981405878574,4.800925645135359,4.819386415908523,4.843717938015375,47.322500000000005,46.312714285714286,46.62418346893378,4.896464532295864,4.8426270208230235,4.8707531089050295,48.058,47.12380645161289,47.08825074462406,4.92736761629144,4.884189151134454,4.891487558107124,47.517,47.609109289617486,47.502208805315156,4.933942274206881,4.924545034377623,4.916778817087341,8.05255228231459
2023-12-29,sz000901,44.26,44.67,44.9,44.03,116055,107888282.17,1.96,0.68,0.3,1.45,5.064663855913281,-0.022144276946231223,44.48,44.44533333333334,44.70250125670104,4.878502838184301,4.93916975130101,4.931038740574904,45.302,44.83927272727272,45.39325751390065,4.832750408857072,4.867338817868145,4.883889923087722,47.0665,46.060095238095236,46.43807075760675,4.893328229437939,4.858646004024683,4.889220799096292,47.88933333333333,46.905225806451604,46.932234567551546,4.931147913922514,4.893046973045541,4.902660222481715,47.4705,47.5157650273224,47.40934950022285,4.937200063384815,4.928830987876193,4.921627506884912,8.03297427818376
2024-01-02,sz000901,44.84,45.77,46.82,44.61,169573,161468496.86,4.95,2.46,1.1,2.12,5.229356703554627,0.16469284764134606,44.596,44.87533333333334,45.058334171134035,4.97047803545198,5.056121039757786,5.030478061568145,45.179,44.92436363636364,45.46175614773689,4.865689810067844,4.939449053267702,4.946702064990795,46.845,45.93661904761904,46.37444497116802,4.898605441878935,4.89064871584532,4.921614694758991,47.73966666666667,46.768494623655904,46.857251692225645,4.937973117752645,4.912286249796,4.923737414809,47.43266666666666,47.46001092896175,47.355600336281114,4.940834416999873,4.938409894111269,4.931716988742935,8.20808780236713
2024-01-03,sz000901,45.42,44.67,45.48,44.26,123359,115279965.19,2.67,-2.4,-1.1,1.55,5.091170840147202,-0.13818586340742556,44.760000000000005,44.9,44.92888944742269,5.035278060780826,5.0963519746561925,5.050708987761164,44.958,44.83181818181818,45.317800484512006,4.9018321161957825,4.980445604191221,4.972969115019232,46.6295,45.72947619047619,46.21211687867583,4.8994143900001115,4.908988277585155,4.937762899081677,47.58266666666667,46.57045161290323,46.71613867982399,4.941377173876277,4.922169973821454,4.934539571282433,47.36966666666667,47.369431693989064,47.267547866239106,4.943329982826138,4.943338957165279,4.936944983870943,8.061753836666158
2024-01-04,sz000901,44.72,44.43,45.02,44.14,73938,68728408.16,1.97,-0.54,-0.24,0.93,4.868867698864743,-0.22230314128245876,44.782000000000004,44.79,44.76259296494847,5.068173446267873,5.040881854017499,4.990095224795691,44.834999999999994,44.73581818181819,45.15638221460073,4.918722979217316,4.974452073767395,4.954041584809325,46.402,45.52,46.042391461659086,4.894247864525886,4.906079068905596,4.931201451441969,47.446666666666665,46.36705376344087,46.56864586177083,4.939703145265861,4.91749194317555,4.930302676287744,47.31133333333334,47.273049180327874,47.174513509968975,4.943129646588182,4.94089757080589,4.934712941739592,7.837136285196212
2024-01-05,sz000901,44.32,42.98,44.55,42.74,104883,95683449.81,4.07,-3.26,-1.45,1.31,5.020705101115401,0.15183740225065812,44.504000000000005,44.18933333333334,44.168395309965646,5.054952839919051,5.0250590723000075,5.000298516902261,44.567,44.398545454545456,44.7606763574006,4.937551540335773,4.992994277748865,4.966162224137702,46.111000000000004,45.19409523809524,45.75073513197727,4.896446367956401,4.918122615247454,4.939725608553724,47.21966666666666,46.07888172043011,46.33712032230175,4.9415793177537655,4.922717875811005,4.936135090792755,47.223,47.13103825136612,47.036988476855235,4.946972560229557,4.943441028331372,4.9375323568010945,7.980836825156431
2024-01-08,sz000901,42.8,41.58,42.86,41.52,93535,83065163.46,3.12,-3.26,-1.4,1.17,4.970974150579461,-0.04973095053594001,43.886,43.21466666666666,43.305596873310435,5.036214898852287,4.997066175853477,4.990523728127995,44.183,43.85545454545454,44.18237156514594,4.957358868518294,4.999071115974991,4.9670371198543855,45.817,44.762571428571434,45.35352226226515,4.89272599232212,4.925220499306794,4.942701660175223,46.975,45.71503225806452,46.03020933376615,4.944298557551232,4.9246143166384675,4.938382772069317,47.11716666666667,46.946021857923505,46.85807082187637,4.95058260818598,4.944227965719893,4.938628809056123,7.919418924034714
2024-01-09,sz000901,41.58,41.4,42.16,41.0,71412,62806473.22,2.79,-0.43,-0.18,0.89,4.85377119631242,-0.11720295426704119,43.012,42.385999999999996,42.67039791554029,4.961097797403846,4.936251608340188,4.9449395508561365,43.803999999999995,43.34945454545454,43.6764858260285,4.965787916427912,4.9802369937557405,4.946443315574028,45.441,44.34190476190476,44.976996332525616,4.882880680435166,4.921510518734442,4.93423209218829,46.69533333333334,45.35535483870967,45.73148615094253,4.936643113027482,4.918773841719835,4.932923960730162,47.01516666666667,46.75857377049179,46.6791176801755,4.950200608984912,4.9410538210683015,4.935846592244854,7.798004407094634
2024-01-10,sz000901,41.4,40.76,41.64,40.24,60838,52769036.86,3.38,-1.55,-0.64,0.76,4.7841749285361095,-0.06959626777631023,42.23,41.63533333333333,42.0335986103602,4.899698615081627,4.877277318717611,4.891351343416128,43.495,42.79600000000001,43.146215675841496,4.9674883379312265,4.947216450502687,4.916939972476224,45.0125,43.89609523809523,44.57537763418984,4.876473540412553,4.912109970934531,4.919940933745225,46.38066666666667,44.97243010752688,45.410745108946244,4.926517811919015,4.908937184655876,4.923327248975707,46.91116666666667,46.55348633879782,46.485048248038595,4.948643784311737,4.935610356135554,4.93087375081178,7.722379167510371
2024-01-11,sz000901,40.94,41.99,42.1,40.65,65457,57478506.15,3.56,3.02,1.23,0.82,4.815956097010759,0.031781168474649846,41.742,41.55533333333334,42.01906574024014,4.8891162947108295,4.84936314602732,4.866219594614338,43.262,42.522363636363636,42.93599464387031,4.978644870489352,4.919665133971692,4.89857926784614,44.6605,43.608238095238086,44.329151192838424,4.873747638467865,4.906346404896265,4.910037615960991,46.12266666666667,44.68916129032259,45.190051876111006,4.919977331355664,4.901804170790827,4.916400077881195,46.840333333333334,46.39213661202185,46.33766961695536,4.949120955201621,4.931259940158473,4.927105958883878,7.759505472419001
2024-01-12,sz000901,41.99,41.75,42.39,41.4,54713,48331936.8,2.36,-0.57,-0.24,0.69,4.738090528481097,-0.07786556852966253,41.495999999999995,41.558,41.929377160160094,4.83259338018397,4.799021223950744,4.823509905903258,43.0,42.247454545454545,42.72035925407571,4.94377311005151,4.875927980879282,4.869399497052495,44.322500000000005,43.331047619047624,44.08351774590143,4.872349377593435,4.8934266801356205,4.893661702867668,45.88166666666667,44.40705376344086,44.96811304539417,4.912234058214413,4.890069538347306,4.904896235984414,46.785000000000004,46.22524043715847,46.18725421967814,4.945712822921383,4.924340909774194,4.9209087316575575,7.684234198919118
2024-01-15,sz000901,41.7,41.23,41.81,40.94,60502,52847301.79,2.08,-1.25,-0.52,0.76,4.781769731257548,0.043679202776450765,41.426,41.46933333333333,41.696251440106735,4.794752496319586,4.7820800076419365,4.809596514354688,42.656,41.925636363636364,42.44938484424377,4.915483697585937,4.846472821098561,4.853466812362504,43.979,43.03652380952381,43.81175415105368,4.8741170532215055,4.884800047151251,4.883005324619085,45.596333333333334,44.106946236559146,44.72694446182035,4.900713385487271,4.881652484995251,4.896952590518165,46.74133333333334,46.0431092896175,46.024721294442784,4.943466857763093,4.918965726440953,4.916346797218213,7.723022818556821
2024-01-16,sz000901,41.17,40.94,41.4,40.12,59958,51743031.75,3.1,-0.7,-0.29,0.75,4.777847137794483,-0.003922593463064672,41.333999999999996,41.307333333333325,41.44416762673782,4.779567684616,4.776444888133568,4.79901338883462,42.172999999999995,41.61363636363637,42.17495123619945,4.870332741009922,4.82144799204557,4.839717780622864,43.676,42.747095238095234,43.53825375571523,4.868011275538883,4.875631483777248,4.872990259207218,45.287666666666674,43.806537634408606,44.48262546428356,4.8891812082559305,4.873725630305394,4.889268367761798,46.708333333333336,45.85290163934426,45.8580091208545,4.941653217796067,4.913535571687883,4.9118058247780905,7.713851871495353
2024-01-17,sz000901,40.71,39.6,40.82,39.54,61018,52151640.29,3.13,-3.27,-1.34,0.76,4.785457968576814,0.00761083078233149,41.102,40.72933333333334,40.82944508449188,4.77982429262414,4.778408316120506,4.794494915415352,41.666000000000004,41.14581818181818,41.706778284163185,4.8397614538528835,4.80601621523955,4.829852360250856,43.312,42.35890476190476,43.16318196945664,4.870796785024333,4.867769264066576,4.864653850575751,44.975,43.439591397849455,44.167617369813655,4.879530077951035,4.8670338083906115,4.882570922653089,46.653000000000006,45.61984153005464,45.65282849394123,4.937153971653258,4.908414415975778,4.907663272115753,7.717267972545729
2024-01-18,sz000901,39.31,38.9,39.37,37.27,115384,94775886.97,5.3,-1.77,-0.7,1.45,5.062145590505431,0.27668762192861696,40.483999999999995,39.99533333333333,40.186296722994584,4.829062191323074,4.87251541541427,4.883711807112045,41.113,40.64290909090909,41.19645495976987,4.859089243016951,4.846449694630923,4.872087493024415,42.974000000000004,41.93871428571428,42.75716463903219,4.888906111117135,4.885992959826679,4.883462587711911,44.639,43.047655913978495,43.82777108789019,4.882528324022908,4.878815454361863,4.894156385095177,46.55883333333333,45.36564480874317,45.431424281025116,4.936638309379076,4.912512501839783,4.9127282661613165,7.97669785750759
2024-01-19,sz000901,38.84,38.38,38.9,38.26,56955,47114498.94,1.65,-1.34,-0.52,0.71,4.7555318561954785,-0.30661373430995287,39.81,39.294,39.58419781532973,4.832550456865951,4.848005303705071,4.840985156806523,40.653,40.146,40.68437223981171,4.832571918524961,4.827621078845199,4.850895559055517,42.61,41.50119047619047,42.340291816267225,4.885061729430367,4.873290649834141,4.87127870851987,44.291666666666664,42.64384946236559,43.476301985445666,4.875154884812588,4.870622133856868,4.885212867101648,46.42783333333333,45.09748633879782,45.20023004230298,4.930826714488363,4.90657458534196,4.9075742855066995,7.673154576781784
2024-01-22,sz000901,38.32,35.4,38.49,35.11,116813,93266036.8,8.81,-7.76,-2.98,1.46,5.067491177657321,0.3119593214618428,38.644,37.824,38.18946521021982,4.889694746145906,4.926318877302195,4.9164871637567895,40.035000000000004,39.19090909090909,39.723577287118665,4.842223621232746,4.870333671414719,4.8902765806194815,42.108999999999995,40.814523809523806,41.679311643289395,4.899791244875519,4.890664882998612,4.889965610342484,43.88966666666667,42.070193548387095,42.95525024444917,4.875891868625662,4.883030926943626,4.89697275810524,46.242333333333335,44.735918032786884,44.87891102452255,4.930565114516452,4.911055387413073,4.912817462298523,7.969723522463937
2024-01-23,sz000901,35.46,36.1,36.34,34.65,86878,67451347.08,4.77,1.98,0.7,1.09,4.93890981455875,-0.12858136309857127,37.676,36.976,37.49297680681322,4.9219072814987594,4.942723900106476,4.923961380690777,39.505,38.47545454545455,39.064745053097084,4.8507374830573795,4.887912979292175,4.899118986790257,41.6545,40.24223809523809,41.147948629642784,4.908262699742646,4.894390461063682,4.894626963124986,43.462333333333326,41.567634408602146,42.51297603512987,4.872166281309237,4.887096600874791,4.899678374650628,46.053999999999995,44.40338251366121,44.59107787617754,4.928198302033372,4.911328984135771,4.913672949257874,7.828990627448528
2024-01-24,sz000901,36.1,37.15,37.27,35.29,98715,77883441.1,5.48,2.91,1.05,1.24,4.994383149855677,0.05547333529692722,37.18599999999999,36.800666666666665,37.37865120454215,4.963692317754531,4.966882522892116,4.947435303745744,39.144,38.047272727272734,38.71660958889761,4.871758305189336,4.914030373255502,4.916439743711242,41.3195,39.81323809523809,40.76719161729585,4.919623321560281,4.902592408693495,4.904127552337433,43.056333333333335,41.160387096774194,42.16697758125053,4.874901795338147,4.894981560135853,4.905788360147728,45.89383333333333,44.11144808743169,44.34710810974549,4.928000272967699,4.913498979146338,4.916319185343048,7.891445131570731
2024-01-25,sz000901,37.21,39.66,39.72,37.09,136751,113728868.56,7.08,6.76,2.51,1.71,5.135930510821878,0.14154736096620102,37.338,37.62533333333333,38.1391008030281,4.978449301817821,5.024295253914564,5.010267039437789,38.911,38.14109090909091,38.88813511818895,4.9037557465704475,4.96206168337051,4.956347155913176,41.0865,39.65519047619048,40.661744796601006,4.9412003085299,4.923193093385076,4.926204024574047,42.744,40.94126881720429,42.00523709213759,4.883750341168725,4.911822122425125,4.920636240836383,45.774499999999996,43.90706010928963,44.193432434016124,4.932374101585867,4.920316363994018,4.923519556670223,8.055870718557046
2024-01-26,sz000901,39.42,39.42,40.24,39.25,99557,84295142.18,2.5,-0.61,-0.24,1.25,4.9980718013247065,-0.13785870949717172,37.54600000000001,38.31933333333333,38.566067202018736,5.026957290843667,5.030836087083527,5.006201960066762,38.678000000000004,38.23363636363637,38.984837823972775,4.929753873854809,4.979210056962193,4.963933455078909,40.839,39.496476190476194,40.54348338740091,4.936763491953159,4.9286094260321995,4.933048574740776,42.441,40.72681720430107,41.83844760232227,4.891484209680558,4.919197700499704,4.925632083448533,45.666666666666664,43.69871584699454,44.03692645257297,4.935454955027867,4.922470386936273,4.925963892560533,7.9258025475166844
2024-01-29,sz000901,39.42,38.38,40.01,38.32,86693,72475808.12,4.29,-2.64,-1.04,1.09,4.937984031915605,-0.0600877694091011,38.142,38.59733333333334,38.50404480134583,5.001055861695323,5.001178334107506,4.983462650683043,38.393,38.17945454545454,38.87486731052318,4.945375303920615,4.980706449336884,4.959215378140126,40.5245,39.26228571428572,40.33743735050559,4.9304295007532755,4.928725667933385,4.933518618281236,42.117000000000004,40.464817204301085,41.61532195055955,4.897869803454541,4.922197689030997,4.926428983349634,45.52016666666667,43.4598087431694,43.85145345412795,4.934986129536919,4.92255330748997,4.926357995490208,7.860193066525828
2024-01-30,sz000901,38.2,37.39,39.02,37.21,80893,66443507.07,4.72,-2.58,-0.99,1.01,4.9079109419719265,-0.030073089943678966,38.4,38.34666666666667,38.132696534230554,4.9948560871779595,4.970130027533041,4.958278747779338,38.038,37.997090909090915,38.6048914358826,4.958381684338359,4.973894747164396,4.949887298836817,40.1055,38.96376190476191,40.056729031409816,4.914357212674141,4.926581043287543,4.931079791966064,41.79666666666667,40.15984946236559,41.34272053439442,4.898134745138709,4.922845504419217,4.925234271002685,45.352333333333334,43.193245901639344,43.639602521205724,4.934175755371222,4.921665596422266,4.925753174063379,7.822452547634733
2024-01-31,sz000901,37.04,34.76,37.39,34.53,144406,112248028.0,7.65,-7.03,-2.63,1.81,5.159585238335812,0.25167429636388583,37.922000000000004,37.13333333333333,37.00846435615371,5.027896504873985,5.0250397445856585,5.0253809112981624,37.553999999999995,37.40109090909091,37.90582026572212,4.995794411314259,5.010477211527569,4.988014196927543,39.61,38.45466666666667,39.55227864746602,4.91777793258357,4.9499360933505585,4.9528422154298495,41.39266666666666,39.70587096774194,40.91802888701413,4.912462660454309,4.939713278173868,4.940353688249983,45.13666666666667,42.845956284153,43.34846801231373,4.938852873201264,4.929056071273564,4.933419799121491,8.050178719953836
2024-02-01,sz000901,34.12,33.37,34.82,32.96,107188,79771108.72,5.35,-4.0,-1.39,1.34,5.030146167581612,-0.12943907075420036,36.664,35.616,35.79564290410247,5.006739636225933,5.025789632154867,5.026969330059313,37.001,36.64036363636363,37.08112567195446,4.992594469021877,5.0167229853943605,4.995674555228283,39.057,37.86038095238095,38.96349020485021,4.925841856019415,4.960637830017039,4.960204496587161,40.983,39.18827956989247,40.43105928140032,4.923468897085382,4.947305762504663,4.94614675143267,44.902833333333334,42.46016393442623,43.021305126664096,4.942221187184478,4.932049294040131,4.936591155464447,7.9018456282507
2024-02-02,sz000901,33.48,31.56,34.3,29.93,137213,98190962.63,13.1,-5.42,-1.81,1.72,5.137395259773097,0.10724909219148504,35.092,33.91466666666666,34.38376193606832,5.034604327915611,5.069341506670589,5.063777973297241,36.319,35.65109090909091,36.07728464069001,5.030780809379638,5.043050401894582,5.021441956054613,38.486000000000004,37.14638095238096,38.25839589962638,4.931676363952299,4.980785773231675,4.977079807366774,40.513000000000005,38.580344086021505,39.85873287614869,4.9336347560801235,4.9611074633232235,4.9584853648739875,44.644666666666666,42.022693989071044,42.6455246307079,4.948529747732036,4.938448443961072,4.94317489658932,7.992071517720383
2024-02-05,sz000901,30.98,27.48,31.39,27.42,231179,150511594.68,12.58,-12.93,-4.08,2.9,5.363948380793732,0.2265531210206353,32.912,31.377333333333333,32.08250795737888,5.119797197691236,5.179122857629962,5.163834775796071,35.527,34.044,34.51414197874637,5.06042652969328,5.103626323969872,5.083715851461725,37.78099999999999,36.09819047619048,37.231882004423866,4.9513250754630125,5.021954536740384,5.013924433407437,39.915,37.73950537634409,39.06010494865523,4.953336339814773,4.988869632659585,4.984644269126875,44.3175,41.45991803278689,42.14829431494698,4.958168052444088,4.952068727012275,4.9569707485304475,8.177569957149682
2024-02-06,sz000901,27.08,30.51,31.15,26.61,176826,116687840.42,16.52,11.03,3.03,2.22,5.247546122816998,-0.11640225797673409,31.536,30.576666666666668,31.558338638252586,5.18772423386025,5.2217058326718835,5.191738558136381,34.968,33.13181818181818,33.78611616442885,5.0912901605191045,5.137648068174183,5.11350317352632,37.2365,35.40571428571428,36.591702765907314,4.971013821788242,5.05016606505981,5.03617411811311,39.425666666666665,37.1327311827957,38.50848527454844,4.969271853334799,5.007850908982309,5.001605679042367,44.014500000000005,41.007213114754094,41.76671089478478,4.959711267762516,4.961556532598271,4.9664978099824655,8.067025602286721
2024-02-07,sz000901,30.63,32.32,32.96,30.22,165337,118541082.95,8.98,5.93,1.81,2.07,5.218370053194584,-0.029176069622414147,31.048000000000002,30.838000000000005,31.81222575883506,5.1994811968320045,5.231921105783328,5.200615723155782,34.485,32.65036363636364,33.519549589078146,5.113688850852996,5.160753503206089,5.13256987892055,36.814499999999995,34.93747619047618,36.184873931058995,4.992723578021165,5.073723801384225,5.053526111930394,39.041333333333334,36.674301075268815,38.10922816006145,4.984311831324519,5.023921760586166,5.015590477374769,43.723333333333336,40.62378688524589,41.45698266872626,4.959645635477714,4.970037148514077,4.974755916317289,8.073868890484077
2024-02-08,sz000901,32.43,34.12,35.06,32.43,196869,148801290.69,8.14,5.57,1.8,2.47,5.294177335290632,0.07580728209604803,31.198,31.862000000000005,32.581483839223374,5.252287430373809,5.263486485269537,5.231802927200732,33.931,32.584,33.62872239106393,5.129513533299871,5.193569591285659,5.161953052806019,36.421,34.68085714285714,35.98821927095814,5.016634639935159,5.102433683028934,5.07644527605994,38.70133333333334,36.35679569892473,37.85185860134781,5.003971383453224,5.043913083422691,5.0335638230467605,43.463166666666666,40.30892349726776,41.21642585991556,4.963691418032386,4.981005400966958,4.98522874972625,8.172606698260356
2024-02-19,sz000901,34.36,34.18,34.76,33.37,156952,117689327.39,4.07,0.18,0.06,1.97,5.19576685417706,-0.09841048111357242,31.722,32.856,33.114322559482254,5.263961749254601,5.244646293203954,5.219790902859509,33.407,32.62927272727273,33.72895468359776,5.149283038585105,5.205615649626966,5.168101016691662,36.0425,34.46742857142858,35.81600791181927,5.039518456219957,5.119493893909116,5.087809235880618,38.361666666666665,36.06509677419355,37.61496449803504,5.0076033408304745,5.056286984759713,5.044028534732587,43.209833333333336,40.00455737704918,40.98572337270521,4.967485478560958,4.988614431660227,4.992131638396769,8.070737080806152
2024-02-20,sz000901,33.95,34.18,34.3,33.25,91217,68276819.06,3.07,0.0,0.0,1.14,4.960075784799565,-0.23569106937749496,33.062,33.675333333333334,33.46954837298817,5.1831872300557675,5.143350971718942,5.133219196839527,32.987,32.76981818181818,33.810962922943624,5.151492213873501,5.171214330756868,5.130278247256735,35.69,34.29004761904762,35.66019763450315,5.048433758897057,5.111927925202412,5.07564414530147,38.01199999999999,35.795311827956986,37.39335388525859,5.004117071793351,5.053220690822235,5.038612228285296,42.95066666666666,39.70849726775956,40.76258490146897,4.967632492857932,4.988371490881165,4.991080626803417,7.834273279623873
2024-02-21,sz000901,34.12,34.47,35.64,33.42,124187,94744702.29,6.5,0.85,0.29,1.56,5.09407613590691,0.13400035110734532,33.854,34.144666666666666,33.80303224865878,5.15249323267375,5.113647273669321,5.120171509861988,32.695,33.03945454545454,33.93078784604478,5.170108733267001,5.160775043853851,5.12369604519313,35.3665,34.17385714285714,35.54684547883618,5.06424520880268,5.11627481825097,5.0773995729781785,37.63533333333333,35.56679569892473,37.2047504087903,4.999607719538427,5.059024501410207,5.042190544906046,42.6875,39.430442622950814,40.556270642404414,4.968790418645536,4.992517184095885,4.994457528741236,7.976554935468153
2024-02-22,sz000901,34.47,35.23,35.35,34.36,87381,66858246.18,2.87,2.2,0.76,1.09,4.941417010526867,-0.15265912538004311,34.436,34.60333333333333,34.27868816577252,5.0971026241402075,5.043288532953695,5.060586676750281,32.742000000000004,33.50036363636364,34.167008237672995,5.148291910486106,5.119194730628372,5.090554402526536,35.148,34.16085714285715,35.51666971894702,5.072043160900182,5.104576894605653,5.064448852744721,37.32066666666667,35.4116129032258,37.07734715661028,4.994615925217749,5.055270262119138,5.035689026559003,42.451666666666675,39.18593442622951,40.38163881806328,4.9679965495470135,4.991619695305109,4.992718495357158,7.825154980028936
2024-02-23,sz000901,35.35,36.16,36.34,34.76,114757,88867191.0,4.48,2.64,0.93,1.44,5.05977918631084,0.11836217578397346,34.843999999999994,35.178,34.905792110515016,5.050222994344248,5.0308473870105725,5.060317513270468,33.021,34.12181818181818,34.5293703762779,5.151255212359028,5.103101508051052,5.084958908669136,35.011,34.257238095238094,35.57793926952349,5.0719248406904525,5.103408897025718,5.064004122608161,37.044999999999995,35.3367311827957,37.01816346908704,5.0009796414659515,5.059474343479982,5.03724323041396,42.24583333333333,38.979650273224046,40.24322443058579,4.970341393365907,4.994628962084252,4.994917206535967,7.948741452785803
2024-02-26,sz000901,36.16,36.69,37.44,36.05,113246,89991936.17,3.84,1.47,0.53,1.42,5.054022871094521,-0.005756315216319585,35.34599999999999,35.79333333333333,35.500528073676676,5.02187419772774,5.032114012593996,5.058219299211819,33.534000000000006,34.78890909090909,34.92221212604555,5.142917973491171,5.085422900548414,5.07933417456466,34.9265,34.417142857142856,35.68384981528316,5.086849391435405,5.101703947540391,5.063053527225909,36.83533333333333,35.31382795698925,36.99699163237175,5.002090233798589,5.062896487326986,5.0383257878772225,42.0275,38.79749180327869,40.12672526892724,4.971834775776178,4.997372617091747,4.996855097177231,7.954203595730757
2024-02-27,sz000901,36.74,38.14,38.2,36.57,126009,101976744.84,4.44,3.95,1.45,1.58,5.100401565044144,0.04637869394962291,36.138,36.72466666666666,36.38035204911779,5.049939353776656,5.058289801699464,5.072280054489261,34.6,35.62636363636364,35.50726446676454,5.116563291916212,5.077692644467136,5.0831646091972935,35.0635,34.723190476190474,35.91776888049429,5.088494910804746,5.102994630741222,5.066610483208598,36.72066666666667,35.397999999999996,37.07073410770261,5.006404480947412,5.069239153858959,5.042330676726702,41.847833333333334,38.67003278688525,40.06158673551979,4.975351519249322,5.00158792165791,5.000250063336802,8.008501144907504
2024-02-28,sz000901,38.43,35.29,39.02,35.17,193485,156213546.75,10.09,-7.47,-2.85,2.42,5.286647301811063,0.18624573676691902,36.302,36.44199999999999,36.01690136607853,5.0884535869574865,5.137192451044267,5.143735803596529,35.077999999999996,35.75181818181818,35.467761836443714,5.120473409815618,5.108617009902564,5.120161462399797,35.023,34.7447619047619,35.85798136806627,5.1058817851673615,5.1218662870275375,5.087566370694547,36.517,35.305698924731175,36.955848036237924,5.0208336844640336,5.087319335850163,5.05809303963537,41.60616666666667,38.45502185792349,39.905141268781435,4.978738398745758,5.0117943407582946,5.0096401367294,8.193718692945046
2024-02-29,sz000901,35.11,37.5,37.56,35.0,118487,94114278.77,7.25,6.26,2.21,1.48,5.073670703612163,-0.21297659819889958,36.75599999999999,36.84133333333333,36.51126757738569,5.114904325574547,5.132264823262492,5.120380770268408,35.596,36.19218181818182,35.83725968436303,5.106003474857376,5.100107426956481,5.1117085971656815,35.0405,34.98066666666667,36.0143640949171,5.109846162855186,5.118798564974662,5.086242973829558,36.40833333333333,35.36911827956989,36.99095461454516,5.0304835436332365,5.090728175795203,5.059098050214518,41.3945,38.320393442622944,39.826284178001714,4.978500677776125,5.014906875344077,5.011739499578015,7.973655518438749
2024-03-01,sz000901,37.5,37.73,38.43,37.09,107132,86809271.1,3.57,0.61,0.23,1.34,5.029919212640029,-0.04375149097213438,37.07000000000001,37.166000000000004,36.917511718257124,5.108932330840384,5.1039364522843185,5.090226917725615,35.957,36.58018181818181,36.18139428720612,5.079577662592316,5.086273924735146,5.096837799979198,34.943999999999996,35.23680952380952,36.17775799063928,5.104545597946093,5.111186474477981,5.080878806097222,36.266333333333336,35.4543870967742,37.038634961993864,5.037615647487544,5.090691767344028,5.057215544564551,41.1945,38.20024590163934,39.75755354921478,4.978796489421604,5.016592728946173,5.012335555743983,7.93856610965296
2024-03-04,sz000901,37.44,37.04,37.73,36.51,95039,76027936.29,3.23,-1.83,-0.69,1.19,4.977901858016256,-0.05201735462377233,37.14,37.15599999999999,36.958341145504754,5.093708128224732,5.06025962800961,5.052785231155829,36.243,36.77709090909091,36.337504416805004,5.057791162976235,5.067787414812225,5.075213083258664,34.825,35.43642857142857,36.25987627724506,5.103537100780671,5.099125165913234,5.071071477708559,36.10933333333333,35.50430107526882,37.038723028962,5.045609358472051,5.086839264797493,5.052098532529177,40.9955,38.06403278688524,39.66845343284708,4.978921708343232,5.016563396768949,5.011206582047992,7.880973202113359
2024-03-05,sz000901,36.69,36.8,37.33,36.39,88399,70673897.72,2.54,-0.65,-0.24,1.11,4.94644735215178,-0.03145450586447662,36.872,37.04266666666667,36.90556076366984,5.062917285646258,5.01117270265196,5.017339271487813,36.504999999999995,36.87836363636364,36.42159452284045,5.056428319711457,5.047543085571415,5.051801132148321,34.745999999999995,35.624523809523815,36.311316631793154,5.1039602667924795,5.084164237472387,5.059202513369818,35.961666666666666,35.548860215053764,37.02332154322252,5.051098612501859,5.0804417160026345,5.045282327343539,40.779,37.926475409836065,39.57440577931111,4.975905998994564,5.0154986637790655,5.009083328608771,7.849259043651056
2024-03-06,sz000901,36.74,36.8,37.5,36.16,87493,69647002.76,3.64,0.0,0.0,1.1,4.941973308073944,-0.004474044077835693,37.174,37.01866666666667,36.87037384244656,4.993982486898835,4.970858043461189,4.992217283683191,36.738,36.932,36.490395518687635,5.041218036928161,5.026733083455503,5.031832436862071,34.7165,35.820142857142855,36.357857904955715,5.10566338509758,5.068736908070623,5.048037827151163,35.82366666666666,35.602946236559134,37.008913701724296,5.056569484844506,5.073401373781481,5.038617229326147,40.55566666666666,37.79601639344262,39.48344165539927,4.972875346550219,5.014386116535766,5.0068830000666456,7.842902431416101
2024-03-07,sz000901,37.09,36.39,37.73,36.28,111680,89562574.42,3.94,-1.11,-0.41,1.4,5.047975405279086,0.10600209720514187,36.952,36.75733333333333,36.71024922829771,4.9888434272322195,4.9888556829212725,5.010803324215156,36.854,36.86872727272727,36.472141788017154,5.051873876403382,5.027961695882944,5.034767522028801,34.798,35.97952380952381,36.360919056864695,5.100082893444744,5.063242814754576,5.048031882210965,35.71666666666667,35.639483870967744,36.96898378548403,5.065320066067915,5.072846917035323,5.0392209826134335,40.34583333333333,37.65943715846995,39.382017338828796,4.972425072009475,5.01684841354327,5.008230292040824,7.952126568608769
2024-03-08,sz000901,36.51,36.69,36.8,35.87,77690,61354907.61,2.56,0.82,0.3,0.97,4.8903651214481245,-0.15761028383096143,36.74399999999999,36.669999999999995,36.70349948553181,4.960932608993838,4.956029580993241,4.970657256626146,36.907,36.83890909090909,36.51175237201403,5.034932469917111,4.998596467709261,5.008512540105041,34.964,36.15971428571429,36.39226009906806,5.093093841138069,5.04326969361204,5.033016000233551,35.643,35.70227956989247,36.950984831581835,5.059594050432673,5.061559501253401,5.029617378667285,40.14099999999999,37.53957377049179,39.29375447526064,4.9710611872277894,5.014157923360931,5.004365860218112,7.7878493064713314
2024-03-11,sz000901,36.28,37.27,37.33,36.05,90277,72086305.65,3.49,1.58,0.58,1.13,4.955577118581472,0.06521199713334713,36.79,36.845333333333336,36.89233299035454,4.956467661106881,4.954244417522452,4.965630543944588,36.965,36.90490909090909,36.64961557710239,5.025087894665806,4.984168222011872,4.998887918009846,35.2495,36.379333333333335,36.475854375347296,5.084002934078489,5.030172862892364,5.025640868647638,35.606,35.80724731182796,36.971566455350754,5.066262225845538,5.054848731456551,5.024840587694007,39.94883333333333,37.44544262295082,39.22740186951439,4.970708555329064,5.013650248979084,5.002766229344779,7.857852768942465
2024-03-12,sz000901,37.27,38.14,38.2,37.21,110997,90259303.89,2.66,2.33,0.87,1.39,5.045311240939337,0.08973412235786515,37.05800000000001,37.29533333333334,37.308221993569695,4.976240438864393,4.983858944133272,4.992190776276171,36.964999999999996,37.118545454545455,36.92059456308377,5.019578862255325,4.987845194061605,5.0073285221788435,35.782500000000006,36.65461904761905,36.63434443483803,5.068071077085769,5.0264879397362545,5.027514237437323,35.697333333333326,35.970731182795696,37.046949264682965,5.065522894621606,5.05349705501099,5.026161275000158,39.7935,37.38613661202185,39.191749349202446,4.970707381623634,5.016096238671225,5.004161147757715,7.955491979772455
2024-03-13,sz000901,38.14,38.49,38.9,37.62,135136,111324623.88,3.36,0.92,0.35,1.69,5.130771059744814,0.08545981880547693,37.396,37.772666666666666,37.70214799571313,5.013999989198567,5.035369151093411,5.038384204099052,37.285000000000004,37.39581818181818,37.20594100615944,5.003991238048701,5.0080619572415115,5.029772619918111,36.18149999999999,36.912476190476184,36.811073536282024,5.062232323932159,5.032459366656163,5.037348220514227,35.777,36.150903225806445,37.14004931212278,5.071918269461141,5.057706614051197,5.032910293370781,39.61966666666667,37.343398907103825,39.16874117381875,4.972042275385189,5.02134422811782,5.00831229241303,8.046591236503764
2024-03-14,sz000901,38.32,37.91,38.55,37.33,92568,75579192.92,3.17,-1.51,-0.58,1.16,4.966460880577648,-0.16431017916716595,37.7,37.943999999999996,37.77143199714209,4.997697084258279,5.019522781553105,5.014409762925251,37.326,37.509454545454545,37.333951732312265,4.993270255745249,5.001238255883139,5.018261394583481,36.461,37.07709523809524,36.91573319949326,5.049636865301313,5.023338276812876,5.030597045282172,35.80233333333333,36.28851612903226,37.18972355005034,5.070987527151873,5.050902911542584,5.028623234480902,39.42933333333334,37.287344262295086,39.127470971398466,4.97294466124501,5.0211612315667535,5.006940114975803,7.878402249948528
2024-03-15,sz000901,37.68,38.72,38.84,37.68,95648,78611733.93,3.06,2.14,0.81,1.2,4.980675893359186,0.014215012781538583,38.106,38.284,38.08762133142806,5.0157592386404914,5.013849051253407,5.003165139736563,37.425,37.76290909090908,37.58596050825549,4.988345923817165,4.998948371812946,5.011427667088155,36.690999999999995,37.29223809523809,37.08756813287485,5.033961793204741,5.01677056519934,5.025842649860936,35.771,36.47675268817204,37.28845106295032,5.065812373236451,5.0450763545237,5.02552985763434,39.2575,37.26408743169398,39.11411126741819,4.9747813572025885,5.02141471458689,5.006078992955587,7.895487375564942
2024-03-18,sz000901,38.84,39.77,39.77,38.84,121928,102453842.21,2.4,2.71,1.05,1.53,5.086103450073873,0.10542755671468651,38.606,38.83866666666667,38.64841422095205,5.041864504938971,5.037297121731201,5.030811243182333,37.69799999999999,38.18927272727272,37.98305859766358,4.999166083022926,5.016722467495982,5.025005082176467,36.9705,37.58547619047619,37.343037834505814,5.028478622999581,5.021736437282115,5.031581773690739,35.782666666666664,36.73475268817204,37.44855099437288,5.0687467615280895,5.046385456255146,5.029437831340117,39.11183333333334,37.280890710382515,39.13561581602743,4.980115485604324,5.025064619271196,5.00870274564799,8.010528249894971
2024-03-19,sz000901,39.66,39.31,40.01,39.25,99997,84399163.95,1.91,-1.16,-0.46,1.25,4.999986970970107,-0.08611647910376607,38.839999999999996,39.07333333333334,38.86894281396803,5.032799650945126,5.02333794374158,5.0205364857782575,37.949,38.48236363636364,38.22432067081565,5.004520044904759,5.016871719850016,5.020456334684401,37.227,37.80828571428572,37.53036756455288,5.030474182308109,5.019022946612641,5.0285727448602024,35.81366666666666,36.96232258064516,37.56864447860689,5.0708135261632385,5.041949340735277,5.027537775832375,38.965333333333334,37.287387978142085,39.141333330256046,4.984341664808891,5.0257161433815485,5.008416982543797,7.926338144567598
2024-03-20,sz000901,39.31,39.54,39.6,39.19,68970,58060918.73,1.04,0.59,0.23,0.86,4.838660225988941,-0.1613267449811655,39.05,39.30666666666666,39.09262854264536,4.974377484193951,4.958624802089518,4.959911065848486,38.223,38.77163636363637,38.463535094303715,4.994188736696259,4.986715389138049,4.987402496739771,37.48049999999999,38.02857142857143,37.72176112983357,5.01770338681221,5.000754950772721,5.010485838301035,35.88533333333333,37.2027311827957,37.695828705793545,5.0685051689638065,5.026971708465968,5.01535212745538,38.841,37.306229508196715,39.154404368608304,4.983319957051257,5.020939702764501,5.002851187246916,7.7638839036315925
2024-03-21,sz000901,39.54,40.06,40.24,39.07,110931,94149550.94,2.96,1.32,0.52,1.39,5.0450529280031535,0.20639270201421223,39.480000000000004,39.64333333333334,39.415085695096906,4.990095893679053,4.9821832833592525,4.988291686566709,38.59,39.105636363636364,38.75380144079394,4.993896488968666,4.995963423921121,4.997884393333114,37.721999999999994,38.27423809523809,37.944450546039896,5.022885182686024,5.003359668981381,5.013777942082189,36.062,37.47206451612903,37.84835588606493,5.064687425286051,5.025458660662054,5.017268308135882,38.727333333333334,37.34619672131148,39.184096028653926,4.988575042870179,5.02296373459899,5.004234850878269,7.97381825292682
2024-03-22,sz000901,39.89,38.96,40.06,38.43,102248,85459776.91,4.07,-2.75,-1.1,1.28,5.009654821838708,-0.03539810616444594,39.528000000000006,39.47,39.26339046339794,4.995891679374957,4.988702926079138,4.995412731657375,38.817,39.172909090909094,38.791292087922315,5.005825459007724,4.998828575352038,5.000024471243222,37.862,38.39214285714286,38.041169541655144,5.0203789644624175,5.002099634614971,5.013385263963762,36.24833333333333,37.65903225806452,37.92007486115752,5.064004380427955,5.021908170117065,5.016777115471548,38.61566666666667,37.35382513661202,39.17674861787839,4.993736638756668,5.02365487489304,5.004412554844185,7.931761754770876
2024-03-25,sz000901,38.84,37.39,39.13,37.33,88060,72566150.77,4.62,-4.03,-1.57,1.1,4.944778681123507,-0.06487614071520031,39.052,38.75733333333333,38.63892697559863,4.967626725584884,4.971665259995321,4.978534714812753,38.82899999999999,38.91345454545455,38.536511708300075,5.0047456152619265,4.987729161191271,4.989979782130547,37.897000000000006,38.34719047619048,37.979153394830846,5.014916754963867,4.9948996076303125,5.006851303693262,36.44266666666667,37.73268817204301,37.88587648301833,5.057583827806301,5.014216189516778,5.01213205519103,38.477833333333336,37.3136393442623,39.11816669598074,4.995609291943213,5.022049695954248,5.002457345869736,7.860734086789893
2024-03-26,sz000901,37.27,37.44,37.97,36.69,86518,69770924.85,3.42,0.13,0.05,1.08,4.937106471481304,-0.007672209642203498,38.678,38.22,38.239284650399085,4.9550506256871225,4.961491841960794,4.9647253003689364,38.759,38.66090909090909,38.3371459431546,4.993925138316124,4.97543113504934,4.980366452921594,37.862,38.30366666666667,37.927805452466,5.006752000285725,4.987489104441498,5.000208938720695,36.77466666666667,37.79703225806452,37.85711025830747,5.043355764162554,5.006443456850649,5.007291694951693,38.34483333333333,37.279612021857915,39.063144837096125,4.998346051988663,5.0201315706932,5.000314694250443,7.843674479817175
2024-03-27,sz000901,37.56,35.46,37.68,35.35,86792,68518878.35,6.22,-5.29,-1.98,1.09,4.938479696190621,0.0013732247093170002,37.862,37.147333333333336,37.31285643359939,4.975014519727458,4.9559681987952935,4.9559767656428315,38.456,38.061090909090915,37.81402849894467,4.974696001960704,4.965350145571975,4.972750678970508,37.8705,38.07490476190476,37.69277636175496,4.9893436200047026,4.980986980241963,4.994329963241641,36.93966666666666,37.71221505376344,37.70245798357796,5.033053549941674,4.999677258916976,5.002852211160657,38.18266666666667,37.18502732240437,38.94500894079789,5.001162701638237,5.018168739355559,4.998287317264875,7.835810244976591
2024-03-28,sz000901,35.4,37.62,37.97,35.23,116060,93233309.61,7.73,6.09,2.16,1.45,5.0646825662285115,0.12620287003789077,37.374,37.06666666666667,37.4152376223996,4.97894044737253,4.985857547628979,4.9922120325047254,38.42700000000001,37.9090909090909,37.77875059004564,4.984518170525791,4.981711339075212,4.989465567562871,37.8765,38.051047619047615,37.68584527968306,4.988894213135519,4.988162117977565,5.001030211145152,37.11633333333334,37.75610752688171,37.69713811366971,5.027930633709472,5.001717840612901,5.006841266326326,38.078833333333336,37.16657923497267,38.901566024706156,5.006121232516995,5.020251357866717,5.000464210673519,7.9695711011451
2024-03-29,sz000901,37.85,38.55,38.61,37.68,99865,81973475.36,2.47,2.47,0.93,1.25,4.999413306342047,-0.06526925988646415,37.291999999999994,37.458666666666666,37.793491748266405,4.976892144273198,4.99268183395215,4.994612457117166,38.410000000000004,37.93145454545454,37.91897775549189,4.986391911824077,4.98441954558726,4.991274247340903,37.9175,38.11519047619048,37.768145729237055,4.98736891782062,4.989163936378186,5.000876220211524,37.263999999999996,37.84860215053763,37.752161461174886,5.018105166077853,4.999878013040809,5.006362043101534,37.98266666666667,37.18202732240437,38.89003926979776,5.0110382747655375,5.020031425860981,5.000429754793799,7.913673347892223
2024-04-01,sz000901,38.32,38.9,39.02,38.08,126377,104625433.03,2.44,0.91,0.35,1.58,5.101668041652199,0.10225473531015172,37.594,37.99466666666667,38.1623278321776,5.008270016378937,5.034273799745152,5.030297651962178,38.323,38.020545454545456,38.09734543631154,4.9879483709819095,5.005378841919645,5.011345846306593,38.01049999999999,38.20876190476191,37.87594137407162,4.993557227002418,5.000049567219288,5.0104754413011126,37.42133333333334,37.95415053763441,37.826215560453925,5.014968538993691,5.005269166303671,5.012510817201577,37.89149999999999,37.212103825136616,38.89036585111586,5.011285939912082,5.023002893627757,5.003749042887516,8.019637268489014
2024-04-02,sz000901,38.84,38.49,39.02,37.91,101217,83571261.29,2.85,-1.05,-0.41,1.27,5.0052534609835,-0.09641458066869912,37.803999999999995,38.29333333333333,38.2715518881184,5.0218994142793765,5.033268281280005,5.021949588302618,38.241,38.050909090909094,38.16873717516399,4.98847501998325,5.0085252219199345,5.010238139884212,38.095,38.254428571428576,37.93442314796957,4.996497532444004,5.001163494265106,5.009978109842292,37.565000000000005,38.02309677419355,37.86904036300529,5.0164744615331545,5.004642387077206,5.0120426006713785,37.7885,37.231726775956275,38.877239101898944,5.010295766663253,5.022805107433377,5.00379836807099,7.922056956757977
2024-04-03,sz000901,38.43,37.68,38.49,37.09,88110,71456369.41,3.64,-2.1,-0.81,1.1,4.945025201242463,-0.06022825974103707,38.248000000000005,38.251999999999995,38.07436792541227,5.023208515289744,5.007643543601034,4.996308125949234,38.055,37.94890909090909,38.079875870588715,4.9991115175086005,5.000625254876156,4.998381241949348,38.138999999999996,38.21490476190477,37.910192371972464,4.996650127102431,4.996261367484006,5.003792118547071,37.672,38.030516129032264,37.856844210553334,5.01150609704434,5.0000327573810335,5.007718897482417,37.65366666666667,37.228169398907106,38.837985360853075,5.005556908291384,5.020665088894989,5.001871378994645,7.854040946581529
2024-04-08,sz000901,37.62,36.69,37.68,36.57,84143,67466116.53,2.95,-2.63,-0.99,1.05,4.925017992114293,-0.020007209128169556,38.062,37.73266666666667,37.61291195027485,4.9952756004669,4.974913369209217,4.972544748004254,37.718,37.70072727272727,37.82717116684531,4.987108023919715,4.987153704804464,4.985042469252065,38.153999999999996,38.07690476190476,37.79398357464176,4.9905022564441905,4.989439259389898,4.996289820791568,37.720666666666666,37.96716129032258,37.78156393890473,5.0109594630972545,4.994452879643609,5.002383355200603,37.52066666666667,37.1965737704918,38.76755961131691,5.002787694157502,5.018024468692462,4.99935159581824,7.829085712109768
2024-04-09,sz000901,36.69,36.74,37.09,36.28,52632,41884993.64,2.21,0.14,0.05,0.66,4.721249873389129,-0.2037681187251641,37.7,37.292,37.321941300183234,4.939642913876317,4.883571460183294,4.888779789799212,37.496,37.522909090909096,37.629503681964344,4.9582675290747575,4.938815859253447,4.937080179095167,38.1565,37.942238095238096,37.693604186580636,4.98204649404124,4.963796175289416,4.970095540086573,37.74,37.903892473118276,37.714366265427,4.999675152666531,4.975761938372118,4.9842457112127665,37.3925,37.1709781420765,38.70108224701144,5.000327397066242,5.008793720470548,4.990233506558269,7.622058453833256
2024-04-10,sz000901,36.86,35.58,36.92,34.82,89738,69607855.61,5.72,-3.16,-1.16,1.12,4.952976386139301,0.2317265127501713,37.036,36.58533333333333,36.741294200122155,4.909904582773737,4.888015950937622,4.910178655245909,37.315000000000005,37.17454545454545,37.256866648879914,4.959087299576337,4.937853833265182,4.939970398557737,38.072,37.696857142857134,37.492308549763436,4.981916457419132,4.961027593584469,4.968465144472548,37.702999999999996,37.764537634408605,37.57666521604462,4.996306936501357,4.9727491147252,4.982228335401575,37.26916666666666,37.1115519125683,38.59875168153565,4.999198585149974,5.00724122830901,4.989011961626499,7.842658254776605
2024-04-11,sz000901,35.23,35.7,36.34,34.65,63416,49359630.93,4.75,0.34,0.12,0.79,4.802198845185343,-0.1507775409539578,36.477999999999994,36.14,36.39419613341477,4.869293659614105,4.852114038408157,4.87418538522572,37.141000000000005,36.88090909090909,36.9737999854472,4.9455965369467405,4.909328659739547,4.914921025217302,37.95,37.470952380952376,37.32161249740501,4.969760837631433,4.9439116305145845,4.952630258826147,37.62166666666666,37.63531182795698,37.455590040815935,4.986366845839397,4.960226012059651,4.970613529581173,37.171166666666664,37.060103825136615,38.503710642796776,4.996385663393405,5.000782220441317,4.9828869414153125,7.693371903746748
2024-04-12,sz000901,35.7,35.06,36.22,35.0,50400,39048066.97,3.42,-1.79,-0.64,0.63,4.702430536445525,-0.09976830873981779,35.95399999999999,35.66733333333333,35.94946408894319,4.820774726654718,4.796492997351963,4.816933768965655,37.101,36.502545454545455,36.625836351729525,4.921991620972231,4.865116659648417,4.87628639089516,37.7785,37.19571428571428,37.106220830985485,4.948343811466468,4.9184516018302125,4.928801713837516,37.614000000000004,37.47004301075269,37.301035844634264,4.966892953660546,4.941907540485852,4.953311400991776,37.0655,36.990885245901644,38.390802097131306,4.99386331906229,4.991144347426633,4.97369164944909,7.59159953949267
2024-04-15,sz000901,36.98,35.81,38.32,34.76,260626,206223768.08,10.15,2.14,0.75,3.27,5.41601773867236,0.7135872022268348,35.778,35.61933333333333,35.90297605929546,4.91897467596633,4.994907334691177,5.016628425534557,36.92,36.267818181818186,36.477502469596885,4.957125138216616,4.9549395901393485,4.974419363218287,37.673500000000004,37.0082380952381,36.98277122803449,4.970821654371203,4.962991975849821,4.975203240012263,37.55766666666667,37.35365591397849,37.20483998369012,4.978304521495885,4.97088333306726,4.98316342277762,36.983,36.949721311475415,38.30618563493028,5.00439403256456,5.004985475938438,4.988194144177721,8.31433871793645
2024-04-16,sz000901,34.06,32.73,35.52,32.61,188406,140112564.45,8.13,-8.6,-3.08,2.36,5.275094729271079,-0.14092300940128055,34.976,34.60333333333333,34.84531737286364,5.0297436471427215,5.113614019126093,5.102783860113398,36.338,35.506,35.79613838421563,4.98469328050952,5.012752243058343,5.029087611591522,37.374,36.53742857142856,36.57774539679311,4.985542596166798,4.991970363935525,5.003764334227388,37.391,37.0421935483871,36.91614062990366,4.986477038716921,4.990031088407596,5.001997700615908,36.82866666666666,36.81027868852459,38.123359876407974,5.012046343102233,5.01386090861734,4.997600720738159,8.146477081942699
2024-04-17,sz000901,33.07,35.93,35.93,33.07,130580,99699867.4,8.74,9.78,3.2,1.64,5.115876664268445,-0.15921806500263447,35.04600000000001,34.92133333333333,35.20687824857576,5.06232370276855,5.142325024834667,5.107148128165081,36.041,35.43181818181818,35.820476859812786,4.986114142771144,5.036603767378147,5.044867439350963,37.182,36.399904761904764,36.516055359003296,4.987031256876527,5.004383132326158,5.014441698993203,37.354,36.94793548387097,36.85251865378085,4.9910761989253265,4.998379451346402,5.009344730528975,36.73166666666666,36.78081420765027,38.05144643783722,5.018342778698689,5.017265181442463,5.001478620526036,7.998694580703967
2024-04-18,sz000901,35.87,35.7,36.63,34.94,109473,85494552.8,4.7,-0.64,-0.23,1.37,5.039307019660939,-0.07656964460750615,35.04600000000001,35.13933333333333,35.37125216571718,5.10974533766367,5.13465279713213,5.084534425330367,35.762,35.36981818181818,35.79857197621046,4.989519498638887,5.046275199539927,5.043856453952777,37.0015,36.258761904761904,36.43833580100298,4.988997259311068,5.009361776400863,5.016809824771082,37.31733333333333,36.84122580645161,36.778162611601445,4.994171521175631,5.001491117200313,5.011277781440715,36.6395,36.74698907103824,37.974349833317966,5.022635066838745,5.0179525336051585,5.002718895907508,7.931938444970699
2024-04-19,sz000901,35.17,35.93,36.22,35.06,97208,75758078.66,3.25,0.64,0.23,1.22,4.987702007857195,-0.05160501180374322,35.220000000000006,35.434,35.55750144381146,5.166799631946004,5.093971687196639,5.05225695283931,35.587,35.400363636363636,35.822467980535826,4.9937871793003605,5.045944746670529,5.0336465546626705,36.821000000000005,36.15671428571429,36.38992286757412,4.996449348404481,5.009238419119541,5.014037651731664,37.288333333333334,36.751720430107525,36.72344244311103,4.995695811168407,5.001073729244285,5.009756763790166,36.556000000000004,36.723726775956294,37.90732196993049,5.026132648006457,5.016807187409041,5.002226538922251,7.879428951766852
2024-04-22,sz000901,35.7,36.1,37.15,34.71,155877,122700088.41,6.79,0.47,0.17,1.95,5.192782038793842,0.20508003093664673,35.278000000000006,35.727333333333334,35.73833429587431,5.1221524919703,5.102632489479252,5.099098648157488,35.528,35.49363636363636,35.87292834771113,5.0205635839683165,5.082125630214799,5.062580279050156,36.623000000000005,36.088047619047614,36.362311165900394,5.003835803944016,5.027936770585196,5.0310609266899675,37.278666666666666,36.675053763440864,36.6832203500071,5.000522698952233,5.0137889697362485,5.021564846048468,36.49766666666666,36.70877595628415,37.84806551189998,5.032921382510073,5.0222711018610875,5.008474260229517,8.088844875652525
2024-04-23,sz000901,35.87,37.79,38.14,35.75,232763,187404646.8,6.62,4.68,1.69,2.92,5.366913946025452,0.17413190723160987,36.29,36.56466666666667,36.42222286391621,5.140516335321175,5.184219640830969,5.188370414113477,35.632999999999996,35.90490909090909,36.22148682994547,5.085129991231947,5.145098423316097,5.117913673045663,36.564499999999995,36.19919047619047,36.49828153105273,5.0216987601533525,5.062515641259617,5.063046928531442,37.31533333333333,36.70804301075268,36.75462548871632,5.016407659771477,5.037427114708715,5.043845433143757,36.479166666666664,36.75114754098361,37.84616172462457,5.038000855102074,5.033221677714051,5.020226381075285,8.27278035525282
2024-04-24,sz000901,37.5,38.96,39.13,37.33,244481,201429356.45,4.76,3.1,1.17,3.06,5.388245113292822,0.02133116726736972,36.896,37.45466666666666,37.268148575944146,5.19499002512605,5.266795900154851,5.254995313839926,35.971,36.50981818181818,36.719398315409926,5.128656863947301,5.2002102636908,5.167064843999691,36.643,36.42733333333333,36.73273090904771,5.043872081761818,5.09742481774909,5.0940181842230015,37.37166666666666,36.81415053763441,36.896907715250755,5.030829926261855,5.061416627839124,5.066064767346924,36.48883333333333,36.83248633879782,37.8826810123418,5.048546076053697,5.044705096015388,5.032292569016843,8.304122765200464
2024-04-25,sz000901,38.14,37.85,38.55,37.33,160596,131053218.42,3.13,-2.85,-1.11,2.01,5.205734724008904,-0.18251038928391772,37.326,37.772666666666666,37.46209905062943,5.228275565995643,5.270377466449136,5.238575117229585,36.186,36.851454545454544,36.92496225806266,5.1690104518296565,5.214224420065637,5.174095731274093,36.6635,36.54228571428572,36.83913748913841,5.057303494388199,5.112840307486908,5.104657854678802,37.362,36.845010752688175,36.95839754007329,5.036177375697506,5.072700808338935,5.075075732292858,36.529666666666664,36.87711475409836,37.88160950374043,5.050850135159556,5.049858822177852,5.03797919704937,8.117447690867383
2024-04-26,sz000901,37.56,38.43,38.84,37.5,141453,116702515.46,3.54,1.53,0.58,1.77,5.150612162606934,-0.05512256140197014,37.826,38.14066666666667,37.784732700419625,5.26085759694559,5.244489665319566,5.209254132355369,36.523,37.25945454545455,37.19860548386945,5.213828614445797,5.210879276570597,5.1698259915164275,36.812,36.71052380952381,36.99064820445856,5.067910117709014,5.121726847317265,5.109034455433862,37.36,36.91391397849463,37.05333963426211,5.0368387457929105,5.08008369781696,5.079949050377637,36.5685,36.93942076502732,37.89958952001123,5.054378507627026,5.053129708323668,5.041672081166011,8.067080217130407
2024-04-29,sz000901,38.67,39.13,39.13,37.97,181884,151102131.4,3.02,1.82,0.7,2.28,5.259794496659228,0.10918233405229394,38.432,38.57533333333333,38.23315513361308,5.274260088518668,5.244135298557446,5.2261009204566555,36.855000000000004,37.73345454545455,37.54976812316591,5.198206290244483,5.219236709700312,5.186183901542391,36.8875,36.931285714285714,37.194395994510124,5.07766571423055,5.1400015500744285,5.123392554598182,37.400666666666666,37.02810752688172,37.18731772237423,5.046616532995631,5.094467939808336,5.091551982395805,36.6015,37.023404371584704,37.93993084722398,5.058802030073752,5.059864658783741,5.0488236357723455,8.179270590406068
2024-04-30,sz000901,38.96,38.61,39.48,38.32,136891,113827135.95,2.96,-1.33,-0.52,1.72,5.136374896060777,-0.12341960059845114,38.596000000000004,38.63466666666667,38.35877008907539,5.228152278525733,5.198173567738149,5.19619224565803,37.443,38.05254545454545,37.74253755531756,5.1843343069234535,5.207994638030547,5.177127718727552,36.8905,37.09533333333333,37.329215423604396,5.084513793716487,5.145592900724925,5.124628968070811,37.397,37.10612903225807,37.27910367576945,5.05180649975235,5.100258801941572,5.094443783277415,36.583999999999996,37.0892568306011,37.961900327642866,5.058809436494401,5.062408031439052,5.051694168896556,8.05624580853081
2024-05-06,sz000901,39.25,38.84,39.72,38.61,145392,121552945.42,2.87,0.6,0.23,1.82,5.1625405107084426,0.02616561464766587,38.572,38.716,38.5191800593836,5.183011358008857,5.176302978465718,5.184975000674834,37.733999999999995,38.30654545454546,37.942076181623456,5.189000691567453,5.204032129627818,5.174475499087713,36.8875,37.281000000000006,37.47309966897541,5.0875574171692985,5.153024016628922,5.128239591179157,37.366,37.199225806451615,37.37980666442949,5.0543544017735025,5.107402931680675,5.09883712053103,36.574333333333335,37.16322404371584,37.9906904808349,5.0615505816507955,5.0658090502657425,5.05532847518547,8.084765486948623
2024-05-07,sz000901,38.84,39.66,39.83,38.49,149006,125424322.01,3.45,2.11,0.82,1.87,5.173203756428568,0.010663245720125225,38.934000000000005,39.07866666666666,38.8994533729224,5.17650516449279,5.173033777938955,5.181051252592745,38.13,38.656727272727274,38.254425966782826,5.2023903652442165,5.201159959602567,5.174244273149687,36.946000000000005,37.54504761904762,37.68137589097775,5.095954931941552,5.1611808108440895,5.132521892631482,37.37766666666666,37.34722580645162,37.52691591188565,5.060128294622118,5.115070631981003,5.103634968008291,36.595666666666666,37.26439344262295,38.045421940479656,5.065470910392678,5.069469810094522,5.059193238504916,8.098381762096746
2024-05-08,sz000901,39.77,39.02,40.18,38.84,123090,103577803.7,3.38,-1.61,-0.64,1.54,5.090222771686575,-0.08298098474199289,39.052,39.10733333333334,38.93963558194827,5.164427286308718,5.144272980336884,5.150775092290688,38.439,38.818545454545465,38.39362124554958,5.212642441627155,5.180765851682994,5.15896763652003,37.013,37.74257142857143,37.80886390136082,5.103214810463757,5.160634890819805,5.128493404922443,37.36033333333333,37.45318279569892,37.62324391757045,5.068513712812039,5.117012211146449,5.102769665019793,36.62283333333333,37.34387978142076,38.077375319480325,5.068509440887922,5.070281346530388,5.060210600248577,8.01526669784732
2024-05-09,sz000901,38.84,39.95,40.06,38.84,146355,123455252.64,3.13,2.38,0.93,1.83,5.1654075640456325,0.07518479235905762,39.216,39.406666666666666,39.27642372129885,5.145549899785999,5.144599739582522,5.15565258287567,38.824,39.093272727272726,38.6765992009042,5.209904994152334,5.172177692122718,5.160138532433775,37.176,38.022285714285715,38.012781625040745,5.115234289060324,5.166558010208557,5.132009039124651,37.35666666666667,37.62025806451612,37.77335721321107,5.072525534013455,5.12326342735507,5.106810819795654,36.70933333333333,37.45296721311475,38.13877284998917,5.068606479649754,5.0734583341749016,5.063659681028808,8.091509572550963
2024-05-10,sz000901,40.01,39.25,40.59,38.96,117209,98932378.28,4.08,-1.75,-0.7,1.47,5.0689609606604735,-0.09644660338515898,39.344,39.418,39.26761581419923,5.132067112705938,5.1190700932073465,5.126755375470605,38.97,39.17072727272728,38.78085389164889,5.180109695615836,5.1465515042151075,5.143560792111357,37.301500000000004,38.21980952380953,38.130611946465436,5.132619843423892,5.162151026551427,5.126004460223301,37.36633333333334,37.74240860215054,37.8686244897781,5.074502405307514,5.123033454880684,5.104368893399836,36.80733333333333,37.53626775956285,38.175206527038696,5.069253392867734,5.073469956503122,5.063833493475747,7.995338449403554
2024-05-13,sz000901,38.84,38.14,38.84,37.85,127635,104901973.48,2.52,-2.83,-1.11,1.6,5.105969782712465,0.037008822051991075,39.20399999999999,39.016666666666666,38.89174387613282,5.120752967106743,5.110370983209521,5.119826844551225,38.888,39.01981818181819,38.66433500225818,5.1518821625578,5.133071520050858,5.13672606312974,37.429500000000004,38.29966666666667,38.13150604680206,5.14026951325255,5.159612925531292,5.1240963956984595,37.391333333333336,37.79232258064517,37.886132587211776,5.079875442027146,5.125063608261648,5.104472176581297,36.917,37.57996174863387,38.17405221467678,5.068729634916723,5.074673772563607,5.065215011155639,8.020783658483474
2024-05-14,sz000901,37.91,38.14,38.72,37.91,67941,55998784.67,2.12,0.0,0.0,0.85,4.832131934810809,-0.2738378479016559,38.9,38.662000000000006,38.64116258408855,5.052538602783192,5.01416397244421,5.02392854130442,38.917,38.883818181818185,38.56900136548396,5.11452188363799,5.07493511500595,5.081345312526297,37.551500000000004,38.367333333333335,38.132314994725675,5.141766167733823,5.1302664894892205,5.096290256566302,37.41466666666666,37.84062365591398,37.90251112997231,5.076376290804796,5.109080156183175,5.0869018384025555,37.09466666666666,37.62006010928961,38.1729357486218,5.059866027483675,5.066916470920789,5.0575729430787595,7.748178601705484
2024-05-15,sz000901,38.26,37.85,38.55,37.73,71169,58363175.92,2.15,-0.76,-0.29,0.89,4.852290863571297,0.020158928760488415,38.666000000000004,38.312000000000005,38.377441722725706,5.004952221160136,4.947414726040247,4.9667159820600455,38.858999999999995,38.68981818181818,38.43827384448688,5.084689753734426,5.027256747721097,5.039699049079933,37.691,38.395761904761905,38.10542785237085,5.149259184090112,5.102697412902312,5.073052219138207,37.49433333333334,37.86870967741935,37.89912331513539,5.073503329717485,5.094623031845529,5.071765646477958,37.217,37.64482513661202,38.16234769128994,5.05327843982958,5.060110727841696,5.050842383094908,7.766138916651887
2024-05-16,sz000901,37.97,37.79,38.43,37.68,68561,56122403.36,1.98,-0.16,-0.06,0.86,4.836077143385893,-0.016213720185404235,38.234,38.019999999999996,38.18162781515047,4.939086137028187,4.8911230334488325,4.923169702501995,38.725,38.49545454545454,38.320405872761995,5.042318018407093,4.982054454930455,5.002676884408289,37.79,38.40519047619047,38.07538710452601,5.120262154325788,5.072870551882864,5.050483164304653,37.5,37.887784946236565,37.89208310125569,5.065883148956065,5.079305213372525,5.056559936601051,37.30816666666667,37.66361202185792,38.15013957026404,5.046906891332768,5.052989373859935,5.04380089982576,7.749136260781783
2024-05-17,sz000901,37.79,38.96,39.02,37.79,92791,76618038.5,3.25,3.1,1.17,1.16,4.967505855099409,0.13142871171351622,38.176,38.26200000000001,38.44108521010032,4.918795115915975,4.900596272805907,4.937948420034466,38.76,38.53818181818182,38.43669571407799,5.0254311143109565,4.968452243419967,4.996282151806674,38.1015,38.51661904761905,38.15963595171401,5.104882710617206,5.058322332908923,5.042580563427964,37.51366666666667,37.981978494623654,37.960980965690815,5.0648195672479766,5.072958291188223,5.050814511988042,37.38883333333334,37.71777049180328,38.176692371238985,5.041462366662914,5.050386061196547,5.041299422949486,7.8843310294072975
2024-05-20,sz000901,39.02,39.95,41.05,38.67,232934,197856096.05,6.11,2.54,0.99,2.92,5.367232884561639,0.3997270294622295,38.538000000000004,38.85333333333333,38.94405680673355,4.97104773628581,5.050075529021128,5.081043241543524,38.871,38.75454545454546,38.71184194788199,5.045900351696276,5.03059801982918,5.063727739580304,38.302499999999995,38.69266666666667,38.33014681345553,5.117450521631865,5.083308063760775,5.073499832107362,37.54866666666667,38.139161290322576,38.089304774355924,5.073671728678291,5.092468827789104,5.071228600541177,37.485,37.80174316939891,38.234833604968856,5.044320133835991,5.061067061783388,5.051985765953163,8.296349435648754
2024-05-21,sz000901,39.77,38.9,39.83,38.61,114055,95321442.47,3.05,-2.63,-1.05,1.43,5.0571143288481935,-0.31011855571344515,38.69,38.974000000000004,38.92937120448903,5.016044215093286,5.078764393208589,5.073066937311747,38.795,38.75981818181818,38.74605250281254,5.0342914089382385,5.032636924765894,5.062525301265374,38.4625,38.74957142857143,38.38441854550738,5.118340887091227,5.077561759686139,5.07193930798744,37.56233333333333,38.226344086021506,38.14160769213942,5.075400424273781,5.091400608445228,5.070318002367436,37.56366666666667,37.848136612021854,38.25664233923217,5.045937442903468,5.061486543587068,5.052153915556279,7.9791906057686415
2024-05-22,sz000901,38.9,38.43,39.07,38.2,83826,69279333.09,2.24,-1.21,-0.47,1.05,4.923378743036038,-0.13373558581215583,38.806,38.88733333333333,38.76291413632602,5.030261790986235,5.047875902522839,5.023170872553178,38.736000000000004,38.69345454545454,38.688588411392075,5.0176070060731846,5.012470985510948,5.037225927041859,38.5875,38.746476190476194,38.388759636411436,5.11512472385017,5.058993936442787,5.057790682753974,37.58733333333334,38.282322580645165,38.16021364748526,5.0746788756669,5.081592758042793,5.060838050152508,37.629666666666665,37.87654098360656,38.26232619696226,5.04309248635562,5.057468225558628,5.0479317787523375,7.8406036983405984
2024-05-23,sz000901,38.2,37.68,38.43,37.39,106495,86768284.32,2.71,-1.95,-0.75,1.33,5.027329217883821,0.10395047484778352,38.784000000000006,38.51199999999999,38.40194275755068,5.0685122058858205,5.046898378155368,5.024556987663392,38.509,38.50145454545454,38.50520870022988,5.003799171457004,5.014238660385609,5.03542652537676,38.6665,38.66004761904762,38.321258718657965,5.106852082804669,5.0506324596840875,5.0548895908615785,37.620333333333335,38.28830107526882,38.12923212184105,5.078089249859217,5.078537941411625,5.058676190006142,37.6705,37.8781912568306,38.24323353476677,5.044524356478235,5.056951397084142,5.047256284953369,7.938361010178287
2024-05-24,sz000901,37.33,36.8,37.68,36.74,104394,83783384.44,2.49,-2.34,-0.88,1.31,5.018675538496007,-0.00865367938781425,38.352,37.85066666666667,37.86796183836712,5.078746142565139,5.030286155692097,5.0225965046075975,38.263999999999996,38.19072727272728,38.19517075473353,4.998770629240557,5.016943454392701,5.032380891398441,38.617000000000004,38.482285714285716,38.17637693592864,5.089440162428196,5.042234693559452,5.051440633493429,37.62233333333334,38.23537634408602,38.043475210754536,5.088003438696114,5.074704798743031,5.05609550281194,37.68116666666666,37.84965027322405,38.19591440247934,5.043839295681322,5.056103894855217,5.046319211299029,7.923157899757937
2024-05-27,sz000901,36.8,37.15,37.21,35.81,84537,66682587.88,3.8,0.95,0.35,1.06,4.927046831775902,-0.0916287067201047,37.791999999999994,37.45,37.62864122557808,4.990708932007992,4.979719718762351,4.990746613663699,38.165000000000006,37.98818181818182,38.00513970841834,4.980878334146901,5.0039027639445814,5.013229244194343,38.5265,38.342571428571425,38.07862675155448,5.066380248352351,5.026768662068758,5.039593604758426,37.67466666666667,38.20490322580645,37.98583164877038,5.087139120217333,5.064320501522373,5.047769782099937,37.688833333333335,37.8322349726776,38.16162212698821,5.041723028359345,5.052274633743563,5.042408641478598,7.824012445987924
2024-05-28,sz000901,37.04,36.98,38.43,36.39,95728,77287995.8,5.49,-0.46,-0.17,1.2,4.981038985497971,0.05399215372206889,37.408,37.17933333333333,37.412427483718716,4.975493863337948,4.976496403259011,4.987510737608456,38.049,37.77272727272727,37.818750670524096,4.995769039215617,5.00393197328114,5.007376469885911,38.483000000000004,38.19528571428572,37.97399563235882,5.055145461426804,5.018640922749293,5.034016974352669,37.717333333333336,38.16008602150538,37.92093928433358,5.093100458227754,5.057475331540478,5.04346456941594,37.6695,37.808994535519126,38.122880417906636,5.039733652033576,5.050284992994011,5.040396521610381,7.88811204550096
2024-05-29,sz000901,37.56,37.5,39.19,36.98,121157,98490814.1,5.98,1.41,0.52,1.52,5.0833485111152905,0.10230952561731943,37.222,37.21,37.441618322479144,5.007487816953798,5.012447952518126,5.019456662110734,38.013999999999996,37.672909090909094,37.760796003156074,5.018874803970016,5.019855513626536,5.021189568291253,38.4365,38.10166666666667,37.92885319118179,5.0517822788522215,5.021326927481531,5.038715215949109,37.79866666666667,38.14606451612904,37.89378191115077,5.10579772405008,5.056846173662255,5.046037726944931,37.70633333333333,37.80343715846994,38.102458109122814,5.0363453388553125,5.051714988373739,5.0418047835613615,7.993395727231483
2024-05-30,sz000901,36.98,38.43,39.19,36.45,244751,201765210.05,7.31,2.48,0.93,3.07,5.388724474912743,0.30537596379745224,37.372,37.61266666666666,37.77107888165276,5.079766868359583,5.13952683850444,5.142545933044738,38.077999999999996,37.74854545454546,37.88246945712769,5.074139537122701,5.087100908343395,5.088014096767887,38.4015,38.10104761904763,37.97658145868828,5.0582287777648975,5.053416660439676,5.0720494310885025,37.885999999999996,38.18679569892473,37.92837662656039,5.1048879485914265,5.075099512427589,5.068146549394468,37.72183333333333,37.82716393442623,38.11319718751223,5.041596235043656,5.063268402670704,5.053179199671243,8.304846283873887
2024-05-31,sz000901,38.78,40.71,41.29,38.38,370902,316262549.77,7.57,5.93,2.28,4.65,5.5692591751636655,0.18053470025092277,38.154,38.72533333333333,38.75071925443518,5.189883595693114,5.302690940772467,5.284783680417714,38.253,38.227090909090904,38.39656591946811,5.134314869129127,5.1771226607144785,5.175513201930756,38.5065,38.320904761904764,38.2369070340513,5.079872991720042,5.1020862220967,5.119402740048042,38.152,38.36898924731182,38.10783619904037,5.1146934301211795,5.105058946399991,5.100476396218288,37.771499999999996,37.92513661202186,38.19833826333149,5.050585234419049,5.080568826936934,5.07009985460542,8.500047767979039
2024-06-03,sz000901,40.82,39.95,42.1,39.48,369668,319697788.91,6.44,-1.87,-0.76,4.63,5.5678118578630365,-0.0014473173006290807,38.714,39.324,39.15047950295679,5.318036600910541,5.428667028162441,5.379126406232822,38.253,38.535636363636364,38.679008479564814,5.154372766459267,5.255940295029735,5.24684023028208,38.562,38.45838095238095,38.40005874509403,5.100136559077771,5.148556590300795,5.162108370316137,38.28600000000001,38.48498924731183,38.22668547652164,5.129757936574332,5.134292393351078,5.130627071163111,37.82,37.99656284153006,38.255769795681275,5.060417067749829,5.097527076885917,5.086418280941735,8.504739632619806
2024-06-04,sz000901,39.31,39.37,40.18,38.32,257095,215737921.3,4.66,-1.45,-0.58,3.22,5.410093630538135,-0.15771822732490115,39.19199999999999,39.54266666666667,39.22365300197119,5.403847529918574,5.459352704704973,5.389448814334593,38.3,38.738727272727274,38.80464330146212,5.189670696628261,5.30243499758953,5.276522666692271,38.5475,38.535333333333334,38.49243410270412,5.11198105278325,5.178076311392259,5.185726014146804,38.40833333333333,38.55492473118279,38.30044770384282,5.1421174902702385,5.152378567155194,5.148657171767951,37.862833333333334,38.047382513661205,38.29230193352779,5.068144505722936,5.108991882223238,5.097030587485879,8.333926489858376
2024-06-05,sz000901,38.84,39.19,40.82,38.72,251078,213869010.62,5.33,-0.46,-0.18,3.15,5.399808660553696,-0.010284969984438952,39.529999999999994,39.541999999999994,39.212435334647466,5.467139559806255,5.458006414916681,5.392902096407628,38.376,38.90054545454546,38.87470815574173,5.237313688380027,5.340641900121427,5.298938301939803,38.556,38.59652380952381,38.55886895006563,5.127460347226606,5.2054884645132535,5.206114837614127,38.517,38.60535483870968,38.357838174562644,5.155854378693456,5.169003803947675,5.164860493625096,37.90266666666667,38.09089617486338,38.32173465701868,5.075775094930932,5.119866116807853,5.106957737422528,8.33014786034644
2024-06-06,sz000901,38.96,37.21,39.13,36.1,301422,242797086.62,7.73,-5.05,-1.98,3.78,5.479174947148869,0.07936628659517275,39.286,38.76866666666667,38.544956889764975,5.485229654253481,5.4620182106975514,5.421659713321375,38.32899999999999,38.688545454545455,38.57203394560687,5.282498261306531,5.384616674443035,5.331708601068724,38.419,38.46833333333333,38.43040524053557,5.143148716381768,5.238985093077279,5.232120562331721,38.554,38.521032258064515,38.28378409878441,5.165400808971956,5.189863195460929,5.18513884546534,37.916333333333334,38.06818579234974,38.285284340395116,5.082961753962095,5.1330923414707375,5.119161580364374,8.385243471231684
2024-06-07,sz000901,37.27,36.39,37.68,35.81,168313,133725664.85,5.03,-2.2,-0.82,2.11,5.22611766089695,-0.25305728625191914,38.422000000000004,37.80333333333333,37.82663792650999,5.416601351400137,5.375647546245375,5.3564790291799005,38.288,38.336,38.175300500951074,5.303242473546626,5.374365656186747,5.312510248310218,38.275999999999996,38.27509523809524,38.236080931913136,5.151006551393591,5.246886897316821,5.231548857433171,38.507333333333335,38.38141935483871,38.161604479508,5.160707599467672,5.193780411714154,5.187782640009314,37.91133333333334,38.018142076502734,38.22314387021822,5.088557629619575,5.137785977763682,5.122668337103147,8.126214765774147
2024-06-11,sz000901,35.87,37.27,37.56,34.71,141490,111561132.59,7.83,2.42,0.88,1.77,5.150725746586194,-0.07539191431075576,37.886,37.419333333333334,37.641091951006665,5.333184129144769,5.287022344640728,5.287894601648666,38.3,38.150909090909096,38.01070040986906,5.325610365027655,5.346635342193942,5.283094884360396,38.2325,38.17928571428571,38.144073224111885,5.153244349587277,5.24686015400183,5.223851418304887,38.451,38.30159139784946,38.10408160986233,5.152790287244119,5.19313642120567,5.185391872691694,37.91133333333334,37.99711475409836,38.19189325152254,5.091810106752987,5.1398242766806215,5.123588252168165,8.047512914657212
2024-06-12,sz000901,37.27,41.99,41.99,37.04,293599,254973603.73,13.28,12.66,4.72,3.68,5.467754572036875,0.3170288254506808,38.410000000000004,38.787333333333336,39.09072796733778,5.344716317444517,5.331879158938095,5.347847925111402,38.801,38.82181818181819,38.7342094262565,5.374281923681545,5.372479743468344,5.316669373028846,38.425,38.53714285714286,38.51035196467266,5.185025481448582,5.276813508520839,5.247080290088887,38.58899999999999,38.52991397849463,38.354786022129275,5.161524282178385,5.213456697643914,5.203608821036545,37.9755,38.130841530054646,38.316421341636556,5.0988508289379455,5.152150324722716,5.134872393803205,8.406495222207372
2024-06-13,sz000901,43.38,41.46,43.38,41.05,639886,564301523.04,5.55,-1.26,-0.53,8.02,5.80610260838872,0.33834803635184496,38.864000000000004,39.803999999999995,39.880485311558516,5.425975107011522,5.485674589252829,5.500599486203842,39.196999999999996,39.30527272727274,39.229807712391676,5.446557333408888,5.450992595233286,5.405657234003368,38.6055,38.826190476190476,38.79127082518002,5.232716068689452,5.335963711086567,5.300320510879347,38.690000000000005,38.71513978494623,38.55512240779835,5.183373963704444,5.255042396109097,5.242479387962493,38.025,38.245087431693996,38.419489494369785,5.110106354748678,5.1753389076555285,5.156879941822401,8.75151122242488
2024-06-14,sz000901,40.76,40.88,41.17,40.12,277026,238815381.35,2.53,-1.4,-0.58,3.47,5.442520531254446,-0.36358207713427415,39.598,40.476,40.21365687437235,5.418644223832636,5.491189730667139,5.481239834554044,39.442,39.611272727272734,39.52984267377501,5.451936939043059,5.450258631205206,5.412359651685382,38.760000000000005,39.042809523809524,38.99019741325811,5.26303823808288,5.3559450884737085,5.313863369962689,38.748333333333335,38.85643010752688,38.70511451052104,5.189464831524284,5.271761529499419,5.2553852681748765,38.07449999999999,38.33869398907105,38.50016196996422,5.118040682259958,5.186237733114734,5.166245207049681,8.378062294904169
2024-06-17,sz000901,40.53,40.94,41.58,40.36,262076,227885904.61,2.98,0.15,0.06,3.28,5.418427251603582,-0.02409327965086394,40.508,40.923333333333325,40.45577124958157,5.457106141973964,5.491117406590786,5.46030230690389,39.464999999999996,39.88363636363636,39.78623491490682,5.436853746687051,5.444165960761664,5.413462851670508,38.858999999999995,39.25042857142857,39.17589289770972,5.285584307908088,5.370744042142347,5.32382183488087,38.82600000000001,38.99782795698925,38.84930067113259,5.198866576709045,5.286533298536794,5.265904105815439,38.1115,38.43264480874316,38.58015665947359,5.125336538230697,5.196086473093214,5.174513470805547,8.35771746366475
2024-06-18,sz000901,41.05,42.28,42.45,40.53,380689,335769278.27,4.69,3.27,1.34,4.77,5.580570328066483,0.16214307646290127,41.510000000000005,41.514,41.06384749972105,5.543075058270022,5.532272135288293,5.500391647291421,39.698,40.39545454545455,40.239646748560126,5.438129593707395,5.470296248285196,5.443846029197049,38.9755,39.5762380952381,39.47152214554689,5.296251180083331,5.398837948824099,5.3482740723271185,38.940666666666665,39.220666666666666,39.07063611170468,5.212800903954313,5.311159347011468,5.286205152412281,38.15333333333333,38.56931693989071,38.70146299850724,5.133577652863908,5.211012171120616,5.187826810387873,8.526040957173736
2024-06-19,sz000901,41.35,44.55,45.71,41.11,693448,630353466.94,10.88,5.37,2.27,8.69,5.84101389993018,0.26044357186369727,42.022000000000006,42.52733333333333,42.22589833314737,5.617726923848682,5.631585082508346,5.613932398171007,40.215999999999994,41.27763636363636,41.02334733973101,5.481221620646599,5.543547940325704,5.516058369330345,39.257999999999996,40.107142857142854,39.95518670311385,5.3354461586374295,5.450720112619037,5.395201674955981,39.10366666666667,39.58255913978495,39.42414345933664,5.235061242071034,5.351689217719587,5.321999265155371,38.24066666666667,38.779043715847,38.89321831003159,5.1475947683465755,5.234206802171967,5.209242780536801,8.799584145793226
2024-06-20,sz000901,43.85,42.86,44.61,42.34,531886,483866494.46,5.1,-3.79,-1.69,6.66,5.725818559219312,-0.11519534071086834,42.302,42.80666666666666,42.43726555543158,5.601670114014801,5.667615627631889,5.651227785187109,40.583,41.75836363636364,41.35728418705264,5.513822610513161,5.588020110975289,5.554196585673793,39.4795,40.45019047619048,40.23183558853158,5.375568149446594,5.487898436483978,5.4266889972667745,39.23166666666667,39.824903225806445,39.64581162325041,5.256247768322124,5.38335098011625,5.348052122836917,38.29600000000001,38.93049726775957,39.023276726096135,5.162380740567082,5.253164959249764,5.226179691313277,8.684725550244751
2024-06-21,sz000901,42.16,42.51,43.04,41.35,305140,271327787.25,3.94,-0.82,-0.35,3.82,5.484499141895491,-0.24131941732382067,42.628,42.876,42.461510370287726,5.61006583614301,5.628558636925453,5.59565157075657,41.113,42.10872727272727,41.566868880315795,5.514355029987823,5.58268857122662,5.541524323168647,39.721000000000004,40.73880952380953,40.44880362771905,5.398426645647177,5.498272816717206,5.432194725326652,39.317,40.03640860215054,39.83059797013748,5.2668841542504525,5.3980768751855,5.356855156324567,38.33683333333333,39.068661202185794,39.137595521961835,5.169704844131954,5.263726218309712,5.2346491814963,8.433494273051586
2024-06-24,sz000901,42.74,43.27,43.68,40.71,437237,391262293.91,6.99,1.79,0.76,5.48,5.640716905830085,0.15621776393459363,43.094,43.09,42.73100691352516,5.65452376698831,5.6387756601544785,5.610673349114409,41.801,42.5009090909091,41.87652908389474,5.5558149544811375,5.605663457743395,5.5595593381979995,40.0445,41.07680952380952,40.71748899650771,5.429528714013882,5.521348079591768,5.4520539806126935,39.451,40.291440860215054,40.0524948752899,5.2859426857561065,5.422195117222894,5.375168817582988,38.40866666666667,39.23040437158469,39.273084193372924,5.1802225455318105,5.279169236726044,5.247962877376096,8.592467996799595
2024-06-25,sz000901,42.28,42.74,44.32,42.16,393676,357270925.66,4.99,-1.22,-0.53,4.93,5.595138939338682,-0.04557796649140311,43.186,42.972,42.73400460901678,5.65743748924275,5.618980717604602,5.6054952125225,42.348,42.67163636363636,42.03352379591388,5.6002562737563855,5.612813273172039,5.566028356587214,40.324,41.333523809523804,40.91010909207841,5.46293331939202,5.5371204820036555,5.465681119538978,39.60433333333333,40.50363440860215,40.22588230269056,5.302248324310313,5.442143262615319,5.389360438341421,38.49783333333333,39.37241530054644,39.38675356408201,5.19106188316873,5.292773052916434,5.259345699079787,8.552997675202741
2024-06-26,sz000901,41.75,42.57,43.33,38.84,353199,307642376.39,10.51,-0.4,-0.17,4.42,5.548019465304464,-0.04711947403421757,42.79,42.766666666666666,42.67933640601119,5.598838602317607,5.582508042958507,5.586336630116489,42.406,42.711999999999996,42.131064923929536,5.608282763083144,5.603315671635326,5.562754012717623,40.6035,41.547428571428576,41.06819394045189,5.491282343382345,5.545223924471507,5.473522866754739,39.752,40.694967741935486,40.37711570251698,5.326111241993435,5.457999465260103,5.399596504597102,38.583333333333336,39.50592896174864,39.49112229968588,5.2012437663991165,5.30447658019957,5.268810412726498,8.488046157412743
2024-06-27,sz000901,42.1,40.59,43.5,40.47,257422,226411229.74,7.12,-4.65,-1.98,3.23,5.4106456601686554,-0.13737380513580888,42.336,42.03333333333333,41.9828909373408,5.535804022507476,5.519777062242189,5.527772973467211,42.319,42.38181818181818,41.85087130139689,5.568737068261138,5.5673816529236015,5.5350979486178105,40.757999999999996,41.546142857142854,41.022651660408854,5.507647200835013,5.537544240355917,5.467534561365588,39.843333333333334,40.74903225806452,40.39085017332234,5.3447230685466804,5.463453298690763,5.400309353343654,38.66883333333333,39.57172131147541,39.527151076745355,5.209113199132083,5.311342216060868,5.2734607487082075,8.354897963563786
2024-06-28,sz000901,40.12,41.4,42.22,40.12,242902,213451822.86,5.17,2.0,0.81,3.04,5.385431090702157,-0.025214569466498027,42.114000000000004,41.721333333333334,41.7885939582272,5.515990412268809,5.469652751640416,5.480325679212194,42.371,42.21472727272727,41.76889470114291,5.563028124205909,5.534053293367423,5.507885792633146,40.9065,41.60728571428571,41.05858959751277,5.507482531624484,5.525904610819454,5.459715183207166,39.96366666666667,40.8494623655914,40.45595661375316,5.3630348667905565,5.466079622700792,5.3993494654313,38.731833333333334,39.66126775956284,39.588555959475016,5.214459007873311,5.317123130538576,5.277131907462108,8.3292998679929
2024-07-01,sz000901,41.23,41.17,41.81,39.77,182635,157541997.08,4.93,-0.56,-0.23,2.29,5.26158400896108,-0.1238470817410775,41.694,41.406666666666666,41.582395972151474,5.440163832895008,5.384850617204506,5.407411789128489,42.394,41.99636363636364,41.660004755480564,5.547343799941659,5.479245272413817,5.463103650147315,40.929500000000004,41.632380952380956,41.06920011203536,5.492098773314355,5.502485703899131,5.440845547564681,40.03733333333333,40.92729032258063,40.502023928994895,5.372837471919279,5.459534406066634,5.39046137146548,38.7755,39.74120765027322,39.64040658375452,5.218828519583628,5.318668212541454,5.276622140298139,8.197396346499088
2024-07-02,sz000901,40.94,39.89,41.4,39.6,181201,155617800.49,4.37,-3.11,-1.28,2.27,5.258160590102845,-0.003423418858234939,41.124,40.80533333333333,41.018263981434316,5.37276816304784,5.324182869607119,5.357661389453275,42.155,41.541090909090904,41.338185709029545,5.515102826145295,5.426666506988579,5.425841275593775,40.926500000000004,41.533380952380945,40.956895339460566,5.476616209926346,5.480205876926606,5.4234469801873635,40.035333333333334,40.91778494623656,40.46253851422103,5.369201728770652,5.452135897562348,5.38192583718402,38.792,39.777748633879774,39.64858997445109,5.221436728724472,5.319957788624052,5.276016843570424,8.192059272682116
2024-07-03,sz000901,39.6,38.49,39.83,38.32,153695,127723829.93,3.79,-3.51,-1.4,1.93,5.186659739277688,-0.07150085082515734,40.30800000000001,39.92733333333334,40.175509320956216,5.300496217842485,5.262146728350402,5.300660839394746,41.549,40.87472727272728,40.82033376193326,5.449667410080046,5.36694958210356,5.382353723536304,40.88250000000001,41.30133333333334,40.72195292617861,5.465444515363322,5.452590974960067,5.400895814386442,40.02166666666667,40.81808602150537,40.33527796491645,5.373519909118302,5.440358995014414,5.36932802441587,38.79200000000001,39.76784699453551,39.610603417911705,5.224460166696042,5.318817559461861,5.273087102446072,8.106271932827998
2024-07-04,sz000901,38.55,38.9,41.7,38.55,255202,217573062.42,8.18,1.07,0.41,3.2,5.406884073597558,0.22022433431987043,39.97,39.458,39.75033954730415,5.299743900528265,5.297609346935427,5.336068584129017,41.153000000000006,40.39309090909091,40.47118216885448,5.417773961517871,5.359170793652197,5.386813787183804,40.868,41.112523809523815,40.548433599875885,5.465798286015516,5.4470137900299935,5.4014661247875,40.03733333333333,40.745720430107525,40.242679386534746,5.389636753470353,5.442511521755011,5.371750995330817,38.81233333333333,39.77138797814207,39.58730494519328,5.232157814568627,5.324798671163549,5.277473888385465,8.337605124635825
2024-07-05,sz000901,38.9,38.49,38.96,37.44,179439,146775885.59,3.91,-1.05,-0.41,2.25,5.2539168402912955,-0.1529672333062626,39.388,38.964666666666666,39.33022636486944,5.273441050446094,5.282333660189769,5.308684669516444,40.751000000000005,39.9089090909091,40.11096722906276,5.394715731357452,5.32937858979282,5.36265070593062,40.932,40.886047619047616,40.35239230464961,5.454535380672636,5.426834604722925,5.387413811978338,40.06433333333333,40.64589247311828,40.1296032970809,5.39718967421727,5.433755398324105,5.364148791779881,38.842333333333336,39.76081967213115,39.55132773387547,5.237639462038243,5.325512081842981,5.27670152615287,8.16665470942572
2024-07-08,sz000901,37.91,36.86,38.03,36.57,143724,115680758.35,3.79,-4.23,-1.63,1.8,5.157529295602982,-0.09638754468831312,38.525999999999996,38.12199999999999,38.50681757657963,5.252630107774474,5.243696408575399,5.258299544878623,40.11,39.20145454545455,39.519882278324076,5.34639697033474,5.2862537832920085,5.325355904052867,40.9555,40.4982380952381,40.0197835137306,5.451105962407938,5.398548310906767,5.365520048514019,40.06633333333333,40.43916129032257,39.91866114888213,5.4018181327875014,5.418293438413506,5.350818501703952,38.84433333333334,39.69582513661202,39.463087480305774,5.244910785741808,5.322885519009038,5.272794239905332,8.063261126995242
2024-07-09,sz000901,36.57,39.02,39.02,36.51,192257,156799945.5,6.81,5.86,2.16,2.41,5.283882161248652,0.1263528656456696,38.352,38.28666666666666,38.67787838438642,5.257774422003635,5.254113759733459,5.266827083668633,39.738,39.00327272727273,39.42899459135606,5.315271292525738,5.274887454367265,5.317815223543009,41.043,40.31390476190476,39.92456603623245,5.457763783141062,5.382622234605884,5.357745011631604,40.12866666666667,40.371655913978486,39.86068301024457,5.413712643769927,5.41068466605616,5.34650002812619,38.90166666666667,39.70158469945355,39.448560021935094,5.25042588199363,5.3241632690256555,5.273157778310031,8.195345907397824
2024-07-10,sz000901,37.73,37.73,38.49,37.09,151537,123494941.18,3.59,-3.31,-1.29,1.9,5.180518685207574,-0.10336347604107754,38.2,38.07933333333333,38.361918922924275,5.256546211189613,5.228361847468105,5.238057617514947,39.254,38.63818181818181,39.12008648383677,5.278521214516049,5.2503869803094165,5.29285221657293,40.83,39.99838095238095,39.71555974706745,5.443401988799597,5.356217939564599,5.340866313876934,40.15366666666667,40.21690322580646,39.7232195902288,5.42036196709358,5.395639894536009,5.335791554389505,38.935500000000005,39.6631693989071,39.39221379170772,5.256731212660667,5.321871229786769,5.270120430995196,8.091649167615042
2024-07-11,sz000901,38.49,39.6,40.65,37.97,192637,161345001.76,7.1,4.96,1.87,2.41,5.284739706218144,0.10422102101056918,38.34,38.54600000000001,38.77461261528285,5.2321173377137296,5.237759679144282,5.253618313749346,39.155,38.701090909090915,39.20734348677554,5.265930619120998,5.251517615164343,5.291377214690241,40.737,39.8812380952381,39.704554056870556,5.417333843691068,5.3411072459854125,5.335520922671336,40.22366666666667,40.181182795698916,39.7152699392463,5.427075006930341,5.386890071253722,5.332497886765546,39.01116666666667,39.684956284153,39.399026454274676,5.26643636549021,5.322789541050949,5.270599751494309,8.207755516119388
2024-07-12,sz000901,39.6,39.07,40.01,38.78,102412,85857923.26,3.11,-1.34,-0.53,1.28,5.010350847542579,-0.2743888586755645,38.456,38.78933333333334,38.87307507685523,5.1834041391639865,5.163837515753898,5.172529158347091,38.922,38.68563636363636,39.18237194372544,5.22842259480504,5.205048565786449,5.240281511572484,40.646499999999996,39.722476190476186,39.6441203371686,5.395725359505475,5.302346960637938,5.304552344087645,40.245000000000005,40.106752688172044,39.67363962058525,5.414462552684669,5.360004641615803,5.311714206815678,39.0655,39.68688524590164,39.388238701675505,5.259675250638048,5.314393294560863,5.262067000545072,7.933780379512275
2024-07-15,sz000901,39.07,38.14,39.72,37.97,97631,80821421.7,4.48,-2.38,-0.93,1.22,4.98958773765944,-0.020763109883138675,38.712,38.684,38.62871671790349,5.149815827575279,5.0992320485857165,5.111548684784541,38.61900000000001,38.543454545454544,38.992849772138996,5.201222967674876,5.16162404630543,5.194700825406477,40.5065,39.483761904761906,39.500870781247784,5.374283383808267,5.263667187128792,5.2745557149040065,40.15933333333333,39.970946236559136,39.57469512893459,5.395140171434528,5.332593363227077,5.290931853966889,39.15566666666667,39.65654098360656,39.347312842604175,5.2549168007778535,5.305537966266482,5.253133254220953,7.907526485688841
2024-07-16,sz000901,38.08,38.38,38.55,37.79,79162,64964370.54,1.99,0.63,0.24,0.99,4.898516757969824,-0.09107097968961675,38.584,38.57333333333334,38.54581114526899,5.072742746919512,5.015465692050565,5.040538042512969,38.468,38.5,38.881422540840994,5.165258584461574,5.106586553631784,5.1408491767816304,40.3115,39.281238095238095,39.39412118303371,5.3401807053034345,5.2183560799060835,5.238742480910275,40.107,39.85615053763442,39.497618023842044,5.372830334771421,5.300553143003548,5.265614750999337,39.1965,39.631109289617484,39.315597667436826,5.251294135672877,5.2938527189613005,5.241506483852063,7.812675234791543
2024-07-17,sz000901,38.43,37.21,38.43,37.09,102444,82911856.92,3.49,-3.05,-1.17,1.28,5.010486527469298,0.11196976949947413,38.48,38.11533333333333,38.10054076351266,5.038736315371857,4.9947136189004935,5.0305208708317455,38.34,38.27127272727273,38.577527533415356,5.147641263280734,5.078446179633191,5.11714687690666,39.9445,38.98585714285715,39.186109641792406,5.298654336680391,5.1869566343980695,5.217003818677801,40.035000000000004,39.66924731182796,39.35002976423933,5.359510098002461,5.277176123177605,5.249154865610302,39.221666666666664,39.5659781420765,39.246561678340534,5.250813794136349,5.285957387544791,5.233932059052628,7.918616641849583
2024-07-18,sz000901,36.45,37.68,37.85,35.75,117216,93531422.6,5.64,1.26,0.47,1.47,5.068986896984451,0.05850036951515314,38.096,37.84866666666667,37.96036050900844,4.995585753525118,5.004797146104693,5.043342879549314,38.218,38.15127272727273,38.41434070915802,5.113851545619424,5.064145385761138,5.108390516920803,39.6855,38.77019047619048,39.04267062828836,5.265812753568647,5.165083544903219,5.20290696899272,39.98466666666666,39.51731182795699,39.24228590848195,5.348482705883486,5.258432690853863,5.237531125698958,39.25083333333334,39.515431693989065,39.19519900036215,5.25216854228847,5.279995849933252,5.228524020952032,7.9709575399546555
2024-07-19,sz000901,37.33,38.03,38.49,37.04,96865,79133980.22,3.85,0.93,0.35,1.21,4.986166882802248,-0.08282001418220286,37.888,37.82666666666667,37.98357367267229,4.9907489605770525,5.001657522530402,5.0242842139669595,38.172,38.11709090909091,38.34446058022019,5.087076549870519,5.04092999252165,5.086168037990156,39.4615,38.61252380952381,38.946225806546614,5.240896140613986,5.138450604830228,5.1822650560221994,40.01199999999999,39.39120430107528,39.16407391438634,5.332049103738599,5.235057476461525,5.2213140777701375,39.283,39.475404371584695,39.15699575444864,5.248724956355277,5.271274484048457,5.220577885274991,7.898363010086292
2024-07-22,sz000901,37.91,38.08,38.84,37.73,83999,68998520.58,2.92,0.13,0.05,1.05,4.924274115858703,-0.061892766943545396,37.876000000000005,37.89066666666667,38.01571578178153,4.977686236216904,4.979499240957619,4.990947514597541,38.294000000000004,38.100363636363646,38.29637683836197,5.063751031896091,5.011329549974049,5.0567327794208,39.202,38.48095238095238,38.86372811068503,5.205074001115416,5.108296126282106,5.157694490292343,40.06833333333334,39.266559139784945,39.09413366184529,5.321987652237323,5.208749412727339,5.202150209259723,39.28783333333333,39.435961748633886,39.1216844182372,5.241347625852498,5.260636751573161,5.210863007589211,7.83883977898609
2024-07-23,sz000901,38.03,36.98,38.38,36.98,78499,63673670.58,3.68,-2.89,-1.1,0.98,4.894864124296232,-0.029409991562470594,37.596,37.592,37.67047718785435,4.976955709482186,4.951891870317394,4.9589197178304385,38.089999999999996,37.86145454545455,38.05703559502343,5.024849228200849,4.980622839501345,5.027302114852697,38.914,38.26933333333333,38.684325433476936,5.170060260363294,5.078752328489802,5.132663026864142,40.058666666666674,39.06731182795699,38.957737941726236,5.313458931494324,5.181193056085976,5.182325300552401,39.25483333333333,39.360295081967216,39.051465256983526,5.233124609369222,5.249276636768037,5.200502388464851,7.80395988624975
2024-07-24,sz000901,36.92,37.04,37.91,36.45,94782,76146874.38,3.95,0.16,0.06,1.19,4.976725868530925,0.0818617442346925,37.562,37.40666666666666,37.460318125236235,4.9702035776945115,4.951815256666974,4.9648551013972675,38.021,37.670545454545454,37.87212003229189,5.0044699465331846,4.971873137743178,5.0181064337032835,38.6375,38.09085714285714,38.52772301124104,5.141495580524617,5.060339529267672,5.117811868927645,39.893666666666675,38.87255913978494,38.834012913227774,5.297091308044126,5.159468342346402,5.169060821067145,39.24133333333334,39.28767759562842,38.98551557642669,5.229307795111255,5.240870120674978,5.19316545338505,7.881652081442544
2024-07-25,sz000901,36.51,37.44,38.32,35.93,117125,93771564.31,6.45,1.08,0.4,1.47,5.068649603895834,0.09192373536490983,37.513999999999996,37.366,37.453545416824156,4.9701361190767885,4.984630598734082,4.99945326889679,37.805,37.5649090909091,37.79355275369336,4.982860936300954,4.983542166354569,5.02729610101102,38.480000000000004,37.97680952380952,38.4241303435038,5.124395777710975,5.053401817207788,5.113129748448425,39.75966666666667,38.71425806451614,38.744076596245336,5.272509541227696,5.144730167885223,5.162582678023835,39.22483333333333,39.2286174863388,38.934842934576636,5.22794175246607,5.235602638995784,5.189082966516551,7.972071161028117
2024-07-26,sz000901,37.5,39.77,39.83,37.44,252259,210931732.31,6.38,6.22,2.33,3.16,5.401846669777573,0.3331970658817385,37.862,38.118,38.22569694454944,5.0532720764718535,5.128534115634342,5.133584402523718,37.875,37.92218181818182,38.15290679847639,5.022010518524453,5.059721390623046,5.095396204423119,38.3985,38.09966666666667,38.552308406027244,5.125216556664746,5.0798257116903205,5.14062659809882,39.72266666666667,38.71492473118278,38.810265202939185,5.271153745845135,5.153074498759409,5.178019064588592,39.235499999999995,39.246491803278694,38.96222513344298,5.230309288684709,5.2413044395633746,5.196058825639863,8.324141919381345
2024-07-29,sz000901,40.06,40.71,41.17,39.89,236222,203601271.44,3.22,2.36,0.94,2.96,5.373320342192275,-0.028526327585297828,38.388,39.06733333333333,39.05379796303296,5.143081321738568,5.235216870874483,5.213496382413238,38.132000000000005,38.437636363636365,38.61783283511704,5.0603837789777355,5.123595904017194,5.145927865835693,38.3755,38.319809523809525,38.75780284354846,5.130803373326306,5.103454643645325,5.1627879070601015,39.714999999999996,38.778623655913975,38.93282873823343,5.269650182198091,5.159665892072127,5.190619147014636,39.2705,39.29483606557376,39.01952922742845,5.234258379453567,5.245993326563623,5.201870678641582,8.308780485735703
2024-07-30,sz000901,40.59,42.34,42.86,40.24,361313,318372945.74,6.44,4.0,1.63,4.53,5.557883587714425,0.18456324552214998,39.46,40.38466666666667,40.14919864202198,5.275685214422206,5.373484292866436,5.328292117513634,38.528,39.20272727272727,39.294590501459396,5.126320461952196,5.214050414696593,5.22082890617728,38.498000000000005,38.697380952380946,39.09896447749623,5.145789523206885,5.144128949777525,5.200416067122418,39.717,38.94797849462366,39.152646238992574,5.26889395751969,5.178261595653826,5.214313627059784,39.328833333333336,39.39547540983607,39.12839712161112,5.240847430737001,5.256603989129553,5.213543233037412,8.502936155752085
2024-07-31,sz000901,41.93,44.78,45.6,41.11,552268,502129196.45,10.6,5.76,2.44,6.92,5.742149879678427,0.18426629196400235,41.008,42.158,41.69279909468132,5.428770016651707,5.52897251461851,5.466244704901898,39.285000000000004,40.339454545454544,40.29193768301223,5.19948679717311,5.326019399737726,5.315614537722944,38.8125,39.29566666666667,39.640015479639445,5.173564030226922,5.2009251742033875,5.252009763556324,39.724666666666664,39.274623655913985,39.515701320347894,5.265598490177963,5.208794235793098,5.248367578841632,39.414166666666674,39.574202185792345,39.31369557664027,5.250329866124499,5.273040134996484,5.230874598501051,8.700815474289069
2024-08-01,sz000901,44.78,50.2,50.2,44.72,592365,594570730.98,12.24,12.1,5.42,7.42,5.772589390234191,0.030439510555763327,43.56,45.222,44.52853272978755,5.569557973919379,5.643578972479338,5.568359600012663,40.537,42.324,42.093403558828186,5.269847046498083,5.430219871203378,5.39870087454317,39.3775,40.38019047619048,40.64572829110235,5.191849296058754,5.2579752084897935,5.301588775620883,39.96933333333334,39.95045161290323,40.20501091258352,5.267157517878459,5.241503326119307,5.282188340866959,39.600500000000004,39.92783606557377,39.67062359052091,5.261702643100292,5.290163398082048,5.248635739213613,8.774203526317383
2024-08-02,sz000901,53.23,54.1,56.2,51.42,1716867,1902142482.04,9.52,7.77,3.9,21.51,6.234736653108897,0.46214726287470587,46.426,48.73533333333333,47.71902181985837,5.736135970585643,5.865305198875844,5.790485284378074,42.144000000000005,44.79,44.27642109358669,5.394704023528748,5.605654345132615,5.550707379736939,40.158,41.78233333333334,41.92708750147356,5.240890286699634,5.357297813923141,5.390460002048313,40.35566666666667,40.862107526881715,41.1014618214491,5.292165434918905,5.303927786456755,5.34364307068902,39.83633333333333,40.40322950819672,40.14371789902842,5.279524794584679,5.32206615250856,5.280966916718376,9.279243045117758
2024-08-05,sz000901,59.87,60.45,60.45,56.08,1155864,1384022324.69,8.08,11.74,6.35,14.48,6.062906737610317,-0.17182991549857984,50.374,53.41,51.962681213238916,5.8740532496692515,5.974228787884068,5.881292435455489,44.381,48.11836363636364,47.21707180384365,5.50856728570391,5.727145747692901,5.643834535713916,41.3375,43.71490476190477,43.69117440609513,5.2861591588,5.435585094962254,5.4545025482923135,40.928333333333335,42.15851612903226,42.34975460716206,5.3062384293115805,5.353653031791685,5.39004717823233,40.18966666666667,41.079087431693985,40.80949764004388,5.296090557533844,5.347750806378252,5.306604287895161,9.141143095475856
2024-08-06,sz000901,66.1,64.35,67.44,57.54,2462800,3179264309.86,16.38,6.45,3.9,30.85,6.391429144919444,0.3285224073091273,54.775999999999996,58.068666666666665,56.09178747549261,6.040762361110255,6.146687419634132,6.051338005276808,47.118,51.7490909090909,50.33214965769025,5.6582237877662305,5.887666085732089,5.779760828296739,42.604,45.906571428571425,45.65868160551464,5.341536507983539,5.540848903164106,5.543733652732993,41.64866666666667,43.669591397849466,43.76912527766773,5.3327814361642725,5.423665336024451,5.454652466405692,40.6265,41.87122950819673,41.58131738955064,5.317514880237294,5.383663546948273,5.3421723159943175,9.5023266347226
2024-08-07,sz000901,64.35,71.75,71.75,64.35,1669571,2285886664.95,11.5,11.5,7.4,20.92,6.222604892544367,-0.16882425237507714,60.17,63.72666666666667,61.31119165032841,6.136853363683443,6.207301596778836,6.108426967699328,50.589,56.227636363636364,54.22630426538293,5.782811690167575,5.990280832055387,5.860277930887216,44.305,48.68238095238096,48.1435690716561,5.393640818350379,5.624760177884183,5.608388056524553,42.62133333333333,45.61161290322581,45.57434300168917,5.35526761707227,5.481073300952198,5.50419778422109,41.186666666666675,42.891672131147544,42.57045452431947,5.340689429532853,5.413338629318997,5.371038957848417,9.359054694122696
2024-08-08,sz000901,77.75,70.82,79.91,63.6,3140949,4623292193.37,22.73,-1.3,-0.93,39.35,6.497060884759411,0.274455992215044,64.29400000000001,67.27666666666666,64.48079443355228,6.2817476625884865,6.327370770470825,6.2379716067193565,53.927,59.906,57.24333985349512,5.9256528182539325,6.120144321981175,5.97605664977307,45.866,51.20761904761905,50.303229160069804,5.454256877277443,5.729847803256472,5.693023563975491,43.629000000000005,47.4308817204301,47.203095066096324,5.3914814578919605,5.554737382738466,5.568253468126788,41.73616666666666,43.863256830601095,43.49666913007949,5.368102263219321,5.451252447523147,5.407957709550416,9.664951341839155
2024-08-09,sz000901,62.78,62.78,62.78,62.78,172383,214272069.0,0.0,-11.35,-8.04,2.16,5.236494434515216,-1.2605664502441947,66.03,66.77199999999999,63.91386295570152,6.082099218869751,5.978953027779736,5.90414588265131,56.227999999999994,61.51563636363636,58.25000533467782,5.9091175947276975,5.9948427976650445,5.841590792453459,47.0515,52.8184761904762,51.491493049586964,5.465564056626074,5.709108522993403,5.649544599264989,44.34166666666667,48.666430107526885,48.20805667473527,5.386516902685729,5.5447382199399655,5.546849659506687,42.15266666666666,44.55321857923498,44.12890948647033,5.374775884738143,5.446937436745961,5.402335962827951,8.33096556315686
2024-08-12,sz000901,55.56,55.56,55.56,55.56,118805,132942795.0,0.0,-11.5,-7.22,1.49,5.074834718647825,-0.16165971586739136,65.05199999999999,63.282000000000004,61.12924197046769,5.884484815077252,5.6431981943724265,5.627708827983482,57.713,61.39418181818181,57.760913455645486,5.8792690323732515,5.843155002014159,5.702180597216071,47.9225,53.62880952380952,51.87896990200725,5.469826405675494,5.671896205090712,5.5948103249204975,44.821333333333335,49.390193548387096,48.6823755989459,5.380291926341954,5.524629691937521,5.516397082677083,42.42933333333333,44.99280327868853,44.503699339372936,5.376564699130617,5.437103300152836,5.391598217117126,8.123664805176174
2024-08-13,sz000901,51.19,54.45,56.78,51.19,2154710,2320197670.54,10.06,-2.0,-1.11,26.99,6.333388827223063,1.2585541085752379,63.07199999999999,59.748000000000005,58.9028279803118,5.872876751537976,5.792832865087697,5.862935494396676,58.924,60.800909090909094,57.15892919098267,5.956819556324115,5.925722237441398,5.816945729944615,48.726,54.250476190476185,52.12382991133989,5.541570009138156,5.7541402452381,5.665151134663599,45.306666666666665,50.01139784946237,49.05448039901391,5.416132867579296,5.586119814575011,5.569106227486502,42.67100000000001,45.386923497267766,44.82980755775415,5.392667298174974,5.468474583041115,5.422476597776337,9.365524986428724
2024-08-14,sz000901,53.17,55.21,57.25,53.05,1813402,2024779429.02,7.71,1.4,0.76,22.72,6.258494090377305,-0.07489473684575731,59.763999999999996,57.12733333333334,57.67188532020786,5.880054591104565,5.92137197803414,5.994788359723552,59.967,60.12563636363637,56.80457842898582,6.008453977394003,5.980572152723794,5.897227250023286,49.626,54.868,52.41775087216466,5.603970387283556,5.822418729165638,5.721659987588714,45.864000000000004,50.65032258064516,49.45161069585173,5.451860679282616,5.640465699916819,5.613582863802038,42.942833333333326,45.79803825136613,45.17014173618844,5.412690294200459,5.496862346719879,5.449887007369812,9.306377719907763
2024-08-15,sz000901,53.4,54.92,56.55,51.19,1701690,1846777997.42,9.71,-0.53,-0.29,21.32,6.230880446728792,-0.027613643648513708,56.584,55.51266666666667,56.754590213471914,5.82681850349844,6.038313929908882,6.073485722058632,60.43900000000001,59.20799999999999,56.46192780553385,6.0542830830434635,6.021013328966484,5.957891467606105,50.48800000000001,55.372190476190475,52.65606031291088,5.662065064770774,5.882124449112804,5.770157174173483,46.398,51.23458064516128,49.80441000579678,5.479327225053657,5.6907250397520555,5.653408514313441,43.217666666666666,46.19073224043716,45.48980922024783,5.434481989262005,5.5236882533601515,5.475493349643876,9.266414691709727
2024-08-16,sz000901,55.33,51.02,55.73,50.55,1426255,1536288146.06,9.43,-7.1,-3.9,17.87,6.154197179928359,-0.07668326680043247,54.232000000000006,53.658,54.84306014231461,6.010359052581069,6.147440155385522,6.100389541348541,60.13100000000001,57.49545454545454,55.47248638634588,6.04622913572541,6.0391795284001,5.99358341530106,51.1375,55.42285714285714,52.50024504501461,5.720466579627079,5.928994174365907,5.806732412816804,46.815666666666665,51.53277419354839,49.88283516671312,5.509336569708226,5.734265036840747,5.685717460482146,43.440000000000005,46.44654644808742,45.671126950731505,5.453263121962747,5.547285472726263,5.497745934243366,9.186472679567538
2024-08-19,sz000901,49.21,49.68,50.67,48.16,1141542,1152408427.23,4.92,-2.63,-1.34,14.3,6.057491894829918,-0.0967052850984409,53.056000000000004,52.14066666666667,53.12204009487641,6.206890487817487,6.163151102801805,6.086090325842333,59.053999999999995,55.59527272727272,54.4193070433739,6.04568765144737,6.0412273027827395,6.005203138851761,51.71750000000001,55.28404761904762,52.23165027882274,5.77712746857564,5.961091823432845,5.830614268246624,47.243,51.71756989247312,49.86974902692518,5.53933532301579,5.769629896526017,5.7097029078594215,43.65466666666667,46.65113661202186,45.802565411363254,5.470576727901645,5.5670962521645295,5.516098260819974,9.061606425490105
2024-08-20,sz000901,49.56,48.28,50.14,47.35,828761,827061561.52,5.62,-2.82,-1.4,10.38,5.918429305765888,-0.13906258906403046,51.822,50.54866666666667,51.50802672991761,6.123898583526053,6.066997375451272,6.030203319150185,57.44699999999999,53.63636363636365,53.3030693991241,5.998387667532015,6.018089421749742,5.989426078290693,52.282500000000006,54.95666666666667,51.855302633220575,5.828305727649122,5.974549141260487,5.83897760515322,47.55166666666666,51.784473118279585,49.76718457357517,5.560486894499698,5.794087572832474,5.723169127079194,43.84016666666666,46.80278688524591,45.88379277492511,5.4870997691348125,5.5817799432420445,5.529289442621479,8.91753783704152
2024-08-21,sz000901,47.93,46.65,48.1,46.41,695159,675988471.78,3.5,-3.38,-1.63,8.71,5.8420841498059115,-0.07634515595997637,50.11,48.824666666666666,49.888684486611744,6.040616595411773,5.973059230877891,5.967496929368761,54.937,51.67327272727273,52.09342041746517,5.9603355932581685,5.989670600344996,5.962636636748005,52.763,54.4202380952381,51.359559525294806,5.871573641712872,5.975861371942085,5.839273466548715,47.849000000000004,51.726301075268815,49.566075891409035,5.582539076652976,5.812255137690939,5.730841064029305,44.001333333333335,46.89491256830602,45.90891432328822,5.501450521873278,5.593418775395197,5.53954500679146,8.829939289602844
2024-08-22,sz000901,46.7,48.98,50.43,46.12,1351307,1351438163.19,9.24,4.99,2.33,16.93,6.130754026490222,0.28866987668431054,48.922,48.448,49.58578965774116,6.0205913113640595,6.003105041237374,6.0219159617425815,52.753,50.59018181818182,51.527343977926044,5.923704907431249,6.020655770023552,5.993203434882954,53.339999999999996,54.05995238095238,51.13293480860006,5.924678862842591,6.000545218111355,5.867033519876477,48.16166666666667,51.79926881720431,49.52826454357619,5.610739553995378,5.847623844132053,5.756641900317106,44.19266666666667,47.05814754098361,46.0096056569509,5.5189072804628605,5.614051677185915,5.558928909076665,9.130796178780765
2024-08-23,sz000901,47.93,45.71,48.51,45.31,864434,830686387.33,6.53,-6.68,-3.27,10.83,5.936731840258857,-0.1940221862313649,47.86,47.37733333333334,48.29385977182744,5.977098243430159,5.975151884202307,5.99352125458134,51.046,49.309636363636365,50.46964507284858,5.993728648005614,6.023024303264934,5.982935872224027,53.637,53.33328571428572,50.616464826828626,5.9514231213666555,6.001693120722429,5.87367145515099,48.383,51.64109677419355,49.28192489560354,5.641618920419254,5.868655604536148,5.7682606061198,44.314,47.10789617486339,45.99978252065743,5.528040736551962,5.627750843080868,5.5713158904269005,8.919437093628948
2024-08-26,sz000901,45.77,46.59,46.65,44.96,570771,543138521.3,3.7,1.93,0.88,7.15,5.756461899165937,-0.18026994109292005,47.242000000000004,46.954,47.72590651455163,5.916892244297363,5.901606436114234,5.9145014694428735,50.149,48.49945454545455,49.764255059603386,6.061891366057425,5.979884894384994,5.941758786213464,53.931,52.66214285714285,50.232991986178284,5.970580199215339,5.983125385274741,5.86250864029527,48.66466666666667,51.525419354838704,49.108252321693634,5.667181392469471,5.876064828971418,5.767499399219552,44.412000000000006,47.18251912568306,46.01913391342276,5.531160781952,5.6352400615272265,5.577386251369164,8.73491060558171
2024-08-27,sz000901,46.24,44.84,46.24,44.49,435903,409727851.34,3.76,-3.76,-1.75,5.46,5.639389857957721,-0.1170720412082158,46.554,46.153333333333336,46.76393767636776,5.86108435473573,5.809105640667685,5.822797598947823,49.188,47.53418181818182,48.86893595785732,5.992491469130892,5.903066438366865,5.8867826174396924,54.056000000000004,51.79633333333333,49.71937370178035,5.974655512727503,5.951583448012112,5.841259232453599,48.879999999999995,51.27866666666667,48.83288120416501,5.691877162469068,5.874271826744855,5.75923426752524,44.493500000000004,47.196551912568296,45.98047378511382,5.5323537486202445,5.638788555822497,5.579419156503215,8.612495486218611
2024-08-28,sz000901,44.43,43.97,45.02,43.79,398786,368610107.39,2.74,-1.94,-0.87,5.0,5.600739903327002,-0.03864995463071974,46.018,45.292,45.83262511757851,5.812815505439948,5.722324156864776,5.748778367074216,48.06400000000001,46.58545454545454,47.97822032915598,5.926716050425861,5.831838880947977,5.834774851237384,54.01550000000001,50.8357619047619,49.17181430161079,5.9675850139099325,5.915972437593018,5.818352629679636,49.105333333333334,50.96189247311828,48.519146932928564,5.711552274997658,5.868392003574398,5.749008824673741,44.570166666666665,47.179387978142074,45.9145566118314,5.53553118650006,5.641030724829275,5.580118197382683,8.566567239519847
2024-08-29,sz000901,43.85,44.26,44.78,43.09,441466,408108585.25,3.84,0.66,0.29,5.53,5.644897261524051,0.044157358197049135,45.074,44.706,45.30841674505234,5.715644152446713,5.66635140889281,5.714151331890828,46.998000000000005,45.893818181818176,47.30218026930944,5.868117731905387,5.780599101147648,5.800251653107686,53.718500000000006,49.90666666666667,48.704022463362136,5.961200407474425,5.885240270699123,5.801833070807676,49.324666666666666,50.64929032258065,48.244363259836405,5.730749287148978,5.864091680124488,5.742291949631825,44.654666666666664,47.16921857923498,45.86030885406643,5.539615996516231,5.6446164977808815,5.582242101125023,8.610775730983717
2024-08-30,sz000901,43.97,45.54,46.36,43.73,625926,591715429.01,5.94,2.89,1.28,7.84,5.7965229918504795,0.1516257303264288,45.04,44.86133333333334,45.38561116336823,5.6876023827650375,5.693311022027399,5.741608551877379,46.45,45.62872727272728,46.98178385670772,5.832350313097598,5.767581875683119,5.799573714697285,53.290499999999994,49.127761904761904,48.40268699066098,5.939289724411504,5.869556707306367,5.8013273490022295,49.575,50.4051182795699,48.0698882108147,5.757761157450585,5.868335144943938,5.745790726549158,44.793499999999995,47.19824590163934,45.849806924424904,5.544905130594591,5.653039677955775,5.589267704099628,8.772112893675427
2024-09-02,sz000901,45.13,43.15,45.89,43.15,493218,456685795.87,6.02,-5.25,-2.39,6.18,5.693038917798038,-0.10348407405244142,44.352,44.23133333333333,44.64040744224549,5.6749177864914575,5.695123200371731,5.725418673850932,45.797000000000004,45.028727272727274,46.28509588276086,5.7959050153944105,5.742252531083198,5.780203751624694,52.4255,48.162,47.9024310867885,5.92079633342089,5.846104249533655,5.791014165078021,49.744,49.990602150537626,47.752476068181494,5.7833866508485645,5.864159516579258,5.742387384049087,44.906166666666664,47.1443606557377,45.76128866460769,5.552687151542943,5.657896523437855,5.592670038974985,8.659617504115845
2024-09-03,sz000901,43.73,43.68,44.03,42.92,353068,321888461.63,2.57,1.23,0.53,4.42,5.547858357457767,-0.14518056034027094,44.12,44.007333333333335,44.32027162816367,5.656611486391467,5.6527700573605015,5.666231901719877,45.337,44.643818181818176,45.811442085895244,5.758847920563598,5.697153138731082,5.737959134503434,51.391999999999996,47.32909523809524,47.500294792808646,5.878617794047806,5.810586347060977,5.767856469114188,49.967333333333336,49.59937634408602,47.48973567668592,5.805153125287281,5.848964142812112,5.729837124269002,45.013,47.104158469945354,45.6930496919976,5.559306028390803,5.657738202320307,5.591200803515404,8.507705409303716
2024-09-04,sz000901,43.38,43.21,44.61,43.09,384731,351478465.88,3.48,-1.08,-0.47,4.82,5.58515718133287,0.03729882387510308,43.968,43.70399999999999,43.95018108544245,5.6534949419926415,5.628951955674304,5.6392069949242085,44.993,44.257090909090905,45.33845261573247,5.733155223716294,5.665573004325495,5.710176961199695,49.964999999999996,46.54985714285714,47.091695288731636,5.846745408487232,5.782637717278603,5.750456536944538,50.173,49.16341935483871,47.2136236975449,5.825434169047346,5.834770856105374,5.7205029344021545,45.03333333333333,47.045043715847,45.6116382266862,5.561262738545736,5.658585781105295,5.591002651968435,8.545898722141125
2024-09-05,sz000901,43.21,44.61,45.37,43.15,533949,494518257.28,5.14,3.24,1.4,6.69,5.727499777484882,0.1423425961520115,44.038,43.918,44.1701207236283,5.6700154451848075,5.653620234171717,5.668637922444433,44.556,44.18745454545454,45.20600668559929,5.692829798815761,5.664544741374329,5.713326564160637,48.6545,46.039857142857144,46.85534335647148,5.808267353123505,5.771280990516473,5.7482701789007615,50.412000000000006,48.804516129032265,47.04564797512265,5.847395841500314,5.828452508262635,5.720954343633299,45.08583333333333,47.03116393442624,45.578797629089934,5.559952691364005,5.664036175824609,5.595477967559138,8.694182330088081
2024-09-06,sz000901,44.67,44.67,46.76,44.43,675698,639486034.93,5.22,0.13,0.06,8.47,5.829752633457683,0.1022528559728011,43.864,44.12866666666667,44.33674714908554,5.676661373506247,5.706865963596008,5.722342826115517,44.452000000000005,44.208181818181814,45.10855092458124,5.682131878135643,5.689439802218315,5.734494940396463,47.749,45.66038095238095,46.64721541775991,5.8379302630706285,5.773327207691157,5.756030412668087,50.57533333333333,48.434064516129034,46.892380363824415,5.8616593736229845,5.827314236776014,5.727973588138099,45.149,47.0175300546448,45.54900098551321,5.56640655973406,5.672882075565386,5.603159104145976,8.80583106481301
2024-09-09,sz000901,44.72,45.37,46.36,44.32,516837,486604712.6,4.57,1.57,0.7,6.48,5.713353596938723,-0.11639903651895978,44.30800000000001,44.63066666666666,44.68116476605702,5.680724309334385,5.719096704740167,5.719346416389919,44.33,44.37509090909091,45.15608712011192,5.677821047912922,5.695116478364329,5.730651059767782,47.2395,45.433809523809515,46.52557585416373,5.869856206985173,5.761462763297642,5.751965954027195,50.73066666666667,48.098236559139785,46.794162275835745,5.872993815447866,5.817746122151222,5.72703036289943,45.222833333333334,47.02477595628416,45.543132100742284,5.571321998822978,5.677700011211441,5.606772038335902,8.687176310608496
2024-09-10,sz000901,45.83,45.48,47.46,43.91,636462,604675133.61,7.82,0.24,0.11,7.97,5.803772479186902,0.09041888224817907,44.668,45.02133333333333,44.94744317737135,5.731907133680212,5.760112761357673,5.747488437322247,44.394,44.58418181818182,45.214980371000664,5.694259310035839,5.718016738595963,5.7439458632985305,46.791,45.2662380952381,46.42599720138624,5.8433753895833656,5.755169074935902,5.756899908804311,50.83533333333333,47.75948387096774,46.709377612878605,5.881190111830281,5.813280229489224,5.731981467176041,45.27616666666667,47.033207650273226,45.54106219579991,5.575042034674985,5.685321338436487,5.613231069183476,8.781522109240948
2024-09-11,sz000901,44.96,44.26,45.31,43.97,365460,339883625.69,2.95,-2.68,-1.22,4.58,5.562839849885065,-0.24093262930183723,44.878,44.88533333333332,44.7182954515809,5.72744366739065,5.703757000092623,5.68593890817652,44.422999999999995,44.55981818181818,45.04134757627327,5.6904693046916455,5.694122291295821,5.711017497223354,46.2435,45.02519047619048,46.21971175363517,5.808592677558754,5.728451404488444,5.738417998431049,50.818,47.335268817204295,46.5513532507574,5.87521311083717,5.792741502912114,5.721069104770172,45.27133333333334,46.99989071038252,45.49906015659335,5.570405800507567,5.684921266804031,5.611578898058937,8.531330242418386
2024-09-12,sz000901,44.26,43.68,45.48,43.62,330023,305875530.38,4.2,-1.31,-0.58,4.13,5.518544207832452,-0.04429564205261283,44.692,44.486,44.3721969677206,5.685652553460165,5.634123846906557,5.630140674728498,44.364999999999995,44.424727272727274,44.79382983513268,5.677833999322486,5.6628631827759675,5.676022353697735,45.6815,44.78104761904762,45.97783444376515,5.772975865613937,5.7008277407049865,5.717477637421659,50.60066666666667,46.874752688172045,46.36610465393435,5.866744938090445,5.769730605944067,5.708002982387094,45.285,46.947715846994534,45.43941883998374,5.566951227984452,5.683220886716323,5.608528580346593,8.48554473541553
2024-09-13,sz000901,43.97,42.92,44.08,42.74,290069,263611111.95,3.07,-1.74,-0.76,3.63,5.462501317743294,-0.05604289008915764,44.342,43.89533333333334,43.88813131181374,5.6122022903172875,5.5597401016676,5.574260889066764,44.103,44.162,44.45313350147219,5.644431831911768,5.623711786125206,5.637200347160564,45.2765,44.518047619047614,45.68661211578752,5.738391072504683,5.671258736145879,5.6931941784046725,50.227999999999994,46.37922580645161,46.14377532142245,5.841003760244926,5.743650372373282,5.692164165313301,45.29183333333334,46.87017486338798,45.35681494359083,5.566584597581916,5.679796299495301,5.603740801244845,8.42096371304206
2024-09-18,sz000901,43.21,42.16,43.33,41.4,292313,260119407.66,4.5,-1.77,-0.76,3.66,5.465848130111866,0.0033468123685720386,43.699999999999996,43.168,43.31208754120916,5.562701196951916,5.510955381599127,5.538123302748465,44.004,43.808727272727275,44.03620013756815,5.621712753143151,5.591242022161587,5.6060453986062555,44.9005,44.2212380952381,45.350744295236325,5.70880888426878,5.645302265441802,5.671542173805357,49.61833333333333,45.85870967741936,45.88675755875004,5.821101806661644,5.719446783332442,5.6775631307841765,45.27333333333333,46.767491803278695,45.25200133888293,5.563670117986613,5.676493464496284,5.599219730060157,8.41517275636813
2024-09-19,sz000901,42.51,44.08,44.26,41.64,384070,350004391.38,6.21,4.55,1.92,4.81,5.58441038541748,0.11856225530561382,43.42,43.294666666666664,43.568058360806106,5.518828778198031,5.518191777754314,5.553552330304804,44.044,43.82254545454545,44.044163748919395,5.625367955939121,5.584459773484192,5.60211175984466,44.6905,44.14309523809524,45.22972102902334,5.69210793825136,5.633454789360726,5.663243908244607,48.94266666666667,45.501397849462364,45.77019255495972,5.794201181344913,5.704176369058624,5.671553276244389,45.29566666666666,46.728366120218574,45.21357506547693,5.5634913087545925,5.677173473264508,5.598734177776791,8.544073493322097
2024-09-20,sz000901,44.14,43.27,44.37,42.69,312963,284747297.69,3.81,-1.84,-0.81,3.92,5.495492996186498,-0.08891738923098202,43.222,43.244666666666674,43.46870557387074,5.505359407458319,5.510413183750471,5.534199218932036,44.05,43.68181818181818,43.90340670366132,5.616401537424485,5.560846144438261,5.582726530088631,44.521499999999996,44.00780952380952,45.043080931021116,5.674778380570389,5.614729556783119,5.6472676309057395,47.99333333333334,45.1354193548387,45.60888980947845,5.769964118132983,5.68490487324195,5.660194548498719,45.30733333333333,46.661950819672136,45.14985129283834,5.562615867602626,5.674944020393424,5.595349221003339,8.45445961122738
2024-09-23,sz000901,42.98,44.08,44.61,42.86,306212,281595449.27,4.04,1.87,0.81,3.84,5.486022206060692,-0.009470790125805983,43.302,43.53066666666667,43.6724703825805,5.498855007103967,5.503967449951261,5.518140214641589,43.997,43.68727272727272,43.9355145757229,5.592253780282066,5.537140811463026,5.565143925719914,44.276500000000006,43.965761904761905,44.95135893759053,5.642541789548913,5.596752778258385,5.63191092377764,47.102,44.88294623655916,45.51025175725403,5.736262828843025,5.666586040205028,5.648957623180137,45.365500000000004,46.62171038251366,45.114774201269874,5.563872143367493,5.672432752801885,5.591764728710137,8.449625632100412
2024-09-24,sz000901,44.72,46.01,46.12,43.5,631372,593048107.73,5.94,4.38,1.93,7.91,5.800285317950355,0.3142631118896624,43.92,44.43333333333333,44.45164692172034,5.5664118071453785,5.604444220233391,5.612188582411178,44.13099999999999,44.05327272727273,44.31269374377328,5.5893070487313326,5.5749647274027145,5.607896906125449,44.2915,44.13085714285715,45.05218189591524,5.635719463433488,5.611775971439476,5.647946580365517,46.543,44.812494623655915,45.54249357936668,5.755055858290863,5.670716523373244,5.658720700262087,45.44233333333333,46.642841530054646,45.14412586680201,5.570786380488297,5.680184004427553,5.598601469340963,8.773089924518128
2024-09-25,sz000901,46.3,48.04,48.1,45.6,1047672,1016746224.84,5.43,4.41,2.03,13.13,6.020225337145523,0.21994001919516837,45.096000000000004,45.80666666666666,45.647764614480224,5.67728724855211,5.755715396900105,5.7482008339892925,44.397999999999996,44.764,44.99038579035995,5.6199942227520125,5.653313507114387,5.682865711765461,44.364,44.48785714285714,45.33673600106617,5.648907635332467,5.648395578459669,5.683401700058851,46.29233333333333,44.909075268817205,45.70362302585915,5.786568878907454,5.687824231686449,5.682043580061019,45.55683333333333,46.728010928961744,45.239072559693746,5.583430402624703,5.694919707924511,5.612425202711604,9.007212568552209
2024-09-26,sz000901,47.4,48.16,48.34,46.88,945310,930138794.99,3.04,0.25,0.12,11.84,5.975574252119673,-0.04465108502585036,45.912,46.827999999999996,46.485176409653484,5.755520021892548,5.855144398089294,5.823991973366086,44.666,45.448,45.56667928302178,5.637174400045289,5.7179644215448695,5.736085446375318,44.529999999999994,44.849380952380955,45.60561828667892,5.665716855040564,5.679506684820355,5.711227657397977,46.08266666666667,45.02956989247312,45.8620989596747,5.774641726404007,5.700018126732398,5.7009810427744805,45.69466666666666,46.81336065573771,45.33484067249067,5.595387296991651,5.707776883317788,5.624331728921704,8.968547758662242
2024-09-27,sz000901,48.39,51.07,52.12,48.04,1049702,1072658376.55,8.47,6.04,2.91,13.15,6.0210660246657834,0.04549177254611081,47.472,48.547333333333334,48.013450939768994,5.860634627588405,5.943659732347039,5.889683323799319,45.347,46.61236363636363,46.567283049745086,5.682997017523362,5.787762898748595,5.787900096973584,44.885000000000005,45.4722380952381,46.1260355927095,5.686733161107504,5.7133494628799015,5.740736073328245,45.94466666666666,45.35133333333332,46.19809257517956,5.766727457546957,5.715916468555739,5.721631686767468,45.90433333333333,46.98960109289618,45.52287868322868,5.609294068414785,5.721733562913661,5.637339410749378,9.030461428580482
2024-09-30,sz000901,53.17,56.55,56.78,51.19,1282895,1404870028.63,10.95,10.73,5.48,16.07,6.108191112503784,0.08712508783800033,49.965999999999994,51.57333333333334,50.85896729317933,5.985068408877024,6.0261785606521645,5.962519253367474,46.634,48.64927272727273,48.38232249524598,5.7419617079904945,5.865070916017763,5.846134827069984,45.4995,46.58319047619048,47.118794107689546,5.709897853656491,5.75348831539383,5.775731791344962,45.999,46.035548387096775,46.865957570329265,5.762637813072788,5.737946381778759,5.746571004556909,46.1985,47.33863934426229,45.8844236444343,5.620982519063222,5.738090843047726,5.652777171462637,9.147636147401414
2024-10-08,sz000901,63.19,61.5,63.19,54.98,1382503,1648815906.0,14.52,8.75,4.95,17.32,6.140666082386885,0.0324749698831015,53.064,55.418,54.405978195452896,6.05314456176433,6.078044451822119,6.021901529707278,48.492,51.35218181818182,50.76735476883761,5.809778184454854,5.937562620453471,5.899685964400329,46.2975,48.10704761904762,48.48843276410006,5.727105008183311,5.794513860987203,5.81048743811086,46.348333333333336,47.035612903225804,47.810089339985446,5.762186776488074,5.762335302379669,5.7719964934491665,46.582,47.840327868852455,46.39640975445285,5.635761673098149,5.7551296484026,5.668773529197858,9.217172168396768
2024-10-09,sz000901,59.58,54.39,59.58,54.39,887283,1001162627.7,8.44,-11.56,-7.11,11.12,5.9480621606839135,-0.1926039217029718,54.33399999999999,55.86000000000001,54.400652130301935,6.038711926472008,6.0430169847953135,5.99728840669949,49.715,52.42454545454545,51.42601753813987,5.857999587512059,5.962705161586027,5.90848163645189,46.8595,48.877761904761904,49.05048678656672,5.739856170327604,5.815557399320593,5.823589792641627,46.50533333333333,47.55443010752688,48.23459970514768,5.758539118683206,5.7743272626503686,5.783355568754635,46.87416666666666,48.09632786885245,46.65849468053636,5.648937220849499,5.765369008651315,5.677930533508876,9.000504629503308
2024-10-10,sz000901,53.17,53.05,55.73,51.19,679846,736789619.38,8.35,-2.46,-1.34,8.52,5.832410546640522,-0.11565161404339186,55.312,55.432,53.95043475353462,6.010079185376178,5.974249858184819,5.942329120013167,50.611999999999995,53.030909090909084,51.72128707665989,5.882799603634362,5.958052608700293,5.894650529213459,47.328,49.46733333333333,49.4313928068937,5.754083779786742,5.824372101826586,5.824429864451046,46.66433333333334,47.97666666666667,48.54527069191235,5.755671826712361,5.7790931612282606,5.786520406037595,47.108,48.298814207650274,46.868052231994184,5.658079360606029,5.771384527529708,5.682995451972208,8.867343498462214
2024-10-11,sz000901,52.7,49.5,53.0,48.69,484986,501010353.41,8.12,-6.69,-3.55,6.08,5.6857292020857635,-0.14668134455475812,54.998000000000005,53.494666666666674,52.46695650235642,5.943011820860173,5.866133197088014,5.856795814037366,51.235,52.82872727272727,51.31741669908536,5.901823224224289,5.922221626600548,5.85666483337206,47.6425,49.674190476190475,49.43792682528478,5.759112380824386,5.81786214204554,5.811220277559114,46.75933333333333,48.1596129032258,48.60686613114382,5.750459995121689,5.774580733832997,5.780017747718122,47.30416666666667,48.37724043715846,46.954345601437,5.666499535887334,5.7722910797093725,5.683085083123472,8.69984670068236
2024-10-14,sz000901,50.67,53.93,54.04,50.26,655518,698142798.84,7.64,8.95,4.43,8.21,5.816584621568963,0.13085541948319968,54.474000000000004,53.13866666666666,52.954637668237616,5.88469052267321,5.823990797324276,5.843392083214566,52.220000000000006,53.318727272727266,51.7924318447062,5.934879465775117,5.906723698845034,5.849377522135133,48.1085,50.272999999999996,49.8657433181148,5.7635666230285905,5.823335688783119,5.811731167464814,46.92433333333334,48.62223655913979,48.95029412268293,5.7399876816243145,5.778846838765077,5.78237690086979,47.543,48.594480874316936,47.18305558171775,5.675363617809847,5.777211902190736,5.687462117170864,8.843944262745392
2024-10-15,sz000901,53.75,52.65,55.09,52.01,521214,564537389.93,5.71,-2.37,-1.28,6.53,5.717016072506949,-0.09956854906201418,52.70399999999999,52.53066666666667,52.85309177882508,5.799960520697222,5.768099313935522,5.801266746312027,52.884,53.39690909090909,51.948353327486885,5.926552541230776,5.8671121727962765,5.8253118040209175,48.5075,50.70552380952381,50.130910621151486,5.757929794981054,5.818902303019153,5.802710682230732,47.15566666666666,48.99163440860215,49.18898482444532,5.732663822699251,5.7773647994671835,5.778160073233478,47.769333333333336,48.761923497267766,47.36229966100569,5.687141371559253,5.778577556443102,5.688431099313031,8.751692711013028
2024-10-16,sz000901,51.54,52.24,53.17,51.31,341185,362571598.64,3.53,-0.78,-0.41,4.27,5.532989929410996,-0.1840261430959531,52.274,52.376000000000005,52.64872785255006,5.716946074442639,5.679109116840114,5.7118411406783505,53.303999999999995,53.279818181818186,52.00137999521654,5.877829000457323,5.795555334283589,5.772162372273659,48.851,51.061,50.33177627627992,5.748911611604668,5.797479458679147,5.777022991485995,47.344,49.319655913978494,49.385824513190784,5.725214757040752,5.764482612803426,5.762342644599769,48.00433333333333,48.908502732240436,47.5222242622842,5.696198074755112,5.773523410798895,5.683334667512964,8.55939378145553
2024-10-17,sz000901,52.47,52.47,53.93,52.41,415193,447775002.05,2.91,0.44,0.23,5.2,5.6182500228582235,0.08526009344722763,52.158,52.44133333333333,52.58915190170005,5.6741139696861795,5.646210432978642,5.680644101404975,53.735,53.12818181818182,52.086583632449894,5.842096577531178,5.7483591565382985,5.744178308743579,49.2005,51.40566666666666,50.535416630919926,5.739635488788234,5.7850354978461525,5.761901756378589,47.598333333333336,49.65036559139784,49.5848035768559,5.724510095870769,5.757581662211004,5.753046346422895,48.23916666666667,49.05491803278688,47.68444641761914,5.708193629169918,5.770967736966211,5.681200744737399,8.651059844547209
2024-10-18,sz000901,52.41,54.51,55.62,51.48,625260,684346466.5,7.89,3.89,2.04,7.83,5.796060646280333,0.17781062342210951,53.160000000000004,53.225333333333325,53.22943460113336,5.696180258525093,5.686859325176695,5.719116283030095,54.07899999999999,53.269090909090906,52.527204790186275,5.819596039692633,5.739988987219962,5.753611461022988,49.713,51.91133333333334,50.913948380356125,5.751296528607997,5.790409322369209,5.765154983988279,47.949666666666666,50.096279569892474,49.90255818480068,5.731020787302547,5.762197826753555,5.75582146254273,48.5275,49.26051912568306,47.90823505966441,5.721286531150103,5.7738486227731105,5.684966643148643,8.835276029196109
2024-10-21,sz000901,55.44,57.42,57.83,55.03,729323,832302247.18,5.14,5.34,2.91,9.14,5.86291990973135,0.06685926345101656,53.858000000000004,54.64533333333333,54.626289734088914,5.70544731615757,5.7424392089121135,5.767050825263847,54.166,53.87654545454546,53.41680391924331,5.795068919415391,5.747866054499729,5.773485724424508,50.39999999999999,52.64533333333333,51.533572344131734,5.768515313702943,5.801040120571433,5.774465929297143,48.388333333333335,50.7072688172043,50.38755443094257,5.738288208909457,5.770707447555415,5.762731039780706,48.8565,49.552076502732234,48.220096205249185,5.734518748029217,5.778492340103642,5.690801176479224,8.920281067210812
2024-10-22,sz000901,57.77,55.97,57.77,55.38,618395,699204319.9,4.16,-2.53,-1.45,7.75,5.791265969459447,-0.07165394027190253,54.522000000000006,55.34933333333334,55.07419315605928,5.72029729554807,5.771045426679405,5.775122539995714,53.613,54.20454545454545,53.881021388471794,5.760128908122646,5.747174609053194,5.7767184962490425,51.052499999999995,53.17580952380951,51.956089263738235,5.78495354628875,5.803206849691101,5.776065933122125,48.736000000000004,51.196408602150534,50.74771220959144,5.738112974829756,5.774125367590898,5.764572002985787,49.155499999999996,49.78530601092896,48.47419141163446,5.74793706614017,5.7803529047407,5.694095104117919,8.844604102839929
2024-10-23,sz000901,56.02,58.3,60.16,55.38,897571,1048275692.95,8.54,4.16,2.33,11.25,5.953068812335176,0.161802842875729,55.733999999999995,56.608666666666664,56.14946210403952,5.804313072132906,5.848635932275107,5.834437964108868,54.004,55.05672727272727,54.68447204511328,5.760629573287772,5.78225459163729,5.808782190082885,51.859500000000004,53.86604761904762,52.56027123862031,5.809314580399915,5.819217827409808,5.792923350190035,49.241,51.81344086021505,51.23495658316619,5.746780637980994,5.787993486139634,5.776733087459941,49.4925,50.085125683060106,48.79634907026939,5.765083644414778,5.787078535763486,5.702586045370944,9.020475515644806
2024-10-24,sz000901,58.47,56.26,58.7,55.97,515006,588555834.62,4.68,-3.5,-2.04,6.45,5.711812288753253,-0.24125652358192262,56.492000000000004,56.784,56.18630806935968,5.823025525311911,5.817802337815223,5.79356273899033,54.325,55.46690909090909,54.9709316732745,5.748569747499046,5.773378721721923,5.791151298932043,52.46849999999999,54.28514285714286,52.91262635875171,5.815684675566704,5.80993189487203,5.785198487196056,49.660333333333334,52.26627956989246,51.55915293263934,5.752245769024176,5.785737463608812,5.772544648833703,49.81383333333334,50.307010928961745,49.04105893681794,5.778699447155729,5.785331933938519,5.70288854515397,8.769787669417564
2024-10-25,sz000901,56.26,56.78,57.36,56.02,409934,466557385.62,2.38,0.92,0.52,5.14,5.612713940273125,-0.099098348480128,56.946000000000005,56.879999999999995,56.38420537957313,5.7863561841104705,5.747698476135628,5.733279806084595,55.053,55.91327272727272,55.299853187224585,5.741268221317782,5.748677665862664,5.75870814281224,53.14399999999999,54.69576190476191,53.28094765791822,5.821545722771035,5.7906013486535945,5.76877138748911,50.11266666666666,52.72561290322581,51.89598177569487,5.753164327655518,5.776735410141003,5.7622329902168925,50.142833333333336,50.53540983606557,49.294794709381286,5.789299248351432,5.779889786171875,5.699932000731647,8.668905068715638
2024-10-28,sz000901,56.9,58.82,59.34,56.61,537991,626874344.63,4.81,3.59,2.04,6.74,5.730775010456295,0.11806107018316947,57.226,57.50466666666667,57.19613691971543,5.75992720425546,5.729171418250902,5.732444874208495,55.541999999999994,56.598181818181814,55.93987988045647,5.732687260206514,5.7467698093423945,5.753629391474795,53.88099999999999,55.23633333333334,53.808476452402196,5.833783362990816,5.781956518909333,5.765152684914557,50.58633333333333,53.287376344086006,52.34269262887585,5.753273502087899,5.775290938063634,5.7602034431355635,50.499166666666675,50.81990710382514,49.60709652218845,5.800334671794106,5.777970958699904,5.700943246952128,8.797180496328643
2024-10-29,sz000901,59.99,65.69,65.69,59.0,1286703,1602181576.58,11.37,11.68,6.87,16.12,6.109478313535037,0.37870330307874234,59.17,60.32599999999999,60.02742461314362,5.823569673070577,5.845688454677429,5.858122687317342,56.846000000000004,58.44327272727273,57.71262899310075,5.771933484309324,5.815277273583945,5.818329195485748,54.864999999999995,56.361,54.940050123601985,5.849243012770049,5.808213180865926,5.797945601926031,51.287,54.2618064516129,53.203809233464504,5.76259769142381,5.798271893640869,5.782737305741982,50.93116666666667,51.31796721311475,50.13440483293637,5.812128532523398,5.788106815806162,5.714337839299108,9.204711733494825
2024-10-30,sz000901,66.1,69.07,73.21,65.99,1851269,2517003282.29,10.99,5.15,3.38,23.19,6.2674695288164015,0.15799121528136428,61.324,63.62599999999999,63.04161640876242,5.886449816366822,5.99365507325937,5.994571634483696,58.528999999999996,60.66581818181818,59.7776055398097,5.845381444249864,5.905374736221594,5.89999107427314,55.9165,57.713857142857144,56.28575963563989,5.861605222353594,5.848044277632246,5.84266216639178,52.077,55.40909677419354,54.22743444420873,5.7810682224864,5.830844270246843,5.814010352391945,51.40383333333333,51.912683060109295,50.755244018741735,5.8270310189671335,5.803036028799378,5.732473304529183,9.400883781889048
2024-10-31,sz000901,66.68,70.99,75.6,65.17,1534329,2073789214.23,15.1,2.78,1.92,19.22,6.185918493618535,-0.0815510351978661,64.27,66.848,65.69107760584161,5.981271057339879,6.093477965676608,6.058353920861976,60.38099999999999,62.93145454545454,61.816222714389745,5.902148291325895,5.967290563379536,5.951977877790483,57.05799999999999,59.149428571428565,57.68616347986467,5.872122434428537,5.878931255847954,5.8753532451752815,52.92733333333333,56.629290322580644,55.30889028651785,5.793806422967455,5.856963642577948,5.8380044260194675,51.88133333333334,52.554852459016395,51.418678641078074,5.8374982673988685,5.814802831246964,5.7473403599091615,9.316764611383318
2024-11-01,sz000901,69.07,62.96,69.54,62.96,1141695,1472665147.41,9.27,-11.31,-8.03,14.3,6.057550099086271,-0.12836839453226467,65.506,66.41133333333332,64.78071840389441,6.070238289102508,6.118904312925404,6.058085980270075,61.226,63.40036363636363,62.02418222086433,5.92829723660649,5.9955454375177855,5.971172827116989,57.652499999999996,59.71152380952381,58.188433624639465,5.873946638149561,5.8965910334344045,5.8927053265001375,53.550666666666665,57.27655913978494,55.80251026803283,5.810296764607495,5.87397936361787,5.85216866299152,52.184333333333335,52.91808743169399,51.79708262005912,5.842754937722332,5.822017645400649,5.757511171029722,9.168104008781489
2024-11-04,sz000901,62.14,64.99,65.93,62.02,612891,781002153.12,6.21,3.22,2.03,7.68,5.787383244000119,-0.2701668550861518,66.73999999999998,66.23933333333333,64.85047893592962,6.081559935811272,6.024619297891275,5.967851734846757,61.98299999999999,64.08472727272726,62.56342181707082,5.920743570033366,5.969924711589354,5.937756539277558,58.0745,60.41033333333333,58.83620185086428,5.8579062447243775,5.888346900658268,5.882674651976327,54.260999999999996,58.01458064516129,56.395251541062976,5.819258065813084,5.872501071965782,5.847988958540463,52.43083333333333,53.33794535519125,52.229637288253905,5.843001501951765,5.820202180032708,5.75849058325826,8.892652231171597
2024-11-05,sz000901,64.82,66.86,67.85,64.7,773319,1009529658.77,4.85,2.88,1.87,9.69,5.888358680673053,0.1009754366729343,66.974,66.27933333333333,65.52031929061975,6.037336009238876,5.960218879511869,5.9413540501221895,63.07199999999999,64.97145454545455,63.344617850330664,5.930452841154727,5.96403654988748,5.928775110440375,58.342499999999994,61.24704761904762,59.600373103162916,5.845290874638686,5.891247132653379,5.883215988042681,55.059,58.8274193548387,57.07039660292988,5.833453311244075,5.876959176150297,5.850593456742566,52.6435,53.81103278688524,52.70932131158984,5.8372285357445,5.821689300646521,5.762748553665302,9.004119082517835
2024-11-06,sz000901,67.79,66.8,68.55,65.99,761631,1006050260.51,3.83,-0.09,-0.06,9.54,5.881744612444362,-0.006614068228691039,66.52,66.22133333333333,65.94687952707983,5.960191025964468,5.908355080580364,5.921484237562915,63.922000000000004,65.64927272727273,63.97286915027054,5.923320421165646,5.955180508303776,5.920224110804736,58.963,62.05252380952381,60.28605185524264,5.841974997226709,5.894718917206301,5.883075857033317,55.88033333333333,59.58490322580645,57.69811295112796,5.8473165273218255,5.88007474396967,5.852603208723328,52.749333333333325,54.27518032786885,53.17131077678361,5.834209166991735,5.823148844144877,5.766650063789205,9.002619677854005
2024-11-07,sz000901,66.28,66.51,67.67,64.7,588373,763629762.03,4.45,-0.43,-0.29,7.37,5.769652735061517,-0.11209187738284498,65.624,66.218,66.13458635138656,5.8769378742530645,5.844842316946047,5.8708737367291155,64.947,66.11981818181818,64.43416566840317,5.929104465796472,5.9272409290121155,5.892847497033242,59.636,62.77128571428572,60.878808821410004,5.838837106647758,5.887831082714378,5.872273654940765,56.62800000000001,60.270688172043,58.26662179299068,5.85349127230996,5.875064176727069,5.847251565261276,52.785333333333334,54.72634972677596,53.608644849675954,5.8238462268274365,5.821032239819295,5.766748512027642,8.882882846428693
2024-11-08,sz000901,67.27,68.49,69.54,67.09,803048,1076735344.95,3.68,2.98,1.98,10.06,5.904741504820534,0.13508876975901707,66.72999999999999,67.17333333333333,66.9197242342577,5.846376155399918,5.854110193801871,5.882162992759589,66.11800000000001,66.764,65.17159009232985,5.958307222251213,5.922811299743764,5.895010043903659,60.5855,63.6145238095238,61.60368417175191,5.849787721784497,5.894107692064165,5.87536583111979,57.46866666666667,61.03597849462367,58.92619458053967,5.867132889264427,5.878370643340655,5.850960593619938,52.730999999999995,55.24125683060109,54.09655813329314,5.818548503698706,5.82368454401579,5.771272872447081,9.032108969451903
2024-11-11,sz000901,70.12,69.48,70.12,67.5,653406,881713295.54,3.83,1.45,0.99,8.19,5.81518311813288,-0.08955838668765459,67.628,68.09,67.77314948950514,5.851936130226469,5.843712514712858,5.85983636788402,67.184,67.37527272727273,65.95493734826988,5.966748033018871,5.896788735358613,5.88049605739988,61.363,64.46161904761905,62.35380948872792,5.849717646612693,5.890812015525917,5.869634144168655,58.315333333333335,61.81090322580645,59.60708525276292,5.878104919666835,5.875019045203136,5.8486523693949675,52.708666666666666,55.790404371584714,54.600933276463856,5.80718387425493,5.823574203505435,5.772712552633501,8.945327389659374
2024-11-12,sz000901,70.06,67.38,70.7,66.22,636724,851034561.18,6.45,-3.02,-2.1,7.98,5.803951220008534,-0.011231898124345996,67.732,68.00733333333334,67.6420996596701,5.835054638093565,5.827717544640212,5.841207985258858,67.35300000000001,67.4109090909091,66.21403964858445,5.936195323666221,5.867189314811278,5.866578814237817,62.0995,65.03466666666667,62.83249429932526,5.854064403987772,5.8864533082302835,5.863378627581977,59.02766666666666,62.39572043010753,60.10856362355241,5.8782271164021065,5.870234935547761,5.845768424273262,52.785333333333334,56.27143169398907,55.01991907067815,5.816641487346486,5.823468214841619,5.773736771235961,8.929947197481743
2024-11-13,sz000901,68.61,69.36,70.35,65.64,868876,1168437182.76,6.99,2.94,1.98,10.89,5.938957801352806,0.13500658134427201,68.244,68.55,68.21473310644673,5.846497275875254,5.862351932393293,5.873791257290175,67.38199999999999,67.77581818181818,66.78603243975091,5.903344150919861,5.867691583481568,5.879738630076906,62.95550000000001,65.72614285714285,63.45416150891333,5.874362797584863,5.89453839369362,5.87057664413158,59.73833333333334,63.06232258064515,60.705430486549034,5.875518198542349,5.8741530442542595,5.851780642149362,53.01533333333334,56.81486338797814,55.49008565852476,5.831043538724901,5.827478585792645,5.779153854190612,9.067605368919919
2024-11-14,sz000901,70.18,69.95,73.38,69.07,942955,1304784369.53,6.21,0.85,0.59,11.81,5.974490967691726,0.03553316633892045,68.932,69.11866666666667,68.79315540429782,5.887464922401295,5.9050164963321174,5.9073578274240255,67.27799999999999,68.24272727272728,67.36129926888711,5.88220139832718,5.880627368349178,5.896966327825054,63.829499999999996,66.3922857142857,64.07281279377872,5.892174844826537,5.904074409894273,5.880473246375403,60.46466666666666,63.72113978494623,61.301854326126524,5.8754820890614186,5.880538384199379,5.859697437345644,53.27366666666667,57.37009836065573,55.964181210704275,5.825061907732713,5.832181780185001,5.785558349715238,9.115538745497325
2024-11-15,sz000901,69.19,63.77,69.19,63.19,747123,966048116.23,8.58,-8.83,-6.18,9.36,5.873392106265025,-0.10109886142670099,67.988,67.398,67.1187702695319,5.8811950426901936,5.900325557620025,5.896035920371026,67.359,67.6049090909091,66.70833576545309,5.863785599045056,5.879025678883333,5.8926801057232305,64.29249999999999,66.38661904761904,64.04397348008551,5.8960414178257725,5.902285577650318,5.879798852079176,60.888,63.93438709677418,61.46108953089256,5.870559625114725,5.880403546599612,5.860580964372701,53.416333333333334,57.714240437158466,56.22010969559921,5.81864354133084,5.8337663768581915,5.788438145011952,8.984998757981506
2024-11-18,sz000901,63.71,60.68,64.3,59.52,507230,617511462.71,7.5,-4.85,-3.09,6.35,5.70520493187911,-0.16818717438591513,66.228,64.962,64.97251351302127,5.8591994054394405,5.841662187349665,5.83242559087372,66.928,66.39054545454546,65.61227471718888,5.855567767832954,5.850192830307706,5.858593710478845,64.4555,66.04257142857143,63.7235950534107,5.888155668933161,5.884110674226828,5.86317085967917,61.025666666666666,63.92096774193549,61.41069665793175,5.857126752427237,5.869735501874732,5.850556704211825,53.51233333333334,57.95239344262296,56.36633560721891,5.809882282750014,5.830047078187643,5.785709187204318,8.790645023705785
2024-11-19,sz000901,60.86,61.5,62.55,59.4,354929,430981551.68,5.19,1.35,0.82,4.45,5.5501414854716655,-0.15506344640744452,65.05199999999999,63.385999999999996,63.81500900868085,5.808437458532066,5.73864288069374,5.738330889073036,66.39200000000001,65.40363636363637,64.86458840497272,5.821746048312816,5.79466077896929,5.802511487750266,64.732,65.76109523809524,63.51182409594301,5.8760994447337715,5.851918847230495,5.833358538326074,61.025666666666666,63.951569892473124,61.416458163871646,5.83744259919673,5.849930000780825,5.831175077196331,53.687000000000005,58.21428415300546,56.53465247255599,5.799814687842401,5.821530986473601,5.777985655999967,8.634458680427432
2024-11-20,sz000901,61.15,63.66,64.24,60.92,388876,486636082.18,5.4,3.51,2.16,4.87,5.589811140912449,0.03966965544078338,63.912,62.922,63.76333933912057,5.738608126443995,5.665767441487201,5.68882430635284,66.078,64.90690909090908,64.64557233134131,5.792552701159624,5.7524907958055875,5.763838697416117,65.0,65.65899999999999,63.52593608680558,5.857936561162635,5.824653294485607,5.810163548096205,61.334666666666664,64.12152688172043,61.56120279846058,5.825500898537681,5.833953777665711,5.815603210339307,53.919999999999995,58.54126775956284,56.768270424275464,5.792020008610444,5.814645624279175,5.77181599976759,8.687204307041798
2024-11-21,sz000901,63.6,62.66,64.65,61.79,288560,359468448.99,4.49,-1.57,-1.0,3.62,5.4602361293103066,-0.12957501160214235,62.45399999999999,62.504666666666665,63.39555955941371,5.635757158767711,5.572976775775971,5.612628247338662,65.693,64.28545454545454,64.28455918018834,5.761611040584503,5.692069600923893,5.708638230487788,65.32,65.43614285714285,63.443465983300285,5.845357753190488,5.786777062880624,5.776837127259453,61.654999999999994,64.20703225806452,61.632092940495376,5.813095084626673,5.810388308683299,5.792676301885823,54.159666666666666,58.82782513661203,56.961441885774626,5.784383455669516,5.803767464302121,5.761600266309974,8.55566077780412
2024-11-22,sz000901,62.37,59.4,63.01,59.34,305071,371113723.8,5.86,-5.2,-3.26,3.82,5.484400925641182,0.02416479633087576,61.58,61.486666666666665,62.06370637294248,5.557958922642943,5.522524698067128,5.569885806772836,64.78399999999999,63.14127272727273,63.39645751106319,5.7195769826665686,5.641667761843288,5.6678678114247685,65.451,64.87233333333333,63.058373984890736,5.838942102458891,5.752400222161643,5.748986060438665,61.985,64.06154838709678,61.488086944334384,5.806384142078522,5.789182233910041,5.772787567934556,54.372166666666665,58.99963934426229,57.0413946108312,5.778422068600105,5.793931971514306,5.7525117633372265,8.569507014872647
2024-11-25,sz000901,59.4,58.3,59.4,56.14,333817,384602433.79,5.49,-1.85,-1.1,4.18,5.523508449833328,0.03910752419214525,61.104,60.39333333333333,60.80913758196165,5.521619626233786,5.51104120713059,5.554426687793001,63.666,61.962363636363634,62.46982887268806,5.690409515836613,5.606018937691791,5.641620654771779,65.425,64.19128571428571,62.60519551013923,5.828578774427742,5.722358921911589,5.727512002285776,62.13066666666666,63.823806451612896,61.28240391566765,5.796614936354,5.770932189249061,5.7567050441860905,54.5275,59.12842076502733,57.082660361295744,5.768301308989156,5.785574147948182,5.745003457976443,8.58501202815577
2024-11-26,sz000901,59.11,57.48,60.68,57.36,205738,241587499.69,5.69,-1.41,-0.82,2.58,5.3133145136983275,-0.21019393613500004,60.3,59.185333333333325,59.699425054641104,5.474254231879119,5.44160616961877,5.474055963094777,62.676,60.837636363636356,61.562587259472046,5.641345845205593,5.537456210030284,5.58192862912206,65.0145,63.43461904761906,62.117081652030734,5.788770584435907,5.673286135175455,5.688064622420305,62.291666666666664,63.523763440860215,61.037087534011675,5.7831582177270455,5.739751516819663,5.728099203509461,54.72366666666667,59.22522404371584,57.09568789043359,5.757911020213148,5.770656548102583,5.730849722098472,8.383074459104298
2024-11-27,sz000901,57.07,59.4,59.52,55.33,272065,312665365.02,7.29,3.34,1.92,3.41,5.434672675243367,0.12135816154503942,59.448,58.88533333333333,59.59961670309407,5.443226538745302,5.4284123174068535,5.460928200477641,61.68000000000001,60.24199999999999,61.169389575931675,5.590917332594648,5.499879270037153,5.555154819325934,64.531,62.89990476190476,61.85831197088495,5.747130741757255,5.6395625247761645,5.663932056022501,62.53033333333334,63.33720430107527,60.93146898343028,5.779880975921458,5.7172685785949104,5.709168459750359,54.93716666666666,59.37854644808743,57.171239107140686,5.752547866481105,5.760058569578982,5.721138999250764,8.495079775666412
2024-11-28,sz000901,59.34,58.82,60.92,58.59,247951,294672699.87,3.92,-0.98,-0.58,3.11,5.394365864164157,-0.04030681107921019,58.67999999999999,58.676,59.33974446872938,5.430052485716073,5.412125425879805,5.438740755039813,60.56699999999999,59.722,60.74222783485318,5.532904822241892,5.464142639413425,5.525920463841975,63.9225,62.356,61.568948926038765,5.707553110284536,5.605965869767297,5.6382590853693255,62.742,63.097827956989235,60.795245178047686,5.772418170631656,5.692396635900891,5.68885861487383,55.17016666666667,59.505852459016396,57.22529684133279,5.748464133251213,5.748314897371871,5.710425125969235,8.469339902239426
2024-11-29,sz000901,58.53,59.87,60.45,58.12,233047,276316845.53,3.96,1.79,1.05,2.92,5.36744351665787,-0.026922347506286748,58.774,59.07266666666666,59.516496312486254,5.40666100391941,5.39125576952707,5.414975008912499,60.177,59.59527272727272,60.58364095578896,5.4823099632811765,5.434058765670877,5.497106473444864,63.767999999999994,61.97004761904761,61.407144266416026,5.673047781163116,5.573574479898092,5.612467126444425,62.92066666666666,62.912537634408594,60.735551940754284,5.758130932977574,5.666269238870323,5.668122156924413,55.43516666666666,59.659945355191255,57.31200842030548,5.74457586014006,5.735822418139301,5.699179827303288,8.441407362287896
2024-12-02,sz000901,60.8,61.5,61.85,60.22,255909,311215363.82,2.72,2.72,1.63,3.21,5.408085559750433,0.04064204309256336,59.414,59.98133333333333,60.177664208324174,5.383576425902831,5.391730621470745,5.412678525858477,60.25899999999999,59.835818181818176,60.750251691100054,5.4525980260683085,5.420563419574378,5.480920852773149,63.59349999999999,61.75404761904762,61.415987669614495,5.654082896950632,5.548339982620693,5.593002215330712,63.05666666666666,62.8208817204301,60.78487117038304,5.74296978797821,5.643685666404059,5.6513456022680275,55.7225,59.85879234972678,57.449319619639724,5.740628998443834,5.724789949274068,5.689635752957292,8.493061028733926
2024-12-03,sz000901,61.5,61.67,61.97,60.04,246444,298699731.95,3.14,0.28,0.17,3.09,5.391718249154928,-0.016367310595505558,60.251999999999995,60.733333333333334,60.67510947221612,5.399257172994151,5.394444562554778,5.405691766957294,60.275999999999996,60.092363636363636,60.91747865635458,5.436755702436635,5.409494369226491,5.464702197569836,63.334,61.57085714285715,61.4401793201274,5.6292508753747255,5.523352873306816,5.57383231379016,63.24666666666666,62.731419354838714,60.841976256164784,5.729651530634726,5.6210242768025545,5.634595450454279,55.99133333333334,60.05379234972678,57.58770258293023,5.733882252732241,5.71335025257607,5.679867965947378,8.475234832873
2024-12-04,sz000901,61.79,61.15,63.07,60.8,318565,391317965.21,3.68,-0.84,-0.52,3.99,5.503198059155485,0.1114798100005574,60.602,61.032666666666664,60.83340631481075,5.412962249776575,5.429091524608555,5.438193864356691,60.025,60.25127272727272,60.95975526429011,5.428094394260938,5.421574797720828,5.471701445130862,63.0515,61.362857142857145,61.41254319440098,5.610323547710282,5.511347843190699,5.567105241920191,63.34166666666667,62.59615053763441,60.86184875576706,5.714655838862069,5.606414375416796,5.626118199402744,56.291333333333334,60.22292896174863,57.70449921955546,5.730718238421531,5.705786836393225,5.674075509986987,8.592529786598531
2024-12-05,sz000901,60.57,62.49,63.54,60.57,283447,349149458.01,4.86,2.19,1.34,3.55,5.452471864783187,-0.05072619437229786,61.336,61.662000000000006,61.38560420987384,5.42458344990038,5.442261396277427,5.442953197832191,60.008,60.69945454545454,61.23798157987372,5.427317967808227,5.426007065088509,5.468205157794921,62.8505,61.30938095238095,61.51515812826756,5.594464504196365,5.4963143495785935,5.556187777430953,63.54933333333334,62.54120430107526,60.96689077152403,5.706011158063067,5.589499280314933,5.614915210072451,56.60483333333333,60.426163934426235,57.86140088448806,5.7291284635436215,5.696664004470657,5.666809816701616,8.543011372215647
2024-12-06,sz000901,62.49,62.08,62.61,60.92,234922,287967862.13,2.7,-0.66,-0.41,2.94,5.370923689537114,-0.08154817524607338,61.778,61.91,61.61706947324923,5.4252794844762295,5.424374809489671,5.418943361733833,60.275999999999996,61.07618181818181,61.39107583807849,5.41597024419782,5.415753559948307,5.450517618111684,62.529999999999994,61.236,61.56895259224208,5.567773613432194,5.475024748182475,5.538543578583921,63.726,62.44640860215054,61.03870427013538,5.697951483038534,5.56788073395842,5.599173821650817,56.91933333333334,60.60567759562842,57.999715609586815,5.725557905347026,5.684919585650771,5.657108632204419,8.459344022209212
2024-12-09,sz000901,62.08,61.15,62.26,60.33,231220,280709660.51,3.11,-1.5,-0.93,2.9,5.364025396850448,-0.006898292686665641,61.708000000000006,61.70066666666666,61.461379648832825,5.416467451896232,5.403956780281077,5.400637373439372,60.561,61.235090909090914,61.34724386751876,5.400021938899532,5.406309042248784,5.43479175970055,62.1135,61.104571428571425,61.529052345361876,5.545215727368072,5.45562015612707,5.521922799371209,63.80366666666667,62.28021505376344,61.04588463980407,5.685726495918337,5.546337115494674,5.584002955534665,57.195,60.74438797814208,58.10300362238724,5.719499999003119,5.673066060782032,5.64749934579937,8.448257358961447
2024-12-10,sz000901,62.61,61.97,63.19,61.79,287542,355732640.18,2.29,1.34,0.82,3.6,5.45870128915097,0.09467589230052198,61.767999999999994,61.788000000000004,61.63091976588856,5.429864059895441,5.418034726032657,5.419992012009905,61.00999999999999,61.491272727272715,61.46047225524262,5.4145606164447955,5.4169780150217735,5.439138946873354,61.842999999999996,61.09090476190476,61.57104736008932,5.527953230825194,5.44738068582068,5.5159017031597575,63.67966666666666,62.161913978494624,61.10550498562317,5.66403392843887,5.531690327961295,5.575918977058298,57.483333333333334,60.90094535519126,58.22979038886635,5.71331580993134,5.66451528340983,5.6413092455813905,8.551123715620724
2024-12-11,sz000901,62.02,63.13,63.36,61.62,264556,328995398.51,2.81,1.87,1.16,3.31,5.42251761556508,-0.036183673585890475,62.164,62.242000000000004,62.130613177259036,5.41372797117736,5.415585911255869,5.42083387986163,61.382999999999996,61.87672727272728,61.764022754289414,5.413345110476968,5.418424742134553,5.436116886635486,61.53150000000001,61.2134761904762,61.71951904008081,5.502131221535808,5.43733919865305,5.507007980531693,63.48166666666667,62.12645161290323,61.23611756719587,5.635868864663825,5.516108630356534,5.5660221150264775,57.779333333333334,61.086081967213104,58.39045299906745,5.708468543575113,5.654980916381428,5.6341357495152815,8.517189823738148
2024-12-12,sz000901,63.36,63.19,64.06,61.85,246662,307707222.72,3.5,0.1,0.06,3.09,5.3921022485515,-0.030415367013580052,62.303999999999995,62.583999999999996,62.48374211817269,5.401654047931022,5.40837733704725,5.411256669424921,61.82000000000001,62.205272727272735,62.02329134441861,5.413118748915702,5.414562403602649,5.42811422516567,61.19350000000001,61.37142857142856,61.859564845787396,5.473011785578796,5.426860248845021,5.49606457748596,63.22166666666667,62.10763440860216,61.36217449834453,5.609408323161591,5.500381751897674,5.554801478479705,58.07449999999999,61.26348087431694,58.54781519581934,5.7016073730645225,5.644608250970818,5.626200224893519,8.488137690432136
2024-12-13,sz000901,62.66,61.73,63.31,61.73,271516,335181542.73,2.5,-2.31,-1.46,3.4,5.433795426952373,0.041693178400873165,62.233999999999995,62.39266666666666,62.23249474544846,5.414228395414074,5.419091130054366,5.418769588600739,62.00600000000001,62.1889090909091,61.969965645433405,5.419753939945152,5.418321799609317,5.42914717094507,61.09150000000001,61.42252380952381,61.847225336664785,5.451031951613164,5.423125357547266,5.490134182197047,63.18066666666667,62.011397849462355,61.3859051758707,5.588616500757128,5.489051887626111,5.546994636445684,58.36566666666666,61.38333333333333,58.65214912382526,5.6994566326823115,5.635827531426158,5.619891870862662,8.525280095545318
2024-12-16,sz000901,61.73,60.1,62.14,59.64,183773,221823093.79,4.05,-2.64,-1.63,2.3,5.264281705024196,-0.16951372192817704,62.024,61.681333333333335,61.52166316363231,5.394279657048824,5.369108899924408,5.367273627408558,61.86600000000001,61.842363636363636,61.62997189171824,5.405373554472528,5.3900541205327785,5.399171631686729,61.0625,61.328095238095244,61.68082292364909,5.428985790270419,5.405339619776887,5.468624422466299,63.01766666666666,61.81264516129033,61.30294355162098,5.571179782791264,5.468127062094954,5.528755092483008,58.63933333333333,61.44019672131147,58.69961964435558,5.695218924302173,5.621559501011137,5.60823252116304,8.34600675814977
2024-12-17,sz000901,60.1,58.41,60.68,58.06,244482,288984514.2,4.36,-2.81,-1.69,3.06,5.388246889682781,0.12396518465858541,61.312,60.47666666666667,60.484442109088214,5.380188777155185,5.36709797746906,5.374264714833299,61.54,61.214000000000006,61.04452245686037,5.405026418525313,5.386940181480098,5.397185314958738,60.908,61.07547619047618,61.36931597853965,5.420891060480974,5.4014597244828275,5.460969419344059,62.736000000000004,61.515376344086015,61.11630203216156,5.554509389758255,5.4563249399589235,5.519690047141059,58.8975,61.43267759562842,58.69012391831113,5.693981350501165,5.611494844138369,5.601019877507949,8.460874570861456
2024-12-18,sz000901,58.94,60.57,61.56,58.3,206878,247734987.08,5.58,3.7,2.16,2.59,5.3157143090001515,-0.0725325806826298,60.8,60.22933333333333,60.512961406058814,5.358828115842201,5.345606488084047,5.354747912888917,61.48199999999999,61.03763636363636,60.95824564652212,5.386278043509781,5.370701616111886,5.382372404784449,60.753499999999995,61.04328571428571,61.293190647250164,5.407186218885359,5.391442891008462,5.447135599311307,62.52833333333333,61.37563440860214,61.081056739764044,5.535641712976781,5.440918805716466,5.50653032209971,59.20433333333334,61.48751366120219,58.75175919967798,5.691479120149302,5.59909264605637,5.591665596573267,8.393987345393969
2024-12-19,sz000901,59.58,59.99,60.45,58.88,141114,168087047.46,2.59,-0.96,-0.58,1.77,5.1495701024937555,-0.16614420650639605,60.160000000000004,59.959333333333326,60.338640937372546,5.310321686630651,5.275853816967899,5.286355309423863,61.23199999999999,60.766363636363636,60.782200983518095,5.355987867280837,5.327663808654428,5.340044713458868,60.620000000000005,60.97057142857142,61.16907725227396,5.391652917544532,5.3669080227806925,5.418796028185826,62.311,61.21187096774193,61.01066598235991,5.514972291891188,5.416010959878852,5.483500630512229,59.469500000000004,61.513273224043715,58.792357258704925,5.684231782100574,5.581325137280777,5.577170662341151,8.225534248636505
2024-12-20,sz000901,59.99,60.28,60.8,59.11,135387,162088326.63,2.82,0.48,0.29,1.7,5.131576964945025,-0.01799313754873033,59.870000000000005,59.99933333333333,60.31909395824837,5.249877994229182,5.216272243072691,5.234762527930918,61.05200000000001,60.593272727272726,60.69089171378753,5.332053194821628,5.286861826411552,5.302141486456351,60.664,60.93819047619047,61.084403228247865,5.374011719509724,5.342138884437881,5.391441831686702,62.03733333333333,61.08083870967741,60.963526241562505,5.489200140562005,5.391275777495228,5.4607958778949905,59.75300000000001,61.539846994535516,58.841132430550665,5.678166514913216,5.563205307210103,5.562561032918327,8.209751738705842
2024-12-23,sz000901,60.16,56.84,60.28,56.72,198088,230394135.88,5.91,-5.71,-3.44,2.48,5.296858167150688,0.1652812022056631,59.218,58.989333333333335,59.15939597216558,5.256393286654481,5.2319323007131935,5.255461074337508,60.620999999999995,59.82745454545455,59.99072958400797,5.325336471851652,5.280462730471382,5.30118088294623,60.590999999999994,60.574000000000005,60.680174349367114,5.362679205375592,5.334790927070355,5.3824338636356535,61.61599999999999,60.74552688172044,60.697492290493955,5.471922642195932,5.378866617920304,5.4502192513953585,59.96566666666666,61.444338797814204,58.775521531188346,5.6750137809313825,5.5507033941687105,5.553849463548896,8.362471420986559
2024-12-24,sz000901,57.66,57.19,57.95,56.55,117746,134993116.64,2.46,0.62,0.35,1.48,5.070946162446925,-0.22591200470376283,58.974000000000004,58.31333333333334,58.50293064811039,5.19293314120731,5.170116592644008,5.193956103707315,60.14300000000001,59.20363636363637,59.481506023279245,5.286560959181248,5.23420994694325,5.259320024673629,60.576499999999996,60.25009523809524,60.34777679228453,5.350560787813022,5.307006827743813,5.352768368284345,61.27633333333333,60.459978494623655,60.4712024653008,5.447489140277212,5.352997167613916,5.425750019850298,60.152,61.35333333333333,58.72353721869036,5.66285812833966,5.530897898480694,5.538016568430798,8.130311624187753
2024-12-25,sz000901,56.9,56.32,57.42,55.27,123757,139900233.75,3.76,-1.52,-0.87,1.55,5.092569773063344,0.02162361061641871,58.124,57.42866666666667,57.775287098740264,5.148304234019948,5.136662136596019,5.160160660159325,59.462,58.50854545454546,58.90668674631938,5.253566174931074,5.19893882219454,5.229001797108122,60.42249999999999,59.84471428571429,59.96417900254314,5.3334556427040205,5.282436254910512,5.327987549691869,60.84166666666666,60.140215053763434,60.203382951410426,5.419276206000897,5.330099143922699,5.404254520057592,60.29,61.22769398907104,58.644732719716906,5.647397202271623,5.512199919619174,5.52341175546793,8.145818440126211
2024-12-26,sz000901,56.14,56.72,57.42,55.79,98773,112867411.12,2.89,0.71,0.4,1.24,4.994638244653078,-0.09793152841026576,57.470000000000006,56.96066666666666,57.42352473249351,5.117317862451812,5.085440140140396,5.104986521657243,58.815,58.010000000000005,58.50910733789767,5.213819774541231,5.15186101668945,5.186390242116296,60.317499999999995,59.49209523809524,59.65520957372951,5.313469261728467,5.250167931286613,5.296239996831032,60.400666666666666,59.87430107526881,59.97864856744847,5.386614448566275,5.3027031464163885,5.3778276635798825,60.43266666666667,61.110644808743174,58.581626728906514,5.631048268813846,5.4907979865825025,5.506074919047771,8.052568563591722
2024-12-27,sz000901,57.71,57.01,58.65,56.78,175441,202940967.96,3.3,0.51,0.29,2.2,5.244131094121155,0.24949284946807637,56.815999999999995,56.807333333333325,57.285683154995674,5.139828688287038,5.127711217363511,5.15136804581188,58.342999999999996,57.68181818181818,58.23654236737082,5.19485334125811,5.157372165703982,5.196888578844452,60.1745,59.17709523809524,59.40328485242193,5.3073036406016305,5.243564296276392,5.2912772441919955,60.175333333333334,59.65554838709677,59.78712285341954,5.365639081494813,5.293510671936058,5.369202078453513,60.531666666666666,60.9984262295082,58.530097983696464,5.618099353304769,5.478112177576186,5.497486596919029,8.307369727481738
2024-12-30,sz000901,57.54,56.84,57.83,55.5,135385,154635588.75,4.09,-0.3,-0.17,1.7,5.131570549296702,-0.11256054482445244,56.815999999999995,56.815333333333335,57.137122103330455,5.106771164716241,5.124958504366732,5.144768880306821,58.016999999999996,57.40854545454547,57.982625573303395,5.181582225685361,5.14586620352918,5.185012573472134,59.941500000000005,58.85952380952381,59.159162485524604,5.293477890078945,5.226827811390209,5.276067082773396,60.047333333333334,59.44036559139785,59.59698589513441,5.346517935408732,5.278409476310372,5.3538710120563,60.5365,60.87738797814207,58.474684935050675,5.601822343917985,5.462160413510347,5.485489349456002,8.189309452189285
2024-12-31,sz000901,56.72,54.28,57.19,54.22,159408,177608377.21,5.23,-4.5,-2.56,2.0,5.202510112973973,0.07093956367727028,56.234,55.97,56.184748068886975,5.133083954821651,5.156871487119309,5.164015957862539,57.604,56.7290909090909,57.30942092361186,5.16300854801448,5.149671273945292,5.18819394429065,59.572,58.320333333333345,58.69448034404607,5.2840174832698965,5.218164213570687,5.269061657078213,59.806666666666665,59.06827956989247,59.25395454706123,5.334930222992143,5.269118649056518,5.344105792760666,60.41616666666666,60.67225683060109,58.33715428144246,5.586186411094436,5.4490682092171,5.476211341702493,8.249463446185121
2025-01-02,sz000901,54.39,52.41,55.62,51.54,222106,241402014.29,7.52,-3.45,-1.87,2.78,5.346560290793835,0.14405017781986285,55.452,54.69533333333333,54.92649871259132,5.1838820583677485,5.228030265776704,5.224864068839638,56.788,55.78472727272727,56.418617119318796,5.166093146193848,5.183044318086993,5.216987825473047,59.13499999999999,57.63823809523809,58.09595840651787,5.276185594851814,5.22412067143011,5.276442479336843,59.43166666666666,58.59107526881721,58.81240909241212,5.326821861321522,5.269868976011465,5.344264147472483,60.38316666666666,60.40975956284154,58.14282135418205,5.5761613799296015,5.441211615108884,5.47196048757434,8.382740889586444
2025-01-03,sz000901,52.35,49.33,52.82,49.03,215502,222400271.42,7.23,-5.88,-3.08,2.7,5.333451305053285,-0.013108985740550416,53.974000000000004,52.654666666666664,53.06099914172755,5.25164467044779,5.277886681338549,5.261059814244188,55.722,54.42872727272727,55.12977764307901,5.184481266449801,5.213473074243254,5.238163003578545,58.477,56.70442857142858,57.26110522494474,5.2702345668653185,5.229574548592155,5.281871891309838,58.98733333333334,57.939354838709676,58.2006407638694,5.322595700512954,5.270296682058676,5.3435665447357605,60.32116666666666,60.04736065573771,57.85387639174984,5.567845392569814,5.433253907735889,5.467419202901518,8.347135312928618
2025-01-06,sz000901,49.21,48.92,49.97,48.22,129401,130524387.92,3.55,-0.83,-0.41,1.62,5.11193763253673,-0.22151367251655518,52.355999999999995,50.970000000000006,51.680666094485034,5.225205978130905,5.23131766870153,5.2113524203417025,54.586,53.19199999999999,54.00072716251918,5.182517333208971,5.200283322622695,5.215212936116396,57.818999999999996,55.79423809523809,56.46671425114048,5.2572852640153,5.2144986500846695,5.265687676188589,58.638,57.28984946236559,57.60188974684557,5.310180257409472,5.256705838963436,5.328622743948727,60.311499999999995,59.67355191256831,57.560962411692465,5.558282199743997,5.418306112324968,5.455764069446935,8.115691665310527
2025-01-07,sz000901,49.15,49.79,49.91,48.86,117294,118776613.39,2.15,1.78,0.87,1.47,5.069275796995859,-0.042661835540870996,50.946,50.11466666666667,51.050444062990024,5.212747027670737,5.179340941656514,5.163993545893089,53.88099999999999,52.32000000000001,53.235140405697514,5.159759096193488,5.179693952402129,5.188678910821753,57.251,55.02957142857142,55.830836703412814,5.2425477840225705,5.1965929865590095,5.2469817829321395,58.35433333333334,56.71901075268817,57.097896859952314,5.295039168981558,5.241163615710944,5.311890682854994,60.24249999999999,59.32858469945354,57.306176758850086,5.545827052667778,5.402273115513555,5.4430923228091945,8.07473093832606
2025-01-08,sz000901,49.85,49.5,49.91,47.64,142520,143286234.2,4.56,-0.58,-0.29,1.79,5.153875813678978,0.0846000166831189,49.989999999999995,49.632666666666665,50.53362937532669,5.203020167811737,5.159717203659261,5.160620968488385,53.112,51.52345454545455,52.556023968297964,5.168052061316694,5.1786242646722185,5.182351074977611,56.62750000000001,54.291380952380955,55.22789987451635,5.227306510248971,5.188148037002477,5.238114547765171,58.08833333333334,56.14776344086021,56.60770996576185,5.289724545647579,5.232056302465616,5.301696175166219,60.18999999999999,58.97637158469946,57.050236537248445,5.536441381687312,5.38942225521884,5.4336098143131215,8.156204468847108
2025-01-09,sz000901,49.21,50.2,51.71,48.98,188735,194250038.85,5.52,1.41,0.7,2.36,5.2758524454609965,0.12197663178201879,49.548,49.702666666666666,50.42241958355113,5.18887859874517,5.183994629542348,5.19903146081259,52.5,50.994,52.127655974061966,5.186380328556458,5.198224334516636,5.199351324156408,55.980999999999995,53.67923809523809,54.74905226741956,5.219973251743767,5.192771459403622,5.241708633260012,57.78166666666666,55.638838709677415,56.19430932280948,5.284430537988167,5.231161328260032,5.300028837765882,60.156,58.648830601092904,56.82563861799439,5.532155756954812,5.3808783556704345,5.428437441563871,8.28836111433184
2025-01-10,sz000901,50.26,48.63,50.84,48.63,130926,133740148.76,4.4,-3.13,-1.57,1.64,5.117025899685025,-0.15882654577597144,49.408,49.39666666666667,49.824946389034096,5.145593517671517,5.160043729855633,5.171696273770069,51.690999999999995,50.290363636363644,51.49171852423252,5.198619094059654,5.1856144383581935,5.184383065161612,55.253,52.979142857142854,54.16628538480817,5.206219434300443,5.182966949683742,5.2298340872052504,57.442,55.04840860215055,55.7062893664992,5.275185872505529,5.220361029014667,5.288222196599375,60.092,58.27092896174864,56.55692915510932,5.523802021568593,5.367267540677983,5.4182272270760405,8.126261801932605
2025-01-13,sz000901,48.28,49.27,49.73,47.0,137428,137421254.4,5.61,1.32,0.64,1.72,5.13807522622154,0.021049326536514812,49.477999999999994,49.35066666666667,49.63996425935607,5.150821036408479,5.15753763270564,5.16048925792056,50.917,49.850181818181824,51.08776970164479,5.188013507269693,5.174606462387628,5.175963458081598,54.629999999999995,52.40933333333333,53.699972491016915,5.191433424263901,5.1764770251047985,5.221095148063945,57.08866666666667,54.52118279569891,55.29104489124119,5.267540262824317,5.211515180867313,5.2785352952846765,60.00466666666667,57.91610928961748,56.318013445105734,5.512835597900946,5.354620760502672,5.4090419155726135,8.138053908522396
2025-01-14,sz000901,49.21,51.71,51.95,48.92,192609,199183013.5,6.15,4.95,2.44,2.41,5.284676576449037,0.1466013502274972,49.862,50.09466666666667,50.32997617290405,5.193901192299116,5.202156146052492,5.2018850307633855,50.404,49.99436363636364,51.200902483163915,5.2033241099849254,5.192181565874781,5.19572947960295,54.2105,52.1312380952381,53.51045130139626,5.192453167835143,5.185357325312907,5.227150522195859,56.76233333333334,54.174172043010756,55.06000973696757,5.263426630047604,5.212620749488261,5.2789315069727,59.9095,57.644153005464474,56.166931037069475,5.503198209012908,5.347140136848509,5.404964363470201,8.299252298657095
2025-01-15,sz000901,51.77,50.78,51.89,50.55,150410,156770673.82,2.59,-1.8,-0.93,1.88,5.177276711258586,-0.10739986519045086,50.118,50.400666666666666,50.479984115269374,5.198581371815036,5.1966146523723165,5.193682257595119,50.054,50.06272727272728,51.12437475895229,5.200800769813387,5.1874456751972655,5.192374430813065,53.82899999999999,51.804523809523815,53.250408320310896,5.1819046589139335,5.183911948496091,5.222400635439928,56.39933333333333,53.78821505376345,54.78388007651805,5.256278578784394,5.207062690211551,5.272373133055661,59.823,57.34482513661203,55.99031034732949,5.492965054709559,5.336454186102466,5.39749919454523,8.195264824998175
2025-01-16,sz000901,50.84,51.02,51.77,50.37,128210,133634610.44,2.76,0.47,0.24,1.61,5.1079219001862795,-0.06935481107230679,50.282,50.70133333333333,50.65998941017959,5.164995262760093,5.166394828496064,5.165095471792173,49.915,50.23836363636363,51.105397530051874,5.176936930752631,5.170558607992336,5.177019425244559,53.3515,51.53699999999999,53.037988480281285,5.17151503847324,5.1768659714744105,5.211497898749104,56.06166666666666,53.441161290322576,54.54104910383947,5.243102706818754,5.197491291592319,5.261763376096346,59.70166666666667,57.056202185792344,55.82734935233508,5.478879272840412,5.323829820380391,5.3880048570252645,8.125918951975319
2025-01-17,sz000901,50.78,51.02,51.36,50.14,86847,90153024.46,2.39,0.0,0.0,1.09,4.938754820987509,-0.16916707919877005,50.760000000000005,50.94733333333333,50.77999294011973,5.12934104702059,5.090981347905203,5.089648588190619,50.084,50.43927272727272,51.089870706406074,5.137467282346054,5.127252769853223,5.133698588106913,52.903,51.314952380952384,52.84579910120688,5.160974274397928,5.154698331713864,5.185522367533714,55.67933333333333,53.115892473118286,54.313884645527246,5.225978805358897,5.177855944119335,5.240924114476421,59.61433333333333,56.77155737704918,55.6697313407831,5.465994981710982,5.306120821958984,5.3732753476469775,7.9549803010446185
2025-01-20,sz000901,51.54,51.31,51.83,50.72,96104,100629461.45,2.18,0.57,0.29,1.2,4.982741464065788,0.04398664307827893,51.168000000000006,51.13066666666667,50.95666196007983,5.09827429458944,5.042114820253602,5.05401288014901,50.323,50.662181818181814,51.12989421433224,5.124547665498961,5.099120802893175,5.1062518382812545,52.454499999999996,51.16323809523811,52.699532520139556,5.1535324993539655,5.137723778348899,5.166209900536769,55.32033333333333,52.834,54.1200856361384,5.213039397843186,5.162163212423006,5.224267169288638,59.52316666666666,56.49928415300548,55.52678932960988,5.45549544044086,5.290276444331273,5.360470958021365,8.002725148433454
2025-01-21,sz000901,51.66,51.07,51.71,50.02,98745,102218134.86,3.29,-0.47,-0.24,1.24,4.99451511414776,0.011773650081972065,51.040000000000006,51.098,50.99444130671989,5.040242002129185,5.0075284267730416,5.034180291481927,50.45100000000001,50.797999999999995,51.11900435718091,5.11707159721415,5.075478520829321,5.085936070256983,52.166,51.03138095238094,52.54433894679293,5.138415346703819,5.122579265472118,5.149858016118768,54.98433333333333,52.55978494623657,53.92330591767786,5.200722388419764,5.148064871539429,5.209444456053744,59.394,56.22213114754098,55.38066508929481,5.443224442169051,5.2751623352724835,5.348472405763213,8.009527952265863
2025-01-22,sz000901,50.78,49.91,51.25,49.44,108369,110841035.29,3.54,-2.27,-1.16,1.36,5.034905065833508,0.04038995168574733,50.866,50.72133333333333,50.632960871146594,5.01176767304417,5.005749448007816,5.034421882932454,50.492,50.699636363636365,50.89918538314802,5.105174522429603,5.060539151487385,5.076657705816351,51.802,50.816523809523815,52.293449523288835,5.136613291873148,5.112721143484469,5.1389101160916,54.58233333333333,52.232408602150535,53.66438295524703,5.186595847642516,5.13736697975967,5.198183850233083,59.13099999999999,55.911180327868855,55.20129902079334,5.425314888040692,5.261774814736891,5.338191509372075,8.04470057357568
2025-01-23,sz000901,52.76,50.37,53.4,50.37,259763,274850636.38,6.07,0.92,0.46,3.25,5.414577291309053,0.37967222547554513,50.736000000000004,50.556000000000004,50.54530724743107,5.073098751268724,5.140019320762777,5.161140352391321,50.509,50.677454545454545,50.802969858939285,5.119047007014408,5.116794200374558,5.138097630451388,51.50449999999999,50.680142857142854,52.11026385440419,5.152713667785434,5.139193905335508,5.165164132778977,54.157000000000004,51.960645161290316,53.45184211942464,5.186331170167313,5.152075459996222,5.2121447173992745,58.81933333333334,55.62393442622951,55.04289577420995,5.41110001741557,5.261422762385035,5.340695961238861,8.439096746853878
2025-01-24,sz000901,50.37,51.42,51.54,50.2,136182,141877142.41,2.66,2.08,1.05,1.71,5.134119708037255,-0.28045758327179815,50.815999999999995,50.784,50.83687149828739,5.112171728678673,5.1603596396856215,5.152133470939965,50.788,50.843090909090904,50.915157157313956,5.120756387849632,5.119534691469621,5.137374371830636,51.2395,50.67209523809524,52.04452443969903,5.159687740954642,5.137423052026159,5.1622075208988125,53.76466666666667,51.784064516129035,53.32075553107467,5.177731752150172,5.148706978568476,5.207110845827532,58.49316666666666,55.38133333333334,54.92411230620307,5.3935700376558815,5.252341440766075,5.333922969330612,8.151912432632816
2025-01-27,sz000901,51.77,49.97,52.41,49.79,134471,139455887.82,5.1,-2.82,-1.45,1.68,5.128628634539571,-0.0054910734976836295,50.547999999999995,50.501999999999995,50.547914332191596,5.141349162773429,5.165845274972587,5.144298525473167,50.858000000000004,50.69436363636364,50.74331040143869,5.119811728681435,5.12096600904961,5.135784237777714,50.8875,50.55119047619048,51.84695068353722,5.153912617975564,5.134465041891388,5.159009531721742,53.37266666666666,51.53924731182796,53.10457775487631,5.1675595257364115,5.1455390354968245,5.202047477357341,58.276666666666664,55.101885245901634,54.76168239452428,5.37808801324677,5.243654837385211,5.327192007534184,8.144436854878558
2025-02-05,sz000901,50.49,51.48,52.06,50.26,155821,163527195.16,3.6,3.02,1.51,1.95,5.192625987158937,0.06399735261936623,50.629999999999995,50.812666666666665,50.8586095547944,5.180971337375665,5.182937549767757,5.160407679368424,50.834999999999994,50.80745454545454,50.87725396481347,5.110606669752425,5.134204965136429,5.146119101301572,50.6195,50.60761904761906,51.81200299939082,5.156965389868676,5.138152029432662,5.162211098906237,53.08533333333333,51.41713978494624,52.99976628681978,5.16517100180757,5.147156226556342,5.201439639280024,58.051500000000004,54.87904371584699,54.654086250441516,5.368175392299417,5.237574115218397,5.322780006866143,8.21358998773506
2025-02-06,sz000901,51.54,53.81,53.87,50.9,189919,203434246.71,5.77,4.53,2.33,2.38,5.278568414881234,0.08594242772229688,51.410000000000004,51.87266666666666,51.842406369862935,5.22970400718521,5.215469908936281,5.199794591206027,51.138,51.348363636363636,51.41048051666556,5.120735840114689,5.1647434642507575,5.170200794679692,50.596,50.911476190476186,52.002288428020265,5.160768304964039,5.149733269910049,5.1732927480467135,52.932,51.46389247311828,53.0520394296056,5.161515052647518,5.154472188690129,5.206415689318812,57.833999999999996,54.7399781420765,54.62641129141065,5.358012221202887,5.234636181532554,5.321330446473195,8.308424065131518
2025-02-07,sz000901,53.87,55.09,55.73,53.87,225567,249812445.84,3.46,2.38,1.28,2.83,5.353275563546223,0.07470714866498884,52.354,53.099333333333334,52.92493757990863,5.217443661632645,5.2566604277232845,5.250954915319426,51.545,52.0669090909091,52.07948405909,5.145271206450684,5.207023413965582,5.203487116291789,50.730000000000004,51.3394761904762,52.296356196780245,5.161104068601658,5.1680672945369235,5.190433968570477,52.74933333333333,51.603118279569884,53.18352075672782,5.162767094465721,5.166843834554559,5.2158905199141286,57.63883333333334,54.650010928961734,54.64161092120046,5.3492044037212505,5.234480881281517,5.322377827360835,8.397614071447997
2025-02-10,sz000901,55.27,56.49,56.61,55.27,195165,220405777.72,2.43,2.54,1.4,2.45,5.2904019359241055,-0.06287362762211757,53.36800000000001,54.478,54.11329171993909,5.248700107210015,5.280979852487104,5.264103922187653,52.092,52.966,52.88139604834636,5.180435917944344,5.233410819324387,5.219289810770391,51.088,51.88804761904761,52.69575084470594,5.158951600145199,5.180381377139062,5.199954727366061,52.632666666666665,51.84445161290323,53.39684199822926,5.1674614889134,5.1750783404551,5.220697708043805,57.47183333333333,54.612344262295075,54.70221384181684,5.341216890402294,5.232552931517676,5.321329437477663,8.343222974930315
2025-02-11,sz000901,56.49,55.85,56.49,55.44,136805,153659971.48,1.86,-1.13,-0.64,1.71,5.1361019704303486,-0.1542999654937569,54.544000000000004,55.30533333333334,54.6921944799594,5.250194774388169,5.243447140227216,5.221436604935219,52.54600000000001,53.64927272727273,53.421142221374296,5.195771968580799,5.225350101594569,5.204164748890383,51.4345,52.34157142857143,52.99615552616252,5.1601598170398795,5.178205221928124,5.1938735124198026,52.485,52.05202150537634,53.55511025640802,5.167612322429577,5.173055145714258,5.215239918520356,57.26116666666667,54.55916939890711,54.73984617487203,5.328406231495791,5.225827852174334,5.315256405771193,8.18656074824502
2025-02-12,sz000901,55.85,56.61,57.01,55.44,133287,151327712.74,2.81,1.36,0.76,1.67,5.124787793047876,-0.011314177382472757,55.57000000000001,55.99400000000001,55.3314629866396,5.236627135565957,5.201644813113785,5.189220334306105,53.1,54.38818181818181,54.00093454476078,5.208799236470811,5.21244388786131,5.1897325751008365,51.7755,52.83447619047619,53.340331190337515,5.162935416842481,5.174836457738409,5.187293920098667,52.47733333333334,52.318150537634416,53.752199917284926,5.161876643292817,5.170292272850923,5.2094042975221315,57.04666666666667,54.53781967213115,54.801162693728685,5.316899642744374,5.219151837798991,5.309011533222887,8.179918467930388
2025-02-13,sz000901,56.67,55.68,57.01,55.62,155155,175335119.62,2.46,-1.64,-0.93,1.94,5.19076577564961,0.06597798260173438,55.943999999999996,56.03066666666666,55.447641991093064,5.219066607719633,5.186357693141669,5.189735481420607,53.677,54.857272727272736,54.30621917298609,5.224385307452421,5.20916507680291,5.189920429746068,52.084500000000006,53.20633333333333,53.563156791257754,5.164779914941012,5.177486968100992,5.18762457300828,52.427,52.52477419354838,53.87657411616978,5.1658706303995725,5.1721560878416835,5.208201812240034,56.85166666666667,54.49301092896175,54.82997703163922,5.306679885338393,5.215016301172934,5.3051346231385175,8.243868913980602
2025-02-14,sz000901,55.5,55.62,55.97,55.03,134325,150118092.57,1.69,-0.11,-0.06,1.68,5.128156849240732,-0.0626089264088785,56.05,55.922666666666665,55.505094660728716,5.174042864858533,5.156054440315368,5.169209270693982,54.202,55.21054545454545,54.54508841426134,5.195743263245589,5.191668993491694,5.178690687836006,52.35549999999999,53.54304761904761,53.75904662066178,5.157395135129999,5.173999057081919,5.181960980268514,52.40366666666667,52.7307741935484,53.989053205449146,5.167056866272151,5.169722940670145,5.2030376210787885,56.62266666666667,54.452628415300545,54.85587942404449,5.293166536136525,5.209163086874651,5.299332073174655,8.176433037545026
2025-02-17,sz000901,55.79,55.91,56.37,55.62,134318,151298139.16,1.35,0.52,0.29,1.68,5.128134216517199,-2.2632723532645116e-05,55.934000000000005,55.876,55.64006310715248,5.141589320977153,5.140751557534924,5.155517585968388,54.650999999999996,55.52109090909091,54.79325415712291,5.195144714093583,5.179376439541077,5.169498602141678,52.719500000000004,53.881571428571434,53.9638993234559,5.1579505509716075,5.171212302928319,5.176834621816008,52.37666666666667,52.956989247311824,54.112985256710495,5.171506732000956,5.167211801976279,5.198205143365137,56.38866666666667,54.429262295081976,54.890440754403684,5.279060590283616,5.203752191149427,5.293719028694083,8.179833586598775
2025-02-18,sz000901,55.91,54.39,56.08,54.04,137602,152841441.14,3.65,-2.72,-1.52,1.72,5.138624746273413,0.010490529756213895,55.641999999999996,55.36133333333334,55.22337540476832,5.142093876145767,5.139763365967011,5.149886639403396,55.092999999999996,55.473636363636366,54.7199352194642,5.196144325266968,5.169100081755592,5.163885173801993,52.9755,54.04066666666665,54.00448034026962,5.157978026974201,5.169371750099918,5.1731955860500465,52.28933333333334,53.08688172043012,54.1308571756324,5.167989853739365,5.165090383542241,5.194361246778575,56.23233333333334,54.36373224043716,54.874032860816676,5.26681446761709,5.199147737247452,5.288633970254061,8.18424112399281
2025-02-19,sz000901,54.34,54.86,55.33,54.04,124104,137699189.22,2.37,0.86,0.47,1.55,5.093785779483675,-0.04483896678973753,55.291999999999994,55.10066666666667,55.102250269845555,5.135893473432926,5.123660667079647,5.13118635276349,55.431000000000004,55.43127272727272,54.74540154319798,5.1862603044994415,5.15048943706772,5.15113982938048,53.133,54.22014285714285,54.08595840310109,5.148433487125933,5.163258202719869,5.16563274732944,52.223333333333336,53.252731182795706,54.177898648172246,5.166730361412264,5.160303023912843,5.187872506953099,56.13533333333333,54.31873770491803,54.873572767019404,5.2566241484104985,5.193474665505374,5.282245504982901,8.138931383115917
2025-02-20,sz000901,54.86,56.32,56.37,54.45,231653,260520603.69,3.5,2.66,1.46,2.9,5.364837928864705,0.2710521493810294,55.419999999999995,55.443333333333335,55.50816684656371,5.170707904075945,5.199975485556906,5.209070211463896,55.682,55.59290909090908,55.031692171707434,5.194887255897788,5.182958096043223,5.189994029286702,53.410000000000004,54.523666666666664,54.29872426947241,5.157811548006239,5.183868149552133,5.184604669380417,52.291333333333334,53.5170322580645,54.316098735386944,5.172141288608622,5.173084157296871,5.199289630947396,56.049,54.32479234972677,54.920996610723684,5.253535755800383,5.19702265830715,5.284953453306895,8.415842075869817
2025-02-21,sz000901,56.14,56.26,56.26,55.21,175272,197022441.06,1.86,-0.11,-0.06,2.2,5.243712542353056,-0.12112538651164861,55.548,55.72333333333333,55.758777897709145,5.19381904269841,5.22431036498261,5.2206176550936165,55.799,55.698,55.25502086776062,5.183930953778472,5.191835420853271,5.199761031662402,53.672000000000004,54.795095238095236,54.48551243428456,5.164601080114577,5.192049196632781,5.190233990615907,52.41966666666667,53.7730752688172,54.441511720200694,5.168713030327263,5.177701657538448,5.202155625231632,55.925666666666665,54.33171038251367,54.96489836119176,5.247767445824393,5.1967005857351065,5.2836012922920155,8.294515695570038
2025-02-24,sz000901,56.14,56.43,57.25,55.62,201793,229006386.12,2.9,0.3,0.17,2.53,5.304906096915257,0.06119355456220088,55.652,56.01733333333333,55.982518598472765,5.229173418778021,5.261339383054892,5.248713802367497,55.79299999999999,55.81272727272727,55.46865343725869,5.185381369877588,5.213830901423594,5.21887831625383,53.94250000000001,55.05776190476191,54.670701726257455,5.182908643910965,5.2054115791852285,5.2011551435967975,52.656333333333336,54.03180645161291,54.56980128663936,5.167761523389329,5.186488306995738,5.2087846879208985,55.82183333333333,54.34824590163935,55.01293448049694,5.245178611951142,5.198573984131529,5.284299810476384,8.359847593335546
2025-02-25,sz000901,55.79,56.26,57.07,55.27,162023,183594352.4,3.19,-0.3,-0.17,2.03,5.20957666925912,-0.09532942765613672,56.025999999999996,56.22,56.07501239898185,5.243363803375162,5.25480713321526,5.235668091331371,55.834,55.89763636363636,55.612534630484376,5.1927288397604645,5.218230046765693,5.2171871077093375,54.19000000000001,55.2784761904762,54.82206346661389,5.194250404170632,5.207951391123146,5.201957193659876,52.901,54.26430107526881,54.6788463649207,5.171016157946742,5.189186058342176,5.208835783491106,55.7695,54.36261202185793,55.05382187457901,5.240598207678107,5.197406707321956,5.28184987142008,8.263859317610104
2025-02-26,sz000901,56.2,56.84,57.13,55.91,155495,176894658.39,2.17,1.03,0.58,1.95,5.191716428685548,-0.017860240573572383,56.422000000000004,56.49133333333334,56.3300082659879,5.262949933215538,5.237591341652053,5.221017537116097,55.85699999999999,56.08054545454546,55.83571015221449,5.199421703324232,5.2180459720247985,5.212556075159558,54.4785,55.530857142857144,55.01424789836495,5.204110469897522,5.207710060124566,5.200981882709939,53.135999999999996,54.51843010752688,54.81827563170001,5.175097512336397,5.190521559680164,5.207731308987522,55.74516666666667,54.39771038251366,55.11238509180592,5.2350683406589775,5.19580402604351,5.278894676576325,8.247714718908748
2025-02-27,sz000901,56.67,55.91,57.07,54.8,167636,188355853.82,3.99,-1.64,-0.93,2.1,5.224367289487904,0.03265086080235591,56.339999999999996,56.32066666666666,56.1900055106586,5.234855805340176,5.224730460409509,5.222134121240034,55.879999999999995,56.09018181818182,55.84921739726639,5.2027818547080615,5.222581533145467,5.214703568673802,54.77850000000001,55.66719047619048,55.099557622330195,5.213583581080242,5.209639281037936,5.203209064307841,53.349666666666664,54.69739784946236,54.88870946191292,5.177447228196695,5.193700254980261,5.208804598052063,55.719,54.40311475409837,55.1385364002713,5.233585886922137,5.1954531719067525,5.277106893393098,8.274979121976072
2025-02-28,sz000901,55.62,52.82,55.91,52.53,198021,215736325.74,6.05,-5.53,-3.09,2.48,5.296711249355006,0.07234395986710229,55.652,55.147333333333336,55.066670340439074,5.245455546740567,5.245348941747786,5.2469931639450245,55.6,55.53381818181818,55.298450597763406,5.2196372947194885,5.239659604899456,5.2296140560703845,54.900999999999996,55.48066666666667,54.88245689639399,5.207690278982538,5.217556201826009,5.212114034312333,53.437000000000005,54.66322580645161,54.75524433533789,5.1781425216598285,5.201394707958216,5.214475994910318,55.60933333333334,54.30806557377049,55.06251881337715,5.231286529823998,5.197522855920947,5.277749659162341,8.333923277880334
2025-03-03,sz000901,53.11,53.52,54.63,52.59,137926,150261641.4,3.86,1.33,0.7,1.73,5.139646141391116,-0.1570651079638905,55.07000000000001,54.43666666666666,54.55111356029272,5.212403555635738,5.210079139964635,5.2112108230937215,55.361000000000004,55.15563636363637,54.9750959436246,5.22078848720688,5.2251157588397525,5.2132562534014255,55.00599999999999,55.34914285714286,54.752699096737416,5.2079666006502325,5.211075807769684,5.205212330224598,53.6,54.668580645161285,54.67555115241287,5.178896529716698,5.1989110705215245,5.209648262425208,55.521,54.23956284153006,55.01194442605331,5.227041201111114,5.194518253021506,5.2732216749731196,8.176848128594443
2025-03-04,sz000901,53.75,56.2,57.25,53.35,274872,308442658.87,7.29,5.01,2.68,3.44,5.439130502430491,0.2994843610393749,55.05800000000001,54.81333333333334,55.10074237352848,5.258314322270013,5.2856547888962195,5.287184049539311,55.54200000000001,55.308181818181815,55.19780577205649,5.250839062822587,5.2648143070622275,5.254324298679437,55.31750000000001,55.462857142857146,54.89053727800052,5.223491694044777,5.233091417463042,5.2274902513870645,53.831,54.83632258064516,54.773902690966885,5.188931705590331,5.215700359083706,5.224453568232001,55.459833333333336,54.26182513661201,55.050897067822056,5.228235984207325,5.201472000605748,5.278661308660247,8.489174438220166
2025-03-05,sz000901,56.96,59.69,60.68,55.91,571771,665270493.43,8.49,6.21,3.49,7.16,5.757222124335428,0.3180916219049372,55.628,56.357333333333344,56.63049491568566,5.371415461399989,5.451957389584691,5.443863407804684,56.025,56.06236363636364,56.01456835895531,5.3171826973077625,5.356883954610017,5.345760266980526,55.72800000000001,55.87928571428571,55.347628965809996,5.251721500903602,5.2839228870145325,5.277940905953575,54.097,55.21432258064517,55.091070259291605,5.20468322385321,5.252364257067262,5.258825733141899,55.42966666666667,54.40051912568307,55.2029988033033,5.2340549269504075,5.218815808478802,5.294351827206975,8.822998261722455
2025-03-06,sz000901,59.75,60.04,60.45,58.76,451118,537697817.24,2.83,0.59,0.35,5.65,5.654290156170452,-0.10293196816497563,56.45399999999999,57.828,57.76699661045711,5.457400034736499,5.546248954508179,5.51400565725994,56.397000000000006,56.792363636363646,56.74646502096343,5.346127920038338,5.418176219857778,5.401856610469603,56.0395,56.289952380952386,55.79452144525666,5.270507587968063,5.322262758944708,5.313783691688515,54.40566666666667,55.59774193548387,55.41035604901473,5.2205836720169385,5.281371155926436,5.284339566885677,55.4025,54.55167759562842,55.361589006473686,5.238431125400666,5.232594012715524,5.306153083894301,8.730538273481866
2025-03-07,sz000901,60.04,59.4,60.92,58.76,353300,421435763.51,3.6,-1.07,-0.64,4.43,5.548143637434846,-0.10614651873560632,57.77,58.809999999999995,58.31133107363808,5.507686512352467,5.5764968220742945,5.5253849839849085,56.711,57.33836363636364,57.228925926242795,5.3765710295465166,5.454906350293507,5.42845425173601,56.254999999999995,56.61,56.13790035523222,5.280250991662494,5.348704287465354,5.336103686521499,54.684999999999995,55.91995698924731,55.66775243294927,5.235257729925224,5.3025040569211415,5.301359184340463,55.373333333333335,54.6827431693989,55.49399592429422,5.239180218371989,5.242748521306808,5.314087200403827,8.624731387551153
2025-03-10,sz000901,59.29,59.05,59.93,58.76,202407,239380728.38,1.97,-0.59,-0.35,2.54,5.306225527974107,-0.24191810946073922,58.876,59.236666666666665,58.557554049092055,5.541002389669065,5.509343160614841,5.452331831981308,56.973,57.763636363636365,57.56003030328955,5.376702972652401,5.442116259098523,5.406230847415664,56.382999999999996,56.87619047619047,56.415243178543435,5.281042171264994,5.351178052828365,5.333258147612223,54.952666666666666,56.20156989247312,55.88596195340416,5.247506753491445,5.307082624537198,5.301673141994247,55.316,54.80328961748635,55.61058622185834,5.236742779425171,5.244946728179009,5.313829440652032,8.379089184102494
2025-03-11,sz000901,58.3,59.52,60.16,58.06,191993,226868737.87,3.56,0.8,0.47,2.41,5.283285394761922,-0.022940133212184577,59.54,59.45133333333333,58.87836936606138,5.509833368135351,5.423437495645794,5.395983019574846,57.299,58.22672727272726,57.91638842996417,5.384073845202682,5.425131244936619,5.383877128751347,56.566500000000005,57.17495238095239,56.71093430439644,5.288401342481573,5.351391693161406,5.328498837816955,55.226333333333336,56.49623655913979,56.120416020926484,5.257524884514649,5.309390923974004,5.300486835721194,55.273333333333326,54.94112568306011,55.738763722781016,5.235282141178917,5.246472715567099,5.312827996524488,8.355774654959637
2025-03-12,sz000901,59.93,59.58,60.57,59.11,206680,246196543.48,2.45,0.1,0.06,2.59,5.315298452873624,0.032013058111702186,59.51800000000001,59.464666666666666,59.112246244040925,5.42144863384299,5.358592523891885,5.369088164007772,57.573,58.64145454545456,58.21886326087977,5.39643204762149,5.412626628149516,5.371408278591761,56.714999999999996,57.46195238095238,56.98417865635869,5.297926875472861,5.353953322722553,5.327241658298543,55.51,56.777118279569905,56.343614987318325,5.2682176624721775,5.313118250964904,5.301442423924577,55.24716666666667,55.08232786885247,55.86470589580458,5.234470025445971,5.2490962011964335,5.312908995093312,8.39128195128376
2025-03-13,sz000901,59.4,58.47,59.64,57.13,190946,222083566.82,4.21,-1.86,-1.11,2.39,5.280910565060093,-0.03438788781353086,59.20399999999999,59.11533333333333,58.89816416269396,5.346772715620919,5.311746500964253,5.339695631025213,57.82900000000001,58.804545454545455,58.26452448617436,5.402086375178708,5.391622722229263,5.354954148858731,56.85450000000001,57.62909523809524,57.1256854509912,5.302434114943385,5.352332721730861,5.3228291732282145,55.79533333333334,56.96808602150538,56.48080111716876,5.27641784577973,5.31393714790606,5.300117787868804,55.188833333333335,55.18799453551913,55.950125374630666,5.231506846711123,5.25061884183952,5.311859866239764,8.346516423908966
2025-03-14,sz000901,58.47,58.7,59.0,56.96,172156,200531327.17,3.49,0.39,0.23,2.16,5.235922163383897,-0.04498840167619633,59.064,58.94733333333333,58.83210944179598,5.284328420810729,5.274796316885245,5.305104475144775,58.416999999999994,58.96290909090909,58.34370185232447,5.396007466581597,5.361411047357478,5.333311969681488,57.008500000000005,57.804857142857145,57.27562016994442,5.307822380650543,5.345998250153768,5.314552315147804,56.073,57.15548387096776,56.62397523864175,5.270462674848892,5.311324523235362,5.295976134676231,55.114999999999995,55.30311475409836,56.040285198413265,5.228396922508103,5.2507636063205965,5.309370105490391,8.302182228099843
2025-03-17,sz000901,58.94,58.53,59.52,58.3,153123,179775813.23,2.08,-0.29,-0.17,1.92,5.18504042925384,-0.0508817341300567,58.96,58.769333333333336,58.73140629453066,5.260091401066676,5.241700319699616,5.2650831265144635,58.91799999999999,58.98345454545455,58.37757424281093,5.400546895367869,5.323053404206976,5.306353507785552,57.1395,57.9497619047619,57.395084915664,5.310667691287375,5.3343047309731295,5.30221784982457,56.309999999999995,57.31400000000001,56.74694457808422,5.272160032222777,5.3058134106163255,5.288818992390915,55.037333333333336,55.41508196721311,56.12191519190791,5.224945892186475,5.249342081951603,5.305293722662963,8.25473126199497
2025-03-18,sz000901,58.59,58.3,58.88,58.12,110488,129059008.9,1.3,-0.39,-0.23,1.38,5.043315112258392,-0.14172531699544866,58.715999999999994,58.54933333333334,58.58760419635377,5.212097344565969,5.1694415567635215,5.1911604550957735,59.128,58.87109090909091,58.363469835027125,5.360965356350659,5.258102170914344,5.258528344962432,57.335,58.06028571428571,57.48126730464838,5.305902209586624,5.308842580589418,5.277560446246838,56.58766666666667,57.44238709677419,56.84714170207879,5.269316248146739,5.291049222231526,5.272980032382366,54.980166666666676,55.522054644808755,56.193327808566664,5.218437886941575,5.243386974412976,5.296704260026748,8.110788325648576
2025-03-19,sz000901,58.47,59.75,61.56,58.12,296088,353716752.55,5.9,2.49,1.45,3.71,5.471420806445735,0.42810569418734357,58.75,58.894000000000005,58.97506946423585,5.2433218152803915,5.255882710723443,5.284580572212428,59.134,58.98418181818182,58.61556622865855,5.3323852245616905,5.278184980022539,5.2972360652321235,57.579499999999996,58.29028571428571,57.697337085158054,5.3247839609347265,5.3246062564807595,5.296023337694352,56.86333333333334,57.646408602150544,57.03442288258983,5.278609408789632,5.304088225992752,5.2857826629671,54.974333333333334,55.67844262295081,56.30994001156448,5.221890205298601,5.2516814963639336,5.302432671384747,8.54865562913262
2025-03-20,sz000901,59.34,60.22,61.15,59.29,248886,299026522.25,3.11,0.79,0.47,3.12,5.396000467947489,-0.07542033849824659,59.1,59.384,59.39004630949057,5.266339795857871,5.306775594945809,5.321720537457448,59.15200000000001,59.18163636363636,58.90728145981154,5.306556255739395,5.289751387910868,5.3151932293621895,57.7745,58.5417619047619,57.937590696095384,5.326342087888866,5.331388780958166,5.305544969147032,57.077,57.86296774193549,57.239943986938876,5.282523810558507,5.311661842712613,5.292893489094868,55.0045,55.85043169398907,56.4381386997099,5.222019431603013,5.257390029565536,5.305500467993361,8.475709709916371
2025-03-21,sz000901,59.93,59.17,60.57,59.05,206401,246095907.42,2.52,-1.74,-1.05,2.59,5.314711797090008,-0.08128867085748048,59.193999999999996,59.407333333333334,59.31669753966038,5.282097722599093,5.322899595356521,5.319384290668301,59.129,59.184909090909095,58.95504846711853,5.28321307170491,5.291234213610979,5.315105696221792,57.919999999999995,58.67466666666667,58.054963010752964,5.329892050625714,5.330281134215418,5.306418000379697,57.212999999999994,57.99799999999999,57.364463729717016,5.281238351676634,5.313738487004969,5.294301121868748,54.98116666666667,55.98700546448087,56.52770792267023,5.222002723071177,5.260429123515929,5.305802478783415,8.391104391436693
2025-03-24,sz000901,58.76,56.61,59.0,54.98,243152,276702166.23,6.79,-4.33,-2.56,3.05,5.385877846124601,0.07116604903459312,58.81,58.54600000000001,58.414465026440254,5.322265205973245,5.357492969865024,5.3415488091537355,58.885000000000005,58.72690909090909,58.52867601855152,5.291178303519961,5.30990053623274,5.327973359840485,57.928999999999995,58.54990476190476,57.91734748591934,5.333940638086181,5.335613114739123,5.313985604736354,57.217,57.95909677419355,57.31578865038044,5.28442088201665,5.320489422130644,5.30020929762719,54.92483333333334,56.04040983606557,56.530406023566286,5.225941185465024,5.2658020783701405,5.308427900663453,8.442012559133916
2025-03-25,sz000901,56.49,57.01,58.18,56.08,160819,184667179.86,3.71,0.71,0.4,2.01,5.206337357271224,-0.1795404888533776,58.552,57.946000000000005,57.946310017626836,5.354869654975812,5.318850353631017,5.296478325192899,58.634,58.386,58.25255310608761,5.28348349977089,5.294474909642062,5.3058577230097095,57.966499999999996,58.462380952380954,57.830933439641306,5.333778672486786,5.323460421328173,5.303733390692056,57.25566666666667,57.945741935483866,57.2960603503559,5.286762061578012,5.315451775372874,5.2941530434106765,54.87033333333333,56.10877595628416,56.546130416236245,5.227187192003795,5.26515932990477,5.30508066973256,8.266389716922431
2025-03-26,sz000901,56.84,57.25,58.24,56.55,115426,132874891.99,2.96,0.42,0.24,1.45,5.062303645775491,-0.14403371149573285,58.052,57.51199999999999,57.714206678417895,5.273046222841763,5.221328350564244,5.21842009872043,58.400999999999996,58.13436363636363,58.070270723162594,5.258184019061077,5.254260390733807,5.261575163512578,57.987,58.39414285714286,57.77560644538975,5.327308033341283,5.297605656879479,5.280740081652382,57.277,57.94537634408602,57.29308871484908,5.284679256668933,5.3009705872565815,5.279195017756793,54.87716666666667,56.18679781420765,56.56920810750718,5.223277949980875,5.259753311995645,5.297120767307738,8.123442924506586
2025-03-27,sz000901,57.13,56.37,57.31,55.21,129261,146378642.01,3.67,-1.54,-0.88,1.62,5.1114675114257535,0.04916386565026265,57.282000000000004,56.95133333333333,57.26613778561193,5.216139631537415,5.167468780092241,5.1827692362888715,58.190999999999995,57.7650909090909,57.76113059167848,5.241239713697643,5.227584662072839,5.2342828631331555,58.00999999999999,58.24014285714286,57.64173916487644,5.321663044438176,5.277049416697047,5.264618884487941,57.3,57.886860215053765,57.23353460421366,5.282035981194805,5.28979563595057,5.268373888316081,54.8635,56.23574316939891,56.56267669414628,5.223953305797189,5.256087395977443,5.2910337753116075,8.1654777137861
2025-03-28,sz000901,56.2,55.27,56.9,55.21,100918,113293836.2,3.0,-1.95,-1.1,1.26,5.0039686350523285,-0.10749887637342503,56.501999999999995,56.28066666666667,56.60075852374129,5.15399099912988,5.096745114597212,5.123169035876691,57.848,57.233999999999995,57.30819775682785,5.218044360864487,5.184444465955508,5.192407548936641,58.13250000000001,57.97919047619048,57.41585924441202,5.307025913723042,5.246792806279347,5.239795051208358,57.288333333333334,57.75589247311827,57.10685495232891,5.2778963740551905,5.271855807167184,5.25131548487971,54.846,56.24907103825136,56.52029385171525,5.222476620163672,5.248874783821874,5.281621803499828,8.054206282527606
2025-03-31,sz000901,54.92,54.68,55.38,53.69,149625,164618012.21,3.06,-1.07,-0.59,1.87,5.175004163414467,0.17103552836213876,56.116,55.67333333333333,55.9605056824942,5.111816262587853,5.103749502692074,5.140447411722617,57.463,56.657999999999994,56.83034361922279,5.217040734280549,5.176618975510051,5.189243297023519,58.1905,57.65038095238095,57.155301221134685,5.3087938148242095,5.234219306249959,5.233624490466084,57.24733333333333,57.58761290322581,56.95028366508189,5.279458705618434,5.265217600029074,5.246392173817437,54.812000000000005,56.243628415300556,56.459956348380324,5.225482718809695,5.2473183098300975,5.2781261431691595,8.216477353205695
